{"type":"FeatureCollection","features":[{"type":"Feature","id":"SOCHUN:41550:40800004155020180052UJC1000142001","properties":{"MNUM":"40800004155020180052UJC1000142001","admin_code":"41550","sgg_code":"41550","source_layer":"LSMD_CONT_UJ301","semantic":"sochun","stream_name":"산박골천","alias_raw":"산박골천 하천구역","notified_on":"2018-01-30"},"geometry":{"type":"Polygon","coordinates":[[[127.441049,37.048881],[127.441147,37.048758],[127.441323,37.048689],[127.441757,37.048764],[127.441968,37.048861],[127.442105,37.048849],[127.442163,37.048807],[127.44223,37.048693],[127.442284,37.048414],[127.442391,37.048179],[127.442779,37.047606],[127.442747,37.047201],[127.442617,37.047036],[127.442596,37.046936],[127.442602,37.046736],[127.442739,37.04647],[127.44272,37.046407],[127.443214,37.045993],[127.443325,37.045752],[127.443515,37.045614],[127.443605,37.045609],[127.443886,37.045717],[127.444039,37.045692],[127.444123,37.045625],[127.444155,37.045534],[127.444337,37.045449],[127.444452,37.045237],[127.444581,37.045117],[127.444696,37.045119],[127.445081,37.045291],[127.445347,37.045286],[127.4458,37.045374],[127.445905,37.045369],[127.446262,37.045216],[127.447166,37.044967],[127.447475,37.044744],[127.448059,37.044799],[127.448389,37.044745],[127.448804,37.044752],[127.448796,37.044694],[127.448039,37.044704],[127.44735,37.044672],[127.447262,37.044707],[127.447106,37.04489],[127.445862,37.045323],[127.445288,37.045239],[127.445091,37.045248],[127.444754,37.045089],[127.444574,37.045052],[127.444256,37.045428],[127.444127,37.045505],[127.444012,37.045635],[127.443939,37.045649],[127.443659,37.045577],[127.443421,37.045607],[127.443264,37.045752],[127.443155,37.045983],[127.442692,37.046364],[127.442679,37.046477],[127.442567,37.046637],[127.44252,37.046802],[127.442529,37.046963],[127.442666,37.047213],[127.442728,37.047545],[127.442492,37.047921],[127.44238,37.048036],[127.442213,37.04834],[127.442212,37.048589],[127.442156,37.048742],[127.442125,37.048777],[127.442032,37.048782],[127.441788,37.04867],[127.44152,37.048712],[127.441253,37.04865],[127.441159,37.048689],[127.440984,37.048832],[127.441049,37.048881]]]}},{"type":"Feature","id":"SOCHUN:41550:40800004155020180052UJC2000154006","properties":{"MNUM":"40800004155020180052UJC2000154006","admin_code":"41550","sgg_code":"41550","source_layer":"LSMD_CONT_UJ301","semantic":"sochun","stream_name":"니미리천","alias_raw":"니미리천 예정지","notified_on":"2018-01-30"},"geometry":{"type":"Polygon","coordinates":[[[127.43138,37.03482],[127.431475,37.034782],[127.431336,37.034701],[127.43124,37.034738],[127.43138,37.03482]]]}},{"type":"Feature","id":"SOCHUN:41550:40800004155020180052UJC2000151002","properties":{"MNUM":"40800004155020180052UJC2000151002","admin_code":"41550","sgg_code":"41550","source_layer":"LSMD_CONT_UJ301","semantic":"sochun","stream_name":"매산천","alias_raw":"매산천 예정지","notified_on":"2018-01-30"},"geometry":{"type":"Polygon","coordinates":[[[127.433615,37.100993],[127.433616,37.100923],[127.433153,37.100835],[127.433124,37.100117],[127.433027,37.099905],[127.432999,37.099916],[127.432461,37.099317],[127.43208,37.099208],[127.431579,37.098979],[127.431392,37.098818],[127.431077,37.098711],[127.431046,37.098748],[127.431316,37.098846],[127.431543,37.099027],[127.431691,37.099097],[127.431795,37.099108],[127.432097,37.099245],[127.432453,37.099358],[127.432948,37.099912],[127.43305,37.100142],[127.433084,37.100873],[127.433149,37.100911],[127.433615,37.100993]]]}},{"type":"Feature","id":"SOCHUN:41550:40800004155020180052UJC2000038001","properties":{"MNUM":"40800004155020180052UJC2000038001","admin_code":"41550","sgg_code":"41550","source_layer":"LSMD_CONT_UJ301","semantic":"sochun","stream_name":"새터천","alias_raw":"새터천 예정지","notified_on":"2018-01-30"},"geometry":{"type":"Polygon","coordinates":[[[127.33537,36.956038],[127.335392,36.955997],[127.335353,36.955958],[127.335337,36.956006],[127.33537,36.956038]]]}},{"type":"Feature","id":"SOCHUN:41550:40800004155020180052UJC1000158001","properties":{"MNUM":"40800004155020180052UJC1000158001","admin_code":"41550","sgg_code":"41550","source_layer":"LSMD_CONT_UJ301","semantic":"sochun","stream_name":"칠장천","alias_raw":"칠장천 하천구역","notified_on":"2018-01-30"},"geometry":{"type":"Polygon","coordinates":[[[127.399986,37.025545],[127.4003,37.025383],[127.400466,37.025019],[127.400461,37.024688],[127.400602,37.024344],[127.400435,37.023754],[127.40055,37.023339],[127.400509,37.023003],[127.400454,37.022967],[127.400448,37.022921],[127.400775,37.022311],[127.400834,37.02203],[127.400883,37.021967],[127.401138,37.021873],[127.401185,37.021822],[127.401211,37.021612],[127.401385,37.021498],[127.401694,37.021522],[127.40212,37.021664],[127.402844,37.022082],[127.403158,37.022155],[127.40335,37.022161],[127.403617,37.022121],[127.404221,37.021985],[127.404422,37.021826],[127.404627,37.02173],[127.404754,37.021691],[127.404964,37.021681],[127.405263,37.021884],[127.405511,37.021949],[127.406228,37.02192],[127.40645,37.022086],[127.406852,37.022316],[127.406878,37.02229],[127.40705,37.02232],[127.407662,37.022168],[127.408061,37.022013],[127.408095,37.021772],[127.40833,37.021349],[127.408452,37.020925],[127.408884,37.020594],[127.409185,37.020302],[127.409276,37.020285],[127.409302,37.02035],[127.409612,37.020513],[127.409846,37.020572],[127.410022,37.020533],[127.410129,37.020459],[127.410293,37.02021],[127.41052,37.020154],[127.410714,37.020159],[127.411017,37.020265],[127.411424,37.020235],[127.411903,37.020353],[127.411943,37.020299],[127.411761,37.020237],[127.411586,37.020079],[127.411507,37.020058],[127.411385,37.020059],[127.411059,37.020128],[127.410624,37.02003],[127.410497,37.020035],[127.41021,37.020155],[127.410072,37.020383],[127.409863,37.020506],[127.409681,37.020452],[127.409367,37.020247],[127.409123,37.020256],[127.408675,37.020666],[127.40859,37.02069],[127.408416,37.020822],[127.408184,37.021255],[127.408133,37.021422],[127.407953,37.021647],[127.407887,37.022013],[127.407638,37.022121],[127.407207,37.022195],[127.407163,37.022227],[127.406979,37.022234],[127.406832,37.022199],[127.406441,37.021946],[127.40638,37.021861],[127.406281,37.021818],[127.405346,37.021851],[127.405257,37.021727],[127.404994,37.021632],[127.404813,37.021626],[127.404633,37.021662],[127.403967,37.021915],[127.4038,37.021929],[127.403443,37.022098],[127.40339,37.022038],[127.403141,37.02206],[127.402929,37.021975],[127.401935,37.02149],[127.401445,37.021444],[127.401083,37.021542],[127.401012,37.021653],[127.401078,37.021694],[127.401094,37.021764],[127.401012,37.021845],[127.400815,37.021887],[127.400746,37.022027],[127.400709,37.02223],[127.400542,37.022523],[127.400496,37.02273],[127.400404,37.022946],[127.400372,37.022955],[127.400458,37.023337],[127.400396,37.023458],[127.400333,37.023759],[127.400512,37.024278],[127.400475,37.024495],[127.400395,37.024631],[127.400427,37.02478],[127.400417,37.025006],[127.400311,37.025122],[127.400234,37.025365],[127.399942,37.025485],[127.399986,37.025545]]]}},{"type":"Feature","id":"SOCHUN:41550:40800004155020180052UJC2000118020","properties":{"MNUM":"40800004155020180052UJC2000118020","admin_code":"41550","sgg_code":"41550","source_layer":"LSMD_CONT_UJ301","semantic":"sochun","stream_name":"국동천","alias_raw":"국동천 예정지","notified_on":"2018-01-30"},"geometry":{"type":"Polygon","coordinates":[[[127.494163,37.100375],[127.494611,37.100013],[127.494684,37.099998],[127.495095,37.09962],[127.495243,37.099522],[127.495281,37.09944],[127.495624,37.099193],[127.49592,37.099077],[127.496515,37.098927],[127.496898,37.098527],[127.496754,37.098506],[127.496392,37.098862],[127.495755,37.099073],[127.495399,37.099262],[127.495228,37.099388],[127.494163,37.100375]]]}},{"type":"Feature","id":"SOCHUN:41550:40800004155020180052UJC2000119004","properties":{"MNUM":"40800004155020180052UJC2000119004","admin_code":"41550","sgg_code":"41550","source_layer":"LSMD_CONT_UJ301","semantic":"sochun","stream_name":"상가1천","alias_raw":"상가1천 예정지","notified_on":"2018-01-30"},"geometry":{"type":"Polygon","coordinates":[[[127.490866,37.083912],[127.494388,37.081811],[127.494442,37.081828],[127.494517,37.081783],[127.49447,37.081733],[127.490866,37.083912]]]}},{"type":"Feature","id":"SOCHUN:41550:40800004155020180052UJC2000151004","properties":{"MNUM":"40800004155020180052UJC2000151004","admin_code":"41550","sgg_code":"41550","source_layer":"LSMD_CONT_UJ301","semantic":"sochun","stream_name":"매산천","alias_raw":"매산천 예정지","notified_on":"2018-01-30"},"geometry":{"type":"Polygon","coordinates":[[[127.4385,37.105667],[127.43854,37.105657],[127.434916,37.102346],[127.434846,37.102299],[127.434242,37.102137],[127.433996,37.102043],[127.433712,37.101925],[127.433738,37.101893],[127.433688,37.101872],[127.433649,37.101802],[127.433581,37.101812],[127.433617,37.101891],[127.43371,37.101964],[127.434215,37.102173],[127.434867,37.102362],[127.4385,37.105667]]]}},{"type":"Feature","id":"SOCHUN:41550:40800004155020180052UJC1000046001","properties":{"MNUM":"40800004155020180052UJC1000046001","admin_code":"41550","sgg_code":"41550","source_layer":"LSMD_CONT_UJ301","semantic":"sochun","stream_name":"동막천","alias_raw":"동막천 하천구역","notified_on":"2018-01-30"},"geometry":{"type":"Polygon","coordinates":[[[127.362579,36.999593],[127.362889,36.999215],[127.363019,36.999156],[127.36322,36.999147],[127.363333,36.99909],[127.36337,36.998985],[127.363342,36.998721],[127.363663,36.997915],[127.363674,36.99776],[127.363616,36.997568],[127.36364,36.997353],[127.36376,36.997213],[127.363942,36.996903],[127.364192,36.996757],[127.364227,36.996625],[127.364167,36.996489],[127.364266,36.996333],[127.364669,36.996268],[127.364707,36.996234],[127.364669,36.996088],[127.364783,36.995888],[127.364795,36.995626],[127.364728,36.995427],[127.364756,36.995087],[127.364842,36.994762],[127.364671,36.994433],[127.364598,36.994186],[127.364769,36.994198],[127.364583,36.993684],[127.364747,36.993018],[127.364848,36.992935],[127.364747,36.992836],[127.364822,36.992749],[127.364834,36.992648],[127.364751,36.99246],[127.364438,36.99222],[127.3644,36.992063],[127.364051,36.991749],[127.364091,36.991535],[127.364056,36.991342],[127.363999,36.99117],[127.363868,36.991001],[127.363903,36.990949],[127.364137,36.990914],[127.364334,36.990813],[127.364403,36.990806],[127.364388,36.990674],[127.364271,36.990686],[127.364102,36.990778],[127.364001,36.990783],[127.363962,36.990758],[127.36396,36.99069],[127.36382,36.9907],[127.363821,36.990775],[127.363709,36.990906],[127.363675,36.990914],[127.363437,36.990799],[127.363354,36.990912],[127.36365,36.991028],[127.363734,36.99122],[127.363844,36.991334],[127.363908,36.99154],[127.363819,36.991743],[127.363825,36.991826],[127.36406,36.991995],[127.364227,36.992162],[127.364218,36.9922],[127.364267,36.992258],[127.364579,36.992546],[127.364622,36.992677],[127.364505,36.99287],[127.364554,36.993004],[127.364548,36.993142],[127.364505,36.993312],[127.364526,36.993464],[127.364449,36.993688],[127.364503,36.994175],[127.364569,36.994182],[127.36458,36.994398],[127.364739,36.994724],[127.364681,36.995032],[127.364656,36.995026],[127.364609,36.995181],[127.364533,36.995213],[127.36452,36.995308],[127.364647,36.995618],[127.364655,36.995726],[127.36443,36.995869],[127.364309,36.996056],[127.364369,36.996132],[127.364166,36.996219],[127.364014,36.996391],[127.363984,36.99648],[127.364048,36.996657],[127.364016,36.996701],[127.363818,36.996801],[127.36337,36.997438],[127.36334,36.997519],[127.363374,36.997576],[127.363421,36.997589],[127.363496,36.997773],[127.363478,36.997933],[127.363176,36.998612],[127.363139,36.998977],[127.362853,36.999038],[127.362676,36.999196],[127.362443,36.999522],[127.362579,36.999593]]]}},{"type":"Feature","id":"SOCHUN:41550:40800004155020180052UJC1000172001","properties":{"MNUM":"40800004155020180052UJC1000172001","admin_code":"41550","sgg_code":"41550","source_layer":"LSMD_CONT_UJ301","semantic":"sochun","stream_name":"배태1천","alias_raw":"배태1천 하천구역","notified_on":"2018-01-30"},"geometry":{"type":"Polygon","coordinates":[[[127.354024,37.083682],[127.354244,37.083668],[127.354544,37.083593],[127.354585,37.083616],[127.35469,37.083516],[127.354497,37.083521],[127.354194,37.083609],[127.354036,37.083626],[127.353637,37.08347],[127.353477,37.083441],[127.353412,37.083384],[127.353207,37.083006],[127.353048,37.082924],[127.352628,37.082989],[127.352319,37.082923],[127.351974,37.082901],[127.351551,37.082979],[127.351134,37.082888],[127.350726,37.082955],[127.350259,37.082964],[127.350124,37.083005],[127.349945,37.083115],[127.349647,37.083177],[127.349647,37.083255],[127.34994,37.083232],[127.35017,37.083074],[127.350484,37.083008],[127.351163,37.082987],[127.351586,37.083079],[127.352008,37.082973],[127.352227,37.082975],[127.352669,37.083058],[127.353054,37.082996],[127.353138,37.08305],[127.353333,37.083418],[127.353431,37.083506],[127.354024,37.083682]]]}},{"type":"Feature","id":"SOCHUN:41550:40800004155020180052UJC2000151001","properties":{"MNUM":"40800004155020180052UJC2000151001","admin_code":"41550","sgg_code":"41550","source_layer":"LSMD_CONT_UJ301","semantic":"sochun","stream_name":"매산천","alias_raw":"매산천 예정지","notified_on":"2018-01-30"},"geometry":{"type":"Polygon","coordinates":[[[127.43133,37.098672],[127.431353,37.098632],[127.431011,37.098505],[127.430899,37.098413],[127.430753,37.09809],[127.430786,37.098053],[127.430738,37.098022],[127.430682,37.098099],[127.430871,37.098466],[127.431046,37.098588],[127.43133,37.098672]]]}},{"type":"Feature","id":"SOCHUN:41550:40800004155020180052UJC2000154009","properties":{"MNUM":"40800004155020180052UJC2000154009","admin_code":"41550","sgg_code":"41550","source_layer":"LSMD_CONT_UJ301","semantic":"sochun","stream_name":"니미리천","alias_raw":"니미리천 예정지","notified_on":"2018-01-30"},"geometry":{"type":"Polygon","coordinates":[[[127.433078,37.034654],[127.433144,37.034621],[127.433629,37.034555],[127.43413,37.034634],[127.434822,37.034509],[127.435408,37.034532],[127.43541,37.034479],[127.434859,37.034441],[127.434029,37.03456],[127.433585,37.034494],[127.433208,37.034542],[127.433051,37.034625],[127.433078,37.034654]]]}},{"type":"Feature","id":"SOCHUN:41550:40800004155020180052UJC2000154005","properties":{"MNUM":"40800004155020180052UJC2000154005","admin_code":"41550","sgg_code":"41550","source_layer":"LSMD_CONT_UJ301","semantic":"sochun","stream_name":"니미리천","alias_raw":"니미리천 예정지","notified_on":"2018-01-30"},"geometry":{"type":"Polygon","coordinates":[[[127.429413,37.034965],[127.429637,37.034824],[127.430138,37.034742],[127.430616,37.03457],[127.430708,37.034565],[127.430955,37.034624],[127.431002,37.034595],[127.430931,37.034549],[127.430677,37.034506],[127.430576,37.034519],[127.43011,37.034692],[127.429602,37.034771],[127.429375,37.034929],[127.429413,37.034965]]]}},{"type":"Feature","id":"SOCHUN:41550:40800004155020180052UJC1000146001","properties":{"MNUM":"40800004155020180052UJC1000146001","admin_code":"41550","sgg_code":"41550","source_layer":"LSMD_CONT_UJ301","semantic":"sochun","stream_name":"윗말천","alias_raw":"윗말천 하천구역","notified_on":"2018-01-30"},"geometry":{"type":"Polygon","coordinates":[[[127.413388,37.06657],[127.413454,37.066481],[127.413462,37.06293],[127.413533,37.062409],[127.41359,37.062305],[127.413533,37.062216],[127.413601,37.061748],[127.413741,37.061534],[127.414012,37.061267],[127.41442,37.06114],[127.414612,37.061026],[127.414672,37.060934],[127.415106,37.060882],[127.415556,37.061175],[127.415995,37.061015],[127.416075,37.060942],[127.416055,37.06093],[127.416172,37.060866],[127.415524,37.061001],[127.415421,37.060979],[127.415198,37.060828],[127.415089,37.06079],[127.41467,37.06089],[127.414626,37.060951],[127.414581,37.060932],[127.414456,37.061039],[127.414069,37.061152],[127.414,37.061181],[127.414014,37.061214],[127.41398,37.061237],[127.413971,37.061219],[127.413898,37.061246],[127.413554,37.061699],[127.41339,37.062525],[127.41337,37.063],[127.413341,37.063048],[127.41334,37.063872],[127.413304,37.063901],[127.413306,37.066449],[127.413383,37.066454],[127.413388,37.06657]]]}},{"type":"Feature","id":"SOCHUN:41550:40800004155020180052UJC2000118005","properties":{"MNUM":"40800004155020180052UJC2000118005","admin_code":"41550","sgg_code":"41550","source_layer":"LSMD_CONT_UJ301","semantic":"sochun","stream_name":"국동천","alias_raw":"국동천 예정지","notified_on":"2018-01-30"},"geometry":{"type":"Polygon","coordinates":[[[127.494813,37.110767],[127.49487,37.110679],[127.494926,37.110542],[127.494982,37.11039],[127.49501,37.1103],[127.494981,37.110358],[127.494876,37.110619],[127.494845,37.11069],[127.494813,37.110767]]]}},{"type":"Feature","id":"SOCHUN:41550:40800004155020180052UJC2000122007","properties":{"MNUM":"40800004155020180052UJC2000122007","admin_code":"41550","sgg_code":"41550","source_layer":"LSMD_CONT_UJ301","semantic":"sochun","stream_name":"판교천","alias_raw":"판교천 예정지","notified_on":"2018-01-30"},"geometry":{"type":"Polygon","coordinates":[[[127.477166,37.089042],[127.477355,37.089017],[127.477422,37.088938],[127.477443,37.088565],[127.477415,37.08847],[127.477378,37.088928],[127.477323,37.089],[127.477166,37.089042]]]}},{"type":"Feature","id":"SOCHUN:41550:40800004155020180052UJC1000125001","properties":{"MNUM":"40800004155020180052UJC1000125001","admin_code":"41550","sgg_code":"41550","source_layer":"LSMD_CONT_UJ301","semantic":"sochun","stream_name":"화곡천","alias_raw":"화곡천 하천구역","notified_on":"2018-01-30"},"geometry":{"type":"Polygon","coordinates":[[[127.459143,37.12031],[127.459188,37.120284],[127.459183,37.120235],[127.459233,37.120204],[127.459232,37.120124],[127.459258,37.120124],[127.459318,37.119347],[127.459415,37.118973],[127.459582,37.118647],[127.459671,37.118552],[127.460019,37.118428],[127.460547,37.117731],[127.461065,37.117236],[127.461318,37.117238],[127.461739,37.117103],[127.461835,37.117114],[127.462377,37.117487],[127.462484,37.117506],[127.462562,37.117644],[127.462802,37.117888],[127.462963,37.117995],[127.463127,37.117961],[127.463763,37.117691],[127.463775,37.117652],[127.463665,37.117589],[127.463458,37.117712],[127.463015,37.117894],[127.462656,37.117624],[127.462472,37.117398],[127.461874,37.117007],[127.461759,37.117017],[127.461309,37.117203],[127.461004,37.117199],[127.460673,37.117559],[127.460444,37.117722],[127.460051,37.118313],[127.459622,37.118511],[127.459492,37.118629],[127.459211,37.119394],[127.459155,37.119852],[127.459157,37.120179],[127.459116,37.120267],[127.459139,37.120259],[127.459143,37.12031]]]}},{"type":"Feature","id":"SOCHUN:41550:40800004155020180052UJC2000125002","properties":{"MNUM":"40800004155020180052UJC2000125002","admin_code":"41550","sgg_code":"41550","source_layer":"LSMD_CONT_UJ301","semantic":"sochun","stream_name":"화곡천","alias_raw":"화곡천 예정지","notified_on":"2018-01-30"},"geometry":{"type":"Polygon","coordinates":[[[127.459386,37.119356],[127.459448,37.119085],[127.459672,37.118613],[127.460043,37.118467],[127.460135,37.1184],[127.460482,37.117909],[127.460925,37.117465],[127.460873,37.117437],[127.460547,37.117731],[127.460019,37.118428],[127.459671,37.118552],[127.459582,37.118647],[127.459415,37.118973],[127.459318,37.119347],[127.459386,37.119356]]]}},{"type":"Feature","id":"SOCHUN:41550:40800004155020180052UJC2000124003","properties":{"MNUM":"40800004155020180052UJC2000124003","admin_code":"41550","sgg_code":"41550","source_layer":"LSMD_CONT_UJ301","semantic":"sochun","stream_name":"어리실천","alias_raw":"어리실천 예정지","notified_on":"2018-01-30"},"geometry":{"type":"Polygon","coordinates":[[[127.464154,37.109012],[127.464193,37.108999],[127.464245,37.108934],[127.464154,37.109012]]]}},{"type":"Feature","id":"SOCHUN:41550:40800004155020180052UJC2000135001","properties":{"MNUM":"40800004155020180052UJC2000135001","admin_code":"41550","sgg_code":"41550","source_layer":"LSMD_CONT_UJ301","semantic":"sochun","stream_name":"큰재천","alias_raw":"큰재천 예정지","notified_on":"2018-01-30"},"geometry":{"type":"Polygon","coordinates":[[[127.432003,37.130787],[127.432239,37.130514],[127.43232,37.130347],[127.432431,37.130255],[127.432585,37.130043],[127.432846,37.129903],[127.433265,37.129824],[127.433408,37.129725],[127.433517,37.129258],[127.433797,37.128874],[127.433849,37.128446],[127.434273,37.12805],[127.434652,37.127803],[127.434925,37.127704],[127.435408,37.127462],[127.435393,37.127397],[127.434895,37.12766],[127.434639,37.127757],[127.434164,37.128062],[127.434039,37.128208],[127.433839,37.128353],[127.433736,37.128597],[127.433725,37.128829],[127.433495,37.129173],[127.433418,37.129391],[127.433391,37.12964],[127.433343,37.129706],[127.433204,37.129783],[127.432896,37.12982],[127.432528,37.129996],[127.432374,37.130242],[127.432232,37.130349],[127.432209,37.130417],[127.432234,37.130434],[127.43196,37.130763],[127.432003,37.130787]]]}},{"type":"Feature","id":"SOCHUN:41550:40800004155020180052UJC1000037001","properties":{"MNUM":"40800004155020180052UJC1000037001","admin_code":"41550","sgg_code":"41550","source_layer":"LSMD_CONT_UJ301","semantic":"sochun","stream_name":"복거천","alias_raw":"복거천 하천구역","notified_on":"2018-01-30"},"geometry":{"type":"Polygon","coordinates":[[[127.328594,37.008624],[127.328952,37.008597],[127.329348,37.008476],[127.329542,37.008472],[127.329732,37.008533],[127.329856,37.008539],[127.32995,37.008489],[127.329915,37.008459],[127.329856,37.008504],[127.329773,37.00851],[127.329539,37.00844],[127.329339,37.008436],[127.328884,37.008559],[127.328505,37.008573],[127.328329,37.008549],[127.328087,37.008394],[127.327896,37.008196],[127.327924,37.008175],[127.32774,37.008032],[127.327098,37.007952],[127.326971,37.007653],[127.326842,37.007507],[127.326678,37.007498],[127.326477,37.007563],[127.326122,37.007619],[127.325793,37.00759],[127.325722,37.007528],[127.325672,37.00733],[127.325548,37.007161],[127.325353,37.007045],[127.325,37.00694],[127.324508,37.006936],[127.324174,37.006815],[127.323983,37.006811],[127.323822,37.006854],[127.32365,37.006956],[127.323387,37.007211],[127.323242,37.007241],[127.322896,37.00715],[127.322637,37.007165],[127.322457,37.007142],[127.321819,37.006931],[127.321386,37.006843],[127.320902,37.006606],[127.320666,37.006415],[127.320576,37.006269],[127.320137,37.005882],[127.320155,37.005625],[127.319953,37.005003],[127.318949,37.004263],[127.318635,37.003774],[127.318623,37.003684],[127.318669,37.003524],[127.319018,37.002869],[127.319037,37.002488],[127.319124,37.002262],[127.318904,37.001954],[127.318961,37.001932],[127.318938,37.0019],[127.318361,37.001656],[127.317849,37.001349],[127.317376,37.000922],[127.316621,36.999975],[127.316479,36.999979],[127.317307,37.000953],[127.317612,37.00125],[127.318114,37.001596],[127.318778,37.001913],[127.319054,37.002282],[127.318954,37.002475],[127.318898,37.002924],[127.318625,37.003402],[127.318538,37.00362],[127.318544,37.00379],[127.318739,37.004128],[127.318857,37.004266],[127.319872,37.005015],[127.320061,37.00562],[127.320049,37.00587],[127.320087,37.005951],[127.320146,37.006029],[127.320446,37.00626],[127.320572,37.006441],[127.320887,37.00668],[127.321363,37.006894],[127.321917,37.007025],[127.32244,37.007196],[127.32292,37.007232],[127.323267,37.007302],[127.323409,37.007282],[127.323814,37.006921],[127.324001,37.006871],[127.324122,37.006867],[127.324513,37.007001],[127.325018,37.007005],[127.325287,37.007087],[127.325492,37.007197],[127.325593,37.007344],[127.325633,37.007546],[127.325731,37.00763],[127.325851,37.007677],[127.326057,37.007688],[127.3268,37.007564],[127.326868,37.007622],[127.327044,37.007998],[127.327256,37.00804],[127.327248,37.008073],[127.327432,37.008102],[127.327699,37.008127],[127.327717,37.008097],[127.327971,37.008369],[127.328283,37.008584],[127.328594,37.008624]]]}},{"type":"Feature","id":"SOCHUN:41550:40800004155020180052UJC1000131001","properties":{"MNUM":"40800004155020180052UJC1000131001","admin_code":"41550","sgg_code":"41550","source_layer":"LSMD_CONT_UJ301","semantic":"sochun","stream_name":"집말천","alias_raw":"집말천 하천구역","notified_on":"2018-01-30"},"geometry":{"type":"Polygon","coordinates":[[[127.441818,37.117886],[127.441823,37.11784],[127.44161,37.117799],[127.441262,37.117649],[127.440727,37.117534],[127.440265,37.117147],[127.439765,37.11691],[127.439516,37.116828],[127.439259,37.116806],[127.438795,37.116708],[127.438216,37.116651],[127.437186,37.116745],[127.436422,37.116767],[127.43566,37.116629],[127.435104,37.11663],[127.434904,37.116603],[127.435099,37.116655],[127.435667,37.116665],[127.436453,37.116793],[127.438282,37.116702],[127.438744,37.116734],[127.439213,37.116831],[127.439599,37.116874],[127.439754,37.116926],[127.440193,37.117167],[127.440705,37.117562],[127.441246,37.117683],[127.44159,37.117831],[127.441818,37.117886]]]}},{"type":"Feature","id":"SOCHUN:41550:40800004155020180052UJC2000034009","properties":{"MNUM":"40800004155020180052UJC2000034009","admin_code":"41550","sgg_code":"41550","source_layer":"LSMD_CONT_UJ301","semantic":"sochun","stream_name":"석남천","alias_raw":"석남천 예정지","notified_on":"2018-01-30"},"geometry":{"type":"Polygon","coordinates":[[[127.314193,36.944227],[127.314216,36.944192],[127.314184,36.944169],[127.314162,36.944204],[127.314193,36.944227]]]}},{"type":"Feature","id":"SOCHUN:41550:40800004155020180052UJC2000034005","properties":{"MNUM":"40800004155020180052UJC2000034005","admin_code":"41550","sgg_code":"41550","source_layer":"LSMD_CONT_UJ301","semantic":"sochun","stream_name":"석남천","alias_raw":"석남천 예정지","notified_on":"2018-01-30"},"geometry":{"type":"Polygon","coordinates":[[[127.310877,36.942982],[127.310917,36.94293],[127.310842,36.942899],[127.310805,36.942948],[127.310877,36.942982]]]}},{"type":"Feature","id":"SOCHUN:41550:40800004155020180052UJC1000050001","properties":{"MNUM":"40800004155020180052UJC1000050001","admin_code":"41550","sgg_code":"41550","source_layer":"LSMD_CONT_UJ301","semantic":"sochun","stream_name":"하석파천","alias_raw":"하석파천 하천구역","notified_on":"2018-01-30"},"geometry":{"type":"Polygon","coordinates":[[[127.375639,37.019359],[127.375632,37.01919],[127.375094,37.019195],[127.374633,37.019094],[127.374282,37.018798],[127.374332,37.018823],[127.37419,37.018638],[127.373792,37.018354],[127.373485,37.018079],[127.373075,37.017837],[127.373054,37.017854],[127.372489,37.017461],[127.371926,37.016606],[127.371673,37.016464],[127.371084,37.016256],[127.370528,37.015902],[127.370004,37.015436],[127.36974,37.014834],[127.369441,37.014599],[127.369274,37.014511],[127.369061,37.014452],[127.368859,37.014457],[127.368199,37.014388],[127.367771,37.014227],[127.367247,37.013866],[127.36634,37.012937],[127.366042,37.012775],[127.365961,37.012756],[127.365431,37.012776],[127.364594,37.012843],[127.363746,37.012828],[127.363692,37.01293],[127.363751,37.01296],[127.364507,37.012946],[127.365435,37.012853],[127.366026,37.012883],[127.366337,37.013071],[127.367198,37.01395],[127.367702,37.014314],[127.368243,37.014497],[127.369002,37.014567],[127.369228,37.014611],[127.369368,37.014672],[127.369552,37.014809],[127.369661,37.014993],[127.369771,37.015285],[127.369833,37.015355],[127.369814,37.015426],[127.37002,37.015642],[127.370542,37.016082],[127.370926,37.016257],[127.370912,37.016334],[127.371198,37.016486],[127.371646,37.016606],[127.371902,37.016759],[127.37223,37.017376],[127.372455,37.017618],[127.37296,37.017871],[127.372999,37.017901],[127.372953,37.017958],[127.372981,37.01798],[127.374217,37.018758],[127.374653,37.019174],[127.375024,37.019295],[127.375639,37.019359]]]}},{"type":"Feature","id":"SOCHUN:41550:40800004155020180052UJC2000038010","properties":{"MNUM":"40800004155020180052UJC2000038010","admin_code":"41550","sgg_code":"41550","source_layer":"LSMD_CONT_UJ301","semantic":"sochun","stream_name":"새터천","alias_raw":"새터천 예정지","notified_on":"2018-01-30"},"geometry":{"type":"Polygon","coordinates":[[[127.334598,36.964172],[127.334601,36.964167],[127.33462,36.964142],[127.334706,36.964048],[127.33477,36.963972],[127.334717,36.964022],[127.334716,36.964022],[127.334716,36.964023],[127.334715,36.964024],[127.334714,36.964024],[127.334713,36.964025],[127.334713,36.964026],[127.334712,36.964027],[127.334711,36.964027],[127.334711,36.964028],[127.33471,36.964029],[127.334709,36.964029],[127.334708,36.96403],[127.334708,36.964031],[127.334707,36.964031],[127.334706,36.964032],[127.334706,36.964033],[127.334705,36.964034],[127.334704,36.964034],[127.334704,36.964035],[127.334703,36.964036],[127.334702,36.964036],[127.334701,36.964037],[127.334701,36.964038],[127.3347,36.964038],[127.334699,36.964039],[127.334699,36.96404],[127.334698,36.964041],[127.334697,36.964041],[127.334697,36.964042],[127.334696,36.964043],[127.334695,36.964043],[127.334695,36.964044],[127.334694,36.964045],[127.334693,36.964046],[127.334692,36.964046],[127.334692,36.964047],[127.334691,36.964048],[127.33469,36.964048],[127.33469,36.964049],[127.334689,36.96405],[127.334688,36.964051],[127.334688,36.964051],[127.334687,36.964052],[127.334686,36.964053],[127.334686,36.964053],[127.334685,36.964054],[127.334684,36.964055],[127.334684,36.964056],[127.334683,36.964056],[127.334682,36.964057],[127.334682,36.964058],[127.334681,36.964059],[127.33468,36.964059],[127.33468,36.96406],[127.334679,36.964061],[127.334678,36.964061],[127.334678,36.964062],[127.334677,36.964063],[127.334676,36.964064],[127.334676,36.964064],[127.334675,36.964065],[127.334674,36.964066],[127.334674,36.964067],[127.334673,36.964067],[127.334673,36.964068],[127.334672,36.964069],[127.334671,36.96407],[127.334671,36.96407],[127.33467,36.964071],[127.334669,36.964072],[127.334669,36.964073],[127.334668,36.964073],[127.334667,36.964074],[127.334667,36.964075],[127.334666,36.964075],[127.334665,36.964076],[127.334665,36.964077],[127.334664,36.964078],[127.334664,36.964078],[127.334663,36.964079],[127.334662,36.96408],[127.334662,36.964081],[127.334661,36.964081],[127.33466,36.964082],[127.33466,36.964083],[127.334659,36.964084],[127.334659,36.964084],[127.334658,36.964085],[127.334657,36.964086],[127.334657,36.964087],[127.334656,36.964087],[127.334656,36.964088],[127.334655,36.964089],[127.334654,36.96409],[127.334654,36.96409],[127.334653,36.964091],[127.334652,36.964092],[127.334652,36.964093],[127.334651,36.964093],[127.334651,36.964094],[127.33465,36.964095],[127.334649,36.964096],[127.334649,36.964097],[127.334648,36.964097],[127.334648,36.964098],[127.334647,36.964099],[127.334646,36.9641],[127.334646,36.9641],[127.334645,36.964101],[127.334645,36.964102],[127.334644,36.964103],[127.334643,36.964103],[127.334643,36.964104],[127.334642,36.964105],[127.334642,36.964106],[127.334641,36.964106],[127.334641,36.964107],[127.33464,36.964108],[127.334639,36.964109],[127.334639,36.96411],[127.334638,36.96411],[127.334638,36.964111],[127.334637,36.964112],[127.334637,36.964113],[127.334636,36.964113],[127.334635,36.964114],[127.334635,36.964115],[127.334634,36.964116],[127.334634,36.964117],[127.334633,36.964117],[127.334633,36.964118],[127.334632,36.964119],[127.334631,36.96412],[127.334631,36.96412],[127.33463,36.964121],[127.33463,36.964122],[127.334629,36.964123],[127.334629,36.964124],[127.334628,36.964124],[127.334627,36.964125],[127.334627,36.964126],[127.334626,36.964127],[127.334626,36.964127],[127.334625,36.964128],[127.334625,36.964129],[127.334624,36.96413],[127.334624,36.964131],[127.334623,36.964131],[127.334623,36.964132],[127.334622,36.964133],[127.334621,36.964134],[127.334621,36.964135],[127.33462,36.964135],[127.33462,36.964136],[127.334619,36.964137],[127.334619,36.964138],[127.334618,36.964139],[127.334618,36.964139],[127.334617,36.96414],[127.334617,36.964141],[127.334616,36.964142],[127.334616,36.964143],[127.334615,36.964143],[127.334615,36.964144],[127.334614,36.964145],[127.334614,36.964146],[127.334613,36.964146],[127.334612,36.964147],[127.334612,36.964148],[127.334611,36.964149],[127.334611,36.96415],[127.33461,36.964151],[127.33461,36.964151],[127.334609,36.964152],[127.334609,36.964153],[127.334608,36.964154],[127.334608,36.964155],[127.334607,36.964155],[127.334607,36.964156],[127.334606,36.964157],[127.334606,36.964158],[127.334605,36.964159],[127.334605,36.964159],[127.334604,36.96416],[127.334604,36.964161],[127.334603,36.964162],[127.334603,36.964163],[127.334602,36.964163],[127.334602,36.964164],[127.334601,36.964165],[127.334601,36.964166],[127.3346,36.964167],[127.3346,36.964167],[127.334599,36.964168],[127.334599,36.964169],[127.334598,36.96417],[127.334598,36.964171],[127.334598,36.964172]]]}},{"type":"Feature","id":"SOCHUN:41550:40800004155020180052UJC1000117001","properties":{"MNUM":"40800004155020180052UJC1000117001","admin_code":"41550","sgg_code":"41550","source_layer":"LSMD_CONT_UJ301","semantic":"sochun","stream_name":"산북천","alias_raw":"산북천 하천구역","notified_on":"2018-01-30"},"geometry":{"type":"Polygon","coordinates":[[[127.507883,37.096774],[127.507927,37.096638],[127.507884,37.096601],[127.507576,37.096544],[127.506335,37.096471],[127.505242,37.096453],[127.505241,37.09215],[127.5051,37.091631],[127.505041,37.091612],[127.504864,37.091315],[127.504685,37.090896],[127.504647,37.090396],[127.504423,37.089978],[127.504405,37.089824],[127.50447,37.089426],[127.504847,37.088633],[127.504877,37.088387],[127.504977,37.088379],[127.505707,37.08806],[127.505494,37.08779],[127.504479,37.086254],[127.504437,37.086271],[127.504359,37.086165],[127.50433,37.086179],[127.504407,37.086284],[127.504366,37.086301],[127.505483,37.087962],[127.504731,37.088269],[127.504682,37.088636],[127.50456,37.088881],[127.504466,37.088976],[127.504437,37.089113],[127.504276,37.089418],[127.504309,37.089471],[127.504289,37.090036],[127.504443,37.09028],[127.504504,37.09093],[127.504628,37.091006],[127.5047,37.091197],[127.504686,37.091268],[127.504863,37.091556],[127.505055,37.092236],[127.505049,37.096177],[127.505055,37.096513],[127.50509,37.096543],[127.505094,37.096661],[127.505142,37.096626],[127.505217,37.096646],[127.505434,37.096621],[127.506275,37.096617],[127.507571,37.096702],[127.507797,37.096732],[127.507883,37.096774]]]}},{"type":"Feature","id":"SOCHUN:41550:40800004155020180052UJC2000017007","properties":{"MNUM":"40800004155020180052UJC2000017007","admin_code":"41550","sgg_code":"41550","source_layer":"LSMD_CONT_UJ301","semantic":"sochun","stream_name":"풍정천","alias_raw":"풍정천 예정지","notified_on":"2018-01-30"},"geometry":{"type":"Polygon","coordinates":[[[127.316159,37.075848],[127.315817,37.075708],[127.31551,37.075686],[127.316159,37.075848]]]}},{"type":"Feature","id":"SOCHUN:41550:40800004155020180052UJC2000118001","properties":{"MNUM":"40800004155020180052UJC2000118001","admin_code":"41550","sgg_code":"41550","source_layer":"LSMD_CONT_UJ301","semantic":"sochun","stream_name":"국동천","alias_raw":"국동천 예정지","notified_on":"2018-01-30"},"geometry":{"type":"Polygon","coordinates":[[[127.493764,37.113549],[127.493815,37.113416],[127.494211,37.112981],[127.49424,37.112879],[127.493982,37.11205],[127.493945,37.111822],[127.49396,37.111614],[127.494064,37.111365],[127.494558,37.110852],[127.49461,37.110749],[127.494104,37.111259],[127.493984,37.111421],[127.493928,37.111567],[127.493911,37.111934],[127.494179,37.112852],[127.494135,37.113006],[127.493742,37.113444],[127.493715,37.113543],[127.493764,37.113549]]]}},{"type":"Feature","id":"SOCHUN:41550:40800004155020180052UJC2000118012","properties":{"MNUM":"40800004155020180052UJC2000118012","admin_code":"41550","sgg_code":"41550","source_layer":"LSMD_CONT_UJ301","semantic":"sochun","stream_name":"국동천","alias_raw":"국동천 예정지","notified_on":"2018-01-30"},"geometry":{"type":"Polygon","coordinates":[[[127.494976,37.109857],[127.495075,37.109656],[127.49523,37.109117],[127.495304,37.108392],[127.495379,37.108199],[127.495265,37.108361],[127.495212,37.109064],[127.494976,37.109857]]]}},{"type":"Feature","id":"SOCHUN:41550:40800004155020180052UJC2000122005","properties":{"MNUM":"40800004155020180052UJC2000122005","admin_code":"41550","sgg_code":"41550","source_layer":"LSMD_CONT_UJ301","semantic":"sochun","stream_name":"판교천","alias_raw":"판교천 예정지","notified_on":"2018-01-30"},"geometry":{"type":"Polygon","coordinates":[[[127.480333,37.071606],[127.480313,37.071502],[127.480189,37.071428],[127.480333,37.071606]]]}},{"type":"Feature","id":"SOCHUN:41550:40800004155020180052UJC1000123001","properties":{"MNUM":"40800004155020180052UJC1000123001","admin_code":"41550","sgg_code":"41550","source_layer":"LSMD_CONT_UJ301","semantic":"sochun","stream_name":"돌막골천","alias_raw":"돌막골천 하천구역","notified_on":"2018-01-30"},"geometry":{"type":"Polygon","coordinates":[[[127.453727,37.109697],[127.453676,37.109274],[127.453643,37.109261],[127.45367,37.109097],[127.453608,37.108506],[127.453444,37.108028],[127.453471,37.107788],[127.453579,37.107458],[127.453554,37.107236],[127.454172,37.106821],[127.454164,37.106802],[127.454454,37.106728],[127.454619,37.106505],[127.454722,37.106183],[127.454936,37.105195],[127.454463,37.102778],[127.454915,37.102768],[127.455569,37.102666],[127.455619,37.102625],[127.456692,37.102235],[127.458912,37.101541],[127.460104,37.101262],[127.461213,37.101074],[127.461279,37.101036],[127.461762,37.100932],[127.461726,37.100869],[127.461254,37.100918],[127.461255,37.100939],[127.461108,37.100988],[127.460459,37.101069],[127.460367,37.101129],[127.460069,37.101174],[127.458263,37.101634],[127.456399,37.102287],[127.456398,37.102254],[127.456365,37.102265],[127.455651,37.10254],[127.455003,37.102677],[127.454396,37.10273],[127.454781,37.105096],[127.45487,37.105087],[127.454869,37.105276],[127.45467,37.106297],[127.454577,37.106534],[127.454416,37.106711],[127.454132,37.106794],[127.45352,37.107197],[127.453565,37.107457],[127.453457,37.107786],[127.45343,37.108029],[127.453595,37.108507],[127.453656,37.109098],[127.453637,37.109387],[127.453683,37.109696],[127.453727,37.109697]]]}},{"type":"Feature","id":"SOCHUN:41550:40800004155020180052UJC2000130003","properties":{"MNUM":"40800004155020180052UJC2000130003","admin_code":"41550","sgg_code":"41550","source_layer":"LSMD_CONT_UJ301","semantic":"sochun","stream_name":"거운천","alias_raw":"거운천 예정지","notified_on":"2018-01-30"},"geometry":{"type":"Polygon","coordinates":[[[127.443115,37.115091],[127.44318,37.115076],[127.443156,37.115002],[127.443091,37.115012],[127.443115,37.115091]]]}},{"type":"Feature","id":"SOCHUN:41550:40800004155020180052UJC2000154008","properties":{"MNUM":"40800004155020180052UJC2000154008","admin_code":"41550","sgg_code":"41550","source_layer":"LSMD_CONT_UJ301","semantic":"sochun","stream_name":"니미리천","alias_raw":"니미리천 예정지","notified_on":"2018-01-30"},"geometry":{"type":"Polygon","coordinates":[[[127.434055,37.034487],[127.434862,37.034367],[127.435412,37.034393],[127.435416,37.034319],[127.434756,37.03429],[127.434076,37.03442],[127.433798,37.034357],[127.433562,37.034341],[127.433029,37.034416],[127.433063,37.034477],[127.433656,37.034425],[127.434055,37.034487]]]}},{"type":"Feature","id":"SOCHUN:41550:40800004155020180052UJC2000161002","properties":{"MNUM":"40800004155020180052UJC2000161002","admin_code":"41550","sgg_code":"41550","source_layer":"LSMD_CONT_UJ301","semantic":"sochun","stream_name":"미장천","alias_raw":"미장천 예정지","notified_on":"2018-01-30"},"geometry":{"type":"Polygon","coordinates":[[[127.374273,37.03811],[127.374288,37.038093],[127.373499,37.037624],[127.373482,37.037641],[127.374273,37.03811]]]}},{"type":"Feature","id":"SOCHUN:41550:40800004155020180052UJC2000161007","properties":{"MNUM":"40800004155020180052UJC2000161007","admin_code":"41550","sgg_code":"41550","source_layer":"LSMD_CONT_UJ301","semantic":"sochun","stream_name":"미장천","alias_raw":"미장천 예정지","notified_on":"2018-01-30"},"geometry":{"type":"Polygon","coordinates":[[[127.361681,37.0396],[127.362521,37.03947],[127.362786,37.039351],[127.36328,37.039033],[127.364854,37.038489],[127.365049,37.038446],[127.365038,37.038413],[127.363613,37.038843],[127.36318,37.039033],[127.362595,37.039398],[127.36214,37.039532],[127.361681,37.0396]]]}},{"type":"Feature","id":"SOCHUN:41550:40800004155020180052UJC2000038008","properties":{"MNUM":"40800004155020180052UJC2000038008","admin_code":"41550","sgg_code":"41550","source_layer":"LSMD_CONT_UJ301","semantic":"sochun","stream_name":"새터천","alias_raw":"새터천 예정지","notified_on":"2018-01-30"},"geometry":{"type":"Polygon","coordinates":[[[127.335119,36.96276],[127.335113,36.962677],[127.33511,36.96266],[127.335101,36.962615],[127.335095,36.962616],[127.335119,36.96276]]]}},{"type":"Feature","id":"SOCHUN:41550:40800004155020180052UJC2000038011","properties":{"MNUM":"40800004155020180052UJC2000038011","admin_code":"41550","sgg_code":"41550","source_layer":"LSMD_CONT_UJ301","semantic":"sochun","stream_name":"새터천","alias_raw":"새터천 예정지","notified_on":"2018-01-30"},"geometry":{"type":"Polygon","coordinates":[[[127.334817,36.964923],[127.334812,36.964583],[127.334763,36.96461],[127.334784,36.964923],[127.334817,36.964923]]]}},{"type":"Feature","id":"SOCHUN:41550:40800004155020180052UJC2000017002","properties":{"MNUM":"40800004155020180052UJC2000017002","admin_code":"41550","sgg_code":"41550","source_layer":"LSMD_CONT_UJ301","semantic":"sochun","stream_name":"풍정천","alias_raw":"풍정천 예정지","notified_on":"2018-01-30"},"geometry":{"type":"Polygon","coordinates":[[[127.322249,37.076653],[127.322263,37.07662],[127.322163,37.076596],[127.321022,37.076472],[127.321011,37.076502],[127.322222,37.076622],[127.322249,37.076653]]]}},{"type":"Feature","id":"SOCHUN:41550:40800004155020180052UJC2000034014","properties":{"MNUM":"40800004155020180052UJC2000034014","admin_code":"41550","sgg_code":"41550","source_layer":"LSMD_CONT_UJ301","semantic":"sochun","stream_name":"석남천","alias_raw":"석남천 예정지","notified_on":"2018-01-30"},"geometry":{"type":"Polygon","coordinates":[[[127.315115,36.945355],[127.315102,36.945314],[127.315014,36.945291],[127.315032,36.945333],[127.315115,36.945355]]]}},{"type":"Feature","id":"SOCHUN:41550:40800004155020180052UJC2000034001","properties":{"MNUM":"40800004155020180052UJC2000034001","admin_code":"41550","sgg_code":"41550","source_layer":"LSMD_CONT_UJ301","semantic":"sochun","stream_name":"석남천","alias_raw":"석남천 예정지","notified_on":"2018-01-30"},"geometry":{"type":"Polygon","coordinates":[[[127.306907,36.938992],[127.306989,36.93898],[127.306956,36.938954],[127.306872,36.938966],[127.306907,36.938992]]]}},{"type":"Feature","id":"SOCHUN:41550:40800004155020180052UJC2000130007","properties":{"MNUM":"40800004155020180052UJC2000130007","admin_code":"41550","sgg_code":"41550","source_layer":"LSMD_CONT_UJ301","semantic":"sochun","stream_name":"거운천","alias_raw":"거운천 예정지","notified_on":"2018-01-30"},"geometry":{"type":"Polygon","coordinates":[[[127.494688,37.11067],[127.494766,37.110587],[127.494956,37.110031],[127.494961,37.109904],[127.494688,37.11067]]]}},{"type":"Feature","id":"SOCHUN:41550:40800004155020180052UJC2000125001","properties":{"MNUM":"40800004155020180052UJC2000125001","admin_code":"41550","sgg_code":"41550","source_layer":"LSMD_CONT_UJ301","semantic":"sochun","stream_name":"화곡천","alias_raw":"화곡천 예정지","notified_on":"2018-01-30"},"geometry":{"type":"Polygon","coordinates":[[[127.461311,37.117324],[127.461523,37.117278],[127.461761,37.117178],[127.461812,37.117174],[127.461895,37.117222],[127.461937,37.11718],[127.461835,37.117114],[127.461739,37.117103],[127.461318,37.117238],[127.461128,37.11724],[127.461113,37.117306],[127.461311,37.117324]]]}},{"type":"Feature","id":"SOCHUN:41550:40800004155020180052UJC2000151003","properties":{"MNUM":"40800004155020180052UJC2000151003","admin_code":"41550","sgg_code":"41550","source_layer":"LSMD_CONT_UJ301","semantic":"sochun","stream_name":"매산천","alias_raw":"매산천 예정지","notified_on":"2018-01-30"},"geometry":{"type":"Polygon","coordinates":[[[127.438681,37.105621],[127.438781,37.105594],[127.438396,37.105246],[127.438358,37.105252],[127.435005,37.102213],[127.434767,37.102103],[127.434193,37.101938],[127.433817,37.101784],[127.433756,37.100874],[127.433695,37.100827],[127.433218,37.100735],[127.433223,37.100798],[127.433698,37.100901],[127.433718,37.10183],[127.434222,37.102017],[127.434337,37.102047],[127.434375,37.102031],[127.434968,37.102237],[127.438681,37.105621]]]}},{"type":"Feature","id":"SOCHUN:41550:40800004155020180052UJC2000166009","properties":{"MNUM":"40800004155020180052UJC2000166009","admin_code":"41550","sgg_code":"41550","source_layer":"LSMD_CONT_UJ301","semantic":"sochun","stream_name":"월곡천","alias_raw":"월곡천 예정지","notified_on":"2018-01-30"},"geometry":{"type":"Polygon","coordinates":[[[127.38907,37.080258],[127.389084,37.080233],[127.388341,37.07998],[127.385626,37.079109],[127.385549,37.079058],[127.38459,37.078699],[127.384513,37.078721],[127.383751,37.07843],[127.384334,37.078678],[127.38566,37.079167],[127.38907,37.080258]]]}},{"type":"Feature","id":"SOCHUN:41550:40800004155020180052UJC2000164001","properties":{"MNUM":"40800004155020180052UJC2000164001","admin_code":"41550","sgg_code":"41550","source_layer":"LSMD_CONT_UJ301","semantic":"sochun","stream_name":"회암천","alias_raw":"회암천 예정지","notified_on":"2018-01-30"},"geometry":{"type":"Polygon","coordinates":[[[127.366591,37.061754],[127.367048,37.061725],[127.367046,37.061698],[127.367146,37.061663],[127.367326,37.061518],[127.367984,37.061411],[127.368118,37.061353],[127.36836,37.061128],[127.368294,37.061088],[127.368151,37.061234],[127.368122,37.061216],[127.36789,37.061333],[127.367248,37.061472],[127.367116,37.061614],[127.367029,37.061652],[127.366592,37.061677],[127.366544,37.061649],[127.366591,37.061754]]]}},{"type":"Feature","id":"SOCHUN:41550:40800004155020180052UJC1000164001","properties":{"MNUM":"40800004155020180052UJC1000164001","admin_code":"41550","sgg_code":"41550","source_layer":"LSMD_CONT_UJ301","semantic":"sochun","stream_name":"회암천","alias_raw":"회암천 하천구역","notified_on":"2018-01-30"},"geometry":{"type":"Polygon","coordinates":[[[127.363663,37.06268],[127.363917,37.062586],[127.364058,37.062481],[127.364538,37.062534],[127.365321,37.062403],[127.365751,37.062178],[127.365863,37.062087],[127.365988,37.061605],[127.366038,37.061521],[127.366121,37.06148],[127.36626,37.061501],[127.366592,37.061677],[127.366977,37.061662],[127.367116,37.061614],[127.367248,37.061472],[127.36789,37.061333],[127.368122,37.061216],[127.368064,37.061181],[127.367944,37.061263],[127.367767,37.061321],[127.367368,37.061349],[127.367216,37.061392],[127.367131,37.06143],[127.366941,37.061626],[127.366628,37.061646],[127.366629,37.061611],[127.366255,37.061441],[127.366068,37.061459],[127.365907,37.061606],[127.36579,37.062062],[127.365648,37.062149],[127.365287,37.062329],[127.364988,37.062395],[127.364719,37.062428],[127.364164,37.062405],[127.363851,37.062567],[127.363673,37.062587],[127.363663,37.06268]]]}},{"type":"Feature","id":"SOCHUN:41550:40800004155020180052UJC1000149001","properties":{"MNUM":"40800004155020180052UJC1000149001","admin_code":"41550","sgg_code":"41550","source_layer":"LSMD_CONT_UJ301","semantic":"sochun","stream_name":"서당천","alias_raw":"서당천 하천구역","notified_on":"2018-01-30"},"geometry":{"type":"Polygon","coordinates":[[[127.397442,37.058185],[127.39758,37.058182],[127.397478,37.058011],[127.397533,37.057942],[127.3974,37.057631],[127.39715,37.05728],[127.397097,37.057307],[127.396944,37.057115],[127.397011,37.056982],[127.397266,37.056799],[127.397288,37.056699],[127.397178,37.056526],[127.397143,37.056239],[127.397031,37.055879],[127.396727,37.055515],[127.396673,37.05539],[127.396601,37.055341],[127.396148,37.055211],[127.395721,37.054962],[127.39518,37.054248],[127.394193,37.053648],[127.393801,37.05334],[127.393634,37.05297],[127.393555,37.052625],[127.393402,37.052533],[127.393347,37.052593],[127.393495,37.052735],[127.393634,37.053219],[127.393746,37.053383],[127.394027,37.053617],[127.395067,37.054251],[127.39552,37.054775],[127.395666,37.05502],[127.396093,37.055253],[127.39651,37.055368],[127.396627,37.05544],[127.396665,37.055535],[127.396632,37.055546],[127.396878,37.055877],[127.397004,37.056145],[127.396976,37.056326],[127.397041,37.056532],[127.397133,37.056663],[127.39714,37.056786],[127.397029,37.056822],[127.396996,37.056864],[127.397025,37.056884],[127.396913,37.056974],[127.396857,37.056946],[127.396807,37.057128],[127.396852,37.057249],[127.39715,37.057603],[127.397266,37.057853],[127.39731,37.058104],[127.397452,37.058121],[127.397442,37.058185]]]}},{"type":"Feature","id":"SOCHUN:41550:40800004155020180052UJC2000166008","properties":{"MNUM":"40800004155020180052UJC2000166008","admin_code":"41550","sgg_code":"41550","source_layer":"LSMD_CONT_UJ301","semantic":"sochun","stream_name":"월곡천","alias_raw":"월곡천 예정지","notified_on":"2018-01-30"},"geometry":{"type":"Polygon","coordinates":[[[127.390766,37.080955],[127.390769,37.080916],[127.385539,37.079212],[127.383862,37.078579],[127.380992,37.077386],[127.379664,37.076772],[127.379663,37.076736],[127.379617,37.076789],[127.38059,37.077263],[127.382559,37.078074],[127.383589,37.078532],[127.385105,37.079103],[127.386351,37.079532],[127.390766,37.080955]]]}},{"type":"Feature","id":"SOCHUN:41550:40800004155020180052UJC2000119002","properties":{"MNUM":"40800004155020180052UJC2000119002","admin_code":"41550","sgg_code":"41550","source_layer":"LSMD_CONT_UJ301","semantic":"sochun","stream_name":"상가1천","alias_raw":"상가1천 예정지","notified_on":"2018-01-30"},"geometry":{"type":"Polygon","coordinates":[[[127.485004,37.093039],[127.485166,37.092909],[127.485399,37.092608],[127.48571,37.092466],[127.485819,37.09234],[127.485761,37.092075],[127.485657,37.091855],[127.48563,37.091593],[127.485695,37.091206],[127.485636,37.091068],[127.485685,37.090727],[127.485874,37.090081],[127.486149,37.089838],[127.486751,37.088786],[127.48712,37.088434],[127.487308,37.088182],[127.48734,37.088186],[127.487369,37.088138],[127.487601,37.087987],[127.487722,37.087942],[127.488303,37.087974],[127.490816,37.083978],[127.488279,37.087901],[127.488235,37.087924],[127.487913,37.087917],[127.487668,37.08795],[127.487267,37.088172],[127.487156,37.088331],[127.486633,37.088825],[127.486052,37.08983],[127.485812,37.090052],[127.485589,37.090888],[127.485647,37.091344],[127.485593,37.091608],[127.48559,37.091825],[127.485729,37.092357],[127.48564,37.092469],[127.485314,37.092616],[127.485118,37.092864],[127.48494,37.093005],[127.485004,37.093039]]]}},{"type":"Feature","id":"SOCHUN:41550:40800004155020180052UJC2000172001","properties":{"MNUM":"40800004155020180052UJC2000172001","admin_code":"41550","sgg_code":"41550","source_layer":"LSMD_CONT_UJ301","semantic":"sochun","stream_name":"배태1천","alias_raw":"배태1천 예정지","notified_on":"2018-01-30"},"geometry":{"type":"Polygon","coordinates":[[[127.353107,37.083072],[127.353138,37.08305],[127.353054,37.082996],[127.352975,37.083006],[127.35298,37.083044],[127.353053,37.083039],[127.353107,37.083072]]]}},{"type":"Feature","id":"SOCHUN:41550:40800004155020180052UJC2000038005","properties":{"MNUM":"40800004155020180052UJC2000038005","admin_code":"41550","sgg_code":"41550","source_layer":"LSMD_CONT_UJ301","semantic":"sochun","stream_name":"새터천","alias_raw":"새터천 예정지","notified_on":"2018-01-30"},"geometry":{"type":"Polygon","coordinates":[[[127.334731,36.96033],[127.334781,36.960322],[127.334747,36.960156],[127.334802,36.95974],[127.33475,36.959901],[127.334741,36.960199],[127.334702,36.960206],[127.334731,36.96033]]]}},{"type":"Feature","id":"SOCHUN:41550:40800004155020180052UJC2000126013","properties":{"MNUM":"40800004155020180052UJC2000126013","admin_code":"41550","sgg_code":"41550","source_layer":"LSMD_CONT_UJ301","semantic":"sochun","stream_name":"죽림천","alias_raw":"죽림천 예정지","notified_on":"2018-01-30"},"geometry":{"type":"Polygon","coordinates":[[[127.449163,37.097698],[127.450391,37.095696],[127.450439,37.095521],[127.450439,37.095292],[127.450163,37.094569],[127.450404,37.095263],[127.450398,37.095561],[127.450256,37.095851],[127.449163,37.097698]]]}},{"type":"Feature","id":"SOCHUN:41550:40800004155020180052UJC2000126002","properties":{"MNUM":"40800004155020180052UJC2000126002","admin_code":"41550","sgg_code":"41550","source_layer":"LSMD_CONT_UJ301","semantic":"sochun","stream_name":"죽림천","alias_raw":"죽림천 예정지","notified_on":"2018-01-30"},"geometry":{"type":"Polygon","coordinates":[[[127.453595,37.085532],[127.453657,37.084953],[127.453602,37.085203],[127.453595,37.085532]]]}},{"type":"Feature","id":"SOCHUN:41550:40800004155020180052UJC2000126001","properties":{"MNUM":"40800004155020180052UJC2000126001","admin_code":"41550","sgg_code":"41550","source_layer":"LSMD_CONT_UJ301","semantic":"sochun","stream_name":"죽림천","alias_raw":"죽림천 예정지","notified_on":"2018-01-30"},"geometry":{"type":"Polygon","coordinates":[[[127.453425,37.086701],[127.453392,37.086656],[127.453304,37.085996],[127.453329,37.085969],[127.453293,37.085235],[127.453344,37.084892],[127.453284,37.085204],[127.45327,37.085844],[127.453387,37.086698],[127.453425,37.086701]]]}},{"type":"Feature","id":"SOCHUN:41550:40800004155020180052UJC2000129002","properties":{"MNUM":"40800004155020180052UJC2000129002","admin_code":"41550","sgg_code":"41550","source_layer":"LSMD_CONT_UJ301","semantic":"sochun","stream_name":"등치골천","alias_raw":"등치골천 예정지","notified_on":"2018-01-30"},"geometry":{"type":"Polygon","coordinates":[[[127.442835,37.109914],[127.442862,37.10988],[127.442737,37.109799],[127.441661,37.10857],[127.441357,37.108133],[127.44184,37.107909],[127.441872,37.107583],[127.442247,37.107098],[127.442753,37.10615],[127.442921,37.105564],[127.443167,37.105236],[127.442964,37.105336],[127.442891,37.105449],[127.442733,37.105976],[127.442246,37.106979],[127.441844,37.107525],[127.441788,37.107893],[127.441347,37.108089],[127.441303,37.108158],[127.441557,37.108545],[127.44267,37.10981],[127.442835,37.109914]]]}},{"type":"Feature","id":"SOCHUN:41550:40800004155020180052UJC2000154007","properties":{"MNUM":"40800004155020180052UJC2000154007","admin_code":"41550","sgg_code":"41550","source_layer":"LSMD_CONT_UJ301","semantic":"sochun","stream_name":"니미리천","alias_raw":"니미리천 예정지","notified_on":"2018-01-30"},"geometry":{"type":"Polygon","coordinates":[[[127.431225,37.034881],[127.431321,37.034843],[127.43118,37.034761],[127.431083,37.034799],[127.431225,37.034881]]]}},{"type":"Feature","id":"SOCHUN:41550:40800004155020180052UJC2000038003","properties":{"MNUM":"40800004155020180052UJC2000038003","admin_code":"41550","sgg_code":"41550","source_layer":"LSMD_CONT_UJ301","semantic":"sochun","stream_name":"새터천","alias_raw":"새터천 예정지","notified_on":"2018-01-30"},"geometry":{"type":"Polygon","coordinates":[[[127.33493,36.960296],[127.334986,36.960287],[127.334957,36.960163],[127.334898,36.960173],[127.33493,36.960296]]]}},{"type":"Feature","id":"SOCHUN:41550:40800004155020180052UJC2000038002","properties":{"MNUM":"40800004155020180052UJC2000038002","admin_code":"41550","sgg_code":"41550","source_layer":"LSMD_CONT_UJ301","semantic":"sochun","stream_name":"새터천","alias_raw":"새터천 예정지","notified_on":"2018-01-30"},"geometry":{"type":"Polygon","coordinates":[[[127.335469,36.956133],[127.335485,36.956087],[127.335443,36.956046],[127.335421,36.956087],[127.335469,36.956133]]]}},{"type":"Feature","id":"SOCHUN:41550:40800004155020180052UJC2000021008","properties":{"MNUM":"40800004155020180052UJC2000021008","admin_code":"41550","sgg_code":"41550","source_layer":"LSMD_CONT_UJ301","semantic":"sochun","stream_name":"동평천","alias_raw":"동평천 예정지","notified_on":"2018-01-30"},"geometry":{"type":"Polygon","coordinates":[[[127.313589,37.089303],[127.313992,37.089211],[127.313558,37.089285],[127.313589,37.089303]]]}},{"type":"Feature","id":"SOCHUN:41550:40800004155020180052UJC2000017008","properties":{"MNUM":"40800004155020180052UJC2000017008","admin_code":"41550","sgg_code":"41550","source_layer":"LSMD_CONT_UJ301","semantic":"sochun","stream_name":"풍정천","alias_raw":"풍정천 예정지","notified_on":"2018-01-30"},"geometry":{"type":"Polygon","coordinates":[[[127.316941,37.07609],[127.316712,37.076029],[127.316393,37.076038],[127.316684,37.076028],[127.316941,37.07609]]]}},{"type":"Feature","id":"SOCHUN:41550:40800004155020180052UJC2000017012","properties":{"MNUM":"40800004155020180052UJC2000017012","admin_code":"41550","sgg_code":"41550","source_layer":"LSMD_CONT_UJ301","semantic":"sochun","stream_name":"풍정천","alias_raw":"풍정천 예정지","notified_on":"2018-01-30"},"geometry":{"type":"Polygon","coordinates":[[[127.315041,37.07576],[127.315058,37.075759],[127.315129,37.075749],[127.31509,37.075754],[127.315074,37.075757],[127.315062,37.075758],[127.315041,37.07576]]]}},{"type":"Feature","id":"SOCHUN:41550:40800004155020180052UJC2000034006","properties":{"MNUM":"40800004155020180052UJC2000034006","admin_code":"41550","sgg_code":"41550","source_layer":"LSMD_CONT_UJ301","semantic":"sochun","stream_name":"석남천","alias_raw":"석남천 예정지","notified_on":"2018-01-30"},"geometry":{"type":"Polygon","coordinates":[[[127.310927,36.942914],[127.310964,36.942866],[127.310892,36.942832],[127.310859,36.942881],[127.310927,36.942914]]]}},{"type":"Feature","id":"SOCHUN:41550:40800004155020180052UJC2000119003","properties":{"MNUM":"40800004155020180052UJC2000119003","admin_code":"41550","sgg_code":"41550","source_layer":"LSMD_CONT_UJ301","semantic":"sochun","stream_name":"상가1천","alias_raw":"상가1천 예정지","notified_on":"2018-01-30"},"geometry":{"type":"Polygon","coordinates":[[[127.494497,37.081888],[127.494573,37.081843],[127.494541,37.081809],[127.494479,37.081868],[127.494497,37.081888]]]}},{"type":"Feature","id":"SOCHUN:41550:40800004155020180052UJC2000034003","properties":{"MNUM":"40800004155020180052UJC2000034003","admin_code":"41550","sgg_code":"41550","source_layer":"LSMD_CONT_UJ301","semantic":"sochun","stream_name":"석남천","alias_raw":"석남천 예정지","notified_on":"2018-01-30"},"geometry":{"type":"Polygon","coordinates":[[[127.31071,36.942675],[127.310718,36.942631],[127.310683,36.942612],[127.310675,36.942657],[127.31071,36.942675]]]}},{"type":"Feature","id":"SOCHUN:41550:40800004155020180052UJC2000118011","properties":{"MNUM":"40800004155020180052UJC2000118011","admin_code":"41550","sgg_code":"41550","source_layer":"LSMD_CONT_UJ301","semantic":"sochun","stream_name":"국동천","alias_raw":"국동천 예정지","notified_on":"2018-01-30"},"geometry":{"type":"Polygon","coordinates":[[[127.49516,37.109815],[127.495375,37.10913],[127.495478,37.108365],[127.495516,37.108298],[127.496117,37.108061],[127.495668,37.108186],[127.495455,37.10827],[127.495399,37.10833],[127.495372,37.108398],[127.49543,37.10841],[127.495429,37.108636],[127.495379,37.109029],[127.49516,37.109815]]]}},{"type":"Feature","id":"SOCHUN:41550:40800004155020180052UJC2000017010","properties":{"MNUM":"40800004155020180052UJC2000017010","admin_code":"41550","sgg_code":"41550","source_layer":"LSMD_CONT_UJ301","semantic":"sochun","stream_name":"풍정천","alias_raw":"풍정천 예정지","notified_on":"2018-01-30"},"geometry":{"type":"Polygon","coordinates":[[[127.314681,37.075713],[127.314384,37.075653],[127.31417,37.075643],[127.314138,37.075579],[127.3141,37.075636],[127.314132,37.075665],[127.314499,37.075676],[127.314681,37.075713]]]}},{"type":"Feature","id":"SOCHUN:41550:40800004155020180052UJC2000161009","properties":{"MNUM":"40800004155020180052UJC2000161009","admin_code":"41550","sgg_code":"41550","source_layer":"LSMD_CONT_UJ301","semantic":"sochun","stream_name":"미장천","alias_raw":"미장천 예정지","notified_on":"2018-01-30"},"geometry":{"type":"Polygon","coordinates":[[[127.357303,37.040668],[127.357309,37.040648],[127.356635,37.040512],[127.356153,37.040441],[127.355981,37.040452],[127.357303,37.040668]]]}},{"type":"Feature","id":"SOCHUN:41550:40800004155020180052UJC2000034018","properties":{"MNUM":"40800004155020180052UJC2000034018","admin_code":"41550","sgg_code":"41550","source_layer":"LSMD_CONT_UJ301","semantic":"sochun","stream_name":"석남천","alias_raw":"석남천 예정지","notified_on":"2018-01-30"},"geometry":{"type":"Polygon","coordinates":[[[127.316121,36.948461],[127.316195,36.948453],[127.316202,36.948388],[127.316118,36.948416],[127.315773,36.948391],[127.315668,36.948351],[127.315419,36.948014],[127.315056,36.94734],[127.315063,36.947229],[127.315199,36.946983],[127.315142,36.946961],[127.314979,36.947229],[127.314972,36.947346],[127.314994,36.947425],[127.315161,36.947655],[127.315375,36.948105],[127.315528,36.948333],[127.315657,36.948428],[127.316121,36.948461]]]}},{"type":"Feature","id":"SOCHUN:41550:40800004155020180052UJC2000122009","properties":{"MNUM":"40800004155020180052UJC2000122009","admin_code":"41550","sgg_code":"41550","source_layer":"LSMD_CONT_UJ301","semantic":"sochun","stream_name":"판교천","alias_raw":"판교천 예정지","notified_on":"2018-01-30"},"geometry":{"type":"Polygon","coordinates":[[[127.477375,37.088107],[127.477373,37.08801],[127.47721,37.087885],[127.47716,37.087718],[127.477322,37.087374],[127.47733,37.087315],[127.477296,37.087312],[127.477423,37.086963],[127.477115,37.08765],[127.477102,37.08774],[127.477168,37.087926],[127.477375,37.088107]]]}},{"type":"Feature","id":"SOCHUN:41550:40800004155020180052UJC2000126012","properties":{"MNUM":"40800004155020180052UJC2000126012","admin_code":"41550","sgg_code":"41550","source_layer":"LSMD_CONT_UJ301","semantic":"sochun","stream_name":"죽림천","alias_raw":"죽림천 예정지","notified_on":"2018-01-30"},"geometry":{"type":"Polygon","coordinates":[[[127.449085,37.097076],[127.450089,37.095491],[127.450075,37.095302],[127.449995,37.095045],[127.449354,37.093474],[127.450024,37.095181],[127.450059,37.095453],[127.449995,37.095645],[127.449085,37.097076]]]}},{"type":"Feature","id":"SOCHUN:41550:40800004155020180052UJC2000126004","properties":{"MNUM":"40800004155020180052UJC2000126004","admin_code":"41550","sgg_code":"41550","source_layer":"LSMD_CONT_UJ301","semantic":"sochun","stream_name":"죽림천","alias_raw":"죽림천 예정지","notified_on":"2018-01-30"},"geometry":{"type":"Polygon","coordinates":[[[127.450633,37.088525],[127.45118,37.088358],[127.45135,37.088373],[127.45175,37.087762],[127.451851,37.087638],[127.452037,37.087501],[127.452216,37.087465],[127.452399,37.08747],[127.452779,37.087657],[127.453035,37.087555],[127.453268,37.08737],[127.453393,37.087051],[127.453161,37.087426],[127.452851,37.087603],[127.452774,37.087605],[127.452483,37.087477],[127.452321,37.087441],[127.452131,37.087449],[127.451945,37.087512],[127.451827,37.087595],[127.451684,37.087757],[127.451308,37.0883],[127.450633,37.088525]]]}},{"type":"Feature","id":"SOCHUN:41550:40800004155020180052UJC2000126005","properties":{"MNUM":"40800004155020180052UJC2000126005","admin_code":"41550","sgg_code":"41550","source_layer":"LSMD_CONT_UJ301","semantic":"sochun","stream_name":"죽림천","alias_raw":"죽림천 예정지","notified_on":"2018-01-30"},"geometry":{"type":"Polygon","coordinates":[[[127.449824,37.089283],[127.44998,37.089118],[127.450096,37.088934],[127.450171,37.088887],[127.450274,37.088889],[127.450616,37.088666],[127.450605,37.088617],[127.450285,37.088822],[127.450245,37.088784],[127.45018,37.088829],[127.449824,37.089283]]]}},{"type":"Feature","id":"SOCHUN:41550:40800004155020180052UJC2000130005","properties":{"MNUM":"40800004155020180052UJC2000130005","admin_code":"41550","sgg_code":"41550","source_layer":"LSMD_CONT_UJ301","semantic":"sochun","stream_name":"거운천","alias_raw":"거운천 예정지","notified_on":"2018-01-30"},"geometry":{"type":"Polygon","coordinates":[[[127.443334,37.115234],[127.443325,37.115178],[127.443242,37.115161],[127.443259,37.115218],[127.443334,37.115234]]]}},{"type":"Feature","id":"SOCHUN:41550:40800004155020180052UJC2000131002","properties":{"MNUM":"40800004155020180052UJC2000131002","admin_code":"41550","sgg_code":"41550","source_layer":"LSMD_CONT_UJ301","semantic":"sochun","stream_name":"집말천","alias_raw":"집말천 예정지","notified_on":"2018-01-30"},"geometry":{"type":"Polygon","coordinates":[[[127.441818,37.117886],[127.44159,37.117831],[127.441246,37.117683],[127.440705,37.117562],[127.440193,37.117167],[127.439754,37.116926],[127.439599,37.116874],[127.439213,37.116831],[127.438744,37.116734],[127.438282,37.116702],[127.436626,37.116795],[127.436383,37.116787],[127.436139,37.116736],[127.436043,37.116766],[127.436503,37.116843],[127.43772,37.116791],[127.438207,37.116743],[127.438805,37.11678],[127.439124,37.116861],[127.439541,37.116912],[127.439777,37.116993],[127.440146,37.117191],[127.440501,37.117496],[127.440674,37.117595],[127.441247,37.117725],[127.441669,37.1179],[127.441814,37.117926],[127.441818,37.117886]]]}},{"type":"Feature","id":"SOCHUN:41550:40800004155020180052UJC1000031001","properties":{"MNUM":"40800004155020180052UJC1000031001","admin_code":"41550","sgg_code":"41550","source_layer":"LSMD_CONT_UJ301","semantic":"sochun","stream_name":"대동천","alias_raw":"대동천 하천구역","notified_on":"2018-01-30"},"geometry":{"type":"Polygon","coordinates":[[[127.310472,36.958679],[127.310492,36.958653],[127.310346,36.958612],[127.310356,36.958587],[127.309183,36.958367],[127.308842,36.958158],[127.308514,36.958155],[127.308167,36.95821],[127.307818,36.958078],[127.30739,36.957818],[127.306149,36.957153],[127.306001,36.95699],[127.305958,36.956742],[127.305865,36.956639],[127.305305,36.956591],[127.304927,36.956501],[127.304897,36.956447],[127.304911,36.956235],[127.304874,36.956158],[127.304445,36.955998],[127.304446,36.955971],[127.304163,36.955903],[127.30395,36.955804],[127.303802,36.95562],[127.30369,36.955405],[127.303598,36.955319],[127.302792,36.95483],[127.302795,36.954783],[127.302568,36.954765],[127.302212,36.954537],[127.301398,36.954122],[127.301308,36.954214],[127.302336,36.954731],[127.302559,36.954814],[127.302827,36.95486],[127.303031,36.95504],[127.303583,36.955387],[127.303738,36.955655],[127.303972,36.955888],[127.304485,36.956046],[127.304818,36.956187],[127.304861,36.956271],[127.304839,36.956496],[127.304903,36.956566],[127.30509,36.956628],[127.305863,36.956706],[127.305945,36.957032],[127.306021,36.957144],[127.306176,36.957274],[127.307833,36.958132],[127.308143,36.958259],[127.308666,36.958202],[127.308855,36.958212],[127.309277,36.958478],[127.310472,36.958679]]]}},{"type":"Feature","id":"SOCHUN:41550:40800004155020180052UJC2000135002","properties":{"MNUM":"40800004155020180052UJC2000135002","admin_code":"41550","sgg_code":"41550","source_layer":"LSMD_CONT_UJ301","semantic":"sochun","stream_name":"큰재천","alias_raw":"큰재천 예정지","notified_on":"2018-01-30"},"geometry":{"type":"Polygon","coordinates":[[[127.430627,37.131562],[127.431075,37.131172],[127.431744,37.130894],[127.432196,37.130414],[127.432295,37.130252],[127.432248,37.130225],[127.432195,37.130276],[127.432102,37.130447],[127.431753,37.130823],[127.430903,37.131212],[127.430547,37.131515],[127.430627,37.131562]]]}},{"type":"Feature","id":"SOCHUN:41550:40800004155020180052UJC1000156001","properties":{"MNUM":"40800004155020180052UJC1000156001","admin_code":"41550","sgg_code":"41550","source_layer":"LSMD_CONT_UJ301","semantic":"sochun","stream_name":"칠장1천","alias_raw":"칠장1천 하천구역","notified_on":"2018-01-30"},"geometry":{"type":"Polygon","coordinates":[[[127.420976,37.028316],[127.421023,37.028281],[127.421209,37.027907],[127.421177,37.027665],[127.421049,37.027492],[127.420768,37.027288],[127.420131,37.026632],[127.420251,37.026202],[127.420215,37.025915],[127.420109,37.025609],[127.419989,37.025511],[127.419865,37.025328],[127.419709,37.024894],[127.419605,37.024762],[127.419493,37.024306],[127.419348,37.024181],[127.419409,37.023947],[127.418826,37.023656],[127.418909,37.023423],[127.418853,37.023285],[127.41884,37.02306],[127.418552,37.022618],[127.418413,37.022485],[127.418045,37.021959],[127.417657,37.021635],[127.417696,37.021129],[127.417388,37.020758],[127.417134,37.020246],[127.417261,37.020016],[127.417307,37.01977],[127.417198,37.019774],[127.417204,37.019949],[127.417028,37.020255],[127.417359,37.02085],[127.417605,37.021151],[127.417618,37.02142],[127.417586,37.021576],[127.417525,37.021642],[127.41779,37.021819],[127.418087,37.022116],[127.418367,37.022517],[127.41853,37.022863],[127.418576,37.022842],[127.418682,37.023003],[127.418764,37.023144],[127.418832,37.023408],[127.418716,37.023694],[127.41877,37.023744],[127.418864,37.023754],[127.4192,37.023879],[127.419323,37.023977],[127.419258,37.024151],[127.419272,37.024208],[127.419439,37.024345],[127.419568,37.024912],[127.419682,37.025042],[127.419736,37.02524],[127.419861,37.025496],[127.42004,37.025641],[127.420217,37.026175],[127.420015,37.02648],[127.419999,37.026661],[127.420357,37.026975],[127.420735,37.027375],[127.421033,37.027546],[127.421089,37.027638],[127.421155,37.027856],[127.421,37.028049],[127.420932,37.028232],[127.420976,37.028316]]]}},{"type":"Feature","id":"SOCHUN:41550:40800004155020180052UJC1000144001","properties":{"MNUM":"40800004155020180052UJC1000144001","admin_code":"41550","sgg_code":"41550","source_layer":"LSMD_CONT_UJ301","semantic":"sochun","stream_name":"구교천","alias_raw":"구교천 하천구역","notified_on":"2018-01-30"},"geometry":{"type":"Polygon","coordinates":[[[127.421002,37.082294],[127.421217,37.082111],[127.421185,37.082091],[127.421297,37.081936],[127.421747,37.081659],[127.422083,37.081571],[127.42236,37.081458],[127.422602,37.081487],[127.422607,37.081458],[127.422732,37.081512],[127.423008,37.081538],[127.423089,37.081534],[127.423297,37.081426],[127.423668,37.081037],[127.424549,37.08029],[127.424924,37.079604],[127.425432,37.079071],[127.425573,37.078803],[127.42569,37.078078],[127.425634,37.077877],[127.425636,37.077607],[127.425596,37.077459],[127.42545,37.077286],[127.42522,37.077113],[127.425212,37.077063],[127.4255,37.076697],[127.425548,37.07652],[127.425591,37.076058],[127.425454,37.075632],[127.425448,37.075416],[127.425509,37.075181],[127.42554,37.075187],[127.42571,37.074718],[127.425633,37.074705],[127.425463,37.075172],[127.425415,37.075413],[127.425421,37.075637],[127.425548,37.076018],[127.42548,37.076605],[127.425453,37.076685],[127.425134,37.077087],[127.425546,37.07746],[127.425595,37.077641],[127.425587,37.077842],[127.425648,37.078138],[127.425543,37.078741],[127.425372,37.079078],[127.42489,37.079567],[127.424638,37.080073],[127.424529,37.080227],[127.423612,37.081039],[127.423341,37.081322],[127.423043,37.081487],[127.422674,37.081455],[127.422608,37.081419],[127.422347,37.081391],[127.422067,37.081522],[127.421669,37.081636],[127.421195,37.081925],[127.421069,37.082123],[127.42091,37.082236],[127.421002,37.082294]]]}},{"type":"Feature","id":"SOCHUN:41550:40800004155020180052UJC1000148001","properties":{"MNUM":"40800004155020180052UJC1000148001","admin_code":"41550","sgg_code":"41550","source_layer":"LSMD_CONT_UJ301","semantic":"sochun","stream_name":"청동천","alias_raw":"청동천 하천구역","notified_on":"2018-01-30"},"geometry":{"type":"Polygon","coordinates":[[[127.399441,37.059291],[127.399557,37.059142],[127.399523,37.059162],[127.399237,37.058802],[127.398767,37.058478],[127.398302,37.058288],[127.397697,37.058253],[127.39758,37.058182],[127.396599,37.058215],[127.396172,37.058387],[127.395937,37.058446],[127.395624,37.058406],[127.395684,37.05835],[127.395526,37.058307],[127.394989,37.058467],[127.394871,37.058463],[127.3947,37.05839],[127.394504,37.058348],[127.394061,37.058368],[127.394063,37.058445],[127.393675,37.05829],[127.393423,37.058303],[127.393244,37.058265],[127.393057,37.058313],[127.392738,37.058306],[127.392544,37.058357],[127.391698,37.058439],[127.391441,37.058528],[127.390807,37.058653],[127.390716,37.058655],[127.390525,37.05859],[127.390107,37.058591],[127.389854,37.058711],[127.389902,37.058738],[127.39015,37.058644],[127.390499,37.058659],[127.39074,37.058726],[127.391073,37.058639],[127.39144,37.058608],[127.391742,37.058501],[127.392492,37.058452],[127.392789,37.05838],[127.393459,37.058357],[127.39369,37.058373],[127.39394,37.058484],[127.394064,37.058501],[127.394066,37.058554],[127.394509,37.058536],[127.394738,37.058635],[127.395047,37.058643],[127.395171,37.058623],[127.395398,37.058508],[127.395525,37.058499],[127.395567,37.058459],[127.395773,37.058526],[127.395908,37.05853],[127.396137,37.058495],[127.39661,37.058286],[127.397022,37.058259],[127.398141,37.058406],[127.398456,37.058468],[127.398587,37.058523],[127.39912,37.058875],[127.399163,37.058919],[127.399146,37.058948],[127.399441,37.059291]]]}},{"type":"Feature","id":"SOCHUN:41550:40800004155020180052UJC1000120001","properties":{"MNUM":"40800004155020180052UJC1000120001","admin_code":"41550","sgg_code":"41550","source_layer":"LSMD_CONT_UJ301","semantic":"sochun","stream_name":"노동천","alias_raw":"노동천 하천구역"},"geometry":{"type":"Polygon","coordinates":[[[127.483906,37.107154],[127.483974,37.10734],[127.484558,37.107621],[127.484739,37.107613],[127.484705,37.107636],[127.484992,37.107578],[127.485175,37.1076],[127.485198,37.107648],[127.485283,37.107626],[127.485281,37.107655],[127.485582,37.107526],[127.485739,37.107524],[127.485845,37.107644],[127.486034,37.108012],[127.486516,37.108567],[127.486925,37.109174],[127.487187,37.109578],[127.487375,37.109984],[127.487662,37.110195],[127.488502,37.111102],[127.488497,37.111232],[127.488416,37.111427],[127.488444,37.111654],[127.488525,37.111656],[127.488615,37.112367],[127.488529,37.113196],[127.488548,37.113255],[127.488658,37.113353],[127.489079,37.113613],[127.489078,37.113655],[127.489168,37.113721],[127.489468,37.114183],[127.489525,37.114219],[127.489663,37.1145],[127.489574,37.115146],[127.489569,37.115618],[127.489323,37.116148],[127.489399,37.116979],[127.489582,37.117152],[127.48961,37.117273],[127.489683,37.117267],[127.489649,37.117113],[127.48945,37.116928],[127.489371,37.116246],[127.489403,37.116078],[127.489596,37.115672],[127.489618,37.115099],[127.48971,37.114501],[127.489441,37.114022],[127.489135,37.11362],[127.488723,37.113363],[127.488582,37.113201],[127.488665,37.112482],[127.488572,37.111657],[127.488611,37.111658],[127.488623,37.111452],[127.488662,37.111444],[127.488705,37.111275],[127.488707,37.111014],[127.488884,37.110986],[127.48888,37.110949],[127.488691,37.110974],[127.488023,37.110309],[127.487508,37.109854],[127.487262,37.10923],[127.4871,37.109084],[127.486698,37.108458],[127.486239,37.107907],[127.486196,37.107906],[127.486087,37.107706],[127.486063,37.107584],[127.486233,37.107657],[127.486289,37.107576],[127.485837,37.107367],[127.485713,37.107354],[127.485547,37.107363],[127.485227,37.107472],[127.484688,37.107496],[127.484543,37.107472],[127.484199,37.107267],[127.483906,37.107154]]]}},{"type":"Feature","id":"SOCHUN:41550:40800004155020180052UJC2000097001","properties":{"MNUM":"40800004155020180052UJC2000097001","admin_code":"41550","sgg_code":"41550","source_layer":"LSMD_CONT_UJ301","semantic":"sochun","stream_name":"독정천","alias_raw":"독정천 예정지"},"geometry":{"type":"Polygon","coordinates":[[[127.167161,37.040517],[127.16725,37.040489],[127.167348,37.040409],[127.1677,37.040434],[127.168263,37.040308],[127.168251,37.040279],[127.167694,37.040373],[127.167314,37.040373],[127.167161,37.040479],[127.167161,37.040517]]]}},{"type":"Feature","id":"SOCHUN:41550:40800004155020180052UJC1000160001","properties":{"MNUM":"40800004155020180052UJC1000160001","admin_code":"41550","sgg_code":"41550","source_layer":"LSMD_CONT_UJ301","semantic":"sochun","stream_name":"장항천","alias_raw":"장항천 하천구역","notified_on":"2018-01-30"},"geometry":{"type":"Polygon","coordinates":[[[127.35961,37.032749],[127.358262,37.033158],[127.358196,37.033228],[127.358209,37.033356],[127.358157,37.03359],[127.357912,37.033918],[127.356949,37.034314],[127.35631,37.034668],[127.35588,37.034636],[127.355622,37.034721],[127.355329,37.034941],[127.355196,37.034974],[127.354803,37.034865],[127.354487,37.034871],[127.354135,37.034798],[127.353475,37.034327],[127.353003,37.034094],[127.352855,37.033903],[127.352812,37.033868],[127.352801,37.0339],[127.352971,37.034111],[127.353458,37.034349],[127.354125,37.034812],[127.354485,37.034888],[127.354798,37.034881],[127.355199,37.03499],[127.355339,37.034955],[127.355635,37.034733],[127.355881,37.034652],[127.356318,37.034683],[127.356503,37.034562],[127.356868,37.034402],[127.357116,37.03434],[127.357515,37.034115],[127.358067,37.033931],[127.358166,37.033837],[127.358202,37.033428],[127.358291,37.03322],[127.359487,37.032858],[127.359637,37.032802],[127.35961,37.032749]]]}},{"type":"Feature","id":"SOCHUN:41550:40800004155020180052UJC1000182001","properties":{"MNUM":"40800004155020180052UJC1000182001","admin_code":"41550","sgg_code":"41550","source_layer":"LSMD_CONT_UJ301","semantic":"sochun","stream_name":"사동천","alias_raw":"사동천 하천구역","notified_on":"2018-01-30"},"geometry":{"type":"Polygon","coordinates":[[[127.297489,37.107715],[127.297602,37.107624],[127.297277,37.107372],[127.297236,37.1073],[127.297185,37.107299],[127.296999,37.107193],[127.297016,37.107176],[127.296682,37.106921],[127.296495,37.10681],[127.296253,37.106708],[127.29624,37.106724],[127.295931,37.106556],[127.295846,37.106481],[127.295689,37.106289],[127.295439,37.105784],[127.29528,37.105654],[127.295181,37.105513],[127.295147,37.105386],[127.295062,37.105262],[127.294538,37.10494],[127.293963,37.104765],[127.293983,37.104452],[127.294016,37.104454],[127.294026,37.104362],[127.294095,37.104323],[127.294113,37.104246],[127.293851,37.10401],[127.293329,37.103633],[127.293055,37.103594],[127.292887,37.103498],[127.292918,37.103569],[127.292845,37.10347],[127.292066,37.102894],[127.291953,37.102855],[127.291641,37.102863],[127.291308,37.102766],[127.291026,37.102234],[127.290603,37.101834],[127.290504,37.101577],[127.29038,37.101404],[127.290011,37.101232],[127.289724,37.100998],[127.289534,37.100955],[127.289523,37.100894],[127.288574,37.100742],[127.288554,37.100848],[127.289553,37.101041],[127.289741,37.101146],[127.289918,37.101321],[127.290217,37.101482],[127.290341,37.101586],[127.290463,37.101885],[127.290909,37.102296],[127.291073,37.102713],[127.29126,37.102883],[127.291375,37.10295],[127.291937,37.102995],[127.292863,37.103617],[127.293263,37.103714],[127.293522,37.103876],[127.293655,37.104019],[127.293827,37.104123],[127.293903,37.104241],[127.293916,37.104352],[127.293857,37.104746],[127.293907,37.104864],[127.294209,37.10496],[127.294332,37.105069],[127.294434,37.105039],[127.294957,37.10536],[127.295375,37.105865],[127.295397,37.105985],[127.29533,37.105985],[127.295403,37.106069],[127.295423,37.106202],[127.295543,37.10629],[127.29568,37.106513],[127.295844,37.106638],[127.296581,37.107001],[127.296614,37.107095],[127.296721,37.107181],[127.296855,37.107219],[127.297308,37.107572],[127.297318,37.107621],[127.297357,37.10761],[127.297489,37.107715]]]}},{"type":"Feature","id":"SOCHUN:41550:40800004155020180052UJC2000019003","properties":{"MNUM":"40800004155020180052UJC2000019003","admin_code":"41550","sgg_code":"41550","source_layer":"LSMD_CONT_UJ301","semantic":"sochun","stream_name":"상남서천","alias_raw":"상남서천 예정지","notified_on":"2018-01-30"},"geometry":{"type":"Polygon","coordinates":[[[127.329219,37.062762],[127.329274,37.06265],[127.329273,37.062542],[127.329219,37.062762]]]}},{"type":"Feature","id":"SOCHUN:41550:40800004155020180052UJC2000060004","properties":{"MNUM":"40800004155020180052UJC2000060004","admin_code":"41550","sgg_code":"41550","source_layer":"LSMD_CONT_UJ301","semantic":"sochun","stream_name":"보체2천","alias_raw":"보체2천 예정지","notified_on":"2018-01-30"},"geometry":{"type":"Polygon","coordinates":[[[127.241808,36.968738],[127.242143,36.968472],[127.242483,36.968553],[127.243066,36.968487],[127.24376,36.968361],[127.244041,36.968109],[127.24425,36.968004],[127.24475,36.967844],[127.244855,36.967733],[127.244959,36.967493],[127.245,36.96749],[127.24502,36.967452],[127.24503,36.967378],[127.245157,36.967243],[127.245398,36.96714],[127.245968,36.967013],[127.246144,36.966934],[127.246077,36.966883],[127.246011,36.96693],[127.245369,36.967108],[127.245194,36.967184],[127.244964,36.967383],[127.244745,36.967786],[127.244042,36.968055],[127.243718,36.968311],[127.242567,36.968504],[127.242419,36.968493],[127.242168,36.968415],[127.24176,36.968707],[127.241808,36.968738]]]}},{"type":"Feature","id":"SOCHUN:41550:40800004155020180052UJC2000188002","properties":{"MNUM":"40800004155020180052UJC2000188002","admin_code":"41550","sgg_code":"41550","source_layer":"LSMD_CONT_UJ301","semantic":"sochun","stream_name":"사곡천","alias_raw":"사곡천 예정지","notified_on":"2018-01-30"},"geometry":{"type":"Polygon","coordinates":[[[127.264506,37.040314],[127.264526,37.040248],[127.263856,37.040144],[127.263245,37.039892],[127.263119,37.039778],[127.262841,37.039417],[127.262524,37.039193],[127.262198,37.038332],[127.262394,37.037751],[127.262377,37.037536],[127.262288,37.037351],[127.261864,37.036747],[127.261869,37.036794],[127.26209,37.037097],[127.26206,37.03711],[127.262179,37.037307],[127.262307,37.037472],[127.262296,37.037806],[127.262253,37.03799],[127.262123,37.038266],[127.262123,37.038356],[127.26246,37.03916],[127.262812,37.039463],[127.263023,37.039752],[127.263275,37.039973],[127.263806,37.040196],[127.264281,37.040251],[127.264506,37.040314]]]}},{"type":"Feature","id":"SOCHUN:41550:40800004155020240093UJC1000003000","properties":{"MNUM":"40800004155020240093UJC1000003000","admin_code":"41550","sgg_code":"41550","source_layer":"LSMD_CONT_UJ301","semantic":"sochun"},"geometry":{"type":"Polygon","coordinates":[[[127.453346,37.056034],[127.453489,37.056145],[127.453584,37.05618],[127.453679,37.056169],[127.453816,37.056258],[127.453947,37.056441],[127.453961,37.056426],[127.454062,37.056474],[127.454077,37.056432],[127.454662,37.056639],[127.454717,37.056637],[127.454738,37.056671],[127.454746,37.05663],[127.454825,37.056605],[127.454968,37.056429],[127.45504,37.056387],[127.455107,37.056386],[127.455359,37.056669],[127.455438,37.056688],[127.45566,37.056924],[127.455862,37.05699],[127.45612,37.057015],[127.456186,37.056985],[127.456338,37.056984],[127.456613,37.057031],[127.456845,37.056921],[127.45688,37.056866],[127.456906,37.056876],[127.45782,37.056155],[127.457907,37.056115],[127.458578,37.056047],[127.458831,37.055882],[127.458844,37.055905],[127.458898,37.055894],[127.458961,37.055837],[127.459115,37.055858],[127.459258,37.055934],[127.459164,37.055937],[127.459219,37.056036],[127.459466,37.056058],[127.459616,37.056125],[127.459786,37.056168],[127.459826,37.056146],[127.459879,37.056176],[127.460069,37.056109],[127.460325,37.056092],[127.460598,37.055912],[127.461072,37.055815],[127.461051,37.055741],[127.460644,37.055821],[127.460305,37.056037],[127.460043,37.056063],[127.459865,37.056125],[127.45991,37.056093],[127.459885,37.056063],[127.459528,37.05594],[127.459298,37.0558],[127.45905,37.055701],[127.459038,37.055643],[127.458996,37.055628],[127.458964,37.055658],[127.458894,37.055632],[127.458668,37.055736],[127.458564,37.055871],[127.458425,37.055921],[127.457841,37.055951],[127.457672,37.056039],[127.457174,37.056446],[127.456624,37.056846],[127.456571,37.056856],[127.456281,37.056809],[127.455997,37.056855],[127.455805,37.056789],[127.455517,37.056503],[127.45527,37.056311],[127.455114,37.056238],[127.454843,37.056304],[127.454657,37.056449],[127.454006,37.056261],[127.453937,37.056162],[127.45383,37.056094],[127.45357,37.056004],[127.453377,37.055824],[127.452966,37.055676],[127.452921,37.055605],[127.452667,37.055481],[127.452688,37.055303],[127.452407,37.05545],[127.452373,37.055503],[127.452292,37.055479],[127.452265,37.055541],[127.452344,37.055569],[127.452271,37.055583],[127.452628,37.05574],[127.452732,37.055838],[127.452848,37.055836],[127.453346,37.056034]]]}},{"type":"Feature","id":"SOCHUN:41550:40800004155020180052UJC1000107001","properties":{"MNUM":"40800004155020180052UJC1000107001","admin_code":"41550","sgg_code":"41550","source_layer":"LSMD_CONT_UJ301","semantic":"sochun","stream_name":"성주제2천","alias_raw":"성주제2천 하천구역","notified_on":"2018-01-30"},"geometry":{"type":"Polygon","coordinates":[[[127.165296,37.086801],[127.165421,37.086755],[127.16541,37.086333],[127.165443,37.086302],[127.165296,37.086075],[127.165057,37.085893],[127.164967,37.085783],[127.164983,37.085693],[127.164916,37.085518],[127.16491,37.085403],[127.164997,37.085189],[127.165001,37.085001],[127.165201,37.084529],[127.165253,37.084288],[127.165513,37.083995],[127.165736,37.08367],[127.165873,37.083563],[127.165892,37.083501],[127.16611,37.083266],[127.166131,37.083078],[127.166008,37.082845],[127.166055,37.082745],[127.16613,37.082718],[127.1663,37.082748],[127.166426,37.082739],[127.166667,37.082467],[127.16723,37.082359],[127.167407,37.082239],[127.16745,37.082221],[127.167465,37.082249],[127.1675,37.082206],[127.167956,37.082056],[127.168003,37.081977],[127.167997,37.081835],[127.16781,37.081589],[127.168059,37.08117],[127.168209,37.080995],[127.1684,37.080886],[127.168479,37.080871],[127.168565,37.080775],[127.168964,37.080629],[127.16916,37.080525],[127.16924,37.08037],[127.169164,37.080312],[127.169064,37.080471],[127.168946,37.080563],[127.168506,37.080712],[127.168386,37.08084],[127.168194,37.080897],[127.168091,37.080996],[127.168053,37.081109],[127.167754,37.0815],[127.167753,37.081625],[127.167929,37.08183],[127.167878,37.082004],[127.167402,37.082137],[127.167038,37.082302],[127.166617,37.082406],[127.166393,37.082659],[127.166163,37.082673],[127.165988,37.082733],[127.165956,37.08278],[127.165946,37.082874],[127.166071,37.083054],[127.166031,37.083099],[127.166043,37.08319],[127.165808,37.083511],[127.165633,37.083685],[127.165458,37.08395],[127.165147,37.084301],[127.165092,37.084539],[127.164959,37.084855],[127.164841,37.08543],[127.164828,37.085722],[127.164862,37.085837],[127.164968,37.085878],[127.16534,37.086309],[127.165361,37.086553],[127.165337,37.086779],[127.165296,37.086801]]]}},{"type":"Feature","id":"SOCHUN:41550:40800004155020180052UJC2000126003","properties":{"MNUM":"40800004155020180052UJC2000126003","admin_code":"41550","sgg_code":"41550","source_layer":"LSMD_CONT_UJ301","semantic":"sochun","stream_name":"죽림천","alias_raw":"죽림천 예정지","notified_on":"2018-01-30"},"geometry":{"type":"Polygon","coordinates":[[[127.453569,37.086923],[127.453594,37.086716],[127.453477,37.086716],[127.453442,37.08692],[127.453569,37.086923]]]}},{"type":"Feature","id":"SOCHUN:41550:40800004155020180052UJC2000126008","properties":{"MNUM":"40800004155020180052UJC2000126008","admin_code":"41550","sgg_code":"41550","source_layer":"LSMD_CONT_UJ301","semantic":"sochun","stream_name":"죽림천","alias_raw":"죽림천 예정지","notified_on":"2018-01-30"},"geometry":{"type":"Polygon","coordinates":[[[127.449083,37.092636],[127.449136,37.092616],[127.448961,37.09242],[127.448956,37.092295],[127.448574,37.091488],[127.448906,37.092311],[127.448954,37.092534],[127.449083,37.092636]]]}},{"type":"Feature","id":"SOCHUN:41550:40800004155020180052UJC2000106001","properties":{"MNUM":"40800004155020180052UJC2000106001","admin_code":"41550","sgg_code":"41550","source_layer":"LSMD_CONT_UJ301","semantic":"sochun","stream_name":"산하천","alias_raw":"산하천 예정지","notified_on":"2018-01-30"},"geometry":{"type":"Polygon","coordinates":[[[127.138397,37.071217],[127.138408,37.071213],[127.138334,37.07113],[127.138325,37.071133],[127.138397,37.071217]]]}},{"type":"Feature","id":"SOCHUN:41550:40800004155020180052UJC2000106011","properties":{"MNUM":"40800004155020180052UJC2000106011","admin_code":"41550","sgg_code":"41550","source_layer":"LSMD_CONT_UJ301","semantic":"sochun","stream_name":"산하천","alias_raw":"산하천 예정지","notified_on":"2018-01-30"},"geometry":{"type":"Polygon","coordinates":[[[127.131584,37.073749],[127.131623,37.073051],[127.131832,37.072655],[127.132178,37.072467],[127.132146,37.072428],[127.13179,37.072637],[127.131566,37.073054],[127.131585,37.073449],[127.131557,37.073655],[127.131502,37.073731],[127.131584,37.073749]]]}},{"type":"Feature","id":"SOCHUN:41550:40800004155020180052UJC2000066013","properties":{"MNUM":"40800004155020180052UJC2000066013","admin_code":"41550","sgg_code":"41550","source_layer":"LSMD_CONT_UJ301","semantic":"sochun","stream_name":"신기천","alias_raw":"신기천 예정지","notified_on":"2018-01-30"},"geometry":{"type":"Polygon","coordinates":[[[127.239062,36.999227],[127.239167,36.999119],[127.239141,36.999103],[127.240029,36.998305],[127.240725,36.997626],[127.239027,36.999159],[127.239079,36.999195],[127.239062,36.999227]]]}},{"type":"Feature","id":"SOCHUN:41550:40800004155020180052UJC1000060001","properties":{"MNUM":"40800004155020180052UJC1000060001","admin_code":"41550","sgg_code":"41550","source_layer":"LSMD_CONT_UJ301","semantic":"sochun","stream_name":"보체2천","alias_raw":"보체2천 하천구역","notified_on":"2018-01-30"},"geometry":{"type":"Polygon","coordinates":[[[127.241847,36.968762],[127.242174,36.968524],[127.242417,36.968593],[127.242626,36.9686],[127.243795,36.968395],[127.244003,36.968194],[127.24419,36.968087],[127.244815,36.967868],[127.245063,36.967456],[127.245293,36.96725],[127.245975,36.967037],[127.246452,36.966839],[127.246802,36.966744],[127.247202,36.966587],[127.247642,36.966248],[127.248175,36.966126],[127.248513,36.965899],[127.248761,36.965817],[127.248522,36.965275],[127.24848,36.965289],[127.248735,36.965795],[127.248609,36.965808],[127.248454,36.965912],[127.248406,36.965901],[127.24807,36.966122],[127.247688,36.966185],[127.247554,36.966259],[127.247344,36.966461],[127.24718,36.966565],[127.246429,36.966808],[127.245968,36.967013],[127.245398,36.96714],[127.245157,36.967243],[127.24503,36.967378],[127.24502,36.967452],[127.245,36.96749],[127.244959,36.967493],[127.244855,36.967733],[127.24475,36.967844],[127.24425,36.968004],[127.244041,36.968109],[127.24376,36.968361],[127.243066,36.968487],[127.242483,36.968553],[127.242143,36.968472],[127.241808,36.968738],[127.241847,36.968762]]]}},{"type":"Feature","id":"SOCHUN:41550:40800004155020180052UJC2000118007","properties":{"MNUM":"40800004155020180052UJC2000118007","admin_code":"41550","sgg_code":"41550","source_layer":"LSMD_CONT_UJ301","semantic":"sochun","stream_name":"국동천","alias_raw":"국동천 예정지","notified_on":"2018-01-30"},"geometry":{"type":"Polygon","coordinates":[[[127.497365,37.107577],[127.497767,37.107175],[127.497827,37.107072],[127.49783,37.106812],[127.497788,37.106598],[127.497703,37.106385],[127.497551,37.105624],[127.497422,37.105243],[127.496688,37.103787],[127.496391,37.103305],[127.49639,37.103357],[127.49661,37.103666],[127.496688,37.103956],[127.496809,37.104236],[127.497345,37.105254],[127.497514,37.105712],[127.497786,37.107119],[127.497628,37.1072],[127.497428,37.107447],[127.497365,37.107577]]]}},{"type":"Feature","id":"SOCHUN:41550:40800004155020250334UJC1000023000","properties":{"MNUM":"40800004155020250334UJC1000023000","admin_code":"41550","sgg_code":"41550","source_layer":"LSMD_CONT_UJ301","semantic":"sochun","stream_name":"양진천","alias_raw":"양진천 하천구역","notified_on":"2025-12-04"},"geometry":{"type":"Polygon","coordinates":[[[127.13741,36.992801],[127.137557,36.992776],[127.137648,36.992804],[127.137742,36.992666],[127.137799,36.992295],[127.13774,36.99209],[127.137765,36.992073],[127.137398,36.991686],[127.137209,36.991268],[127.137233,36.991256],[127.137056,36.990818],[127.137014,36.99047],[127.136903,36.989992],[127.13679,36.98978],[127.136445,36.989335],[127.136319,36.988785],[127.136138,36.988431],[127.135925,36.988194],[127.135773,36.987922],[127.135801,36.987912],[127.135781,36.987876],[127.135755,36.987885],[127.135732,36.987852],[127.135725,36.987764],[127.135791,36.987688],[127.135667,36.987682],[127.135441,36.987369],[127.135349,36.987147],[127.135328,36.986879],[127.135401,36.98661],[127.136083,36.985753],[127.136151,36.985534],[127.136213,36.984883],[127.136162,36.984846],[127.136097,36.984869],[127.135331,36.983962],[127.135351,36.98392],[127.135305,36.983879],[127.13513,36.98402],[127.135926,36.984923],[127.135883,36.984936],[127.135909,36.985009],[127.135789,36.985657],[127.1352,36.986388],[127.135091,36.986605],[127.135032,36.986938],[127.135047,36.987117],[127.135111,36.987343],[127.135402,36.98775],[127.13538,36.987792],[127.135302,36.987813],[127.135326,36.987871],[127.135463,36.98784],[127.135617,36.988064],[127.135726,36.988303],[127.135874,36.988456],[127.136102,36.988916],[127.136184,36.989338],[127.136293,36.989527],[127.136543,36.989794],[127.136689,36.99009],[127.136779,36.990753],[127.137149,36.99166],[127.137284,36.991869],[127.137506,36.992074],[127.13759,36.992194],[127.137621,36.992408],[127.137542,36.992668],[127.137467,36.992744],[127.137362,36.992762],[127.137068,36.993517],[127.137125,36.993535],[127.13741,36.992801]]]}},{"type":"Feature","id":"SOCHUN:41550:40800004155020250353UJC1000024000","properties":{"MNUM":"40800004155020250353UJC1000024000","admin_code":"41550","sgg_code":"41550","source_layer":"LSMD_CONT_UJ301","semantic":"sochun","stream_name":"덕앞뜰천","alias_raw":"덕앞뜰천 하천구역","notified_on":"2025-12-15"},"geometry":{"type":"Polygon","coordinates":[[[127.201137,37.042212],[127.200032,37.042064],[127.199831,37.042089],[127.196783,37.041667],[127.195147,37.041399],[127.194937,37.04149],[127.194674,37.041414],[127.193588,37.041228],[127.193385,37.041179],[127.192943,37.040981],[127.192927,37.04101],[127.192405,37.040961],[127.19239,37.040895],[127.192506,37.040403],[127.19243,37.040464],[127.192423,37.040431],[127.192384,37.040496],[127.192086,37.040396],[127.191934,37.040375],[127.191315,37.04049],[127.190961,37.04064],[127.190627,37.041133],[127.190528,37.041172],[127.190337,37.041158],[127.190331,37.041195],[127.189996,37.041109],[127.189404,37.04077],[127.188943,37.040462],[127.188716,37.040364],[127.188294,37.040305],[127.18751,37.040259],[127.187507,37.040237],[127.186727,37.040157],[127.186125,37.040257],[127.185391,37.040662],[127.185174,37.040689],[127.184532,37.040384],[127.184155,37.04038],[127.183842,37.040492],[127.183861,37.04053],[127.183157,37.040963],[127.182735,37.041154],[127.182617,37.041167],[127.182647,37.04126],[127.18285,37.041205],[127.183231,37.041018],[127.18399,37.04056],[127.184202,37.040482],[127.184426,37.040488],[127.184812,37.040604],[127.1851,37.040773],[127.185168,37.040783],[127.18539,37.040733],[127.185993,37.040417],[127.186196,37.040342],[127.18655,37.04028],[127.187018,37.040276],[127.188725,37.040424],[127.189913,37.041128],[127.190097,37.041187],[127.190514,37.041253],[127.19068,37.041222],[127.190775,37.041141],[127.191008,37.040804],[127.191061,37.040833],[127.191016,37.040896],[127.191221,37.040738],[127.191806,37.040574],[127.191955,37.040568],[127.192188,37.040625],[127.192281,37.040678],[127.192267,37.040907],[127.192327,37.040919],[127.192383,37.041018],[127.192516,37.041057],[127.192913,37.041052],[127.192897,37.041105],[127.192998,37.04113],[127.193057,37.041185],[127.193005,37.041238],[127.193453,37.041406],[127.194542,37.041569],[127.194823,37.041642],[127.197442,37.041983],[127.199805,37.042349],[127.200044,37.042407],[127.201168,37.042529],[127.203295,37.043361],[127.203466,37.043056],[127.201397,37.042274],[127.201137,37.042212]]]}},{"type":"Feature","id":"SOCHUN:41550:40800004155020180052UJC1000019001","properties":{"MNUM":"40800004155020180052UJC1000019001","admin_code":"41550","sgg_code":"41550","source_layer":"LSMD_CONT_UJ301","semantic":"sochun","stream_name":"상남서천","alias_raw":"상남서천 하천구역","notified_on":"2018-01-30"},"geometry":{"type":"Polygon","coordinates":[[[127.332542,37.062558],[127.332584,37.062487],[127.331891,37.062326],[127.331839,37.062289],[127.331095,37.062493],[127.330557,37.062283],[127.330145,37.062304],[127.329831,37.062267],[127.329199,37.062382],[127.329271,37.062531],[127.329274,37.06265],[127.329156,37.062847],[127.328713,37.063248],[127.328432,37.063568],[127.32837,37.063594],[127.328203,37.063579],[127.328148,37.063543],[127.3281,37.063557],[127.328098,37.063599],[127.327851,37.063917],[127.327567,37.063997],[127.327247,37.06413],[127.32621,37.064091],[127.325568,37.064297],[127.32488,37.064635],[127.324713,37.064977],[127.324174,37.065258],[127.324117,37.065267],[127.323385,37.065098],[127.323314,37.065033],[127.32305,37.064913],[127.322972,37.064957],[127.32261,37.065361],[127.322429,37.065789],[127.32262,37.065821],[127.322739,37.065468],[127.32302,37.06515],[127.323802,37.065369],[127.324106,37.065426],[127.324761,37.065084],[127.324832,37.065015],[127.324895,37.064784],[127.325069,37.064611],[127.325441,37.064478],[127.325599,37.064386],[127.325663,37.064388],[127.326308,37.064165],[127.326999,37.064192],[127.327207,37.064246],[127.327931,37.064],[127.328045,37.063763],[127.328116,37.063688],[127.328428,37.063671],[127.328814,37.063309],[127.329174,37.063029],[127.329208,37.063032],[127.329404,37.062699],[127.329408,37.062409],[127.329857,37.062315],[127.330219,37.062352],[127.330458,37.062327],[127.330657,37.062367],[127.331166,37.06261],[127.33169,37.062388],[127.331817,37.062372],[127.332542,37.062558]]]}},{"type":"Feature","id":"SOCHUN:41550:40800004155020180052UJC1000014001","properties":{"MNUM":"40800004155020180052UJC1000014001","admin_code":"41550","sgg_code":"41550","source_layer":"LSMD_CONT_UJ301","semantic":"sochun","stream_name":"북보천","alias_raw":"북보천 하천구역","notified_on":"2018-01-30"},"geometry":{"type":"Polygon","coordinates":[[[127.333682,37.045504],[127.333809,37.045457],[127.333703,37.045113],[127.333705,37.044858],[127.333782,37.044627],[127.333519,37.043988],[127.333484,37.043648],[127.333529,37.043428],[127.333456,37.043362],[127.332838,37.043121],[127.332501,37.042909],[127.332922,37.042569],[127.332848,37.042509],[127.332364,37.042862],[127.331986,37.042738],[127.331338,37.042166],[127.331124,37.042051],[127.331057,37.041979],[127.331016,37.041676],[127.331178,37.041325],[127.331099,37.041161],[127.330645,37.040933],[127.330406,37.040864],[127.330257,37.040732],[127.330163,37.040504],[127.3299,37.040281],[127.329703,37.040243],[127.329526,37.040154],[127.329165,37.039947],[127.328777,37.039663],[127.328227,37.039457],[127.328059,37.039337],[127.327815,37.039221],[127.32769,37.038986],[127.327388,37.038796],[127.326983,37.038266],[127.326755,37.03813],[127.326518,37.038109],[127.326363,37.038132],[127.325922,37.038366],[127.325764,37.038413],[127.325171,37.038375],[127.325012,37.038324],[127.324909,37.038255],[127.32457,37.037808],[127.324409,37.037672],[127.324333,37.037534],[127.323977,37.037478],[127.323779,37.037388],[127.323509,37.03732],[127.323262,37.037303],[127.323299,37.037339],[127.323696,37.037418],[127.323934,37.037535],[127.323944,37.037557],[127.323505,37.037582],[127.323842,37.037741],[127.324038,37.037787],[127.324231,37.037878],[127.324796,37.038459],[127.325141,37.038572],[127.325765,37.038645],[127.325997,37.038958],[127.326163,37.039071],[127.326254,37.039037],[127.325956,37.038534],[127.326325,37.038325],[127.32652,37.038264],[127.326688,37.038279],[127.326822,37.038363],[127.327158,37.038814],[127.327321,37.038966],[127.327494,37.039071],[127.327735,37.039412],[127.327891,37.039552],[127.328616,37.03981],[127.329386,37.040306],[127.329766,37.040474],[127.329964,37.040613],[127.330044,37.040805],[127.330278,37.04104],[127.330831,37.041284],[127.33085,37.041345],[127.33073,37.041534],[127.330691,37.041693],[127.330801,37.042121],[127.330879,37.042202],[127.331191,37.042368],[127.331737,37.042809],[127.332066,37.042949],[127.332207,37.042974],[127.332143,37.04311],[127.332137,37.043235],[127.332299,37.043591],[127.332375,37.043573],[127.33229,37.043233],[127.332361,37.043066],[127.332488,37.043095],[127.33271,37.043257],[127.333259,37.043475],[127.333287,37.044047],[127.333592,37.044623],[127.33348,37.044875],[127.333507,37.045171],[127.333621,37.045496],[127.333682,37.045504]]]}},{"type":"Feature","id":"SOCHUN:41550:40800004155020180052UJC2000118018","properties":{"MNUM":"40800004155020180052UJC2000118018","admin_code":"41550","sgg_code":"41550","source_layer":"LSMD_CONT_UJ301","semantic":"sochun","stream_name":"국동천","alias_raw":"국동천 예정지","notified_on":"2018-01-30"},"geometry":{"type":"Polygon","coordinates":[[[127.49442,37.101088],[127.494356,37.100592],[127.494337,37.100669],[127.49442,37.101088]]]}},{"type":"Feature","id":"SOCHUN:41550:40800004155020180052UJC2000119001","properties":{"MNUM":"40800004155020180052UJC2000119001","admin_code":"41550","sgg_code":"41550","source_layer":"LSMD_CONT_UJ301","semantic":"sochun","stream_name":"상가1천","alias_raw":"상가1천 예정지","notified_on":"2018-01-30"},"geometry":{"type":"Polygon","coordinates":[[[127.488303,37.087974],[127.489603,37.085899],[127.489351,37.086233],[127.488279,37.087901],[127.488235,37.087924],[127.487705,37.08794],[127.488303,37.087974]]]}},{"type":"Feature","id":"SOCHUN:41550:40800004155020180052UJC2000122004","properties":{"MNUM":"40800004155020180052UJC2000122004","admin_code":"41550","sgg_code":"41550","source_layer":"LSMD_CONT_UJ301","semantic":"sochun","stream_name":"판교천","alias_raw":"판교천 예정지","notified_on":"2018-01-30"},"geometry":{"type":"Polygon","coordinates":[[[127.479938,37.070902],[127.479968,37.070827],[127.480107,37.070721],[127.48018,37.070594],[127.480372,37.070401],[127.4804,37.07035],[127.48038,37.070281],[127.479972,37.070791],[127.479938,37.070902]]]}},{"type":"Feature","id":"SOCHUN:41550:40800004155020180052UJC2000126007","properties":{"MNUM":"40800004155020180052UJC2000126007","admin_code":"41550","sgg_code":"41550","source_layer":"LSMD_CONT_UJ301","semantic":"sochun","stream_name":"죽림천","alias_raw":"죽림천 예정지","notified_on":"2018-01-30"},"geometry":{"type":"Polygon","coordinates":[[[127.448555,37.091437],[127.448539,37.091158],[127.448596,37.091018],[127.449486,37.089734],[127.448568,37.091021],[127.448519,37.091175],[127.448555,37.091437]]]}},{"type":"Feature","id":"SOCHUN:41550:40800004155020180052UJC1000153001","properties":{"MNUM":"40800004155020180052UJC1000153001","admin_code":"41550","sgg_code":"41550","source_layer":"LSMD_CONT_UJ301","semantic":"sochun","stream_name":"도화동천","alias_raw":"도화동천 하천구역","notified_on":"2018-01-30"},"geometry":{"type":"Polygon","coordinates":[[[127.449175,37.037297],[127.449233,37.037267],[127.44891,37.037082],[127.44893,37.037056],[127.448622,37.036963],[127.448407,37.036775],[127.448055,37.036771],[127.447928,37.036686],[127.447886,37.036519],[127.44778,37.036438],[127.447369,37.036263],[127.447157,37.03637],[127.447023,37.036296],[127.44687,37.036277],[127.446374,37.036382],[127.446308,37.036517],[127.446237,37.036531],[127.446138,37.036423],[127.445926,37.036313],[127.445729,37.036076],[127.445381,37.03593],[127.444589,37.035756],[127.443736,37.035495],[127.443554,37.035478],[127.443222,37.035601],[127.442618,37.035489],[127.442305,37.035186],[127.442328,37.035172],[127.442187,37.035077],[127.442174,37.034976],[127.442056,37.03492],[127.441556,37.034034],[127.441548,37.033972],[127.441478,37.033896],[127.441442,37.033455],[127.441233,37.033167],[127.441101,37.033058],[127.440347,37.032598],[127.440074,37.032488],[127.439801,37.032461],[127.439857,37.032519],[127.440077,37.032552],[127.44055,37.032784],[127.44068,37.032895],[127.441114,37.033153],[127.441235,37.033266],[127.441322,37.033373],[127.441368,37.03353],[127.441368,37.033861],[127.441402,37.03386],[127.441463,37.034055],[127.441516,37.034074],[127.442084,37.035093],[127.442234,37.035257],[127.442406,37.035344],[127.442512,37.035505],[127.44259,37.035546],[127.443239,37.03568],[127.443541,37.035545],[127.443631,37.035539],[127.444439,37.035762],[127.444586,37.035826],[127.445252,37.035935],[127.445699,37.036133],[127.445823,37.036311],[127.446243,37.036572],[127.446385,37.036564],[127.446416,37.036448],[127.446884,37.036352],[127.447118,37.03643],[127.447381,37.03635],[127.447741,37.036487],[127.447878,37.036749],[127.448087,37.036837],[127.448357,37.036836],[127.4486,37.037019],[127.449015,37.037174],[127.449175,37.037297]]]}},{"type":"Feature","id":"SOCHUN:41550:40800004155020180052UJC2000154003","properties":{"MNUM":"40800004155020180052UJC2000154003","admin_code":"41550","sgg_code":"41550","source_layer":"LSMD_CONT_UJ301","semantic":"sochun","stream_name":"니미리천","alias_raw":"니미리천 예정지","notified_on":"2018-01-30"},"geometry":{"type":"Polygon","coordinates":[[[127.424823,37.037652],[127.424905,37.037601],[127.424744,37.03742],[127.424665,37.03746],[127.424823,37.037652]]]}},{"type":"Feature","id":"SOCHUN:41550:40800004155020180052UJC1000173001","properties":{"MNUM":"40800004155020180052UJC1000173001","admin_code":"41550","sgg_code":"41550","source_layer":"LSMD_CONT_UJ301","semantic":"sochun","stream_name":"품곡천","alias_raw":"품곡천 하천구역","notified_on":"2018-01-30"},"geometry":{"type":"Polygon","coordinates":[[[127.37699,37.101163],[127.377128,37.101129],[127.376861,37.100087],[127.376779,37.099576],[127.376609,37.099033],[127.376171,37.098507],[127.375635,37.098009],[127.375364,37.097703],[127.375254,37.097455],[127.375234,37.097282],[127.375267,37.097084],[127.375225,37.097086],[127.375464,37.096094],[127.375424,37.095945],[127.375239,37.095822],[127.375224,37.095748],[127.37515,37.095701],[127.375061,37.095445],[127.374833,37.095127],[127.374814,37.09487],[127.374727,37.094759],[127.373735,37.093922],[127.373687,37.093954],[127.370684,37.093925],[127.370333,37.093666],[127.370136,37.093014],[127.370062,37.092876],[127.368509,37.092254],[127.368359,37.092167],[127.368286,37.092039],[127.368161,37.091983],[127.3679,37.091936],[127.367645,37.091969],[127.367137,37.091919],[127.366938,37.092012],[127.366114,37.092758],[127.365806,37.092878],[127.365813,37.092917],[127.36574,37.092959],[127.365579,37.092955],[127.364982,37.092839],[127.364933,37.092819],[127.364923,37.092717],[127.364828,37.092717],[127.364747,37.092666],[127.364482,37.09276],[127.364233,37.09301],[127.363682,37.093135],[127.363464,37.093126],[127.363153,37.093159],[127.363131,37.093183],[127.363034,37.093114],[127.362815,37.093053],[127.362692,37.093076],[127.362552,37.093026],[127.362296,37.093026],[127.362099,37.09307],[127.361751,37.09329],[127.361468,37.093118],[127.361401,37.093167],[127.361337,37.093152],[127.361233,37.093216],[127.3611,37.093452],[127.360944,37.09343],[127.360548,37.093256],[127.360509,37.093252],[127.360471,37.093298],[127.360628,37.093409],[127.361125,37.093472],[127.361424,37.093256],[127.361501,37.093258],[127.361622,37.093328],[127.361786,37.093374],[127.362203,37.09313],[127.362319,37.093102],[127.362606,37.093147],[127.362859,37.093141],[127.363091,37.093281],[127.363622,37.093244],[127.364088,37.093168],[127.364296,37.093066],[127.364425,37.093046],[127.364528,37.092903],[127.36462,37.092852],[127.364736,37.092857],[127.365049,37.092964],[127.365495,37.093046],[127.36572,37.093044],[127.365796,37.093002],[127.366004,37.092979],[127.366218,37.092891],[127.366802,37.092315],[127.367116,37.092071],[127.367219,37.092044],[127.367472,37.092114],[127.367842,37.092068],[127.368034,37.0921],[127.368248,37.092286],[127.369936,37.092965],[127.370229,37.093799],[127.370636,37.094044],[127.37358,37.09407],[127.373783,37.094123],[127.373827,37.094205],[127.374527,37.094841],[127.374658,37.095162],[127.374876,37.095444],[127.374952,37.095749],[127.375282,37.096082],[127.374994,37.097123],[127.374998,37.097352],[127.375081,37.097641],[127.37522,37.097855],[127.375413,37.098044],[127.375947,37.098489],[127.37644,37.099105],[127.376581,37.09956],[127.376879,37.100804],[127.376981,37.100991],[127.376958,37.101045],[127.37699,37.101163]]]}},{"type":"Feature","id":"SOCHUN:41550:40800004155020180052UJC2000161005","properties":{"MNUM":"40800004155020180052UJC2000161005","admin_code":"41550","sgg_code":"41550","source_layer":"LSMD_CONT_UJ301","semantic":"sochun","stream_name":"미장천","alias_raw":"미장천 예정지","notified_on":"2018-01-30"},"geometry":{"type":"Polygon","coordinates":[[[127.369195,37.037169],[127.369238,37.037153],[127.369216,37.03711],[127.369167,37.037127],[127.369195,37.037169]]]}},{"type":"Feature","id":"SOCHUN:41550:40800004155020180052UJC2000019001","properties":{"MNUM":"40800004155020180052UJC2000019001","admin_code":"41550","sgg_code":"41550","source_layer":"LSMD_CONT_UJ301","semantic":"sochun","stream_name":"상남서천","alias_raw":"상남서천 예정지","notified_on":"2018-01-30"},"geometry":{"type":"Polygon","coordinates":[[[127.331095,37.062493],[127.331839,37.062289],[127.331851,37.062314],[127.332047,37.062362],[127.332072,37.062302],[127.331818,37.062234],[127.331691,37.062246],[127.331262,37.062398],[127.331098,37.062426],[127.330992,37.062415],[127.330698,37.062266],[127.330515,37.062235],[127.329853,37.062237],[127.329316,37.062346],[127.329831,37.062267],[127.330145,37.062304],[127.330557,37.062283],[127.331095,37.062493]]]}},{"type":"Feature","id":"SOCHUN:41550:40800004155020180052UJC2000038007","properties":{"MNUM":"40800004155020180052UJC2000038007","admin_code":"41550","sgg_code":"41550","source_layer":"LSMD_CONT_UJ301","semantic":"sochun","stream_name":"새터천","alias_raw":"새터천 예정지","notified_on":"2018-01-30"},"geometry":{"type":"Polygon","coordinates":[[[127.33509,36.962589],[127.335046,36.961701],[127.334951,36.961495],[127.334957,36.961371],[127.334874,36.960963],[127.334827,36.960965],[127.334877,36.961316],[127.335048,36.961755],[127.335039,36.962251],[127.33509,36.962589]]]}},{"type":"Feature","id":"SOCHUN:41550:40800004155020180052UJC2000021006","properties":{"MNUM":"40800004155020180052UJC2000021006","admin_code":"41550","sgg_code":"41550","source_layer":"LSMD_CONT_UJ301","semantic":"sochun","stream_name":"동평천","alias_raw":"동평천 예정지","notified_on":"2018-01-30"},"geometry":{"type":"Polygon","coordinates":[[[127.315303,37.089364],[127.315305,37.089363],[127.315274,37.089336],[127.315273,37.089337],[127.315302,37.089364],[127.315303,37.089364]]]}},{"type":"Feature","id":"SOCHUN:41550:40800004155020180052UJC1000017001","properties":{"MNUM":"40800004155020180052UJC1000017001","admin_code":"41550","sgg_code":"41550","source_layer":"LSMD_CONT_UJ301","semantic":"sochun","stream_name":"풍정천","alias_raw":"풍정천 하천구역","notified_on":"2018-01-30"},"geometry":{"type":"Polygon","coordinates":[[[127.322368,37.076751],[127.322514,37.076483],[127.322484,37.076449],[127.322365,37.076641],[127.322299,37.076653],[127.322249,37.076653],[127.322222,37.076622],[127.321028,37.076506],[127.320789,37.076425],[127.3205,37.076211],[127.320178,37.076049],[127.319973,37.075903],[127.319907,37.075932],[127.319407,37.075909],[127.319142,37.075947],[127.318951,37.075909],[127.318648,37.075781],[127.318118,37.0758],[127.31763,37.075731],[127.317355,37.075821],[127.317126,37.07601],[127.316726,37.075906],[127.316226,37.075875],[127.31551,37.075686],[127.314974,37.075762],[127.314499,37.075676],[127.314132,37.075665],[127.31407,37.075801],[127.314275,37.075813],[127.314496,37.075777],[127.315066,37.075934],[127.315546,37.075836],[127.315727,37.075842],[127.316269,37.076019],[127.316712,37.076029],[127.316945,37.0761],[127.317116,37.076109],[127.317187,37.076112],[127.317519,37.075895],[127.317656,37.075873],[127.318172,37.075948],[127.318231,37.075913],[127.3186,37.075901],[127.318707,37.075927],[127.318844,37.076021],[127.319034,37.076055],[127.319308,37.076052],[127.319455,37.076019],[127.31982,37.076035],[127.32025,37.076197],[127.320811,37.076603],[127.321363,37.076624],[127.322368,37.076751]]]}},{"type":"Feature","id":"SOCHUN:41550:40800004155020180052UJC2000034013","properties":{"MNUM":"40800004155020180052UJC2000034013","admin_code":"41550","sgg_code":"41550","source_layer":"LSMD_CONT_UJ301","semantic":"sochun","stream_name":"석남천","alias_raw":"석남천 예정지","notified_on":"2018-01-30"},"geometry":{"type":"Polygon","coordinates":[[[127.314961,36.945315],[127.31495,36.945274],[127.314922,36.945267],[127.314935,36.945308],[127.314961,36.945315]]]}},{"type":"Feature","id":"SOCHUN:41550:40800004155020180052UJC2000118003","properties":{"MNUM":"40800004155020180052UJC2000118003","admin_code":"41550","sgg_code":"41550","source_layer":"LSMD_CONT_UJ301","semantic":"sochun","stream_name":"국동천","alias_raw":"국동천 예정지","notified_on":"2018-01-30"},"geometry":{"type":"Polygon","coordinates":[[[127.493999,37.113979],[127.49404,37.113966],[127.494026,37.113936],[127.493994,37.113946],[127.493999,37.113979]]]}},{"type":"Feature","id":"SOCHUN:41550:40800004155020180052UJC1000147001","properties":{"MNUM":"40800004155020180052UJC1000147001","admin_code":"41550","sgg_code":"41550","source_layer":"LSMD_CONT_UJ301","semantic":"sochun","stream_name":"장계천","alias_raw":"장계천 하천구역","notified_on":"2018-01-30"},"geometry":{"type":"Polygon","coordinates":[[[127.40289,37.060786],[127.40282,37.060436],[127.402787,37.060419],[127.400706,37.059933],[127.400677,37.060004],[127.400366,37.059949],[127.400227,37.059861],[127.4002,37.059827],[127.400251,37.059789],[127.399756,37.059236],[127.399816,37.059116],[127.399751,37.05909],[127.399834,37.058875],[127.399791,37.058338],[127.39957,37.058015],[127.399648,37.058015],[127.399453,37.057429],[127.399211,37.057012],[127.399273,37.056838],[127.399286,37.056565],[127.399181,37.056296],[127.399091,37.056198],[127.399004,37.056198],[127.398659,37.056043],[127.39861,37.055989],[127.398564,37.055489],[127.398592,37.055046],[127.398431,37.054538],[127.3983,37.053714],[127.398396,37.052858],[127.398315,37.052614],[127.398264,37.052224],[127.398339,37.051791],[127.398223,37.051442],[127.398319,37.05125],[127.398355,37.051089],[127.39827,37.050572],[127.398092,37.050243],[127.397652,37.04992],[127.397614,37.049949],[127.397633,37.049966],[127.39804,37.050261],[127.398203,37.050589],[127.39828,37.05099],[127.398287,37.051186],[127.398181,37.051436],[127.398279,37.051833],[127.398207,37.052176],[127.398267,37.053039],[127.398209,37.05361],[127.398358,37.054623],[127.398494,37.055057],[127.398459,37.055933],[127.398552,37.05613],[127.398733,37.056199],[127.398707,37.056238],[127.398892,37.056347],[127.398947,37.056411],[127.398995,37.056731],[127.398937,37.05711],[127.39918,37.057499],[127.399272,37.058016],[127.399389,37.058016],[127.399642,37.0584],[127.399684,37.058955],[127.399441,37.059291],[127.399871,37.059718],[127.4,37.059936],[127.399989,37.059989],[127.400462,37.060236],[127.40289,37.060786]]]}},{"type":"Feature","id":"SOCHUN:41550:40800004155020180052UJC1000049001","properties":{"MNUM":"40800004155020180052UJC1000049001","admin_code":"41550","sgg_code":"41550","source_layer":"LSMD_CONT_UJ301","semantic":"sochun","stream_name":"세재천","alias_raw":"세재천 하천구역","notified_on":"2018-01-30"},"geometry":{"type":"Polygon","coordinates":[[[127.368009,37.026115],[127.367981,37.026072],[127.367976,37.025784],[127.368306,37.024881],[127.368114,37.024174],[127.368086,37.023889],[127.368061,37.023856],[127.367914,37.023822],[127.367793,37.023563],[127.367607,37.023441],[127.367408,37.023193],[127.367294,37.022814],[127.366936,37.022407],[127.366581,37.022157],[127.366517,37.022045],[127.366512,37.021773],[127.366379,37.021387],[127.366504,37.020803],[127.366448,37.020217],[127.36624,37.01964],[127.366008,37.019279],[127.365985,37.019156],[127.366184,37.018907],[127.366435,37.018735],[127.366475,37.018629],[127.366147,37.017596],[127.366026,37.017329],[127.366077,37.01726],[127.366099,37.0171],[127.365956,37.016623],[127.365876,37.016201],[127.365733,37.015972],[127.365193,37.014836],[127.364793,37.014224],[127.364623,37.013722],[127.364507,37.013577],[127.364179,37.013321],[127.363617,37.013024],[127.363549,37.01311],[127.364248,37.013449],[127.364559,37.013747],[127.364624,37.013858],[127.364711,37.014186],[127.365291,37.015166],[127.365777,37.016219],[127.365991,37.016968],[127.365979,37.017342],[127.366044,37.017683],[127.366376,37.018694],[127.366027,37.018969],[127.365931,37.019087],[127.365912,37.019186],[127.365919,37.019252],[127.366235,37.019801],[127.366388,37.020252],[127.366414,37.020917],[127.366258,37.021442],[127.366388,37.021819],[127.366425,37.022112],[127.366893,37.022441],[127.367252,37.02283],[127.367336,37.023249],[127.367563,37.023506],[127.367725,37.023632],[127.367879,37.023864],[127.36802,37.023904],[127.368056,37.024161],[127.368145,37.02436],[127.368165,37.024571],[127.368241,37.024797],[127.368203,37.025049],[127.36805,37.025554],[127.367922,37.025777],[127.367941,37.026069],[127.368009,37.026115]]]}},{"type":"Feature","id":"SOCHUN:41550:40800004155020180052UJC1000042001","properties":{"MNUM":"40800004155020180052UJC1000042001","admin_code":"41550","sgg_code":"41550","source_layer":"LSMD_CONT_UJ301","semantic":"sochun","stream_name":"남산천","alias_raw":"남산천 하천구역","notified_on":"2018-01-30"},"geometry":{"type":"Polygon","coordinates":[[[127.373588,36.96413],[127.373605,36.964519],[127.373847,36.964997],[127.373904,36.965258],[127.373968,36.965365],[127.374013,36.965654],[127.37394,36.965968],[127.373974,36.966185],[127.37415,36.966596],[127.374445,36.967006],[127.374039,36.96724],[127.373965,36.967534],[127.373501,36.968026],[127.37345,36.968193],[127.373469,36.968366],[127.373427,36.968371],[127.373402,36.968954],[127.37333,36.969235],[127.37326,36.969355],[127.373119,36.969511],[127.372423,36.96993],[127.372062,36.970304],[127.372158,36.970874],[127.372047,36.971393],[127.372102,36.971648],[127.372235,36.971949],[127.372222,36.971994],[127.371996,36.972153],[127.371602,36.972677],[127.370709,36.973149],[127.369998,36.973431],[127.369785,36.97362],[127.369683,36.973741],[127.369713,36.973757],[127.369716,36.973843],[127.36966,36.973892],[127.369708,36.974047],[127.369736,36.974479],[127.369682,36.974644],[127.369605,36.974717],[127.369295,36.974828],[127.369042,36.975027],[127.368959,36.97517],[127.369093,36.975219],[127.369051,36.975308],[127.369195,36.975099],[127.369345,36.975006],[127.369748,36.974851],[127.36988,36.974707],[127.369858,36.974592],[127.369935,36.974224],[127.369892,36.973907],[127.369992,36.973706],[127.370402,36.973467],[127.370971,36.973284],[127.371379,36.973008],[127.371451,36.97295],[127.371443,36.972919],[127.371611,36.972851],[127.37178,36.972691],[127.372063,36.972255],[127.37236,36.972029],[127.372395,36.971942],[127.372227,36.971625],[127.372174,36.971399],[127.372194,36.971203],[127.372307,36.970803],[127.372251,36.970794],[127.372278,36.970691],[127.372213,36.970514],[127.372216,36.970366],[127.372512,36.969998],[127.373281,36.969535],[127.37336,36.969457],[127.373521,36.969135],[127.373622,36.968176],[127.374015,36.967743],[127.374245,36.967321],[127.374571,36.967035],[127.37459,36.966936],[127.374563,36.966861],[127.37422,36.966497],[127.374085,36.966157],[127.374133,36.965683],[127.374047,36.965355],[127.374114,36.965289],[127.37409,36.965049],[127.373831,36.964642],[127.373714,36.964298],[127.373707,36.964125],[127.373588,36.96413]]]}},{"type":"Feature","id":"SOCHUN:41550:40800004155020180052UJC2000010001","properties":{"MNUM":"40800004155020180052UJC2000010001","admin_code":"41550","sgg_code":"41550","source_layer":"LSMD_CONT_UJ301","semantic":"sochun","stream_name":"상삼천","alias_raw":"상삼천 예정지","notified_on":"2018-01-30"},"geometry":{"type":"Polygon","coordinates":[[[127.336527,37.029168],[127.336668,37.029135],[127.336766,37.02907],[127.337175,37.028634],[127.337416,37.028633],[127.337614,37.02852],[127.337565,37.028488],[127.337509,37.028538],[127.33739,37.028577],[127.337194,37.028564],[127.337116,37.028616],[127.336773,37.02902],[127.336655,37.029108],[127.336514,37.029131],[127.336527,37.029168]]]}},{"type":"Feature","id":"SOCHUN:41550:40800004155020180052UJC2000066003","properties":{"MNUM":"40800004155020180052UJC2000066003","admin_code":"41550","sgg_code":"41550","source_layer":"LSMD_CONT_UJ301","semantic":"sochun","stream_name":"신기천","alias_raw":"신기천 예정지","notified_on":"2018-01-30"},"geometry":{"type":"Polygon","coordinates":[[[127.248502,36.991047],[127.24981,36.990062],[127.250002,36.989834],[127.250103,36.98966],[127.250239,36.989301],[127.249969,36.989774],[127.249807,36.989979],[127.24943,36.990257],[127.248502,36.991047]]]}},{"type":"Feature","id":"SOCHUN:41550:40800004155020180052UJC2000119005","properties":{"MNUM":"40800004155020180052UJC2000119005","admin_code":"41550","sgg_code":"41550","source_layer":"LSMD_CONT_UJ301","semantic":"sochun","stream_name":"상가1천","alias_raw":"상가1천 예정지","notified_on":"2018-01-30"},"geometry":{"type":"Polygon","coordinates":[[[127.484815,37.096165],[127.484653,37.095556],[127.484837,37.09514],[127.484838,37.094969],[127.484795,37.094843],[127.484597,37.094621],[127.484486,37.094415],[127.48448,37.094066],[127.484569,37.093778],[127.484598,37.093459],[127.484511,37.093447],[127.484476,37.093778],[127.484388,37.094061],[127.484378,37.094287],[127.484441,37.094536],[127.484718,37.094867],[127.484747,37.094945],[127.484758,37.095132],[127.484586,37.095471],[127.484579,37.095588],[127.484735,37.096058],[127.484815,37.096165]]]}},{"type":"Feature","id":"SOCHUN:41550:40800004155020180052UJC2000122008","properties":{"MNUM":"40800004155020180052UJC2000122008","admin_code":"41550","sgg_code":"41550","source_layer":"LSMD_CONT_UJ301","semantic":"sochun","stream_name":"판교천","alias_raw":"판교천 예정지","notified_on":"2018-01-30"},"geometry":{"type":"Polygon","coordinates":[[[127.477626,37.088997],[127.477659,37.088898],[127.477709,37.088204],[127.477639,37.08804],[127.477401,37.087824],[127.477373,37.0877],[127.477545,37.087375],[127.477906,37.086435],[127.478876,37.083771],[127.483418,37.077571],[127.483415,37.077535],[127.483806,37.076954],[127.483749,37.076413],[127.48334,37.074217],[127.482358,37.073334],[127.482272,37.073317],[127.480929,37.07214],[127.480902,37.07216],[127.483301,37.07428],[127.483758,37.076802],[127.483763,37.07696],[127.478847,37.08373],[127.477484,37.087377],[127.477285,37.08772],[127.477341,37.087881],[127.4775,37.087983],[127.477633,37.088219],[127.477561,37.088929],[127.477626,37.088997]]]}},{"type":"Feature","id":"SOCHUN:41550:40800004155020180052UJC2000122003","properties":{"MNUM":"40800004155020180052UJC2000122003","admin_code":"41550","sgg_code":"41550","source_layer":"LSMD_CONT_UJ301","semantic":"sochun","stream_name":"판교천","alias_raw":"판교천 예정지","notified_on":"2018-01-30"},"geometry":{"type":"Polygon","coordinates":[[[127.480438,37.071565],[127.480442,37.07151],[127.480261,37.071112],[127.480102,37.070871],[127.480536,37.070328],[127.480523,37.070222],[127.480503,37.07031],[127.480375,37.070417],[127.480043,37.070878],[127.480057,37.070933],[127.480206,37.071099],[127.48028,37.071338],[127.480438,37.071565]]]}},{"type":"Feature","id":"SOCHUN:41550:40800004155020180052UJC2000124001","properties":{"MNUM":"40800004155020180052UJC2000124001","admin_code":"41550","sgg_code":"41550","source_layer":"LSMD_CONT_UJ301","semantic":"sochun","stream_name":"어리실천","alias_raw":"어리실천 예정지","notified_on":"2018-01-30"},"geometry":{"type":"Polygon","coordinates":[[[127.464556,37.108936],[127.464672,37.108815],[127.464838,37.108487],[127.464556,37.108936]]]}},{"type":"Feature","id":"SOCHUN:41550:40800004155020180052UJC2000124006","properties":{"MNUM":"40800004155020180052UJC2000124006","admin_code":"41550","sgg_code":"41550","source_layer":"LSMD_CONT_UJ301","semantic":"sochun","stream_name":"어리실천","alias_raw":"어리실천 예정지","notified_on":"2018-01-30"},"geometry":{"type":"Polygon","coordinates":[[[127.457155,37.114843],[127.457823,37.114698],[127.458202,37.114568],[127.458473,37.114432],[127.45898,37.114069],[127.459299,37.113724],[127.459607,37.113273],[127.460639,37.112384],[127.460929,37.112122],[127.461022,37.111996],[127.461132,37.111744],[127.461226,37.111037],[127.461322,37.110855],[127.461426,37.110781],[127.462119,37.110519],[127.461916,37.110561],[127.461872,37.110517],[127.461502,37.110653],[127.461242,37.110797],[127.46115,37.110976],[127.461048,37.111689],[127.460872,37.112074],[127.459546,37.113217],[127.459107,37.11384],[127.458901,37.114061],[127.458529,37.114334],[127.458115,37.114534],[127.45772,37.114665],[127.45722,37.114777],[127.457112,37.114784],[127.456542,37.114624],[127.456005,37.114533],[127.456002,37.114556],[127.455906,37.114528],[127.455756,37.114559],[127.455771,37.114602],[127.455917,37.114584],[127.456108,37.114611],[127.457155,37.114843]]]}},{"type":"Feature","id":"SOCHUN:41550:40800004155020180052UJC2000126010","properties":{"MNUM":"40800004155020180052UJC2000126010","admin_code":"41550","sgg_code":"41550","source_layer":"LSMD_CONT_UJ301","semantic":"sochun","stream_name":"죽림천","alias_raw":"죽림천 예정지","notified_on":"2018-01-30"},"geometry":{"type":"Polygon","coordinates":[[[127.449328,37.093373],[127.44941,37.093346],[127.449394,37.093259],[127.449303,37.09331],[127.449328,37.093373]]]}},{"type":"Feature","id":"SOCHUN:41550:40800004155020180052UJC1000135001","properties":{"MNUM":"40800004155020180052UJC1000135001","admin_code":"41550","sgg_code":"41550","source_layer":"LSMD_CONT_UJ301","semantic":"sochun","stream_name":"큰재천","alias_raw":"큰재천 하천구역","notified_on":"2018-01-30"},"geometry":{"type":"Polygon","coordinates":[[[127.430677,37.131592],[127.431037,37.131252],[127.431404,37.13113],[127.431777,37.130945],[127.432112,37.130599],[127.432234,37.130434],[127.432209,37.130417],[127.432232,37.130349],[127.432374,37.130242],[127.432528,37.129996],[127.432896,37.12982],[127.433204,37.129783],[127.433343,37.129706],[127.433391,37.12964],[127.433418,37.129391],[127.433495,37.129173],[127.433725,37.128829],[127.433736,37.128597],[127.433839,37.128353],[127.434039,37.128208],[127.434164,37.128062],[127.434639,37.127757],[127.435257,37.127476],[127.435446,37.12736],[127.435438,37.127332],[127.435409,37.12737],[127.435187,37.127442],[127.434863,37.127622],[127.434602,37.12772],[127.434257,37.127946],[127.433922,37.12825],[127.433764,37.128324],[127.433783,37.128386],[127.433721,37.128425],[127.433655,37.128543],[127.433578,37.128842],[127.433393,37.129179],[127.43329,37.129634],[127.433249,37.129685],[127.433174,37.129726],[127.432835,37.129775],[127.432523,37.129943],[127.432429,37.13002],[127.432196,37.130414],[127.431795,37.130851],[127.431681,37.130932],[127.431158,37.131126],[127.430998,37.13122],[127.430627,37.131562],[127.430677,37.131592]]]}},{"type":"Feature","id":"SOCHUN:41550:40800004155020180052UJC2000017004","properties":{"MNUM":"40800004155020180052UJC2000017004","admin_code":"41550","sgg_code":"41550","source_layer":"LSMD_CONT_UJ301","semantic":"sochun","stream_name":"풍정천","alias_raw":"풍정천 예정지","notified_on":"2018-01-30"},"geometry":{"type":"Polygon","coordinates":[[[127.318825,37.076006],[127.318707,37.075927],[127.3186,37.075901],[127.318231,37.075913],[127.318186,37.07594],[127.318622,37.075919],[127.318825,37.076006]]]}},{"type":"Feature","id":"SOCHUN:41550:40800004155020180052UJC2000017003","properties":{"MNUM":"40800004155020180052UJC2000017003","admin_code":"41550","sgg_code":"41550","source_layer":"LSMD_CONT_UJ301","semantic":"sochun","stream_name":"풍정천","alias_raw":"풍정천 예정지","notified_on":"2018-01-30"},"geometry":{"type":"Polygon","coordinates":[[[127.320625,37.076474],[127.32025,37.076197],[127.319835,37.076037],[127.319455,37.076019],[127.319308,37.076052],[127.319034,37.076055],[127.318871,37.076024],[127.319113,37.076069],[127.319736,37.076048],[127.320307,37.076266],[127.320625,37.076474]]]}},{"type":"Feature","id":"SOCHUN:41550:40800004155020180052UJC2000017005","properties":{"MNUM":"40800004155020180052UJC2000017005","admin_code":"41550","sgg_code":"41550","source_layer":"LSMD_CONT_UJ301","semantic":"sochun","stream_name":"풍정천","alias_raw":"풍정천 예정지","notified_on":"2018-01-30"},"geometry":{"type":"Polygon","coordinates":[[[127.317115,37.07613],[127.317214,37.076108],[127.317478,37.075939],[127.317584,37.075906],[127.318094,37.075942],[127.317614,37.075876],[127.317519,37.075895],[127.317187,37.076112],[127.316981,37.076102],[127.317115,37.07613]]]}},{"type":"Feature","id":"SOCHUN:41550:40800004155020180052UJC2000017011","properties":{"MNUM":"40800004155020180052UJC2000017011","admin_code":"41550","sgg_code":"41550","source_layer":"LSMD_CONT_UJ301","semantic":"sochun","stream_name":"풍정천","alias_raw":"풍정천 예정지","notified_on":"2018-01-30"},"geometry":{"type":"Polygon","coordinates":[[[127.314963,37.07592],[127.314496,37.075777],[127.314385,37.075792],[127.314963,37.07592]]]}},{"type":"Feature","id":"SOCHUN:41550:40800004155020180052UJC2000034011","properties":{"MNUM":"40800004155020180052UJC2000034011","admin_code":"41550","sgg_code":"41550","source_layer":"LSMD_CONT_UJ301","semantic":"sochun","stream_name":"석남천","alias_raw":"석남천 예정지","notified_on":"2018-01-30"},"geometry":{"type":"Polygon","coordinates":[[[127.314641,36.944755],[127.314696,36.944733],[127.31467,36.944694],[127.314612,36.944717],[127.314641,36.944755]]]}},{"type":"Feature","id":"SOCHUN:41550:40800004155020180052UJC2000031004","properties":{"MNUM":"40800004155020180052UJC2000031004","admin_code":"41550","sgg_code":"41550","source_layer":"LSMD_CONT_UJ301","semantic":"sochun","stream_name":"대동천","alias_raw":"대동천 예정지","notified_on":"2018-01-30"},"geometry":{"type":"Polygon","coordinates":[[[127.304365,36.955958],[127.304374,36.955936],[127.30431,36.955919],[127.3043,36.955945],[127.304365,36.955958]]]}},{"type":"Feature","id":"SOCHUN:41550:40800004155020180052UJC2000031001","properties":{"MNUM":"40800004155020180052UJC2000031001","admin_code":"41550","sgg_code":"41550","source_layer":"LSMD_CONT_UJ301","semantic":"sochun","stream_name":"대동천","alias_raw":"대동천 예정지","notified_on":"2018-01-30"},"geometry":{"type":"Polygon","coordinates":[[[127.302793,36.954911],[127.302831,36.954867],[127.302785,36.954837],[127.302745,36.954885],[127.302793,36.954911]]]}},{"type":"Feature","id":"SOCHUN:41550:40800004155020180052UJC1000015001","properties":{"MNUM":"40800004155020180052UJC1000015001","admin_code":"41550","sgg_code":"41550","source_layer":"LSMD_CONT_UJ301","semantic":"sochun","stream_name":"북좌능밑천","alias_raw":"북좌능밑천 하천구역","notified_on":"2018-01-30"},"geometry":{"type":"Polygon","coordinates":[[[127.330674,37.048688],[127.330777,37.048525],[127.33063,37.048197],[127.330637,37.04814],[127.330555,37.048011],[127.330592,37.047753],[127.330437,37.04712],[127.3304,37.04712],[127.330408,37.047053],[127.330635,37.046893],[127.330558,37.046602],[127.330603,37.046394],[127.330781,37.046218],[127.331435,37.045879],[127.331326,37.045654],[127.331341,37.045419],[127.331031,37.045216],[127.330957,37.044938],[127.330673,37.044591],[127.330534,37.044271],[127.330352,37.044037],[127.330323,37.043944],[127.330242,37.043401],[127.330292,37.043157],[127.330042,37.042601],[127.330129,37.042208],[127.330285,37.042141],[127.330254,37.042168],[127.330689,37.042326],[127.331005,37.042261],[127.330879,37.042202],[127.330786,37.042075],[127.330769,37.042098],[127.330458,37.041992],[127.330348,37.042087],[127.330162,37.042104],[127.330025,37.042187],[127.329932,37.042575],[127.330138,37.043169],[127.330199,37.043863],[127.33027,37.044064],[127.330462,37.044242],[127.330564,37.044521],[127.330865,37.044902],[127.330953,37.045212],[127.331271,37.045424],[127.331288,37.045488],[127.331252,37.045657],[127.331356,37.045864],[127.331099,37.045975],[127.330798,37.046163],[127.330524,37.046452],[127.330513,37.046607],[127.330581,37.046857],[127.330394,37.047028],[127.330376,37.047129],[127.330498,37.047562],[127.330525,37.047794],[127.330502,37.048054],[127.330667,37.048473],[127.330611,37.048644],[127.330674,37.048688]]]}},{"type":"Feature","id":"SOCHUN:41550:40800004155020180052UJC2000021012","properties":{"MNUM":"40800004155020180052UJC2000021012","admin_code":"41550","sgg_code":"41550","source_layer":"LSMD_CONT_UJ301","semantic":"sochun","stream_name":"동평천","alias_raw":"동평천 예정지","notified_on":"2018-01-30"},"geometry":{"type":"Polygon","coordinates":[[[127.307766,37.088286],[127.307952,37.088258],[127.308366,37.088078],[127.30907,37.087708],[127.30875,37.087828],[127.307972,37.088212],[127.307855,37.088245],[127.307731,37.088242],[127.307151,37.088122],[127.306836,37.087996],[127.306825,37.088014],[127.307116,37.088135],[127.307766,37.088286]]]}},{"type":"Feature","id":"SOCHUN:41550:40800004155020180052UJC2000017014","properties":{"MNUM":"40800004155020180052UJC2000017014","admin_code":"41550","sgg_code":"41550","source_layer":"LSMD_CONT_UJ301","semantic":"sochun","stream_name":"풍정천","alias_raw":"풍정천 예정지","notified_on":"2018-01-30"},"geometry":{"type":"Polygon","coordinates":[[[127.335077,36.96357],[127.335087,36.963547],[127.335087,36.96353],[127.335094,36.96351],[127.335099,36.963505],[127.335136,36.963286],[127.335149,36.963198],[127.335151,36.96315],[127.335155,36.963138],[127.335155,36.963121],[127.335153,36.963101],[127.335153,36.963103],[127.335153,36.963104],[127.335153,36.963105],[127.335152,36.963106],[127.335152,36.963107],[127.335152,36.963108],[127.335152,36.963109],[127.335152,36.96311],[127.335152,36.96311],[127.335152,36.963111],[127.335152,36.963112],[127.335152,36.963113],[127.335152,36.963114],[127.335152,36.963115],[127.335151,36.963116],[127.335151,36.963117],[127.335151,36.963118],[127.335151,36.963119],[127.335151,36.963119],[127.335151,36.96312],[127.335151,36.963121],[127.335151,36.963122],[127.335151,36.963123],[127.335151,36.963124],[127.33515,36.963125],[127.33515,36.963126],[127.33515,36.963127],[127.33515,36.963128],[127.33515,36.963128],[127.33515,36.963129],[127.33515,36.96313],[127.33515,36.963131],[127.33515,36.963132],[127.33515,36.963133],[127.335149,36.963134],[127.335149,36.963135],[127.335149,36.963136],[127.335149,36.963136],[127.335149,36.963137],[127.335149,36.963138],[127.335077,36.96357]]]}},{"type":"Feature","id":"SOCHUN:41550:40800004155020180052UJC2000021003","properties":{"MNUM":"40800004155020180052UJC2000021003","admin_code":"41550","sgg_code":"41550","source_layer":"LSMD_CONT_UJ301","semantic":"sochun","stream_name":"동평천","alias_raw":"동평천 예정지","notified_on":"2018-01-30"},"geometry":{"type":"Polygon","coordinates":[[[127.320744,37.089882],[127.320749,37.089882],[127.320749,37.089882],[127.320753,37.089846],[127.320748,37.089846],[127.320744,37.089882]]]}},{"type":"Feature","id":"SOCHUN:41550:40800004155020180052UJC2000166006","properties":{"MNUM":"40800004155020180052UJC2000166006","admin_code":"41550","sgg_code":"41550","source_layer":"LSMD_CONT_UJ301","semantic":"sochun","stream_name":"월곡천","alias_raw":"월곡천 예정지","notified_on":"2018-01-30"},"geometry":{"type":"Polygon","coordinates":[[[127.383151,37.078184],[127.382827,37.078049],[127.382545,37.077931],[127.382338,37.077845],[127.381987,37.077703],[127.381472,37.077497],[127.381152,37.077366],[127.380821,37.077226],[127.38086,37.077245],[127.38116,37.07738],[127.381925,37.077685],[127.382193,37.077798],[127.382567,37.077945],[127.382878,37.078078],[127.382898,37.078086],[127.383062,37.078149],[127.383151,37.078184]]]}},{"type":"Feature","id":"SOCHUN:41550:40800004155020180052UJC1000169001","properties":{"MNUM":"40800004155020180052UJC1000169001","admin_code":"41550","sgg_code":"41550","source_layer":"LSMD_CONT_UJ301","semantic":"sochun","stream_name":"음촌1천","alias_raw":"음촌1천 하천구역","notified_on":"2018-01-30"},"geometry":{"type":"Polygon","coordinates":[[[127.358354,37.080058],[127.35838,37.080047],[127.3583,37.079928],[127.35832,37.079865],[127.358218,37.079679],[127.358085,37.079558],[127.35791,37.079466],[127.357199,37.079195],[127.356307,37.078922],[127.356082,37.078796],[127.35583,37.078547],[127.355565,37.078465],[127.355226,37.078435],[127.354716,37.078095],[127.354333,37.078128],[127.354211,37.078106],[127.353852,37.077807],[127.353366,37.07758],[127.353234,37.07743],[127.35326,37.077402],[127.353187,37.077251],[127.353091,37.077179],[127.352765,37.077106],[127.352366,37.077068],[127.352062,37.076873],[127.352003,37.076964],[127.352391,37.077162],[127.352814,37.077187],[127.35305,37.077252],[127.353123,37.077312],[127.353301,37.077594],[127.353831,37.077841],[127.354205,37.078149],[127.354716,37.078161],[127.354812,37.078207],[127.355106,37.078454],[127.355733,37.078567],[127.356022,37.078834],[127.356351,37.079013],[127.356621,37.079083],[127.35695,37.079212],[127.357177,37.079248],[127.357993,37.079575],[127.358193,37.079757],[127.358354,37.080058]]]}},{"type":"Feature","id":"SOCHUN:41550:40800004155020180052UJC2000129003","properties":{"MNUM":"40800004155020180052UJC2000129003","admin_code":"41550","sgg_code":"41550","source_layer":"LSMD_CONT_UJ301","semantic":"sochun","stream_name":"등치골천","alias_raw":"등치골천 예정지","notified_on":"2018-01-30"},"geometry":{"type":"Polygon","coordinates":[[[127.442894,37.109835],[127.442918,37.10981],[127.442839,37.109756],[127.442274,37.109036],[127.441769,37.108467],[127.441522,37.108119],[127.441469,37.108142],[127.441444,37.108177],[127.441513,37.108311],[127.441691,37.108552],[127.442133,37.109008],[127.442782,37.109765],[127.442894,37.109835]]]}},{"type":"Feature","id":"SOCHUN:41550:40800004155020180052UJC2000130001","properties":{"MNUM":"40800004155020180052UJC2000130001","admin_code":"41550","sgg_code":"41550","source_layer":"LSMD_CONT_UJ301","semantic":"sochun","stream_name":"거운천","alias_raw":"거운천 예정지","notified_on":"2018-01-30"},"geometry":{"type":"Polygon","coordinates":[[[127.441558,37.11223],[127.441603,37.112206],[127.441528,37.11204],[127.441206,37.111589],[127.440455,37.110885],[127.439845,37.109829],[127.439677,37.10942],[127.439585,37.109032],[127.439543,37.107534],[127.439479,37.10744],[127.439396,37.107458],[127.439443,37.107536],[127.43946,37.108824],[127.439568,37.109351],[127.439836,37.110004],[127.44037,37.110946],[127.440731,37.111335],[127.441233,37.111726],[127.441384,37.111919],[127.441558,37.11223]]]}},{"type":"Feature","id":"SOCHUN:41550:40800004155020180052UJC1000053001","properties":{"MNUM":"40800004155020180052UJC1000053001","admin_code":"41550","sgg_code":"41550","source_layer":"LSMD_CONT_UJ301","semantic":"sochun","stream_name":"방아다리천","alias_raw":"방아다리천 하천구역","notified_on":"2018-01-30"},"geometry":{"type":"Polygon","coordinates":[[[127.266227,36.941545],[127.266942,36.941175],[127.268801,36.940079],[127.268794,36.939934],[127.269004,36.939734],[127.269578,36.939598],[127.270128,36.939557],[127.270169,36.939548],[127.270148,36.939502],[127.269606,36.939567],[127.269059,36.939669],[127.268941,36.939743],[127.268773,36.939926],[127.268719,36.939887],[127.268223,36.940191],[127.268169,36.940186],[127.2661,36.941434],[127.266029,36.941412],[127.2653,36.941413],[127.264469,36.941351],[127.262294,36.941276],[127.261323,36.941266],[127.261276,36.941298],[127.261044,36.941328],[127.260662,36.941251],[127.260455,36.941109],[127.25988,36.940847],[127.259405,36.940711],[127.258849,36.940631],[127.258301,36.940516],[127.257832,36.94039],[127.257517,36.940267],[127.25689,36.940228],[127.256522,36.93987],[127.256385,36.939264],[127.255751,36.938944],[127.254641,36.939123],[127.254646,36.939143],[127.254541,36.939136],[127.25297,36.939367],[127.252588,36.939447],[127.247788,36.94019],[127.24787,36.940289],[127.248319,36.940231],[127.249405,36.940042],[127.249973,36.939983],[127.250307,36.939914],[127.251301,36.939783],[127.252132,36.939622],[127.254609,36.939251],[127.255798,36.939045],[127.256281,36.93935],[127.256396,36.939823],[127.256445,36.939836],[127.256506,36.939989],[127.256911,36.940314],[127.257498,36.940343],[127.258091,36.940533],[127.258821,36.9407],[127.259427,36.940765],[127.260421,36.941139],[127.260624,36.941285],[127.260689,36.941276],[127.261092,36.941365],[127.261693,36.94136],[127.265947,36.941503],[127.266065,36.941486],[127.266156,36.941491],[127.266227,36.941545]]]}},{"type":"Feature","id":"SOCHUN:41550:40800004155020180052UJC1000102001","properties":{"MNUM":"40800004155020180052UJC1000102001","admin_code":"41550","sgg_code":"41550","source_layer":"LSMD_CONT_UJ301","semantic":"sochun","stream_name":"신촌제2천","alias_raw":"신촌제2천 하천구역","notified_on":"2018-01-30"},"geometry":{"type":"Polygon","coordinates":[[[127.134658,37.087077],[127.13499,37.087064],[127.135196,37.087006],[127.135534,37.087053],[127.135879,37.08699],[127.13604,37.086914],[127.136407,37.08645],[127.136541,37.086171],[127.136811,37.086207],[127.137036,37.086195],[127.138088,37.085901],[127.138096,37.085851],[127.138869,37.085557],[127.139256,37.085362],[127.139955,37.085227],[127.140168,37.085076],[127.140291,37.084771],[127.1404,37.084623],[127.140622,37.084571],[127.140808,37.084343],[127.14094,37.084254],[127.140876,37.08416],[127.14071,37.084279],[127.140513,37.084493],[127.140302,37.084589],[127.140179,37.084706],[127.140027,37.08511],[127.139715,37.08514],[127.13927,37.085247],[127.138503,37.085585],[127.138416,37.085654],[127.137944,37.08581],[127.136885,37.086101],[127.136521,37.086076],[127.136448,37.08616],[127.136338,37.086178],[127.136298,37.086419],[127.136051,37.086678],[127.135924,37.086861],[127.135457,37.086964],[127.135203,37.086913],[127.13485,37.086981],[127.13466,37.086977],[127.134405,37.086818],[127.133756,37.086173],[127.133566,37.086054],[127.133333,37.085997],[127.133049,37.086011],[127.132993,37.086057],[127.132414,37.086064],[127.132291,37.086114],[127.132055,37.08615],[127.131487,37.086145],[127.13086,37.086079],[127.130598,37.086091],[127.130474,37.086146],[127.130232,37.086094],[127.130237,37.086062],[127.129861,37.086011],[127.129555,37.086044],[127.129172,37.085963],[127.128946,37.086051],[127.128866,37.086037],[127.128717,37.086096],[127.128592,37.086338],[127.128416,37.086539],[127.128368,37.086551],[127.127591,37.086521],[127.126761,37.086564],[127.126316,37.086557],[127.126302,37.086537],[127.126018,37.086777],[127.125902,37.086761],[127.125283,37.086821],[127.124843,37.086693],[127.124831,37.086718],[127.125307,37.086852],[127.125955,37.086803],[127.126062,37.086849],[127.126453,37.086705],[127.126619,37.08668],[127.126881,37.086693],[127.127694,37.086644],[127.128306,37.086728],[127.128406,37.086704],[127.128604,37.086591],[127.128634,37.086601],[127.128837,37.086206],[127.129041,37.086097],[127.129152,37.086085],[127.129408,37.086103],[127.130192,37.086319],[127.130877,37.086186],[127.131245,37.086266],[127.131936,37.086272],[127.132466,37.086244],[127.133333,37.0861],[127.133451,37.086123],[127.133694,37.086274],[127.134368,37.08696],[127.134658,37.087077]]]}},{"type":"Feature","id":"SOCHUN:41550:40800004155020180052UJC2000181002","properties":{"MNUM":"40800004155020180052UJC2000181002","admin_code":"41550","sgg_code":"41550","source_layer":"LSMD_CONT_UJ301","semantic":"sochun","stream_name":"느티골천","alias_raw":"느티골천 예정지","notified_on":"2018-01-30"},"geometry":{"type":"Polygon","coordinates":[[[127.284296,37.099771],[127.284522,37.099748],[127.2848,37.099623],[127.284928,37.099537],[127.285209,37.099189],[127.285615,37.098941],[127.285338,37.099078],[127.285104,37.099241],[127.284969,37.099449],[127.284812,37.099587],[127.28451,37.099716],[127.284347,37.099744],[127.284034,37.09974],[127.284296,37.099771]]]}},{"type":"Feature","id":"SOCHUN:41550:40800004155020180052UJC2000093012","properties":{"MNUM":"40800004155020180052UJC2000093012","admin_code":"41550","sgg_code":"41550","source_layer":"LSMD_CONT_UJ301","semantic":"sochun","stream_name":"강문천","alias_raw":"강문천 예정지","notified_on":"2018-01-30"},"geometry":{"type":"Polygon","coordinates":[[[127.127139,37.037883],[127.12715,37.037856],[127.127122,37.037853],[127.127139,37.037883]]]}},{"type":"Feature","id":"SOCHUN:41550:40800004155020180052UJC2000011004","properties":{"MNUM":"40800004155020180052UJC2000011004","admin_code":"41550","sgg_code":"41550","source_layer":"LSMD_CONT_UJ301","semantic":"sochun","stream_name":"이전천","alias_raw":"이전천 예정지","notified_on":"2018-01-30"},"geometry":{"type":"Polygon","coordinates":[[[127.29106,37.05692],[127.290925,37.056606],[127.290742,37.056343],[127.290764,37.056276],[127.290683,37.056245],[127.290651,37.056306],[127.29069,37.056312],[127.290725,37.056417],[127.290857,37.056596],[127.290943,37.05682],[127.29106,37.05692]]]}},{"type":"Feature","id":"SOCHUN:41550:40800004155020180052UJC2000054004","properties":{"MNUM":"40800004155020180052UJC2000054004","admin_code":"41550","sgg_code":"41550","source_layer":"LSMD_CONT_UJ301","semantic":"sochun","stream_name":"청용천","alias_raw":"청용천 예정지","notified_on":"2018-01-30"},"geometry":{"type":"Polygon","coordinates":[[[127.288884,36.912221],[127.288867,36.911913],[127.28874,36.911638],[127.288618,36.911545],[127.288229,36.911448],[127.288096,36.911347],[127.288038,36.911386],[127.288176,36.911492],[127.288553,36.911596],[127.288664,36.911669],[127.288793,36.911965],[127.288828,36.912162],[127.288863,36.912164],[127.288884,36.912221]]]}},{"type":"Feature","id":"SOCHUN:41550:40800004155020180052UJC2000067002","properties":{"MNUM":"40800004155020180052UJC2000067002","admin_code":"41550","sgg_code":"41550","source_layer":"LSMD_CONT_UJ301","semantic":"sochun","stream_name":"신촌천","alias_raw":"신촌천 예정지","notified_on":"2018-01-30"},"geometry":{"type":"Polygon","coordinates":[[[127.212827,37.008752],[127.2129,37.008676],[127.212602,37.00848],[127.212526,37.008464],[127.212513,37.008525],[127.212478,37.008526],[127.212827,37.008752]]]}},{"type":"Feature","id":"SOCHUN:41550:40800004155020180052UJC1000185001","properties":{"MNUM":"40800004155020180052UJC1000185001","admin_code":"41550","sgg_code":"41550","source_layer":"LSMD_CONT_UJ301","semantic":"sochun","stream_name":"중리천","alias_raw":"중리천 하천구역","notified_on":"2018-01-30"},"geometry":{"type":"Polygon","coordinates":[[[127.286954,36.986767],[127.287064,36.986717],[127.286994,36.986626],[127.287027,36.986607],[127.286802,36.986359],[127.286712,36.98621],[127.286625,36.985904],[127.286635,36.985786],[127.287837,36.981057],[127.288249,36.979615],[127.2883,36.979464],[127.288731,36.979035],[127.28896,36.978505],[127.289085,36.978064],[127.289061,36.977249],[127.289003,36.976995],[127.288894,36.97673],[127.288594,36.976306],[127.288329,36.975764],[127.288013,36.975472],[127.287893,36.975246],[127.287871,36.975173],[127.287966,36.975056],[127.287995,36.97508],[127.288035,36.97501],[127.288037,36.974564],[127.288084,36.974233],[127.288083,36.974197],[127.287919,36.974164],[127.287935,36.97446],[127.28788,36.974689],[127.287939,36.974901],[127.287881,36.975003],[127.287893,36.975049],[127.287846,36.975041],[127.287732,36.975215],[127.28774,36.975316],[127.287815,36.975479],[127.288251,36.975899],[127.288432,36.976322],[127.288694,36.97667],[127.288838,36.97696],[127.288927,36.977262],[127.288939,36.97807],[127.28892,36.978228],[127.288807,36.978558],[127.288681,36.978747],[127.288593,36.978986],[127.28817,36.979402],[127.28808,36.979592],[127.287374,36.98236],[127.286441,36.985774],[127.286478,36.98605],[127.286598,36.98629],[127.286849,36.986708],[127.286923,36.986709],[127.286954,36.986767]]]}},{"type":"Feature","id":"SOCHUN:41550:40800004155020180052UJC2000054001","properties":{"MNUM":"40800004155020180052UJC2000054001","admin_code":"41550","sgg_code":"41550","source_layer":"LSMD_CONT_UJ301","semantic":"sochun","stream_name":"청용천","alias_raw":"청용천 예정지","notified_on":"2018-01-30"},"geometry":{"type":"Polygon","coordinates":[[[127.288346,36.913227],[127.288405,36.9132],[127.28848,36.913028],[127.288419,36.913062],[127.288369,36.913047],[127.28833,36.913137],[127.28838,36.913152],[127.288346,36.913227]]]}},{"type":"Feature","id":"SOCHUN:41550:40800004155020180052UJC2000181006","properties":{"MNUM":"40800004155020180052UJC2000181006","admin_code":"41550","sgg_code":"41550","source_layer":"LSMD_CONT_UJ301","semantic":"sochun","stream_name":"느티골천","alias_raw":"느티골천 예정지","notified_on":"2018-01-30"},"geometry":{"type":"Polygon","coordinates":[[[127.287132,37.097874],[127.287121,37.097694],[127.287106,37.097837],[127.287132,37.097874]]]}},{"type":"Feature","id":"SOCHUN:41550:40800004155020180052UJC2000054005","properties":{"MNUM":"40800004155020180052UJC2000054005","admin_code":"41550","sgg_code":"41550","source_layer":"LSMD_CONT_UJ301","semantic":"sochun","stream_name":"청용천","alias_raw":"청용천 예정지","notified_on":"2018-01-30"},"geometry":{"type":"Polygon","coordinates":[[[127.288975,36.912236],[127.288997,36.912172],[127.289037,36.912174],[127.289021,36.911932],[127.288939,36.911681],[127.288837,36.911547],[127.288796,36.91157],[127.288878,36.911723],[127.28899,36.912092],[127.288975,36.912236]]]}},{"type":"Feature","id":"SOCHUN:41550:40800004155020180052UJC2000054002","properties":{"MNUM":"40800004155020180052UJC2000054002","admin_code":"41550","sgg_code":"41550","source_layer":"LSMD_CONT_UJ301","semantic":"sochun","stream_name":"청용천","alias_raw":"청용천 예정지","notified_on":"2018-01-30"},"geometry":{"type":"Polygon","coordinates":[[[127.288425,36.913319],[127.288445,36.913276],[127.288479,36.913286],[127.288518,36.913197],[127.288484,36.913188],[127.288502,36.913133],[127.288425,36.913319]]]}},{"type":"Feature","id":"SOCHUN:41550:40800004155020180052UJC1000067001","properties":{"MNUM":"40800004155020180052UJC1000067001","admin_code":"41550","sgg_code":"41550","source_layer":"LSMD_CONT_UJ301","semantic":"sochun","stream_name":"신촌천","alias_raw":"신촌천 하천구역","notified_on":"2018-01-30"},"geometry":{"type":"Polygon","coordinates":[[[127.228072,37.019593],[127.228261,37.019572],[127.228389,37.019513],[127.228416,37.019269],[127.228485,37.019203],[127.228434,37.019014],[127.228598,37.018941],[127.228819,37.018908],[127.229035,37.019044],[127.229182,37.019059],[127.229245,37.019012],[127.229183,37.018941],[127.229211,37.018877],[127.229404,37.018809],[127.229606,37.018809],[127.22995,37.018966],[127.230001,37.018912],[127.229561,37.018746],[127.229186,37.018833],[127.229088,37.018995],[127.228884,37.018884],[127.228681,37.018868],[127.228383,37.018984],[127.228438,37.019171],[127.228362,37.019238],[127.228354,37.019473],[127.228319,37.019522],[127.228145,37.019563],[127.227863,37.01953],[127.227346,37.019535],[127.227136,37.01943],[127.227051,37.019311],[127.226624,37.019157],[127.226393,37.018759],[127.225241,37.018413],[127.225208,37.018375],[127.225194,37.018214],[127.225136,37.018123],[127.22509,37.018107],[127.224962,37.018136],[127.224735,37.01755],[127.2244,37.017439],[127.224207,37.017057],[127.22406,37.016933],[127.223862,37.016886],[127.223427,37.01685],[127.223151,37.016768],[127.223132,37.016803],[127.223021,37.016776],[127.223033,37.016733],[127.222738,37.016674],[127.222375,37.016734],[127.222152,37.016702],[127.221467,37.016354],[127.22117,37.016069],[127.220872,37.015994],[127.220302,37.01571],[127.220224,37.0156],[127.220224,37.015283],[127.22028,37.015291],[127.220312,37.015144],[127.2204,37.014637],[127.2204,37.014593],[127.220344,37.014592],[127.220447,37.014348],[127.220458,37.014159],[127.220284,37.013744],[127.220245,37.013506],[127.220173,37.013333],[127.220202,37.01329],[127.220191,37.013176],[127.220101,37.012655],[127.21987,37.012044],[127.219804,37.011751],[127.219707,37.011743],[127.219667,37.011634],[127.219457,37.011714],[127.21877,37.01166],[127.215627,37.010572],[127.215347,37.010447],[127.215185,37.010221],[127.214778,37.00937],[127.214842,37.009138],[127.214119,37.008969],[127.213487,37.008744],[127.212835,37.00862],[127.212612,37.00848],[127.212579,37.008279],[127.212594,37.008062],[127.212567,37.007973],[127.212518,37.007944],[127.212485,37.008027],[127.212505,37.008324],[127.212468,37.008519],[127.212513,37.008525],[127.212526,37.008464],[127.212602,37.00848],[127.212944,37.008712],[127.213296,37.008777],[127.214766,37.009169],[127.214706,37.009385],[127.215198,37.010456],[127.215328,37.010556],[127.215619,37.010622],[127.218594,37.011671],[127.219067,37.01175],[127.219188,37.011748],[127.219203,37.011718],[127.219463,37.011743],[127.219644,37.011695],[127.219952,37.012893],[127.220102,37.01333],[127.220137,37.013339],[127.220128,37.01339],[127.220236,37.013702],[127.220222,37.013757],[127.220364,37.014158],[127.220335,37.014518],[127.220292,37.014586],[127.220192,37.01513],[127.220191,37.01537],[127.220156,37.015369],[127.22013,37.01554],[127.22014,37.015657],[127.220204,37.015737],[127.220251,37.015765],[127.220271,37.015742],[127.220953,37.01608],[127.22107,37.016095],[127.221645,37.016497],[127.221922,37.016649],[127.222241,37.016768],[127.222383,37.016775],[127.222714,37.016703],[127.223351,37.016925],[127.224007,37.017003],[127.224199,37.01719],[127.224196,37.017228],[127.224364,37.017468],[127.224521,37.017543],[127.224599,37.01756],[127.224612,37.017524],[127.22471,37.017565],[127.224925,37.018183],[127.224974,37.018208],[127.225116,37.018165],[127.225202,37.018436],[127.225591,37.018527],[127.225941,37.018683],[127.226355,37.018792],[127.226563,37.019167],[127.22667,37.019235],[127.227016,37.019338],[127.227103,37.019457],[127.227214,37.019523],[127.227419,37.01958],[127.227813,37.019561],[127.228072,37.019593]]]}},{"type":"Feature","id":"SOCHUN:41550:40800004155020180052UJC1000077001","properties":{"MNUM":"40800004155020180052UJC1000077001","admin_code":"41550","sgg_code":"41550","source_layer":"LSMD_CONT_UJ301","semantic":"sochun","stream_name":"산우물천","alias_raw":"산우물천 하천구역","notified_on":"2018-01-30"},"geometry":{"type":"Polygon","coordinates":[[[127.196687,37.081832],[127.196766,37.081815],[127.197191,37.081564],[127.197224,37.081569],[127.197498,37.081365],[127.197862,37.081025],[127.198263,37.080966],[127.198437,37.080913],[127.198585,37.080789],[127.199028,37.080529],[127.199132,37.080399],[127.199213,37.080148],[127.199638,37.079597],[127.199886,37.079446],[127.200115,37.079135],[127.200305,37.079002],[127.200515,37.078909],[127.200772,37.078895],[127.200998,37.078808],[127.201129,37.078682],[127.201249,37.07838],[127.201484,37.078147],[127.201803,37.077999],[127.202203,37.078087],[127.202765,37.07802],[127.203298,37.078168],[127.20365,37.078351],[127.205415,37.077881],[127.206534,37.077309],[127.20719,37.077276],[127.207493,37.076551],[127.207585,37.076404],[127.207969,37.076106],[127.208046,37.076075],[127.208257,37.076075],[127.208979,37.075807],[127.209,37.075577],[127.208322,37.075772],[127.208184,37.075859],[127.208175,37.075903],[127.207885,37.075997],[127.207672,37.07613],[127.207384,37.076502],[127.207173,37.077087],[127.207097,37.077174],[127.206969,37.077207],[127.206703,37.077182],[127.206413,37.077228],[127.205476,37.077717],[127.205165,37.077833],[127.205184,37.07787],[127.205074,37.077917],[127.203628,37.078278],[127.203322,37.078109],[127.202845,37.077978],[127.202677,37.077965],[127.202144,37.078017],[127.201948,37.077923],[127.201907,37.077858],[127.201533,37.078039],[127.201335,37.078168],[127.201255,37.078258],[127.201054,37.078657],[127.200967,37.078756],[127.200775,37.078843],[127.200441,37.078847],[127.200095,37.079068],[127.199869,37.07934],[127.199567,37.079592],[127.199457,37.079796],[127.199168,37.080112],[127.199079,37.080384],[127.198991,37.080495],[127.198625,37.080688],[127.198498,37.080806],[127.198374,37.080864],[127.197805,37.080971],[127.197162,37.081535],[127.196746,37.081787],[127.196655,37.081798],[127.196266,37.081706],[127.1953,37.081789],[127.194365,37.081579],[127.19418,37.08166],[127.194132,37.081685],[127.194163,37.081719],[127.194361,37.081611],[127.195321,37.081822],[127.196267,37.081738],[127.196687,37.081832]]]}},{"type":"Feature","id":"SOCHUN:41550:40800004155020180052UJC2000002004","properties":{"MNUM":"40800004155020180052UJC2000002004","admin_code":"41550","sgg_code":"41550","source_layer":"LSMD_CONT_UJ301","semantic":"sochun","stream_name":"원승두천","alias_raw":"원승두천 예정지","notified_on":"2018-01-30"},"geometry":{"type":"Polygon","coordinates":[[[127.162231,36.991925],[127.162143,36.991511],[127.162147,36.9917],[127.162231,36.991925]]]}},{"type":"Feature","id":"SOCHUN:41550:40800004155020180052UJC2000073005","properties":{"MNUM":"40800004155020180052UJC2000073005","admin_code":"41550","sgg_code":"41550","source_layer":"LSMD_CONT_UJ301","semantic":"sochun","stream_name":"덕앞뜰천","alias_raw":"덕앞뜰천 예정지","notified_on":"2018-01-30"},"geometry":{"type":"Polygon","coordinates":[[[127.18545,37.040747],[127.186093,37.040421],[127.1864,37.040341],[127.186908,37.04031],[127.18846,37.040438],[127.188464,37.040391],[127.187018,37.040276],[127.186434,37.040293],[127.185993,37.040417],[127.185426,37.040713],[127.18545,37.040747]]]}},{"type":"Feature","id":"SOCHUN:41550:40800004155020180052UJC2000011002","properties":{"MNUM":"40800004155020180052UJC2000011002","admin_code":"41550","sgg_code":"41550","source_layer":"LSMD_CONT_UJ301","semantic":"sochun","stream_name":"이전천","alias_raw":"이전천 예정지","notified_on":"2018-01-30"},"geometry":{"type":"Polygon","coordinates":[[[127.284325,37.067228],[127.284375,37.067203],[127.284473,37.066974],[127.284513,37.066945],[127.284812,37.066979],[127.284945,37.066816],[127.285205,37.066675],[127.285545,37.067118],[127.286211,37.066831],[127.28649,37.066628],[127.286737,37.06659],[127.28708,37.066469],[127.287377,37.066531],[127.288121,37.066063],[127.288497,37.065927],[127.288801,37.065856],[127.289127,37.065832],[127.289127,37.065797],[127.288704,37.065852],[127.288113,37.066029],[127.287394,37.066495],[127.287068,37.06645],[127.286723,37.066567],[127.286463,37.066619],[127.286174,37.06682],[127.28559,37.067077],[127.285242,37.066654],[127.285165,37.066637],[127.284939,37.066761],[127.2848,37.066952],[127.284556,37.066893],[127.284448,37.066921],[127.284325,37.067228]]]}},{"type":"Feature","id":"SOCHUN:41550:40800004155020180052UJC1000054001","properties":{"MNUM":"40800004155020180052UJC1000054001","admin_code":"41550","sgg_code":"41550","source_layer":"LSMD_CONT_UJ301","semantic":"sochun","stream_name":"청용천","alias_raw":"청용천 하천구역","notified_on":"2018-01-30"},"geometry":{"type":"Polygon","coordinates":[[[127.290243,36.921664],[127.290307,36.921646],[127.289582,36.920488],[127.289772,36.920023],[127.289797,36.919813],[127.290033,36.919642],[127.29039,36.919302],[127.290749,36.919049],[127.290809,36.918971],[127.290634,36.918478],[127.290687,36.918175],[127.290526,36.917973],[127.290462,36.917837],[127.290505,36.917754],[127.290769,36.917541],[127.290794,36.917408],[127.29074,36.917277],[127.29038,36.916908],[127.289994,36.916199],[127.289439,36.915817],[127.289455,36.915601],[127.289412,36.915254],[127.289313,36.915019],[127.288886,36.914647],[127.288697,36.914439],[127.288397,36.913933],[127.288309,36.913595],[127.288645,36.912842],[127.288757,36.912687],[127.288929,36.912527],[127.28899,36.912092],[127.288878,36.911723],[127.288694,36.911435],[127.288269,36.911338],[127.288202,36.911282],[127.288221,36.911258],[127.287871,36.910873],[127.287665,36.910414],[127.287038,36.90967],[127.286792,36.909478],[127.286579,36.909362],[127.286302,36.909363],[127.286017,36.909307],[127.286023,36.909279],[127.285865,36.909259],[127.285756,36.909205],[127.285335,36.908923],[127.285262,36.908781],[127.284992,36.90886],[127.285115,36.908958],[127.285269,36.909159],[127.285442,36.909265],[127.285967,36.909456],[127.286235,36.909478],[127.286316,36.909445],[127.286569,36.909532],[127.286719,36.909632],[127.287468,36.910508],[127.287661,36.91097],[127.288194,36.91143],[127.288331,36.911485],[127.288547,36.91152],[127.28869,36.911588],[127.288791,36.911717],[127.288867,36.911913],[127.28889,36.912129],[127.28884,36.912488],[127.288556,36.912842],[127.288405,36.9132],[127.288346,36.913227],[127.288206,36.913594],[127.288277,36.913887],[127.288661,36.914586],[127.289218,36.915057],[127.289308,36.915299],[127.289395,36.915818],[127.28964,36.91605],[127.289937,36.916264],[127.29021,36.916824],[127.290623,36.917391],[127.2906,36.917534],[127.290352,36.917739],[127.290302,36.917866],[127.29033,36.917989],[127.290426,36.918124],[127.29057,36.91825],[127.290555,36.918451],[127.290598,36.918938],[127.289998,36.91945],[127.289822,36.919674],[127.289718,36.919837],[127.289708,36.920017],[127.289548,36.920485],[127.290243,36.921664]]]}},{"type":"Feature","id":"SOCHUN:41550:40800004155020180052UJC2000186002","properties":{"MNUM":"40800004155020180052UJC2000186002","admin_code":"41550","sgg_code":"41550","source_layer":"LSMD_CONT_UJ301","semantic":"sochun","stream_name":"당왕천","alias_raw":"당왕천 예정지","notified_on":"2018-01-30"},"geometry":{"type":"Polygon","coordinates":[[[127.267639,37.019045],[127.267646,37.019006],[127.267417,37.018972],[127.267413,37.019016],[127.267639,37.019045]]]}},{"type":"Feature","id":"SOCHUN:41550:40800004155020180052UJC2000066010","properties":{"MNUM":"40800004155020180052UJC2000066010","admin_code":"41550","sgg_code":"41550","source_layer":"LSMD_CONT_UJ301","semantic":"sochun","stream_name":"신기천","alias_raw":"신기천 예정지","notified_on":"2018-01-30"},"geometry":{"type":"Polygon","coordinates":[[[127.241312,36.997359],[127.241362,36.997322],[127.241344,36.997305],[127.241312,36.997359]]]}},{"type":"Feature","id":"SOCHUN:41550:40800004155020180052UJC2000067007","properties":{"MNUM":"40800004155020180052UJC2000067007","admin_code":"41550","sgg_code":"41550","source_layer":"LSMD_CONT_UJ301","semantic":"sochun","stream_name":"신촌천","alias_raw":"신촌천 예정지","notified_on":"2018-01-30"},"geometry":{"type":"Polygon","coordinates":[[[127.222313,37.016842],[127.222703,37.016769],[127.222996,37.016829],[127.223014,37.016789],[127.2227,37.016702],[127.222383,37.016775],[127.222241,37.016768],[127.221869,37.016622],[127.221449,37.01638],[127.221341,37.016288],[127.221229,37.016373],[127.221771,37.016718],[127.222313,37.016842]]]}},{"type":"Feature","id":"SOCHUN:41550:40800004155020180052UJC2000066012","properties":{"MNUM":"40800004155020180052UJC2000066012","admin_code":"41550","sgg_code":"41550","source_layer":"LSMD_CONT_UJ301","semantic":"sochun","stream_name":"신기천","alias_raw":"신기천 예정지","notified_on":"2018-01-30"},"geometry":{"type":"Polygon","coordinates":[[[127.238705,36.99972],[127.238726,36.999667],[127.239063,36.999356],[127.238726,36.999655],[127.238705,36.99972]]]}},{"type":"Feature","id":"SOCHUN:41550:40800004155020180052UJC1000066001","properties":{"MNUM":"40800004155020180052UJC1000066001","admin_code":"41550","sgg_code":"41550","source_layer":"LSMD_CONT_UJ301","semantic":"sochun","stream_name":"신기천","alias_raw":"신기천 하천구역","notified_on":"2018-01-30"},"geometry":{"type":"Polygon","coordinates":[[[127.238078,37.000424],[127.238727,36.99975],[127.238726,36.999655],[127.239063,36.999356],[127.239087,36.999389],[127.239124,36.999378],[127.24107,36.997628],[127.241544,36.997113],[127.241576,36.995712],[127.241622,36.995263],[127.241587,36.994953],[127.241608,36.994857],[127.241584,36.994853],[127.241685,36.994793],[127.241782,36.994677],[127.2418,36.994598],[127.242188,36.994032],[127.242297,36.993716],[127.242379,36.99373],[127.242417,36.993566],[127.242473,36.993486],[127.242681,36.993302],[127.242914,36.993173],[127.243563,36.993114],[127.243874,36.99304],[127.244052,36.992941],[127.244296,36.992899],[127.244703,36.992735],[127.245522,36.992726],[127.24557,36.992755],[127.246576,36.992253],[127.246734,36.99193],[127.247014,36.991731],[127.247257,36.99142],[127.247482,36.991223],[127.247468,36.991187],[127.247641,36.991121],[127.247866,36.99111],[127.248419,36.991206],[127.248496,36.991197],[127.248624,36.991117],[127.248648,36.991072],[127.24868,36.991073],[127.250032,36.989999],[127.250372,36.989362],[127.25055,36.989128],[127.250743,36.988782],[127.251169,36.987788],[127.251411,36.987551],[127.25189,36.987328],[127.252643,36.98704],[127.253342,36.986943],[127.254317,36.987067],[127.255,36.98736],[127.255328,36.987425],[127.255936,36.987749],[127.256052,36.987784],[127.255333,36.987417],[127.255004,36.987351],[127.254504,36.987126],[127.254164,36.987025],[127.253343,36.986934],[127.252907,36.986977],[127.252637,36.987026],[127.251882,36.987315],[127.251545,36.987459],[127.251337,36.987583],[127.251153,36.987782],[127.251082,36.98795],[127.251006,36.987959],[127.250475,36.989051],[127.250238,36.989289],[127.250157,36.989562],[127.249874,36.989996],[127.248576,36.991011],[127.248359,36.991066],[127.24782,36.990947],[127.247663,36.991033],[127.247463,36.991095],[127.247283,36.991199],[127.247184,36.991299],[127.246989,36.991592],[127.246598,36.99188],[127.246495,36.992085],[127.246466,36.992076],[127.246402,36.99218],[127.24549,36.992629],[127.244627,36.992641],[127.244626,36.992673],[127.244276,36.992803],[127.24363,36.992995],[127.242843,36.993088],[127.242489,36.993298],[127.24228,36.993507],[127.242261,36.993694],[127.242174,36.993925],[127.241538,36.99486],[127.241556,36.995267],[127.241491,36.995982],[127.24153,36.996413],[127.241501,36.997063],[127.241289,36.997241],[127.241144,36.997273],[127.24087,36.997494],[127.240029,36.998305],[127.239141,36.999103],[127.239167,36.999119],[127.239055,36.999253],[127.238698,36.999589],[127.238641,36.999562],[127.238283,36.999901],[127.237914,37.000306],[127.237946,37.000398],[127.238078,37.000424]]]}},{"type":"Feature","id":"SOCHUN:41550:40800004155020180052UJC2000084001","properties":{"MNUM":"40800004155020180052UJC2000084001","admin_code":"41550","sgg_code":"41550","source_layer":"LSMD_CONT_UJ301","semantic":"sochun","stream_name":"장서2천","alias_raw":"장서2천 예정지","notified_on":"2018-01-30"},"geometry":{"type":"Polygon","coordinates":[[[127.219014,37.102049],[127.219141,37.102012],[127.219055,37.101532],[127.219077,37.10134],[127.219218,37.101065],[127.219183,37.101012],[127.219053,37.101116],[127.218959,37.101384],[127.218957,37.101618],[127.219045,37.101963],[127.21899,37.10198],[127.219014,37.102049]]]}},{"type":"Feature","id":"SOCHUN:41550:40800004155020233472UJC1000023000","properties":{"MNUM":"40800004155020233472UJC1000023000","admin_code":"41550","sgg_code":"41550","source_layer":"LSMD_CONT_UJ301","semantic":"sochun","stream_name":"약산천","alias_raw":"약산천","notified_on":"2023-12-28"},"geometry":{"type":"Polygon","coordinates":[[[127.266476,37.117479],[127.266191,37.117408],[127.265851,37.117382],[127.265856,37.117349],[127.265773,37.11732],[127.265244,37.117351],[127.265022,37.117303],[127.264832,37.117208],[127.264546,37.116912],[127.264347,37.116765],[127.264294,37.116789],[127.264013,37.116386],[127.26386,37.116266],[127.263771,37.116244],[127.263444,37.116258],[127.262899,37.116012],[127.262454,37.116064],[127.262337,37.116088],[127.262349,37.116116],[127.262201,37.116134],[127.262061,37.116038],[127.261881,37.115798],[127.26174,37.11567],[127.261562,37.115608],[127.261557,37.115629],[127.260146,37.115863],[127.259892,37.115975],[127.259739,37.11601],[127.259379,37.115987],[127.258953,37.115921],[127.258786,37.115863],[127.258095,37.115897],[127.25802,37.115855],[127.257923,37.115853],[127.257729,37.115786],[127.257355,37.115576],[127.256705,37.115311],[127.256659,37.115339],[127.256282,37.115208],[127.255862,37.11516],[127.255736,37.115118],[127.25548,37.114953],[127.255254,37.114856],[127.254475,37.114708],[127.254489,37.114658],[127.25407,37.114557],[127.253981,37.114492],[127.253871,37.114529],[127.253976,37.114693],[127.253946,37.11485],[127.254048,37.11487],[127.254144,37.114841],[127.254797,37.114956],[127.255255,37.115074],[127.255652,37.115298],[127.256452,37.115438],[127.256584,37.115517],[127.25729,37.115793],[127.257423,37.115935],[127.257572,37.11595],[127.257641,37.115994],[127.257681,37.116082],[127.257805,37.116121],[127.258031,37.116147],[127.258836,37.116132],[127.259618,37.116238],[127.259915,37.116227],[127.260051,37.116191],[127.260161,37.116106],[127.260313,37.116053],[127.260936,37.115923],[127.261153,37.115888],[127.261273,37.115897],[127.261306,37.115869],[127.261671,37.115824],[127.261694,37.115917],[127.261662,37.115888],[127.261668,37.115918],[127.261732,37.115999],[127.262014,37.11628],[127.262117,37.116328],[127.262188,37.116321],[127.262216,37.116278],[127.262834,37.116183],[127.263399,37.116399],[127.263709,37.116378],[127.26379,37.116396],[127.264166,37.116914],[127.264306,37.116984],[127.264369,37.117099],[127.26449,37.117046],[127.264643,37.117204],[127.264586,37.117224],[127.26464,37.117294],[127.26497,37.117457],[127.265143,37.117505],[127.265106,37.11758],[127.265144,37.117612],[127.265206,37.117613],[127.265221,37.117574],[127.265335,37.117527],[127.265352,37.117476],[127.265659,37.117443],[127.265925,37.11745],[127.266254,37.117471],[127.266802,37.117692],[127.266855,37.117613],[127.266476,37.117479]]]}},{"type":"Feature","id":"SOCHUN:41550:40800004155020230386UJC2000000016","properties":{"MNUM":"40800004155020230386UJC2000000016","admin_code":"41550","sgg_code":"41550","source_layer":"LSMD_CONT_UJ301","semantic":"sochun","alias_raw":"소하천예정지","notified_on":"2023-12-29"},"geometry":{"type":"Polygon","coordinates":[[[127.242704,37.012428],[127.242664,37.012313],[127.242588,37.012316],[127.242597,37.012432],[127.242704,37.012428]]]}},{"type":"Feature","id":"SOCHUN:41550:40800004155020180052UJC2000073003","properties":{"MNUM":"40800004155020180052UJC2000073003","admin_code":"41550","sgg_code":"41550","source_layer":"LSMD_CONT_UJ301","semantic":"sochun","stream_name":"덕앞뜰천","alias_raw":"덕앞뜰천 예정지","notified_on":"2018-01-30"},"geometry":{"type":"Polygon","coordinates":[[[127.190315,37.041164],[127.190328,37.041127],[127.189897,37.040995],[127.188914,37.040383],[127.188621,37.040305],[127.188612,37.040349],[127.188874,37.040424],[127.189996,37.041109],[127.190307,37.04119],[127.190315,37.041164]]]}},{"type":"Feature","id":"SOCHUN:41550:40800004155020230386UJC2000000015","properties":{"MNUM":"40800004155020230386UJC2000000015","admin_code":"41550","sgg_code":"41550","source_layer":"LSMD_CONT_UJ301","semantic":"sochun","alias_raw":"소하천예정지","notified_on":"2023-12-29"},"geometry":{"type":"Polygon","coordinates":[[[127.243208,37.013234],[127.243103,37.013058],[127.243038,37.013026],[127.24279,37.012566],[127.242755,37.012568],[127.242713,37.012604],[127.242949,37.013087],[127.243091,37.013108],[127.243208,37.013234]]]}},{"type":"Feature","id":"SOCHUN:41550:40800004155020180052UJC1000155001","properties":{"MNUM":"40800004155020180052UJC1000155001","admin_code":"41550","sgg_code":"41550","source_layer":"LSMD_CONT_UJ301","semantic":"sochun","stream_name":"곰내미천","alias_raw":"곰내미천 하천구역"},"geometry":{"type":"Polygon","coordinates":[[[127.411993,37.005072],[127.412217,37.005123],[127.412731,37.005347],[127.413175,37.00535],[127.413644,37.005295],[127.414161,37.005319],[127.414471,37.005434],[127.414555,37.005549],[127.414718,37.005675],[127.415163,37.005881],[127.415577,37.005895],[127.416008,37.005966],[127.416577,37.00577],[127.416658,37.005767],[127.416953,37.005883],[127.417114,37.005881],[127.417456,37.005818],[127.417799,37.005902],[127.418166,37.0061],[127.418778,37.006128],[127.419403,37.006209],[127.419485,37.006152],[127.419847,37.006109],[127.41986,37.006042],[127.420594,37.005839],[127.420973,37.00585],[127.421559,37.005956],[127.42159,37.005934],[127.421628,37.005954],[127.421674,37.005899],[127.421357,37.005788],[127.420708,37.005714],[127.420156,37.005797],[127.420006,37.005874],[127.419559,37.005989],[127.418866,37.005997],[127.418189,37.005957],[127.417851,37.005725],[127.417339,37.005699],[127.41709,37.005792],[127.416839,37.005663],[127.416723,37.005638],[127.416555,37.005661],[127.416069,37.005826],[127.415251,37.005785],[127.41513,37.005746],[127.414783,37.005462],[127.414519,37.005301],[127.414304,37.00521],[127.413846,37.005188],[127.412868,37.005219],[127.412357,37.005017],[127.412014,37.004944],[127.411993,37.005072]]]}},{"type":"Feature","id":"SOCHUN:41550:40800004155020180052UJC1000171001","properties":{"MNUM":"40800004155020180052UJC1000171001","admin_code":"41550","sgg_code":"41550","source_layer":"LSMD_CONT_UJ301","semantic":"sochun","stream_name":"배태천","alias_raw":"배태천 하천구역"},"geometry":{"type":"Polygon","coordinates":[[[127.349965,37.090019],[127.350002,37.09004],[127.349989,37.090075],[127.35007,37.090106],[127.350553,37.08943],[127.350643,37.089418],[127.350686,37.089361],[127.350661,37.089225],[127.350547,37.089062],[127.350786,37.088723],[127.350843,37.088576],[127.350929,37.088497],[127.351482,37.088125],[127.351671,37.087841],[127.352162,37.087723],[127.352375,37.087824],[127.352449,37.087763],[127.352424,37.087739],[127.352512,37.087658],[127.352415,37.08773],[127.352402,37.087702],[127.352577,37.087544],[127.352666,37.087404],[127.35263,37.087374],[127.352838,37.086815],[127.352878,37.086549],[127.35281,37.08652],[127.352724,37.086013],[127.352749,37.085879],[127.352775,37.085822],[127.352812,37.085828],[127.352819,37.085723],[127.35294,37.085436],[127.353053,37.085373],[127.353212,37.085443],[127.353259,37.085355],[127.353123,37.085302],[127.353115,37.085275],[127.353218,37.085163],[127.353493,37.084999],[127.353653,37.084855],[127.353938,37.084751],[127.354109,37.084641],[127.354226,37.084484],[127.354264,37.084327],[127.354527,37.084025],[127.354575,37.084041],[127.354593,37.084006],[127.354546,37.08399],[127.354732,37.083724],[127.354912,37.083658],[127.355562,37.083273],[127.355664,37.083271],[127.355765,37.083331],[127.355821,37.083286],[127.355695,37.083154],[127.355799,37.083026],[127.355993,37.082645],[127.355998,37.082454],[127.355895,37.082151],[127.355936,37.082091],[127.356074,37.082029],[127.356056,37.081951],[127.356157,37.08194],[127.356138,37.081819],[127.356009,37.08182],[127.355794,37.081932],[127.355665,37.082068],[127.355625,37.082367],[127.355671,37.082502],[127.355652,37.082603],[127.355476,37.082911],[127.355437,37.082912],[127.355354,37.082819],[127.355279,37.082853],[127.355371,37.083052],[127.354733,37.083418],[127.354332,37.083528],[127.35438,37.083672],[127.354358,37.083787],[127.3542,37.084044],[127.353997,37.084226],[127.353956,37.084386],[127.353886,37.084492],[127.353769,37.084567],[127.353473,37.084671],[127.353003,37.084969],[127.352608,37.085334],[127.352412,37.085876],[127.352367,37.085869],[127.352357,37.085911],[127.352395,37.085917],[127.352381,37.086101],[127.352501,37.086493],[127.352507,37.086661],[127.352442,37.087031],[127.352213,37.08749],[127.352141,37.087505],[127.352033,37.087601],[127.351668,37.087678],[127.351437,37.087804],[127.351282,37.087992],[127.351223,37.088148],[127.351155,37.088229],[127.350813,37.088483],[127.350379,37.08912],[127.350384,37.089191],[127.350494,37.089354],[127.35012,37.089868],[127.350031,37.08992],[127.349965,37.090019]]]}},{"type":"Feature","id":"SOCHUN:41550:40800004155020180052UJC2000120015","properties":{"MNUM":"40800004155020180052UJC2000120015","admin_code":"41550","sgg_code":"41550","source_layer":"LSMD_CONT_UJ301","semantic":"sochun","stream_name":"노동천","alias_raw":"노동천 예정지","notified_on":"2019-04-18"},"geometry":{"type":"Polygon","coordinates":[[[127.488474,37.113163],[127.488485,37.113263],[127.48858,37.113374],[127.488994,37.113634],[127.489079,37.113613],[127.488593,37.113307],[127.488529,37.113196],[127.488615,37.112367],[127.488525,37.111656],[127.48848,37.111655],[127.488569,37.112409],[127.488474,37.113163]]]}},{"type":"Feature","id":"SOCHUN:41550:40800004155020230386UJC2000000014","properties":{"MNUM":"40800004155020230386UJC2000000014","admin_code":"41550","sgg_code":"41550","source_layer":"LSMD_CONT_UJ301","semantic":"sochun","alias_raw":"소하천예정지","notified_on":"2023-12-29"},"geometry":{"type":"Polygon","coordinates":[[[127.243054,37.013991],[127.243103,37.013851],[127.243079,37.013613],[127.242801,37.013161],[127.242705,37.013147],[127.243004,37.013667],[127.243054,37.013991]]]}},{"type":"Feature","id":"SOCHUN:41550:40800004155020230386UJC2000000013","properties":{"MNUM":"40800004155020230386UJC2000000013","admin_code":"41550","sgg_code":"41550","source_layer":"LSMD_CONT_UJ301","semantic":"sochun","alias_raw":"소하천예정지","notified_on":"2023-12-29"},"geometry":{"type":"Polygon","coordinates":[[[127.242384,37.016701],[127.242918,37.01648],[127.243091,37.016366],[127.24322,37.016217],[127.243357,37.015971],[127.243463,37.013849],[127.243403,37.013573],[127.243229,37.013268],[127.243254,37.013328],[127.243206,37.013519],[127.243262,37.013735],[127.243219,37.014088],[127.243149,37.014249],[127.243151,37.0145],[127.243017,37.014558],[127.242934,37.015903],[127.242817,37.016126],[127.242577,37.016288],[127.242423,37.016564],[127.242384,37.016701]]]}},{"type":"Feature","id":"SOCHUN:41550:40800004155020180052UJC2000161003","properties":{"MNUM":"40800004155020180052UJC2000161003","admin_code":"41550","sgg_code":"41550","source_layer":"LSMD_CONT_UJ301","semantic":"sochun","stream_name":"미장천","alias_raw":"미장천 예정지","notified_on":"2018-01-30"},"geometry":{"type":"Polygon","coordinates":[[[127.371417,37.037294],[127.371514,37.037249],[127.371381,37.037211],[127.371301,37.037249],[127.371417,37.037294]]]}},{"type":"Feature","id":"SOCHUN:41550:40800004155020180052UJC1000122001","properties":{"MNUM":"40800004155020180052UJC1000122001","admin_code":"41550","sgg_code":"41550","source_layer":"LSMD_CONT_UJ301","semantic":"sochun","stream_name":"판교천","alias_raw":"판교천 하천구역","notified_on":"2018-01-30"},"geometry":{"type":"Polygon","coordinates":[[[127.477355,37.089017],[127.477446,37.088972],[127.477475,37.088911],[127.477558,37.088903],[127.477561,37.088929],[127.477634,37.08825],[127.477554,37.088051],[127.477341,37.087881],[127.477285,37.08772],[127.477484,37.087377],[127.478847,37.08373],[127.483763,37.07696],[127.483758,37.076802],[127.483301,37.07428],[127.480563,37.071849],[127.480531,37.071852],[127.480464,37.071617],[127.48028,37.071338],[127.480206,37.071099],[127.480057,37.070933],[127.480043,37.070878],[127.480375,37.070417],[127.480503,37.07031],[127.480546,37.07004],[127.480688,37.069927],[127.48077,37.069805],[127.480702,37.06932],[127.480615,37.069174],[127.480727,37.068942],[127.480629,37.068672],[127.480594,37.068392],[127.48076,37.068252],[127.480835,37.068054],[127.481137,37.067777],[127.481175,37.067645],[127.48142,37.067501],[127.481528,37.06734],[127.481636,37.067092],[127.481585,37.066802],[127.481799,37.066562],[127.481878,37.066364],[127.481873,37.066265],[127.481648,37.065912],[127.481662,37.065864],[127.482001,37.065521],[127.482106,37.0655],[127.482198,37.065406],[127.482303,37.065139],[127.482236,37.065136],[127.482201,37.065285],[127.481784,37.065638],[127.481587,37.065874],[127.481576,37.065922],[127.481754,37.066365],[127.481721,37.06655],[127.481523,37.066754],[127.481558,37.067091],[127.481509,37.067281],[127.481141,37.067615],[127.481089,37.067777],[127.480804,37.06799],[127.480717,37.068197],[127.480545,37.068376],[127.48052,37.068598],[127.480673,37.06894],[127.480578,37.069095],[127.480576,37.069179],[127.48065,37.069319],[127.480688,37.069721],[127.480568,37.06984],[127.480478,37.069848],[127.480359,37.070208],[127.4804,37.07035],[127.48018,37.070594],[127.480107,37.070721],[127.479968,37.070827],[127.479915,37.070959],[127.480042,37.071074],[127.48009,37.071212],[127.48019,37.071328],[127.480189,37.071428],[127.480313,37.071502],[127.480333,37.071606],[127.480434,37.071716],[127.480414,37.071876],[127.480457,37.071968],[127.482069,37.07338],[127.48212,37.073461],[127.483123,37.074297],[127.483585,37.076891],[127.483567,37.076978],[127.478658,37.083649],[127.477296,37.087312],[127.47733,37.087315],[127.477322,37.087374],[127.47716,37.087718],[127.47721,37.087885],[127.477373,37.08801],[127.477442,37.088317],[127.477414,37.088319],[127.47741,37.088454],[127.477443,37.088565],[127.477424,37.088927],[127.477355,37.089017]]]}},{"type":"Feature","id":"SOCHUN:41550:40800004155020180052UJC2000124008","properties":{"MNUM":"40800004155020180052UJC2000124008","admin_code":"41550","sgg_code":"41550","source_layer":"LSMD_CONT_UJ301","semantic":"sochun","stream_name":"어리실천","alias_raw":"어리실천 예정지","notified_on":"2018-01-30"},"geometry":{"type":"Polygon","coordinates":[[[127.454679,37.115444],[127.454736,37.115358],[127.454676,37.115399],[127.454679,37.115444]]]}},{"type":"Feature","id":"SOCHUN:41550:40800004155020180052UJC2000130004","properties":{"MNUM":"40800004155020180052UJC2000130004","admin_code":"41550","sgg_code":"41550","source_layer":"LSMD_CONT_UJ301","semantic":"sochun","stream_name":"거운천","alias_raw":"거운천 예정지","notified_on":"2018-01-30"},"geometry":{"type":"Polygon","coordinates":[[[127.443215,37.115047],[127.443282,37.115034],[127.443268,37.114988],[127.443204,37.11501],[127.443215,37.115047]]]}},{"type":"Feature","id":"SOCHUN:41550:40800004155020180052UJC1000048001","properties":{"MNUM":"40800004155020180052UJC1000048001","admin_code":"41550","sgg_code":"41550","source_layer":"LSMD_CONT_UJ301","semantic":"sochun","stream_name":"사간천","alias_raw":"사간천 하천구역","notified_on":"2018-01-30"},"geometry":{"type":"Polygon","coordinates":[[[127.372653,36.997348],[127.373074,36.99721],[127.373397,36.99715],[127.373594,36.997028],[127.373728,36.996998],[127.374087,36.996974],[127.374451,36.997016],[127.374762,36.997003],[127.37538,36.996553],[127.375595,36.996454],[127.375984,36.996344],[127.376576,36.996226],[127.377118,36.996233],[127.377361,36.996143],[127.377498,36.996032],[127.377901,36.996147],[127.378056,36.996143],[127.37824,36.996033],[127.378403,36.995803],[127.378553,36.995697],[127.378669,36.99548],[127.378689,36.995494],[127.378844,36.995414],[127.378949,36.995413],[127.379367,36.995573],[127.379372,36.99555],[127.379553,36.99551],[127.379789,36.995492],[127.380019,36.995263],[127.380118,36.994954],[127.380453,36.994761],[127.380565,36.994594],[127.380735,36.994205],[127.380874,36.994101],[127.38126,36.993902],[127.381581,36.993643],[127.381481,36.99356],[127.381133,36.993858],[127.380672,36.994132],[127.380557,36.994296],[127.380424,36.99466],[127.380063,36.994906],[127.379891,36.995272],[127.379745,36.995449],[127.379387,36.995496],[127.378957,36.995336],[127.378827,36.995323],[127.378711,36.995345],[127.378551,36.995465],[127.378433,36.995707],[127.378392,36.995707],[127.378394,36.995766],[127.378194,36.995999],[127.378021,36.996114],[127.377948,36.996117],[127.377483,36.995993],[127.377308,36.996115],[127.377106,36.996175],[127.376308,36.996187],[127.375424,36.996451],[127.375254,36.996531],[127.374684,36.996941],[127.374144,36.996902],[127.374124,36.996924],[127.373758,36.996945],[127.373404,36.997003],[127.373237,36.997132],[127.372621,36.997294],[127.372653,36.997348]]]}},{"type":"Feature","id":"SOCHUN:41550:40800004155020180052UJC2000019005","properties":{"MNUM":"40800004155020180052UJC2000019005","admin_code":"41550","sgg_code":"41550","source_layer":"LSMD_CONT_UJ301","semantic":"sochun","stream_name":"상남서천","alias_raw":"상남서천 예정지","notified_on":"2018-01-30"},"geometry":{"type":"Polygon","coordinates":[[[127.327225,37.064275],[127.327953,37.064029],[127.328039,37.063953],[127.328179,37.06372],[127.328375,37.06373],[127.328521,37.063679],[127.328879,37.063284],[127.329195,37.063034],[127.328814,37.063309],[127.328428,37.063671],[127.328116,37.063688],[127.328045,37.063763],[127.327931,37.064],[127.327207,37.064246],[127.327225,37.064275]]]}},{"type":"Feature","id":"SOCHUN:41550:40800004155020180052UJC2000021001","properties":{"MNUM":"40800004155020180052UJC2000021001","admin_code":"41550","sgg_code":"41550","source_layer":"LSMD_CONT_UJ301","semantic":"sochun","stream_name":"동평천","alias_raw":"동평천 예정지","notified_on":"2018-01-30"},"geometry":{"type":"Polygon","coordinates":[[[127.320916,37.089902],[127.321203,37.089822],[127.321742,37.089858],[127.322193,37.089781],[127.322522,37.089806],[127.322702,37.089791],[127.323118,37.08969],[127.323471,37.089522],[127.323689,37.089474],[127.324199,37.089657],[127.324318,37.089661],[127.324465,37.089622],[127.324219,37.089631],[127.323811,37.089435],[127.323689,37.089412],[127.323473,37.089468],[127.323189,37.089611],[127.322839,37.089713],[127.322623,37.089733],[127.322253,37.089705],[127.321707,37.089788],[127.321169,37.089764],[127.3209,37.089812],[127.320877,37.089874],[127.320916,37.089902]]]}},{"type":"Feature","id":"SOCHUN:41550:40800004155020180052UJC2000017013","properties":{"MNUM":"40800004155020180052UJC2000017013","admin_code":"41550","sgg_code":"41550","source_layer":"LSMD_CONT_UJ301","semantic":"sochun","stream_name":"풍정천","alias_raw":"풍정천 예정지","notified_on":"2018-01-30"},"geometry":{"type":"Polygon","coordinates":[[[127.314833,37.075745],[127.314684,37.075713],[127.314703,37.075718],[127.314724,37.075722],[127.314744,37.075726],[127.31477,37.075731],[127.314793,37.075737],[127.314833,37.075745]]]}},{"type":"Feature","id":"SOCHUN:41550:40800004155020180052UJC2000019006","properties":{"MNUM":"40800004155020180052UJC2000019006","admin_code":"41550","sgg_code":"41550","source_layer":"LSMD_CONT_UJ301","semantic":"sochun","stream_name":"상남서천","alias_raw":"상남서천 예정지","notified_on":"2018-01-30"},"geometry":{"type":"Polygon","coordinates":[[[127.324891,37.065014],[127.325008,37.064728],[127.325467,37.064522],[127.326199,37.064262],[127.326383,37.064235],[127.327073,37.064277],[127.327124,37.064323],[127.327195,37.064289],[127.327146,37.064222],[127.326999,37.064192],[127.326424,37.064163],[127.326217,37.064179],[127.325663,37.064388],[127.325599,37.064386],[127.325441,37.064478],[127.325069,37.064611],[127.324895,37.064784],[127.324833,37.06501],[127.324891,37.065014]]]}},{"type":"Feature","id":"SOCHUN:41550:40800004155020180052UJC2000019007","properties":{"MNUM":"40800004155020180052UJC2000019007","admin_code":"41550","sgg_code":"41550","source_layer":"LSMD_CONT_UJ301","semantic":"sochun","stream_name":"상남서천","alias_raw":"상남서천 예정지","notified_on":"2018-01-30"},"geometry":{"type":"Polygon","coordinates":[[[127.322695,37.065835],[127.322708,37.065744],[127.322873,37.065422],[127.323067,37.065212],[127.324115,37.065469],[127.324162,37.065469],[127.324162,37.0654],[127.324106,37.065426],[127.323802,37.065369],[127.32302,37.06515],[127.322739,37.065468],[127.32262,37.065821],[127.322695,37.065835]]]}},{"type":"Feature","id":"SOCHUN:41550:40800004155020180052UJC2000034012","properties":{"MNUM":"40800004155020180052UJC2000034012","admin_code":"41550","sgg_code":"41550","source_layer":"LSMD_CONT_UJ301","semantic":"sochun","stream_name":"석남천","alias_raw":"석남천 예정지","notified_on":"2018-01-30"},"geometry":{"type":"Polygon","coordinates":[[[127.314743,36.944714],[127.314806,36.944689],[127.314778,36.944651],[127.314712,36.944677],[127.314743,36.944714]]]}},{"type":"Feature","id":"SOCHUN:41550:40800004155020180052UJC1000143001","properties":{"MNUM":"40800004155020180052UJC1000143001","admin_code":"41550","sgg_code":"41550","source_layer":"LSMD_CONT_UJ301","semantic":"sochun","stream_name":"거곡천","alias_raw":"거곡천 하천구역","notified_on":"2018-01-30"},"geometry":{"type":"Polygon","coordinates":[[[127.425242,37.051733],[127.425288,37.051756],[127.425495,37.051575],[127.425778,37.051418],[127.425866,37.051253],[127.426017,37.051164],[127.426286,37.051153],[127.426711,37.051058],[127.426909,37.050951],[127.427136,37.050994],[127.427323,37.050969],[127.427827,37.05098],[127.427957,37.050933],[127.427956,37.050757],[127.428258,37.050526],[127.428481,37.050086],[127.428466,37.049874],[127.428524,37.049847],[127.42895,37.049773],[127.429196,37.04966],[127.429502,37.049686],[127.429633,37.049671],[127.429825,37.049482],[127.430206,37.049401],[127.430426,37.049371],[127.430839,37.049377],[127.430904,37.049199],[127.431002,37.049106],[127.431042,37.049018],[127.431219,37.048888],[127.431336,37.048883],[127.431606,37.049003],[127.431959,37.048921],[127.432121,37.048502],[127.432441,37.048198],[127.432636,37.048063],[127.432731,37.04803],[127.433043,37.048013],[127.433647,37.047906],[127.434086,37.047929],[127.434351,37.04787],[127.434802,37.047568],[127.435042,37.047311],[127.435429,37.047389],[127.435531,37.047385],[127.435745,37.047265],[127.436378,37.046817],[127.43643,37.046816],[127.436503,37.046863],[127.436597,37.046964],[127.436713,37.046987],[127.438149,37.046849],[127.439062,37.046862],[127.439258,37.047098],[127.439279,37.047214],[127.439392,37.047399],[127.43983,37.047892],[127.439964,37.048269],[127.44012,37.04843],[127.4401,37.048469],[127.440182,37.048562],[127.440321,37.048467],[127.440069,37.048256],[127.439936,37.047907],[127.439812,37.047689],[127.439527,37.047415],[127.4394,37.047214],[127.439067,37.046828],[127.438144,37.046817],[127.437291,37.046888],[127.437212,37.046871],[127.436714,37.046931],[127.436629,37.046916],[127.436496,37.046773],[127.436344,37.046763],[127.436052,37.046956],[127.435944,37.046988],[127.435637,37.047264],[127.435497,37.047331],[127.435356,37.047324],[127.43518,37.047222],[127.435023,37.047203],[127.434941,37.047225],[127.43448,37.047728],[127.434245,37.047853],[127.43425,37.047873],[127.433608,37.047856],[127.43297,37.047979],[127.432794,37.047966],[127.432643,37.047993],[127.432393,37.048167],[127.4321,37.048435],[127.431887,37.048901],[127.431616,37.048965],[127.431342,37.048845],[127.43114,37.048881],[127.430993,37.048989],[127.430787,37.049339],[127.430355,37.049328],[127.430019,37.049378],[127.429805,37.049446],[127.429601,37.049633],[127.429217,37.049618],[127.428965,37.04972],[127.428553,37.049801],[127.428356,37.049897],[127.428387,37.050079],[127.428254,37.05038],[127.42816,37.050539],[127.427884,37.050743],[127.427861,37.050925],[127.427142,37.050969],[127.426938,37.050927],[127.42669,37.051036],[127.42639,37.051117],[127.426009,37.051147],[127.42585,37.051246],[127.425757,37.0514],[127.425478,37.051549],[127.425242,37.051733]]]}},{"type":"Feature","id":"SOCHUN:41550:40800004155020180052UJC1000167001","properties":{"MNUM":"40800004155020180052UJC1000167001","admin_code":"41550","sgg_code":"41550","source_layer":"LSMD_CONT_UJ301","semantic":"sochun","stream_name":"하장천","alias_raw":"하장천 하천구역","notified_on":"2018-01-30"},"geometry":{"type":"Polygon","coordinates":[[[127.405577,37.08809],[127.405563,37.08807],[127.405399,37.088127],[127.405155,37.088327],[127.405097,37.088571],[127.40493,37.088697],[127.404481,37.088811],[127.404158,37.089015],[127.404018,37.089063],[127.403953,37.089167],[127.403685,37.089354],[127.403576,37.089385],[127.403451,37.089379],[127.403264,37.089286],[127.403285,37.089268],[127.403143,37.089179],[127.403139,37.089044],[127.403242,37.0889],[127.403279,37.088676],[127.403143,37.088504],[127.403036,37.088457],[127.402718,37.088456],[127.402427,37.088596],[127.402345,37.088583],[127.402199,37.088439],[127.40205,37.088408],[127.401457,37.08849],[127.401341,37.088574],[127.401272,37.088678],[127.401195,37.088689],[127.400792,37.088494],[127.400445,37.088415],[127.40031,37.088297],[127.400155,37.087964],[127.400038,37.087841],[127.399995,37.087813],[127.399932,37.087847],[127.399753,37.087788],[127.397804,37.086701],[127.397745,37.086644],[127.39778,37.086624],[127.397548,37.086426],[127.397381,37.086202],[127.397298,37.086019],[127.396485,37.085669],[127.396095,37.085474],[127.396081,37.085436],[127.395849,37.0854],[127.395686,37.085491],[127.395326,37.085779],[127.394754,37.085866],[127.394651,37.08585],[127.394523,37.085763],[127.393554,37.085477],[127.391024,37.08481],[127.390989,37.084951],[127.394513,37.085905],[127.394719,37.085939],[127.395089,37.08591],[127.395336,37.085842],[127.395837,37.085463],[127.396097,37.085509],[127.396688,37.085826],[127.397064,37.085979],[127.397133,37.086033],[127.397218,37.086037],[127.397384,37.086331],[127.397638,37.086596],[127.397691,37.08667],[127.397662,37.086677],[127.397739,37.086748],[127.399651,37.087817],[127.399898,37.087866],[127.400047,37.088011],[127.400189,37.088333],[127.40038,37.088469],[127.400825,37.088597],[127.401133,37.088734],[127.401243,37.088737],[127.401491,37.088541],[127.402009,37.088478],[127.402174,37.088499],[127.40231,37.088631],[127.402392,37.088656],[127.402447,37.088655],[127.402755,37.0885],[127.403028,37.088505],[127.403099,37.088532],[127.403206,37.088729],[127.403202,37.088796],[127.40308,37.088979],[127.403042,37.089179],[127.403157,37.08932],[127.403358,37.089445],[127.403541,37.089447],[127.403885,37.089304],[127.404048,37.089123],[127.404201,37.08905],[127.404357,37.088919],[127.404547,37.088832],[127.404864,37.088782],[127.405021,37.0887],[127.40515,37.088565],[127.405182,37.088364],[127.405436,37.088161],[127.405577,37.08809]]]}},{"type":"Feature","id":"SOCHUN:41550:40800004155020180052UJC1000045001","properties":{"MNUM":"40800004155020180052UJC1000045001","admin_code":"41550","sgg_code":"41550","source_layer":"LSMD_CONT_UJ301","semantic":"sochun","stream_name":"모산천","alias_raw":"모산천 하천구역","notified_on":"2018-01-30"},"geometry":{"type":"Polygon","coordinates":[[[127.353691,37.015004],[127.353641,37.014856],[127.35364,37.014629],[127.353542,37.014353],[127.353406,37.01424],[127.353344,37.014049],[127.353197,37.013949],[127.353246,37.013734],[127.353359,37.013601],[127.353388,37.013169],[127.353334,37.013056],[127.352912,37.012559],[127.352975,37.012145],[127.352874,37.011904],[127.352752,37.011762],[127.352527,37.011581],[127.352353,37.011353],[127.352241,37.010805],[127.352375,37.010547],[127.35239,37.010425],[127.352166,37.009926],[127.35197,37.009658],[127.352087,37.009381],[127.352057,37.009099],[127.352163,37.008832],[127.351989,37.008421],[127.35196,37.007842],[127.351988,37.007735],[127.352238,37.007466],[127.352141,37.0072],[127.352125,37.007043],[127.352304,37.00647],[127.352318,37.006326],[127.352297,37.005728],[127.352218,37.005276],[127.352124,37.005166],[127.352133,37.005134],[127.351989,37.004885],[127.351952,37.004702],[127.352125,37.003796],[127.352215,37.003683],[127.352548,37.003444],[127.352573,37.003247],[127.352397,37.003474],[127.35217,37.00363],[127.352047,37.003789],[127.351892,37.004597],[127.351899,37.004832],[127.352002,37.005058],[127.35216,37.00529],[127.352137,37.005394],[127.352234,37.005826],[127.35224,37.006449],[127.352072,37.006992],[127.352074,37.007175],[127.352138,37.007456],[127.351937,37.007652],[127.351899,37.007767],[127.351904,37.008196],[127.351864,37.008277],[127.351865,37.00844],[127.35207,37.008813],[127.351965,37.009051],[127.351986,37.009422],[127.35187,37.009689],[127.352112,37.010062],[127.352309,37.010464],[127.35215,37.010799],[127.352216,37.01135],[127.352379,37.011558],[127.352715,37.011821],[127.352901,37.012083],[127.352827,37.012582],[127.353276,37.013187],[127.353282,37.013601],[127.3532,37.013676],[127.35313,37.013825],[127.353121,37.013971],[127.353275,37.014076],[127.35334,37.014282],[127.35347,37.014364],[127.353575,37.014641],[127.353571,37.014865],[127.353617,37.014998],[127.353634,37.015029],[127.353691,37.015004]]]}},{"type":"Feature","id":"SOCHUN:41550:40800004155020230386UJC2000000010","properties":{"MNUM":"40800004155020230386UJC2000000010","admin_code":"41550","sgg_code":"41550","source_layer":"LSMD_CONT_UJ301","semantic":"sochun","alias_raw":"소하천예정지","notified_on":"2023-12-29"},"geometry":{"type":"Polygon","coordinates":[[[127.241754,37.019635],[127.241637,37.019449],[127.241754,37.019691],[127.241754,37.019635]]]}},{"type":"Feature","id":"SOCHUN:41550:40800004155020230386UJC2000000009","properties":{"MNUM":"40800004155020230386UJC2000000009","admin_code":"41550","sgg_code":"41550","source_layer":"LSMD_CONT_UJ301","semantic":"sochun","alias_raw":"소하천예정지","notified_on":"2023-12-29"},"geometry":{"type":"Polygon","coordinates":[[[127.241877,37.020858],[127.242044,37.02038],[127.242079,37.020405],[127.242194,37.020133],[127.241989,37.019467],[127.241583,37.018881],[127.241593,37.019],[127.241693,37.019194],[127.241692,37.019262],[127.241841,37.019487],[127.242036,37.020217],[127.241877,37.020858]]]}},{"type":"Feature","id":"SOCHUN:41550:40800004155020230386UJC2000000012","properties":{"MNUM":"40800004155020230386UJC2000000012","admin_code":"41550","sgg_code":"41550","source_layer":"LSMD_CONT_UJ301","semantic":"sochun","alias_raw":"소하천예정지","notified_on":"2023-12-29"},"geometry":{"type":"Polygon","coordinates":[[[127.241532,37.019033],[127.241556,37.018847],[127.241496,37.018665],[127.24152,37.018177],[127.241457,37.018255],[127.241328,37.018701],[127.241376,37.018892],[127.241457,37.019001],[127.241532,37.019033]]]}},{"type":"Feature","id":"SOCHUN:41550:40800004155020230386UJC2000000011","properties":{"MNUM":"40800004155020230386UJC2000000011","admin_code":"41550","sgg_code":"41550","source_layer":"LSMD_CONT_UJ301","semantic":"sochun","alias_raw":"소하천예정지","notified_on":"2023-12-29"},"geometry":{"type":"Polygon","coordinates":[[[127.241498,37.01923],[127.241228,37.018887],[127.241167,37.018679],[127.241181,37.018565],[127.241359,37.018183],[127.241546,37.017938],[127.241569,37.017819],[127.241513,37.017773],[127.241571,37.017197],[127.241638,37.017073],[127.241783,37.016951],[127.242253,37.016753],[127.242276,37.016552],[127.24241,37.016408],[127.242443,37.016315],[127.241529,37.016707],[127.241324,37.016899],[127.241205,37.017122],[127.241094,37.018756],[127.24115,37.018928],[127.241211,37.018954],[127.241509,37.019268],[127.241498,37.01923]]]}},{"type":"Feature","id":"SOCHUN:41550:40800004155020180052UJC1000010001","properties":{"MNUM":"40800004155020180052UJC1000010001","admin_code":"41550","sgg_code":"41550","source_layer":"LSMD_CONT_UJ301","semantic":"sochun","stream_name":"상삼천","alias_raw":"상삼천 하천구역","notified_on":"2018-01-30"},"geometry":{"type":"Polygon","coordinates":[[[127.336514,37.029131],[127.336655,37.029108],[127.336716,37.029069],[127.337194,37.028564],[127.33739,37.028577],[127.337509,37.028538],[127.337565,37.028488],[127.337612,37.028364],[127.33787,37.028043],[127.338302,37.02737],[127.338608,37.027119],[127.338693,37.027103],[127.338841,37.026819],[127.33892,37.026745],[127.339399,37.026556],[127.339595,37.026562],[127.339854,37.02634],[127.339922,37.026231],[127.340026,37.026144],[127.340098,37.025578],[127.340158,37.025361],[127.340097,37.025348],[127.339894,37.026166],[127.339818,37.026248],[127.339655,37.026356],[127.339262,37.026468],[127.338886,37.02665],[127.338674,37.026866],[127.338581,37.027017],[127.338585,37.027099],[127.33827,37.027358],[127.337846,37.028005],[127.337577,37.028331],[127.337528,37.028469],[127.337404,37.028543],[127.337156,37.028547],[127.33708,37.028588],[127.336724,37.028972],[127.336507,37.029107],[127.336514,37.029131]]]}},{"type":"Feature","id":"SOCHUN:41550:40800004155020180052UJC2000161008","properties":{"MNUM":"40800004155020180052UJC2000161008","admin_code":"41550","sgg_code":"41550","source_layer":"LSMD_CONT_UJ301","semantic":"sochun","stream_name":"미장천","alias_raw":"미장천 예정지","notified_on":"2018-01-30"},"geometry":{"type":"Polygon","coordinates":[[[127.362484,37.03963],[127.362877,37.039484],[127.363435,37.039107],[127.365088,37.038551],[127.365075,37.038519],[127.364453,37.038705],[127.363349,37.039092],[127.362837,37.039458],[127.36247,37.039587],[127.362484,37.03963]]]}},{"type":"Feature","id":"SOCHUN:41550:40800004155020180052UJC2000108001","properties":{"MNUM":"40800004155020180052UJC2000108001","admin_code":"41550","sgg_code":"41550","source_layer":"LSMD_CONT_UJ301","semantic":"sochun","stream_name":"성주천","alias_raw":"성주천 예정지","notified_on":"2018-01-30"},"geometry":{"type":"Polygon","coordinates":[[[127.173821,37.086492],[127.173704,37.085969],[127.173649,37.085947],[127.173377,37.085971],[127.173158,37.085896],[127.172988,37.085931],[127.173017,37.085979],[127.17313,37.085962],[127.173376,37.086037],[127.173642,37.086016],[127.173694,37.086358],[127.173781,37.086506],[127.173821,37.086492]]]}},{"type":"Feature","id":"SOCHUN:41550:40800004155020180052UJC2000106009","properties":{"MNUM":"40800004155020180052UJC2000106009","admin_code":"41550","sgg_code":"41550","source_layer":"LSMD_CONT_UJ301","semantic":"sochun","stream_name":"산하천","alias_raw":"산하천 예정지","notified_on":"2018-01-30"},"geometry":{"type":"Polygon","coordinates":[[[127.139289,37.071072],[127.139774,37.071065],[127.139282,37.071056],[127.139289,37.071072],[127.139289,37.071072]]]}},{"type":"Feature","id":"SOCHUN:41550:40800004155020180052UJC2000031003","properties":{"MNUM":"40800004155020180052UJC2000031003","admin_code":"41550","sgg_code":"41550","source_layer":"LSMD_CONT_UJ301","semantic":"sochun","stream_name":"대동천","alias_raw":"대동천 예정지","notified_on":"2018-01-30"},"geometry":{"type":"Polygon","coordinates":[[[127.304326,36.956054],[127.304345,36.956007],[127.304282,36.955989],[127.304262,36.956038],[127.304326,36.956054]]]}},{"type":"Feature","id":"SOCHUN:41550:40800004155020180052UJC1000151002","properties":{"MNUM":"40800004155020180052UJC1000151002","admin_code":"41550","sgg_code":"41550","source_layer":"LSMD_CONT_UJ301","semantic":"sochun","stream_name":"매산천","alias_raw":"매산천 하천구역","notified_on":"2018-01-30"},"geometry":{"type":"Polygon","coordinates":[[[127.43854,37.105657],[127.438678,37.105619],[127.434968,37.102237],[127.434375,37.102031],[127.434337,37.102047],[127.434222,37.102017],[127.433718,37.10183],[127.433698,37.100901],[127.433223,37.100798],[127.433185,37.100098],[127.432986,37.099693],[127.432674,37.099334],[127.432542,37.099238],[127.431758,37.098969],[127.431425,37.098709],[127.430969,37.098546],[127.430808,37.09839],[127.430682,37.09809],[127.430822,37.097864],[127.431049,37.097648],[127.431085,37.097475],[127.431003,37.097353],[127.430925,37.097521],[127.430995,37.097559],[127.430994,37.097589],[127.430773,37.097823],[127.430744,37.097807],[127.430555,37.098045],[127.430685,37.098312],[127.430663,37.098356],[127.430696,37.098427],[127.430846,37.09858],[127.431038,37.098696],[127.431392,37.098818],[127.431663,37.099022],[127.43208,37.099208],[127.432434,37.099296],[127.432999,37.099916],[127.433027,37.099905],[127.433124,37.100117],[127.433153,37.100835],[127.43362,37.100924],[127.433648,37.101809],[127.433738,37.101893],[127.433712,37.101925],[127.434242,37.102137],[127.434846,37.102299],[127.434916,37.102346],[127.43854,37.105657]]]}},{"type":"Feature","id":"SOCHUN:41550:40800004155020180052UJC2000154004","properties":{"MNUM":"40800004155020180052UJC2000154004","admin_code":"41550","sgg_code":"41550","source_layer":"LSMD_CONT_UJ301","semantic":"sochun","stream_name":"니미리천","alias_raw":"니미리천 예정지","notified_on":"2018-01-30"},"geometry":{"type":"Polygon","coordinates":[[[127.425964,37.036311],[127.426383,37.03625],[127.4265,37.036209],[127.426764,37.035963],[127.427071,37.03602],[127.42753,37.035978],[127.428087,37.035626],[127.428551,37.035562],[127.428543,37.0355],[127.428072,37.035562],[127.427493,37.035898],[127.42724,37.03594],[127.426769,37.035905],[127.426483,37.036173],[127.42626,37.036233],[127.425915,37.036272],[127.425846,37.036296],[127.425964,37.036311]]]}},{"type":"Feature","id":"SOCHUN:41550:40800004155020180052UJC2000166002","properties":{"MNUM":"40800004155020180052UJC2000166002","admin_code":"41550","sgg_code":"41550","source_layer":"LSMD_CONT_UJ301","semantic":"sochun","stream_name":"월곡천","alias_raw":"월곡천 예정지","notified_on":"2018-01-30"},"geometry":{"type":"Polygon","coordinates":[[[127.380123,37.076896],[127.380003,37.076764],[127.379731,37.076639],[127.379676,37.076718],[127.379713,37.076711],[127.380123,37.076896]]]}},{"type":"Feature","id":"SOCHUN:41550:40800004155020180052UJC2000130002","properties":{"MNUM":"40800004155020180052UJC2000130002","admin_code":"41550","sgg_code":"41550","source_layer":"LSMD_CONT_UJ301","semantic":"sochun","stream_name":"거운천","alias_raw":"거운천 예정지","notified_on":"2018-01-30"},"geometry":{"type":"Polygon","coordinates":[[[127.441661,37.112169],[127.441726,37.112158],[127.441586,37.111847],[127.441281,37.111461],[127.440672,37.110925],[127.440043,37.109877],[127.439854,37.10944],[127.439724,37.108988],[127.439662,37.107521],[127.439566,37.10734],[127.439554,37.107447],[127.439618,37.107537],[127.439599,37.108056],[127.439632,37.108967],[127.439691,37.109281],[127.439735,37.109311],[127.440044,37.110041],[127.440529,37.110851],[127.440607,37.110962],[127.441264,37.111553],[127.441527,37.111893],[127.441661,37.112169]]]}},{"type":"Feature","id":"SOCHUN:41550:40800004155020180052UJC2000067008","properties":{"MNUM":"40800004155020180052UJC2000067008","admin_code":"41550","sgg_code":"41550","source_layer":"LSMD_CONT_UJ301","semantic":"sochun","stream_name":"신촌천","alias_raw":"신촌천 예정지","notified_on":"2018-01-30"},"geometry":{"type":"Polygon","coordinates":[[[127.22792,37.019632],[127.227937,37.019581],[127.227877,37.019566],[127.227415,37.01958],[127.22721,37.019521],[127.227103,37.019457],[127.227016,37.019338],[127.22667,37.019235],[127.226563,37.019167],[127.226355,37.018792],[127.225941,37.018683],[127.225591,37.018527],[127.225291,37.018475],[127.225199,37.018434],[127.225116,37.018165],[127.224969,37.018209],[127.224925,37.018183],[127.22471,37.017565],[127.224612,37.017524],[127.224599,37.01756],[127.224521,37.017543],[127.224395,37.017491],[127.224179,37.017196],[127.224113,37.017216],[127.224184,37.017369],[127.22428,37.017474],[127.224626,37.017636],[127.224855,37.018212],[127.224941,37.018264],[127.225053,37.018245],[127.225136,37.018431],[127.225234,37.018526],[127.226301,37.018841],[127.22641,37.019151],[127.226488,37.019247],[127.22659,37.019306],[127.226943,37.019385],[127.227206,37.019582],[127.227396,37.019626],[127.227838,37.019613],[127.22792,37.019632]]]}},{"type":"Feature","id":"SOCHUN:41550:40800004155020180052UJC2000067006","properties":{"MNUM":"40800004155020180052UJC2000067006","admin_code":"41550","sgg_code":"41550","source_layer":"LSMD_CONT_UJ301","semantic":"sochun","stream_name":"신촌천","alias_raw":"신촌천 예정지","notified_on":"2018-01-30"},"geometry":{"type":"Polygon","coordinates":[[[127.220831,37.016141],[127.220899,37.016055],[127.220271,37.015742],[127.220228,37.015789],[127.220831,37.016141]]]}},{"type":"Feature","id":"SOCHUN:41550:40800004155020180052UJC2000067003","properties":{"MNUM":"40800004155020180052UJC2000067003","admin_code":"41550","sgg_code":"41550","source_layer":"LSMD_CONT_UJ301","semantic":"sochun","stream_name":"신촌천","alias_raw":"신촌천 예정지","notified_on":"2018-01-30"},"geometry":{"type":"Polygon","coordinates":[[[127.214336,37.009069],[127.214338,37.009066],[127.213735,37.008892],[127.213736,37.008889],[127.21373,37.008887],[127.213727,37.008894],[127.214336,37.009069]]]}},{"type":"Feature","id":"SOCHUN:41550:40800004155020180052UJC1000071001","properties":{"MNUM":"40800004155020180052UJC1000071001","admin_code":"41550","sgg_code":"41550","source_layer":"LSMD_CONT_UJ301","semantic":"sochun","stream_name":"정자말천","alias_raw":"정자말천 하천구역","notified_on":"2018-01-30"},"geometry":{"type":"Polygon","coordinates":[[[127.21337,37.02821],[127.213504,37.027938],[127.213309,37.027932],[127.211972,37.027739],[127.211963,37.027756],[127.204087,37.026584],[127.203848,37.026591],[127.203383,37.026702],[127.203206,37.026709],[127.201872,37.026629],[127.201619,37.026591],[127.201423,37.026509],[127.201247,37.026331],[127.201115,37.025691],[127.201117,37.025156],[127.200817,37.024892],[127.200438,37.024427],[127.199278,37.024248],[127.19885,37.024305],[127.198514,37.024384],[127.197731,37.024721],[127.196853,37.024623],[127.196723,37.024597],[127.196484,37.024486],[127.196121,37.024163],[127.195377,37.023805],[127.195009,37.023685],[127.1951,37.023777],[127.195405,37.023917],[127.19556,37.024025],[127.196095,37.024252],[127.196318,37.02447],[127.196766,37.024774],[127.196964,37.024765],[127.197617,37.024839],[127.197799,37.024828],[127.198574,37.024514],[127.199218,37.024383],[127.199451,37.024389],[127.199841,37.024466],[127.200172,37.024493],[127.200322,37.024539],[127.20072,37.024945],[127.200796,37.024959],[127.201025,37.025159],[127.201043,37.025216],[127.201006,37.025213],[127.200985,37.025273],[127.200958,37.025479],[127.201082,37.026391],[127.201251,37.026567],[127.20134,37.026629],[127.201395,37.026616],[127.201476,37.026784],[127.203266,37.026916],[127.203487,37.026995],[127.203795,37.026854],[127.203798,37.026765],[127.203928,37.026727],[127.203936,37.0267],[127.204059,37.026722],[127.204087,37.026761],[127.204056,37.026826],[127.204244,37.026827],[127.21337,37.02821]]]}},{"type":"Feature","id":"SOCHUN:41550:40800004155020180052UJC2000002003","properties":{"MNUM":"40800004155020180052UJC2000002003","admin_code":"41550","sgg_code":"41550","source_layer":"LSMD_CONT_UJ301","semantic":"sochun","stream_name":"원승두천","alias_raw":"원승두천 예정지","notified_on":"2018-01-30"},"geometry":{"type":"Polygon","coordinates":[[[127.159332,36.993443],[127.159929,36.993424],[127.160249,36.993368],[127.161776,36.992734],[127.162156,36.992537],[127.162335,36.992386],[127.161751,36.992733],[127.160294,36.993335],[127.159963,36.993411],[127.159332,36.993443]]]}},{"type":"Feature","id":"SOCHUN:41550:40800004155020180052UJC2000093007","properties":{"MNUM":"40800004155020180052UJC2000093007","admin_code":"41550","sgg_code":"41550","source_layer":"LSMD_CONT_UJ301","semantic":"sochun","stream_name":"강문천","alias_raw":"강문천 예정지","notified_on":"2018-01-30"},"geometry":{"type":"Polygon","coordinates":[[[127.130261,37.038385],[127.130465,37.038197],[127.130425,37.038136],[127.130232,37.038364],[127.130261,37.038385]]]}},{"type":"Feature","id":"SOCHUN:41550:40800004155020180052UJC2000011001","properties":{"MNUM":"40800004155020180052UJC2000011001","admin_code":"41550","sgg_code":"41550","source_layer":"LSMD_CONT_UJ301","semantic":"sochun","stream_name":"이전천","alias_raw":"이전천 예정지","notified_on":"2018-01-30"},"geometry":{"type":"Polygon","coordinates":[[[127.283854,37.068262],[127.28388,37.068149],[127.284195,37.067771],[127.28456,37.067035],[127.284776,37.067087],[127.28489,37.067067],[127.285065,37.066846],[127.285163,37.066794],[127.285132,37.066749],[127.285007,37.066823],[127.284818,37.067019],[127.284519,37.066982],[127.284271,37.067403],[127.284161,37.067687],[127.283791,37.068145],[127.283786,37.068258],[127.283854,37.068262]]]}},{"type":"Feature","id":"SOCHUN:41550:40800004155020180052UJC2000054007","properties":{"MNUM":"40800004155020180052UJC2000054007","admin_code":"41550","sgg_code":"41550","source_layer":"LSMD_CONT_UJ301","semantic":"sochun","stream_name":"청용천","alias_raw":"청용천 예정지","notified_on":"2018-01-30"},"geometry":{"type":"Polygon","coordinates":[[[127.286398,36.909361],[127.286407,36.909295],[127.286337,36.909278],[127.286327,36.909357],[127.286398,36.909361]]]}},{"type":"Feature","id":"SOCHUN:41550:40800004155020180052UJC2000058001","properties":{"MNUM":"40800004155020180052UJC2000058001","admin_code":"41550","sgg_code":"41550","source_layer":"LSMD_CONT_UJ301","semantic":"sochun","stream_name":"강덕천","alias_raw":"강덕천 예정지","notified_on":"2018-01-30"},"geometry":{"type":"Polygon","coordinates":[[[127.225197,36.96262],[127.225219,36.962296],[127.225312,36.961976],[127.225706,36.961167],[127.225847,36.961044],[127.225893,36.960904],[127.225823,36.96073],[127.225475,36.96046],[127.22538,36.960352],[127.225238,36.960053],[127.225232,36.959857],[127.225308,36.959673],[127.225695,36.959135],[127.226147,36.958685],[127.226114,36.958656],[127.22601,36.9587],[127.225494,36.959263],[127.22531,36.95953],[127.225338,36.959543],[127.225174,36.959828],[127.225158,36.960059],[127.22524,36.960258],[127.225479,36.960556],[127.225777,36.960762],[127.225826,36.960879],[127.225803,36.961007],[127.225664,36.961153],[127.225239,36.961977],[127.225157,36.962607],[127.225197,36.96262]]]}},{"type":"Feature","id":"SOCHUN:41550:40800004155020180052UJC1000103001","properties":{"MNUM":"40800004155020180052UJC1000103001","admin_code":"41550","sgg_code":"41550","source_layer":"LSMD_CONT_UJ301","semantic":"sochun","stream_name":"평동천","alias_raw":"평동천 하천구역","notified_on":"2018-01-30"},"geometry":{"type":"Polygon","coordinates":[[[127.122217,37.076804],[127.121438,37.076358],[127.121244,37.076209],[127.120792,37.075366],[127.12082,37.074674],[127.120541,37.074371],[127.120435,37.073955],[127.120364,37.073852],[127.120158,37.073725],[127.119891,37.073609],[127.119659,37.073552],[127.119386,37.07354],[127.119054,37.073451],[127.118725,37.073294],[127.118538,37.073269],[127.118027,37.073054],[127.117606,37.072933],[127.117203,37.072775],[127.116309,37.072723],[127.115629,37.072809],[127.114386,37.072832],[127.114027,37.072874],[127.113794,37.072815],[127.113256,37.072868],[127.113141,37.072815],[127.113071,37.07284],[127.112792,37.07278],[127.112657,37.072781],[127.112438,37.072837],[127.111982,37.073524],[127.111964,37.073561],[127.112028,37.073598],[127.112045,37.073582],[127.112404,37.073034],[127.112646,37.072887],[127.113113,37.072924],[127.11324,37.072996],[127.113383,37.073021],[127.113617,37.072959],[127.11414,37.072993],[127.114785,37.072935],[127.115067,37.072926],[127.115196,37.072953],[127.115499,37.072935],[127.116219,37.072804],[127.11645,37.072891],[127.116591,37.072856],[127.116674,37.072879],[127.117025,37.072852],[127.117175,37.072879],[127.117552,37.073038],[127.11806,37.073179],[127.118712,37.073442],[127.118944,37.073567],[127.119664,37.073726],[127.120161,37.0739],[127.120289,37.074062],[127.120339,37.074265],[127.12055,37.074688],[127.120637,37.075019],[127.120657,37.075446],[127.121087,37.076191],[127.121737,37.076646],[127.122217,37.076804]]]}},{"type":"Feature","id":"SOCHUN:41550:40800004155020180052UJC1000011001","properties":{"MNUM":"40800004155020180052UJC1000011001","admin_code":"41550","sgg_code":"41550","source_layer":"LSMD_CONT_UJ301","semantic":"sochun","stream_name":"이전천","alias_raw":"이전천 하천구역","notified_on":"2018-01-30"},"geometry":{"type":"Polygon","coordinates":[[[127.283583,37.068504],[127.28379,37.068303],[127.283791,37.068145],[127.284161,37.067687],[127.284271,37.067403],[127.284519,37.066982],[127.284818,37.067019],[127.285007,37.066823],[127.285132,37.066749],[127.285512,37.067283],[127.28638,37.066875],[127.286564,37.066743],[127.286886,37.066678],[127.286993,37.066612],[127.287072,37.0666],[127.287445,37.066644],[127.287978,37.066273],[127.288439,37.066057],[127.289192,37.065891],[127.289367,37.065962],[127.289956,37.065975],[127.290103,37.065846],[127.290291,37.065752],[127.290887,37.065631],[127.290976,37.065529],[127.291066,37.065311],[127.291304,37.065059],[127.291292,37.065032],[127.291389,37.064951],[127.291434,37.064959],[127.291514,37.064911],[127.291789,37.064618],[127.292013,37.064284],[127.292074,37.064077],[127.292163,37.063199],[127.292164,37.06274],[127.29209,37.062087],[127.292052,37.062068],[127.292042,37.061998],[127.292068,37.061972],[127.29196,37.060897],[127.291839,37.060849],[127.291805,37.060737],[127.291823,37.060542],[127.291732,37.060074],[127.291824,37.059776],[127.291645,37.059312],[127.29165,37.058753],[127.291457,37.058101],[127.291444,37.057599],[127.291401,37.057397],[127.29131,37.057268],[127.291119,37.05717],[127.29106,37.05692],[127.290943,37.05682],[127.290857,37.056596],[127.290725,37.056417],[127.29069,37.056312],[127.290651,37.056306],[127.290683,37.056245],[127.290623,37.056223],[127.29059,37.056301],[127.290537,37.05632],[127.29055,37.05637],[127.290919,37.056995],[127.290966,37.057181],[127.291186,37.057388],[127.291267,37.05758],[127.291285,37.057988],[127.291348,37.058347],[127.291509,37.058763],[127.291487,37.059255],[127.291556,37.059588],[127.29166,37.059785],[127.29159,37.060116],[127.291679,37.060524],[127.291656,37.060764],[127.29167,37.060839],[127.291767,37.060977],[127.291827,37.061193],[127.292011,37.062735],[127.292013,37.063126],[127.291944,37.063608],[127.291925,37.064053],[127.291875,37.06424],[127.291762,37.06445],[127.291639,37.064624],[127.291347,37.064859],[127.29096,37.065235],[127.29084,37.06552],[127.290305,37.065631],[127.290022,37.065769],[127.289912,37.065854],[127.289113,37.065831],[127.288801,37.065856],[127.288497,37.065927],[127.288043,37.066101],[127.287377,37.066531],[127.28708,37.066469],[127.286737,37.06659],[127.28649,37.066628],[127.286211,37.066831],[127.285545,37.067118],[127.285217,37.066676],[127.284945,37.066816],[127.284812,37.066979],[127.284513,37.066945],[127.284236,37.067392],[127.284124,37.067677],[127.283803,37.068044],[127.283749,37.068138],[127.283753,37.068294],[127.283555,37.068487],[127.283583,37.068504]]]}},{"type":"Feature","id":"SOCHUN:41550:40800004155020180052UJC2000186003","properties":{"MNUM":"40800004155020180052UJC2000186003","admin_code":"41550","sgg_code":"41550","source_layer":"LSMD_CONT_UJ301","semantic":"sochun","stream_name":"당왕천","alias_raw":"당왕천 예정지","notified_on":"2018-01-30"},"geometry":{"type":"Polygon","coordinates":[[[127.267649,37.018952],[127.267652,37.018902],[127.267413,37.018869],[127.267412,37.018917],[127.267649,37.018952]]]}},{"type":"Feature","id":"SOCHUN:41550:40800004155020180052UJC2000066006","properties":{"MNUM":"40800004155020180052UJC2000066006","admin_code":"41550","sgg_code":"41550","source_layer":"LSMD_CONT_UJ301","semantic":"sochun","stream_name":"신기천","alias_raw":"신기천 예정지","notified_on":"2018-01-30"},"geometry":{"type":"Polygon","coordinates":[[[127.243493,36.993154],[127.244325,36.992989],[127.244788,36.992788],[127.245375,36.99279],[127.245595,36.992753],[127.246516,36.992275],[127.24557,36.992755],[127.245522,36.992726],[127.244703,36.992735],[127.244296,36.992899],[127.244052,36.992941],[127.243874,36.99304],[127.243487,36.993124],[127.243493,36.993154]]]}},{"type":"Feature","id":"SOCHUN:41550:40800004155020180052UJC1000052001","properties":{"MNUM":"40800004155020180052UJC1000052001","admin_code":"41550","sgg_code":"41550","source_layer":"LSMD_CONT_UJ301","semantic":"sochun","stream_name":"신흥천","alias_raw":"신흥천 하천구역","notified_on":"2018-01-30"},"geometry":{"type":"Polygon","coordinates":[[[127.236863,36.936542],[127.236906,36.936492],[127.23689,36.936264],[127.236975,36.935978],[127.237384,36.935443],[127.237234,36.935037],[127.237299,36.934732],[127.23729,36.934505],[127.237267,36.934506],[127.237308,36.93439],[127.237525,36.93413],[127.238046,36.933885],[127.238474,36.933507],[127.239011,36.93269],[127.239185,36.932491],[127.239318,36.932408],[127.239745,36.932277],[127.239854,36.932209],[127.239864,36.932128],[127.239749,36.931763],[127.239534,36.931273],[127.239551,36.931157],[127.239733,36.93089],[127.239738,36.930616],[127.239991,36.930335],[127.240255,36.930179],[127.240298,36.930033],[127.24039,36.929943],[127.240488,36.929958],[127.240686,36.929887],[127.240699,36.929722],[127.240624,36.929359],[127.240626,36.929051],[127.24069,36.928928],[127.240878,36.928791],[127.240975,36.928638],[127.241285,36.928349],[127.24176,36.928055],[127.241788,36.928005],[127.241863,36.927985],[127.241916,36.9279],[127.242207,36.927868],[127.242317,36.927771],[127.242421,36.927582],[127.242548,36.927201],[127.242595,36.926839],[127.242553,36.92662],[127.242566,36.926405],[127.242695,36.925993],[127.242926,36.925546],[127.243035,36.925195],[127.243002,36.925192],[127.242584,36.926245],[127.242527,36.926487],[127.242584,36.926839],[127.242549,36.92713],[127.242377,36.92763],[127.242312,36.927704],[127.24187,36.927888],[127.24129,36.928306],[127.240854,36.928771],[127.24065,36.928894],[127.240584,36.928994],[127.240574,36.929243],[127.240652,36.929679],[127.240625,36.929883],[127.240469,36.929933],[127.240386,36.929911],[127.240273,36.929978],[127.240196,36.930179],[127.240026,36.930267],[127.239944,36.930273],[127.239685,36.930604],[127.239674,36.930886],[127.239496,36.931151],[127.239482,36.931272],[127.23968,36.931742],[127.239775,36.93208],[127.239758,36.932199],[127.239303,36.932349],[127.239115,36.932452],[127.238877,36.932735],[127.238662,36.933099],[127.238394,36.933454],[127.238368,36.933442],[127.238184,36.933657],[127.237996,36.93381],[127.237458,36.934103],[127.237236,36.934398],[127.237126,36.935025],[127.237272,36.935432],[127.236912,36.935933],[127.236833,36.936294],[127.236863,36.936542]]]}},{"type":"Feature","id":"SOCHUN:41550:40800004155020180052UJC1000106001","properties":{"MNUM":"40800004155020180052UJC1000106001","admin_code":"41550","sgg_code":"41550","source_layer":"LSMD_CONT_UJ301","semantic":"sochun","stream_name":"산하천","alias_raw":"산하천 하천구역","notified_on":"2018-01-30"},"geometry":{"type":"Polygon","coordinates":[[[127.142978,37.071592],[127.142283,37.071385],[127.142063,37.071235],[127.141702,37.071042],[127.141499,37.070966],[127.141502,37.070945],[127.140928,37.070798],[127.14092,37.070826],[127.140306,37.070834],[127.139776,37.071066],[127.139116,37.071076],[127.138441,37.071204],[127.138287,37.071015],[127.138051,37.070396],[127.137968,37.070346],[127.137788,37.070357],[127.137314,37.070479],[127.135346,37.070652],[127.134807,37.070782],[127.134813,37.070806],[127.134603,37.070877],[127.134135,37.071674],[127.133958,37.071746],[127.132895,37.071829],[127.132788,37.071811],[127.132155,37.072244],[127.131662,37.072525],[127.131412,37.072975],[127.131392,37.073511],[127.131439,37.073515],[127.131433,37.073718],[127.131502,37.073731],[127.131557,37.073655],[127.131585,37.073449],[127.131566,37.073054],[127.13179,37.072637],[127.132579,37.072155],[127.132872,37.071863],[127.134002,37.071768],[127.134204,37.071699],[127.13427,37.071725],[127.134411,37.071556],[127.134715,37.070964],[127.135426,37.070753],[127.13741,37.070559],[127.137953,37.070473],[127.138005,37.070515],[127.138236,37.071032],[127.138422,37.071244],[127.138516,37.071254],[127.139198,37.071112],[127.139789,37.071094],[127.140319,37.070878],[127.140921,37.070838],[127.140922,37.070862],[127.141381,37.071023],[127.141942,37.071285],[127.142591,37.071656],[127.1429,37.0717],[127.142978,37.071592]]]}},{"type":"Feature","id":"SOCHUN:41550:40800004155020180052UJC1000081001","properties":{"MNUM":"40800004155020180052UJC1000081001","admin_code":"41550","sgg_code":"41550","source_layer":"LSMD_CONT_UJ301","semantic":"sochun","stream_name":"소로리천","alias_raw":"소로리천 하천구역","notified_on":"2018-01-30"},"geometry":{"type":"Polygon","coordinates":[[[127.232213,37.07239],[127.232251,37.072402],[127.232485,37.072183],[127.232612,37.072148],[127.232626,37.07219],[127.23316,37.07208],[127.233154,37.072052],[127.233218,37.072041],[127.233214,37.071967],[127.233242,37.071968],[127.233309,37.070261],[127.233271,37.06995],[127.233354,37.066981],[127.233325,37.066847],[127.233161,37.0667],[127.233041,37.066512],[127.232958,37.065865],[127.233018,37.064971],[127.232979,37.06486],[127.23277,37.064626],[127.232752,37.06453],[127.232792,37.064281],[127.232739,37.064161],[127.232617,37.064132],[127.232551,37.06406],[127.232447,37.064048],[127.232422,37.063987],[127.232235,37.063848],[127.231588,37.063475],[127.231299,37.063244],[127.231011,37.062686],[127.230545,37.061605],[127.23025,37.061303],[127.230047,37.061164],[127.230024,37.060954],[127.230126,37.059999],[127.230073,37.059983],[127.230142,37.059791],[127.230161,37.059364],[127.229834,37.059302],[127.229908,37.060006],[127.229817,37.061168],[127.229861,37.06123],[127.230253,37.061494],[127.230424,37.06167],[127.23098,37.063033],[127.231096,37.063221],[127.231345,37.063469],[127.231367,37.063455],[127.232347,37.064127],[127.232445,37.064158],[127.232722,37.064175],[127.232767,37.064282],[127.232741,37.064614],[127.232957,37.064869],[127.232993,37.064974],[127.232928,37.065807],[127.23301,37.066501],[127.233054,37.066612],[127.233305,37.066863],[127.233327,37.066981],[127.233243,37.069949],[127.233209,37.069956],[127.233183,37.070286],[127.233189,37.072009],[127.232519,37.072145],[127.23241,37.072207],[127.232213,37.07239]]]}},{"type":"Feature","id":"SOCHUN:41550:40800004155020180052UJC1000089001","properties":{"MNUM":"40800004155020180052UJC1000089001","admin_code":"41550","sgg_code":"41550","source_layer":"LSMD_CONT_UJ301","semantic":"sochun","stream_name":"염티천","alias_raw":"염티천 하천구역","notified_on":"2018-01-30"},"geometry":{"type":"Polygon","coordinates":[[[127.270221,37.111978],[127.27025,37.111955],[127.270045,37.111723],[127.269796,37.111514],[127.269427,37.111359],[127.268894,37.111249],[127.268734,37.111183],[127.268631,37.111033],[127.26863,37.110642],[127.26806,37.110184],[127.267615,37.109898],[127.26762,37.10981],[127.267759,37.109592],[127.267752,37.109274],[127.267824,37.109023],[127.267763,37.108938],[127.266519,37.108416],[127.266135,37.108285],[127.265457,37.107974],[127.264814,37.107836],[127.2628,37.107256],[127.261915,37.107338],[127.261415,37.10735],[127.26051,37.107286],[127.260508,37.107308],[127.260253,37.107305],[127.25989,37.10738],[127.259528,37.107174],[127.259207,37.10706],[127.258427,37.107004],[127.257677,37.106995],[127.257471,37.106474],[127.257318,37.106246],[127.2571,37.106031],[127.256881,37.10587],[127.256704,37.105783],[127.256421,37.105696],[127.256111,37.105658],[127.255967,37.105679],[127.255928,37.105856],[127.255882,37.105893],[127.255795,37.105905],[127.255472,37.105814],[127.254921,37.105519],[127.254775,37.105388],[127.254751,37.105257],[127.254699,37.105197],[127.25399,37.104968],[127.253954,37.104973],[127.253854,37.105184],[127.253442,37.105323],[127.253233,37.10547],[127.253155,37.105432],[127.25319,37.105425],[127.253203,37.105353],[127.252923,37.105285],[127.252783,37.105291],[127.252117,37.105424],[127.252102,37.105383],[127.25207,37.105386],[127.251267,37.105649],[127.250904,37.105618],[127.250723,37.105638],[127.249993,37.105878],[127.24942,37.106082],[127.248989,37.106288],[127.247402,37.107122],[127.246807,37.107474],[127.2469,37.107532],[127.247467,37.107254],[127.247455,37.107238],[127.249421,37.106168],[127.250046,37.105938],[127.250808,37.105689],[127.251056,37.10569],[127.251279,37.105769],[127.251637,37.105632],[127.252148,37.105514],[127.252136,37.10548],[127.252257,37.105447],[127.252823,37.105322],[127.252967,37.105332],[127.253004,37.105371],[127.252978,37.105409],[127.253007,37.105507],[127.252848,37.10646],[127.253273,37.106604],[127.253443,37.106714],[127.253768,37.106846],[127.25398,37.106901],[127.254361,37.107082],[127.254538,37.107226],[127.254648,37.107269],[127.254908,37.107299],[127.255284,37.107278],[127.256206,37.107048],[127.256464,37.107068],[127.256939,37.107202],[127.257327,37.107164],[127.25766,37.107049],[127.257711,37.107088],[127.258766,37.107104],[127.259279,37.107152],[127.259944,37.107455],[127.260112,37.107382],[127.260364,37.107363],[127.260503,37.10737],[127.2605,37.107397],[127.260627,37.107418],[127.261649,37.107496],[127.261938,37.107493],[127.262142,37.107468],[127.262135,37.107422],[127.262751,37.107342],[127.263181,37.107437],[127.263914,37.10767],[127.265354,37.108006],[127.265842,37.108208],[127.266066,37.108351],[127.266529,37.108512],[127.267323,37.108861],[127.267425,37.10887],[127.267751,37.108997],[127.267773,37.109067],[127.267721,37.109255],[127.267728,37.109558],[127.267573,37.109824],[127.267583,37.109915],[127.268034,37.110203],[127.268576,37.110659],[127.268549,37.110992],[127.268706,37.111206],[127.26886,37.111285],[127.269329,37.111371],[127.269771,37.11154],[127.270013,37.111744],[127.270221,37.111978]]]}},{"type":"Feature","id":"SOCHUN:41550:40800004155020180052UJC2000066009","properties":{"MNUM":"40800004155020180052UJC2000066009","admin_code":"41550","sgg_code":"41550","source_layer":"LSMD_CONT_UJ301","semantic":"sochun","stream_name":"신기천","alias_raw":"신기천 예정지","notified_on":"2018-01-30"},"geometry":{"type":"Polygon","coordinates":[[[127.241227,36.997249],[127.241272,36.997243],[127.241255,36.997229],[127.241227,36.997249]]]}},{"type":"Feature","id":"SOCHUN:41550:40800004155020180052UJC1000087001","properties":{"MNUM":"40800004155020180052UJC1000087001","admin_code":"41550","sgg_code":"41550","source_layer":"LSMD_CONT_UJ301","semantic":"sochun","stream_name":"범리천","alias_raw":"범리천 하천구역","notified_on":"2018-01-30"},"geometry":{"type":"Polygon","coordinates":[[[127.238591,37.116987],[127.23876,37.116646],[127.238881,37.116292],[127.238873,37.11619],[127.238674,37.116037],[127.23863,37.115937],[127.238673,37.115634],[127.23866,37.115297],[127.238715,37.114836],[127.238778,37.11467],[127.238765,37.114462],[127.238996,37.114187],[127.23922,37.114137],[127.239272,37.114091],[127.239376,37.113923],[127.239415,37.113691],[127.239553,37.11351],[127.239614,37.113162],[127.239735,37.112901],[127.23975,37.112669],[127.239925,37.112352],[127.240411,37.111972],[127.240521,37.111661],[127.240789,37.111512],[127.240961,37.111352],[127.241063,37.111349],[127.241173,37.1114],[127.241269,37.111324],[127.241643,37.110311],[127.241618,37.110041],[127.241515,37.109814],[127.24184,37.108792],[127.241898,37.108785],[127.242382,37.10708],[127.242348,37.107062],[127.242349,37.107009],[127.24226,37.106979],[127.242227,37.106983],[127.24187,37.108227],[127.241876,37.108335],[127.241455,37.109835],[127.241573,37.110152],[127.241583,37.110363],[127.241211,37.111311],[127.241172,37.111363],[127.241038,37.111318],[127.240869,37.111336],[127.240679,37.111509],[127.240463,37.111627],[127.240366,37.111966],[127.23987,37.112345],[127.239786,37.112545],[127.239691,37.112668],[127.239685,37.112843],[127.239553,37.113157],[127.239491,37.113513],[127.239365,37.113684],[127.23936,37.113857],[127.239319,37.113857],[127.239301,37.113957],[127.239216,37.114083],[127.238963,37.114154],[127.238725,37.114434],[127.238714,37.11469],[127.238601,37.115095],[127.238558,37.11576],[127.238512,37.115929],[127.238569,37.116086],[127.238795,37.116288],[127.238659,37.116654],[127.238489,37.116949],[127.238591,37.116987]]]}},{"type":"Feature","id":"SOCHUN:41550:40800004155020180052UJC1000022001","properties":{"MNUM":"40800004155020180052UJC1000022001","admin_code":"41550","sgg_code":"41550","source_layer":"LSMD_CONT_UJ301","semantic":"sochun","stream_name":"북가현천","alias_raw":"북가현천 하천구역","notified_on":"2018-01-30"},"geometry":{"type":"Polygon","coordinates":[[[127.312303,37.106804],[127.312942,37.106557],[127.313823,37.106044],[127.314179,37.105741],[127.314192,37.105701],[127.314446,37.10551],[127.314518,37.105408],[127.315131,37.105019],[127.315317,37.104855],[127.315402,37.104735],[127.315514,37.104185],[127.316162,37.103961],[127.316478,37.103797],[127.316521,37.103835],[127.316559,37.103825],[127.317153,37.103316],[127.317464,37.103118],[127.317657,37.103034],[127.317931,37.102976],[127.318685,37.102922],[127.319186,37.102958],[127.319318,37.102996],[127.319563,37.103184],[127.319765,37.103187],[127.319907,37.103322],[127.320268,37.103502],[127.320541,37.103584],[127.320529,37.103614],[127.320767,37.103647],[127.320916,37.103644],[127.322229,37.103356],[127.322761,37.103294],[127.323563,37.103322],[127.323763,37.103286],[127.324277,37.103276],[127.32454,37.103165],[127.325115,37.10304],[127.325878,37.102788],[127.326792,37.102303],[127.326915,37.102266],[127.327474,37.102223],[127.329904,37.10177],[127.331528,37.100853],[127.331822,37.10054],[127.332494,37.100097],[127.333025,37.099802],[127.333426,37.099629],[127.333582,37.099593],[127.33403,37.099577],[127.334922,37.099629],[127.335654,37.099625],[127.335903,37.099501],[127.336199,37.099264],[127.336384,37.099166],[127.336983,37.09905],[127.33698,37.098996],[127.337256,37.098904],[127.337761,37.098671],[127.337845,37.098601],[127.337924,37.098175],[127.338404,37.098079],[127.338877,37.097897],[127.338938,37.097821],[127.339169,37.097113],[127.339276,37.09712],[127.339758,37.097334],[127.339939,37.097384],[127.340372,37.097427],[127.340698,37.097412],[127.341206,37.097198],[127.341679,37.096796],[127.342203,37.09662],[127.342362,37.096606],[127.342578,37.096714],[127.343514,37.096673],[127.343823,37.096594],[127.344186,37.096565],[127.34434,37.09659],[127.344721,37.096727],[127.344751,37.096608],[127.344731,37.096582],[127.344561,37.096573],[127.344404,37.096514],[127.344114,37.096474],[127.343396,37.096612],[127.342565,37.09667],[127.342347,37.096547],[127.342222,37.096537],[127.341604,37.09672],[127.341266,37.097021],[127.341066,37.097145],[127.341002,37.097073],[127.340705,37.097239],[127.340526,37.097261],[127.340473,37.097236],[127.339904,37.097276],[127.339364,37.097041],[127.339222,37.097012],[127.33902,37.097055],[127.338885,37.097412],[127.338837,37.097738],[127.338748,37.097814],[127.3378,37.09812],[127.337728,37.098501],[127.337673,37.098539],[127.337371,37.098681],[127.337166,37.098829],[127.336778,37.098907],[127.336456,37.099009],[127.336413,37.098985],[127.33625,37.099054],[127.335952,37.09924],[127.335882,37.099246],[127.335682,37.099453],[127.335311,37.099512],[127.333828,37.099425],[127.333475,37.099454],[127.333117,37.09954],[127.331905,37.100282],[127.331803,37.100288],[127.331795,37.100347],[127.331636,37.100551],[127.331568,37.100538],[127.331423,37.100725],[127.330807,37.101082],[127.330122,37.101541],[127.329863,37.101653],[127.329421,37.101769],[127.32774,37.102038],[127.326894,37.102106],[127.326387,37.102317],[127.325777,37.102656],[127.325052,37.102924],[127.324657,37.103026],[127.324269,37.10319],[127.323619,37.103186],[127.322985,37.10312],[127.322586,37.103142],[127.321927,37.103247],[127.321914,37.103218],[127.321216,37.103399],[127.320972,37.103444],[127.320741,37.10345],[127.320351,37.103361],[127.320116,37.103267],[127.32009,37.10329],[127.32001,37.103253],[127.319954,37.10326],[127.319847,37.103186],[127.319893,37.103148],[127.319734,37.103027],[127.319367,37.102812],[127.319232,37.102766],[127.318216,37.102733],[127.3177,37.102811],[127.317407,37.102917],[127.317012,37.103124],[127.316939,37.103219],[127.316397,37.103639],[127.31642,37.103664],[127.316363,37.103701],[127.316099,37.103823],[127.315415,37.104048],[127.315315,37.104181],[127.315261,37.104597],[127.315116,37.104838],[127.314439,37.105344],[127.314324,37.105533],[127.314123,37.105581],[127.31341,37.105992],[127.313316,37.106194],[127.313125,37.106316],[127.312271,37.106702],[127.312303,37.106804]]]}},{"type":"Feature","id":"SOCHUN:41550:40800004155020180052UJC2000022001","properties":{"MNUM":"40800004155020180052UJC2000022001","admin_code":"41550","sgg_code":"41550","source_layer":"LSMD_CONT_UJ301","semantic":"sochun","stream_name":"북가현천","alias_raw":"북가현천 예정지","notified_on":"2018-01-30"},"geometry":{"type":"Polygon","coordinates":[[[127.330919,37.101203],[127.330955,37.101181],[127.330949,37.101175],[127.330912,37.101196],[127.330919,37.101203]]]}},{"type":"Feature","id":"SOCHUN:41550:40800004155020180052UJC2000022005","properties":{"MNUM":"40800004155020180052UJC2000022005","admin_code":"41550","sgg_code":"41550","source_layer":"LSMD_CONT_UJ301","semantic":"sochun","stream_name":"북가현천","alias_raw":"북가현천 예정지","notified_on":"2018-01-30"},"geometry":{"type":"Polygon","coordinates":[[[127.319787,37.103263],[127.31987,37.103262],[127.319765,37.103187],[127.319677,37.103186],[127.319787,37.103263]]]}},{"type":"Feature","id":"SOCHUN:41550:40800004155020180052UJC1000025001","properties":{"MNUM":"40800004155020180052UJC1000025001","admin_code":"41550","sgg_code":"41550","source_layer":"LSMD_CONT_UJ301","semantic":"sochun","stream_name":"상가천","alias_raw":"상가천 하천구역","notified_on":"2018-01-30"},"geometry":{"type":"Polygon","coordinates":[[[127.341815,37.100638],[127.340996,37.100347],[127.340713,37.100351],[127.340474,37.100187],[127.340303,37.100124],[127.340224,37.100114],[127.340093,37.100183],[127.339656,37.100217],[127.339575,37.100153],[127.339452,37.099965],[127.33941,37.099623],[127.339147,37.099458],[127.339191,37.099216],[127.339157,37.098943],[127.33875,37.098938],[127.338629,37.098893],[127.338416,37.098965],[127.338285,37.098881],[127.338083,37.098662],[127.337834,37.098593],[127.337762,37.09867],[127.33809,37.098758],[127.338189,37.098901],[127.33836,37.098989],[127.338374,37.099023],[127.338628,37.098942],[127.338625,37.09897],[127.338715,37.099003],[127.339082,37.099028],[127.339132,37.099231],[127.339063,37.099457],[127.339165,37.099566],[127.33936,37.099646],[127.339393,37.099722],[127.339313,37.100053],[127.339701,37.10037],[127.339883,37.100295],[127.340345,37.100204],[127.340555,37.100373],[127.340981,37.100409],[127.341133,37.100512],[127.34138,37.100566],[127.34158,37.100707],[127.341644,37.100691],[127.341752,37.100729],[127.341815,37.100638]]]}},{"type":"Feature","id":"SOCHUN:41550:40800004155020180052UJC1000104001","properties":{"MNUM":"40800004155020180052UJC1000104001","admin_code":"41550","sgg_code":"41550","source_layer":"LSMD_CONT_UJ301","semantic":"sochun","stream_name":"평동1천","alias_raw":"평동1천 하천구역","notified_on":"2018-01-30"},"geometry":{"type":"Polygon","coordinates":[[[127.115761,37.068464],[127.115826,37.068512],[127.115882,37.068718],[127.116081,37.068848],[127.115957,37.069068],[127.115936,37.069209],[127.116136,37.06951],[127.116452,37.06953],[127.116631,37.069494],[127.11709,37.069528],[127.117217,37.069563],[127.117533,37.070095],[127.117765,37.070342],[127.117974,37.070756],[127.11803,37.070946],[127.118028,37.071135],[127.118474,37.072017],[127.118524,37.072281],[127.118516,37.07276],[127.118555,37.073253],[127.118698,37.073293],[127.118658,37.073005],[127.11864,37.072304],[127.118588,37.072005],[127.11818,37.071138],[127.118148,37.07086],[127.117957,37.070443],[127.117715,37.070053],[127.117713,37.069971],[127.117535,37.069861],[127.117377,37.069507],[127.117227,37.069427],[127.116975,37.069433],[127.11675,37.069385],[127.116633,37.069392],[127.116533,37.069422],[127.116529,37.069448],[127.116339,37.069449],[127.116196,37.06942],[127.116136,37.069374],[127.116046,37.069274],[127.116001,37.069165],[127.11618,37.06891],[127.116182,37.068815],[127.115947,37.068673],[127.115909,37.068597],[127.115952,37.068486],[127.115761,37.068464]]]}},{"type":"Feature","id":"SOCHUN:41550:40800004155020180052UJC1000113001","properties":{"MNUM":"40800004155020180052UJC1000113001","admin_code":"41550","sgg_code":"41550","source_layer":"LSMD_CONT_UJ301","semantic":"sochun","stream_name":"금옥천","alias_raw":"금옥천 하천구역","notified_on":"2018-01-30"},"geometry":{"type":"Polygon","coordinates":[[[127.504606,37.073068],[127.504657,37.072959],[127.501173,37.072061],[127.499833,37.071688],[127.499877,37.071657],[127.499604,37.07159],[127.499614,37.071562],[127.499274,37.071418],[127.499003,37.071073],[127.498258,37.070787],[127.498117,37.070796],[127.497982,37.070653],[127.497617,37.070698],[127.497411,37.070122],[127.497429,37.070101],[127.497068,37.070065],[127.496873,37.070109],[127.496696,37.070106],[127.49635,37.069974],[127.495896,37.069681],[127.4957,37.069644],[127.495629,37.069648],[127.495453,37.069745],[127.495405,37.069834],[127.494237,37.070029],[127.494221,37.07006],[127.494021,37.069834],[127.493931,37.06979],[127.493918,37.069811],[127.494044,37.069882],[127.494153,37.070042],[127.494208,37.070074],[127.495277,37.069948],[127.495447,37.06985],[127.495425,37.069834],[127.495469,37.069799],[127.495752,37.069769],[127.495859,37.069773],[127.496168,37.069941],[127.496648,37.070145],[127.496806,37.070164],[127.497217,37.070129],[127.497414,37.070156],[127.497618,37.070743],[127.497677,37.070772],[127.498015,37.070723],[127.498073,37.070833],[127.498253,37.070947],[127.498887,37.071219],[127.499007,37.071442],[127.499109,37.07153],[127.499357,37.071657],[127.502144,37.072458],[127.504606,37.073068]]]}},{"type":"Feature","id":"SOCHUN:41550:40800004155020180052UJC1000170001","properties":{"MNUM":"40800004155020180052UJC1000170001","admin_code":"41550","sgg_code":"41550","source_layer":"LSMD_CONT_UJ301","semantic":"sochun","stream_name":"음촌천","alias_raw":"음촌천 하천구역","notified_on":"2018-01-30"},"geometry":{"type":"Polygon","coordinates":[[[127.351355,37.079334],[127.351585,37.079282],[127.351737,37.079321],[127.351848,37.079409],[127.351909,37.079571],[127.352087,37.079678],[127.35228,37.079748],[127.35249,37.079889],[127.352598,37.079897],[127.35275,37.079817],[127.352891,37.079809],[127.353508,37.079983],[127.353953,37.080241],[127.354312,37.080514],[127.354599,37.080786],[127.354679,37.080825],[127.355264,37.081021],[127.35571,37.080943],[127.356143,37.081209],[127.356299,37.081216],[127.356538,37.081282],[127.356553,37.081262],[127.356058,37.081124],[127.355722,37.080912],[127.355271,37.080988],[127.354693,37.080792],[127.354516,37.080671],[127.354191,37.080372],[127.353567,37.079917],[127.352863,37.079754],[127.35271,37.07977],[127.352579,37.079838],[127.352122,37.0796],[127.351861,37.079327],[127.35166,37.079225],[127.351509,37.079236],[127.351341,37.079295],[127.351355,37.079334]]]}},{"type":"Feature","id":"SOCHUN:41550:40800004155020180052UJC1000188002","properties":{"MNUM":"40800004155020180052UJC1000188002","admin_code":"41550","sgg_code":"41550","source_layer":"LSMD_CONT_UJ301","semantic":"sochun","stream_name":"사곡천","alias_raw":"사곡천 하천구역","notified_on":"2018-01-30"},"geometry":{"type":"Polygon","coordinates":[[[127.264404,37.040278],[127.263811,37.040197],[127.263275,37.039973],[127.263023,37.039752],[127.262812,37.039463],[127.26246,37.03916],[127.262123,37.038356],[127.262123,37.038266],[127.262253,37.03799],[127.262296,37.037806],[127.262307,37.037472],[127.26206,37.03711],[127.26209,37.037097],[127.261868,37.036794],[127.261856,37.036668],[127.261775,37.036555],[127.261819,37.036199],[127.261714,37.036174],[127.261472,37.036334],[127.261276,37.036083],[127.261181,37.035775],[127.261273,37.035493],[127.261589,37.035209],[127.261625,37.034961],[127.261563,37.034434],[127.261549,37.033925],[127.261367,37.033653],[127.261155,37.033419],[127.26111,37.033267],[127.261125,37.032958],[127.261224,37.032719],[127.261273,37.032675],[127.261204,37.032705],[127.260821,37.032728],[127.26077,37.03332],[127.260826,37.033514],[127.26096,37.033703],[127.261239,37.033965],[127.261237,37.034616],[127.261302,37.035085],[127.261048,37.035355],[127.260934,37.035566],[127.260911,37.035883],[127.260757,37.03594],[127.260765,37.035975],[127.260906,37.035955],[127.261091,37.036355],[127.261388,37.036648],[127.261447,37.036884],[127.261583,37.036915],[127.261679,37.03675],[127.261761,37.036844],[127.261782,37.036834],[127.261996,37.037138],[127.261961,37.037153],[127.262204,37.03749],[127.262205,37.037794],[127.262,37.038258],[127.262033,37.038413],[127.262115,37.038489],[127.262408,37.039254],[127.262734,37.03949],[127.263215,37.040003],[127.263802,37.040221],[127.264393,37.040306],[127.264404,37.040278]]]}},{"type":"Feature","id":"SOCHUN:41550:40800004155020240280UJC2000931001","properties":{"MNUM":"40800004155020240280UJC2000931001","admin_code":"41550","sgg_code":"41550","source_layer":"LSMD_CONT_UJ301","semantic":"sochun"},"geometry":{"type":"MultiPolygon","coordinates":[[[[127.263471,37.07869],[127.263443,37.078662],[127.26041,37.080749],[127.260389,37.080812],[127.260441,37.080787],[127.26043,37.080762],[127.260808,37.080558],[127.263471,37.07869]]],[[[127.2637,37.078897],[127.263681,37.078877],[127.261003,37.080755],[127.260524,37.08101],[127.260696,37.080954],[127.261079,37.080722],[127.2637,37.078897]]],[[[127.260484,37.08102],[127.260461,37.080973],[127.26035,37.08098],[127.260076,37.081053],[127.260026,37.081129],[127.26003,37.081265],[127.260218,37.081646],[127.260654,37.082133],[127.260812,37.082358],[127.260721,37.082067],[127.260277,37.081564],[127.260083,37.081157],[127.260101,37.081117],[127.260484,37.08102]]],[[[127.260681,37.08331],[127.260644,37.083297],[127.260615,37.083404],[127.260653,37.083414],[127.260681,37.08331]]],[[[127.260552,37.083839],[127.260509,37.083828],[127.260496,37.083875],[127.260133,37.084266],[127.259603,37.084469],[127.259497,37.084587],[127.259418,37.084808],[127.259465,37.085367],[127.25943,37.085831],[127.259401,37.085919],[127.259019,37.086348],[127.258772,37.086716],[127.258723,37.086871],[127.258786,37.086913],[127.258906,37.086657],[127.259523,37.08591],[127.259591,37.085469],[127.259536,37.084731],[127.259566,37.084614],[127.259638,37.084545],[127.259998,37.084397],[127.260206,37.084273],[127.260463,37.083994],[127.260552,37.083839]]],[[[127.260044,37.080922],[127.260156,37.080888],[127.26016,37.080918],[127.260262,37.080895],[127.260347,37.080818],[127.260071,37.080861],[127.259892,37.080922],[127.259761,37.081064],[127.259758,37.081247],[127.260019,37.081757],[127.260479,37.08227],[127.260539,37.082439],[127.260405,37.08307],[127.260385,37.08334],[127.260344,37.083362],[127.260282,37.083674],[127.260161,37.083896],[127.259999,37.084074],[127.259509,37.084289],[127.2593,37.084523],[127.259265,37.08473],[127.25932,37.085452],[127.259255,37.085875],[127.258625,37.086607],[127.258454,37.08708],[127.258482,37.087263],[127.258371,37.087818],[127.258234,37.088083],[127.258117,37.08822],[127.257939,37.088332],[127.257643,37.088399],[127.257667,37.088467],[127.257879,37.088425],[127.258089,37.088341],[127.258284,37.088156],[127.258416,37.087958],[127.258587,37.087304],[127.258546,37.086932],[127.258933,37.086355],[127.259296,37.085938],[127.25935,37.085806],[127.259387,37.085486],[127.25933,37.084844],[127.259393,37.08458],[127.259526,37.084419],[127.259537,37.08435],[127.259888,37.084243],[127.259996,37.084178],[127.260309,37.083857],[127.260374,37.08372],[127.260423,37.083336],[127.260656,37.0825],[127.260648,37.082413],[127.260546,37.08221],[127.260414,37.082114],[127.260185,37.081849],[127.259872,37.081245],[127.259882,37.081061],[127.259958,37.08097],[127.260044,37.080922]]],[[[127.257919,37.08857],[127.25792,37.088541],[127.257854,37.088544],[127.257762,37.090165],[127.257668,37.092547],[127.257743,37.092554],[127.257919,37.08857]]],[[[127.258767,37.086962],[127.258776,37.086939],[127.25874,37.086943],[127.258667,37.086991],[127.258693,37.087312],[127.258524,37.088014],[127.258369,37.088288],[127.258063,37.08851],[127.25789,37.092561],[127.257932,37.092563],[127.257956,37.092208],[127.258116,37.088575],[127.258172,37.088494],[127.258314,37.0884],[127.258532,37.088181],[127.258648,37.087951],[127.258795,37.087308],[127.258779,37.087096],[127.258737,37.087063],[127.258767,37.086962]]],[[[127.258378,37.09605],[127.258233,37.095937],[127.258231,37.095944],[127.25823,37.095948],[127.258375,37.09606],[127.258378,37.09605]]],[[[127.258365,37.09609],[127.258221,37.095978],[127.258221,37.095978],[127.258218,37.095989],[127.258362,37.0961],[127.258365,37.09609]]],[[[127.258086,37.097165],[127.258074,37.097135],[127.257999,37.09715],[127.257982,37.097198],[127.258036,37.097215],[127.258074,37.097629],[127.257943,37.097814],[127.257895,37.097953],[127.257879,37.098297],[127.257795,37.098507],[127.257838,37.098783],[127.257823,37.099141],[127.257868,37.099661],[127.257915,37.09977],[127.258078,37.099909],[127.258136,37.10001],[127.258142,37.100159],[127.258376,37.100471],[127.258653,37.100985],[127.258839,37.101215],[127.258865,37.101203],[127.258746,37.101047],[127.258454,37.100464],[127.258211,37.100159],[127.258215,37.100005],[127.258133,37.099859],[127.257949,37.099709],[127.257895,37.099154],[127.257914,37.098809],[127.257869,37.098501],[127.257954,37.098307],[127.257961,37.097985],[127.25801,37.09783],[127.258147,37.097624],[127.258086,37.097165]]]]}},{"type":"Feature","id":"SOCHUN:41550:40800004155020230385UJC1000000001","properties":{"MNUM":"40800004155020230385UJC1000000001","admin_code":"41550","sgg_code":"41550","source_layer":"LSMD_CONT_UJ301","semantic":"sochun","alias_raw":"소하천구역","notified_on":"2023-12-29"},"geometry":{"type":"MultiPolygon","coordinates":[[[[127.243151,37.0145],[127.243149,37.014249],[127.243219,37.014088],[127.243262,37.013735],[127.243206,37.013519],[127.243254,37.013328],[127.243091,37.013108],[127.242949,37.013087],[127.242713,37.012604],[127.24276,37.012579],[127.242704,37.012428],[127.242597,37.012432],[127.242588,37.012316],[127.242711,37.012311],[127.242455,37.011483],[127.242597,37.01089],[127.242543,37.010812],[127.242576,37.010564],[127.242551,37.010349],[127.242344,37.009887],[127.242294,37.009657],[127.242336,37.009328],[127.2423,37.009321],[127.24235,37.009021],[127.242371,37.008978],[127.242435,37.009],[127.242465,37.008768],[127.242471,37.008638],[127.242427,37.008471],[127.24221,37.008034],[127.242177,37.00804],[127.241799,37.007428],[127.241898,37.007382],[127.241871,37.007335],[127.241755,37.007365],[127.241525,37.006949],[127.241491,37.006956],[127.241289,37.006684],[127.240882,37.006323],[127.240852,37.006337],[127.24019,37.005899],[127.240136,37.005892],[127.240161,37.005825],[127.240095,37.005796],[127.240049,37.005845],[127.2398,37.005628],[127.239426,37.004923],[127.239334,37.00461],[127.238568,37.00324],[127.238142,37.003382],[127.238523,37.003861],[127.238968,37.004653],[127.238897,37.004678],[127.23888,37.004735],[127.238954,37.004772],[127.239446,37.005735],[127.239715,37.006029],[127.239697,37.006067],[127.239943,37.006143],[127.240293,37.006364],[127.240344,37.006502],[127.240422,37.006529],[127.240474,37.006483],[127.240491,37.006532],[127.240771,37.006737],[127.241033,37.006987],[127.241446,37.007595],[127.241445,37.007696],[127.241543,37.007858],[127.241643,37.007919],[127.241753,37.008095],[127.241723,37.00811],[127.241739,37.008149],[127.241812,37.00818],[127.241775,37.008209],[127.241818,37.008252],[127.241852,37.008245],[127.242084,37.00863],[127.24214,37.008936],[127.242106,37.009092],[127.242053,37.009113],[127.241977,37.009739],[127.242066,37.010132],[127.242252,37.010432],[127.24226,37.01056],[127.242102,37.011487],[127.242385,37.012392],[127.242458,37.012388],[127.242522,37.012568],[127.242443,37.01262],[127.242586,37.013008],[127.242621,37.013005],[127.242705,37.013147],[127.242801,37.013161],[127.243079,37.013613],[127.243103,37.013851],[127.243044,37.014014],[127.243017,37.014558],[127.243151,37.0145]]],[[[127.242623,37.016256],[127.242569,37.016244],[127.242452,37.016289],[127.24241,37.016408],[127.242276,37.016552],[127.242253,37.016753],[127.242388,37.016715],[127.242423,37.016564],[127.242623,37.016256]]],[[[127.243111,37.024918],[127.243188,37.02482],[127.243224,37.024351],[127.243423,37.023936],[127.243556,37.023739],[127.243644,37.023542],[127.243671,37.023388],[127.243605,37.023272],[127.243281,37.02315],[127.243114,37.023032],[127.243051,37.022923],[127.243032,37.022755],[127.243157,37.022585],[127.243242,37.022395],[127.243227,37.022221],[127.243095,37.022094],[127.242597,37.02189],[127.242464,37.021373],[127.241879,37.021029],[127.241868,37.020819],[127.241975,37.020539],[127.242036,37.020217],[127.241841,37.019487],[127.241692,37.019262],[127.241693,37.019194],[127.241593,37.019],[127.241583,37.018881],[127.241556,37.018847],[127.241532,37.019033],[127.241457,37.019001],[127.241333,37.01879],[127.24134,37.018607],[127.241457,37.018255],[127.24152,37.018177],[127.241546,37.017938],[127.241359,37.018183],[127.241181,37.018565],[127.241167,37.018679],[127.241228,37.018887],[127.241498,37.01923],[127.241568,37.019383],[127.241699,37.019523],[127.241754,37.019635],[127.241872,37.02037],[127.241783,37.020702],[127.241701,37.020842],[127.241591,37.020865],[127.241573,37.020954],[127.241612,37.02099],[127.241622,37.021082],[127.241692,37.021093],[127.241974,37.021319],[127.242014,37.021339],[127.24213,37.021248],[127.242255,37.021341],[127.242187,37.02139],[127.242311,37.021529],[127.242298,37.021768],[127.242414,37.021948],[127.242767,37.022191],[127.242866,37.022176],[127.242896,37.022209],[127.242923,37.022354],[127.242863,37.022515],[127.242805,37.022552],[127.242809,37.022654],[127.243029,37.023088],[127.243267,37.023336],[127.243405,37.023684],[127.243342,37.023712],[127.24324,37.023979],[127.243095,37.024178],[127.242854,37.024668],[127.242914,37.024731],[127.242778,37.024843],[127.242868,37.024932],[127.2429,37.024912],[127.243036,37.024957],[127.243111,37.024918]]]]}},{"type":"Feature","id":"SOCHUN:41550:40800004155020230386UJC2000000008","properties":{"MNUM":"40800004155020230386UJC2000000008","admin_code":"41550","sgg_code":"41550","source_layer":"LSMD_CONT_UJ301","semantic":"sochun","alias_raw":"소하천예정지","notified_on":"2023-12-29"},"geometry":{"type":"Polygon","coordinates":[[[127.242345,37.021284],[127.241893,37.02093],[127.241879,37.021029],[127.242078,37.021127],[127.242312,37.021305],[127.242345,37.021284]]]}},{"type":"Feature","id":"SOCHUN:41550:40800004155020230386UJC2000000007","properties":{"MNUM":"40800004155020230386UJC2000000007","admin_code":"41550","sgg_code":"41550","source_layer":"LSMD_CONT_UJ301","semantic":"sochun","alias_raw":"소하천예정지","notified_on":"2023-12-29"},"geometry":{"type":"Polygon","coordinates":[[[127.242232,37.021355],[127.242255,37.021341],[127.24213,37.021248],[127.242108,37.021266],[127.242232,37.021355]]]}},{"type":"Feature","id":"SOCHUN:41550:40800004155020230386UJC2000000006","properties":{"MNUM":"40800004155020230386UJC2000000006","admin_code":"41550","sgg_code":"41550","source_layer":"LSMD_CONT_UJ301","semantic":"sochun","alias_raw":"소하천예정지","notified_on":"2023-12-29"},"geometry":{"type":"Polygon","coordinates":[[[127.24251,37.021481],[127.242497,37.021435],[127.242496,37.021433],[127.24249,37.021425],[127.242484,37.021417],[127.242478,37.02141],[127.242474,37.021406],[127.242498,37.021481],[127.24251,37.021481]]]}},{"type":"Feature","id":"SOCHUN:41550:40800004155020230386UJC2000000005","properties":{"MNUM":"40800004155020230386UJC2000000005","admin_code":"41550","sgg_code":"41550","source_layer":"LSMD_CONT_UJ301","semantic":"sochun","alias_raw":"소하천예정지","notified_on":"2023-12-29"},"geometry":{"type":"Polygon","coordinates":[[[127.242318,37.021592],[127.242311,37.021529],[127.24229,37.021483],[127.242275,37.021463],[127.242276,37.021465],[127.242316,37.021618],[127.242318,37.021592]]]}},{"type":"Feature","id":"SOCHUN:41550:40800004155020230386UJC2000000004","properties":{"MNUM":"40800004155020230386UJC2000000004","admin_code":"41550","sgg_code":"41550","source_layer":"LSMD_CONT_UJ301","semantic":"sochun","alias_raw":"소하천예정지","notified_on":"2023-12-29"},"geometry":{"type":"Polygon","coordinates":[[[127.242615,37.021899],[127.242588,37.02179],[127.242561,37.021823],[127.242615,37.021899]]]}},{"type":"Feature","id":"SOCHUN:41550:40800004155020230386UJC2000000003","properties":{"MNUM":"40800004155020230386UJC2000000003","admin_code":"41550","sgg_code":"41550","source_layer":"LSMD_CONT_UJ301","semantic":"sochun","alias_raw":"소하천예정지","notified_on":"2023-12-29"},"geometry":{"type":"Polygon","coordinates":[[[127.242698,37.022128],[127.242398,37.021924],[127.242517,37.022053],[127.242698,37.022128]]]}},{"type":"Feature","id":"SOCHUN:41550:40800004155020230386UJC2000000002","properties":{"MNUM":"40800004155020230386UJC2000000002","admin_code":"41550","sgg_code":"41550","source_layer":"LSMD_CONT_UJ301","semantic":"sochun","alias_raw":"소하천예정지","notified_on":"2023-12-29"},"geometry":{"type":"Polygon","coordinates":[[[127.242896,37.022209],[127.242866,37.022176],[127.242803,37.022181],[127.242901,37.022232],[127.242896,37.022209]]]}},{"type":"Feature","id":"SOCHUN:41550:40800004155020230386UJC2000000001","properties":{"MNUM":"40800004155020230386UJC2000000001","admin_code":"41550","sgg_code":"41550","source_layer":"LSMD_CONT_UJ301","semantic":"sochun","alias_raw":"소하천예정지","notified_on":"2023-12-29"},"geometry":{"type":"Polygon","coordinates":[[[127.242854,37.024668],[127.243095,37.024178],[127.24324,37.023979],[127.243342,37.023712],[127.243405,37.023684],[127.243267,37.023336],[127.243029,37.023088],[127.242813,37.02266],[127.24278,37.022806],[127.24287,37.023061],[127.242971,37.023179],[127.243275,37.023396],[127.243332,37.023523],[127.242826,37.024601],[127.242854,37.024668]]]}},{"type":"Feature","id":"SOCHUN:41550:40800004155020180052UJC2000126006","properties":{"MNUM":"40800004155020180052UJC2000126006","admin_code":"41550","sgg_code":"41550","source_layer":"LSMD_CONT_UJ301","semantic":"sochun","stream_name":"죽림천","alias_raw":"죽림천 예정지","notified_on":"2018-01-30"},"geometry":{"type":"Polygon","coordinates":[[[127.450024,37.089488],[127.450262,37.08916],[127.450235,37.089138],[127.450371,37.088974],[127.450673,37.088782],[127.450683,37.088811],[127.450855,37.088708],[127.451396,37.088543],[127.451446,37.088555],[127.451576,37.088484],[127.451959,37.087943],[127.452158,37.08773],[127.452354,37.087694],[127.452679,37.08784],[127.452866,37.087864],[127.453026,37.087824],[127.453363,37.087638],[127.45349,37.087513],[127.453667,37.087219],[127.453794,37.086737],[127.453666,37.08672],[127.45366,37.086988],[127.453552,37.087266],[127.453448,37.087439],[127.453307,37.08756],[127.453031,37.08775],[127.452821,37.087795],[127.452789,37.087827],[127.452577,37.08778],[127.452345,37.087654],[127.452192,37.087652],[127.452195,37.087688],[127.451986,37.087849],[127.451505,37.088467],[127.451485,37.088449],[127.451331,37.088524],[127.450655,37.088732],[127.450258,37.088989],[127.450045,37.089386],[127.450024,37.089488]]]}},{"type":"Feature","id":"SOCHUN:41550:40800004155020180052UJC1000154001","properties":{"MNUM":"40800004155020180052UJC1000154001","admin_code":"41550","sgg_code":"41550","source_layer":"LSMD_CONT_UJ301","semantic":"sochun","stream_name":"니미리천","alias_raw":"니미리천 하천구역","notified_on":"2018-01-30"},"geometry":{"type":"Polygon","coordinates":[[[127.425253,37.037732],[127.425295,37.037669],[127.425046,37.03756],[127.424925,37.037591],[127.424766,37.037408],[127.424706,37.0372],[127.42471,37.037135],[127.424744,37.037141],[127.424885,37.036986],[127.425049,37.036662],[127.425231,37.036472],[127.425677,37.036312],[127.42626,37.036233],[127.426483,37.036173],[127.426769,37.035905],[127.42724,37.03594],[127.427493,37.035898],[127.428072,37.035562],[127.428571,37.035499],[127.428902,37.035171],[127.429375,37.034929],[127.429602,37.034771],[127.43011,37.034692],[127.430576,37.034519],[127.430677,37.034506],[127.430978,37.034566],[127.431109,37.034724],[127.431357,37.034862],[127.431371,37.034905],[127.431871,37.034986],[127.432751,37.034763],[127.433208,37.034542],[127.433661,37.034491],[127.434091,37.034559],[127.434859,37.034441],[127.43541,37.034479],[127.435412,37.034393],[127.434862,37.034367],[127.434055,37.034487],[127.433656,37.034425],[127.433112,37.034481],[127.432928,37.034464],[127.432904,37.034504],[127.431844,37.034865],[127.43138,37.03482],[127.43124,37.034738],[127.431198,37.034616],[127.431013,37.034446],[127.430726,37.034413],[127.430588,37.03442],[127.429604,37.034672],[127.429174,37.034936],[127.428799,37.035108],[127.428538,37.035422],[127.428391,37.035457],[127.428089,37.035455],[127.427426,37.03585],[127.427241,37.035877],[127.427242,37.035837],[127.426743,37.035801],[127.426376,37.036103],[127.426195,37.036151],[127.425667,37.036197],[127.425481,37.036294],[127.425223,37.036343],[127.425096,37.036416],[127.424801,37.036641],[127.42493,37.03668],[127.424798,37.036905],[127.424663,37.037053],[127.424614,37.037373],[127.424743,37.037418],[127.424948,37.037648],[127.425066,37.037658],[127.425253,37.037732]]]}},{"type":"Feature","id":"SOCHUN:41550:40800004155020180052UJC2000021004","properties":{"MNUM":"40800004155020180052UJC2000021004","admin_code":"41550","sgg_code":"41550","source_layer":"LSMD_CONT_UJ301","semantic":"sochun","stream_name":"동평천","alias_raw":"동평천 예정지","notified_on":"2018-01-30"},"geometry":{"type":"Polygon","coordinates":[[[127.319408,37.090986],[127.319432,37.090946],[127.31935,37.090939],[127.318901,37.090749],[127.318429,37.090455],[127.318183,37.090354],[127.317701,37.090278],[127.317508,37.090286],[127.317239,37.090341],[127.317766,37.090296],[127.318208,37.090379],[127.318415,37.09047],[127.318968,37.090812],[127.319408,37.090986]]]}},{"type":"Feature","id":"SOCHUN:41550:40800004155020180052UJC2000017009","properties":{"MNUM":"40800004155020180052UJC2000017009","admin_code":"41550","sgg_code":"41550","source_layer":"LSMD_CONT_UJ301","semantic":"sochun","stream_name":"풍정천","alias_raw":"풍정천 예정지","notified_on":"2018-01-30"},"geometry":{"type":"Polygon","coordinates":[[[127.315121,37.075914],[127.315124,37.075914],[127.315128,37.075913],[127.315131,37.075913],[127.315134,37.075912],[127.315138,37.075912],[127.315141,37.075911],[127.315144,37.07591],[127.315148,37.07591],[127.315151,37.075909],[127.315155,37.075909],[127.315158,37.075908],[127.315161,37.075908],[127.315165,37.075907],[127.315168,37.075906],[127.315171,37.075906],[127.315175,37.075905],[127.315178,37.075904],[127.315181,37.075903],[127.315184,37.075903],[127.315188,37.075902],[127.315191,37.075901],[127.315194,37.0759],[127.315198,37.0759],[127.315201,37.075899],[127.315204,37.075898],[127.315207,37.075897],[127.315211,37.075896],[127.315214,37.075896],[127.315217,37.075895],[127.315221,37.075894],[127.315224,37.075893],[127.315227,37.075892],[127.31523,37.075891],[127.315233,37.07589],[127.315237,37.075889],[127.31524,37.075888],[127.315267,37.075883],[127.315226,37.075889],[127.315183,37.075897],[127.31516,37.075901],[127.315149,37.075902],[127.315141,37.075905],[127.315135,37.075909],[127.315121,37.075914]]]}},{"type":"Feature","id":"SOCHUN:41550:40800004155020180052UJC1000008001","properties":{"MNUM":"40800004155020180052UJC1000008001","admin_code":"41550","sgg_code":"41550","source_layer":"LSMD_CONT_UJ301","semantic":"sochun","stream_name":"양협천","alias_raw":"양협천 하천구역","notified_on":"2018-01-30"},"geometry":{"type":"Polygon","coordinates":[[[127.320906,37.01761],[127.321082,37.017511],[127.321594,37.017459],[127.322787,37.01685],[127.323817,37.016769],[127.324327,37.0167],[127.324905,37.016531],[127.325477,37.016454],[127.325665,37.016324],[127.325782,37.016165],[127.325766,37.01607],[127.325642,37.015912],[127.325684,37.015814],[127.326294,37.015602],[127.326755,37.015315],[127.326988,37.015087],[127.32764,37.014874],[127.328583,37.014934],[127.3292,37.014835],[127.330203,37.014368],[127.330228,37.014294],[127.330428,37.014198],[127.33049,37.014099],[127.330476,37.013958],[127.330376,37.013705],[127.330366,37.013621],[127.330395,37.013582],[127.330678,37.013606],[127.33082,37.013514],[127.330993,37.013479],[127.331205,37.013361],[127.331332,37.013415],[127.331466,37.01356],[127.331812,37.01368],[127.331817,37.013716],[127.332049,37.013892],[127.332319,37.014012],[127.332335,37.013982],[127.332915,37.013968],[127.333046,37.014014],[127.333113,37.01399],[127.33326,37.014005],[127.333288,37.013886],[127.333211,37.013869],[127.333023,37.013905],[127.332873,37.01388],[127.332745,37.013909],[127.332653,37.01388],[127.332448,37.013931],[127.332336,37.013927],[127.331709,37.013618],[127.331476,37.013549],[127.331346,37.013407],[127.331204,37.013347],[127.330987,37.013466],[127.330814,37.013502],[127.330669,37.013594],[127.330388,37.013569],[127.330349,37.013619],[127.330475,37.014035],[127.33045,37.014163],[127.330243,37.014261],[127.330187,37.014348],[127.329191,37.014818],[127.328584,37.014916],[127.327637,37.014856],[127.327033,37.015051],[127.326973,37.015073],[127.32674,37.015302],[127.326282,37.015587],[127.325668,37.015802],[127.325619,37.015915],[127.325724,37.016083],[127.325704,37.016177],[127.325608,37.0163],[127.325408,37.016427],[127.324873,37.01647],[127.324287,37.016647],[127.323988,37.016701],[127.32281,37.016792],[127.321547,37.017444],[127.321241,37.01745],[127.321071,37.017485],[127.320888,37.017579],[127.320871,37.017606],[127.320906,37.01761]]]}},{"type":"Feature","id":"SOCHUN:41550:40800004155020180052UJC2000034008","properties":{"MNUM":"40800004155020180052UJC2000034008","admin_code":"41550","sgg_code":"41550","source_layer":"LSMD_CONT_UJ301","semantic":"sochun","stream_name":"석남천","alias_raw":"석남천 예정지","notified_on":"2018-01-30"},"geometry":{"type":"Polygon","coordinates":[[[127.312275,36.943531],[127.312299,36.943487],[127.312215,36.943462],[127.312193,36.943503],[127.312275,36.943531]]]}},{"type":"Feature","id":"SOCHUN:41550:40800004155020180052UJC1000145001","properties":{"MNUM":"40800004155020180052UJC1000145001","admin_code":"41550","sgg_code":"41550","source_layer":"LSMD_CONT_UJ301","semantic":"sochun","stream_name":"열원천","alias_raw":"열원천 하천구역","notified_on":"2018-01-30"},"geometry":{"type":"Polygon","coordinates":[[[127.415515,37.071109],[127.41554,37.071109],[127.414414,37.068594],[127.414427,37.068554],[127.414307,37.068234],[127.413687,37.066864],[127.413633,37.066815],[127.413543,37.066609],[127.413554,37.066558],[127.415708,37.064882],[127.415977,37.064732],[127.416389,37.064413],[127.416621,37.064282],[127.416788,37.064242],[127.417044,37.063998],[127.417148,37.063836],[127.417353,37.063726],[127.417725,37.063413],[127.41804,37.063306],[127.418543,37.063338],[127.418829,37.063325],[127.418937,37.063349],[127.418931,37.06338],[127.419371,37.063566],[127.419671,37.063528],[127.419845,37.063557],[127.420163,37.063409],[127.420361,37.063349],[127.420607,37.063366],[127.42103,37.06334],[127.421097,37.063247],[127.421106,37.062904],[127.421137,37.062894],[127.421152,37.062933],[127.421224,37.062963],[127.421465,37.062968],[127.421466,37.062936],[127.421671,37.06295],[127.421846,37.062912],[127.42213,37.062913],[127.422358,37.062851],[127.422567,37.062728],[127.422985,37.06258],[127.422934,37.062524],[127.422628,37.062656],[127.422355,37.062734],[127.422311,37.062816],[127.422079,37.062866],[127.421471,37.06287],[127.42147,37.062848],[127.421212,37.062827],[127.421073,37.062891],[127.42107,37.063227],[127.420108,37.063324],[127.419877,37.063422],[127.419541,37.063397],[127.419369,37.063466],[127.419006,37.063303],[127.418565,37.063299],[127.418507,37.063268],[127.418233,37.06325],[127.41766,37.063388],[127.41724,37.063668],[127.416929,37.063797],[127.416816,37.064065],[127.41669,37.064152],[127.416408,37.06425],[127.416155,37.064495],[127.415915,37.064663],[127.415668,37.064781],[127.413454,37.066481],[127.413327,37.066645],[127.413332,37.066706],[127.413935,37.067962],[127.414506,37.069339],[127.414608,37.069538],[127.414681,37.069566],[127.41536,37.071089],[127.415504,37.071082],[127.415515,37.071109]]]}},{"type":"Feature","id":"SOCHUN:41550:40800004155020180052UJC2000166007","properties":{"MNUM":"40800004155020180052UJC2000166007","admin_code":"41550","sgg_code":"41550","source_layer":"LSMD_CONT_UJ301","semantic":"sochun","stream_name":"월곡천","alias_raw":"월곡천 예정지","notified_on":"2018-01-30"},"geometry":{"type":"Polygon","coordinates":[[[127.38057,37.077113],[127.380216,37.07694],[127.380182,37.076948],[127.38057,37.077113]]]}},{"type":"Feature","id":"SOCHUN:41550:40800004155020180052UJC2000019002","properties":{"MNUM":"40800004155020180052UJC2000019002","admin_code":"41550","sgg_code":"41550","source_layer":"LSMD_CONT_UJ301","semantic":"sochun","stream_name":"상남서천","alias_raw":"상남서천 예정지","notified_on":"2018-01-30"},"geometry":{"type":"Polygon","coordinates":[[[127.329219,37.063005],[127.329444,37.062747],[127.329462,37.062433],[127.329851,37.062373],[127.330222,37.062414],[127.330558,37.062359],[127.331037,37.062562],[127.330657,37.062367],[127.330458,37.062327],[127.330219,37.062352],[127.329857,37.062315],[127.329408,37.062409],[127.329404,37.062699],[127.329219,37.063005]]]}},{"type":"Feature","id":"SOCHUN:41550:40800004155020180052UJC2000031002","properties":{"MNUM":"40800004155020180052UJC2000031002","admin_code":"41550","sgg_code":"41550","source_layer":"LSMD_CONT_UJ301","semantic":"sochun","stream_name":"대동천","alias_raw":"대동천 예정지","notified_on":"2018-01-30"},"geometry":{"type":"Polygon","coordinates":[[[127.30284,36.954856],[127.302883,36.954805],[127.302835,36.954779],[127.302792,36.95483],[127.30284,36.954856]]]}},{"type":"Feature","id":"SOCHUN:41550:40800004155020180052UJC2000034004","properties":{"MNUM":"40800004155020180052UJC2000034004","admin_code":"41550","sgg_code":"41550","source_layer":"LSMD_CONT_UJ301","semantic":"sochun","stream_name":"석남천","alias_raw":"석남천 예정지","notified_on":"2018-01-30"},"geometry":{"type":"Polygon","coordinates":[[[127.310822,36.942732],[127.31083,36.942689],[127.310753,36.942649],[127.310746,36.942693],[127.310822,36.942732]]]}},{"type":"Feature","id":"SOCHUN:41550:40800004155020180052UJC2000118002","properties":{"MNUM":"40800004155020180052UJC2000118002","admin_code":"41550","sgg_code":"41550","source_layer":"LSMD_CONT_UJ301","semantic":"sochun","stream_name":"국동천","alias_raw":"국동천 예정지","notified_on":"2018-01-30"},"geometry":{"type":"Polygon","coordinates":[[[127.493849,37.113565],[127.493924,37.113442],[127.493814,37.113511],[127.493801,37.113555],[127.493849,37.113565]]]}},{"type":"Feature","id":"SOCHUN:41550:40800004155020180052UJC2000118010","properties":{"MNUM":"40800004155020180052UJC2000118010","admin_code":"41550","sgg_code":"41550","source_layer":"LSMD_CONT_UJ301","semantic":"sochun","stream_name":"국동천","alias_raw":"국동천 예정지","notified_on":"2018-01-30"},"geometry":{"type":"Polygon","coordinates":[[[127.49648,37.107922],[127.497261,37.107625],[127.496703,37.107773],[127.49648,37.107922]]]}},{"type":"Feature","id":"SOCHUN:41550:40800004155020180052UJC2000124002","properties":{"MNUM":"40800004155020180052UJC2000124002","admin_code":"41550","sgg_code":"41550","source_layer":"LSMD_CONT_UJ301","semantic":"sochun","stream_name":"어리실천","alias_raw":"어리실천 예정지","notified_on":"2018-01-30"},"geometry":{"type":"Polygon","coordinates":[[[127.464287,37.108897],[127.464365,37.108854],[127.464412,37.108788],[127.464287,37.108897]]]}},{"type":"Feature","id":"SOCHUN:41550:40800004155020180052UJC2000118014","properties":{"MNUM":"40800004155020180052UJC2000118014","admin_code":"41550","sgg_code":"41550","source_layer":"LSMD_CONT_UJ301","semantic":"sochun","stream_name":"국동천","alias_raw":"국동천 예정지","notified_on":"2018-01-30"},"geometry":{"type":"Polygon","coordinates":[[[127.495798,37.102514],[127.495698,37.102399],[127.495716,37.102454],[127.495798,37.102514]]]}},{"type":"Feature","id":"SOCHUN:41550:40800004155020180052UJC2000136002","properties":{"MNUM":"40800004155020180052UJC2000136002","admin_code":"41550","sgg_code":"41550","source_layer":"LSMD_CONT_UJ301","semantic":"sochun","stream_name":"은석천","alias_raw":"은석천 예정지","notified_on":"2018-01-30"},"geometry":{"type":"Polygon","coordinates":[[[127.442903,37.13477],[127.442985,37.134756],[127.442908,37.134722],[127.442828,37.134737],[127.442903,37.13477]]]}},{"type":"Feature","id":"SOCHUN:41550:40800004155020180052UJC2000118016","properties":{"MNUM":"40800004155020180052UJC2000118016","admin_code":"41550","sgg_code":"41550","source_layer":"LSMD_CONT_UJ301","semantic":"sochun","stream_name":"국동천","alias_raw":"국동천 예정지","notified_on":"2018-01-30"},"geometry":{"type":"Polygon","coordinates":[[[127.494459,37.101945],[127.494439,37.101896],[127.494378,37.101891],[127.494459,37.101945]]]}},{"type":"Feature","id":"SOCHUN:41550:40800004155020180052UJC2000129001","properties":{"MNUM":"40800004155020180052UJC2000129001","admin_code":"41550","sgg_code":"41550","source_layer":"LSMD_CONT_UJ301","semantic":"sochun","stream_name":"등치골천","alias_raw":"등치골천 예정지","notified_on":"2018-01-30"},"geometry":{"type":"Polygon","coordinates":[[[127.442666,37.106625],[127.442997,37.106028],[127.443103,37.105631],[127.443206,37.105476],[127.443184,37.10542],[127.443364,37.105206],[127.443208,37.105222],[127.443218,37.105264],[127.442985,37.105594],[127.442878,37.106022],[127.442562,37.106583],[127.442666,37.106625]]]}},{"type":"Feature","id":"SOCHUN:41550:40800004155020200387UJC1000001000","properties":{"MNUM":"40800004155020200387UJC1000001000","admin_code":"41550","sgg_code":"41550","source_layer":"LSMD_CONT_UJ301","semantic":"sochun","stream_name":"용두천","alias_raw":"용두천 하천구역","notified_on":"2018-01-30"},"geometry":{"type":"Polygon","coordinates":[[[127.167677,37.021835],[127.168213,37.021667],[127.168642,37.021645],[127.168802,37.021577],[127.168887,37.021477],[127.168935,37.02131],[127.16923,37.020725],[127.169266,37.020615],[127.169239,37.020537],[127.169299,37.020513],[127.169004,37.019931],[127.168989,37.019844],[127.169264,37.019135],[127.169105,37.018418],[127.169019,37.018271],[127.169066,37.018287],[127.16901,37.018249],[127.168944,37.018091],[127.168986,37.017982],[127.169016,37.017571],[127.16895,37.017039],[127.168861,37.016881],[127.168854,37.016511],[127.169003,37.0161],[127.169202,37.015778],[127.16946,37.01557],[127.169639,37.015344],[127.170042,37.015057],[127.170234,37.01479],[127.170209,37.014592],[127.170072,37.014348],[127.170065,37.01421],[127.170311,37.013712],[127.170328,37.013535],[127.170105,37.013212],[127.170082,37.013222],[127.170006,37.013136],[127.169947,37.012937],[127.169832,37.012784],[127.169694,37.012615],[127.169263,37.012221],[127.169345,37.012151],[127.169102,37.011981],[127.168978,37.011663],[127.168937,37.011319],[127.168609,37.010918],[127.168642,37.010543],[127.168542,37.010289],[127.168387,37.010144],[127.167314,37.009474],[127.16719,37.009344],[127.16704,37.008971],[127.166726,37.008984],[127.166765,37.009168],[127.166686,37.00915],[127.166717,37.009266],[127.166815,37.009293],[127.166962,37.009556],[127.167049,37.009646],[127.167321,37.009843],[127.168135,37.010339],[127.16824,37.010449],[127.168284,37.010601],[127.168242,37.010982],[127.168336,37.011154],[127.16852,37.011346],[127.168579,37.011496],[127.168608,37.011685],[127.168498,37.011662],[127.16846,37.011734],[127.168624,37.0118],[127.16868,37.011859],[127.168682,37.01203],[127.168747,37.012168],[127.168888,37.012271],[127.169488,37.012862],[127.169536,37.013096],[127.169966,37.013565],[127.169979,37.013631],[127.169709,37.014132],[127.169713,37.014516],[127.169629,37.014753],[127.169625,37.014872],[127.169086,37.015356],[127.169081,37.015332],[127.169016,37.015338],[127.169024,37.01544],[127.168777,37.015801],[127.168688,37.016121],[127.168465,37.016562],[127.168512,37.016563],[127.16845,37.016797],[127.168502,37.01737],[127.168413,37.017583],[127.168395,37.017878],[127.168485,37.018137],[127.168539,37.018172],[127.168665,37.01848],[127.168748,37.018565],[127.168845,37.018841],[127.168866,37.01905],[127.168858,37.019195],[127.168616,37.019669],[127.16868,37.020047],[127.168793,37.020393],[127.169007,37.020636],[127.168639,37.021409],[127.167684,37.021608],[127.167651,37.021493],[127.167567,37.021495],[127.167531,37.02164],[127.167122,37.021673],[127.166916,37.02174],[127.167319,37.021858],[127.167548,37.021834],[127.167581,37.021959],[127.167622,37.021973],[127.167663,37.021972],[127.167677,37.021835]]]}},{"type":"Feature","id":"SOCHUN:41550:40800004155020180052UJC1000161001","properties":{"MNUM":"40800004155020180052UJC1000161001","admin_code":"41550","sgg_code":"41550","source_layer":"LSMD_CONT_UJ301","semantic":"sochun","stream_name":"미장천","alias_raw":"미장천 하천구역","notified_on":"2018-01-30"},"geometry":{"type":"Polygon","coordinates":[[[127.357152,37.040847],[127.357162,37.040809],[127.357905,37.040808],[127.35793,37.040769],[127.358202,37.04065],[127.358543,37.040689],[127.359384,37.040559],[127.36031,37.04036],[127.360341,37.040419],[127.360808,37.040243],[127.361574,37.039872],[127.362496,37.039665],[127.36247,37.039587],[127.362837,37.039458],[127.363349,37.039092],[127.365803,37.038272],[127.366348,37.03789],[127.36659,37.037801],[127.366872,37.037844],[127.367146,37.037945],[127.367258,37.03803],[127.367597,37.038131],[127.36801,37.038128],[127.368288,37.038064],[127.368622,37.037881],[127.368956,37.037414],[127.36923,37.03724],[127.370196,37.036879],[127.370458,37.03692],[127.37099,37.037127],[127.371514,37.037249],[127.371502,37.037282],[127.371766,37.037397],[127.371901,37.03742],[127.372297,37.037365],[127.372491,37.037383],[127.37267,37.037442],[127.373014,37.037634],[127.373218,37.037713],[127.373407,37.037734],[127.373469,37.037658],[127.374255,37.038126],[127.375012,37.038759],[127.375196,37.038876],[127.375309,37.03888],[127.375132,37.038748],[127.375091,37.038754],[127.37496,37.038666],[127.374282,37.038108],[127.373482,37.037641],[127.373346,37.037612],[127.373274,37.037628],[127.372972,37.037484],[127.372813,37.037373],[127.372669,37.037319],[127.372417,37.037276],[127.371923,37.037336],[127.370434,37.036835],[127.370091,37.03682],[127.369843,37.036884],[127.369246,37.037156],[127.369195,37.037169],[127.369177,37.037144],[127.369059,37.037209],[127.368829,37.037392],[127.368584,37.037708],[127.368445,37.037824],[127.368109,37.037989],[127.367975,37.03803],[127.367597,37.038028],[127.367463,37.038005],[127.366851,37.03775],[127.36659,37.03772],[127.366443,37.037753],[127.366261,37.037836],[127.365795,37.038167],[127.3652,37.038405],[127.364854,37.038489],[127.363352,37.039003],[127.362613,37.039435],[127.362439,37.039492],[127.362431,37.039468],[127.362119,37.039547],[127.36168,37.039601],[127.360406,37.040155],[127.359925,37.040279],[127.358632,37.040458],[127.358127,37.040495],[127.358115,37.040586],[127.35782,37.040694],[127.357781,37.040666],[127.35732,37.04067],[127.356667,37.040546],[127.356118,37.040482],[127.355684,37.040394],[127.355417,37.040298],[127.355298,37.040294],[127.355039,37.040215],[127.354926,37.040201],[127.35492,37.040234],[127.354851,37.040242],[127.354588,37.040221],[127.35482,37.040456],[127.355214,37.040493],[127.356092,37.040691],[127.357152,37.040847]]]}},{"type":"Feature","id":"SOCHUN:41550:40800004155020180052UJC2000019004","properties":{"MNUM":"40800004155020180052UJC2000019004","admin_code":"41550","sgg_code":"41550","source_layer":"LSMD_CONT_UJ301","semantic":"sochun","stream_name":"상남서천","alias_raw":"상남서천 예정지","notified_on":"2018-01-30"},"geometry":{"type":"Polygon","coordinates":[[[127.32837,37.063594],[127.328477,37.063527],[127.328713,37.063248],[127.329105,37.062899],[127.328728,37.063175],[127.328408,37.063552],[127.32816,37.063561],[127.32837,37.063594]]]}},{"type":"Feature","id":"SOCHUN:41550:40800004155020180052UJC2000038006","properties":{"MNUM":"40800004155020180052UJC2000038006","admin_code":"41550","sgg_code":"41550","source_layer":"LSMD_CONT_UJ301","semantic":"sochun","stream_name":"새터천","alias_raw":"새터천 예정지","notified_on":"2018-01-30"},"geometry":{"type":"Polygon","coordinates":[[[127.335317,36.96196],[127.335299,36.961626],[127.33516,36.961231],[127.335057,36.960718],[127.334995,36.960722],[127.335065,36.961283],[127.335287,36.96176],[127.335317,36.96196]]]}},{"type":"Feature","id":"SOCHUN:41550:40800004155020180052UJC2000021009","properties":{"MNUM":"40800004155020180052UJC2000021009","admin_code":"41550","sgg_code":"41550","source_layer":"LSMD_CONT_UJ301","semantic":"sochun","stream_name":"동평천","alias_raw":"동평천 예정지","notified_on":"2018-01-30"},"geometry":{"type":"Polygon","coordinates":[[[127.31346,37.089514],[127.313964,37.089436],[127.314044,37.089372],[127.313695,37.08947],[127.31348,37.089485],[127.313295,37.089461],[127.313284,37.089499],[127.312926,37.089432],[127.312644,37.089319],[127.312949,37.089452],[127.31346,37.089514]]]}},{"type":"Feature","id":"SOCHUN:41550:40800004155020180052UJC2000034016","properties":{"MNUM":"40800004155020180052UJC2000034016","admin_code":"41550","sgg_code":"41550","source_layer":"LSMD_CONT_UJ301","semantic":"sochun","stream_name":"석남천","alias_raw":"석남천 예정지","notified_on":"2018-01-30"},"geometry":{"type":"Polygon","coordinates":[[[127.315391,36.948367],[127.315445,36.948341],[127.315309,36.948137],[127.315255,36.948163],[127.315391,36.948367]]]}},{"type":"Feature","id":"SOCHUN:41550:40800004155020180052UJC2000032005","properties":{"MNUM":"40800004155020180052UJC2000032005","admin_code":"41550","sgg_code":"41550","source_layer":"LSMD_CONT_UJ301","semantic":"sochun","stream_name":"중촌천","alias_raw":"중촌천 예정지","notified_on":"2018-01-30"},"geometry":{"type":"Polygon","coordinates":[[[127.310703,36.954054],[127.310745,36.954018],[127.310722,36.953995],[127.31068,36.954031],[127.310703,36.954054]]]}},{"type":"Feature","id":"SOCHUN:41550:40800004155020180052UJC1000034001","properties":{"MNUM":"40800004155020180052UJC1000034001","admin_code":"41550","sgg_code":"41550","source_layer":"LSMD_CONT_UJ301","semantic":"sochun","stream_name":"석남천","alias_raw":"석남천 하천구역","notified_on":"2018-01-30"},"geometry":{"type":"Polygon","coordinates":[[[127.316687,36.949848],[127.31685,36.949826],[127.316762,36.949168],[127.316626,36.948849],[127.316523,36.948705],[127.316305,36.948514],[127.316301,36.948455],[127.316217,36.948425],[127.316134,36.948461],[127.31576,36.94845],[127.315657,36.948428],[127.315528,36.948333],[127.315375,36.948105],[127.315161,36.947655],[127.314994,36.947425],[127.314979,36.947229],[127.315255,36.946765],[127.315336,36.946735],[127.315367,36.94649],[127.315197,36.945655],[127.315163,36.94566],[127.314968,36.94514],[127.314742,36.944714],[127.314475,36.944364],[127.314213,36.944121],[127.314087,36.943912],[127.313975,36.943827],[127.313585,36.943632],[127.31342,36.943634],[127.313153,36.943704],[127.312932,36.943676],[127.312275,36.943531],[127.311968,36.943388],[127.31133,36.943269],[127.310953,36.942899],[127.310928,36.942914],[127.310859,36.942881],[127.310746,36.942693],[127.310772,36.942521],[127.310484,36.942027],[127.310412,36.941797],[127.310279,36.941032],[127.310299,36.940777],[127.310251,36.94068],[127.310101,36.940544],[127.309784,36.940123],[127.309739,36.940108],[127.309629,36.939972],[127.309404,36.939791],[127.30877,36.939505],[127.308353,36.939415],[127.307973,36.939398],[127.307411,36.939228],[127.307189,36.938988],[127.306835,36.938976],[127.306402,36.9385],[127.306369,36.938507],[127.306418,36.938629],[127.306768,36.938986],[127.306946,36.939051],[127.307047,36.939016],[127.307155,36.93903],[127.307369,36.939272],[127.307945,36.939506],[127.308376,36.939579],[127.308821,36.939587],[127.309056,36.939724],[127.309454,36.940024],[127.30959,36.940235],[127.310109,36.940693],[127.310188,36.940806],[127.310275,36.941473],[127.310387,36.941924],[127.310475,36.942171],[127.310724,36.942612],[127.310707,36.942736],[127.31081,36.942875],[127.310917,36.94293],[127.311284,36.943318],[127.311875,36.943425],[127.312168,36.943548],[127.312981,36.943773],[127.313115,36.943792],[127.31312,36.943763],[127.313387,36.943707],[127.313581,36.943705],[127.313883,36.943865],[127.314109,36.944073],[127.314696,36.944733],[127.314907,36.945152],[127.315037,36.945559],[127.315219,36.94649],[127.315191,36.946654],[127.314844,36.947205],[127.314866,36.947394],[127.315035,36.94772],[127.315467,36.948372],[127.315652,36.948495],[127.315791,36.948537],[127.316277,36.948608],[127.316412,36.948734],[127.316649,36.949246],[127.316687,36.949848]]]}},{"type":"Feature","id":"SOCHUN:41550:40800004155020180052UJC1000118001","properties":{"MNUM":"40800004155020180052UJC1000118001","admin_code":"41550","sgg_code":"41550","source_layer":"LSMD_CONT_UJ301","semantic":"sochun","stream_name":"국동천","alias_raw":"국동천 하천구역","notified_on":"2018-01-30"},"geometry":{"type":"Polygon","coordinates":[[[127.493907,37.116003],[127.493928,37.115841],[127.493984,37.115757],[127.494156,37.115654],[127.494225,37.115578],[127.494406,37.115209],[127.494389,37.115108],[127.494232,37.11478],[127.494094,37.114193],[127.493801,37.113555],[127.493814,37.113511],[127.493939,37.113437],[127.494365,37.112982],[127.49438,37.112904],[127.494102,37.111957],[127.494096,37.111621],[127.49423,37.111366],[127.494493,37.111065],[127.494766,37.110839],[127.49501,37.1103],[127.495203,37.109599],[127.495349,37.109206],[127.495429,37.108636],[127.49543,37.10841],[127.495372,37.108398],[127.495399,37.10833],[127.495455,37.10827],[127.495668,37.108186],[127.496032,37.108071],[127.4963,37.10804],[127.496393,37.108001],[127.496703,37.107773],[127.497365,37.107577],[127.497428,37.107447],[127.497628,37.1072],[127.497786,37.107119],[127.497485,37.105615],[127.497345,37.105254],[127.496809,37.104236],[127.496688,37.103956],[127.49661,37.103666],[127.49639,37.103357],[127.496389,37.103301],[127.496279,37.103215],[127.496115,37.102996],[127.495909,37.102596],[127.495716,37.102454],[127.495677,37.102239],[127.495589,37.102144],[127.49555,37.102149],[127.49546,37.102063],[127.495153,37.101917],[127.494592,37.101715],[127.494515,37.101586],[127.494337,37.100669],[127.494354,37.10057],[127.494431,37.1005],[127.494505,37.100503],[127.495084,37.099959],[127.495656,37.099515],[127.495835,37.09942],[127.496537,37.099178],[127.496578,37.099024],[127.497033,37.098545],[127.496961,37.098533],[127.496898,37.098527],[127.496515,37.098927],[127.49592,37.099077],[127.495624,37.099193],[127.495366,37.099371],[127.495281,37.09944],[127.495243,37.099522],[127.495095,37.09962],[127.494684,37.099998],[127.494611,37.100013],[127.494163,37.100375],[127.494055,37.100637],[127.494324,37.101887],[127.494439,37.101896],[127.494463,37.101954],[127.494808,37.102083],[127.494935,37.102062],[127.495342,37.102249],[127.495792,37.102872],[127.495902,37.102953],[127.495954,37.102952],[127.496038,37.103164],[127.496433,37.103768],[127.497301,37.10554],[127.497374,37.105751],[127.497505,37.10644],[127.497567,37.107009],[127.497503,37.107163],[127.497406,37.107274],[127.49732,37.107308],[127.497212,37.107407],[127.497184,37.107542],[127.497121,37.107576],[127.496989,37.107502],[127.496875,37.107589],[127.496628,37.107612],[127.496654,37.107683],[127.496481,37.107775],[127.496111,37.107894],[127.495379,37.108199],[127.495304,37.108392],[127.49523,37.109117],[127.495075,37.109658],[127.494964,37.109878],[127.494956,37.110031],[127.494766,37.110587],[127.49461,37.110749],[127.494558,37.110852],[127.494064,37.111365],[127.493997,37.111517],[127.493946,37.111748],[127.493982,37.11205],[127.49424,37.112879],[127.494211,37.112981],[127.493815,37.113416],[127.493738,37.113575],[127.494082,37.114349],[127.494157,37.114794],[127.494152,37.115019],[127.49425,37.115309],[127.494132,37.115561],[127.494075,37.115613],[127.493892,37.115638],[127.493763,37.115914],[127.493778,37.116001],[127.493907,37.116003]]]}},{"type":"Feature","id":"SOCHUN:41550:40800004155020180052UJC2000118009","properties":{"MNUM":"40800004155020180052UJC2000118009","admin_code":"41550","sgg_code":"41550","source_layer":"LSMD_CONT_UJ301","semantic":"sochun","stream_name":"국동천","alias_raw":"국동천 예정지","notified_on":"2018-01-30"},"geometry":{"type":"Polygon","coordinates":[[[127.497121,37.107576],[127.497184,37.107542],[127.497197,37.10748],[127.497062,37.107543],[127.497121,37.107576]]]}},{"type":"Feature","id":"SOCHUN:41550:40800004155020180052UJC2000136001","properties":{"MNUM":"40800004155020180052UJC2000136001","admin_code":"41550","sgg_code":"41550","source_layer":"LSMD_CONT_UJ301","semantic":"sochun","stream_name":"은석천","alias_raw":"은석천 예정지","notified_on":"2018-01-30"},"geometry":{"type":"Polygon","coordinates":[[[127.442792,37.134721],[127.442874,37.134707],[127.442778,37.134664],[127.442696,37.134679],[127.442792,37.134721]]]}},{"type":"Feature","id":"SOCHUN:41550:40800004155020180052UJC2000136004","properties":{"MNUM":"40800004155020180052UJC2000136004","admin_code":"41550","sgg_code":"41550","source_layer":"LSMD_CONT_UJ301","semantic":"sochun","stream_name":"은석천","alias_raw":"은석천 예정지","notified_on":"2018-01-30"},"geometry":{"type":"Polygon","coordinates":[[[127.4395,37.133481],[127.439521,37.133446],[127.439468,37.133427],[127.439448,37.133462],[127.4395,37.133481]]]}},{"type":"Feature","id":"SOCHUN:41550:40800004155020180052UJC1000139001","properties":{"MNUM":"40800004155020180052UJC1000139001","admin_code":"41550","sgg_code":"41550","source_layer":"LSMD_CONT_UJ301","semantic":"sochun","stream_name":"미역골천","alias_raw":"미역골천 하천구역","notified_on":"2018-01-30"},"geometry":{"type":"Polygon","coordinates":[[[127.425189,37.086661],[127.42524,37.086404],[127.425279,37.086386],[127.425345,37.086252],[127.425431,37.086207],[127.425455,37.086073],[127.425498,37.08604],[127.42517,37.085575],[127.425164,37.08548],[127.425274,37.085326],[127.425308,37.085218],[127.425244,37.085087],[127.425253,37.084995],[127.425375,37.084732],[127.425361,37.084608],[127.425507,37.084383],[127.425547,37.084399],[127.425716,37.083924],[127.426198,37.083206],[127.426322,37.082807],[127.426703,37.08246],[127.426855,37.082259],[127.427342,37.08203],[127.427817,37.08165],[127.428608,37.081124],[127.429027,37.081021],[127.429482,37.081087],[127.429562,37.081141],[127.42997,37.081215],[127.43047,37.08142],[127.430754,37.081571],[127.430976,37.081635],[127.431437,37.081481],[127.431588,37.081485],[127.431959,37.081649],[127.432196,37.081725],[127.432347,37.081732],[127.432414,37.081665],[127.432882,37.081536],[127.433184,37.08138],[127.433231,37.081403],[127.433473,37.081332],[127.433743,37.081132],[127.43408,37.08106],[127.434132,37.081021],[127.434123,37.080994],[127.434562,37.08093],[127.434995,37.081021],[127.435192,37.081027],[127.43518,37.080999],[127.434871,37.080975],[127.434564,37.080903],[127.434048,37.080972],[127.433706,37.081055],[127.433414,37.081246],[127.433131,37.081351],[127.433113,37.081319],[127.432879,37.081454],[127.43238,37.081591],[127.432199,37.081556],[127.431576,37.081327],[127.431375,37.081294],[127.431098,37.081445],[127.430887,37.081485],[127.430473,37.081252],[127.430092,37.081108],[127.42972,37.081056],[127.429411,37.08095],[127.429088,37.080891],[127.428963,37.080884],[127.428928,37.08092],[127.428688,37.080949],[127.428482,37.081062],[127.427135,37.08201],[127.426792,37.082166],[127.426553,37.082463],[127.426291,37.082683],[127.426177,37.082823],[127.426161,37.083027],[127.426072,37.083221],[127.425697,37.083662],[127.425639,37.083786],[127.425677,37.083824],[127.42534,37.084563],[127.425319,37.084625],[127.425344,37.084742],[127.425155,37.085013],[127.425117,37.085285],[127.424997,37.085562],[127.425049,37.085657],[127.425215,37.08572],[127.425359,37.086078],[127.425361,37.086143],[127.425192,37.086268],[127.425086,37.086429],[127.425082,37.086654],[127.425189,37.086661]]]}},{"type":"Feature","id":"SOCHUN:41550:40800004155020180052UJC2000161010","properties":{"MNUM":"40800004155020180052UJC2000161010","admin_code":"41550","sgg_code":"41550","source_layer":"LSMD_CONT_UJ301","semantic":"sochun","stream_name":"미장천","alias_raw":"미장천 예정지","notified_on":"2018-01-30"},"geometry":{"type":"Polygon","coordinates":[[[127.357775,37.040874],[127.357921,37.040854],[127.357905,37.040808],[127.357162,37.040809],[127.357152,37.040847],[127.357775,37.040874]]]}},{"type":"Feature","id":"SOCHUN:41550:40800004155020180052UJC2000038004","properties":{"MNUM":"40800004155020180052UJC2000038004","admin_code":"41550","sgg_code":"41550","source_layer":"LSMD_CONT_UJ301","semantic":"sochun","stream_name":"새터천","alias_raw":"새터천 예정지","notified_on":"2018-01-30"},"geometry":{"type":"Polygon","coordinates":[[[127.334859,36.960817],[127.334826,36.960452],[127.334781,36.960322],[127.334845,36.960687],[127.334839,36.960732],[127.334785,36.960736],[127.334789,36.960774],[127.334843,36.96077],[127.334859,36.960817]]]}},{"type":"Feature","id":"SOCHUN:41550:40800004155020180052UJC2000021011","properties":{"MNUM":"40800004155020180052UJC2000021011","admin_code":"41550","sgg_code":"41550","source_layer":"LSMD_CONT_UJ301","semantic":"sochun","stream_name":"동평천","alias_raw":"동평천 예정지","notified_on":"2018-01-30"},"geometry":{"type":"Polygon","coordinates":[[[127.311951,37.088585],[127.311856,37.088354],[127.311692,37.088187],[127.310547,37.088146],[127.310466,37.088119],[127.310133,37.088136],[127.309615,37.087826],[127.309517,37.087814],[127.309403,37.08782],[127.309233,37.08789],[127.309265,37.087935],[127.307951,37.08854],[127.307016,37.088388],[127.30699,37.088462],[127.307083,37.088482],[127.307098,37.088438],[127.307727,37.088568],[127.307997,37.088549],[127.309406,37.087896],[127.309523,37.087873],[127.309642,37.087905],[127.310095,37.088217],[127.310815,37.088163],[127.311665,37.0882],[127.31177,37.088269],[127.311951,37.088585]]]}},{"type":"Feature","id":"SOCHUN:41550:40800004155020180052UJC1000128001","properties":{"MNUM":"40800004155020180052UJC1000128001","admin_code":"41550","sgg_code":"41550","source_layer":"LSMD_CONT_UJ301","semantic":"sochun","stream_name":"마림천","alias_raw":"마림천 하천구역","notified_on":"2018-01-30"},"geometry":{"type":"Polygon","coordinates":[[[127.452236,37.070342],[127.452938,37.070202],[127.453278,37.070087],[127.453433,37.070004],[127.453561,37.069788],[127.453605,37.069446],[127.453851,37.069095],[127.45399,37.06898],[127.454271,37.068994],[127.454371,37.069037],[127.454413,37.068994],[127.454397,37.068948],[127.454482,37.068942],[127.454664,37.068807],[127.454645,37.068761],[127.454767,37.068628],[127.454889,37.068345],[127.455258,37.067913],[127.455252,37.067856],[127.455303,37.067794],[127.455747,37.067419],[127.455812,37.067463],[127.455768,37.067412],[127.455827,37.067353],[127.455806,37.067313],[127.455846,37.067217],[127.456087,37.06701],[127.456146,37.066894],[127.456304,37.066744],[127.456361,37.066609],[127.456314,37.066421],[127.456405,37.066273],[127.456517,37.065886],[127.456503,37.065815],[127.456313,37.065631],[127.456308,37.065563],[127.456362,37.065452],[127.456444,37.0654],[127.45647,37.065342],[127.45647,37.065141],[127.456696,37.065046],[127.457003,37.064974],[127.457249,37.064978],[127.45745,37.064878],[127.457636,37.064851],[127.457808,37.064757],[127.457921,37.064746],[127.457924,37.064705],[127.457812,37.06469],[127.457819,37.064667],[127.458047,37.064613],[127.458254,37.06449],[127.45822,37.064474],[127.458204,37.064514],[127.457922,37.064635],[127.457829,37.064627],[127.457738,37.064672],[127.457669,37.064656],[127.457631,37.064693],[127.45768,37.064725],[127.457618,37.064762],[127.457432,37.064787],[127.4573,37.064845],[127.457255,37.064824],[127.457201,37.064851],[127.457195,37.064888],[127.456949,37.064879],[127.456315,37.065047],[127.456273,37.065095],[127.456343,37.065199],[127.45639,37.06523],[127.45643,37.065219],[127.456436,37.065306],[127.456267,37.065595],[127.456492,37.065878],[127.456372,37.06626],[127.456276,37.066425],[127.456318,37.066607],[127.456269,37.066716],[127.455809,37.067173],[127.455766,37.067261],[127.455693,37.06725],[127.455634,37.067288],[127.455604,37.067415],[127.455651,37.067438],[127.455317,37.067704],[127.454938,37.06813],[127.454793,37.068304],[127.454683,37.06858],[127.454562,37.068713],[127.454359,37.068856],[127.454336,37.068801],[127.453807,37.068835],[127.453792,37.068882],[127.453858,37.068989],[127.453531,37.06942],[127.453462,37.06984],[127.453398,37.069951],[127.453209,37.070017],[127.452264,37.070231],[127.451735,37.070254],[127.451506,37.070194],[127.451286,37.070064],[127.450828,37.070057],[127.450295,37.069983],[127.450031,37.07],[127.449658,37.07011],[127.449492,37.070052],[127.449215,37.070019],[127.443815,37.069931],[127.443412,37.069904],[127.442891,37.069797],[127.442859,37.069864],[127.442908,37.069887],[127.442916,37.069955],[127.443178,37.070049],[127.4432,37.070018],[127.443353,37.070058],[127.443353,37.070079],[127.443497,37.070097],[127.445776,37.070101],[127.44578,37.070053],[127.445993,37.070053],[127.447095,37.070067],[127.448953,37.070142],[127.449491,37.070118],[127.449635,37.070168],[127.449804,37.070169],[127.450029,37.070084],[127.450297,37.070065],[127.450732,37.070156],[127.451207,37.070138],[127.451338,37.070164],[127.451517,37.070272],[127.451643,37.07031],[127.452236,37.070342]]]}},{"type":"Feature","id":"SOCHUN:41550:40800004155020180052UJC2000034002","properties":{"MNUM":"40800004155020180052UJC2000034002","admin_code":"41550","sgg_code":"41550","source_layer":"LSMD_CONT_UJ301","semantic":"sochun","stream_name":"석남천","alias_raw":"석남천 예정지","notified_on":"2018-01-30"},"geometry":{"type":"Polygon","coordinates":[[[127.306998,36.939061],[127.307079,36.93905],[127.307037,36.939017],[127.306965,36.939027],[127.306998,36.939061]]]}},{"type":"Feature","id":"SOCHUN:41550:40800004155020180052UJC2000119006","properties":{"MNUM":"40800004155020180052UJC2000119006","admin_code":"41550","sgg_code":"41550","source_layer":"LSMD_CONT_UJ301","semantic":"sochun","stream_name":"상가1천","alias_raw":"상가1천 예정지","notified_on":"2018-01-30"},"geometry":{"type":"Polygon","coordinates":[[[127.484787,37.095551],[127.484835,37.095416],[127.484921,37.095327],[127.485015,37.095065],[127.484973,37.094869],[127.484631,37.094408],[127.484626,37.094099],[127.484719,37.093768],[127.484729,37.093527],[127.484791,37.093454],[127.484948,37.093386],[127.485167,37.093102],[127.485397,37.092891],[127.485377,37.092847],[127.485456,37.092738],[127.485825,37.092542],[127.485919,37.09245],[127.485952,37.092313],[127.48586,37.091925],[127.485913,37.091895],[127.485848,37.091645],[127.485895,37.091353],[127.4859,37.090777],[127.485959,37.090484],[127.486066,37.090148],[127.486224,37.090011],[127.486875,37.088906],[127.487537,37.088255],[127.487781,37.088125],[127.487958,37.088122],[127.487986,37.088097],[127.488364,37.088099],[127.488441,37.088065],[127.491034,37.083994],[127.494134,37.082137],[127.494106,37.082093],[127.49097,37.083964],[127.48837,37.088036],[127.487748,37.088021],[127.487662,37.088044],[127.487359,37.088235],[127.487218,37.088435],[127.486779,37.088839],[127.486217,37.089825],[127.486146,37.089917],[127.485921,37.090089],[127.485838,37.090306],[127.485737,37.090794],[127.485769,37.091094],[127.485723,37.091731],[127.485863,37.092227],[127.48583,37.092402],[127.485732,37.092507],[127.485482,37.092608],[127.485368,37.09269],[127.485193,37.092929],[127.485029,37.093065],[127.484899,37.093279],[127.484704,37.093389],[127.484619,37.093497],[127.48461,37.093757],[127.484521,37.094036],[127.484502,37.094241],[127.484532,37.094447],[127.484828,37.094836],[127.484856,37.094919],[127.484861,37.095206],[127.484705,37.095521],[127.484787,37.095551]]]}},{"type":"Feature","id":"SOCHUN:41550:40800004155020180052UJC2000122002","properties":{"MNUM":"40800004155020180052UJC2000122002","admin_code":"41550","sgg_code":"41550","source_layer":"LSMD_CONT_UJ301","semantic":"sochun","stream_name":"판교천","alias_raw":"판교천 예정지","notified_on":"2018-01-30"},"geometry":{"type":"Polygon","coordinates":[[[127.480722,37.069494],[127.480766,37.069492],[127.480764,37.069459],[127.480722,37.06946],[127.480722,37.069494]]]}},{"type":"Feature","id":"SOCHUN:41550:40800004155020180052UJC2000124004","properties":{"MNUM":"40800004155020180052UJC2000124004","admin_code":"41550","sgg_code":"41550","source_layer":"LSMD_CONT_UJ301","semantic":"sochun","stream_name":"어리실천","alias_raw":"어리실천 예정지","notified_on":"2018-01-30"},"geometry":{"type":"Polygon","coordinates":[[[127.462714,37.110191],[127.463457,37.109772],[127.463196,37.109871],[127.462714,37.110191]]]}},{"type":"Feature","id":"SOCHUN:41550:40800004155020180052UJC2000118015","properties":{"MNUM":"40800004155020180052UJC2000118015","admin_code":"41550","sgg_code":"41550","source_layer":"LSMD_CONT_UJ301","semantic":"sochun","stream_name":"국동천","alias_raw":"국동천 예정지","notified_on":"2018-01-30"},"geometry":{"type":"Polygon","coordinates":[[[127.496087,37.102928],[127.49611,37.10292],[127.495959,37.102715],[127.496087,37.102928]]]}},{"type":"Feature","id":"SOCHUN:41550:40800004155020180052UJC1000124001","properties":{"MNUM":"40800004155020180052UJC1000124001","admin_code":"41550","sgg_code":"41550","source_layer":"LSMD_CONT_UJ301","semantic":"sochun","stream_name":"어리실천","alias_raw":"어리실천 하천구역","notified_on":"2018-01-30"},"geometry":{"type":"Polygon","coordinates":[[[127.453914,37.116842],[127.454377,37.116626],[127.454714,37.116121],[127.454679,37.115695],[127.454718,37.115463],[127.454907,37.115275],[127.455138,37.114919],[127.45521,37.114879],[127.455106,37.11488],[127.455756,37.114559],[127.455906,37.114528],[127.456542,37.114624],[127.457112,37.114784],[127.45722,37.114777],[127.45772,37.114665],[127.458115,37.114534],[127.458529,37.114334],[127.458901,37.114061],[127.459107,37.11384],[127.459546,37.113217],[127.460872,37.112074],[127.461048,37.111689],[127.46115,37.110976],[127.461242,37.110797],[127.461502,37.110653],[127.461872,37.110517],[127.461916,37.110561],[127.46229,37.110477],[127.462436,37.110415],[127.462871,37.110065],[127.463196,37.109871],[127.463521,37.109748],[127.464464,37.109085],[127.464874,37.108461],[127.464735,37.108427],[127.46466,37.108353],[127.464546,37.108604],[127.464365,37.108854],[127.463864,37.109239],[127.463267,37.109628],[127.46213,37.110264],[127.461988,37.110357],[127.461944,37.110421],[127.46133,37.11063],[127.461166,37.110762],[127.46106,37.110955],[127.460958,37.111797],[127.460853,37.111983],[127.459847,37.11289],[127.459608,37.113071],[127.458969,37.113911],[127.458694,37.114148],[127.458461,37.114302],[127.457644,37.114622],[127.457133,37.11473],[127.456135,37.114495],[127.455822,37.11446],[127.45508,37.114787],[127.45498,37.114855],[127.455009,37.11488],[127.454826,37.115228],[127.454531,37.115624],[127.454502,37.115733],[127.454598,37.115903],[127.454607,37.116022],[127.454477,37.116356],[127.454163,37.11663],[127.453959,37.116725],[127.45398,37.116748],[127.453887,37.116798],[127.453914,37.116842]]]}},{"type":"Feature","id":"SOCHUN:41550:40800004155020180052UJC2000038012","properties":{"MNUM":"40800004155020180052UJC2000038012","admin_code":"41550","sgg_code":"41550","source_layer":"LSMD_CONT_UJ301","semantic":"sochun","stream_name":"새터천","alias_raw":"새터천 예정지","notified_on":"2018-01-30"},"geometry":{"type":"Polygon","coordinates":[[[127.334812,36.964583],[127.334812,36.964366],[127.334861,36.964234],[127.33522,36.963888],[127.335296,36.963775],[127.335416,36.963254],[127.335317,36.961976],[127.335295,36.962321],[127.335381,36.96281],[127.335347,36.962877],[127.33534,36.96321],[127.33525,36.963698],[127.335094,36.963916],[127.335116,36.963945],[127.334793,36.964309],[127.334812,36.964583]]]}},{"type":"Feature","id":"SOCHUN:41550:40800004155020180052UJC2000021007","properties":{"MNUM":"40800004155020180052UJC2000021007","admin_code":"41550","sgg_code":"41550","source_layer":"LSMD_CONT_UJ301","semantic":"sochun","stream_name":"동평천","alias_raw":"동평천 예정지","notified_on":"2018-01-30"},"geometry":{"type":"Polygon","coordinates":[[[127.315195,37.089441],[127.315197,37.089439],[127.315197,37.089439],[127.315166,37.089412],[127.315165,37.089413],[127.315195,37.089441]]]}},{"type":"Feature","id":"SOCHUN:41550:40800004155020180052UJC2000034017","properties":{"MNUM":"40800004155020180052UJC2000034017","admin_code":"41550","sgg_code":"41550","source_layer":"LSMD_CONT_UJ301","semantic":"sochun","stream_name":"석남천","alias_raw":"석남천 예정지","notified_on":"2018-01-30"},"geometry":{"type":"Polygon","coordinates":[[[127.31576,36.948572],[127.31576,36.948509],[127.31566,36.948489],[127.315662,36.948551],[127.31576,36.948572]]]}},{"type":"Feature","id":"SOCHUN:41550:40800004155020180052UJC1000038001","properties":{"MNUM":"40800004155020180052UJC1000038001","admin_code":"41550","sgg_code":"41550","source_layer":"LSMD_CONT_UJ301","semantic":"sochun","stream_name":"새터천","alias_raw":"새터천 하천구역","notified_on":"2018-01-30"},"geometry":{"type":"Polygon","coordinates":[[[127.334457,36.955457],[127.334835,36.955624],[127.335374,36.955946],[127.335397,36.955995],[127.335154,36.956621],[127.335132,36.956821],[127.335449,36.957474],[127.33542,36.957483],[127.33567,36.957975],[127.335743,36.958038],[127.335751,36.958213],[127.335543,36.958608],[127.335005,36.959413],[127.334767,36.959881],[127.334748,36.960198],[127.334826,36.960452],[127.334951,36.961495],[127.335052,36.961744],[127.335059,36.962305],[127.335121,36.962785],[127.335102,36.962927],[127.335155,36.963138],[127.335099,36.963505],[127.335027,36.963683],[127.334497,36.964292],[127.334495,36.964919],[127.33477,36.964922],[127.334729,36.965356],[127.334766,36.965392],[127.334791,36.964956],[127.334763,36.96461],[127.334812,36.964583],[127.334784,36.964348],[127.334856,36.964214],[127.335116,36.963945],[127.335094,36.963916],[127.335229,36.963758],[127.33534,36.96321],[127.335347,36.962877],[127.335381,36.96281],[127.335295,36.962321],[127.33531,36.961839],[127.335048,36.961213],[127.334873,36.959949],[127.334958,36.959724],[127.335835,36.958346],[127.335883,36.95823],[127.335884,36.958024],[127.335761,36.95794],[127.335708,36.957761],[127.335332,36.957045],[127.335236,36.956701],[127.335233,36.956626],[127.335335,36.956411],[127.335416,36.956097],[127.335519,36.95595],[127.335279,36.955752],[127.334999,36.955581],[127.334876,36.955556],[127.334518,36.955364],[127.334457,36.955457]]]}},{"type":"Feature","id":"SOCHUN:41550:40800004155020180052UJC2000021010","properties":{"MNUM":"40800004155020180052UJC2000021010","admin_code":"41550","sgg_code":"41550","source_layer":"LSMD_CONT_UJ301","semantic":"sochun","stream_name":"동평천","alias_raw":"동평천 예정지","notified_on":"2018-01-30"},"geometry":{"type":"Polygon","coordinates":[[[127.312897,37.089166],[127.31249,37.088811],[127.312021,37.088122],[127.311845,37.087992],[127.311667,37.08795],[127.310776,37.087925],[127.310115,37.087999],[127.310118,37.088027],[127.310854,37.087985],[127.311802,37.088031],[127.312044,37.088181],[127.312464,37.088809],[127.312755,37.089084],[127.312897,37.089166]]]}},{"type":"Feature","id":"SOCHUN:41550:40800004155020180052UJC2000031005","properties":{"MNUM":"40800004155020180052UJC2000031005","admin_code":"41550","sgg_code":"41550","source_layer":"LSMD_CONT_UJ301","semantic":"sochun","stream_name":"대동천","alias_raw":"대동천 예정지","notified_on":"2018-01-30"},"geometry":{"type":"Polygon","coordinates":[[[127.310419,36.958753],[127.310472,36.958679],[127.310336,36.958643],[127.310328,36.958665],[127.309249,36.958469],[127.308855,36.958212],[127.308666,36.958202],[127.308112,36.958256],[127.307453,36.957936],[127.30741,36.958001],[127.308047,36.958278],[127.308254,36.958301],[127.308794,36.958253],[127.309265,36.958521],[127.309932,36.958626],[127.310419,36.958753]]]}},{"type":"Feature","id":"SOCHUN:41550:40800004155020180052UJC1000043001","properties":{"MNUM":"40800004155020180052UJC1000043001","admin_code":"41550","sgg_code":"41550","source_layer":"LSMD_CONT_UJ301","semantic":"sochun","stream_name":"인지재천","alias_raw":"인지재천 하천구역","notified_on":"2018-01-30"},"geometry":{"type":"Polygon","coordinates":[[[127.388712,36.971977],[127.388655,36.971928],[127.388501,36.972072],[127.38815,36.972219],[127.386847,36.972615],[127.385906,36.97295],[127.385733,36.972936],[127.385382,36.972729],[127.3853,36.972727],[127.384903,36.972853],[127.384475,36.97307],[127.3838,36.973203],[127.38332,36.973348],[127.382913,36.973664],[127.382847,36.973832],[127.382699,36.973986],[127.382441,36.974056],[127.381854,36.974045],[127.38166,36.974067],[127.381295,36.974171],[127.381105,36.974534],[127.3811,36.97473],[127.381051,36.974826],[127.380865,36.974948],[127.380528,36.975043],[127.380268,36.975281],[127.37951,36.975336],[127.379202,36.975305],[127.379098,36.975244],[127.378855,36.975265],[127.378713,36.975348],[127.378291,36.975511],[127.378161,36.975535],[127.377683,36.975431],[127.377499,36.975439],[127.377261,36.975548],[127.376545,36.976038],[127.376192,36.976103],[127.375837,36.976232],[127.375704,36.976318],[127.375474,36.976322],[127.375309,36.976274],[127.374592,36.976182],[127.373841,36.975941],[127.373463,36.975936],[127.373457,36.976023],[127.373885,36.976026],[127.374818,36.976307],[127.375164,36.976315],[127.375466,36.976405],[127.375765,36.976415],[127.375938,36.976374],[127.376205,36.976226],[127.3766,36.976131],[127.376947,36.975839],[127.377499,36.97552],[127.37767,36.975507],[127.37817,36.97558],[127.378301,36.975556],[127.378942,36.975323],[127.379096,36.975298],[127.379142,36.975345],[127.379516,36.975362],[127.379732,36.975333],[127.380001,36.975353],[127.380235,36.975335],[127.380515,36.975208],[127.380662,36.975098],[127.381002,36.97498],[127.381221,36.974867],[127.381233,36.974512],[127.381196,36.974493],[127.381346,36.974199],[127.381493,36.97414],[127.38174,36.97411],[127.382415,36.97413],[127.38269,36.974078],[127.382845,36.973973],[127.382937,36.973743],[127.383363,36.973395],[127.383448,36.973359],[127.383719,36.97328],[127.383804,36.973224],[127.384358,36.973161],[127.384783,36.973232],[127.384926,36.973231],[127.385346,36.973149],[127.385538,36.973055],[127.386133,36.972956],[127.388352,36.972201],[127.388562,36.972108],[127.388712,36.971977]]]}},{"type":"Feature","id":"SOCHUN:41550:40800004155020180052UJC1000035001","properties":{"MNUM":"40800004155020180052UJC1000035001","admin_code":"41550","sgg_code":"41550","source_layer":"LSMD_CONT_UJ301","semantic":"sochun","stream_name":"상대천","alias_raw":"상대천 하천구역","notified_on":"2018-01-30"},"geometry":{"type":"Polygon","coordinates":[[[127.316301,36.948455],[127.316558,36.948083],[127.316891,36.947726],[127.316961,36.947514],[127.317013,36.947454],[127.317533,36.947227],[127.317888,36.946927],[127.31882,36.94654],[127.319502,36.946333],[127.320168,36.945798],[127.32032,36.945752],[127.32051,36.945791],[127.320561,36.945707],[127.320981,36.945582],[127.321308,36.945373],[127.32179,36.945173],[127.322071,36.944973],[127.322178,36.944755],[127.322404,36.944671],[127.322902,36.94464],[127.323026,36.944826],[127.323119,36.944868],[127.323345,36.944892],[127.323907,36.944832],[127.324079,36.944862],[127.32436,36.945051],[127.324388,36.945008],[127.324095,36.944798],[127.323932,36.944762],[127.32335,36.94483],[127.323118,36.94481],[127.322984,36.944708],[127.3229,36.944593],[127.322498,36.944612],[127.32221,36.94469],[127.322114,36.944746],[127.322032,36.944959],[127.321915,36.945012],[127.321763,36.945139],[127.320473,36.945666],[127.320124,36.94575],[127.319456,36.946307],[127.318755,36.946515],[127.317832,36.94686],[127.317615,36.947021],[127.31747,36.947186],[127.317282,36.947291],[127.316928,36.947426],[127.316842,36.947696],[127.316217,36.948425],[127.316301,36.948455]]]}},{"type":"Feature","id":"SOCHUN:41550:40800004155020180052UJC1000032001","properties":{"MNUM":"40800004155020180052UJC1000032001","admin_code":"41550","sgg_code":"41550","source_layer":"LSMD_CONT_UJ301","semantic":"sochun","stream_name":"중촌천","alias_raw":"중촌천 하천구역","notified_on":"2018-01-30"},"geometry":{"type":"Polygon","coordinates":[[[127.307393,36.952613],[127.307488,36.952713],[127.307907,36.952787],[127.308148,36.952906],[127.308403,36.952946],[127.308641,36.952923],[127.308796,36.952764],[127.308917,36.952762],[127.309271,36.953061],[127.30919,36.953294],[127.309216,36.953364],[127.309647,36.95344],[127.309827,36.95344],[127.310213,36.953535],[127.310363,36.953609],[127.310481,36.953703],[127.310745,36.954018],[127.310777,36.954218],[127.310977,36.954462],[127.311098,36.954746],[127.311364,36.954899],[127.311405,36.954898],[127.311374,36.954916],[127.311374,36.955025],[127.311307,36.955213],[127.311315,36.955357],[127.311357,36.955441],[127.311655,36.955467],[127.311738,36.955505],[127.311885,36.955835],[127.311995,36.955966],[127.31211,36.956033],[127.312294,36.956047],[127.312581,36.955898],[127.312701,36.955949],[127.312883,36.956089],[127.312905,36.956068],[127.312723,36.955908],[127.312562,36.955846],[127.312453,36.955859],[127.312214,36.955978],[127.312104,36.955962],[127.311951,36.955811],[127.311803,36.955464],[127.311688,36.955407],[127.311432,36.955382],[127.311473,36.954876],[127.311424,36.95482],[127.311182,36.954702],[127.311025,36.954351],[127.310846,36.954212],[127.310807,36.954018],[127.310429,36.953573],[127.310319,36.95351],[127.309827,36.953386],[127.309459,36.953386],[127.309261,36.953345],[127.309235,36.953292],[127.309313,36.953116],[127.309305,36.953016],[127.308978,36.952727],[127.308795,36.952732],[127.308615,36.952885],[127.308428,36.952911],[127.308161,36.952866],[127.307952,36.952771],[127.307494,36.952667],[127.307422,36.952597],[127.307393,36.952613]]]}},{"type":"Feature","id":"SOCHUN:41550:40800004155020180052UJC2000118008","properties":{"MNUM":"40800004155020180052UJC2000118008","admin_code":"41550","sgg_code":"41550","source_layer":"LSMD_CONT_UJ301","semantic":"sochun","stream_name":"국동천","alias_raw":"국동천 예정지","notified_on":"2018-01-30"},"geometry":{"type":"Polygon","coordinates":[[[127.49752,37.106552],[127.497374,37.105751],[127.497246,37.105393],[127.496718,37.104389],[127.496567,37.104023],[127.496537,37.10409],[127.496623,37.104294],[127.497113,37.105173],[127.497345,37.105853],[127.497473,37.10652],[127.49752,37.106552]]]}},{"type":"Feature","id":"SOCHUN:41550:40800004155020180052UJC2000118017","properties":{"MNUM":"40800004155020180052UJC2000118017","admin_code":"41550","sgg_code":"41550","source_layer":"LSMD_CONT_UJ301","semantic":"sochun","stream_name":"국동천","alias_raw":"국동천 예정지","notified_on":"2018-01-30"},"geometry":{"type":"Polygon","coordinates":[[[127.495902,37.102953],[127.495792,37.102872],[127.495505,37.102502],[127.495433,37.10234],[127.495321,37.102231],[127.494935,37.102062],[127.494808,37.102083],[127.49447,37.101953],[127.495221,37.102251],[127.495314,37.102328],[127.495758,37.102915],[127.495902,37.102953]]]}},{"type":"Feature","id":"SOCHUN:41550:40800004155020180052UJC2000118019","properties":{"MNUM":"40800004155020180052UJC2000118019","admin_code":"41550","sgg_code":"41550","source_layer":"LSMD_CONT_UJ301","semantic":"sochun","stream_name":"국동천","alias_raw":"국동천 예정지","notified_on":"2018-01-30"},"geometry":{"type":"Polygon","coordinates":[[[127.49431,37.10182],[127.494072,37.100777],[127.494055,37.100637],[127.494125,37.100437],[127.494037,37.100646],[127.49413,37.101204],[127.494107,37.101274],[127.494252,37.101767],[127.49431,37.10182]]]}},{"type":"Feature","id":"SOCHUN:41550:40800004155020180052UJC2000122006","properties":{"MNUM":"40800004155020180052UJC2000122006","admin_code":"41550","sgg_code":"41550","source_layer":"LSMD_CONT_UJ301","semantic":"sochun","stream_name":"판교천","alias_raw":"판교천 예정지","notified_on":"2018-01-30"},"geometry":{"type":"Polygon","coordinates":[[[127.477624,37.086403],[127.478658,37.083649],[127.483567,37.076978],[127.483585,37.076891],[127.483123,37.074297],[127.48212,37.073461],[127.48311,37.07436],[127.483555,37.076934],[127.478664,37.083592],[127.477602,37.086371],[127.477624,37.086403]]]}},{"type":"Feature","id":"SOCHUN:41550:40800004155020180052UJC2000122001","properties":{"MNUM":"40800004155020180052UJC2000122001","admin_code":"41550","sgg_code":"41550","source_layer":"LSMD_CONT_UJ301","semantic":"sochun","stream_name":"판교천","alias_raw":"판교천 예정지","notified_on":"2018-01-30"},"geometry":{"type":"Polygon","coordinates":[[[127.480612,37.069494],[127.480671,37.069492],[127.480674,37.06946],[127.480612,37.069461],[127.480612,37.069494]]]}},{"type":"Feature","id":"SOCHUN:41550:40800004155020180052UJC2000124005","properties":{"MNUM":"40800004155020180052UJC2000124005","admin_code":"41550","sgg_code":"41550","source_layer":"LSMD_CONT_UJ301","semantic":"sochun","stream_name":"어리실천","alias_raw":"어리실천 예정지","notified_on":"2018-01-30"},"geometry":{"type":"Polygon","coordinates":[[[127.461944,37.110421],[127.462116,37.110273],[127.46191,37.110367],[127.461944,37.110421]]]}},{"type":"Feature","id":"SOCHUN:41550:40800004155020180052UJC2000154001","properties":{"MNUM":"40800004155020180052UJC2000154001","admin_code":"41550","sgg_code":"41550","source_layer":"LSMD_CONT_UJ301","semantic":"sochun","stream_name":"니미리천","alias_raw":"니미리천 예정지","notified_on":"2018-01-30"},"geometry":{"type":"Polygon","coordinates":[[[127.424931,37.036987],[127.425232,37.036527],[127.42546,37.036402],[127.425231,37.036472],[127.425145,37.036545],[127.425049,37.036662],[127.424893,37.036972],[127.424931,37.036987]]]}},{"type":"Feature","id":"SOCHUN:41550:40800004155020180052UJC2000172002","properties":{"MNUM":"40800004155020180052UJC2000172002","admin_code":"41550","sgg_code":"41550","source_layer":"LSMD_CONT_UJ301","semantic":"sochun","stream_name":"배태1천","alias_raw":"배태1천 예정지","notified_on":"2018-01-30"},"geometry":{"type":"Polygon","coordinates":[[[127.353211,37.083013],[127.353282,37.082976],[127.353204,37.082903],[127.352953,37.082864],[127.352962,37.082933],[127.353114,37.082939],[127.353211,37.083013]]]}},{"type":"Feature","id":"SOCHUN:41550:40800004155020180052UJC2000017001","properties":{"MNUM":"40800004155020180052UJC2000017001","admin_code":"41550","sgg_code":"41550","source_layer":"LSMD_CONT_UJ301","semantic":"sochun","stream_name":"풍정천","alias_raw":"풍정천 예정지","notified_on":"2018-01-30"},"geometry":{"type":"Polygon","coordinates":[[[127.322094,37.076749],[127.322168,37.076712],[127.321684,37.076679],[127.321363,37.076624],[127.320854,37.076602],[127.322094,37.076749]]]}},{"type":"Feature","id":"SOCHUN:41550:40800004155020180052UJC2000161001","properties":{"MNUM":"40800004155020180052UJC2000161001","admin_code":"41550","sgg_code":"41550","source_layer":"LSMD_CONT_UJ301","semantic":"sochun","stream_name":"미장천","alias_raw":"미장천 예정지","notified_on":"2018-01-30"},"geometry":{"type":"Polygon","coordinates":[[[127.374241,37.038144],[127.374255,37.038126],[127.373469,37.037658],[127.373454,37.037676],[127.374241,37.038144]]]}},{"type":"Feature","id":"SOCHUN:41550:40800004155020180052UJC1000175001","properties":{"MNUM":"40800004155020180052UJC1000175001","admin_code":"41550","sgg_code":"41550","source_layer":"LSMD_CONT_UJ301","semantic":"sochun","stream_name":"하냉1천","alias_raw":"하냉1천 하천구역","notified_on":"2018-01-30"},"geometry":{"type":"Polygon","coordinates":[[[127.369731,37.099649],[127.369727,37.099518],[127.370271,37.098891],[127.370755,37.098523],[127.371031,37.09843],[127.37188,37.098405],[127.372273,37.098105],[127.375419,37.098115],[127.375377,37.098069],[127.375413,37.098044],[127.375395,37.098026],[127.375359,37.098051],[127.375329,37.098022],[127.372293,37.098008],[127.372247,37.09803],[127.37224,37.098078],[127.371871,37.098341],[127.371132,37.098358],[127.370902,37.098402],[127.37063,37.098525],[127.370348,37.09873],[127.369991,37.099143],[127.369856,37.099246],[127.369711,37.099433],[127.369697,37.099588],[127.369731,37.099649]]]}},{"type":"Feature","id":"SOCHUN:41550:40800004155020180052UJC2000017006","properties":{"MNUM":"40800004155020180052UJC2000017006","admin_code":"41550","sgg_code":"41550","source_layer":"LSMD_CONT_UJ301","semantic":"sochun","stream_name":"풍정천","alias_raw":"풍정천 예정지","notified_on":"2018-01-30"},"geometry":{"type":"Polygon","coordinates":[[[127.316393,37.076038],[127.31607,37.075962],[127.315751,37.075846],[127.3155,37.07585],[127.315749,37.075871],[127.316208,37.076013],[127.316393,37.076038]]]}},{"type":"Feature","id":"SOCHUN:41550:40800004155020180052UJC2000182001","properties":{"MNUM":"40800004155020180052UJC2000182001","admin_code":"41550","sgg_code":"41550","source_layer":"LSMD_CONT_UJ301","semantic":"sochun","stream_name":"사동천","alias_raw":"사동천 예정지","notified_on":"2018-01-30"},"geometry":{"type":"Polygon","coordinates":[[[127.289605,37.10097],[127.289616,37.10093],[127.289532,37.100915],[127.289534,37.100955],[127.289605,37.10097]]]}},{"type":"Feature","id":"SOCHUN:41550:40800004155020180052UJC1000078001","properties":{"MNUM":"40800004155020180052UJC1000078001","admin_code":"41550","sgg_code":"41550","source_layer":"LSMD_CONT_UJ301","semantic":"sochun","stream_name":"도곡천","alias_raw":"도곡천 하천구역","notified_on":"2018-01-30"},"geometry":{"type":"Polygon","coordinates":[[[127.217558,37.079292],[127.217569,37.079256],[127.217481,37.079228],[127.217414,37.079136],[127.217294,37.079058],[127.217053,37.078766],[127.216918,37.078708],[127.21665,37.078663],[127.216221,37.078768],[127.215898,37.078666],[127.215661,37.07868],[127.215527,37.078775],[127.215352,37.079092],[127.215286,37.079125],[127.214902,37.078773],[127.214676,37.078658],[127.214561,37.078636],[127.214183,37.078621],[127.213768,37.078655],[127.213002,37.078651],[127.212438,37.078693],[127.210338,37.078425],[127.210347,37.078464],[127.21042,37.078487],[127.211734,37.078683],[127.211967,37.078758],[127.212391,37.078821],[127.213003,37.078757],[127.213538,37.078785],[127.214106,37.078755],[127.214653,37.078782],[127.214849,37.078901],[127.215199,37.079219],[127.215368,37.079239],[127.215417,37.079211],[127.215711,37.07878],[127.215869,37.078774],[127.216212,37.078888],[127.216505,37.078793],[127.216791,37.078774],[127.216958,37.078837],[127.217126,37.079051],[127.217387,37.079171],[127.21745,37.079257],[127.217558,37.079292]]]}},{"type":"Feature","id":"SOCHUN:41550:40800004155020180052UJC1000109001","properties":{"MNUM":"40800004155020180052UJC1000109001","admin_code":"41550","sgg_code":"41550","source_layer":"LSMD_CONT_UJ301","semantic":"sochun","stream_name":"성주제1천","alias_raw":"성주제1천 하천구역","notified_on":"2018-01-30"},"geometry":{"type":"Polygon","coordinates":[[[127.168937,37.086266],[127.16942,37.086059],[127.169599,37.085797],[127.170062,37.085727],[127.170065,37.085634],[127.170137,37.085548],[127.170134,37.085241],[127.170244,37.084774],[127.170656,37.084595],[127.170978,37.08421],[127.171228,37.084193],[127.171283,37.084158],[127.171344,37.08418],[127.17145,37.08403],[127.171576,37.083933],[127.171685,37.083875],[127.171956,37.08382],[127.172202,37.083701],[127.172473,37.083682],[127.174129,37.083208],[127.174216,37.083132],[127.174352,37.082903],[127.174466,37.082817],[127.174678,37.082695],[127.175286,37.082522],[127.175465,37.082315],[127.175485,37.082335],[127.175523,37.08232],[127.175509,37.082305],[127.175585,37.082299],[127.175586,37.082235],[127.175427,37.082276],[127.175236,37.082494],[127.175087,37.082516],[127.174596,37.082685],[127.174358,37.082828],[127.174247,37.082924],[127.174142,37.083115],[127.17406,37.08317],[127.173294,37.083376],[127.173088,37.083369],[127.172578,37.08358],[127.172169,37.083636],[127.171441,37.083881],[127.171235,37.084067],[127.170866,37.084201],[127.170771,37.084388],[127.170602,37.084548],[127.170094,37.084692],[127.170063,37.085052],[127.169993,37.085316],[127.170069,37.085349],[127.170087,37.08556],[127.169903,37.08568],[127.169476,37.085703],[127.169345,37.086019],[127.168878,37.086167],[127.168937,37.086266]]]}},{"type":"Feature","id":"SOCHUN:41550:40800004155020180052UJC2000108004","properties":{"MNUM":"40800004155020180052UJC2000108004","admin_code":"41550","sgg_code":"41550","source_layer":"LSMD_CONT_UJ301","semantic":"sochun","stream_name":"성주천","alias_raw":"성주천 예정지","notified_on":"2018-01-30"},"geometry":{"type":"Polygon","coordinates":[[[127.168722,37.086323],[127.168789,37.08631],[127.168779,37.086272],[127.168711,37.086284],[127.168722,37.086323]]]}},{"type":"Feature","id":"SOCHUN:41550:40800004155020180052UJC2000060002","properties":{"MNUM":"40800004155020180052UJC2000060002","admin_code":"41550","sgg_code":"41550","source_layer":"LSMD_CONT_UJ301","semantic":"sochun","stream_name":"보체2천","alias_raw":"보체2천 예정지","notified_on":"2018-01-30"},"geometry":{"type":"Polygon","coordinates":[[[127.248642,36.965801],[127.248735,36.965795],[127.24848,36.965289],[127.248434,36.965303],[127.248642,36.965801]]]}},{"type":"Feature","id":"SOCHUN:41550:40800004155020180052UJC1000086001","properties":{"MNUM":"40800004155020180052UJC1000086001","admin_code":"41550","sgg_code":"41550","source_layer":"LSMD_CONT_UJ301","semantic":"sochun","stream_name":"범골천","alias_raw":"범골천 하천구역","notified_on":"2018-01-30"},"geometry":{"type":"Polygon","coordinates":[[[127.237261,37.105391],[127.237469,37.10488],[127.237676,37.104182],[127.237916,37.103569],[127.23816,37.103372],[127.238546,37.103279],[127.238738,37.103043],[127.238889,37.102772],[127.239024,37.102745],[127.239284,37.102534],[127.239674,37.101986],[127.239867,37.101431],[127.240048,37.101121],[127.239996,37.100911],[127.239787,37.100619],[127.23971,37.100261],[127.239681,37.099946],[127.239821,37.099176],[127.23973,37.098201],[127.239647,37.098207],[127.239748,37.098652],[127.239786,37.099092],[127.23965,37.099881],[127.239694,37.100437],[127.239739,37.100635],[127.239949,37.100927],[127.239993,37.101138],[127.239829,37.101416],[127.239654,37.101939],[127.239353,37.102394],[127.238997,37.102699],[127.23883,37.102767],[127.238693,37.103025],[127.238513,37.103248],[127.23818,37.103317],[127.237892,37.103492],[127.237863,37.103536],[127.237825,37.103727],[127.237603,37.104201],[127.23718,37.105379],[127.237261,37.105391]]]}},{"type":"Feature","id":"SOCHUN:41550:40800004155020180052UJC2000058002","properties":{"MNUM":"40800004155020180052UJC2000058002","admin_code":"41550","sgg_code":"41550","source_layer":"LSMD_CONT_UJ301","semantic":"sochun","stream_name":"강덕천","alias_raw":"강덕천 예정지","notified_on":"2018-01-30"},"geometry":{"type":"Polygon","coordinates":[[[127.227221,36.956454],[127.227282,36.956321],[127.227274,36.955737],[127.227413,36.955414],[127.227359,36.955394],[127.227196,36.955729],[127.227157,36.955728],[127.22727,36.956277],[127.227164,36.956435],[127.227221,36.956454]]]}},{"type":"Feature","id":"SOCHUN:41550:40800004155020180052UJC1000021001","properties":{"MNUM":"40800004155020180052UJC1000021001","admin_code":"41550","sgg_code":"41550","source_layer":"LSMD_CONT_UJ301","semantic":"sochun","stream_name":"동평천","alias_raw":"동평천 하천구역","notified_on":"2018-01-30"},"geometry":{"type":"Polygon","coordinates":[[[127.319457,37.090949],[127.319621,37.090833],[127.319766,37.090663],[127.319814,37.0903],[127.31989,37.090234],[127.31998,37.09028],[127.320074,37.0901],[127.320139,37.090051],[127.320758,37.090047],[127.320868,37.089942],[127.3209,37.089812],[127.321297,37.089755],[127.321707,37.089788],[127.322253,37.089705],[127.322623,37.089733],[127.322839,37.089713],[127.323189,37.089611],[127.323473,37.089468],[127.323689,37.089412],[127.323811,37.089435],[127.324219,37.089631],[127.324562,37.089608],[127.324736,37.089511],[127.32501,37.089413],[127.325174,37.089297],[127.325325,37.089139],[127.325545,37.088825],[127.32557,37.088742],[127.325708,37.088646],[127.326059,37.088505],[127.326477,37.08827],[127.326942,37.088076],[127.327317,37.088065],[127.327554,37.088005],[127.328222,37.087658],[127.328206,37.087639],[127.328379,37.087544],[127.328507,37.087408],[127.328546,37.087274],[127.328683,37.08707],[127.328561,37.087034],[127.328382,37.087262],[127.328333,37.087426],[127.327889,37.087721],[127.327406,37.087949],[127.326889,37.087934],[127.326092,37.088344],[127.325637,37.088522],[127.32554,37.088587],[127.325026,37.089258],[127.324846,37.089373],[127.324445,37.089554],[127.324243,37.089526],[127.323863,37.089329],[127.323597,37.08929],[127.323367,37.089369],[127.323126,37.089512],[127.322805,37.08961],[127.322197,37.089576],[127.321739,37.089664],[127.32124,37.089628],[127.320902,37.089671],[127.320782,37.089767],[127.320749,37.089882],[127.320716,37.089899],[127.320111,37.08992],[127.32003,37.089945],[127.319716,37.090205],[127.319702,37.090167],[127.319566,37.090313],[127.319574,37.09058],[127.319485,37.090708],[127.319383,37.090754],[127.319147,37.090649],[127.318424,37.090184],[127.318076,37.090096],[127.317738,37.090066],[127.317668,37.090073],[127.317671,37.090111],[127.317271,37.090166],[127.317243,37.090128],[127.317002,37.090155],[127.316539,37.090094],[127.316543,37.090071],[127.316174,37.090069],[127.316034,37.090028],[127.315777,37.08986],[127.31558,37.089653],[127.315545,37.089673],[127.315463,37.08958],[127.315418,37.089603],[127.315339,37.089408],[127.315273,37.089337],[127.315329,37.089268],[127.315115,37.08912],[127.315011,37.089088],[127.314513,37.089075],[127.313986,37.089195],[127.313874,37.089254],[127.313589,37.089303],[127.312958,37.089191],[127.312819,37.089132],[127.312493,37.088842],[127.312044,37.088181],[127.311802,37.088031],[127.310854,37.087985],[127.310113,37.088028],[127.310021,37.087952],[127.310038,37.087939],[127.309987,37.087893],[127.310008,37.087877],[127.309677,37.08759],[127.30954,37.087574],[127.309416,37.087577],[127.309114,37.087661],[127.309055,37.087724],[127.308366,37.088078],[127.307859,37.08828],[127.307654,37.08827],[127.30732,37.088189],[127.306825,37.088014],[127.306806,37.088047],[127.306896,37.088091],[127.306763,37.088332],[127.307553,37.088491],[127.307951,37.08854],[127.309265,37.087935],[127.309233,37.08789],[127.30946,37.087813],[127.309615,37.087826],[127.310133,37.088136],[127.310466,37.088119],[127.310547,37.088146],[127.311692,37.088187],[127.311856,37.088354],[127.312002,37.088702],[127.31216,37.088894],[127.312595,37.089292],[127.312824,37.089399],[127.313284,37.089499],[127.313295,37.089461],[127.31348,37.089485],[127.313695,37.08947],[127.313962,37.089412],[127.313951,37.089392],[127.314011,37.089376],[127.314544,37.089288],[127.314977,37.08931],[127.315197,37.089439],[127.315304,37.089632],[127.315717,37.090065],[127.315714,37.090177],[127.316084,37.090267],[127.316586,37.090288],[127.317006,37.090351],[127.317244,37.09034],[127.317602,37.090279],[127.317998,37.090311],[127.318429,37.090455],[127.318871,37.090733],[127.319115,37.090847],[127.31935,37.090939],[127.319457,37.090949]]]}},{"type":"Feature","id":"SOCHUN:41550:40800004155020180052UJC2000118004","properties":{"MNUM":"40800004155020180052UJC2000118004","admin_code":"41550","sgg_code":"41550","source_layer":"LSMD_CONT_UJ301","semantic":"sochun","stream_name":"국동천","alias_raw":"국동천 예정지","notified_on":"2018-01-30"},"geometry":{"type":"Polygon","coordinates":[[[127.493897,37.114011],[127.493933,37.114],[127.493924,37.113967],[127.493883,37.113978],[127.493897,37.114011]]]}},{"type":"Feature","id":"SOCHUN:41550:40800004155020180052UJC2000118013","properties":{"MNUM":"40800004155020180052UJC2000118013","admin_code":"41550","sgg_code":"41550","source_layer":"LSMD_CONT_UJ301","semantic":"sochun","stream_name":"국동천","alias_raw":"국동천 예정지","notified_on":"2018-01-30"},"geometry":{"type":"Polygon","coordinates":[[[127.496172,37.103069],[127.496105,37.102972],[127.496115,37.102996],[127.496162,37.10306],[127.496169,37.103067],[127.496172,37.103069]]]}},{"type":"Feature","id":"SOCHUN:41550:40800004155020180052UJC2000126011","properties":{"MNUM":"40800004155020180052UJC2000126011","admin_code":"41550","sgg_code":"41550","source_layer":"LSMD_CONT_UJ301","semantic":"sochun","stream_name":"죽림천","alias_raw":"죽림천 예정지","notified_on":"2018-01-30"},"geometry":{"type":"Polygon","coordinates":[[[127.449618,37.093296],[127.449558,37.093179],[127.449475,37.093218],[127.449495,37.09327],[127.449618,37.093296]]]}},{"type":"Feature","id":"SOCHUN:41550:40800004155020180052UJC2000126009","properties":{"MNUM":"40800004155020180052UJC2000126009","admin_code":"41550","sgg_code":"41550","source_layer":"LSMD_CONT_UJ301","semantic":"sochun","stream_name":"죽림천","alias_raw":"죽림천 예정지","notified_on":"2018-01-30"},"geometry":{"type":"Polygon","coordinates":[[[127.449197,37.092461],[127.44927,37.092457],[127.449246,37.09226],[127.44887,37.091252],[127.448908,37.091123],[127.44919,37.090682],[127.448893,37.091082],[127.448857,37.091271],[127.448936,37.091549],[127.449182,37.092122],[127.449197,37.092461]]]}},{"type":"Feature","id":"SOCHUN:41550:40800004155020180052UJC2000124009","properties":{"MNUM":"40800004155020180052UJC2000124009","admin_code":"41550","sgg_code":"41550","source_layer":"LSMD_CONT_UJ301","semantic":"sochun","stream_name":"어리실천","alias_raw":"어리실천 예정지","notified_on":"2018-01-30"},"geometry":{"type":"Polygon","coordinates":[[[127.454709,37.115514],[127.45474,37.115489],[127.454735,37.115448],[127.454718,37.115463],[127.454709,37.115514]]]}},{"type":"Feature","id":"SOCHUN:41550:40800004155020180052UJC1000126001","properties":{"MNUM":"40800004155020180052UJC1000126001","admin_code":"41550","sgg_code":"41550","source_layer":"LSMD_CONT_UJ301","semantic":"sochun","stream_name":"죽림천","alias_raw":"죽림천 하천구역","notified_on":"2018-01-30"},"geometry":{"type":"Polygon","coordinates":[[[127.449152,37.097696],[127.450256,37.095851],[127.450398,37.095561],[127.450419,37.095386],[127.45038,37.095188],[127.450063,37.094283],[127.449628,37.093298],[127.449495,37.09327],[127.449211,37.09252],[127.449173,37.092363],[127.449207,37.092224],[127.449182,37.092122],[127.448863,37.09132],[127.448893,37.091082],[127.450027,37.089505],[127.450045,37.089386],[127.450258,37.088989],[127.450655,37.088732],[127.451331,37.088524],[127.451485,37.088449],[127.451505,37.088467],[127.451986,37.087849],[127.452195,37.087688],[127.452192,37.087652],[127.452345,37.087654],[127.452577,37.08778],[127.452789,37.087827],[127.452821,37.087795],[127.453031,37.08775],[127.453448,37.087439],[127.45366,37.086988],[127.453666,37.08672],[127.453807,37.086739],[127.453665,37.086085],[127.453687,37.086024],[127.45364,37.085984],[127.453594,37.085508],[127.453602,37.085203],[127.453666,37.084927],[127.453806,37.084992],[127.453842,37.084955],[127.453698,37.084833],[127.453785,37.084666],[127.454229,37.084223],[127.454372,37.084097],[127.454394,37.084113],[127.454433,37.08408],[127.454393,37.084051],[127.454977,37.083503],[127.45508,37.08345],[127.45515,37.083496],[127.455185,37.083462],[127.455115,37.083386],[127.455168,37.083331],[127.455854,37.082701],[127.45588,37.082715],[127.455887,37.082678],[127.456581,37.082032],[127.456628,37.081998],[127.456677,37.082021],[127.456711,37.081986],[127.456664,37.081947],[127.457309,37.081367],[127.457578,37.081078],[127.45917,37.079568],[127.459216,37.079575],[127.460005,37.078804],[127.460146,37.078652],[127.460422,37.078163],[127.460417,37.078095],[127.460586,37.077644],[127.461394,37.075674],[127.461482,37.075617],[127.461444,37.075551],[127.4615,37.075386],[127.461475,37.075386],[127.461591,37.075083],[127.461744,37.074902],[127.461616,37.07482],[127.461395,37.07441],[127.46114,37.073869],[127.461131,37.073729],[127.461094,37.073729],[127.461031,37.073521],[127.460993,37.073471],[127.460947,37.073476],[127.460728,37.072901],[127.460376,37.072284],[127.460419,37.07227],[127.460314,37.072048],[127.460294,37.071682],[127.460258,37.071678],[127.460254,37.071632],[127.460257,37.071505],[127.460316,37.071348],[127.460224,37.071323],[127.460271,37.071271],[127.460194,37.071231],[127.46014,37.071295],[127.460059,37.071265],[127.460083,37.071318],[127.460021,37.071482],[127.460011,37.071628],[127.459897,37.07162],[127.459924,37.071852],[127.459894,37.071842],[127.459862,37.071877],[127.459946,37.071945],[127.460094,37.07232],[127.460068,37.072335],[127.460114,37.072416],[127.460153,37.072409],[127.460394,37.072833],[127.460615,37.073341],[127.460653,37.073334],[127.460714,37.073381],[127.460938,37.07401],[127.461392,37.074887],[127.461344,37.075082],[127.461295,37.075118],[127.461155,37.075519],[127.461131,37.075517],[127.461143,37.075567],[127.460959,37.076056],[127.46076,37.076541],[127.460708,37.076562],[127.460775,37.076593],[127.460459,37.077363],[127.460388,37.077362],[127.460086,37.078173],[127.459931,37.078476],[127.459735,37.078715],[127.457783,37.080534],[127.457695,37.080613],[127.457669,37.0806],[127.457633,37.080634],[127.457653,37.080652],[127.456632,37.081625],[127.456421,37.081787],[127.456367,37.081758],[127.45633,37.081791],[127.456366,37.081826],[127.456325,37.08188],[127.454994,37.083117],[127.454856,37.083222],[127.454768,37.083176],[127.454731,37.08321],[127.454795,37.083269],[127.45367,37.084343],[127.453413,37.08467],[127.453324,37.084631],[127.453289,37.084662],[127.45339,37.084799],[127.453301,37.085141],[127.453287,37.085517],[127.453329,37.085969],[127.453304,37.085996],[127.453392,37.086656],[127.453433,37.086713],[127.453594,37.086716],[127.453569,37.086923],[127.453423,37.08692],[127.453329,37.087258],[127.453245,37.087398],[127.453035,37.087555],[127.452779,37.087657],[127.452399,37.08747],[127.452216,37.087465],[127.452037,37.087501],[127.451851,37.087638],[127.45175,37.087762],[127.45135,37.088373],[127.45118,37.088358],[127.450633,37.088525],[127.450599,37.088557],[127.450616,37.088666],[127.450274,37.088889],[127.450171,37.088887],[127.450096,37.088934],[127.44998,37.089118],[127.449614,37.089511],[127.44937,37.089935],[127.448596,37.091018],[127.448539,37.091158],[127.448555,37.091436],[127.448956,37.092295],[127.448961,37.09242],[127.449136,37.092616],[127.449416,37.09331],[127.44941,37.093346],[127.449311,37.093377],[127.449583,37.093981],[127.449742,37.094469],[127.449995,37.095045],[127.450092,37.095408],[127.450082,37.095506],[127.44986,37.095883],[127.448781,37.097574],[127.449152,37.097696]]]}},{"type":"Feature","id":"SOCHUN:41550:40800004155020180052UJC2000130006","properties":{"MNUM":"40800004155020180052UJC2000130006","admin_code":"41550","sgg_code":"41550","source_layer":"LSMD_CONT_UJ301","semantic":"sochun","stream_name":"거운천","alias_raw":"거운천 예정지","notified_on":"2018-01-30"},"geometry":{"type":"Polygon","coordinates":[[[127.443151,37.115223],[127.443223,37.115217],[127.443202,37.115156],[127.443137,37.115157],[127.443151,37.115223]]]}},{"type":"Feature","id":"SOCHUN:41550:40800004155020180052UJC2000106002","properties":{"MNUM":"40800004155020180052UJC2000106002","admin_code":"41550","sgg_code":"41550","source_layer":"LSMD_CONT_UJ301","semantic":"sochun","stream_name":"산하천","alias_raw":"산하천 예정지","notified_on":"2018-01-30"},"geometry":{"type":"Polygon","coordinates":[[[127.138441,37.071204],[127.138441,37.071204],[127.138451,37.0712],[127.138378,37.071116],[127.138369,37.071119],[127.138429,37.07119],[127.138441,37.071204]]]}},{"type":"Feature","id":"SOCHUN:41550:40800004155020180052UJC1000103003","properties":{"MNUM":"40800004155020180052UJC1000103003","admin_code":"41550","sgg_code":"41550","source_layer":"LSMD_CONT_UJ301","semantic":"sochun","stream_name":"평동천","alias_raw":"평동천 하천구역","notified_on":"2018-01-30"},"geometry":{"type":"Polygon","coordinates":[[[127.126054,37.081319],[127.126084,37.081262],[127.125501,37.080518],[127.125426,37.080276],[127.125406,37.080057],[127.12536,37.080004],[127.12534,37.079779],[127.125212,37.079591],[127.125058,37.079513],[127.124868,37.079311],[127.124776,37.079118],[127.124644,37.07844],[127.124392,37.078677],[127.124558,37.079055],[127.124702,37.079308],[127.124877,37.079517],[127.124992,37.079573],[127.125219,37.079763],[127.12524,37.080076],[127.125374,37.080557],[127.126054,37.081319]]]}},{"type":"Feature","id":"SOCHUN:41550:40800004155020180052UJC2000093011","properties":{"MNUM":"40800004155020180052UJC2000093011","admin_code":"41550","sgg_code":"41550","source_layer":"LSMD_CONT_UJ301","semantic":"sochun","stream_name":"강문천","alias_raw":"강문천 예정지","notified_on":"2018-01-30"},"geometry":{"type":"Polygon","coordinates":[[[127.125427,37.037849],[127.126207,37.037782],[127.126211,37.037802],[127.126668,37.037743],[127.125936,37.037787],[127.125427,37.037849]]]}},{"type":"Feature","id":"SOCHUN:41550:40800004155020180052UJC1000005001","properties":{"MNUM":"40800004155020180052UJC1000005001","admin_code":"41550","sgg_code":"41550","source_layer":"LSMD_CONT_UJ301","semantic":"sochun","stream_name":"만가대천","alias_raw":"만가대천 하천구역"},"geometry":{"type":"Polygon","coordinates":[[[127.178351,37.011724],[127.178412,37.012193],[127.178597,37.012171],[127.178619,37.012129],[127.178498,37.011715],[127.178732,37.011095],[127.178692,37.010767],[127.17872,37.010312],[127.178787,37.009486],[127.178889,37.009027],[127.179408,37.008648],[127.179441,37.008679],[127.180478,37.008025],[127.180647,37.008211],[127.180782,37.008144],[127.180571,37.007868],[127.180548,37.007455],[127.180658,37.007221],[127.180855,37.007058],[127.180916,37.007053],[127.180918,37.006988],[127.181138,37.006575],[127.181266,37.00596],[127.181213,37.005628],[127.181479,37.005257],[127.181511,37.00516],[127.181496,37.005042],[127.181361,37.00503],[127.181273,37.004718],[127.181327,37.004607],[127.181593,37.004414],[127.181665,37.004036],[127.181603,37.004006],[127.181694,37.00402],[127.181708,37.003987],[127.181579,37.00396],[127.181729,37.0036],[127.181791,37.003229],[127.18171,37.002879],[127.18184,37.002864],[127.181842,37.002796],[127.181781,37.002786],[127.181786,37.002608],[127.18212,37.001579],[127.182178,37.001498],[127.182225,37.001227],[127.182513,37.000282],[127.182892,37.000014],[127.182935,37.000055],[127.183046,36.999985],[127.182966,36.999906],[127.1829,36.999906],[127.182792,36.999802],[127.182432,37.000013],[127.182166,37.000241],[127.182207,37.00028],[127.182239,37.000262],[127.181885,37.001441],[127.181823,37.001522],[127.18177,37.001697],[127.181775,37.001788],[127.181509,37.002592],[127.181501,37.002765],[127.181389,37.002756],[127.181372,37.002818],[127.181504,37.002858],[127.181593,37.003178],[127.181524,37.003593],[127.181404,37.003882],[127.181373,37.003922],[127.181312,37.003932],[127.181313,37.003978],[127.181448,37.003987],[127.181546,37.004087],[127.181502,37.004356],[127.181205,37.004608],[127.181175,37.004691],[127.181225,37.004754],[127.181305,37.005016],[127.181207,37.004993],[127.181208,37.005147],[127.180963,37.005579],[127.181011,37.005953],[127.180874,37.006577],[127.180689,37.006907],[127.180631,37.006951],[127.180549,37.006934],[127.180523,37.006991],[127.18056,37.007009],[127.180405,37.007179],[127.18032,37.007374],[127.180291,37.007549],[127.180318,37.007856],[127.180235,37.007941],[127.179189,37.008568],[127.178788,37.008895],[127.178685,37.009048],[127.178604,37.009467],[127.178569,37.010081],[127.178519,37.010208],[127.17856,37.011105],[127.178351,37.011724]]]}},{"type":"Feature","id":"SOCHUN:41550:40800004155020180052UJC1000100001","properties":{"MNUM":"40800004155020180052UJC1000100001","admin_code":"41550","sgg_code":"41550","source_layer":"LSMD_CONT_UJ301","semantic":"sochun","stream_name":"주정천","alias_raw":"주정천 하천구역","notified_on":"2018-01-30"},"geometry":{"type":"Polygon","coordinates":[[[127.155473,37.02345],[127.155504,37.023435],[127.155469,37.023317],[127.155496,37.023098],[127.155562,37.022899],[127.155651,37.022778],[127.155669,37.022673],[127.155885,37.022666],[127.156044,37.022505],[127.156524,37.022314],[127.156588,37.022249],[127.156631,37.022077],[127.156708,37.022001],[127.156851,37.021981],[127.157573,37.022158],[127.157734,37.022152],[127.157928,37.022216],[127.158133,37.022227],[127.158237,37.02221],[127.15854,37.021989],[127.159061,37.021874],[127.159163,37.021701],[127.15935,37.021613],[127.159409,37.021548],[127.159435,37.021338],[127.159298,37.021085],[127.159266,37.020951],[127.159336,37.020558],[127.159443,37.02045],[127.159572,37.020377],[127.159938,37.020272],[127.160303,37.020234],[127.160355,37.020193],[127.160379,37.020239],[127.160658,37.020161],[127.160755,37.020185],[127.161129,37.020443],[127.161311,37.020472],[127.161672,37.020429],[127.161973,37.020505],[127.162046,37.02048],[127.162228,37.020316],[127.162461,37.020283],[127.162691,37.020398],[127.162973,37.020414],[127.1631,37.020565],[127.163412,37.020764],[127.163493,37.020863],[127.163599,37.021216],[127.163633,37.021184],[127.163503,37.020784],[127.163453,37.020722],[127.16316,37.020529],[127.163019,37.020375],[127.162709,37.020361],[127.162501,37.020251],[127.162262,37.020268],[127.162025,37.020416],[127.161951,37.020429],[127.161649,37.020386],[127.161184,37.020414],[127.160891,37.020182],[127.160683,37.020095],[127.160535,37.020099],[127.160348,37.020173],[127.160042,37.020197],[127.159779,37.020257],[127.159444,37.020388],[127.159277,37.020543],[127.159259,37.020756],[127.159141,37.020867],[127.159232,37.021119],[127.159379,37.021384],[127.15933,37.021408],[127.159302,37.021573],[127.159113,37.021675],[127.159043,37.021861],[127.158471,37.021992],[127.158248,37.022167],[127.158141,37.022181],[127.157564,37.022129],[127.156848,37.021952],[127.156701,37.021978],[127.156582,37.022089],[127.156516,37.022269],[127.156001,37.022466],[127.155858,37.02262],[127.155681,37.022622],[127.155635,37.022652],[127.155448,37.023071],[127.155433,37.023366],[127.155473,37.02345]]]}},{"type":"Feature","id":"SOCHUN:41550:40800004155020180052UJC2000002002","properties":{"MNUM":"40800004155020180052UJC2000002002","admin_code":"41550","sgg_code":"41550","source_layer":"LSMD_CONT_UJ301","semantic":"sochun","stream_name":"원승두천","alias_raw":"원승두천 예정지","notified_on":"2018-01-30"},"geometry":{"type":"Polygon","coordinates":[[[127.159193,36.993637],[127.160025,36.993605],[127.16039,36.993529],[127.162115,36.992832],[127.162313,36.992715],[127.162573,36.9925],[127.162111,36.992809],[127.160385,36.993508],[127.159942,36.993596],[127.15938,36.993619],[127.159105,36.993618],[127.158902,36.993545],[127.15904,36.993614],[127.159193,36.993637]]]}},{"type":"Feature","id":"SOCHUN:41550:40800004155020180052UJC2000093003","properties":{"MNUM":"40800004155020180052UJC2000093003","admin_code":"41550","sgg_code":"41550","source_layer":"LSMD_CONT_UJ301","semantic":"sochun","stream_name":"강문천","alias_raw":"강문천 예정지","notified_on":"2018-01-30"},"geometry":{"type":"Polygon","coordinates":[[[127.130562,37.037685],[127.130604,37.037655],[127.130574,37.037628],[127.130532,37.037659],[127.130562,37.037685]]]}},{"type":"Feature","id":"SOCHUN:41550:40800004155020180052UJC2000093013","properties":{"MNUM":"40800004155020180052UJC2000093013","admin_code":"41550","sgg_code":"41550","source_layer":"LSMD_CONT_UJ301","semantic":"sochun","stream_name":"강문천","alias_raw":"강문천 예정지","notified_on":"2018-01-30"},"geometry":{"type":"Polygon","coordinates":[[[127.127189,37.037764],[127.127175,37.037728],[127.127162,37.037758],[127.127189,37.037764]]]}},{"type":"Feature","id":"SOCHUN:41550:40800004155020180052UJC1000023001","properties":{"MNUM":"40800004155020180052UJC1000023001","admin_code":"41550","sgg_code":"41550","source_layer":"LSMD_CONT_UJ301","semantic":"sochun","stream_name":"보경암천","alias_raw":"보경암천 하천구역","notified_on":"2018-01-30"},"geometry":{"type":"Polygon","coordinates":[[[127.323424,37.11101],[127.32345,37.110955],[127.323271,37.110873],[127.323011,37.11045],[127.322768,37.11023],[127.322533,37.109943],[127.322237,37.109718],[127.321196,37.109196],[127.320915,37.108856],[127.320099,37.108546],[127.319874,37.108426],[127.319537,37.108333],[127.319484,37.107858],[127.319418,37.10761],[127.319125,37.107425],[127.318892,37.107176],[127.31886,37.107038],[127.318889,37.106806],[127.319039,37.106345],[127.31909,37.106057],[127.319387,37.105681],[127.319417,37.105595],[127.319366,37.105333],[127.319245,37.105036],[127.319208,37.104494],[127.319425,37.103876],[127.31939,37.103532],[127.319482,37.103373],[127.319591,37.103284],[127.319591,37.103188],[127.319558,37.103184],[127.319549,37.103257],[127.319327,37.103482],[127.319302,37.103585],[127.319356,37.103927],[127.319256,37.104073],[127.319095,37.104566],[127.319141,37.105031],[127.319308,37.105524],[127.319304,37.105627],[127.318994,37.10603],[127.318858,37.106602],[127.318756,37.106807],[127.318731,37.107019],[127.319047,37.107512],[127.319218,37.10756],[127.31934,37.107657],[127.319381,37.107807],[127.319419,37.108391],[127.319878,37.108549],[127.320169,37.108714],[127.320304,37.108725],[127.320873,37.108975],[127.320957,37.109098],[127.320991,37.109093],[127.321163,37.109242],[127.321723,37.109558],[127.322129,37.109737],[127.322512,37.110035],[127.322671,37.110302],[127.322939,37.11048],[127.323213,37.110911],[127.323424,37.11101]]]}},{"type":"Feature","id":"SOCHUN:41550:40800004155020180052UJC2000023002","properties":{"MNUM":"40800004155020180052UJC2000023002","admin_code":"41550","sgg_code":"41550","source_layer":"LSMD_CONT_UJ301","semantic":"sochun","stream_name":"보경암천","alias_raw":"보경암천 예정지","notified_on":"2018-01-30"},"geometry":{"type":"Polygon","coordinates":[[[127.318914,37.107206],[127.318932,37.107199],[127.31891,37.107168],[127.318893,37.107176],[127.318914,37.107206],[127.318914,37.107206]]]}},{"type":"Feature","id":"SOCHUN:41550:40800004155020180052UJC2000023001","properties":{"MNUM":"40800004155020180052UJC2000023001","admin_code":"41550","sgg_code":"41550","source_layer":"LSMD_CONT_UJ301","semantic":"sochun","stream_name":"보경암천","alias_raw":"보경암천 예정지","notified_on":"2018-01-30"},"geometry":{"type":"Polygon","coordinates":[[[127.318863,37.10723],[127.31888,37.107222],[127.318861,37.107194],[127.31885,37.107196],[127.318842,37.1072],[127.318863,37.10723]]]}},{"type":"Feature","id":"SOCHUN:41550:40800004155020180052UJC2000022006","properties":{"MNUM":"40800004155020180052UJC2000022006","admin_code":"41550","sgg_code":"41550","source_layer":"LSMD_CONT_UJ301","semantic":"sochun","stream_name":"북가현천","alias_raw":"북가현천 예정지","notified_on":"2018-01-30"},"geometry":{"type":"Polygon","coordinates":[[[127.31427,37.105542],[127.314324,37.105533],[127.314395,37.105429],[127.314342,37.105438],[127.31427,37.105542]]]}},{"type":"Feature","id":"SOCHUN:41550:40800004155020180052UJC2000024001","properties":{"MNUM":"40800004155020180052UJC2000024001","admin_code":"41550","sgg_code":"41550","source_layer":"LSMD_CONT_UJ301","semantic":"sochun","stream_name":"하가천","alias_raw":"하가천 예정지","notified_on":"2018-01-30"},"geometry":{"type":"Polygon","coordinates":[[[127.324868,37.104763],[127.324904,37.104736],[127.324791,37.104587],[127.324425,37.104261],[127.324273,37.103994],[127.324044,37.103857],[127.32359,37.103308],[127.323486,37.103316],[127.323583,37.103443],[127.323834,37.103636],[127.324025,37.103907],[127.324217,37.104017],[127.324451,37.10435],[127.3247,37.104563],[127.324868,37.104763]]]}},{"type":"Feature","id":"SOCHUN:41550:40800004155020180052UJC2000066008","properties":{"MNUM":"40800004155020180052UJC2000066008","admin_code":"41550","sgg_code":"41550","source_layer":"LSMD_CONT_UJ301","semantic":"sochun","stream_name":"신기천","alias_raw":"신기천 예정지"},"geometry":{"type":"Polygon","coordinates":[[[127.24154,36.997086],[127.241567,36.99709],[127.241579,36.996386],[127.24167,36.996327],[127.241667,36.995901],[127.241727,36.995283],[127.241685,36.994897],[127.242339,36.993843],[127.242379,36.99373],[127.242314,36.993713],[127.242218,36.993911],[127.242231,36.993954],[127.2418,36.994598],[127.241782,36.994677],[127.241685,36.994793],[127.241584,36.994853],[127.241608,36.994857],[127.241587,36.994953],[127.241622,36.995263],[127.241576,36.995712],[127.241581,36.996363],[127.24154,36.997086]]]}},{"type":"Feature","id":"SOCHUN:41550:40800004155020180052UJC2000155006","properties":{"MNUM":"40800004155020180052UJC2000155006","admin_code":"41550","sgg_code":"41550","source_layer":"LSMD_CONT_UJ301","semantic":"sochun","stream_name":"곰내미천","alias_raw":"곰내미천 예정지"},"geometry":{"type":"Polygon","coordinates":[[[127.41985,37.00609],[127.420579,37.005887],[127.420568,37.005842],[127.41986,37.006042],[127.41985,37.00609]]]}},{"type":"Feature","id":"SOCHUN:41550:40800004155020180052UJC2000155002","properties":{"MNUM":"40800004155020180052UJC2000155002","admin_code":"41550","sgg_code":"41550","source_layer":"LSMD_CONT_UJ301","semantic":"sochun","stream_name":"곰내미천","alias_raw":"곰내미천 예정지"},"geometry":{"type":"Polygon","coordinates":[[[127.414885,37.005566],[127.415213,37.005779],[127.415516,37.005781],[127.415978,37.00583],[127.416134,37.005811],[127.416555,37.005661],[127.416723,37.005638],[127.416839,37.005663],[127.416721,37.005619],[127.416574,37.005614],[127.416075,37.005781],[127.415953,37.005795],[127.415218,37.005731],[127.414885,37.005566]]]}},{"type":"Feature","id":"SOCHUN:41550:40800004155020180052UJC2000155003","properties":{"MNUM":"40800004155020180052UJC2000155003","admin_code":"41550","sgg_code":"41550","source_layer":"LSMD_CONT_UJ301","semantic":"sochun","stream_name":"곰내미천","alias_raw":"곰내미천 예정지"},"geometry":{"type":"Polygon","coordinates":[[[127.414817,37.005772],[127.415185,37.005935],[127.415936,37.005994],[127.416153,37.005969],[127.416653,37.005808],[127.41689,37.005929],[127.417103,37.005948],[127.417082,37.005882],[127.416923,37.005878],[127.416639,37.005765],[127.416008,37.005966],[127.415577,37.005895],[127.415179,37.005885],[127.414862,37.005746],[127.414817,37.005772]]]}},{"type":"Feature","id":"SOCHUN:41550:40800004155020180052UJC2000120013","properties":{"MNUM":"40800004155020180052UJC2000120013","admin_code":"41550","sgg_code":"41550","source_layer":"LSMD_CONT_UJ301","semantic":"sochun","stream_name":"노동천","alias_raw":"노동천 예정지","notified_on":"2019-04-18"},"geometry":{"type":"Polygon","coordinates":[[[127.488572,37.111657],[127.488665,37.112483],[127.488582,37.113201],[127.488723,37.113363],[127.489135,37.11362],[127.489311,37.113846],[127.489129,37.113564],[127.488769,37.113335],[127.488643,37.113204],[127.488723,37.11243],[127.488629,37.111658],[127.488572,37.111657]]]}},{"type":"Feature","id":"SOCHUN:41550:40800004155020180052UJC2000155001","properties":{"MNUM":"40800004155020180052UJC2000155001","admin_code":"41550","sgg_code":"41550","source_layer":"LSMD_CONT_UJ301","semantic":"sochun","stream_name":"곰내미천","alias_raw":"곰내미천 예정지"},"geometry":{"type":"Polygon","coordinates":[[[127.416986,37.005744],[127.41709,37.005792],[127.417339,37.005699],[127.417851,37.005725],[127.418164,37.005948],[127.418361,37.00596],[127.418363,37.005922],[127.418202,37.005902],[127.417905,37.005733],[127.417648,37.005667],[127.417358,37.005668],[127.416986,37.005744]]]}},{"type":"Feature","id":"SOCHUN:41550:40800004155020180052UJC2000155004","properties":{"MNUM":"40800004155020180052UJC2000155004","admin_code":"41550","sgg_code":"41550","source_layer":"LSMD_CONT_UJ301","semantic":"sochun","stream_name":"곰내미천","alias_raw":"곰내미천 예정지"},"geometry":{"type":"Polygon","coordinates":[[[127.421636,37.005878],[127.421674,37.005899],[127.421715,37.005852],[127.421676,37.005832],[127.421636,37.005878]]]}},{"type":"Feature","id":"SOCHUN:41550:40800004155020180052UJC2000155005","properties":{"MNUM":"40800004155020180052UJC2000155005","admin_code":"41550","sgg_code":"41550","source_layer":"LSMD_CONT_UJ301","semantic":"sochun","stream_name":"곰내미천","alias_raw":"곰내미천 예정지"},"geometry":{"type":"Polygon","coordinates":[[[127.421549,37.00598],[127.42159,37.006001],[127.421628,37.005954],[127.421593,37.005936],[127.421549,37.00598]]]}},{"type":"Feature","id":"SOCHUN:41550:40800004155020180052UJC1000098001","properties":{"MNUM":"40800004155020180052UJC1000098001","admin_code":"41550","sgg_code":"41550","source_layer":"LSMD_CONT_UJ301","semantic":"sochun","stream_name":"방삼천","alias_raw":"방삼천 하천구역","notified_on":"2018-01-30"},"geometry":{"type":"Polygon","coordinates":[[[127.155294,37.054421],[127.155085,37.054201],[127.154982,37.053879],[127.154977,37.05371],[127.155126,37.05296],[127.155094,37.052326],[127.15515,37.05223],[127.155712,37.051935],[127.155899,37.051744],[127.156128,37.050785],[127.156293,37.050437],[127.156275,37.050252],[127.155991,37.049779],[127.155949,37.04963],[127.155896,37.049638],[127.155895,37.049728],[127.156236,37.050299],[127.156236,37.050447],[127.156037,37.050791],[127.155916,37.051395],[127.155841,37.051459],[127.155741,37.051833],[127.155628,37.051953],[127.155114,37.052207],[127.155059,37.052262],[127.155027,37.052374],[127.155085,37.052698],[127.155083,37.052958],[127.154935,37.053768],[127.154973,37.053996],[127.155057,37.054217],[127.155273,37.054436],[127.155294,37.054421]]]}},{"type":"Feature","id":"SOCHUN:41550:40800004155020180052UJC2000021002","properties":{"MNUM":"40800004155020180052UJC2000021002","admin_code":"41550","sgg_code":"41550","source_layer":"LSMD_CONT_UJ301","semantic":"sochun","stream_name":"동평천","alias_raw":"동평천 예정지","notified_on":"2018-01-30"},"geometry":{"type":"Polygon","coordinates":[[[127.324403,37.08956],[127.324444,37.08955],[127.324442,37.089543],[127.324403,37.089551],[127.324403,37.089559],[127.324403,37.08956]]]}},{"type":"Feature","id":"SOCHUN:41550:40800004155020180052UJC2000034015","properties":{"MNUM":"40800004155020180052UJC2000034015","admin_code":"41550","sgg_code":"41550","source_layer":"LSMD_CONT_UJ301","semantic":"sochun","stream_name":"석남천","alias_raw":"석남천 예정지","notified_on":"2018-01-30"},"geometry":{"type":"Polygon","coordinates":[[[127.315098,36.946183],[127.31516,36.946179],[127.315161,36.946144],[127.315096,36.946149],[127.315098,36.946183]]]}},{"type":"Feature","id":"SOCHUN:41550:40800004155020180052UJC2000034010","properties":{"MNUM":"40800004155020180052UJC2000034010","admin_code":"41550","sgg_code":"41550","source_layer":"LSMD_CONT_UJ301","semantic":"sochun","stream_name":"석남천","alias_raw":"석남천 예정지","notified_on":"2018-01-30"},"geometry":{"type":"Polygon","coordinates":[[[127.314246,36.944146],[127.314276,36.944098],[127.314243,36.944073],[127.314213,36.944121],[127.314246,36.944146]]]}},{"type":"Feature","id":"SOCHUN:41550:40800004155020180052UJC2000034007","properties":{"MNUM":"40800004155020180052UJC2000034007","admin_code":"41550","sgg_code":"41550","source_layer":"LSMD_CONT_UJ301","semantic":"sochun","stream_name":"석남천","alias_raw":"석남천 예정지","notified_on":"2018-01-30"},"geometry":{"type":"Polygon","coordinates":[[[127.312229,36.943615],[127.312255,36.943567],[127.312171,36.943543],[127.312147,36.94359],[127.312229,36.943615]]]}},{"type":"Feature","id":"SOCHUN:41550:40800004155020180052UJC1000163001","properties":{"MNUM":"40800004155020180052UJC1000163001","admin_code":"41550","sgg_code":"41550","source_layer":"LSMD_CONT_UJ301","semantic":"sochun","stream_name":"라촌천","alias_raw":"라촌천 하천구역","notified_on":"2018-01-30"},"geometry":{"type":"Polygon","coordinates":[[[127.366425,37.058125],[127.366818,37.058105],[127.368168,37.057827],[127.368539,37.057492],[127.368682,37.057155],[127.368756,37.057079],[127.368855,37.057067],[127.368962,37.056923],[127.369096,37.056812],[127.369231,37.056741],[127.369608,37.05671],[127.369801,37.056608],[127.369997,37.056441],[127.369999,37.056217],[127.369948,37.056055],[127.369969,37.055985],[127.370058,37.055915],[127.370295,37.05582],[127.370463,37.055686],[127.370456,37.055583],[127.370377,37.055439],[127.370383,37.055308],[127.370718,37.055239],[127.370987,37.055035],[127.371107,37.054874],[127.371152,37.054732],[127.371059,37.054588],[127.371692,37.054095],[127.371939,37.053756],[127.372166,37.053354],[127.372246,37.053044],[127.372234,37.052779],[127.372281,37.052437],[127.372274,37.052359],[127.372206,37.052354],[127.372109,37.052239],[127.372169,37.052034],[127.372165,37.051571],[127.37224,37.050994],[127.372196,37.05099],[127.372147,37.05122],[127.372135,37.051685],[127.37201,37.052254],[127.372181,37.052424],[127.372119,37.052845],[127.372129,37.053073],[127.371978,37.053415],[127.371921,37.053637],[127.371699,37.05395],[127.370987,37.054557],[127.370969,37.054618],[127.37104,37.054747],[127.371022,37.054824],[127.370872,37.055023],[127.370322,37.055265],[127.370302,37.055399],[127.370348,37.055661],[127.369878,37.055974],[127.369856,37.056053],[127.369921,37.056373],[127.369557,37.056593],[127.369161,37.056663],[127.368916,37.056822],[127.368656,37.057035],[127.368549,37.057196],[127.368481,37.057425],[127.368137,37.057752],[127.367787,37.057847],[127.366956,37.057969],[127.366736,37.058037],[127.366239,37.058055],[127.365617,37.057997],[127.365283,37.058072],[127.365319,37.058119],[127.365558,37.058063],[127.365725,37.058059],[127.366425,37.058125]]]}},{"type":"Feature","id":"SOCHUN:41550:40800004155020180052UJC2000161006","properties":{"MNUM":"40800004155020180052UJC2000161006","admin_code":"41550","sgg_code":"41550","source_layer":"LSMD_CONT_UJ301","semantic":"sochun","stream_name":"미장천","alias_raw":"미장천 예정지","notified_on":"2018-01-30"},"geometry":{"type":"Polygon","coordinates":[[[127.369244,37.03728],[127.369301,37.037262],[127.369284,37.037228],[127.36923,37.03724],[127.369244,37.03728]]]}},{"type":"Feature","id":"SOCHUN:41550:40800004155020180052UJC1000186001","properties":{"MNUM":"40800004155020180052UJC1000186001","admin_code":"41550","sgg_code":"41550","source_layer":"LSMD_CONT_UJ301","semantic":"sochun","stream_name":"당왕천","alias_raw":"당왕천 하천구역","notified_on":"2018-01-30"},"geometry":{"type":"Polygon","coordinates":[[[127.273611,37.020762],[127.273632,37.020741],[127.273186,37.020502],[127.272937,37.020279],[127.272708,37.019983],[127.272446,37.019815],[127.272267,37.019595],[127.272238,37.019345],[127.272102,37.019264],[127.271786,37.019368],[127.271638,37.019374],[127.270907,37.019218],[127.270647,37.019211],[127.270528,37.019226],[127.270243,37.019338],[127.270192,37.019406],[127.26998,37.01952],[127.269733,37.019532],[127.269099,37.019342],[127.269098,37.0193],[127.268861,37.019194],[127.268841,37.01922],[127.268418,37.019054],[127.267652,37.018902],[127.267649,37.018952],[127.267129,37.018891],[127.266705,37.018748],[127.266726,37.018707],[127.26652,37.018638],[127.26624,37.018632],[127.266232,37.018698],[127.266026,37.018725],[127.265677,37.018688],[127.265304,37.018582],[127.264841,37.01864],[127.264983,37.018735],[127.265073,37.018696],[127.265194,37.018714],[127.26522,37.018686],[127.265325,37.018695],[127.265299,37.018787],[127.265472,37.018748],[127.265852,37.018836],[127.266438,37.018812],[127.267133,37.019004],[127.267412,37.019036],[127.267417,37.018972],[127.267646,37.019006],[127.267636,37.019062],[127.268416,37.0192],[127.268892,37.019421],[127.269269,37.019551],[127.269747,37.019656],[127.270012,37.019648],[127.270583,37.019415],[127.270734,37.019385],[127.270924,37.019405],[127.271308,37.019523],[127.271542,37.019555],[127.272045,37.01974],[127.272559,37.020107],[127.272685,37.020187],[127.272703,37.020174],[127.272868,37.020339],[127.273153,37.020538],[127.273611,37.020762]]]}},{"type":"Feature","id":"SOCHUN:41550:40800004155020180052UJC2000022007","properties":{"MNUM":"40800004155020180052UJC2000022007","admin_code":"41550","sgg_code":"41550","source_layer":"LSMD_CONT_UJ301","semantic":"sochun","stream_name":"북가현천","alias_raw":"북가현천 예정지","notified_on":"2018-01-30"},"geometry":{"type":"Polygon","coordinates":[[[127.314447,37.10551],[127.314447,37.105509],[127.314518,37.105408],[127.314518,37.105408],[127.314447,37.10551]]]}},{"type":"Feature","id":"SOCHUN:41550:40800004155020180052UJC1000024001","properties":{"MNUM":"40800004155020180052UJC1000024001","admin_code":"41550","sgg_code":"41550","source_layer":"LSMD_CONT_UJ301","semantic":"sochun","stream_name":"하가천","alias_raw":"하가천 하천구역","notified_on":"2018-01-30"},"geometry":{"type":"Polygon","coordinates":[[[127.326672,37.108852],[127.326727,37.108837],[127.326611,37.108592],[127.326347,37.108352],[127.326025,37.108146],[127.325838,37.10764],[127.325708,37.107387],[127.325365,37.107165],[127.325216,37.106884],[127.325228,37.10676],[127.325473,37.106347],[127.325495,37.106154],[127.325729,37.105959],[127.325734,37.105878],[127.325567,37.105639],[127.325472,37.105602],[127.325287,37.105592],[127.325233,37.105553],[127.325092,37.105234],[127.325137,37.10503],[127.325097,37.104915],[127.324825,37.104563],[127.324469,37.104235],[127.324288,37.103961],[127.324074,37.103834],[127.323943,37.10363],[127.323711,37.103378],[127.323691,37.103335],[127.323715,37.103304],[127.32359,37.103308],[127.324044,37.103857],[127.324273,37.103994],[127.324425,37.104261],[127.324791,37.104587],[127.325066,37.104962],[127.32504,37.105249],[127.325219,37.105599],[127.3255,37.105649],[127.3257,37.10589],[127.325701,37.105937],[127.32542,37.106172],[127.325379,37.106433],[127.325171,37.106748],[127.325151,37.106871],[127.325312,37.107205],[127.325627,37.107412],[127.325742,37.107575],[127.32597,37.108185],[127.326296,37.108396],[127.326556,37.108619],[127.326672,37.108852]]]}},{"type":"Feature","id":"SOCHUN:41550:40800004155020180052UJC1000095001","properties":{"MNUM":"40800004155020180052UJC1000095001","admin_code":"41550","sgg_code":"41550","source_layer":"LSMD_CONT_UJ301","semantic":"sochun","stream_name":"지문천","alias_raw":"지문천 하천구역","notified_on":"2018-01-30"},"geometry":{"type":"Polygon","coordinates":[[[127.15201,37.058939],[127.151861,37.058864],[127.151486,37.058766],[127.150894,37.058463],[127.150567,37.058437],[127.150339,37.058313],[127.150175,37.058314],[127.149917,37.058383],[127.148977,37.058292],[127.14843,37.058182],[127.148026,37.058035],[127.147429,37.05802],[127.147096,37.05782],[127.146568,37.057776],[127.146375,37.057627],[127.145988,37.057421],[127.14573,37.05719],[127.145484,37.057051],[127.144677,37.05689],[127.144223,37.056888],[127.143989,37.056939],[127.143682,37.057109],[127.143097,37.057362],[127.143072,37.057323],[127.142865,37.057324],[127.142394,37.057084],[127.141819,37.056678],[127.141726,37.056708],[127.141573,37.056601],[127.140718,37.05644],[127.140684,37.056453],[127.140609,37.056427],[127.140509,37.056316],[127.140318,37.05622],[127.139732,37.055241],[127.139482,37.054917],[127.139077,37.054589],[127.138854,37.054514],[127.138613,37.054195],[127.138449,37.054109],[127.138454,37.054075],[127.138259,37.0539],[127.138168,37.053675],[127.138128,37.053217],[127.138187,37.053174],[127.138216,37.052848],[127.138248,37.052849],[127.138432,37.052633],[127.138554,37.051769],[127.138615,37.051578],[127.138756,37.051433],[127.13905,37.051327],[127.139646,37.051177],[127.139626,37.051101],[127.139754,37.05103],[127.13971,37.050963],[127.13965,37.050644],[127.139541,37.05044],[127.139128,37.050063],[127.139173,37.050051],[127.139172,37.04999],[127.138514,37.049503],[127.13793,37.048672],[127.137826,37.048423],[127.137811,37.048169],[127.137917,37.04783],[127.13794,37.047445],[127.137811,37.047107],[127.137787,37.047111],[127.137546,37.046796],[127.137457,37.046618],[127.137808,37.043375],[127.137474,37.043303],[127.137271,37.044623],[127.137052,37.046543],[127.137379,37.047051],[127.137548,37.047416],[127.137482,37.047744],[127.137523,37.048443],[127.137911,37.049091],[127.138019,37.049347],[127.138057,37.049353],[127.138238,37.049586],[127.138452,37.049779],[127.139014,37.050099],[127.139396,37.050549],[127.139451,37.050643],[127.139491,37.050833],[127.13936,37.050943],[127.138661,37.051155],[127.138476,37.051262],[127.138333,37.051427],[127.13817,37.052309],[127.138145,37.052774],[127.138065,37.053155],[127.138053,37.053185],[127.138006,37.053179],[127.13799,37.05326],[127.137999,37.053797],[127.138066,37.053942],[127.138531,37.054284],[127.138597,37.054252],[127.138917,37.054701],[127.139416,37.055263],[127.140078,37.05631],[127.140174,37.056394],[127.140464,37.056498],[127.141489,37.056739],[127.141814,37.056917],[127.14235,37.05729],[127.142775,37.057473],[127.143154,37.057473],[127.144228,37.057021],[127.144408,37.056979],[127.144551,37.056984],[127.14483,37.057031],[127.14509,37.057117],[127.145194,37.057133],[127.145201,37.057105],[127.145521,37.057176],[127.145866,37.057541],[127.146173,37.057669],[127.146485,37.057876],[127.14704,37.057909],[127.147402,37.058112],[127.147577,37.058153],[127.147739,37.058126],[127.147928,37.058134],[127.148952,37.058424],[127.149382,37.058437],[127.149387,37.058411],[127.149912,37.058463],[127.150272,37.058414],[127.150504,37.058532],[127.150846,37.058583],[127.151444,37.058833],[127.151737,37.058917],[127.15196,37.059032],[127.15201,37.058939]]]}},{"type":"Feature","id":"SOCHUN:41550:40800004155020180052UJC1000177001","properties":{"MNUM":"40800004155020180052UJC1000177001","admin_code":"41550","sgg_code":"41550","source_layer":"LSMD_CONT_UJ301","semantic":"sochun","stream_name":"호동천","alias_raw":"호동천 하천구역","notified_on":"2018-01-30"},"geometry":{"type":"Polygon","coordinates":[[[127.235866,37.081541],[127.235963,37.081443],[127.236023,37.081412],[127.236067,37.081426],[127.236164,37.081238],[127.236484,37.080948],[127.236808,37.080763],[127.237363,37.080731],[127.237498,37.080592],[127.237729,37.080501],[127.238347,37.080009],[127.238572,37.079898],[127.238809,37.079657],[127.239145,37.079051],[127.239185,37.078868],[127.239669,37.078278],[127.239711,37.078201],[127.239664,37.07819],[127.23975,37.077971],[127.239766,37.077811],[127.23984,37.077702],[127.23995,37.077652],[127.24031,37.07766],[127.240467,37.077624],[127.240816,37.077419],[127.241062,37.077169],[127.241355,37.076753],[127.241552,37.076573],[127.242185,37.076048],[127.242443,37.075919],[127.242515,37.075783],[127.242722,37.075617],[127.242996,37.075409],[127.243179,37.07532],[127.243632,37.075323],[127.244108,37.075273],[127.244929,37.074931],[127.245036,37.074922],[127.245246,37.074963],[127.246047,37.075342],[127.246208,37.07532],[127.246419,37.07523],[127.246526,37.075218],[127.246833,37.075062],[127.247542,37.074583],[127.247883,37.074393],[127.248373,37.074248],[127.253394,37.073446],[127.253596,37.073435],[127.250848,37.062355],[127.250586,37.062277],[127.250044,37.062008],[127.24912,37.06138],[127.24923,37.061583],[127.249831,37.06206],[127.250285,37.062337],[127.250637,37.062482],[127.250672,37.062525],[127.253339,37.073274],[127.248588,37.074039],[127.248428,37.074032],[127.248118,37.074108],[127.247845,37.074189],[127.246535,37.074979],[127.246322,37.075076],[127.246098,37.07509],[127.24589,37.075034],[127.245392,37.074799],[127.245064,37.074681],[127.244006,37.07509],[127.243574,37.075148],[127.243202,37.075138],[127.242921,37.075251],[127.242341,37.07566],[127.241996,37.07601],[127.241363,37.076505],[127.241367,37.076538],[127.241227,37.076658],[127.240775,37.077258],[127.240639,37.077367],[127.240444,37.077497],[127.24034,37.077529],[127.23985,37.077489],[127.23987,37.077547],[127.23977,37.077586],[127.239682,37.0777],[127.239586,37.078104],[127.239413,37.078378],[127.239162,37.078644],[127.238716,37.079587],[127.238589,37.079743],[127.238163,37.079954],[127.237916,37.08018],[127.237291,37.080635],[127.237165,37.080681],[127.236898,37.080653],[127.236668,37.080691],[127.236261,37.081035],[127.236144,37.081093],[127.235966,37.081302],[127.235775,37.081449],[127.235742,37.08149],[127.235866,37.081541]]]}},{"type":"Feature","id":"SOCHUN:41550:40800004155020180052UJC1000091001","properties":{"MNUM":"40800004155020180052UJC1000091001","admin_code":"41550","sgg_code":"41550","source_layer":"LSMD_CONT_UJ301","semantic":"sochun","stream_name":"중촌1천","alias_raw":"중촌1천 하천구역","notified_on":"2018-01-30"},"geometry":{"type":"Polygon","coordinates":[[[127.263729,37.126626],[127.263718,37.126672],[127.263517,37.126762],[127.262864,37.126816],[127.262204,37.126664],[127.261555,37.126629],[127.261069,37.126454],[127.260777,37.126469],[127.260487,37.126353],[127.260316,37.126253],[127.260256,37.126156],[127.259972,37.125938],[127.259824,37.125967],[127.259648,37.126117],[127.259287,37.126131],[127.258941,37.126235],[127.258806,37.126206],[127.258218,37.125963],[127.257842,37.1259],[127.257491,37.125948],[127.256496,37.126219],[127.255746,37.126195],[127.255147,37.126139],[127.255148,37.126229],[127.255885,37.126239],[127.25652,37.126298],[127.257309,37.126054],[127.257937,37.125991],[127.258331,37.126082],[127.258791,37.126289],[127.258931,37.126319],[127.259048,37.126302],[127.259305,37.126203],[127.259654,37.126173],[127.259898,37.126043],[127.259968,37.126067],[127.260303,37.126322],[127.260736,37.126515],[127.260935,37.126501],[127.261642,37.126723],[127.2624,37.12678],[127.262786,37.126908],[127.263557,37.126818],[127.263756,37.126748],[127.263729,37.126626]]]}},{"type":"Feature","id":"SOCHUN:41550:40800004155020180052UJC1000108001","properties":{"MNUM":"40800004155020180052UJC1000108001","admin_code":"41550","sgg_code":"41550","source_layer":"LSMD_CONT_UJ301","semantic":"sochun","stream_name":"성주천","alias_raw":"성주천 하천구역","notified_on":"2018-01-30"},"geometry":{"type":"Polygon","coordinates":[[[127.173821,37.086492],[127.173924,37.086455],[127.173854,37.086379],[127.173778,37.085963],[127.173657,37.085902],[127.173383,37.085929],[127.173128,37.085856],[127.172777,37.085955],[127.172639,37.085891],[127.17245,37.08588],[127.17189,37.086034],[127.171397,37.08593],[127.171245,37.085939],[127.171145,37.085977],[127.170748,37.085974],[127.170359,37.086144],[127.169828,37.086486],[127.169049,37.086312],[127.168937,37.086266],[127.168878,37.086167],[127.168445,37.086253],[127.167885,37.086461],[127.166726,37.086448],[127.166726,37.086546],[127.167781,37.086526],[127.168431,37.086334],[127.168779,37.086272],[127.168838,37.086316],[127.168902,37.086283],[127.169043,37.086361],[127.169464,37.086452],[127.169635,37.086522],[127.169823,37.086529],[127.170387,37.086173],[127.170719,37.086026],[127.171388,37.085976],[127.17187,37.086074],[127.172466,37.085919],[127.172814,37.085989],[127.173158,37.085896],[127.173377,37.085971],[127.173649,37.085947],[127.173704,37.085969],[127.173821,37.086492]]]}},{"type":"Feature","id":"SOCHUN:41550:40800004155020180052UJC1000166001","properties":{"MNUM":"40800004155020180052UJC1000166001","admin_code":"41550","sgg_code":"41550","source_layer":"LSMD_CONT_UJ301","semantic":"sochun","stream_name":"월곡천","alias_raw":"월곡천 하천구역","notified_on":"2018-01-30"},"geometry":{"type":"Polygon","coordinates":[[[127.379488,37.076674],[127.380992,37.077386],[127.383862,37.078579],[127.385539,37.079212],[127.390768,37.080916],[127.390788,37.080814],[127.390227,37.080659],[127.388289,37.079999],[127.38566,37.079167],[127.384334,37.078678],[127.38116,37.07738],[127.380182,37.076948],[127.380237,37.076935],[127.379713,37.076711],[127.379699,37.076729],[127.379634,37.076666],[127.379519,37.076631],[127.379488,37.076674]]]}},{"type":"Feature","id":"SOCHUN:41550:40800004155020180052UJC1000162001","properties":{"MNUM":"40800004155020180052UJC1000162001","admin_code":"41550","sgg_code":"41550","source_layer":"LSMD_CONT_UJ301","semantic":"sochun","stream_name":"도촌천","alias_raw":"도촌천 하천구역","notified_on":"2018-01-30"},"geometry":{"type":"Polygon","coordinates":[[[127.360824,37.051693],[127.361044,37.051624],[127.361719,37.051638],[127.362153,37.051495],[127.362165,37.051439],[127.362571,37.05114],[127.36259,37.050646],[127.362706,37.050466],[127.362702,37.050407],[127.362505,37.050632],[127.362509,37.051174],[127.362132,37.051469],[127.361708,37.051591],[127.361304,37.051602],[127.361007,37.051575],[127.360845,37.051653],[127.36075,37.051651],[127.360694,37.051605],[127.360532,37.051292],[127.360481,37.05123],[127.360412,37.051211],[127.360197,37.051248],[127.359743,37.051179],[127.359288,37.051193],[127.359022,37.051122],[127.358821,37.051123],[127.358338,37.051203],[127.357825,37.051423],[127.357278,37.051245],[127.356976,37.051232],[127.356701,37.051178],[127.356373,37.05106],[127.356352,37.051093],[127.35686,37.051282],[127.357298,37.051321],[127.357781,37.051471],[127.357956,37.051437],[127.358384,37.051256],[127.358914,37.051176],[127.359258,37.051239],[127.359818,37.051226],[127.360141,37.051294],[127.360415,37.051265],[127.360457,37.051281],[127.360547,37.051419],[127.360639,37.051658],[127.360824,37.051693]]]}},{"type":"Feature","id":"SOCHUN:41550:40800004155020180052UJC2000106010","properties":{"MNUM":"40800004155020180052UJC2000106010","admin_code":"41550","sgg_code":"41550","source_layer":"LSMD_CONT_UJ301","semantic":"sochun","stream_name":"산하천","alias_raw":"산하천 예정지","notified_on":"2018-01-30"},"geometry":{"type":"Polygon","coordinates":[[[127.131433,37.073718],[127.131439,37.073515],[127.131392,37.073511],[127.131412,37.072975],[127.131662,37.072525],[127.131892,37.072403],[127.131872,37.072377],[127.131672,37.072485],[127.131593,37.072562],[127.131366,37.073005],[127.131376,37.073425],[127.131346,37.073666],[127.131352,37.073702],[127.131433,37.073718]]]}},{"type":"Feature","id":"SOCHUN:41550:40800004155020180052UJC2000093009","properties":{"MNUM":"40800004155020180052UJC2000093009","admin_code":"41550","sgg_code":"41550","source_layer":"LSMD_CONT_UJ301","semantic":"sochun","stream_name":"강문천","alias_raw":"강문천 예정지","notified_on":"2018-01-30"},"geometry":{"type":"Polygon","coordinates":[[[127.129405,37.038363],[127.129413,37.038361],[127.129306,37.03832],[127.129306,37.03832],[127.129305,37.038319],[127.129304,37.038319],[127.129303,37.038319],[127.129302,37.038318],[127.129301,37.038318],[127.1293,37.038318],[127.129299,37.038317],[127.129298,37.038317],[127.129297,37.038316],[127.129296,37.038316],[127.129295,37.038316],[127.129294,37.038315],[127.129293,37.038315],[127.129292,37.038315],[127.129291,37.038314],[127.129289,37.038314],[127.129288,37.038314],[127.129287,37.038313],[127.129286,37.038313],[127.129285,37.038312],[127.129284,37.038312],[127.129283,37.038312],[127.129282,37.038311],[127.129281,37.038311],[127.12928,37.038311],[127.129279,37.03831],[127.129278,37.03831],[127.129277,37.03831],[127.129276,37.038309],[127.129275,37.038309],[127.129274,37.038309],[127.129273,37.038309],[127.129272,37.038308],[127.129271,37.038308],[127.12927,37.038308],[127.129269,37.038307],[127.129267,37.038307],[127.129266,37.038307],[127.129265,37.038306],[127.129264,37.038306],[127.129263,37.038306],[127.129262,37.038305],[127.129261,37.038305],[127.12926,37.038305],[127.129259,37.038305],[127.129258,37.038304],[127.129257,37.038304],[127.129256,37.038304],[127.129255,37.038303],[127.129254,37.038303],[127.129253,37.038303],[127.129252,37.038303],[127.12925,37.038302],[127.129249,37.038302],[127.129248,37.038302],[127.129247,37.038302],[127.129246,37.038301],[127.129245,37.038301],[127.129244,37.038301],[127.129243,37.038301],[127.129242,37.0383],[127.129241,37.0383],[127.12924,37.0383],[127.129239,37.0383],[127.129237,37.038299],[127.129236,37.038299],[127.129235,37.038299],[127.129234,37.038299],[127.129233,37.038298],[127.129232,37.038298],[127.129231,37.038298],[127.12923,37.038298],[127.129229,37.038298],[127.129228,37.038297],[127.129227,37.038297],[127.129226,37.038297],[127.129224,37.038297],[127.129223,37.038296],[127.128995,37.038253],[127.128995,37.038255],[127.12913,37.038282],[127.12913,37.038283],[127.129405,37.038363]]]}},{"type":"Feature","id":"SOCHUN:41550:40800004155020180052UJC2000093001","properties":{"MNUM":"40800004155020180052UJC2000093001","admin_code":"41550","sgg_code":"41550","source_layer":"LSMD_CONT_UJ301","semantic":"sochun","stream_name":"강문천","alias_raw":"강문천 예정지","notified_on":"2018-01-30"},"geometry":{"type":"Polygon","coordinates":[[[127.135259,37.037658],[127.135821,37.037644],[127.135776,37.03758],[127.135673,37.037584],[127.135687,37.037623],[127.135602,37.037651],[127.135259,37.037658]]]}},{"type":"Feature","id":"SOCHUN:41550:40800004155020180052UJC2000054006","properties":{"MNUM":"40800004155020180052UJC2000054006","admin_code":"41550","sgg_code":"41550","source_layer":"LSMD_CONT_UJ301","semantic":"sochun","stream_name":"청용천","alias_raw":"청용천 예정지","notified_on":"2018-01-30"},"geometry":{"type":"Polygon","coordinates":[[[127.286369,36.909581],[127.286383,36.909475],[127.286316,36.909445],[127.286301,36.909564],[127.286369,36.909581]]]}},{"type":"Feature","id":"SOCHUN:41550:40800004155020180052UJC2000073006","properties":{"MNUM":"40800004155020180052UJC2000073006","admin_code":"41550","sgg_code":"41550","source_layer":"LSMD_CONT_UJ301","semantic":"sochun","stream_name":"덕앞뜰천","alias_raw":"덕앞뜰천 예정지","notified_on":"2018-01-30"},"geometry":{"type":"Polygon","coordinates":[[[127.185389,37.040662],[127.185421,37.040648],[127.185395,37.040612],[127.185364,37.040627],[127.185389,37.040662]]]}},{"type":"Feature","id":"SOCHUN:41550:40800004155020180052UJC1000070001","properties":{"MNUM":"40800004155020180052UJC1000070001","admin_code":"41550","sgg_code":"41550","source_layer":"LSMD_CONT_UJ301","semantic":"sochun","stream_name":"방신천","alias_raw":"방신천 하천구역","notified_on":"2018-01-30"},"geometry":{"type":"Polygon","coordinates":[[[127.173881,37.03701],[127.174087,37.036808],[127.17435,37.036454],[127.174381,37.036396],[127.174371,37.036269],[127.174447,37.0361],[127.174809,37.035765],[127.174973,37.035657],[127.175113,37.035352],[127.175376,37.035224],[127.175689,37.035164],[127.17594,37.035079],[127.176197,37.034927],[127.17744,37.034601],[127.177562,37.034501],[127.1779,37.034102],[127.178038,37.034119],[127.178906,37.03446],[127.180547,37.034568],[127.180757,37.034541],[127.181029,37.034453],[127.181495,37.034233],[127.182343,37.03368],[127.182736,37.03335],[127.182882,37.033169],[127.183561,37.032533],[127.186845,37.029191],[127.187136,37.02854],[127.187388,37.02812],[127.187456,37.027863],[127.187681,37.02745],[127.187685,37.027289],[127.187518,37.026954],[127.187001,37.026233],[127.186933,37.02626],[127.186873,37.02621],[127.186861,37.026239],[127.186464,37.026205],[127.186214,37.02602],[127.186084,37.025979],[127.186019,37.02599],[127.185868,37.025914],[127.185604,37.025718],[127.185195,37.024648],[127.185212,37.024491],[127.185455,37.024207],[127.185481,37.024063],[127.185444,37.023907],[127.185234,37.023931],[127.185254,37.024152],[127.185099,37.024426],[127.185079,37.024566],[127.185099,37.024723],[127.185319,37.025171],[127.18546,37.025666],[127.18562,37.025846],[127.185825,37.025985],[127.185944,37.026032],[127.186077,37.026026],[127.186219,37.026062],[127.186387,37.026206],[127.186518,37.026262],[127.186859,37.026263],[127.186915,37.026288],[127.187251,37.026721],[127.187482,37.027109],[127.18764,37.027286],[127.187637,37.027456],[127.187417,37.027857],[127.187347,37.028117],[127.18708,37.028581],[127.186941,37.02894],[127.186818,37.029125],[127.185554,37.030351],[127.182874,37.033059],[127.182857,37.033145],[127.182766,37.033281],[127.182357,37.033633],[127.181804,37.033986],[127.181373,37.034243],[127.180937,37.034446],[127.180671,37.034529],[127.180548,37.034534],[127.178914,37.034434],[127.178089,37.034109],[127.177891,37.034085],[127.177425,37.034579],[127.176208,37.034895],[127.175929,37.035061],[127.175682,37.035145],[127.175367,37.035205],[127.175077,37.035333],[127.174867,37.035617],[127.174394,37.036085],[127.174322,37.036249],[127.174305,37.0364],[127.17404,37.036786],[127.17384,37.036983],[127.173881,37.03701]]]}},{"type":"Feature","id":"SOCHUN:41550:40800004155020180052UJC1000079001","properties":{"MNUM":"40800004155020180052UJC1000079001","admin_code":"41550","sgg_code":"41550","source_layer":"LSMD_CONT_UJ301","semantic":"sochun","stream_name":"도곡뒤골천","alias_raw":"도곡뒤골천 하천구역","notified_on":"2018-01-30"},"geometry":{"type":"Polygon","coordinates":[[[127.208289,37.086781],[127.20845,37.086754],[127.208972,37.08657],[127.209126,37.086546],[127.209482,37.086562],[127.209891,37.08662],[127.210076,37.08663],[127.210139,37.086607],[127.210211,37.085953],[127.210266,37.085747],[127.211217,37.085805],[127.211383,37.085862],[127.211723,37.086125],[127.214024,37.086564],[127.214452,37.086613],[127.214474,37.086537],[127.21248,37.086153],[127.21186,37.086067],[127.211471,37.085787],[127.211323,37.085717],[127.210201,37.08565],[127.210139,37.085714],[127.21004,37.086554],[127.209595,37.086507],[127.209393,37.086457],[127.209373,37.086408],[127.209131,37.086411],[127.20859,37.086558],[127.208397,37.086648],[127.208233,37.086659],[127.20776,37.086499],[127.207533,37.086389],[127.207172,37.085754],[127.207035,37.085205],[127.207035,37.085028],[127.207091,37.084862],[127.207128,37.084536],[127.207633,37.083943],[127.207658,37.083823],[127.208577,37.082774],[127.209373,37.081722],[127.209417,37.08172],[127.209745,37.081308],[127.209987,37.080641],[127.210376,37.079319],[127.210448,37.078907],[127.210069,37.078898],[127.210029,37.07918],[127.209935,37.079478],[127.209941,37.079607],[127.2097,37.080465],[127.209477,37.081047],[127.209328,37.081228],[127.209217,37.081276],[127.209209,37.081308],[127.209278,37.081326],[127.209272,37.081355],[127.208044,37.082839],[127.208057,37.082942],[127.206791,37.084357],[127.206752,37.084436],[127.206757,37.085277],[127.20688,37.085723],[127.207076,37.086098],[127.207466,37.08664],[127.207739,37.086656],[127.20809,37.086758],[127.208289,37.086781]]]}},{"type":"Feature","id":"SOCHUN:41550:40800004155020180052UJC2000186001","properties":{"MNUM":"40800004155020180052UJC2000186001","admin_code":"41550","sgg_code":"41550","source_layer":"LSMD_CONT_UJ301","semantic":"sochun","stream_name":"당왕천","alias_raw":"당왕천 예정지","notified_on":"2018-01-30"},"geometry":{"type":"Polygon","coordinates":[[[127.273611,37.020762],[127.273161,37.020543],[127.272687,37.020185],[127.273144,37.020594],[127.273587,37.020784],[127.273611,37.020762]]]}},{"type":"Feature","id":"SOCHUN:41550:40800004155020240093UJC1000002000","properties":{"MNUM":"40800004155020240093UJC1000002000","admin_code":"41550","sgg_code":"41550","source_layer":"LSMD_CONT_UJ301","semantic":"sochun"},"geometry":{"type":"Polygon","coordinates":[[[127.501936,37.067879],[127.501825,37.067915],[127.501608,37.067927],[127.501526,37.067781],[127.501325,37.067616],[127.501251,37.067582],[127.501186,37.067601],[127.501101,37.067544],[127.501067,37.067575],[127.500889,37.067542],[127.50077,37.067433],[127.50052,37.067075],[127.500255,37.066843],[127.500149,37.066875],[127.500125,37.066845],[127.499785,37.067024],[127.499522,37.067036],[127.499335,37.067078],[127.499346,37.067116],[127.498995,37.067244],[127.498794,37.067234],[127.498507,37.067084],[127.498108,37.066784],[127.497905,37.06647],[127.497754,37.066389],[127.49758,37.066176],[127.497551,37.066085],[127.49757,37.065813],[127.497492,37.065664],[127.497333,37.065528],[127.497235,37.06527],[127.497037,37.065034],[127.496617,37.064755],[127.496511,37.064757],[127.496381,37.064811],[127.496103,37.064722],[127.495571,37.064637],[127.495453,37.064486],[127.495437,37.064341],[127.495462,37.06434],[127.495463,37.064285],[127.495435,37.064286],[127.495395,37.06413],[127.495195,37.063991],[127.495064,37.063738],[127.494901,37.063659],[127.494907,37.063623],[127.494824,37.063612],[127.494791,37.063758],[127.494916,37.063772],[127.495036,37.064014],[127.495213,37.064123],[127.495308,37.064143],[127.495368,37.064507],[127.495481,37.064688],[127.495808,37.06478],[127.49582,37.064806],[127.495753,37.06484],[127.495783,37.064887],[127.495922,37.064813],[127.496457,37.064984],[127.496643,37.065003],[127.496643,37.065035],[127.496787,37.065071],[127.497043,37.065374],[127.497147,37.065624],[127.49742,37.065836],[127.497389,37.066108],[127.497646,37.066459],[127.497727,37.066514],[127.49764,37.066399],[127.497888,37.066539],[127.498057,37.066833],[127.498159,37.066873],[127.498484,37.067109],[127.49882,37.067275],[127.498962,37.067281],[127.499106,37.067247],[127.499118,37.067271],[127.499536,37.067174],[127.499702,37.067193],[127.499939,37.067112],[127.500175,37.066988],[127.500375,37.067197],[127.50059,37.067517],[127.500719,37.067634],[127.500835,37.06769],[127.501175,37.067758],[127.501308,37.067933],[127.501611,37.068084],[127.501832,37.068085],[127.502063,37.068041],[127.502333,37.067949],[127.502295,37.067929],[127.502408,37.067845],[127.502543,37.067814],[127.503063,37.067886],[127.503057,37.067789],[127.502967,37.067736],[127.502465,37.067701],[127.501936,37.067879]]]}},{"type":"Feature","id":"SOCHUN:41550:40800004155020180052UJC2000091001","properties":{"MNUM":"40800004155020180052UJC2000091001","admin_code":"41550","sgg_code":"41550","source_layer":"LSMD_CONT_UJ301","semantic":"sochun","stream_name":"중촌1천","alias_raw":"중촌1천 예정지","notified_on":"2018-01-30"},"geometry":{"type":"Polygon","coordinates":[[[127.255695,37.126295],[127.255888,37.126293],[127.255885,37.126239],[127.255148,37.126229],[127.255154,37.126261],[127.255695,37.126295]]]}},{"type":"Feature","id":"SOCHUN:41550:40800004155020180052UJC1000130001","properties":{"MNUM":"40800004155020180052UJC1000130001","admin_code":"41550","sgg_code":"41550","source_layer":"LSMD_CONT_UJ301","semantic":"sochun","stream_name":"거운천","alias_raw":"거운천 하천구역","notified_on":"2018-01-30"},"geometry":{"type":"Polygon","coordinates":[[[127.444263,37.117783],[127.444303,37.117748],[127.444117,37.117506],[127.443931,37.117392],[127.443748,37.11722],[127.443693,37.117029],[127.443648,37.116626],[127.443671,37.116626],[127.443195,37.114942],[127.442631,37.114244],[127.442418,37.113874],[127.441527,37.111893],[127.441264,37.111553],[127.440607,37.110962],[127.440541,37.110868],[127.440044,37.110041],[127.439735,37.109311],[127.439691,37.109281],[127.439632,37.108967],[127.439599,37.108056],[127.439618,37.107537],[127.439554,37.107447],[127.439647,37.107038],[127.439794,37.106688],[127.439801,37.106561],[127.439744,37.106571],[127.439765,37.106525],[127.439738,37.106529],[127.439718,37.106575],[127.439545,37.106614],[127.4395,37.106937],[127.439373,37.107252],[127.439344,37.107259],[127.43933,37.107383],[127.439479,37.10744],[127.439543,37.107534],[127.439585,37.109032],[127.439767,37.109654],[127.439974,37.110087],[127.440455,37.110885],[127.441206,37.111589],[127.441528,37.11204],[127.441772,37.112626],[127.44242,37.113972],[127.44265,37.11436],[127.44316,37.115004],[127.443598,37.116633],[127.4436,37.116755],[127.443524,37.116768],[127.44367,37.117248],[127.443738,37.117347],[127.444042,37.117558],[127.444263,37.117783]]]}},{"type":"Feature","id":"SOCHUN:41550:40800004155020240280UJC1000931001","properties":{"MNUM":"40800004155020240280UJC1000931001","admin_code":"41550","sgg_code":"41550","source_layer":"LSMD_CONT_UJ301","semantic":"sochun"},"geometry":{"type":"Polygon","coordinates":[[[127.258216,37.093406],[127.258175,37.093133],[127.25794,37.092822],[127.257919,37.092735],[127.257883,37.092734],[127.258063,37.08851],[127.258369,37.088288],[127.258524,37.088015],[127.258693,37.087312],[127.258667,37.086991],[127.258793,37.086919],[127.258723,37.086871],[127.258773,37.086716],[127.259019,37.086349],[127.259401,37.085919],[127.259465,37.085645],[127.259418,37.084861],[127.259454,37.084669],[127.259603,37.084469],[127.260133,37.084266],[127.260496,37.083875],[127.260644,37.083298],[127.260611,37.083286],[127.260632,37.083106],[127.260811,37.082544],[127.260812,37.082358],[127.260759,37.082261],[127.260205,37.081622],[127.26003,37.081265],[127.260039,37.081088],[127.260133,37.08103],[127.26035,37.08098],[127.260461,37.080973],[127.260488,37.081028],[127.261004,37.080755],[127.263675,37.078881],[127.263484,37.078683],[127.260808,37.080558],[127.26043,37.080762],[127.260441,37.080787],[127.260389,37.080812],[127.260381,37.080794],[127.260262,37.080895],[127.26016,37.080918],[127.260156,37.080888],[127.260044,37.080922],[127.259958,37.08097],[127.259882,37.081061],[127.259872,37.081246],[127.260107,37.081718],[127.260415,37.082114],[127.260546,37.08221],[127.260648,37.082414],[127.260656,37.0825],[127.260423,37.083336],[127.260375,37.08372],[127.260309,37.083857],[127.259996,37.084178],[127.259888,37.084243],[127.259537,37.084351],[127.259526,37.084419],[127.259393,37.08458],[127.25933,37.084844],[127.259387,37.085486],[127.259324,37.085884],[127.258933,37.086355],[127.258546,37.086932],[127.258587,37.087304],[127.258416,37.087958],[127.258284,37.088156],[127.258125,37.088316],[127.257852,37.08843],[127.257921,37.088539],[127.257735,37.092737],[127.257694,37.092737],[127.257697,37.092792],[127.257745,37.092914],[127.257947,37.093166],[127.257994,37.093284],[127.257889,37.093981],[127.257914,37.094108],[127.258007,37.094236],[127.258021,37.094199],[127.258093,37.094253],[127.258483,37.094736],[127.258439,37.095084],[127.258182,37.095973],[127.258366,37.09609],[127.258241,37.096502],[127.258031,37.096815],[127.258027,37.097018],[127.258109,37.097194],[127.258147,37.097624],[127.258011,37.09783],[127.257959,37.097997],[127.257954,37.098307],[127.257873,37.098475],[127.257915,37.098809],[127.257896,37.099154],[127.257949,37.09971],[127.258134,37.099859],[127.258215,37.100006],[127.258211,37.100159],[127.258455,37.100464],[127.258747,37.101048],[127.258866,37.101205],[127.258956,37.101169],[127.258776,37.100938],[127.258521,37.100457],[127.258306,37.100155],[127.258261,37.099978],[127.258008,37.099654],[127.257955,37.098536],[127.258011,37.098267],[127.258006,37.098],[127.258187,37.097634],[127.258158,37.097375],[127.258192,37.097154],[127.258133,37.097067],[127.258107,37.096927],[127.258357,37.096379],[127.258348,37.096252],[127.258404,37.096066],[127.258231,37.095948],[127.258473,37.09509],[127.258535,37.094692],[127.25824,37.094319],[127.258092,37.09401],[127.258216,37.093406]]]}},{"type":"Feature","id":"SOCHUN:41550:40800004155020180052UJC1000013001","properties":{"MNUM":"40800004155020180052UJC1000013001","admin_code":"41550","sgg_code":"41550","source_layer":"LSMD_CONT_UJ301","semantic":"sochun","stream_name":"동안천","alias_raw":"동안천 하천구역","notified_on":"2018-01-30"},"geometry":{"type":"Polygon","coordinates":[[[127.319638,37.05264],[127.319671,37.052588],[127.319417,37.052489],[127.3191,37.052433],[127.318608,37.052454],[127.318395,37.052534],[127.318163,37.052406],[127.317748,37.052097],[127.317496,37.05202],[127.317299,37.052007],[127.317091,37.052148],[127.316914,37.052191],[127.316807,37.052109],[127.316602,37.052023],[127.315769,37.051953],[127.31544,37.051843],[127.315354,37.051786],[127.315372,37.051765],[127.315177,37.051696],[127.314646,37.051687],[127.314378,37.051589],[127.314008,37.051508],[127.313824,37.051515],[127.313624,37.051586],[127.313491,37.051674],[127.313467,37.05165],[127.31288,37.052063],[127.3129,37.052115],[127.312503,37.052259],[127.312171,37.052281],[127.311716,37.052213],[127.311392,37.05225],[127.311116,37.05214],[127.310773,37.052085],[127.310647,37.052036],[127.31038,37.051754],[127.310036,37.051537],[127.310071,37.051642],[127.310327,37.051822],[127.310637,37.05213],[127.311063,37.052233],[127.311358,37.052349],[127.311494,37.052346],[127.311715,37.052283],[127.312102,37.052346],[127.312323,37.052351],[127.312863,37.052234],[127.312833,37.05218],[127.313153,37.052025],[127.313659,37.051617],[127.313968,37.051541],[127.313972,37.051566],[127.314413,37.051664],[127.314771,37.05178],[127.315093,37.051754],[127.31518,37.051772],[127.315332,37.051852],[127.315756,37.051987],[127.316159,37.052008],[127.316584,37.052074],[127.316781,37.052133],[127.316871,37.052209],[127.316942,37.052229],[127.317078,37.052205],[127.317408,37.052062],[127.317731,37.052165],[127.318105,37.052436],[127.318377,37.052587],[127.318498,37.052574],[127.318628,37.052497],[127.31908,37.052478],[127.319377,37.052532],[127.319638,37.05264]]]}},{"type":"Feature","id":"SOCHUN:41550:40800004155020180052UJC2000031006","properties":{"MNUM":"40800004155020180052UJC2000031006","admin_code":"41550","sgg_code":"41550","source_layer":"LSMD_CONT_UJ301","semantic":"sochun","stream_name":"대동천","alias_raw":"대동천 예정지","notified_on":"2018-01-30"},"geometry":{"type":"Polygon","coordinates":[[[127.310492,36.958653],[127.310545,36.958588],[127.309314,36.958337],[127.308871,36.958103],[127.30873,36.958088],[127.308106,36.958138],[127.307472,36.957818],[127.307438,36.957849],[127.307705,36.958019],[127.308099,36.958198],[127.308245,36.958205],[127.308514,36.958155],[127.308842,36.958158],[127.309183,36.958367],[127.309198,36.958351],[127.309317,36.958408],[127.310356,36.958587],[127.310346,36.958612],[127.310492,36.958653]]]}},{"type":"Feature","id":"SOCHUN:41550:40800004155020180052UJC2000032003","properties":{"MNUM":"40800004155020180052UJC2000032003","admin_code":"41550","sgg_code":"41550","source_layer":"LSMD_CONT_UJ301","semantic":"sochun","stream_name":"중촌천","alias_raw":"중촌천 예정지","notified_on":"2018-01-30"},"geometry":{"type":"Polygon","coordinates":[[[127.312835,36.956136],[127.312883,36.956089],[127.312701,36.955949],[127.312581,36.955898],[127.312294,36.956047],[127.312081,36.956021],[127.311878,36.955825],[127.311738,36.955505],[127.311655,36.955467],[127.311517,36.955462],[127.311514,36.955499],[127.311702,36.955528],[127.311823,36.955863],[127.312013,36.956051],[127.312127,36.956087],[127.312247,36.956084],[127.312568,36.955954],[127.312835,36.956136]]]}},{"type":"Feature","id":"SOCHUN:41550:40800004155020180052UJC2000118021","properties":{"MNUM":"40800004155020180052UJC2000118021","admin_code":"41550","sgg_code":"41550","source_layer":"LSMD_CONT_UJ301","semantic":"sochun","stream_name":"국동천","alias_raw":"국동천 예정지","notified_on":"2018-01-30"},"geometry":{"type":"Polygon","coordinates":[[[127.497074,37.098568],[127.497087,37.098548],[127.496956,37.098542],[127.497074,37.098568]]]}},{"type":"Feature","id":"SOCHUN:41550:40800004155020180052UJC1000119002","properties":{"MNUM":"40800004155020180052UJC1000119002","admin_code":"41550","sgg_code":"41550","source_layer":"LSMD_CONT_UJ301","semantic":"sochun","stream_name":"상가1천","alias_raw":"상가1천 하천구역","notified_on":"2018-01-30"},"geometry":{"type":"Polygon","coordinates":[[[127.484705,37.095521],[127.484861,37.095206],[127.484877,37.095078],[127.484828,37.094836],[127.484623,37.094598],[127.484522,37.094411],[127.48451,37.094101],[127.484609,37.093745],[127.484619,37.093497],[127.484704,37.093389],[127.484899,37.093279],[127.485029,37.093065],[127.485193,37.092929],[127.485368,37.09269],[127.485482,37.092608],[127.485732,37.092507],[127.48583,37.092402],[127.485863,37.092227],[127.485723,37.091731],[127.485769,37.091094],[127.485737,37.090794],[127.485838,37.090306],[127.485921,37.090089],[127.486146,37.089917],[127.486217,37.089825],[127.486779,37.088839],[127.487218,37.088435],[127.487359,37.088235],[127.487662,37.088044],[127.487748,37.088021],[127.48837,37.088036],[127.49097,37.083964],[127.494035,37.082121],[127.494209,37.082044],[127.494638,37.081739],[127.494871,37.081621],[127.49542,37.081484],[127.495634,37.081375],[127.495599,37.081316],[127.495369,37.081386],[127.495328,37.08143],[127.495023,37.081486],[127.494754,37.081577],[127.494517,37.081783],[127.494442,37.081828],[127.494388,37.081811],[127.490817,37.083946],[127.490815,37.084004],[127.488303,37.087974],[127.487722,37.087942],[127.487601,37.087987],[127.487369,37.088138],[127.48734,37.088186],[127.487308,37.088182],[127.48712,37.088434],[127.486751,37.088786],[127.486149,37.089838],[127.485867,37.090093],[127.485685,37.090727],[127.485636,37.091068],[127.485695,37.091206],[127.485691,37.091304],[127.48563,37.091593],[127.485657,37.091855],[127.485761,37.092075],[127.485819,37.09234],[127.48571,37.092466],[127.485399,37.092608],[127.485166,37.092909],[127.485004,37.093039],[127.48485,37.093264],[127.484653,37.093389],[127.484589,37.093485],[127.484576,37.093743],[127.484501,37.093965],[127.484465,37.094241],[127.484518,37.094505],[127.484795,37.094843],[127.484833,37.094937],[127.484837,37.09514],[127.484681,37.095468],[127.484672,37.095517],[127.484705,37.095521]]]}},{"type":"Feature","id":"SOCHUN:41550:40800004155020180052UJC2000136003","properties":{"MNUM":"40800004155020180052UJC2000136003","admin_code":"41550","sgg_code":"41550","source_layer":"LSMD_CONT_UJ301","semantic":"sochun","stream_name":"은석천","alias_raw":"은석천 예정지","notified_on":"2018-01-30"},"geometry":{"type":"Polygon","coordinates":[[[127.439448,37.133568],[127.439469,37.133532],[127.439417,37.133513],[127.439397,37.133549],[127.439448,37.133568]]]}},{"type":"Feature","id":"SOCHUN:41550:40800004155020180052UJC2000154002","properties":{"MNUM":"40800004155020180052UJC2000154002","admin_code":"41550","sgg_code":"41550","source_layer":"LSMD_CONT_UJ301","semantic":"sochun","stream_name":"니미리천","alias_raw":"니미리천 예정지","notified_on":"2018-01-30"},"geometry":{"type":"Polygon","coordinates":[[[127.424924,37.03759],[127.424989,37.037559],[127.424832,37.037373],[127.424766,37.037408],[127.424924,37.03759]]]}},{"type":"Feature","id":"SOCHUN:41550:40800004155020180052UJC2000161004","properties":{"MNUM":"40800004155020180052UJC2000161004","admin_code":"41550","sgg_code":"41550","source_layer":"LSMD_CONT_UJ301","semantic":"sochun","stream_name":"미장천","alias_raw":"미장천 예정지","notified_on":"2018-01-30"},"geometry":{"type":"Polygon","coordinates":[[[127.37159,37.037222],[127.371677,37.037182],[127.371553,37.037136],[127.371456,37.037179],[127.37159,37.037222]]]}},{"type":"Feature","id":"SOCHUN:41550:40800004155020180052UJC1000159001","properties":{"MNUM":"40800004155020180052UJC1000159001","admin_code":"41550","sgg_code":"41550","source_layer":"LSMD_CONT_UJ301","semantic":"sochun","stream_name":"기솔천","alias_raw":"기솔천 하천구역","notified_on":"2018-01-30"},"geometry":{"type":"Polygon","coordinates":[[[127.345932,37.066334],[127.34593,37.066126],[127.345847,37.066028],[127.345807,37.06591],[127.345708,37.065264],[127.345647,37.065106],[127.345333,37.064927],[127.345263,37.064807],[127.344914,37.064773],[127.344708,37.064685],[127.344329,37.064592],[127.344179,37.064396],[127.344237,37.064126],[127.344256,37.064137],[127.344325,37.063988],[127.344509,37.063754],[127.344484,37.063575],[127.344514,37.063211],[127.344471,37.063092],[127.344504,37.063063],[127.34418,37.062703],[127.344036,37.062352],[127.344095,37.062113],[127.344295,37.061894],[127.3443,37.061566],[127.344113,37.06123],[127.344003,37.060877],[127.343691,37.060461],[127.343652,37.060318],[127.343845,37.059382],[127.343709,37.058903],[127.343499,37.058679],[127.34346,37.058581],[127.343523,37.058427],[127.343497,37.05835],[127.343561,37.058142],[127.343556,37.057984],[127.34331,37.057605],[127.343332,37.057234],[127.343405,37.056986],[127.343365,37.056796],[127.343317,37.056657],[127.343195,37.056488],[127.342876,37.056271],[127.342869,37.056174],[127.342935,37.055937],[127.342743,37.055897],[127.342626,37.056212],[127.342647,37.056327],[127.342945,37.056617],[127.342996,37.056703],[127.343065,37.056976],[127.343063,37.057213],[127.343102,37.057333],[127.343071,37.057577],[127.343114,37.05774],[127.343352,37.058187],[127.343173,37.058503],[127.343203,37.05872],[127.343498,37.059027],[127.34361,37.059325],[127.343396,37.060377],[127.343453,37.060538],[127.343673,37.060768],[127.343854,37.061276],[127.344014,37.061501],[127.344066,37.06166],[127.344023,37.061868],[127.343803,37.062044],[127.343809,37.062365],[127.343949,37.062718],[127.344005,37.062767],[127.344039,37.062761],[127.344133,37.062884],[127.344328,37.063043],[127.344417,37.063279],[127.344362,37.063753],[127.344179,37.064038],[127.344118,37.064272],[127.344147,37.064314],[127.344102,37.064351],[127.344321,37.064668],[127.344674,37.064742],[127.344893,37.064837],[127.345162,37.064853],[127.345378,37.065031],[127.345609,37.065157],[127.345695,37.065553],[127.345718,37.065887],[127.345778,37.066044],[127.345872,37.066155],[127.345874,37.066333],[127.345932,37.066334]]]}},{"type":"Feature","id":"SOCHUN:41550:40800004155020180052UJC2000021005","properties":{"MNUM":"40800004155020180052UJC2000021005","admin_code":"41550","sgg_code":"41550","source_layer":"LSMD_CONT_UJ301","semantic":"sochun","stream_name":"동평천","alias_raw":"동평천 예정지","notified_on":"2018-01-30"},"geometry":{"type":"Polygon","coordinates":[[[127.319383,37.090754],[127.319485,37.090708],[127.319574,37.09058],[127.319566,37.090313],[127.319608,37.090222],[127.319543,37.090347],[127.319559,37.090577],[127.319467,37.090704],[127.319373,37.090734],[127.31915,37.090628],[127.318352,37.090146],[127.317763,37.090048],[127.317421,37.090076],[127.317169,37.090128],[127.317259,37.090133],[127.317271,37.090166],[127.317671,37.090111],[127.317668,37.090073],[127.317853,37.090061],[127.318349,37.090156],[127.319147,37.090649],[127.319383,37.090754]]]}},{"type":"Feature","id":"SOCHUN:41550:40800004155020180052UJC2000019008","properties":{"MNUM":"40800004155020180052UJC2000019008","admin_code":"41550","sgg_code":"41550","source_layer":"LSMD_CONT_UJ301","semantic":"sochun","stream_name":"상남서천","alias_raw":"상남서천 예정지","notified_on":"2018-01-30"},"geometry":{"type":"Polygon","coordinates":[[[127.324117,37.065267],[127.324216,37.065244],[127.324713,37.064977],[127.32488,37.064635],[127.325568,37.064297],[127.32621,37.064091],[127.327247,37.06413],[127.327315,37.064111],[127.327567,37.063997],[127.327851,37.063917],[127.3281,37.063575],[127.327897,37.063704],[127.327809,37.063898],[127.327403,37.064051],[127.327178,37.064086],[127.326387,37.064051],[127.326163,37.064071],[127.325857,37.064162],[127.324863,37.064561],[127.324762,37.064651],[127.324624,37.064967],[127.324185,37.065224],[127.32375,37.065149],[127.323314,37.065033],[127.323385,37.065098],[127.324117,37.065267]]]}},{"type":"Feature","id":"SOCHUN:41550:40800004155020180052UJC2000032004","properties":{"MNUM":"40800004155020180052UJC2000032004","admin_code":"41550","sgg_code":"41550","source_layer":"LSMD_CONT_UJ301","semantic":"sochun","stream_name":"중촌천","alias_raw":"중촌천 예정지","notified_on":"2018-01-30"},"geometry":{"type":"Polygon","coordinates":[[[127.312905,36.956068],[127.312955,36.956026],[127.312742,36.955856],[127.31263,36.955811],[127.312474,36.95582],[127.312215,36.955937],[127.312112,36.955924],[127.31199,36.955797],[127.311828,36.955434],[127.311698,36.955372],[127.311485,36.95535],[127.311517,36.954856],[127.311446,36.954779],[127.311221,36.954673],[127.311103,36.954381],[127.310889,36.954206],[127.310858,36.954019],[127.310795,36.953931],[127.310754,36.953967],[127.31082,36.954046],[127.310846,36.954212],[127.311025,36.954351],[127.311182,36.954702],[127.311424,36.95482],[127.311485,36.954901],[127.311432,36.955382],[127.311688,36.955407],[127.311803,36.955464],[127.311951,36.955811],[127.312104,36.955962],[127.312214,36.955978],[127.312453,36.955859],[127.312562,36.955846],[127.312723,36.955908],[127.312905,36.956068]]]}},{"type":"Feature","id":"SOCHUN:41550:40800004155020180052UJC1000044001","properties":{"MNUM":"40800004155020180052UJC1000044001","admin_code":"41550","sgg_code":"41550","source_layer":"LSMD_CONT_UJ301","semantic":"sochun","stream_name":"연내2천","alias_raw":"연내2천 하천구역","notified_on":"2018-01-30"},"geometry":{"type":"Polygon","coordinates":[[[127.3765,36.983687],[127.376565,36.983653],[127.37634,36.983384],[127.37628,36.982717],[127.376202,36.982578],[127.375978,36.982434],[127.375782,36.981688],[127.375681,36.981493],[127.375521,36.981251],[127.375257,36.981161],[127.375186,36.981098],[127.375165,36.980796],[127.375083,36.980594],[127.375007,36.980452],[127.374805,36.980277],[127.374734,36.980131],[127.374629,36.980071],[127.374459,36.98007],[127.37433,36.979918],[127.374255,36.979626],[127.374313,36.979431],[127.374288,36.979285],[127.374143,36.978971],[127.373994,36.978797],[127.374147,36.978571],[127.374149,36.97843],[127.374057,36.978328],[127.373825,36.978222],[127.373793,36.978232],[127.373749,36.97819],[127.373418,36.977585],[127.373407,36.977465],[127.373503,36.977303],[127.373497,36.97688],[127.373532,36.976755],[127.373463,36.976501],[127.373642,36.976261],[127.373694,36.976099],[127.373694,36.97602],[127.37361,36.976039],[127.373614,36.976198],[127.373418,36.976474],[127.373495,36.977174],[127.373487,36.977298],[127.373381,36.977502],[127.373735,36.978197],[127.37385,36.978292],[127.374041,36.978379],[127.37411,36.978469],[127.374104,36.978537],[127.373936,36.978801],[127.37412,36.979036],[127.374192,36.979184],[127.37422,36.979404],[127.374189,36.979606],[127.374239,36.980005],[127.374337,36.980102],[127.374619,36.980169],[127.374955,36.980497],[127.375086,36.980772],[127.375065,36.980888],[127.375034,36.980902],[127.375033,36.98103],[127.375102,36.981277],[127.375201,36.981306],[127.375427,36.981304],[127.375534,36.981457],[127.375638,36.981538],[127.375702,36.981739],[127.375688,36.981804],[127.37563,36.981854],[127.375764,36.98198],[127.375809,36.982081],[127.375869,36.982471],[127.376096,36.98259],[127.376183,36.982704],[127.376244,36.983242],[127.376304,36.983477],[127.376443,36.98358],[127.3765,36.983687]]]}},{"type":"Feature","id":"SOCHUN:41550:40800004155020180052UJC2000124007","properties":{"MNUM":"40800004155020180052UJC2000124007","admin_code":"41550","sgg_code":"41550","source_layer":"LSMD_CONT_UJ301","semantic":"sochun","stream_name":"어리실천","alias_raw":"어리실천 예정지","notified_on":"2018-01-30"},"geometry":{"type":"Polygon","coordinates":[[[127.457133,37.11473],[127.457644,37.114622],[127.458366,37.114354],[127.458694,37.114148],[127.458969,37.113911],[127.459608,37.113071],[127.459847,37.11289],[127.460853,37.111983],[127.460958,37.111797],[127.461034,37.111294],[127.460957,37.111291],[127.460939,37.111331],[127.460897,37.111689],[127.460795,37.11194],[127.459441,37.113146],[127.459011,37.113768],[127.45874,37.114027],[127.458439,37.114246],[127.457985,37.114467],[127.457164,37.114677],[127.4565,37.114512],[127.455935,37.114417],[127.455823,37.114421],[127.455738,37.11449],[127.455822,37.11446],[127.455971,37.114464],[127.457133,37.11473]]]}},{"type":"Feature","id":"SOCHUN:41550:40800004155020180052UJC1000129001","properties":{"MNUM":"40800004155020180052UJC1000129001","admin_code":"41550","sgg_code":"41550","source_layer":"LSMD_CONT_UJ301","semantic":"sochun","stream_name":"등치골천","alias_raw":"등치골천 하천구역","notified_on":"2018-01-30"},"geometry":{"type":"Polygon","coordinates":[[[127.443426,37.110203],[127.443458,37.110165],[127.442782,37.109765],[127.442133,37.109008],[127.441691,37.108552],[127.441443,37.108169],[127.441854,37.10799],[127.441908,37.107932],[127.441974,37.107527],[127.442287,37.107132],[127.442878,37.106022],[127.442968,37.105632],[127.443218,37.105264],[127.443208,37.105222],[127.443102,37.105305],[127.442931,37.105543],[127.442753,37.10615],[127.442247,37.107098],[127.441872,37.107583],[127.44184,37.107909],[127.441357,37.108133],[127.441661,37.10857],[127.442737,37.109799],[127.443147,37.110064],[127.443426,37.110203]]]}},{"type":"Feature","id":"SOCHUN:41550:40800004155020180052UJC1000040001","properties":{"MNUM":"40800004155020180052UJC1000040001","admin_code":"41550","sgg_code":"41550","source_layer":"LSMD_CONT_UJ301","semantic":"sochun","stream_name":"매남천","alias_raw":"매남천 하천구역","notified_on":"2018-01-30"},"geometry":{"type":"Polygon","coordinates":[[[127.357065,36.98526],[127.356776,36.985012],[127.356548,36.985001],[127.35634,36.984889],[127.356047,36.984838],[127.35576,36.984724],[127.355344,36.984622],[127.355158,36.984598],[127.35508,36.984637],[127.355013,36.984635],[127.354743,36.984453],[127.354395,36.984446],[127.354195,36.984499],[127.353705,36.984147],[127.353558,36.983977],[127.35345,36.98393],[127.353038,36.983876],[127.352755,36.983605],[127.352288,36.983595],[127.352106,36.983507],[127.351672,36.983436],[127.351127,36.983151],[127.35098,36.983039],[127.350665,36.982698],[127.350628,36.982713],[127.350951,36.983059],[127.351242,36.98325],[127.351687,36.983468],[127.352037,36.983522],[127.352278,36.983636],[127.352736,36.983645],[127.353018,36.983914],[127.353393,36.983962],[127.353525,36.98401],[127.353667,36.984174],[127.354173,36.984536],[127.354423,36.984484],[127.354725,36.984482],[127.354994,36.984661],[127.35507,36.984664],[127.355138,36.984625],[127.35536,36.984663],[127.355724,36.984759],[127.355974,36.984902],[127.356318,36.984939],[127.356468,36.985027],[127.356743,36.985043],[127.356829,36.985088],[127.357032,36.985285],[127.357065,36.98526]]]}},{"type":"Feature","id":"SOCHUN:41550:40800004155020180052UJC1000134001","properties":{"MNUM":"40800004155020180052UJC1000134001","admin_code":"41550","sgg_code":"41550","source_layer":"LSMD_CONT_UJ301","semantic":"sochun","stream_name":"비목골천","alias_raw":"비목골천 하천구역","notified_on":"2018-01-30"},"geometry":{"type":"Polygon","coordinates":[[[127.444452,37.132441],[127.444502,37.132406],[127.444379,37.132251],[127.444279,37.132278],[127.444229,37.132254],[127.444166,37.132168],[127.443886,37.13196],[127.443792,37.131792],[127.443845,37.131736],[127.443861,37.131648],[127.443705,37.131137],[127.442352,37.13022],[127.442305,37.130159],[127.442319,37.130121],[127.442235,37.130099],[127.442135,37.130011],[127.442008,37.129956],[127.441858,37.12982],[127.441642,37.129711],[127.440755,37.128923],[127.440255,37.128284],[127.439883,37.126945],[127.439802,37.126941],[127.439751,37.126894],[127.439076,37.126849],[127.43904,37.126824],[127.437611,37.126758],[127.437602,37.126817],[127.43722,37.126812],[127.436713,37.126762],[127.436719,37.126728],[127.436459,37.126697],[127.43643,37.126845],[127.437188,37.126922],[127.438782,37.126976],[127.439459,37.127053],[127.439694,37.12713],[127.439743,37.127171],[127.439871,37.127435],[127.43998,37.128055],[127.440062,37.128307],[127.440902,37.129334],[127.441379,37.129737],[127.442256,37.130293],[127.442284,37.130217],[127.442861,37.130596],[127.442965,37.130728],[127.443237,37.13093],[127.443641,37.131178],[127.443795,37.131566],[127.443799,37.131737],[127.443755,37.131791],[127.443761,37.131858],[127.443836,37.132011],[127.444108,37.132228],[127.444292,37.132314],[127.444452,37.132441]]]}},{"type":"Feature","id":"SOCHUN:41550:40800004155020180052UJC1000136001","properties":{"MNUM":"40800004155020180052UJC1000136001","admin_code":"41550","sgg_code":"41550","source_layer":"LSMD_CONT_UJ301","semantic":"sochun","stream_name":"은석천","alias_raw":"은석천 하천구역","notified_on":"2018-01-30"},"geometry":{"type":"Polygon","coordinates":[[[127.443197,37.134733],[127.442964,37.134663],[127.442792,37.134721],[127.441836,37.134796],[127.441164,37.134792],[127.440481,37.134237],[127.440148,37.133903],[127.440188,37.13387],[127.439908,37.133625],[127.439591,37.133462],[127.4395,37.133481],[127.438695,37.133199],[127.438396,37.13305],[127.437322,37.1324],[127.437317,37.132531],[127.437424,37.132594],[127.4375,37.13259],[127.437478,37.132625],[127.437686,37.132748],[127.437634,37.132671],[127.43834,37.133097],[127.438675,37.133265],[127.439469,37.133532],[127.439496,37.133551],[127.439469,37.133588],[127.439825,37.133758],[127.439965,37.133897],[127.440023,37.134005],[127.440085,37.133954],[127.440413,37.134287],[127.441072,37.134831],[127.441147,37.134851],[127.441839,37.134824],[127.441883,37.134852],[127.442135,37.134844],[127.442522,37.134807],[127.442912,37.134721],[127.443173,37.134784],[127.443197,37.134733]]]}},{"type":"Feature","id":"SOCHUN:41550:40800004155020180052UJC1000180001","properties":{"MNUM":"40800004155020180052UJC1000180001","admin_code":"41550","sgg_code":"41550","source_layer":"LSMD_CONT_UJ301","semantic":"sochun","stream_name":"월동천","alias_raw":"월동천 하천구역","notified_on":"2018-01-30"},"geometry":{"type":"Polygon","coordinates":[[[127.26807,37.096204],[127.268094,37.096139],[127.268369,37.095888],[127.268452,37.095866],[127.268581,37.095649],[127.268975,37.095602],[127.269172,37.095504],[127.269339,37.095377],[127.269429,37.095145],[127.269375,37.094927],[127.269578,37.094533],[127.269629,37.094313],[127.269589,37.09404],[127.269943,37.093835],[127.270287,37.093541],[127.27087,37.092847],[127.27157,37.092146],[127.271561,37.091917],[127.271861,37.091584],[127.271801,37.091298],[127.271815,37.09123],[127.272131,37.090961],[127.272492,37.090215],[127.272821,37.089725],[127.272916,37.089603],[127.273579,37.089124],[127.274009,37.08887],[127.274116,37.088577],[127.274313,37.088266],[127.274635,37.087989],[127.274669,37.087927],[127.274566,37.08789],[127.274256,37.088223],[127.273879,37.088856],[127.273488,37.089058],[127.273272,37.089245],[127.273292,37.089256],[127.273213,37.089337],[127.272961,37.08944],[127.272836,37.089547],[127.272589,37.089989],[127.2724,37.090186],[127.272187,37.090676],[127.272085,37.090835],[127.272004,37.090958],[127.271799,37.091129],[127.271738,37.091224],[127.271768,37.091573],[127.271578,37.091727],[127.271479,37.0919],[127.27137,37.092228],[127.270335,37.093329],[127.269788,37.093834],[127.269545,37.093997],[127.269558,37.094367],[127.269288,37.094864],[127.269348,37.095166],[127.269272,37.095373],[127.26896,37.095553],[127.26854,37.095617],[127.268277,37.095948],[127.268068,37.096122],[127.267991,37.096127],[127.26807,37.096204]]]}},{"type":"Feature","id":"SOCHUN:41550:40800004155020180052UJC2000002001","properties":{"MNUM":"40800004155020180052UJC2000002001","admin_code":"41550","sgg_code":"41550","source_layer":"LSMD_CONT_UJ301","semantic":"sochun","stream_name":"원승두천","alias_raw":"원승두천 예정지","notified_on":"2018-01-30"},"geometry":{"type":"Polygon","coordinates":[[[127.157085,36.99451],[127.157286,36.994319],[127.157968,36.993793],[127.157423,36.99416],[127.157182,36.994374],[127.157085,36.99451]]]}},{"type":"Feature","id":"SOCHUN:41550:40800004155020180052UJC2000106007","properties":{"MNUM":"40800004155020180052UJC2000106007","admin_code":"41550","sgg_code":"41550","source_layer":"LSMD_CONT_UJ301","semantic":"sochun","stream_name":"산하천","alias_raw":"산하천 예정지","notified_on":"2018-01-30"},"geometry":{"type":"Polygon","coordinates":[[[127.140413,37.070872],[127.140922,37.070861],[127.140921,37.070838],[127.140413,37.070872]]]}},{"type":"Feature","id":"SOCHUN:41550:40800004155020180052UJC2000093010","properties":{"MNUM":"40800004155020180052UJC2000093010","admin_code":"41550","sgg_code":"41550","source_layer":"LSMD_CONT_UJ301","semantic":"sochun","stream_name":"강문천","alias_raw":"강문천 예정지","notified_on":"2018-01-30"},"geometry":{"type":"Polygon","coordinates":[[[127.125601,37.038055],[127.125984,37.03801],[127.126435,37.037938],[127.126271,37.037953],[127.126124,37.037974],[127.125992,37.037988],[127.125775,37.038015],[127.12566,37.038034],[127.125619,37.038042],[127.125602,37.038052],[127.125601,37.038055]]]}},{"type":"Feature","id":"SOCHUN:41550:40800004155020180052UJC2000181004","properties":{"MNUM":"40800004155020180052UJC2000181004","admin_code":"41550","sgg_code":"41550","source_layer":"LSMD_CONT_UJ301","semantic":"sochun","stream_name":"느티골천","alias_raw":"느티골천 예정지","notified_on":"2018-01-30"},"geometry":{"type":"Polygon","coordinates":[[[127.286037,37.098708],[127.286446,37.098509],[127.28712,37.098311],[127.287102,37.098272],[127.28704,37.098326],[127.286405,37.098501],[127.286037,37.098708]]]}},{"type":"Feature","id":"SOCHUN:41550:40800004155020180052UJC2000054003","properties":{"MNUM":"40800004155020180052UJC2000054003","admin_code":"41550","sgg_code":"41550","source_layer":"LSMD_CONT_UJ301","semantic":"sochun","stream_name":"청용천","alias_raw":"청용천 예정지","notified_on":"2018-01-30"},"geometry":{"type":"Polygon","coordinates":[[[127.288268,36.911335],[127.288319,36.911299],[127.288248,36.91124],[127.288202,36.911282],[127.288268,36.911335]]]}},{"type":"Feature","id":"SOCHUN:41550:40800004155020180052UJC2000067010","properties":{"MNUM":"40800004155020180052UJC2000067010","admin_code":"41550","sgg_code":"41550","source_layer":"LSMD_CONT_UJ301","semantic":"sochun","stream_name":"신촌천","alias_raw":"신촌천 예정지","notified_on":"2018-01-30"},"geometry":{"type":"Polygon","coordinates":[[[127.220931,37.016013],[127.220288,37.015665],[127.22027,37.015688],[127.220302,37.01571],[127.220931,37.016013]]]}},{"type":"Feature","id":"SOCHUN:41550:40800004155020180052UJC2000188001","properties":{"MNUM":"40800004155020180052UJC2000188001","admin_code":"41550","sgg_code":"41550","source_layer":"LSMD_CONT_UJ301","semantic":"sochun","stream_name":"사곡천","alias_raw":"사곡천 예정지","notified_on":"2018-01-30"},"geometry":{"type":"Polygon","coordinates":[[[127.264483,37.040386],[127.264506,37.040314],[127.263802,37.040221],[127.263215,37.040003],[127.262734,37.03949],[127.262408,37.039254],[127.262115,37.038489],[127.262033,37.038413],[127.262,37.038258],[127.262205,37.037794],[127.262214,37.03752],[127.261961,37.037153],[127.261996,37.037138],[127.261782,37.036834],[127.261761,37.036844],[127.261679,37.03675],[127.261656,37.036788],[127.262135,37.037464],[127.262183,37.03759],[127.262156,37.037805],[127.261988,37.038226],[127.261983,37.038361],[127.262349,37.03925],[127.262433,37.039344],[127.26274,37.039543],[127.262948,37.039832],[127.263109,37.03999],[127.263806,37.040275],[127.264483,37.040386]]]}},{"type":"Feature","id":"SOCHUN:41550:40800004155020180052UJC2000066002","properties":{"MNUM":"40800004155020180052UJC2000066002","admin_code":"41550","sgg_code":"41550","source_layer":"LSMD_CONT_UJ301","semantic":"sochun","stream_name":"신기천","alias_raw":"신기천 예정지","notified_on":"2018-01-30"},"geometry":{"type":"Polygon","coordinates":[[[127.252698,36.987079],[127.252753,36.987069],[127.252739,36.987021],[127.252684,36.987031],[127.252698,36.987079]]]}},{"type":"Feature","id":"SOCHUN:41550:40800004155020180052UJC2000067005","properties":{"MNUM":"40800004155020180052UJC2000067005","admin_code":"41550","sgg_code":"41550","source_layer":"LSMD_CONT_UJ301","semantic":"sochun","stream_name":"신촌천","alias_raw":"신촌천 예정지","notified_on":"2018-01-30"},"geometry":{"type":"Polygon","coordinates":[[[127.220316,37.014587],[127.220335,37.014518],[127.220325,37.014516],[127.220306,37.014586],[127.220316,37.014587]]]}},{"type":"Feature","id":"SOCHUN:41550:40800004155020180052UJC2000093006","properties":{"MNUM":"40800004155020180052UJC2000093006","admin_code":"41550","sgg_code":"41550","source_layer":"LSMD_CONT_UJ301","semantic":"sochun","stream_name":"강문천","alias_raw":"강문천 예정지","notified_on":"2018-01-30"},"geometry":{"type":"Polygon","coordinates":[[[127.130139,37.038298],[127.130232,37.038213],[127.130278,37.038214],[127.130399,37.038083],[127.130345,37.038029],[127.130111,37.038278],[127.130139,37.038298]]]}},{"type":"Feature","id":"SOCHUN:41550:40800004155020180052UJC2000131001","properties":{"MNUM":"40800004155020180052UJC2000131001","admin_code":"41550","sgg_code":"41550","source_layer":"LSMD_CONT_UJ301","semantic":"sochun","stream_name":"집말천","alias_raw":"집말천 예정지","notified_on":"2018-01-30"},"geometry":{"type":"Polygon","coordinates":[[[127.441823,37.11784],[127.441826,37.117806],[127.44168,37.117777],[127.441267,37.117603],[127.440792,37.11751],[127.440605,37.117399],[127.440202,37.11706],[127.439713,37.116823],[127.439525,37.116779],[127.439143,37.116734],[127.43873,37.116641],[127.438151,37.116611],[127.436524,37.116725],[127.435863,37.11658],[127.435204,37.116573],[127.434536,37.116492],[127.434904,37.116603],[127.435104,37.11663],[127.43566,37.116629],[127.436422,37.116767],[127.437186,37.116745],[127.438216,37.116651],[127.438795,37.116708],[127.439259,37.116806],[127.439516,37.116828],[127.439765,37.11691],[127.440265,37.117147],[127.440727,37.117534],[127.441229,37.11764],[127.44161,37.117799],[127.441823,37.11784]]]}},{"type":"Feature","id":"SOCHUN:41550:40800004155020180052UJC1000116001","properties":{"MNUM":"40800004155020180052UJC1000116001","admin_code":"41550","sgg_code":"41550","source_layer":"LSMD_CONT_UJ301","semantic":"sochun","stream_name":"상산전2천","alias_raw":"상산전2천 하천구역","notified_on":"2018-01-30"},"geometry":{"type":"Polygon","coordinates":[[[127.504378,37.06432],[127.5045,37.064678],[127.50479,37.064919],[127.504833,37.065006],[127.50481,37.06508],[127.504514,37.065413],[127.504625,37.065833],[127.504614,37.066277],[127.504686,37.066411],[127.504953,37.066712],[127.505166,37.067021],[127.505331,37.067437],[127.505529,37.067809],[127.505573,37.068373],[127.505556,37.068614],[127.50546,37.069044],[127.505485,37.069108],[127.505206,37.069289],[127.505264,37.069409],[127.505551,37.069216],[127.505609,37.069137],[127.50557,37.06899],[127.505657,37.068599],[127.505675,37.067938],[127.505653,37.067828],[127.505383,37.067256],[127.505359,37.067121],[127.505455,37.067068],[127.505409,37.067032],[127.505292,37.067018],[127.505164,37.066877],[127.504725,37.06629],[127.504688,37.066174],[127.504713,37.065826],[127.504643,37.06564],[127.504645,37.065395],[127.50493,37.065081],[127.505124,37.065],[127.505111,37.064968],[127.505069,37.064979],[127.504837,37.064714],[127.504619,37.064555],[127.504551,37.064286],[127.504378,37.06432]]]}},{"type":"Feature","id":"SOCHUN:41550:40800004155020180052UJC1000176001","properties":{"MNUM":"40800004155020180052UJC1000176001","admin_code":"41550","sgg_code":"41550","source_layer":"LSMD_CONT_UJ301","semantic":"sochun","stream_name":"율곡천","alias_raw":"율곡천 하천구역","notified_on":"2018-01-30"},"geometry":{"type":"Polygon","coordinates":[[[127.359936,37.097473],[127.360118,37.09751],[127.360344,37.097493],[127.360479,37.097579],[127.361016,37.097695],[127.362234,37.097709],[127.362766,37.097783],[127.362997,37.097734],[127.362956,37.097666],[127.363311,37.097462],[127.363751,37.097121],[127.364715,37.096501],[127.364875,37.0963],[127.364957,37.096077],[127.365123,37.095798],[127.365357,37.095751],[127.365636,37.095773],[127.365802,37.095723],[127.365938,37.095539],[127.366124,37.095523],[127.366583,37.095184],[127.366831,37.094828],[127.367024,37.094662],[127.367443,37.094528],[127.367652,37.09443],[127.367808,37.094248],[127.368093,37.094097],[127.368335,37.094036],[127.368589,37.093919],[127.369172,37.093923],[127.37029,37.093855],[127.370265,37.093833],[127.369292,37.093889],[127.368652,37.093879],[127.368278,37.094028],[127.368009,37.094095],[127.36779,37.094223],[127.367637,37.094412],[127.367432,37.094508],[127.367008,37.094644],[127.36681,37.094816],[127.366562,37.095171],[127.366112,37.095504],[127.365923,37.095521],[127.365735,37.095735],[127.36564,37.095752],[127.36529,37.095694],[127.365049,37.095751],[127.364782,37.096323],[127.364647,37.09645],[127.364189,37.096751],[127.364035,37.096817],[127.363104,37.097503],[127.362849,37.097628],[127.362398,37.097607],[127.362406,37.097531],[127.361776,37.097633],[127.361174,37.097603],[127.360864,37.097538],[127.360626,37.097542],[127.360545,37.097514],[127.36041,37.097403],[127.360151,37.0974],[127.35994,37.097437],[127.359936,37.097473]]]}},{"type":"Feature","id":"SOCHUN:41550:40800004155020180052UJC1000084001","properties":{"MNUM":"40800004155020180052UJC1000084001","admin_code":"41550","sgg_code":"41550","source_layer":"LSMD_CONT_UJ301","semantic":"sochun","stream_name":"장서2천","alias_raw":"장서2천 하천구역","notified_on":"2018-01-30"},"geometry":{"type":"Polygon","coordinates":[[[127.216026,37.108904],[127.216293,37.108885],[127.216216,37.108726],[127.216155,37.1084],[127.21602,37.107984],[127.215944,37.107985],[127.215936,37.107896],[127.215994,37.107893],[127.21586,37.10723],[127.215809,37.107229],[127.215801,37.106872],[127.215939,37.106435],[127.215986,37.106438],[127.216092,37.106179],[127.21622,37.105639],[127.216429,37.10535],[127.216407,37.105289],[127.216447,37.10525],[127.218333,37.103617],[127.218452,37.103402],[127.218401,37.103363],[127.218395,37.102783],[127.218957,37.102208],[127.219232,37.102044],[127.219138,37.101733],[127.219129,37.101423],[127.219193,37.101208],[127.219375,37.100981],[127.219242,37.100921],[127.219227,37.101054],[127.219071,37.101362],[127.219072,37.101744],[127.219141,37.102012],[127.218955,37.102064],[127.218337,37.102699],[127.218342,37.103348],[127.218253,37.103348],[127.218114,37.103636],[127.216817,37.104729],[127.216876,37.104772],[127.216335,37.105241],[127.216168,37.10543],[127.216058,37.105639],[127.215958,37.106112],[127.215817,37.10647],[127.215744,37.106872],[127.215789,37.107541],[127.215866,37.108007],[127.216031,37.108646],[127.216026,37.108904]]]}},{"type":"Feature","id":"SOCHUN:41550:40800004155020180052UJC2000066014","properties":{"MNUM":"40800004155020180052UJC2000066014","admin_code":"41550","sgg_code":"41550","source_layer":"LSMD_CONT_UJ301","semantic":"sochun","stream_name":"신기천","alias_raw":"신기천 예정지","notified_on":"2018-01-30"},"geometry":{"type":"Polygon","coordinates":[[[127.239148,36.999404],[127.240914,36.997765],[127.239114,36.999381],[127.239148,36.999404]]]}},{"type":"Feature","id":"SOCHUN:41550:40800004155020180052UJC1000072001","properties":{"MNUM":"40800004155020180052UJC1000072001","admin_code":"41550","sgg_code":"41550","source_layer":"LSMD_CONT_UJ301","semantic":"sochun","stream_name":"명목천","alias_raw":"명목천 하천구역","notified_on":"2018-01-30"},"geometry":{"type":"Polygon","coordinates":[[[127.210485,37.033658],[127.210566,37.033624],[127.210511,37.033617],[127.210513,37.033547],[127.206833,37.032998],[127.206805,37.033057],[127.206695,37.033041],[127.20671,37.032979],[127.202155,37.032293],[127.202083,37.032388],[127.210485,37.033658]]]}},{"type":"Feature","id":"SOCHUN:41550:40800004155020180052UJC2000066005","properties":{"MNUM":"40800004155020180052UJC2000066005","admin_code":"41550","sgg_code":"41550","source_layer":"LSMD_CONT_UJ301","semantic":"sochun","stream_name":"신기천","alias_raw":"신기천 예정지","notified_on":"2018-01-30"},"geometry":{"type":"Polygon","coordinates":[[[127.247193,36.991526],[127.247302,36.991387],[127.247302,36.991386],[127.247303,36.991385],[127.247304,36.991383],[127.247306,36.991382],[127.247307,36.99138],[127.247308,36.991379],[127.247309,36.991377],[127.247311,36.991376],[127.247312,36.991374],[127.247313,36.991373],[127.247315,36.991371],[127.247316,36.99137],[127.247317,36.991368],[127.247318,36.991367],[127.24732,36.991365],[127.247321,36.991364],[127.247322,36.991363],[127.247324,36.991361],[127.247325,36.99136],[127.247326,36.991358],[127.247389,36.991298],[127.247316,36.991358],[127.247257,36.99142],[127.24721,36.991499],[127.247193,36.991526]]]}},{"type":"Feature","id":"SOCHUN:41550:40800004155020180052UJC2000067013","properties":{"MNUM":"40800004155020180052UJC2000067013","admin_code":"41550","sgg_code":"41550","source_layer":"LSMD_CONT_UJ301","semantic":"sochun","stream_name":"신촌천","alias_raw":"신촌천 예정지","notified_on":"2018-01-30"},"geometry":{"type":"Polygon","coordinates":[[[127.228145,37.019563],[127.228182,37.019561],[127.228172,37.019512],[127.228043,37.019522],[127.227835,37.019483],[127.227403,37.019496],[127.227279,37.019467],[127.22717,37.0194],[127.227136,37.01943],[127.227226,37.019493],[127.227412,37.019549],[127.227841,37.019529],[127.228145,37.019563]]]}},{"type":"Feature","id":"SOCHUN:41550:40800004155020180052UJC2000066011","properties":{"MNUM":"40800004155020180052UJC2000066011","admin_code":"41550","sgg_code":"41550","source_layer":"LSMD_CONT_UJ301","semantic":"sochun","stream_name":"신기천","alias_raw":"신기천 예정지","notified_on":"2018-01-30"},"geometry":{"type":"Polygon","coordinates":[[[127.238698,36.999589],[127.239057,36.999237],[127.238667,36.999569],[127.238698,36.999589]]]}},{"type":"Feature","id":"SOCHUN:41550:40800004155020180052UJC2000067009","properties":{"MNUM":"40800004155020180052UJC2000067009","admin_code":"41550","sgg_code":"41550","source_layer":"LSMD_CONT_UJ301","semantic":"sochun","stream_name":"신촌천","alias_raw":"신촌천 예정지","notified_on":"2018-01-30"},"geometry":{"type":"Polygon","coordinates":[[[127.219707,37.011743],[127.219765,37.011727],[127.219725,37.011647],[127.219655,37.011612],[127.219429,37.011659],[127.218974,37.011625],[127.218777,37.011582],[127.215403,37.010392],[127.215329,37.010321],[127.214847,37.00938],[127.214907,37.00914],[127.214879,37.009074],[127.213587,37.008715],[127.212981,37.008604],[127.212658,37.008388],[127.212638,37.00798],[127.212593,37.007913],[127.212522,37.007934],[127.212594,37.008062],[127.212579,37.008279],[127.212612,37.00848],[127.212835,37.00862],[127.213487,37.008744],[127.214119,37.008969],[127.214842,37.009138],[127.214778,37.00937],[127.215185,37.010221],[127.215347,37.010447],[127.215627,37.010572],[127.21877,37.01166],[127.219452,37.011714],[127.219667,37.011634],[127.219707,37.011743]]]}},{"type":"Feature","id":"SOCHUN:41550:40800004155020180052UJC1000064001","properties":{"MNUM":"40800004155020180052UJC1000064001","admin_code":"41550","sgg_code":"41550","source_layer":"LSMD_CONT_UJ301","semantic":"sochun","stream_name":"갈전1천","alias_raw":"갈전1천 하천구역","notified_on":"2018-01-30"},"geometry":{"type":"Polygon","coordinates":[[[127.225051,36.987923],[127.225244,36.987869],[127.225363,36.987874],[127.226426,36.987577],[127.227048,36.987348],[127.227896,36.986968],[127.227884,36.986895],[127.228268,36.9867],[127.23062,36.986297],[127.231074,36.986024],[127.232187,36.986135],[127.232472,36.985983],[127.23447,36.985635],[127.232461,36.985972],[127.232167,36.986122],[127.231062,36.986004],[127.230606,36.986262],[127.228262,36.986681],[127.227864,36.98687],[127.227734,36.986824],[127.22685,36.987237],[127.226015,36.987522],[127.22497,36.987819],[127.22495,36.987837],[127.225051,36.987923]]]}},{"type":"Feature","id":"SOCHUN:41550:40800004155020180052UJC1000074001","properties":{"MNUM":"40800004155020180052UJC1000074001","admin_code":"41550","sgg_code":"41550","source_layer":"LSMD_CONT_UJ301","semantic":"sochun","stream_name":"덕봉세미천","alias_raw":"덕봉세미천 하천구역","notified_on":"2018-01-30"},"geometry":{"type":"Polygon","coordinates":[[[127.184231,37.045189],[127.184758,37.044894],[127.184849,37.044868],[127.185179,37.044867],[127.185904,37.04497],[127.186141,37.044931],[127.186523,37.044796],[127.186613,37.044727],[127.187036,37.044194],[127.187469,37.04401],[127.187897,37.043772],[127.189236,37.04289],[127.189331,37.042883],[127.190317,37.043053],[127.191399,37.043168],[127.19143,37.043229],[127.191538,37.043265],[127.192005,37.043315],[127.192994,37.041238],[127.192921,37.041187],[127.192948,37.041131],[127.192897,37.041105],[127.192839,37.041171],[127.192609,37.041616],[127.192555,37.041642],[127.191815,37.043097],[127.191496,37.043067],[127.191405,37.043103],[127.191162,37.043061],[127.191091,37.042959],[127.189333,37.042696],[127.189138,37.042707],[127.187758,37.043643],[127.187503,37.043843],[127.187605,37.043894],[127.187526,37.043951],[127.187075,37.04412],[127.186996,37.044174],[127.186615,37.044674],[127.186474,37.044769],[127.186125,37.044895],[127.18587,37.044939],[127.18537,37.044865],[127.185164,37.044749],[127.184731,37.044769],[127.184178,37.045135],[127.184231,37.045189]]]}},{"type":"Feature","id":"SOCHUN:41550:40800004155020180052UJC2000067012","properties":{"MNUM":"40800004155020180052UJC2000067012","admin_code":"41550","sgg_code":"41550","source_layer":"LSMD_CONT_UJ301","semantic":"sochun","stream_name":"신촌천","alias_raw":"신촌천 예정지","notified_on":"2018-01-30"},"geometry":{"type":"Polygon","coordinates":[[[127.225648,37.018521],[127.22566,37.018498],[127.225604,37.018478],[127.225593,37.018504],[127.225648,37.018521]]]}},{"type":"Feature","id":"SOCHUN:41550:40800004155020180052UJC1000047001","properties":{"MNUM":"40800004155020180052UJC1000047001","admin_code":"41550","sgg_code":"41550","source_layer":"LSMD_CONT_UJ301","semantic":"sochun","stream_name":"금냉이천","alias_raw":"금냉이천 하천구역","notified_on":"2018-01-30"},"geometry":{"type":"Polygon","coordinates":[[[127.377535,37.006164],[127.377379,37.006201],[127.377136,37.006149],[127.37685,37.005937],[127.376799,37.005845],[127.376737,37.005449],[127.376578,37.005214],[127.376474,37.004911],[127.376394,37.004801],[127.376205,37.004711],[127.375736,37.00464],[127.375601,37.004586],[127.375583,37.004484],[127.375741,37.004238],[127.375753,37.004079],[127.375629,37.003888],[127.375405,37.003711],[127.375193,37.003646],[127.374766,37.003618],[127.37464,37.003578],[127.374185,37.003242],[127.37363,37.002909],[127.373646,37.002889],[127.373433,37.002797],[127.373028,37.002684],[127.372793,37.002573],[127.372687,37.002491],[127.37247,37.002204],[127.37245,37.002217],[127.372086,37.002058],[127.371632,37.002002],[127.371115,37.001647],[127.370741,37.00155],[127.370143,37.001123],[127.369757,37.000609],[127.369609,37.000496],[127.369036,37.000329],[127.368826,37.000359],[127.368367,37.000119],[127.368245,37.000149],[127.36874,37.000443],[127.369005,37.00045],[127.36898,37.000434],[127.369042,37.000423],[127.36962,37.000601],[127.37017,37.001251],[127.370655,37.001596],[127.371093,37.001738],[127.371563,37.002069],[127.372051,37.002133],[127.372355,37.002239],[127.372571,37.002514],[127.372785,37.002685],[127.37337,37.002899],[127.373607,37.00302],[127.374125,37.003307],[127.374594,37.003655],[127.375202,37.003739],[127.375415,37.003837],[127.375578,37.003992],[127.375649,37.004146],[127.375532,37.004453],[127.375541,37.004608],[127.375649,37.004681],[127.376161,37.004763],[127.376359,37.004874],[127.376405,37.004945],[127.376434,37.005139],[127.376646,37.005407],[127.376763,37.005912],[127.376925,37.006078],[127.377177,37.006252],[127.377323,37.006288],[127.37745,37.00628],[127.37775,37.006095],[127.378047,37.006024],[127.378059,37.006051],[127.378462,37.005824],[127.378702,37.005782],[127.379131,37.005875],[127.379548,37.005908],[127.379732,37.00596],[127.379831,37.006022],[127.380093,37.005981],[127.380665,37.006014],[127.380877,37.006311],[127.380949,37.006277],[127.381026,37.006319],[127.381208,37.006327],[127.381913,37.006282],[127.382067,37.006299],[127.382224,37.006345],[127.38279,37.006629],[127.383637,37.006515],[127.384289,37.006539],[127.384601,37.006617],[127.384869,37.006611],[127.385362,37.006493],[127.385631,37.006522],[127.385624,37.006437],[127.385341,37.006454],[127.385038,37.006539],[127.384725,37.006568],[127.38458,37.006566],[127.384319,37.006495],[127.383709,37.006466],[127.382796,37.006574],[127.382404,37.006331],[127.382051,37.00623],[127.381823,37.006218],[127.381041,37.006257],[127.380821,37.006007],[127.380696,37.005926],[127.379979,37.005884],[127.379829,37.005898],[127.379596,37.005784],[127.379029,37.005755],[127.378756,37.005706],[127.378424,37.005755],[127.37811,37.005922],[127.377743,37.006027],[127.37752,37.006149],[127.377535,37.006164]]]}},{"type":"Feature","id":"SOCHUN:41550:40800004155020180052UJC2000181007","properties":{"MNUM":"40800004155020180052UJC2000181007","admin_code":"41550","sgg_code":"41550","source_layer":"LSMD_CONT_UJ301","semantic":"sochun","stream_name":"느티골천","alias_raw":"느티골천 예정지","notified_on":"2018-01-30"},"geometry":{"type":"Polygon","coordinates":[[[127.285266,37.098927],[127.285918,37.098603],[127.286112,37.098478],[127.286584,37.098289],[127.286868,37.098213],[127.287063,37.098036],[127.286874,37.098198],[127.286601,37.098273],[127.2861,37.098477],[127.285266,37.098927]]]}},{"type":"Feature","id":"SOCHUN:41550:40800004155020180052UJC2000181003","properties":{"MNUM":"40800004155020180052UJC2000181003","admin_code":"41550","sgg_code":"41550","source_layer":"LSMD_CONT_UJ301","semantic":"sochun","stream_name":"느티골천","alias_raw":"느티골천 예정지","notified_on":"2018-01-30"},"geometry":{"type":"Polygon","coordinates":[[[127.284961,37.099167],[127.285266,37.098927],[127.285018,37.099091],[127.284961,37.099167]]]}},{"type":"Feature","id":"SOCHUN:41550:40800004155020180052UJC1000058001","properties":{"MNUM":"40800004155020180052UJC1000058001","admin_code":"41550","sgg_code":"41550","source_layer":"LSMD_CONT_UJ301","semantic":"sochun","stream_name":"강덕천","alias_raw":"강덕천 하천구역","notified_on":"2018-01-30"},"geometry":{"type":"Polygon","coordinates":[[[127.225076,36.962615],[127.225157,36.962607],[127.225239,36.961977],[127.225664,36.961153],[127.225803,36.961007],[127.225826,36.960879],[127.225777,36.960762],[127.225479,36.960556],[127.22524,36.960258],[127.225158,36.960059],[127.225174,36.959828],[127.225338,36.959543],[127.22531,36.95953],[127.225669,36.959054],[127.22601,36.9587],[127.226114,36.958656],[127.226224,36.958652],[127.226221,36.958603],[127.226385,36.958477],[127.226373,36.957822],[127.226832,36.956993],[127.227184,36.956628],[127.227144,36.956536],[127.227153,36.956457],[127.22727,36.956277],[127.227157,36.955728],[127.227196,36.955729],[127.227359,36.955394],[127.227281,36.955366],[127.227127,36.955723],[127.227157,36.955845],[127.227126,36.955846],[127.227097,36.956337],[127.227132,36.956413],[127.227059,36.956634],[127.226926,36.956759],[127.226754,36.957009],[127.226718,36.956997],[127.226271,36.957799],[127.226304,36.958454],[127.225879,36.958734],[127.225519,36.959088],[127.225146,36.959605],[127.225059,36.95981],[127.225053,36.960074],[127.225236,36.960412],[127.225425,36.960606],[127.22573,36.960826],[127.225769,36.960909],[127.225739,36.960998],[127.225572,36.961123],[127.22519,36.961905],[127.225057,36.962321],[127.225076,36.962615]]]}},{"type":"Feature","id":"SOCHUN:41550:40800004155020180052UJC2000011003","properties":{"MNUM":"40800004155020180052UJC2000011003","admin_code":"41550","sgg_code":"41550","source_layer":"LSMD_CONT_UJ301","semantic":"sochun","stream_name":"이전천","alias_raw":"이전천 예정지","notified_on":"2018-01-30"},"geometry":{"type":"Polygon","coordinates":[[[127.291954,37.060889],[127.29187,37.060796],[127.291875,37.06054],[127.291783,37.060134],[127.291849,37.059887],[127.291824,37.059776],[127.291732,37.060074],[127.291823,37.060542],[127.291805,37.060737],[127.291839,37.060849],[127.291954,37.060889]]]}},{"type":"Feature","id":"SOCHUN:41550:40800004155020180052UJC1000085001","properties":{"MNUM":"40800004155020180052UJC1000085001","admin_code":"41550","sgg_code":"41550","source_layer":"LSMD_CONT_UJ301","semantic":"sochun","stream_name":"난실천","alias_raw":"난실천 하천구역","notified_on":"2018-01-30"},"geometry":{"type":"Polygon","coordinates":[[[127.230235,37.115347],[127.230264,37.115337],[127.230174,37.115206],[127.230111,37.114872],[127.229751,37.11443],[127.22965,37.114213],[127.229687,37.113949],[127.229671,37.113665],[127.229481,37.113122],[127.229271,37.112789],[127.228985,37.112446],[127.228761,37.112445],[127.228639,37.112413],[127.228374,37.112294],[127.228169,37.112156],[127.228117,37.111851],[127.228203,37.111551],[127.228192,37.111353],[127.22788,37.110667],[127.227708,37.110515],[127.227505,37.1104],[127.227318,37.109929],[127.227346,37.109924],[127.226836,37.108194],[127.226808,37.107858],[127.226773,37.107852],[127.226798,37.108202],[127.227286,37.109934],[127.227477,37.110417],[127.227859,37.110677],[127.228163,37.111359],[127.228165,37.111608],[127.228085,37.111852],[127.228138,37.112172],[127.228355,37.112317],[127.228625,37.112438],[127.228985,37.112485],[127.229241,37.112802],[127.229441,37.113144],[127.229637,37.113665],[127.229654,37.113947],[127.229586,37.114143],[127.22965,37.114377],[127.229679,37.114366],[127.230051,37.114829],[127.230118,37.114972],[127.230156,37.115248],[127.230235,37.115347]]]}},{"type":"Feature","id":"SOCHUN:41550:40800004155020180052UJC1000103002","properties":{"MNUM":"40800004155020180052UJC1000103002","admin_code":"41550","sgg_code":"41550","source_layer":"LSMD_CONT_UJ301","semantic":"sochun","stream_name":"평동천","alias_raw":"평동천 하천구역","notified_on":"2018-01-30"},"geometry":{"type":"Polygon","coordinates":[[[127.124524,37.07789],[127.124166,37.077397],[127.123977,37.077221],[127.123644,37.077209],[127.123495,37.077259],[127.123007,37.077269],[127.122413,37.076928],[127.122692,37.07716],[127.123044,37.077351],[127.123654,37.077368],[127.124004,37.077446],[127.124221,37.077607],[127.124375,37.077793],[127.124524,37.07789]]]}},{"type":"Feature","id":"SOCHUN:41550:40800004155020180052UJC2000093002","properties":{"MNUM":"40800004155020180052UJC2000093002","admin_code":"41550","sgg_code":"41550","source_layer":"LSMD_CONT_UJ301","semantic":"sochun","stream_name":"강문천","alias_raw":"강문천 예정지","notified_on":"2018-01-30"},"geometry":{"type":"Polygon","coordinates":[[[127.135676,37.037548],[127.135752,37.037545],[127.135706,37.037479],[127.135258,37.037481],[127.135259,37.037513],[127.135676,37.037548]]]}},{"type":"Feature","id":"SOCHUN:41550:40800004155020180052UJC2000093004","properties":{"MNUM":"40800004155020180052UJC2000093004","admin_code":"41550","sgg_code":"41550","source_layer":"LSMD_CONT_UJ301","semantic":"sochun","stream_name":"강문천","alias_raw":"강문천 예정지","notified_on":"2018-01-30"},"geometry":{"type":"Polygon","coordinates":[[[127.131524,37.037829],[127.132155,37.037711],[127.132492,37.037712],[127.132189,37.037698],[127.131517,37.037817],[127.131042,37.037683],[127.130961,37.037687],[127.130719,37.037753],[127.131064,37.037704],[127.131365,37.037809],[127.131524,37.037829]]]}},{"type":"Feature","id":"SOCHUN:41550:40800004155020180052UJC2000011005","properties":{"MNUM":"40800004155020180052UJC2000011005","admin_code":"41550","sgg_code":"41550","source_layer":"LSMD_CONT_UJ301","semantic":"sochun","stream_name":"이전천","alias_raw":"이전천 예정지","notified_on":"2018-01-30"},"geometry":{"type":"Polygon","coordinates":[[[127.29191,37.06208],[127.291947,37.062077],[127.291827,37.061193],[127.291767,37.060977],[127.29167,37.060839],[127.291656,37.060764],[127.291679,37.060524],[127.29159,37.060116],[127.29166,37.059785],[127.291556,37.059588],[127.291487,37.059255],[127.291509,37.058763],[127.291348,37.058347],[127.291285,37.057988],[127.291267,37.05758],[127.291186,37.057388],[127.290966,37.057181],[127.290919,37.056995],[127.29055,37.05637],[127.290537,37.05632],[127.29059,37.056301],[127.290623,37.056223],[127.290542,37.056193],[127.290499,37.056343],[127.29054,37.056464],[127.290698,37.056674],[127.290788,37.05689],[127.290884,37.057017],[127.290938,37.057205],[127.291145,37.057394],[127.291227,37.057581],[127.291272,37.058199],[127.29148,37.058807],[127.291439,37.059324],[127.291632,37.059796],[127.29155,37.060102],[127.291651,37.060575],[127.291624,37.060793],[127.291776,37.061094],[127.29191,37.06208]]]}},{"type":"Feature","id":"SOCHUN:41550:40800004155020180052UJC2000084002","properties":{"MNUM":"40800004155020180052UJC2000084002","admin_code":"41550","sgg_code":"41550","source_layer":"LSMD_CONT_UJ301","semantic":"sochun","stream_name":"장서2천","alias_raw":"장서2천 예정지","notified_on":"2018-01-30"},"geometry":{"type":"Polygon","coordinates":[[[127.216114,37.108299],[127.215954,37.107579],[127.215875,37.106886],[127.215969,37.106495],[127.21611,37.106177],[127.216264,37.105606],[127.216405,37.105391],[127.216682,37.105112],[127.218357,37.103682],[127.21844,37.103502],[127.218404,37.103497],[127.218333,37.103617],[127.216447,37.10525],[127.216407,37.105289],[127.216429,37.10535],[127.21622,37.105639],[127.216092,37.106179],[127.215986,37.106438],[127.215939,37.106435],[127.215801,37.106872],[127.215809,37.107229],[127.21586,37.10723],[127.215994,37.107893],[127.215936,37.107896],[127.215944,37.107985],[127.21602,37.107984],[127.216114,37.108299]]]}},{"type":"Feature","id":"SOCHUN:41550:40800004155020180052UJC2000097003","properties":{"MNUM":"40800004155020180052UJC2000097003","admin_code":"41550","sgg_code":"41550","source_layer":"LSMD_CONT_UJ301","semantic":"sochun","stream_name":"독정천","alias_raw":"독정천 예정지","notified_on":"2018-01-30"},"geometry":{"type":"Polygon","coordinates":[[[127.154902,37.042007],[127.155526,37.041814],[127.155928,37.041337],[127.156043,37.041042],[127.156617,37.040419],[127.156881,37.04019],[127.157297,37.040109],[127.15771,37.03982],[127.157843,37.039662],[127.157912,37.039421],[127.157973,37.039324],[127.157944,37.039307],[127.157905,37.039354],[127.15777,37.03968],[127.157667,37.039782],[127.157256,37.040059],[127.156868,37.040145],[127.156589,37.040362],[127.155992,37.041035],[127.155857,37.04134],[127.1555,37.041785],[127.155438,37.041828],[127.155255,37.041838],[127.155122,37.041896],[127.154879,37.041943],[127.154902,37.042007]]]}},{"type":"Feature","id":"SOCHUN:41550:40800004155020180052UJC2000093005","properties":{"MNUM":"40800004155020180052UJC2000093005","admin_code":"41550","sgg_code":"41550","source_layer":"LSMD_CONT_UJ301","semantic":"sochun","stream_name":"강문천","alias_raw":"강문천 예정지","notified_on":"2018-01-30"},"geometry":{"type":"Polygon","coordinates":[[[127.130676,37.037783],[127.130719,37.037753],[127.130707,37.037749],[127.130695,37.037757],[127.130687,37.037764],[127.130674,37.037781],[127.130676,37.037783]]]}},{"type":"Feature","id":"SOCHUN:41550:40800004155020180052UJC2000097004","properties":{"MNUM":"40800004155020180052UJC2000097004","admin_code":"41550","sgg_code":"41550","source_layer":"LSMD_CONT_UJ301","semantic":"sochun","stream_name":"독정천","alias_raw":"독정천 예정지","notified_on":"2018-01-30"},"geometry":{"type":"Polygon","coordinates":[[[127.150557,37.043033],[127.150833,37.042984],[127.151491,37.042686],[127.153956,37.042452],[127.154205,37.042348],[127.154185,37.042312],[127.153963,37.042394],[127.153154,37.042464],[127.152478,37.042572],[127.151495,37.042616],[127.150675,37.04293],[127.150379,37.042967],[127.150377,37.043029],[127.150557,37.043033]]]}},{"type":"Feature","id":"SOCHUN:41550:40800004155020180052UJC1000174001","properties":{"MNUM":"40800004155020180052UJC1000174001","admin_code":"41550","sgg_code":"41550","source_layer":"LSMD_CONT_UJ301","semantic":"sochun","stream_name":"하냉천","alias_raw":"하냉천 하천구역","notified_on":"2018-01-30"},"geometry":{"type":"Polygon","coordinates":[[[127.361948,37.104796],[127.362187,37.104879],[127.362833,37.104943],[127.363356,37.104618],[127.363748,37.104539],[127.363873,37.104403],[127.365147,37.104255],[127.365652,37.103974],[127.365935,37.103655],[127.366047,37.103605],[127.366181,37.103594],[127.366269,37.103617],[127.366492,37.10392],[127.366888,37.104032],[127.366949,37.104208],[127.36709,37.10431],[127.367286,37.10489],[127.367726,37.105117],[127.367815,37.105188],[127.367815,37.105305],[127.368219,37.10538],[127.368486,37.105394],[127.368644,37.105373],[127.368929,37.105273],[127.369145,37.105152],[127.369546,37.105093],[127.36961,37.105026],[127.36963,37.105041],[127.369849,37.104752],[127.37003,37.104369],[127.370262,37.10431],[127.370368,37.104217],[127.370466,37.104043],[127.370642,37.103947],[127.371526,37.103265],[127.371601,37.103067],[127.371597,37.102738],[127.371767,37.102599],[127.371918,37.102598],[127.37204,37.102532],[127.372181,37.102509],[127.372585,37.10258],[127.373023,37.102583],[127.37326,37.102685],[127.373453,37.102689],[127.373701,37.102481],[127.37392,37.10238],[127.374187,37.102308],[127.374595,37.102299],[127.374686,37.102164],[127.374763,37.102112],[127.375185,37.10199],[127.37569,37.101696],[127.375854,37.10157],[127.376043,37.101337],[127.37648,37.101301],[127.37681,37.101168],[127.376985,37.101146],[127.376963,37.101028],[127.376381,37.10123],[127.376091,37.101231],[127.375967,37.101264],[127.375739,37.101538],[127.375208,37.101877],[127.374709,37.10202],[127.374437,37.102225],[127.37404,37.102257],[127.373812,37.102332],[127.373336,37.102609],[127.373273,37.102614],[127.372957,37.102507],[127.372514,37.10251],[127.372155,37.102445],[127.371869,37.10255],[127.37181,37.102539],[127.371692,37.102578],[127.371538,37.102712],[127.371543,37.103054],[127.371491,37.103196],[127.371185,37.10347],[127.370434,37.104011],[127.370273,37.104234],[127.369972,37.104308],[127.369834,37.104454],[127.369837,37.104597],[127.369564,37.105017],[127.369057,37.105088],[127.368961,37.10519],[127.368779,37.105263],[127.368476,37.105323],[127.367893,37.105227],[127.367799,37.105151],[127.367746,37.10505],[127.367402,37.104883],[127.367345,37.104825],[127.367221,37.104556],[127.367175,37.104323],[127.366994,37.103969],[127.36658,37.103888],[127.366357,37.103567],[127.366123,37.103505],[127.365999,37.103523],[127.365784,37.103671],[127.365524,37.104001],[127.365373,37.104026],[127.365246,37.10412],[127.365011,37.104201],[127.364493,37.104285],[127.363831,37.10433],[127.363674,37.104488],[127.363258,37.104564],[127.362919,37.104795],[127.362823,37.104825],[127.362405,37.104852],[127.361981,37.104739],[127.361948,37.104796]]]}},{"type":"Feature","id":"SOCHUN:41550:40800004155020180052UJC1000099001","properties":{"MNUM":"40800004155020180052UJC1000099001","admin_code":"41550","sgg_code":"41550","source_layer":"LSMD_CONT_UJ301","semantic":"sochun","stream_name":"칠곡천","alias_raw":"칠곡천 하천구역","notified_on":"2018-01-30"},"geometry":{"type":"Polygon","coordinates":[[[127.173085,37.060005],[127.173117,37.059987],[127.172934,37.059653],[127.172821,37.059558],[127.172018,37.05919],[127.171777,37.059154],[127.171452,37.059012],[127.17099,37.05894],[127.170722,37.058757],[127.170634,37.05849],[127.170273,37.058233],[127.170107,37.058073],[127.169628,37.057458],[127.169141,37.057139],[127.168824,37.056758],[127.168332,37.056286],[127.168216,37.0561],[127.168067,37.055987],[127.167722,37.055838],[127.16754,37.055601],[127.167347,37.055517],[127.166998,37.055464],[127.166507,37.055332],[127.166401,37.055146],[127.166195,37.055053],[127.166082,37.055054],[127.165987,37.054994],[127.165962,37.054963],[127.165987,37.054897],[127.165638,37.054535],[127.165297,37.054308],[127.165278,37.05433],[127.165239,37.054302],[127.165168,37.054315],[127.163778,37.054156],[127.163114,37.053663],[127.162879,37.053535],[127.162408,37.053352],[127.162238,37.05312],[127.162117,37.053047],[127.161014,37.052616],[127.160903,37.052453],[127.160977,37.052394],[127.160977,37.052282],[127.160822,37.052017],[127.160718,37.051653],[127.160523,37.051218],[127.160323,37.050992],[127.160085,37.050886],[127.159638,37.050852],[127.159277,37.050862],[127.159126,37.050813],[127.159017,37.050676],[127.158879,37.050332],[127.158926,37.049852],[127.158827,37.049831],[127.158549,37.049672],[127.158258,37.049581],[127.158305,37.049552],[127.157904,37.049419],[127.15775,37.049288],[127.157708,37.049214],[127.157484,37.049281],[127.157625,37.049451],[127.158244,37.049631],[127.158792,37.049874],[127.158732,37.050309],[127.158809,37.050394],[127.158941,37.050739],[127.159072,37.050849],[127.159263,37.050936],[127.159976,37.050968],[127.160119,37.050985],[127.160284,37.051045],[127.160224,37.051063],[127.160325,37.051156],[127.160526,37.051497],[127.160575,37.051519],[127.160692,37.051921],[127.160914,37.052268],[127.160934,37.052375],[127.160871,37.052446],[127.160867,37.052529],[127.160956,37.052648],[127.161847,37.053021],[127.162132,37.053206],[127.162356,37.053422],[127.162997,37.053686],[127.163241,37.05391],[127.163386,37.053949],[127.163829,37.054258],[127.16392,37.054238],[127.165211,37.054375],[127.16587,37.054987],[127.165924,37.05499],[127.166013,37.05507],[127.166308,37.055179],[127.166426,37.055398],[127.167372,37.055566],[127.16757,37.055803],[127.168237,37.05625],[127.16829,37.056348],[127.168378,37.056373],[127.169054,37.057186],[127.169714,37.057914],[127.169851,37.057981],[127.170064,37.058293],[127.170554,37.058811],[127.170877,37.05894],[127.171431,37.059018],[127.171831,37.059198],[127.172037,37.059214],[127.17292,37.059679],[127.173085,37.060005]]]}},{"type":"Feature","id":"SOCHUN:41550:40800004155020180052UJC1000138001","properties":{"MNUM":"40800004155020180052UJC1000138001","admin_code":"41550","sgg_code":"41550","source_layer":"LSMD_CONT_UJ301","semantic":"sochun","stream_name":"주평천","alias_raw":"주평천 하천구역","notified_on":"2018-01-30"},"geometry":{"type":"Polygon","coordinates":[[[127.424509,37.124656],[127.424604,37.124564],[127.42462,37.124457],[127.424552,37.124009],[127.42412,37.122863],[127.424231,37.122588],[127.424198,37.12239],[127.424031,37.122131],[127.42376,37.121826],[127.423556,37.121505],[127.423469,37.120892],[127.423407,37.120779],[127.423276,37.120682],[127.42326,37.120614],[127.422931,37.120435],[127.422757,37.120397],[127.422397,37.120642],[127.421677,37.118655],[127.421546,37.118277],[127.42154,37.118167],[127.420926,37.11641],[127.42194,37.115985],[127.424099,37.114969],[127.425127,37.114389],[127.426222,37.113695],[127.4276,37.112712],[127.428088,37.112326],[127.428154,37.112166],[127.427467,37.112724],[127.425667,37.113972],[127.425569,37.114076],[127.42318,37.115355],[127.421121,37.116237],[127.421049,37.116304],[127.420901,37.116327],[127.420907,37.11635],[127.420754,37.116412],[127.422305,37.120787],[127.422404,37.120818],[127.42277,37.120529],[127.422833,37.12053],[127.423306,37.12073],[127.423409,37.120908],[127.423445,37.121237],[127.42352,37.121516],[127.423731,37.121855],[127.423982,37.122136],[127.424155,37.122416],[127.424176,37.122628],[127.424075,37.12287],[127.424509,37.124023],[127.424564,37.12446],[127.424509,37.124656]]]}},{"type":"Feature","id":"SOCHUN:41550:40800004155020180052UJC1000004001","properties":{"MNUM":"40800004155020180052UJC1000004001","admin_code":"41550","sgg_code":"41550","source_layer":"LSMD_CONT_UJ301","semantic":"sochun","stream_name":"상용두천","alias_raw":"상용두천 하천구역","notified_on":"2018-01-30"},"geometry":{"type":"Polygon","coordinates":[[[127.156849,37.015924],[127.15698,37.015842],[127.157233,37.015845],[127.157444,37.015774],[127.157637,37.01556],[127.157878,37.015403],[127.158122,37.015059],[127.158379,37.014984],[127.158522,37.014712],[127.158572,37.014394],[127.158655,37.014359],[127.159135,37.013844],[127.159092,37.013802],[127.159148,37.013675],[127.159387,37.013304],[127.159627,37.013018],[127.160041,37.012738],[127.160148,37.012603],[127.160099,37.012569],[127.160358,37.012374],[127.160653,37.011849],[127.16121,37.011047],[127.161429,37.010553],[127.161673,37.010291],[127.161812,37.01024],[127.16183,37.010275],[127.161958,37.010233],[127.162096,37.010165],[127.162247,37.010017],[127.162435,37.009923],[127.162964,37.009756],[127.16321,37.00971],[127.163403,37.009711],[127.163574,37.009747],[127.163559,37.009797],[127.164198,37.009851],[127.16438,37.009828],[127.164718,37.009624],[127.16496,37.009562],[127.165118,37.009564],[127.1658,37.009897],[127.166307,37.009921],[127.166361,37.0099],[127.166677,37.009385],[127.166768,37.009159],[127.16673,37.008979],[127.166564,37.008986],[127.166465,37.009368],[127.166208,37.009809],[127.165818,37.009799],[127.165118,37.009419],[127.165048,37.009481],[127.164862,37.009493],[127.164707,37.009544],[127.164431,37.009708],[127.16428,37.009764],[127.163977,37.009762],[127.163302,37.00966],[127.162868,37.009727],[127.162325,37.009918],[127.162,37.010161],[127.161659,37.010277],[127.161534,37.010402],[127.161483,37.01038],[127.160303,37.012338],[127.15991,37.012668],[127.159888,37.012656],[127.159483,37.013021],[127.159009,37.013626],[127.158765,37.014021],[127.158424,37.014373],[127.158337,37.014837],[127.15826,37.014914],[127.158033,37.014982],[127.157691,37.015403],[127.157325,37.015697],[127.157217,37.015737],[127.157028,37.015726],[127.156859,37.01578],[127.156767,37.015891],[127.156849,37.015924]]]}},{"type":"Feature","id":"SOCHUN:41550:40800004155020180052UJC1000080001","properties":{"MNUM":"40800004155020180052UJC1000080001","admin_code":"41550","sgg_code":"41550","source_layer":"LSMD_CONT_UJ301","semantic":"sochun","stream_name":"이현천","alias_raw":"이현천 하천구역","notified_on":"2018-01-30"},"geometry":{"type":"Polygon","coordinates":[[[127.218003,37.09208],[127.218014,37.092015],[127.217863,37.092005],[127.217573,37.091788],[127.217196,37.091692],[127.216931,37.091542],[127.21671,37.091252],[127.216531,37.091129],[127.216174,37.091076],[127.216062,37.091083],[127.215932,37.091119],[127.215756,37.091262],[127.215635,37.091262],[127.21538,37.091099],[127.214411,37.090689],[127.214039,37.090576],[127.213358,37.090616],[127.212726,37.090382],[127.212345,37.090167],[127.212098,37.08992],[127.212057,37.089921],[127.211549,37.089538],[127.211232,37.089214],[127.210802,37.088569],[127.210854,37.088505],[127.210862,37.088309],[127.210673,37.08777],[127.210572,37.087658],[127.210186,37.087484],[127.209972,37.087172],[127.209674,37.086985],[127.209583,37.086636],[127.209556,37.086639],[127.209532,37.086568],[127.209482,37.086562],[127.209597,37.087036],[127.20997,37.087281],[127.21015,37.087554],[127.210501,37.087716],[127.210648,37.087892],[127.21078,37.088262],[127.210792,37.088461],[127.210732,37.088522],[127.211033,37.089107],[127.211076,37.089116],[127.211504,37.08957],[127.211983,37.089921],[127.212352,37.090284],[127.212585,37.090399],[127.213308,37.090654],[127.21401,37.090612],[127.214127,37.090633],[127.215356,37.091131],[127.215635,37.091308],[127.215746,37.091304],[127.215951,37.091158],[127.216104,37.091109],[127.216519,37.091163],[127.216679,37.091267],[127.216925,37.091575],[127.217177,37.091717],[127.217554,37.091813],[127.217838,37.092041],[127.218003,37.09208]]]}},{"type":"Feature","id":"SOCHUN:41550:40800004155020180052UJC2000084003","properties":{"MNUM":"40800004155020180052UJC2000084003","admin_code":"41550","sgg_code":"41550","source_layer":"LSMD_CONT_UJ301","semantic":"sochun","stream_name":"장서2천","alias_raw":"장서2천 예정지","notified_on":"2018-01-30"},"geometry":{"type":"Polygon","coordinates":[[[127.215956,37.108909],[127.216026,37.108904],[127.216031,37.108646],[127.215866,37.108007],[127.215789,37.107541],[127.215745,37.107092],[127.215776,37.106655],[127.215958,37.106112],[127.216095,37.105559],[127.216335,37.105241],[127.216876,37.104772],[127.216833,37.104741],[127.216277,37.105201],[127.216071,37.105462],[127.215984,37.10566],[127.215903,37.106082],[127.215762,37.106427],[127.21566,37.1068],[127.215689,37.107349],[127.215792,37.108049],[127.215962,37.108689],[127.215956,37.108909]]]}},{"type":"Feature","id":"SOCHUN:41550:40800004155020180052UJC1000083001","properties":{"MNUM":"40800004155020180052UJC1000083001","admin_code":"41550","sgg_code":"41550","source_layer":"LSMD_CONT_UJ301","semantic":"sochun","stream_name":"장서1천","alias_raw":"장서1천 하천구역","notified_on":"2018-01-30"},"geometry":{"type":"Polygon","coordinates":[[[127.210349,37.107905],[127.210512,37.107867],[127.210505,37.107818],[127.211042,37.106938],[127.211407,37.106149],[127.211437,37.105929],[127.211371,37.10532],[127.211471,37.105068],[127.211717,37.104983],[127.212028,37.104952],[127.21254,37.104592],[127.212594,37.104529],[127.21276,37.104034],[127.213025,37.103698],[127.212944,37.102994],[127.212806,37.102572],[127.212816,37.102419],[127.212901,37.10218],[127.212822,37.101696],[127.212869,37.10134],[127.212868,37.100939],[127.21257,37.099882],[127.212373,37.099437],[127.212207,37.099334],[127.21147,37.099132],[127.211,37.098809],[127.210837,37.098741],[127.21068,37.098737],[127.210489,37.098894],[127.210338,37.098947],[127.210247,37.098942],[127.209812,37.098541],[127.209456,37.098346],[127.208992,37.098149],[127.208637,37.097605],[127.208336,37.097482],[127.208281,37.097434],[127.208211,37.097211],[127.208133,37.096682],[127.207959,37.096464],[127.207761,37.096294],[127.207603,37.0962],[127.207015,37.095991],[127.206203,37.095623],[127.206119,37.095616],[127.205757,37.095783],[127.205509,37.095958],[127.205374,37.096125],[127.205259,37.096159],[127.204989,37.096142],[127.204648,37.096061],[127.204476,37.09606],[127.204263,37.096115],[127.203337,37.096224],[127.202621,37.096155],[127.203337,37.096237],[127.204268,37.096128],[127.204477,37.096073],[127.204646,37.096075],[127.204985,37.096155],[127.205262,37.09617],[127.205384,37.096136],[127.205589,37.095945],[127.205724,37.09589],[127.20613,37.095637],[127.206196,37.095638],[127.207006,37.096006],[127.207593,37.096214],[127.207747,37.096306],[127.207943,37.096474],[127.208114,37.096688],[127.208164,37.096938],[127.208163,37.097215],[127.20827,37.097501],[127.208571,37.097639],[127.208685,37.097746],[127.208945,37.098185],[127.209739,37.098564],[127.209942,37.098714],[127.210204,37.098989],[127.210322,37.099007],[127.210458,37.098975],[127.210717,37.098784],[127.210993,37.098855],[127.211484,37.099184],[127.211883,37.099278],[127.212177,37.099381],[127.212294,37.099475],[127.212477,37.099807],[127.212742,37.100722],[127.212797,37.101195],[127.212756,37.101825],[127.212823,37.102169],[127.212749,37.102396],[127.212738,37.102556],[127.212845,37.102871],[127.212939,37.103653],[127.21269,37.104031],[127.212537,37.104502],[127.212398,37.104659],[127.212006,37.104921],[127.211623,37.104949],[127.211467,37.104988],[127.211416,37.105026],[127.21128,37.10534],[127.211338,37.105904],[127.211304,37.106135],[127.211033,37.106724],[127.211009,37.106859],[127.210773,37.107137],[127.210652,37.10739],[127.210594,37.107411],[127.210349,37.107786],[127.210319,37.10785],[127.210349,37.107905]]]}},{"type":"Feature","id":"SOCHUN:41550:40800004155020180052UJC2000093008","properties":{"MNUM":"40800004155020180052UJC2000093008","admin_code":"41550","sgg_code":"41550","source_layer":"LSMD_CONT_UJ301","semantic":"sochun","stream_name":"강문천","alias_raw":"강문천 예정지","notified_on":"2018-01-30"},"geometry":{"type":"Polygon","coordinates":[[[127.129379,37.038418],[127.129381,37.038414],[127.129363,37.038412],[127.129379,37.038418]]]}},{"type":"Feature","id":"SOCHUN:41550:40800004155020180052UJC1000181001","properties":{"MNUM":"40800004155020180052UJC1000181001","admin_code":"41550","sgg_code":"41550","source_layer":"LSMD_CONT_UJ301","semantic":"sochun","stream_name":"느티골천","alias_raw":"느티골천 하천구역","notified_on":"2018-01-30"},"geometry":{"type":"Polygon","coordinates":[[[127.276886,37.107004],[127.277135,37.106886],[127.27725,37.106898],[127.277625,37.106335],[127.277586,37.106318],[127.277862,37.105964],[127.27819,37.105453],[127.278524,37.105078],[127.278707,37.104961],[127.278937,37.104718],[127.278976,37.104605],[127.278893,37.104021],[127.27894,37.103889],[127.279298,37.103534],[127.279713,37.103411],[127.280005,37.103227],[127.28025,37.102933],[127.280378,37.102826],[127.280358,37.102803],[127.280746,37.102544],[127.281398,37.102201],[127.281454,37.102267],[127.281569,37.102108],[127.281763,37.101985],[127.28197,37.101757],[127.282019,37.10159],[127.282237,37.101413],[127.283002,37.100642],[127.283358,37.099786],[127.283412,37.09975],[127.283618,37.099714],[127.283993,37.099726],[127.284021,37.099747],[127.28451,37.099716],[127.284812,37.099587],[127.284969,37.099449],[127.285104,37.099241],[127.285338,37.099078],[127.285937,37.098773],[127.286222,37.098589],[127.286565,37.098449],[127.28704,37.098326],[127.287078,37.098279],[127.287211,37.098239],[127.287297,37.097967],[127.287344,37.097541],[127.28746,37.097346],[127.287814,37.096518],[127.2882,37.09609],[127.288133,37.09602],[127.288187,37.095941],[127.288088,37.095898],[127.288037,37.095979],[127.287935,37.095986],[127.287707,37.096387],[127.287374,37.097214],[127.287164,37.097495],[127.287121,37.097641],[127.287132,37.097874],[127.287096,37.097872],[127.287058,37.098061],[127.28702,37.098101],[127.286868,37.098213],[127.286584,37.098289],[127.286112,37.098478],[127.285918,37.098603],[127.285266,37.098927],[127.284944,37.09918],[127.284836,37.099357],[127.284725,37.099464],[127.284532,37.099579],[127.284158,37.099623],[127.283845,37.099547],[127.283617,37.099531],[127.283457,37.099563],[127.283474,37.099524],[127.283305,37.099572],[127.283175,37.09977],[127.282863,37.100497],[127.282727,37.100676],[127.281785,37.101586],[127.281708,37.101787],[127.281529,37.101996],[127.280664,37.102499],[127.280108,37.102907],[127.280067,37.102892],[127.279782,37.103227],[127.27953,37.103336],[127.279296,37.103388],[127.279076,37.103553],[127.278954,37.103591],[127.278714,37.103978],[127.278627,37.104752],[127.277685,37.105863],[127.277698,37.105911],[127.277454,37.106259],[127.277509,37.106284],[127.277231,37.106664],[127.277174,37.106641],[127.277015,37.1068],[127.276805,37.106915],[127.276886,37.107004]]]}},{"type":"Feature","id":"SOCHUN:41550:40800004155020180052UJC2000066004","properties":{"MNUM":"40800004155020180052UJC2000066004","admin_code":"41550","sgg_code":"41550","source_layer":"LSMD_CONT_UJ301","semantic":"sochun","stream_name":"신기천","alias_raw":"신기천 예정지","notified_on":"2018-01-30"},"geometry":{"type":"Polygon","coordinates":[[[127.248378,36.991244],[127.248509,36.991223],[127.248621,36.991168],[127.249549,36.990398],[127.250054,36.990023],[127.250421,36.989392],[127.250724,36.988981],[127.251079,36.988223],[127.251177,36.987932],[127.251121,36.987917],[127.250743,36.988782],[127.25055,36.989128],[127.250372,36.989362],[127.250032,36.989999],[127.249953,36.990081],[127.249578,36.990335],[127.248496,36.991197],[127.248343,36.991206],[127.24784,36.991109],[127.247641,36.991121],[127.247468,36.991187],[127.247485,36.991216],[127.247652,36.991156],[127.24785,36.991143],[127.248378,36.991244]]]}},{"type":"Feature","id":"SOCHUN:41550:40800004155020180052UJC2000066007","properties":{"MNUM":"40800004155020180052UJC2000066007","admin_code":"41550","sgg_code":"41550","source_layer":"LSMD_CONT_UJ301","semantic":"sochun","stream_name":"신기천","alias_raw":"신기천 예정지","notified_on":"2018-01-30"},"geometry":{"type":"Polygon","coordinates":[[[127.241486,36.997068],[127.24153,36.996413],[127.241491,36.995982],[127.241556,36.995267],[127.241538,36.99486],[127.242174,36.993925],[127.242261,36.993694],[127.242256,36.993564],[127.24239,36.993381],[127.242657,36.993182],[127.242843,36.993088],[127.24363,36.992995],[127.244276,36.992803],[127.244626,36.992673],[127.244627,36.992641],[127.24549,36.992629],[127.246361,36.992211],[127.246466,36.992076],[127.246495,36.992085],[127.246598,36.99188],[127.246989,36.991592],[127.247283,36.991199],[127.247463,36.991095],[127.247761,36.990991],[127.247487,36.99104],[127.247258,36.99117],[127.246909,36.991575],[127.246566,36.991834],[127.246363,36.992168],[127.245503,36.992597],[127.245367,36.992624],[127.244682,36.992615],[127.243591,36.992956],[127.242846,36.993034],[127.242583,36.993145],[127.242329,36.993337],[127.242206,36.993502],[127.242193,36.993714],[127.242107,36.993901],[127.241454,36.994836],[127.241395,36.995743],[127.24144,36.996416],[127.2414,36.996418],[127.241433,36.997062],[127.241486,36.997068]]]}},{"type":"Feature","id":"SOCHUN:41550:40800004155020180052UJC2000060001","properties":{"MNUM":"40800004155020180052UJC2000060001","admin_code":"41550","sgg_code":"41550","source_layer":"LSMD_CONT_UJ301","semantic":"sochun","stream_name":"보체2천","alias_raw":"보체2천 예정지","notified_on":"2018-01-30"},"geometry":{"type":"Polygon","coordinates":[[[127.241907,36.968803],[127.242198,36.968592],[127.242399,36.968649],[127.242589,36.968658],[127.243755,36.968477],[127.244061,36.968215],[127.244266,36.968102],[127.244869,36.96792],[127.245137,36.967471],[127.245324,36.967315],[127.246084,36.967093],[127.246533,36.966892],[127.2469,36.96682],[127.247361,36.966608],[127.247786,36.966261],[127.248223,36.966145],[127.248544,36.965938],[127.248779,36.965869],[127.248809,36.965807],[127.248592,36.965253],[127.248522,36.965275],[127.248756,36.965821],[127.248513,36.965899],[127.248143,36.966141],[127.247756,36.966216],[127.247574,36.966279],[127.247326,36.966512],[127.247002,36.96667],[127.245293,36.96725],[127.245063,36.967456],[127.244815,36.967868],[127.24419,36.968087],[127.244003,36.968194],[127.243795,36.968395],[127.242626,36.9686],[127.242417,36.968593],[127.242174,36.968524],[127.241847,36.968762],[127.241907,36.968803]]]}},{"type":"Feature","id":"SOCHUN:41550:40800004155020180052UJC1000068001","properties":{"MNUM":"40800004155020180052UJC1000068001","admin_code":"41550","sgg_code":"41550","source_layer":"LSMD_CONT_UJ301","semantic":"sochun","stream_name":"누령천","alias_raw":"누령천 하천구역","notified_on":"2018-01-30"},"geometry":{"type":"Polygon","coordinates":[[[127.229692,37.035542],[127.229905,37.035527],[127.229914,37.035491],[127.229667,37.035507],[127.229569,37.035462],[127.229392,37.035288],[127.229284,37.035024],[127.229176,37.034902],[127.228384,37.034575],[127.227987,37.034293],[127.227967,37.034249],[127.227353,37.034287],[127.226834,37.03427],[127.22677,37.034241],[127.226759,37.034109],[127.226837,37.034083],[127.226814,37.033882],[127.226719,37.033598],[127.226407,37.033114],[127.226233,37.033107],[127.226245,37.033018],[127.225983,37.032963],[127.225912,37.033014],[127.225814,37.033031],[127.225637,37.03305],[127.225529,37.033026],[127.22485,37.032424],[127.22465,37.032154],[127.224354,37.032028],[127.224271,37.031956],[127.223919,37.031834],[127.223475,37.031803],[127.222803,37.031549],[127.222733,37.031503],[127.222769,37.031461],[127.221955,37.030927],[127.221831,37.030817],[127.221298,37.030085],[127.219638,37.027987],[127.218051,37.025901],[127.218012,37.025911],[127.21789,37.025831],[127.217481,37.025823],[127.217455,37.025947],[127.217681,37.025935],[127.217894,37.02598],[127.218066,37.02613],[127.218348,37.026561],[127.219,37.027378],[127.220387,37.029227],[127.220466,37.029285],[127.221728,37.03097],[127.222656,37.031572],[127.222709,37.031562],[127.222763,37.031594],[127.222767,37.031697],[127.222913,37.031688],[127.223247,37.031833],[127.223744,37.031946],[127.224555,37.032204],[127.224775,37.032471],[127.225436,37.033078],[127.225631,37.033119],[127.22592,37.033076],[127.22623,37.033154],[127.226334,37.033217],[127.226572,37.033608],[127.226659,37.033888],[127.226662,37.034107],[127.226687,37.034113],[127.226657,37.034229],[127.226521,37.034247],[127.226494,37.034287],[127.226584,37.03431],[127.227351,37.034318],[127.227814,37.034301],[127.228408,37.034648],[127.229143,37.034921],[127.229205,37.034979],[127.229432,37.035396],[127.229587,37.03552],[127.229692,37.035542]]]}},{"type":"Feature","id":"SOCHUN:41550:40800004155020180052UJC2000067004","properties":{"MNUM":"40800004155020180052UJC2000067004","admin_code":"41550","sgg_code":"41550","source_layer":"LSMD_CONT_UJ301","semantic":"sochun","stream_name":"신촌천","alias_raw":"신촌천 예정지","notified_on":"2018-01-30"},"geometry":{"type":"Polygon","coordinates":[[[127.219408,37.011828],[127.219677,37.011752],[127.219644,37.011695],[127.219463,37.011743],[127.219203,37.011718],[127.219188,37.011748],[127.219067,37.01175],[127.218594,37.011671],[127.215619,37.010622],[127.215328,37.010556],[127.215198,37.010456],[127.215037,37.01013],[127.214706,37.009385],[127.214766,37.009169],[127.214673,37.009146],[127.214627,37.009457],[127.21508,37.010404],[127.215253,37.010572],[127.218671,37.011758],[127.218897,37.011802],[127.219408,37.011828]]]}},{"type":"Feature","id":"SOCHUN:41550:40800004155020180052UJC2000066001","properties":{"MNUM":"40800004155020180052UJC2000066001","admin_code":"41550","sgg_code":"41550","source_layer":"LSMD_CONT_UJ301","semantic":"sochun","stream_name":"신기천","alias_raw":"신기천 예정지","notified_on":"2018-01-30"},"geometry":{"type":"Polygon","coordinates":[[[127.250367,36.989144],[127.250475,36.989051],[127.250643,36.988743],[127.250986,36.987987],[127.251018,36.98795],[127.251082,36.98795],[127.251236,36.987671],[127.251545,36.987459],[127.252637,36.987026],[127.253343,36.986934],[127.254164,36.987025],[127.254504,36.987126],[127.255004,36.987351],[127.255333,36.987417],[127.256052,36.987784],[127.256081,36.987737],[127.255389,36.987386],[127.254882,36.987217],[127.254329,36.986978],[127.253308,36.98686],[127.252837,36.986915],[127.251315,36.987475],[127.251123,36.98773],[127.250543,36.988907],[127.250367,36.989144]]]}},{"type":"Feature","id":"SOCHUN:41550:40800004155020180052UJC2000058003","properties":{"MNUM":"40800004155020180052UJC2000058003","admin_code":"41550","sgg_code":"41550","source_layer":"LSMD_CONT_UJ301","semantic":"sochun","stream_name":"강덕천","alias_raw":"강덕천 예정지","notified_on":"2018-01-30"},"geometry":{"type":"Polygon","coordinates":[[[127.224993,36.962623],[127.225076,36.962615],[127.225057,36.962321],[127.225256,36.961746],[127.225572,36.961123],[127.225739,36.960998],[127.225769,36.960909],[127.22573,36.960826],[127.225425,36.960606],[127.225236,36.960412],[127.225053,36.960074],[127.225059,36.95981],[127.225146,36.959605],[127.225519,36.959088],[127.225879,36.958734],[127.226304,36.958454],[127.226271,36.957799],[127.226718,36.956997],[127.226754,36.957009],[127.226926,36.956759],[127.227059,36.956634],[127.227132,36.956413],[127.227097,36.956337],[127.227126,36.955846],[127.227157,36.955845],[127.227127,36.955723],[127.227259,36.955437],[127.227281,36.955366],[127.227251,36.955355],[127.227088,36.955716],[127.227081,36.956389],[127.226671,36.956884],[127.22629,36.957494],[127.226177,36.957793],[127.226175,36.958],[127.225961,36.958372],[127.22597,36.95856],[127.225486,36.959017],[127.225094,36.959567],[127.224989,36.959797],[127.224981,36.960061],[127.225141,36.960404],[127.225266,36.960559],[127.225642,36.960854],[127.225669,36.960914],[127.225524,36.961091],[127.225099,36.961925],[127.224993,36.962276],[127.224993,36.962623]]]}},{"type":"Feature","id":"SOCHUN:41550:40800004155020180052UJC2000181005","properties":{"MNUM":"40800004155020180052UJC2000181005","admin_code":"41550","sgg_code":"41550","source_layer":"LSMD_CONT_UJ301","semantic":"sochun","stream_name":"느티골천","alias_raw":"느티골천 예정지","notified_on":"2018-01-30"},"geometry":{"type":"Polygon","coordinates":[[[127.287739,37.096924],[127.28802,37.096286],[127.287814,37.096518],[127.287649,37.096913],[127.287739,37.096924]]]}},{"type":"Feature","id":"SOCHUN:41550:40800004155020180052UJC2000106008","properties":{"MNUM":"40800004155020180052UJC2000106008","admin_code":"41550","sgg_code":"41550","source_layer":"LSMD_CONT_UJ301","semantic":"sochun","stream_name":"산하천","alias_raw":"산하천 예정지","notified_on":"2018-01-30"},"geometry":{"type":"Polygon","coordinates":[[[127.139796,37.07111],[127.139789,37.071094],[127.139303,37.071101],[127.139796,37.07111]]]}},{"type":"Feature","id":"SOCHUN:41550:40800004155020180052UJC1000093001","properties":{"MNUM":"40800004155020180052UJC1000093001","admin_code":"41550","sgg_code":"41550","source_layer":"LSMD_CONT_UJ301","semantic":"sochun","stream_name":"강문천","alias_raw":"강문천 하천구역","notified_on":"2018-01-30"},"geometry":{"type":"Polygon","coordinates":[[[127.129881,37.038506],[127.130052,37.038474],[127.130188,37.038397],[127.130425,37.038136],[127.130478,37.038216],[127.130592,37.038024],[127.130687,37.037764],[127.130906,37.037694],[127.131042,37.037683],[127.131517,37.037817],[127.132289,37.037692],[127.132815,37.037774],[127.132996,37.037735],[127.133176,37.037626],[127.133283,37.037613],[127.133615,37.03767],[127.135416,37.037657],[127.135602,37.037651],[127.135687,37.037623],[127.135673,37.037584],[127.135776,37.03758],[127.135752,37.037545],[127.13516,37.03751],[127.133586,37.037526],[127.133234,37.037397],[127.133055,37.037423],[127.132758,37.037562],[127.132238,37.037557],[127.131521,37.037687],[127.131161,37.037544],[127.131029,37.037547],[127.130786,37.037586],[127.130588,37.037662],[127.130514,37.037752],[127.130409,37.038076],[127.130278,37.038214],[127.130232,37.038213],[127.130019,37.038365],[127.129861,37.0384],[127.129405,37.038363],[127.128996,37.038262],[127.128428,37.03811],[127.128417,37.038078],[127.128147,37.037995],[127.127162,37.037758],[127.127073,37.037691],[127.126211,37.037802],[127.126207,37.037782],[127.12565,37.037847],[127.12537,37.037841],[127.125595,37.038076],[127.125619,37.038042],[127.125775,37.038015],[127.126897,37.037898],[127.126919,37.03785],[127.127078,37.037838],[127.127554,37.037973],[127.129248,37.038366],[127.129246,37.038394],[127.129881,37.038506]]]}},{"type":"Feature","id":"SOCHUN:41550:40800004155020180052UJC1000097001","properties":{"MNUM":"40800004155020180052UJC1000097001","admin_code":"41550","sgg_code":"41550","source_layer":"LSMD_CONT_UJ301","semantic":"sochun","stream_name":"독정천","alias_raw":"독정천 하천구역"},"geometry":{"type":"Polygon","coordinates":[[[127.148616,37.043309],[127.148678,37.043407],[127.149491,37.043152],[127.150096,37.042907],[127.150381,37.042968],[127.150628,37.042944],[127.151495,37.042616],[127.152478,37.042572],[127.153154,37.042464],[127.153963,37.042394],[127.154447,37.04219],[127.154625,37.042043],[127.154867,37.041943],[127.155122,37.041896],[127.155255,37.041838],[127.155438,37.041828],[127.155857,37.04134],[127.155992,37.041035],[127.156296,37.040661],[127.156623,37.040331],[127.156868,37.040145],[127.157187,37.040082],[127.157326,37.040026],[127.157727,37.039734],[127.157825,37.039579],[127.157905,37.039354],[127.158081,37.039187],[127.158258,37.039089],[127.158583,37.039036],[127.158572,37.039007],[127.158605,37.039],[127.158788,37.038988],[127.1585,37.039126],[127.158461,37.039171],[127.15869,37.040819],[127.158717,37.040894],[127.158771,37.040921],[127.158875,37.040915],[127.159257,37.040771],[127.159819,37.040688],[127.160276,37.040651],[127.160438,37.040802],[127.160587,37.040846],[127.160714,37.040849],[127.160972,37.040804],[127.161593,37.040608],[127.161846,37.040606],[127.162174,37.04067],[127.162407,37.040558],[127.16249,37.040634],[127.16259,37.04066],[127.162828,37.040621],[127.163201,37.040709],[127.163348,37.04068],[127.163655,37.040738],[127.163875,37.040717],[127.164228,37.040785],[127.164414,37.040915],[127.16461,37.040956],[127.164849,37.040928],[127.165153,37.040996],[127.165567,37.040982],[127.165711,37.040964],[127.165975,37.040773],[127.166516,37.040574],[127.166863,37.04052],[127.167161,37.040543],[127.167161,37.040479],[127.167314,37.040373],[127.167694,37.040373],[127.168251,37.040279],[127.16822,37.040202],[127.167766,37.040297],[127.167345,37.040318],[127.167086,37.040392],[127.166891,37.040393],[127.166791,37.040452],[127.16632,37.040499],[127.165914,37.040636],[127.165698,37.040859],[127.165597,37.040875],[127.165155,37.040876],[127.164964,37.040817],[127.164478,37.040785],[127.164325,37.040689],[127.16413,37.040624],[127.163886,37.040595],[127.163588,37.040628],[127.163274,37.040549],[127.162633,37.040521],[127.162373,37.040435],[127.162139,37.040549],[127.161773,37.040473],[127.161441,37.040546],[127.161344,37.040514],[127.161266,37.040591],[127.160916,37.04071],[127.160706,37.040746],[127.160509,37.04069],[127.160472,37.040741],[127.160437,37.040741],[127.160352,37.0407],[127.160319,37.040634],[127.160411,37.040557],[127.160552,37.040357],[127.160603,37.040196],[127.160581,37.040053],[127.16048,37.039887],[127.160219,37.039782],[127.160183,37.039696],[127.160219,37.039509],[127.160379,37.039305],[127.160396,37.039062],[127.160136,37.038782],[127.159723,37.038585],[127.159464,37.03857],[127.159184,37.038665],[127.158807,37.03897],[127.158563,37.038981],[127.1583,37.039037],[127.15796,37.039206],[127.157816,37.039324],[127.15758,37.039727],[127.157185,37.040005],[127.156815,37.040094],[127.156546,37.040348],[127.156415,37.040393],[127.156235,37.040578],[127.156068,37.040843],[127.155868,37.041023],[127.155683,37.04141],[127.155364,37.041763],[127.154917,37.041878],[127.154607,37.042024],[127.154417,37.042061],[127.153942,37.042333],[127.153215,37.042369],[127.152254,37.042493],[127.151458,37.042557],[127.150627,37.042875],[127.150312,37.042878],[127.150091,37.042816],[127.150017,37.042823],[127.149596,37.04299],[127.149035,37.043111],[127.148616,37.043309]]]}},{"type":"Feature","id":"SOCHUN:41550:40800004155020180052UJC2000022004","properties":{"MNUM":"40800004155020180052UJC2000022004","admin_code":"41550","sgg_code":"41550","source_layer":"LSMD_CONT_UJ301","semantic":"sochun","stream_name":"북가현천","alias_raw":"북가현천 예정지","notified_on":"2018-01-30"},"geometry":{"type":"Polygon","coordinates":[[[127.323619,37.103186],[127.323685,37.103185],[127.323682,37.103182],[127.323619,37.103185],[127.323619,37.103186]]]}},{"type":"Feature","id":"SOCHUN:41550:40800004155020180052UJC2000025002","properties":{"MNUM":"40800004155020180052UJC2000025002","admin_code":"41550","sgg_code":"41550","source_layer":"LSMD_CONT_UJ301","semantic":"sochun","stream_name":"상가천","alias_raw":"상가천 예정지","notified_on":"2018-01-30"},"geometry":{"type":"Polygon","coordinates":[[[127.33834,37.098998],[127.33836,37.09899],[127.33836,37.098989],[127.338265,37.09893],[127.338257,37.098933],[127.338253,37.098935],[127.338246,37.098931],[127.338241,37.098928],[127.338232,37.098932],[127.33834,37.098998]]]}},{"type":"Feature","id":"SOCHUN:41550:40800004155020180052UJC2000022002","properties":{"MNUM":"40800004155020180052UJC2000022002","admin_code":"41550","sgg_code":"41550","source_layer":"LSMD_CONT_UJ301","semantic":"sochun","stream_name":"북가현천","alias_raw":"북가현천 예정지","notified_on":"2018-01-30"},"geometry":{"type":"Polygon","coordinates":[[[127.324269,37.10319],[127.324411,37.103132],[127.324397,37.103128],[127.324265,37.103186],[127.32427,37.103186],[127.324269,37.10319]]]}},{"type":"Feature","id":"SOCHUN:41550:40800004155020180052UJC2000025001","properties":{"MNUM":"40800004155020180052UJC2000025001","admin_code":"41550","sgg_code":"41550","source_layer":"LSMD_CONT_UJ301","semantic":"sochun","stream_name":"상가천","alias_raw":"상가천 예정지","notified_on":"2018-01-30"},"geometry":{"type":"Polygon","coordinates":[[[127.339694,37.100224],[127.340093,37.100183],[127.340168,37.10014],[127.339731,37.100159],[127.339618,37.100107],[127.339479,37.099925],[127.3395,37.099719],[127.339476,37.099632],[127.339407,37.099559],[127.339264,37.099488],[127.339225,37.099428],[127.339235,37.099197],[127.339182,37.098958],[127.339095,37.098915],[127.338759,37.098902],[127.338629,37.098861],[127.338382,37.098945],[127.338416,37.098965],[127.338629,37.098893],[127.33875,37.098938],[127.339157,37.098943],[127.339191,37.099216],[127.339147,37.099458],[127.33941,37.099623],[127.339452,37.099965],[127.339575,37.100153],[127.339694,37.100224]]]}},{"type":"Feature","id":"SOCHUN:41550:40800004155020180052UJC2000022003","properties":{"MNUM":"40800004155020180052UJC2000022003","admin_code":"41550","sgg_code":"41550","source_layer":"LSMD_CONT_UJ301","semantic":"sochun","stream_name":"북가현천","alias_raw":"북가현천 예정지","notified_on":"2018-01-30"},"geometry":{"type":"Polygon","coordinates":[[[127.324395,37.103232],[127.324545,37.103167],[127.324539,37.103165],[127.32439,37.10323],[127.32439,37.10323],[127.324395,37.103232]]]}},{"type":"Feature","id":"SOCHUN:41550:40800004155020180052UJC2000023003","properties":{"MNUM":"40800004155020180052UJC2000023003","admin_code":"41550","sgg_code":"41550","source_layer":"LSMD_CONT_UJ301","semantic":"sochun","stream_name":"보경암천","alias_raw":"보경암천 예정지","notified_on":"2018-01-30"},"geometry":{"type":"Polygon","coordinates":[[[127.319264,37.105081],[127.319323,37.105066],[127.319263,37.104476],[127.319485,37.10388],[127.319467,37.103507],[127.319661,37.10328],[127.319671,37.103198],[127.319591,37.103188],[127.319591,37.103284],[127.319482,37.103373],[127.31939,37.103532],[127.319425,37.103876],[127.319208,37.104494],[127.319264,37.105081]]]}},{"type":"Feature","id":"SOCHUN:41550:40800004155020180052UJC1000110001","properties":{"MNUM":"40800004155020180052UJC1000110001","admin_code":"41550","sgg_code":"41550","source_layer":"LSMD_CONT_UJ301","semantic":"sochun","stream_name":"통심제1천","alias_raw":"통심제1천 하천구역","notified_on":"2018-01-30"},"geometry":{"type":"Polygon","coordinates":[[[127.15458,37.079065],[127.154914,37.078987],[127.155085,37.078874],[127.15528,37.078809],[127.155669,37.078775],[127.156397,37.078566],[127.156445,37.078505],[127.156568,37.078459],[127.156816,37.078411],[127.157344,37.078373],[127.157493,37.078289],[127.157596,37.078266],[127.157662,37.07822],[127.157638,37.078213],[127.157654,37.078186],[127.157974,37.077978],[127.158305,37.077924],[127.159045,37.077725],[127.1591,37.077697],[127.159325,37.077333],[127.159445,37.077277],[127.159499,37.077044],[127.159907,37.076815],[127.160068,37.076677],[127.160391,37.076486],[127.160378,37.076459],[127.160413,37.076433],[127.160511,37.076401],[127.160581,37.076296],[127.161027,37.075932],[127.161168,37.075856],[127.161961,37.075562],[127.162033,37.075505],[127.162442,37.075425],[127.162676,37.07531],[127.162968,37.075085],[127.163256,37.075042],[127.163412,37.074919],[127.163804,37.074874],[127.164188,37.074876],[127.164448,37.074932],[127.164683,37.075041],[127.164798,37.075036],[127.164812,37.075007],[127.164732,37.075006],[127.164459,37.074845],[127.163811,37.074817],[127.163509,37.07484],[127.163372,37.0749],[127.16327,37.074991],[127.163125,37.075019],[127.162958,37.075001],[127.162721,37.075232],[127.162498,37.075359],[127.162103,37.075432],[127.161766,37.075599],[127.16153,37.075659],[127.161451,37.075713],[127.161335,37.075722],[127.160846,37.075975],[127.160716,37.076117],[127.160543,37.076234],[127.160439,37.076369],[127.160311,37.076403],[127.160047,37.076625],[127.159896,37.07666],[127.159856,37.076758],[127.159461,37.077031],[127.159303,37.077257],[127.159226,37.077312],[127.159069,37.077629],[127.158941,37.077695],[127.158548,37.077813],[127.157784,37.077976],[127.157535,37.07817],[127.157127,37.07833],[127.157045,37.078292],[127.156515,37.078357],[127.156281,37.078504],[127.156065,37.078595],[127.155554,37.0787],[127.155111,37.078748],[127.154718,37.07895],[127.154529,37.07897],[127.154086,37.078898],[127.153827,37.078974],[127.153463,37.078632],[127.153152,37.078476],[127.153134,37.078493],[127.153435,37.078645],[127.153788,37.078988],[127.15389,37.079048],[127.153962,37.079023],[127.154063,37.079041],[127.154083,37.07901],[127.15458,37.079065]]]}},{"type":"Feature","id":"SOCHUN:41550:40800004155020180052UJC2000066015","properties":{"MNUM":"40800004155020180052UJC2000066015","admin_code":"41550","sgg_code":"41550","source_layer":"LSMD_CONT_UJ301","semantic":"sochun","stream_name":"신기천","alias_raw":"신기천 예정지","notified_on":"2018-01-30"},"geometry":{"type":"Polygon","coordinates":[[[127.237907,37.000332],[127.238283,36.999901],[127.238661,36.999565],[127.238613,36.999535],[127.237857,37.000303],[127.237907,37.000332]]]}},{"type":"Feature","id":"SOCHUN:41550:40800004155020180052UJC2000067001","properties":{"MNUM":"40800004155020180052UJC2000067001","admin_code":"41550","sgg_code":"41550","source_layer":"LSMD_CONT_UJ301","semantic":"sochun","stream_name":"신촌천","alias_raw":"신촌천 예정지","notified_on":"2018-01-30"},"geometry":{"type":"Polygon","coordinates":[[[127.212468,37.008516],[127.212505,37.008324],[127.212485,37.008027],[127.212397,37.008202],[127.212403,37.008398],[127.212468,37.008516]]]}},{"type":"Feature","id":"SOCHUN:41550:40800004155020180052UJC2000067011","properties":{"MNUM":"40800004155020180052UJC2000067011","admin_code":"41550","sgg_code":"41550","source_layer":"LSMD_CONT_UJ301","semantic":"sochun","stream_name":"신촌천","alias_raw":"신촌천 예정지","notified_on":"2018-01-30"},"geometry":{"type":"Polygon","coordinates":[[[127.225208,37.018375],[127.225259,37.018362],[127.225238,37.018309],[127.225208,37.018375]]]}},{"type":"Feature","id":"SOCHUN:41550:40800004155020180052UJC2000091002","properties":{"MNUM":"40800004155020180052UJC2000091002","admin_code":"41550","sgg_code":"41550","source_layer":"LSMD_CONT_UJ301","semantic":"sochun","stream_name":"중촌1천","alias_raw":"중촌1천 예정지","notified_on":"2018-01-30"},"geometry":{"type":"Polygon","coordinates":[[[127.255856,37.126201],[127.255861,37.126159],[127.255122,37.126099],[127.255147,37.126139],[127.255856,37.126201]]]}},{"type":"Feature","id":"SOCHUN:41550:40800004155020180052UJC1000075001","properties":{"MNUM":"40800004155020180052UJC1000075001","admin_code":"41550","sgg_code":"41550","source_layer":"LSMD_CONT_UJ301","semantic":"sochun","stream_name":"서원천","alias_raw":"서원천 하천구역","notified_on":"2018-01-30"},"geometry":{"type":"Polygon","coordinates":[[[127.189474,37.052183],[127.189813,37.052144],[127.190405,37.051845],[127.191396,37.051474],[127.19181,37.051287],[127.192123,37.051197],[127.192422,37.050988],[127.192845,37.050461],[127.193756,37.050038],[127.19382,37.050071],[127.194302,37.049857],[127.195629,37.049222],[127.195909,37.049076],[127.196515,37.04861],[127.196697,37.048567],[127.198479,37.04839],[127.198941,37.048414],[127.199229,37.048381],[127.200314,37.048208],[127.200352,37.048066],[127.199972,37.048117],[127.199965,37.048091],[127.199914,37.048087],[127.198936,37.04824],[127.198556,37.048213],[127.196807,37.048364],[127.196809,37.048384],[127.196597,37.048403],[127.196564,37.048476],[127.196405,37.048487],[127.19609,37.048659],[127.195569,37.049024],[127.192639,37.050383],[127.192324,37.05082],[127.192163,37.050984],[127.192024,37.051058],[127.192046,37.051103],[127.191667,37.051271],[127.191091,37.051471],[127.191038,37.051522],[127.190977,37.051512],[127.190374,37.051742],[127.189836,37.052028],[127.189688,37.052063],[127.189427,37.05206],[127.188801,37.051818],[127.188482,37.051738],[127.188371,37.051745],[127.188337,37.051786],[127.188501,37.051888],[127.188545,37.051852],[127.188901,37.051948],[127.189338,37.052152],[127.189474,37.052183]]]}},{"type":"Feature","id":"SOCHUN:41550:40800004155020180052UJC1000055001","properties":{"MNUM":"40800004155020180052UJC1000055001","admin_code":"41550","sgg_code":"41550","source_layer":"LSMD_CONT_UJ301","semantic":"sochun","stream_name":"신계천","alias_raw":"신계천 하천구역","notified_on":"2018-01-30"},"geometry":{"type":"Polygon","coordinates":[[[127.154769,36.967495],[127.154891,36.967473],[127.15488,36.967435],[127.154971,36.967418],[127.154941,36.967237],[127.155123,36.967188],[127.155032,36.966903],[127.15533,36.966372],[127.155423,36.966131],[127.155374,36.965915],[127.155385,36.965805],[127.155411,36.965771],[127.155458,36.965799],[127.155788,36.965574],[127.156284,36.965395],[127.159569,36.964857],[127.160479,36.964677],[127.161036,36.964485],[127.161384,36.96432],[127.16136,36.964289],[127.161879,36.963896],[127.162409,36.963597],[127.165712,36.964327],[127.16684,36.964399],[127.168181,36.964388],[127.168199,36.964362],[127.169626,36.964125],[127.171394,36.963866],[127.171592,36.963949],[127.171908,36.964228],[127.171927,36.964261],[127.171854,36.964323],[127.171885,36.964584],[127.171997,36.964805],[127.172247,36.964792],[127.172382,36.965047],[127.172444,36.965058],[127.172533,36.964899],[127.17228,36.964597],[127.17193,36.964033],[127.171622,36.963833],[127.171399,36.963754],[127.169602,36.964036],[127.168187,36.96431],[127.166291,36.964289],[127.165715,36.964259],[127.162484,36.96353],[127.162387,36.963448],[127.161361,36.964123],[127.161335,36.964203],[127.16124,36.964257],[127.161119,36.964326],[127.160438,36.964569],[127.160303,36.964587],[127.16029,36.964555],[127.156578,36.965175],[127.156586,36.965208],[127.156034,36.9653],[127.155708,36.965433],[127.155438,36.965598],[127.155263,36.965803],[127.155368,36.966143],[127.155137,36.966491],[127.155174,36.966509],[127.154921,36.96694],[127.154573,36.967007],[127.154718,36.967471],[127.154758,36.967464],[127.154769,36.967495]]]}},{"type":"Feature","id":"SOCHUN:41550:40800004155020180052UJC2000108003","properties":{"MNUM":"40800004155020180052UJC2000108003","admin_code":"41550","sgg_code":"41550","source_layer":"LSMD_CONT_UJ301","semantic":"sochun","stream_name":"성주천","alias_raw":"성주천 예정지","notified_on":"2018-01-30"},"geometry":{"type":"Polygon","coordinates":[[[127.167876,37.086462],[127.168445,37.086253],[127.168751,37.086178],[127.168732,37.086101],[127.167781,37.086377],[127.167125,37.086391],[127.167129,37.08646],[127.167876,37.086462]]]}},{"type":"Feature","id":"SOCHUN:41550:40800004155020240093UJC1000004000","properties":{"MNUM":"40800004155020240093UJC1000004000","admin_code":"41550","sgg_code":"41550","source_layer":"LSMD_CONT_UJ301","semantic":"sochun"},"geometry":{"type":"Polygon","coordinates":[[[127.452373,37.055503],[127.452407,37.05545],[127.452651,37.055304],[127.452767,37.055276],[127.453197,37.055068],[127.453772,37.054855],[127.45386,37.054886],[127.453896,37.054783],[127.453967,37.054755],[127.45437,37.054674],[127.454426,37.054735],[127.454474,37.054721],[127.454466,37.054661],[127.454702,37.054576],[127.454862,37.054534],[127.454891,37.054556],[127.45526,37.054453],[127.455475,37.054291],[127.455766,37.05395],[127.45605,37.053929],[127.456107,37.053947],[127.45636,37.053782],[127.456605,37.0538],[127.456778,37.053778],[127.456929,37.053704],[127.457107,37.05344],[127.457144,37.053454],[127.457173,37.053423],[127.457368,37.053378],[127.457459,37.053311],[127.457603,37.053262],[127.45768,37.053194],[127.457859,37.052988],[127.45794,37.05275],[127.458175,37.052477],[127.458147,37.052461],[127.458364,37.05225],[127.45881,37.052018],[127.459013,37.051973],[127.459175,37.051874],[127.45945,37.051786],[127.45954,37.051706],[127.45976,37.051637],[127.459721,37.051574],[127.459503,37.051669],[127.459447,37.05173],[127.459321,37.051745],[127.459001,37.051913],[127.458788,37.051962],[127.458658,37.05205],[127.458434,37.052121],[127.458173,37.052314],[127.458064,37.052445],[127.457992,37.052424],[127.457964,37.052452],[127.458004,37.052477],[127.457842,37.052632],[127.457753,37.052882],[127.457557,37.05314],[127.45749,37.053188],[127.457228,37.053232],[127.457055,37.053301],[127.456983,37.053375],[127.456911,37.053537],[127.456781,37.053632],[127.456692,37.053667],[127.456341,37.053651],[127.45612,37.053771],[127.456067,37.053733],[127.456052,37.053762],[127.455803,37.053791],[127.455673,37.053836],[127.45568,37.053803],[127.455647,37.053813],[127.455564,37.053848],[127.455276,37.054194],[127.455129,37.05428],[127.454499,37.054475],[127.453727,37.054665],[127.453124,37.054905],[127.45314,37.054939],[127.452849,37.055048],[127.452684,37.055147],[127.452487,37.055194],[127.452329,37.055334],[127.452038,37.055342],[127.452061,37.055485],[127.452231,37.055468],[127.452373,37.055503]]]}},{"type":"Feature","id":"SOCHUN:41550:40800004155020240093UJC1000001000","properties":{"MNUM":"40800004155020240093UJC1000001000","admin_code":"41550","sgg_code":"41550","source_layer":"LSMD_CONT_UJ301","semantic":"sochun"},"geometry":{"type":"Polygon","coordinates":[[[127.499536,37.060965],[127.499604,37.060743],[127.499616,37.060569],[127.499657,37.060547],[127.499606,37.060484],[127.499558,37.06015],[127.499573,37.060096],[127.49963,37.060092],[127.499609,37.059913],[127.499658,37.059874],[127.499672,37.059796],[127.499598,37.059602],[127.499453,37.059433],[127.49935,37.059482],[127.499505,37.059672],[127.499545,37.059838],[127.499491,37.059894],[127.49947,37.06005],[127.499495,37.060082],[127.499455,37.06025],[127.499464,37.060439],[127.49951,37.060509],[127.499278,37.061166],[127.49924,37.061575],[127.4992,37.061676],[127.499223,37.061833],[127.499103,37.062001],[127.499056,37.062221],[127.499102,37.062263],[127.498934,37.062454],[127.49889,37.06246],[127.498879,37.062528],[127.498919,37.06272],[127.499184,37.062892],[127.499126,37.06294],[127.499132,37.062994],[127.499194,37.063037],[127.499216,37.063249],[127.499179,37.063548],[127.499117,37.063643],[127.499141,37.063796],[127.499242,37.063885],[127.499541,37.064025],[127.499716,37.064243],[127.499993,37.064406],[127.500211,37.064461],[127.500454,37.064423],[127.50047,37.064461],[127.500652,37.064455],[127.500804,37.064556],[127.500837,37.064637],[127.500737,37.065031],[127.500771,37.06508],[127.500745,37.06511],[127.500797,37.065137],[127.500937,37.065142],[127.501167,37.064997],[127.50137,37.06493],[127.501786,37.065068],[127.501927,37.06515],[127.50207,37.065371],[127.502282,37.06557],[127.502416,37.065842],[127.502599,37.066019],[127.502485,37.066613],[127.502146,37.067044],[127.502179,37.067181],[127.502267,37.067258],[127.50221,37.06727],[127.502211,37.067297],[127.502271,37.067301],[127.502605,37.067562],[127.502848,37.067638],[127.503011,37.067784],[127.503057,37.067789],[127.503131,37.068073],[127.503198,37.068185],[127.503287,37.068257],[127.503312,37.068349],[127.503522,37.068397],[127.503932,37.068593],[127.5043,37.068896],[127.504351,37.068994],[127.504418,37.069309],[127.504529,37.069335],[127.504555,37.06937],[127.504827,37.069431],[127.505126,37.069452],[127.505261,37.069377],[127.50524,37.06934],[127.505316,37.069298],[127.505307,37.069238],[127.505206,37.069272],[127.505014,37.069272],[127.504559,37.069152],[127.504476,37.068907],[127.504385,37.068788],[127.504047,37.068494],[127.503391,37.068167],[127.503317,37.068086],[127.503254,37.067904],[127.50301,37.067574],[127.502919,37.06752],[127.50267,37.067465],[127.502249,37.067081],[127.502363,37.06686],[127.502557,37.06663],[127.502582,37.066642],[127.502642,37.066446],[127.502668,37.06645],[127.502719,37.066265],[127.502664,37.066256],[127.502734,37.065986],[127.502722,37.065931],[127.502583,37.065824],[127.502305,37.06539],[127.502314,37.065287],[127.502163,37.065072],[127.502099,37.065018],[127.502063,37.065051],[127.501469,37.064795],[127.501484,37.064823],[127.501371,37.0648],[127.501243,37.064819],[127.500882,37.065019],[127.500965,37.064618],[127.500889,37.06448],[127.500916,37.064372],[127.500866,37.064333],[127.500804,37.064331],[127.500788,37.064355],[127.500587,37.064312],[127.500269,37.064378],[127.500065,37.064338],[127.499788,37.064183],[127.499592,37.063952],[127.499547,37.063933],[127.49953,37.063964],[127.499462,37.063909],[127.499289,37.063844],[127.499224,37.06372],[127.499223,37.06364],[127.499303,37.063593],[127.499341,37.06302],[127.499377,37.062933],[127.49933,37.062802],[127.499088,37.062486],[127.499239,37.062336],[127.499269,37.062235],[127.499257,37.06205],[127.499418,37.06188],[127.499465,37.061769],[127.499683,37.061711],[127.499592,37.061549],[127.499426,37.061599],[127.49946,37.061224],[127.499536,37.060965]]]}},{"type":"Feature","id":"SOCHUN:41550:40800004155020180052UJC1000002001","properties":{"MNUM":"40800004155020180052UJC1000002001","admin_code":"41550","sgg_code":"41550","source_layer":"LSMD_CONT_UJ301","semantic":"sochun","stream_name":"원승두천","alias_raw":"원승두천 하천구역","notified_on":"2018-01-30"},"geometry":{"type":"Polygon","coordinates":[[[127.156086,36.997619],[127.156043,36.99719],[127.156067,36.997189],[127.156067,36.996895],[127.156164,36.996431],[127.156103,36.995999],[127.156269,36.99576],[127.156366,36.99551],[127.156615,36.995108],[127.157182,36.994374],[127.157423,36.99416],[127.157968,36.993793],[127.158693,36.993454],[127.158772,36.99346],[127.158972,36.993577],[127.159129,36.99362],[127.16012,36.993573],[127.16051,36.993463],[127.162111,36.992809],[127.162597,36.992483],[127.162679,36.992384],[127.162445,36.991604],[127.162497,36.991444],[127.162566,36.991387],[127.1622,36.991167],[127.162144,36.991622],[127.16235,36.992325],[127.162291,36.992446],[127.16208,36.992583],[127.161338,36.992932],[127.160162,36.993394],[127.159929,36.993424],[127.159246,36.99344],[127.159031,36.993401],[127.158792,36.993277],[127.158782,36.993323],[127.158596,36.993362],[127.158052,36.993593],[127.157192,36.994178],[127.156516,36.994992],[127.156229,36.995448],[127.155944,36.996008],[127.155904,36.996005],[127.155961,36.996317],[127.155877,36.997185],[127.155908,36.997616],[127.156086,36.997619]]]}},{"type":"Feature","id":"SOCHUN:41550:40800004155020180052UJC2000060003","properties":{"MNUM":"40800004155020180052UJC2000060003","admin_code":"41550","sgg_code":"41550","source_layer":"LSMD_CONT_UJ301","semantic":"sochun","stream_name":"보체2천","alias_raw":"보체2천 예정지","notified_on":"2018-01-30"},"geometry":{"type":"Polygon","coordinates":[[[127.247534,36.966275],[127.247688,36.966185],[127.248142,36.966094],[127.248406,36.965901],[127.248454,36.965912],[127.248499,36.965885],[127.248568,36.965824],[127.248551,36.965797],[127.248091,36.966056],[127.247612,36.966157],[127.247486,36.966225],[127.247534,36.966275]]]}},{"type":"Feature","id":"SOCHUN:41550:40800004155020180052UJC1000111001","properties":{"MNUM":"40800004155020180052UJC1000111001","admin_code":"41550","sgg_code":"41550","source_layer":"LSMD_CONT_UJ301","semantic":"sochun","stream_name":"산직천","alias_raw":"산직천 하천구역","notified_on":"2018-01-30"},"geometry":{"type":"Polygon","coordinates":[[[127.156938,37.073396],[127.157425,37.073163],[127.157741,37.073054],[127.157709,37.072963],[127.157737,37.072947],[127.158453,37.072691],[127.158668,37.072666],[127.158896,37.072567],[127.159426,37.071973],[127.159726,37.071573],[127.159817,37.071331],[127.159963,37.071192],[127.160163,37.071081],[127.160929,37.070788],[127.161163,37.070734],[127.161112,37.070407],[127.161173,37.070302],[127.16157,37.069819],[127.162099,37.069094],[127.162383,37.068876],[127.162537,37.068705],[127.162551,37.068588],[127.162399,37.068032],[127.16236,37.06803],[127.162364,37.068159],[127.16243,37.068341],[127.162469,37.068688],[127.162338,37.06882],[127.162309,37.068792],[127.162256,37.068835],[127.162206,37.068889],[127.162232,37.06892],[127.161957,37.069165],[127.161507,37.069788],[127.161137,37.070235],[127.161038,37.070403],[127.161041,37.070662],[127.160982,37.070702],[127.160856,37.070681],[127.160237,37.070947],[127.16002,37.071012],[127.159904,37.071085],[127.159676,37.071302],[127.159613,37.071449],[127.159386,37.071753],[127.158891,37.072341],[127.158604,37.072515],[127.158074,37.072685],[127.157738,37.072755],[127.157438,37.073019],[127.156949,37.073239],[127.156805,37.073347],[127.156938,37.073396]]]}},{"type":"Feature","id":"SOCHUN:41550:40800004155020180052UJC2000073004","properties":{"MNUM":"40800004155020180052UJC2000073004","admin_code":"41550","sgg_code":"41550","source_layer":"LSMD_CONT_UJ301","semantic":"sochun","stream_name":"덕앞뜰천","alias_raw":"덕앞뜰천 예정지","notified_on":"2018-01-30"},"geometry":{"type":"Polygon","coordinates":[[[127.187545,37.040262],[127.187549,37.040227],[127.187514,37.040224],[127.18751,37.040259],[127.187545,37.040262]]]}},{"type":"Feature","id":"SOCHUN:41550:40800004155020180052UJC2000066016","properties":{"MNUM":"40800004155020180052UJC2000066016","admin_code":"41550","sgg_code":"41550","source_layer":"LSMD_CONT_UJ301","semantic":"sochun","stream_name":"신기천","alias_raw":"신기천 예정지","notified_on":"2018-01-30"},"geometry":{"type":"Polygon","coordinates":[[[127.238139,37.000459],[127.238771,36.999761],[127.238705,36.99972],[127.238727,36.99975],[127.238078,37.000424],[127.238139,37.000459]]]}},{"type":"Feature","id":"SOCHUN:41550:40800004155020180052UJC1000059001","properties":{"MNUM":"40800004155020180052UJC1000059001","admin_code":"41550","sgg_code":"41550","source_layer":"LSMD_CONT_UJ301","semantic":"sochun","stream_name":"보체1천","alias_raw":"보체1천 하천구역","notified_on":"2018-01-30"},"geometry":{"type":"Polygon","coordinates":[[[127.239957,36.974342],[127.240004,36.974018],[127.239937,36.973563],[127.240016,36.972834],[127.240032,36.972321],[127.240088,36.972165],[127.240441,36.971657],[127.240453,36.971324],[127.240613,36.970397],[127.241193,36.969143],[127.241281,36.968928],[127.241242,36.968903],[127.240549,36.970378],[127.240484,36.970949],[127.240391,36.971313],[127.240393,36.971643],[127.240089,36.972066],[127.23998,36.972311],[127.239888,36.973464],[127.239885,36.973749],[127.239942,36.974097],[127.239874,36.974337],[127.239957,36.974342]]]}},{"type":"Feature","id":"SOCHUN:41550:40800004155020180052UJC2000181001","properties":{"MNUM":"40800004155020180052UJC2000181001","admin_code":"41550","sgg_code":"41550","source_layer":"LSMD_CONT_UJ301","semantic":"sochun","stream_name":"느티골천","alias_raw":"느티골천 예정지","notified_on":"2018-01-30"},"geometry":{"type":"Polygon","coordinates":[[[127.284158,37.099623],[127.284391,37.099608],[127.284532,37.099579],[127.284592,37.099534],[127.284299,37.099596],[127.283919,37.099531],[127.283906,37.099562],[127.284158,37.099623]]]}},{"type":"Feature","id":"SOCHUN:41550:40800004155020180052UJC1000150001","properties":{"MNUM":"40800004155020180052UJC1000150001","admin_code":"41550","sgg_code":"41550","source_layer":"LSMD_CONT_UJ301","semantic":"sochun","stream_name":"천계천","alias_raw":"천계천 하천구역","notified_on":"2018-01-30"},"geometry":{"type":"Polygon","coordinates":[[[127.403143,37.059476],[127.40346,37.059404],[127.403473,37.059428],[127.405106,37.059147],[127.405733,37.058913],[127.406029,37.058733],[127.40819,37.056903],[127.408151,37.056891],[127.408361,37.056529],[127.408411,37.056366],[127.408527,37.055446],[127.408499,37.055416],[127.408523,37.055317],[127.408497,37.055251],[127.40846,37.055247],[127.408674,37.054234],[127.40894,37.053919],[127.40902,37.053842],[127.409087,37.053838],[127.409144,37.053733],[127.409132,37.053684],[127.409277,37.053467],[127.40945,37.053416],[127.409615,37.053313],[127.409682,37.053203],[127.409703,37.05294],[127.40991,37.052688],[127.409902,37.052567],[127.409738,37.05223],[127.409711,37.052088],[127.409719,37.05201],[127.409907,37.051693],[127.40994,37.051467],[127.409869,37.051227],[127.409964,37.051036],[127.409983,37.050798],[127.409913,37.05063],[127.409693,37.050405],[127.409709,37.050231],[127.409906,37.049815],[127.410218,37.049713],[127.410844,37.049684],[127.410847,37.04964],[127.410174,37.049639],[127.409861,37.049806],[127.409706,37.050114],[127.409639,37.050387],[127.409899,37.050698],[127.409924,37.050883],[127.409831,37.0512],[127.409892,37.051445],[127.409854,37.051682],[127.409671,37.051997],[127.409657,37.052159],[127.40968,37.052266],[127.409858,37.052571],[127.409864,37.052656],[127.409812,37.052755],[127.409654,37.0529],[127.40965,37.053131],[127.409585,37.053278],[127.409158,37.053515],[127.408972,37.053825],[127.408709,37.054081],[127.40862,37.054231],[127.40843,37.055108],[127.408338,37.055311],[127.408295,37.055305],[127.408231,37.055431],[127.408108,37.056398],[127.408131,37.056404],[127.408005,37.056666],[127.405706,37.058634],[127.405082,37.058886],[127.403052,37.059258],[127.403087,37.059456],[127.403143,37.059476]]]}}]}