{"type":"FeatureCollection","features":[{"type":"Feature","id":"TN_RIVER_BT:WTR020000000055RJ","properties":{"NF_ID":"WTR020000000055RJ","admin_code":"47770","source_layer":"TN_RIVER_BT","semantic":"channel","river_class":"지방하천","river_class_source":"중심선 공간조인","river_name":"지경천","river_code":"2620380","survey_method":"사진측량"},"geometry":{"type":"Polygon","coordinates":[[[129.32492,36.2767],[129.32693,36.27553],[129.32808,36.27577],[129.33112,36.27587],[129.33281,36.27522],[129.33607,36.27456],[129.33724,36.27383],[129.33811,36.27403],[129.33865,36.27444],[129.33831,36.27475],[129.33837,36.27521],[129.33666,36.27614],[129.33838,36.27524],[129.33835,36.27478],[129.33877,36.27449],[129.34199,36.27445],[129.34429,36.27379],[129.34606,36.27404],[129.34855,36.27309],[129.35522,36.27323],[129.35951,36.27224],[129.36117,36.2716],[129.36387,36.27036],[129.36514,36.26931],[129.36639,36.26869],[129.36931,36.2685],[129.3718,36.26777],[129.37337,36.26783],[129.37599,36.26843],[129.37601,36.26804],[129.37523,36.26824],[129.37258,36.26759],[129.37164,36.26761],[129.36917,36.26832],[129.36583,36.26844],[129.36319,36.26945],[129.36229,36.26929],[129.36108,36.26948],[129.35951,36.26804],[129.35886,36.26687],[129.35946,36.26805],[129.36011,36.26844],[129.36098,36.26951],[129.3622,36.26933],[129.36316,36.26951],[129.36486,36.26899],[129.3639,36.26985],[129.35855,36.27228],[129.35618,36.27294],[129.35473,36.27307],[129.35228,36.27276],[129.34894,36.27289],[129.34639,36.27375],[129.34427,36.27367],[129.34124,36.27445],[129.33881,36.27441],[129.33735,36.27368],[129.33588,36.27452],[129.33262,36.27521],[129.33097,36.27578],[129.32671,36.27538],[129.32503,36.27662],[129.32452,36.27667],[129.32492,36.2767]]]}},{"type":"Feature","id":"TN_RIVER_BT:WTR020000000055SK","properties":{"NF_ID":"WTR020000000055SK","admin_code":"47770","source_layer":"TN_RIVER_BT","semantic":"channel","river_class":"지방하천","river_class_source":"중심선 공간조인","river_name":"지경천","river_code":"2620380","survey_method":"사진측량"},"geometry":{"type":"Polygon","coordinates":[[[129.31719,36.27731],[129.31751,36.27713],[129.31748,36.27612],[129.31795,36.27574],[129.32132,36.2748],[129.31861,36.27536],[129.31779,36.27579],[129.31724,36.27647],[129.31734,36.2772],[129.31608,36.27731],[129.31532,36.27697],[129.31606,36.27737],[129.31719,36.27731]]]}},{"type":"Feature","id":"TN_RIVER_BT:WTR020000000055TL","properties":{"NF_ID":"WTR020000000055TL","admin_code":"47770","source_layer":"TN_RIVER_BT","semantic":"channel","river_class":"등급미확인","survey_method":"사진측량"},"geometry":{"type":"Polygon","coordinates":[[[129.37815,36.27946],[129.37838,36.27945],[129.37822,36.27927],[129.3782,36.27944],[129.37742,36.2793],[129.37629,36.27947],[129.37815,36.27946]]]}},{"type":"Feature","id":"TN_RIVER_BT:WTR020000000055UM","properties":{"NF_ID":"WTR020000000055UM","admin_code":"47770","source_layer":"TN_RIVER_BT","semantic":"channel","river_class":"소하천","river_class_source":"중심선 공간조인","river_name":"쟁암천","survey_method":"사진측량"},"geometry":{"type":"Polygon","coordinates":[[[129.31633,36.30421],[129.31772,36.30413],[129.31907,36.30365],[129.31613,36.30419],[129.31457,36.3039],[129.31445,36.30341],[129.31455,36.30396],[129.31633,36.30421]]]}},{"type":"Feature","id":"TN_RIVER_BT:WTR020000000055VN","properties":{"NF_ID":"WTR020000000055VN","admin_code":"47770","source_layer":"TN_RIVER_BT","semantic":"channel","river_class":"소하천","river_class_source":"중심선 공간조인","river_name":"봉전천","survey_method":"사진측량"},"geometry":{"type":"Polygon","coordinates":[[[129.31522,36.30856],[129.31639,36.3084],[129.31656,36.3077],[129.31759,36.3077],[129.31813,36.30721],[129.31932,36.30674],[129.31985,36.30696],[129.32048,36.30669],[129.32106,36.30684],[129.32082,36.30731],[129.32028,36.30763],[129.32083,36.30736],[129.32116,36.30683],[129.32296,36.30661],[129.32454,36.30496],[129.32571,36.30519],[129.32643,36.30488],[129.328,36.30294],[129.32995,36.30172],[129.33109,36.29974],[129.33201,36.29911],[129.33274,36.29819],[129.3332,36.29801],[129.33273,36.298],[129.33192,36.29909],[129.33052,36.30014],[129.33045,36.30092],[129.32987,36.3017],[129.32804,36.30281],[129.32634,36.30488],[129.32576,36.30514],[129.32498,36.30502],[129.32436,36.30438],[129.32354,36.3041],[129.32298,36.30356],[129.32219,36.30338],[129.32191,36.30304],[129.32106,36.30311],[129.32036,36.3028],[129.32107,36.30315],[129.32201,36.30317],[129.32213,36.30341],[129.32313,36.30369],[129.32354,36.30415],[129.3244,36.30446],[129.3246,36.3049],[129.32379,36.30586],[129.32296,36.30658],[129.32163,36.3068],[129.32047,36.30662],[129.31998,36.30692],[129.31912,36.30671],[129.31755,36.30763],[129.31649,36.30767],[129.31628,36.30838],[129.31522,36.30856]]]}},{"type":"Feature","id":"TN_RIVER_BT:WTR020000000055WO","properties":{"NF_ID":"WTR020000000055WO","admin_code":"47770","source_layer":"TN_RIVER_BT","semantic":"channel","river_class":"지방하천","river_class_source":"중심선 공간조인","river_name":"장사천","river_code":"2620370","survey_method":"사진측량"},"geometry":{"type":"Polygon","coordinates":[[[129.35224,36.30793],[129.35329,36.30775],[129.35375,36.30738],[129.35354,36.3047],[129.35385,36.30417],[129.35698,36.30211],[129.35972,36.30315],[129.36071,36.30309],[129.36175,36.3024],[129.36394,36.29963],[129.36462,36.29911],[129.36584,36.29697],[129.36542,36.2948],[129.36544,36.29333],[129.36581,36.29175],[129.36642,36.29099],[129.36844,36.29023],[129.36943,36.29021],[129.37166,36.29105],[129.37326,36.29076],[129.37469,36.29022],[129.37446,36.2899],[129.37349,36.29026],[129.37128,36.28811],[129.36881,36.28709],[129.36625,36.28712],[129.36502,36.28608],[129.3629,36.28521],[129.362,36.28514],[129.3611,36.28559],[129.35908,36.28544],[129.35848,36.28563],[129.3568,36.28523],[129.35639,36.28503],[129.35638,36.28403],[129.35557,36.28366],[129.35521,36.28302],[129.35462,36.28267],[129.35389,36.28269],[129.35235,36.28336],[129.35071,36.28304],[129.34975,36.28372],[129.34856,36.2834],[129.34833,36.28286],[129.34863,36.28189],[129.34755,36.28197],[129.34744,36.28044],[129.34647,36.27986],[129.34645,36.2802],[129.34699,36.28025],[129.34636,36.28031],[129.34737,36.28045],[129.34746,36.28196],[129.34859,36.28191],[129.34829,36.28287],[129.34847,36.2834],[129.34985,36.28374],[129.35069,36.28306],[129.35228,36.28338],[129.35393,36.28269],[129.35469,36.2827],[129.35517,36.28301],[129.35544,36.2836],[129.35616,36.28404],[129.35633,36.28504],[129.35674,36.28526],[129.35859,36.28571],[129.35911,36.28553],[129.36105,36.2857],[129.36208,36.28523],[129.36288,36.28531],[129.36495,36.28616],[129.3662,36.28719],[129.36874,36.28716],[129.37125,36.28823],[129.37351,36.2904],[129.37185,36.29096],[129.3701,36.29001],[129.36938,36.28985],[129.36779,36.29013],[129.3659,36.29115],[129.36546,36.29167],[129.36519,36.29342],[129.3654,36.29718],[129.36162,36.3023],[129.36032,36.30295],[129.35894,36.30264],[129.35836,36.30162],[129.3566,36.30096],[129.35454,36.30119],[129.3532,36.29953],[129.35211,36.2987],[129.35143,36.29891],[129.3505,36.29963],[129.35,36.29971],[129.3481,36.29707],[129.34723,36.295],[129.34682,36.2948],[129.34465,36.29459],[129.34404,36.29472],[129.34154,36.29698],[129.33939,36.29691],[129.33745,36.29769],[129.33667,36.29746],[129.3358,36.29755],[129.33578,36.29772],[129.33657,36.29756],[129.33755,36.29776],[129.3393,36.29697],[129.34166,36.29701],[129.344,36.29489],[129.34439,36.29474],[129.34675,36.29486],[129.34713,36.29506],[129.34751,36.29646],[129.34903,36.2984],[129.34931,36.29925],[129.3472,36.29966],[129.3493,36.29928],[129.34967,36.29968],[129.35028,36.29977],[129.35141,36.29916],[129.35216,36.29902],[129.35288,36.29952],[129.35415,36.3013],[129.35656,36.30106],[129.35821,36.30163],[129.35858,36.30248],[129.35751,36.30207],[129.35677,36.30206],[129.35462,36.30366],[129.35301,36.30443],[129.35369,36.30674],[129.35359,36.3073],[129.35327,36.30758],[129.35263,36.30767],[129.35105,36.30709],[129.34873,36.30689],[129.34757,36.30706],[129.3475,36.30881],[129.34766,36.30733],[129.34799,36.30711],[129.35075,36.30731],[129.35215,36.30782],[129.35126,36.3088],[129.35144,36.30944],[129.35131,36.3088],[129.35224,36.30793]]]}},{"type":"Feature","id":"TN_RIVER_BT:WTR020000000055XP","properties":{"NF_ID":"WTR020000000055XP","admin_code":"47770","source_layer":"TN_RIVER_BT","semantic":"channel","river_class":"소하천","river_class_source":"중심선 공간조인","survey_method":"사진측량"},"geometry":{"type":"Polygon","coordinates":[[[129.35222,36.31144],[129.35235,36.3122],[129.35161,36.31281],[129.35078,36.31421],[129.35165,36.3128],[129.3524,36.31219],[129.35222,36.31144]]]}},{"type":"Feature","id":"TN_RIVER_BT:WTR020000000055YQ","properties":{"NF_ID":"WTR020000000055YQ","admin_code":"47770","source_layer":"TN_RIVER_BT","semantic":"channel","river_class":"소하천","river_class_source":"중심선 공간조인","river_name":"구계천","survey_method":"사진측량"},"geometry":{"type":"Polygon","coordinates":[[[129.37682,36.32121],[129.37772,36.32057],[129.37955,36.32006],[129.37792,36.32045],[129.37696,36.32113],[129.37628,36.3212],[129.375,36.32063],[129.37362,36.32075],[129.3725,36.31989],[129.37127,36.31952],[129.37254,36.31996],[129.37359,36.32078],[129.37496,36.32064],[129.37596,36.32114],[129.37682,36.32121]]]}},{"type":"Feature","id":"TN_RIVER_BT:WTR020000000055ZR","properties":{"NF_ID":"WTR020000000055ZR","admin_code":"47770","source_layer":"TN_RIVER_BT","semantic":"channel","river_class":"지방하천","river_class_source":"중심선 공간조인","river_name":"장사천","river_code":"2620370","survey_method":"사진측량"},"geometry":{"type":"Polygon","coordinates":[[[129.3075,36.33128],[129.30808,36.33129],[129.30805,36.33085],[129.30866,36.33055],[129.30872,36.33015],[129.30977,36.33002],[129.31055,36.32928],[129.31128,36.329],[129.31292,36.32946],[129.31715,36.32795],[129.31919,36.328],[129.32274,36.32348],[129.3233,36.3233],[129.32439,36.3235],[129.32557,36.32318],[129.32623,36.32272],[129.32625,36.32207],[129.32687,36.32156],[129.32928,36.32268],[129.32979,36.3234],[129.33027,36.32534],[129.33066,36.3256],[129.33115,36.3256],[129.33314,36.3248],[129.33341,36.32479],[129.33326,36.32501],[129.33426,36.32461],[129.33655,36.32338],[129.33941,36.32099],[129.34283,36.32017],[129.34362,36.31947],[129.34389,36.31883],[129.3428,36.32008],[129.33958,36.32078],[129.33662,36.32324],[129.33439,36.32446],[129.33102,36.32547],[129.33055,36.32537],[129.33027,36.325],[129.32994,36.32346],[129.32938,36.32267],[129.32787,36.32208],[129.32734,36.32152],[129.32691,36.32142],[129.32622,36.32189],[129.32617,36.32273],[129.32536,36.32324],[129.32423,36.32346],[129.32315,36.32328],[129.32273,36.32345],[129.31926,36.32787],[129.3175,36.32772],[129.31297,36.32939],[129.31137,36.32897],[129.31055,36.32925],[129.30979,36.32982],[129.30943,36.3295],[129.30895,36.32965],[129.30841,36.32916],[129.30789,36.32949],[129.30708,36.32913],[129.3063,36.3286],[129.30553,36.32762],[129.30429,36.32769],[129.30335,36.3274],[129.30275,36.32775],[129.30194,36.32781],[129.30274,36.32779],[129.30333,36.32742],[129.30423,36.32772],[129.30551,36.32765],[129.30626,36.32861],[129.30778,36.32953],[129.30837,36.32922],[129.30895,36.32969],[129.30946,36.3296],[129.30974,36.32996],[129.3087,36.33012],[129.30863,36.3305],[129.30807,36.33076],[129.30796,36.33122],[129.30727,36.33135],[129.30714,36.33189],[129.30722,36.33144],[129.3075,36.33128]]]}},{"type":"Feature","id":"TN_RIVER_BT:WTR0200000000560T","properties":{"NF_ID":"WTR0200000000560T","admin_code":"47770","source_layer":"TN_RIVER_BT","semantic":"channel","river_class":"등급미확인","survey_method":"사진측량"},"geometry":{"type":"Polygon","coordinates":[[[129.30897,36.33996],[129.30891,36.33996],[129.30892,36.34005],[129.30899,36.3402],[129.30899,36.34018],[129.30903,36.34016],[129.30905,36.34015],[129.30907,36.34014],[129.30909,36.34014],[129.30898,36.34],[129.30897,36.33996]]]}},{"type":"Feature","id":"TN_RIVER_BT:WTR0200000000561U","properties":{"NF_ID":"WTR0200000000561U","admin_code":"47770","source_layer":"TN_RIVER_BT","semantic":"channel","river_class":"등급미확인","survey_method":"사진측량"},"geometry":{"type":"Polygon","coordinates":[[[129.38168,36.34114],[129.38175,36.34111],[129.38206,36.34111],[129.38215,36.34111],[129.38214,36.34103],[129.3821,36.34105],[129.38206,36.34106],[129.38173,36.34108],[129.38168,36.3411],[129.38164,36.34111],[129.38162,36.34112],[129.38155,36.34115],[129.38151,36.34116],[129.38149,36.34117],[129.38146,36.34118],[129.38145,36.34119],[129.38144,36.34119],[129.38145,36.34121],[129.38154,36.34119],[129.38157,36.34118],[129.3816,36.34116],[129.38168,36.34114]]]}},{"type":"Feature","id":"TN_RIVER_BT:WTR0200000000562V","properties":{"NF_ID":"WTR0200000000562V","admin_code":"47770","source_layer":"TN_RIVER_BT","semantic":"channel","river_class":"소하천","river_class_source":"중심선 공간조인","river_name":"우곡천","survey_method":"사진측량"},"geometry":{"type":"Polygon","coordinates":[[[129.32821,36.34243],[129.32819,36.34243],[129.32816,36.34243],[129.32815,36.34243],[129.32813,36.34244],[129.32812,36.34244],[129.32811,36.34245],[129.3281,36.34245],[129.3281,36.34246],[129.3281,36.34246],[129.32811,36.34247],[129.32816,36.34248],[129.32845,36.34254],[129.32855,36.34256],[129.32876,36.3426],[129.32902,36.34262],[129.32904,36.34262],[129.32906,36.34262],[129.32909,36.34263],[129.32914,36.34268],[129.32916,36.34271],[129.32918,36.34273],[129.32924,36.34268],[129.32921,36.34266],[129.32919,36.34264],[129.32913,36.3426],[129.32906,36.34258],[129.32901,36.34257],[129.32896,36.34257],[129.3289,36.34256],[129.32886,36.34256],[129.32881,36.34255],[129.32874,36.34254],[129.32857,36.34249],[129.32825,36.34243],[129.32821,36.34243]]]}},{"type":"Feature","id":"TN_RIVER_BT:WTR0200000000563W","properties":{"NF_ID":"WTR0200000000563W","admin_code":"47770","source_layer":"TN_RIVER_BT","semantic":"channel","river_class":"등급미확인","survey_method":"사진측량"},"geometry":{"type":"Polygon","coordinates":[[[129.33774,36.34763],[129.33774,36.34762],[129.33774,36.3476],[129.33773,36.3476],[129.3377,36.3476],[129.33767,36.3476],[129.33761,36.3476],[129.33759,36.34759],[129.33757,36.34759],[129.33756,36.34759],[129.33755,36.34758],[129.33752,36.34757],[129.33751,36.34756],[129.3375,36.34754],[129.33749,36.3475],[129.33749,36.34747],[129.33749,36.34745],[129.33749,36.34743],[129.33749,36.34742],[129.33749,36.34741],[129.33749,36.3474],[129.33749,36.34739],[129.33749,36.34738],[129.33748,36.34738],[129.33744,36.34738],[129.33743,36.34737],[129.33741,36.34737],[129.33741,36.34737],[129.33742,36.34739],[129.33742,36.3474],[129.33742,36.34741],[129.33743,36.34743],[129.33743,36.34745],[129.33744,36.34749],[129.33745,36.34753],[129.33747,36.34757],[129.33748,36.34758],[129.33749,36.34759],[129.3375,36.3476],[129.33751,36.3476],[129.33753,36.34761],[129.33755,36.34762],[129.33757,36.34762],[129.33759,36.34763],[129.33761,36.34763],[129.33762,36.34763],[129.33764,36.34763],[129.33765,36.34763],[129.33768,36.34763],[129.33771,36.34763],[129.33773,36.34763],[129.33774,36.34763]]]}},{"type":"Feature","id":"TN_RIVER_BT:WTR0200000000564X","properties":{"NF_ID":"WTR0200000000564X","admin_code":"47770","source_layer":"TN_RIVER_BT","semantic":"channel","river_class":"등급미확인","survey_method":"사진측량"},"geometry":{"type":"Polygon","coordinates":[[[129.37402,36.3504],[129.37462,36.3502],[129.37495,36.35037],[129.37463,36.35019],[129.37381,36.3504],[129.37283,36.35036],[129.37264,36.35011],[129.37184,36.35016],[129.37402,36.3504]]]}},{"type":"Feature","id":"TN_RIVER_BT:WTR0200000000565Y","properties":{"NF_ID":"WTR0200000000565Y","admin_code":"47770","source_layer":"TN_RIVER_BT","semantic":"channel","river_class":"소하천","river_class_source":"중심선 공간조인","river_name":"우곡천","survey_method":"사진측량"},"geometry":{"type":"Polygon","coordinates":[[[129.35668,36.35394],[129.35721,36.35353],[129.35764,36.35131],[129.358,36.35069],[129.36089,36.34989],[129.36177,36.34914],[129.3617,36.34743],[129.3612,36.34627],[129.36101,36.34497],[129.361,36.3438],[129.36135,36.34292],[129.36236,36.34236],[129.36428,36.34248],[129.36551,36.34221],[129.36594,36.34145],[129.36588,36.33954],[129.3662,36.33886],[129.36672,36.33852],[129.36852,36.33808],[129.36888,36.3368],[129.37282,36.3353],[129.37262,36.33385],[129.37304,36.33295],[129.3751,36.33234],[129.37646,36.33284],[129.37799,36.33286],[129.37941,36.33243],[129.3794,36.33222],[129.37763,36.33272],[129.37618,36.33266],[129.37506,36.3323],[129.37306,36.33276],[129.37252,36.33345],[129.37227,36.33498],[129.37026,36.33613],[129.36889,36.33638],[129.36862,36.33618],[129.36861,36.33575],[129.36756,36.33519],[129.36851,36.33457],[129.36787,36.33344],[129.36707,36.33315],[129.3677,36.33276],[129.3675,36.33231],[129.36541,36.33184],[129.36454,36.33199],[129.36418,36.33148],[129.3648,36.33035],[129.3639,36.33004],[129.3629,36.32919],[129.36084,36.33057],[129.35843,36.33117],[129.35741,36.33197],[129.35545,36.33259],[129.35322,36.33515],[129.35107,36.33581],[129.35071,36.33702],[129.35028,36.33707],[129.34963,36.33664],[129.34855,36.33719],[129.3475,36.33686],[129.34581,36.33806],[129.346,36.33874],[129.34487,36.33873],[129.34418,36.33971],[129.34322,36.3395],[129.34249,36.33981],[129.34133,36.3397],[129.3387,36.34184],[129.33565,36.34165],[129.33458,36.34199],[129.33315,36.34198],[129.3327,36.34301],[129.33296,36.3429],[129.33335,36.3419],[129.33458,36.34202],[129.33563,36.34167],[129.33872,36.34188],[129.34132,36.33976],[129.34258,36.33984],[129.34322,36.33955],[129.34422,36.33973],[129.34486,36.3388],[129.34601,36.33878],[129.34582,36.33811],[129.34746,36.3369],[129.34856,36.33723],[129.34965,36.33667],[129.35029,36.33712],[129.35071,36.33704],[129.35113,36.33582],[129.35319,36.33521],[129.35544,36.33268],[129.35735,36.33207],[129.35845,36.33123],[129.36068,36.3307],[129.36304,36.32927],[129.36395,36.33019],[129.36455,36.3302],[129.36477,36.3304],[129.3641,36.33147],[129.36448,36.33204],[129.36577,36.33192],[129.36748,36.3324],[129.36753,36.33272],[129.367,36.33322],[129.36779,36.33354],[129.36846,36.33454],[129.36739,36.33519],[129.3686,36.33582],[129.36836,36.33771],[129.3685,36.33761],[129.36856,36.33785],[129.36651,36.33843],[129.36579,36.33892],[129.36556,36.33954],[129.36566,36.34137],[129.36513,36.34211],[129.36289,36.34214],[129.36095,36.34299],[129.36069,36.34425],[129.36155,36.34763],[129.36159,36.3492],[129.36086,36.34978],[129.35782,36.35061],[129.35748,36.3512],[129.35719,36.3531],[129.35692,36.35368],[129.35638,36.35404],[129.35668,36.35394]]]}},{"type":"Feature","id":"TN_RIVER_BT:WTR0200000000566Z","properties":{"NF_ID":"WTR0200000000566Z","admin_code":"47770","source_layer":"TN_RIVER_BT","semantic":"channel","river_class":"등급미확인","survey_method":"사진측량"},"geometry":{"type":"Polygon","coordinates":[[[129.37347,36.3622],[129.37348,36.36219],[129.37349,36.3622],[129.37351,36.3622],[129.37357,36.3622],[129.37359,36.3622],[129.37361,36.3622],[129.37362,36.3622],[129.37363,36.3622],[129.37369,36.36213],[129.37369,36.36213],[129.3737,36.36212],[129.37371,36.36212],[129.37372,36.36212],[129.37382,36.36211],[129.37387,36.3621],[129.37396,36.36208],[129.37399,36.36207],[129.374,36.36207],[129.37402,36.36207],[129.37404,36.36207],[129.37405,36.36208],[129.37408,36.36209],[129.3741,36.36209],[129.37412,36.36209],[129.37414,36.36209],[129.37416,36.36209],[129.37417,36.36209],[129.37421,36.36209],[129.37421,36.36207],[129.37415,36.36208],[129.37411,36.36208],[129.37409,36.36207],[129.37407,36.36207],[129.37404,36.36206],[129.37402,36.36205],[129.37401,36.36205],[129.374,36.36205],[129.37399,36.36205],[129.37389,36.36208],[129.37381,36.36209],[129.37374,36.3621],[129.3737,36.36211],[129.37369,36.36211],[129.37369,36.36211],[129.37368,36.36212],[129.37362,36.36218],[129.37361,36.36219],[129.3736,36.36219],[129.3736,36.36219],[129.37359,36.36219],[129.37349,36.36218],[129.37348,36.36218],[129.37346,36.36218],[129.37345,36.36219],[129.37339,36.36223],[129.37335,36.36226],[129.37331,36.36227],[129.37327,36.36228],[129.37323,36.36229],[129.37317,36.36231],[129.37318,36.36232],[129.37318,36.36232],[129.37324,36.3623],[129.37329,36.36229],[129.37333,36.36228],[129.37336,36.36227],[129.37338,36.36226],[129.37342,36.36223],[129.37345,36.3622],[129.37346,36.3622],[129.37347,36.3622]]]}},{"type":"Feature","id":"TN_RIVER_BT:WTR02000000005670","properties":{"NF_ID":"WTR02000000005670","admin_code":"47770","source_layer":"TN_RIVER_BT","semantic":"channel","river_class":"소하천","river_class_source":"중심선 공간조인","survey_method":"사진측량"},"geometry":{"type":"Polygon","coordinates":[[[129.38509,36.36405],[129.38507,36.36404],[129.38504,36.36407],[129.385,36.36411],[129.38494,36.36416],[129.38492,36.36419],[129.38492,36.36419],[129.38492,36.3642],[129.38493,36.3642],[129.38493,36.36419],[129.38494,36.36419],[129.385,36.36413],[129.38501,36.36412],[129.38509,36.36405]]]}},{"type":"Feature","id":"TN_RIVER_BT:WTR02000000005681","properties":{"NF_ID":"WTR02000000005681","admin_code":"47770","source_layer":"TN_RIVER_BT","semantic":"channel","river_class":"소하천","river_class_source":"중심선 공간조인","river_name":"남정천","survey_method":"사진측량"},"geometry":{"type":"Polygon","coordinates":[[[129.34085,36.36045],[129.34244,36.35958],[129.34348,36.35693],[129.34623,36.35389],[129.3475,36.35414],[129.34922,36.35403],[129.35101,36.35506],[129.3522,36.35532],[129.35225,36.35512],[129.35108,36.35493],[129.34929,36.35394],[129.34748,36.35408],[129.34559,36.3536],[129.34466,36.35187],[129.34394,36.3515],[129.34114,36.35168],[129.33922,36.35216],[129.33858,36.35272],[129.33778,36.35293],[129.33774,36.35372],[129.33606,36.35424],[129.33679,36.35418],[129.33782,36.35371],[129.33781,36.35293],[129.33861,36.35274],[129.33926,36.35217],[129.34107,36.35173],[129.34374,36.35152],[129.34462,36.3519],[129.34534,36.35354],[129.34619,36.35386],[129.34344,36.3569],[129.34241,36.35955],[129.34075,36.36047],[129.34102,36.36139],[129.34102,36.36295],[129.33895,36.36517],[129.34105,36.36297],[129.34085,36.36045]]]}},{"type":"Feature","id":"TN_RIVER_BT:WTR02000000005692","properties":{"NF_ID":"WTR02000000005692","admin_code":"47770","source_layer":"TN_RIVER_BT","semantic":"channel","river_class":"등급미확인","survey_method":"사진측량"},"geometry":{"type":"Polygon","coordinates":[[[129.37224,36.36483],[129.37328,36.36412],[129.37495,36.36415],[129.37326,36.36411],[129.37241,36.36476],[129.37142,36.36502],[129.37224,36.36483]]]}},{"type":"Feature","id":"TN_RIVER_BT:WTR020000000056A3","properties":{"NF_ID":"WTR020000000056A3","admin_code":"47770","source_layer":"TN_RIVER_BT","semantic":"channel","river_class":"등급미확인","survey_method":"사진측량"},"geometry":{"type":"Polygon","coordinates":[[[129.39323,36.36683],[129.3931,36.36676],[129.39309,36.36677],[129.39322,36.36684],[129.39327,36.36686],[129.39332,36.36687],[129.39335,36.36688],[129.39338,36.36688],[129.39352,36.36688],[129.39372,36.36689],[129.39379,36.36689],[129.39387,36.3669],[129.39401,36.36691],[129.39424,36.36693],[129.39424,36.36693],[129.39412,36.36691],[129.39401,36.3669],[129.39388,36.36689],[129.39371,36.36688],[129.39351,36.36687],[129.39341,36.36687],[129.39335,36.36686],[129.39335,36.36686],[129.39334,36.36686],[129.39331,36.36686],[129.39328,36.36685],[129.39323,36.36683]]]}},{"type":"Feature","id":"TN_RIVER_BT:WTR020000000056B4","properties":{"NF_ID":"WTR020000000056B4","admin_code":"47770","source_layer":"TN_RIVER_BT","semantic":"channel","river_class":"등급미확인","survey_method":"사진측량"},"geometry":{"type":"Polygon","coordinates":[[[129.39342,36.36733],[129.39346,36.36733],[129.39349,36.36733],[129.39356,36.36733],[129.39369,36.36734],[129.39381,36.36734],[129.39387,36.36734],[129.39393,36.36734],[129.39403,36.36734],[129.39402,36.36732],[129.39397,36.36732],[129.39392,36.36732],[129.39385,36.36732],[129.39378,36.36732],[129.39371,36.36732],[129.39365,36.36732],[129.39361,36.36732],[129.39357,36.36732],[129.39352,36.36732],[129.39347,36.36732],[129.39342,36.36732],[129.39339,36.36732],[129.39336,36.36733],[129.39332,36.36733],[129.39327,36.36735],[129.39324,36.36736],[129.39321,36.36737],[129.39315,36.36741],[129.39311,36.36743],[129.3931,36.36744],[129.39311,36.36745],[129.39314,36.36743],[129.39318,36.36741],[129.39322,36.36738],[129.39326,36.36737],[129.3933,36.36735],[129.39334,36.36734],[129.39338,36.36734],[129.39342,36.36733]]]}},{"type":"Feature","id":"TN_RIVER_BT:WTR020000000056C5","properties":{"NF_ID":"WTR020000000056C5","admin_code":"47770","source_layer":"TN_RIVER_BT","semantic":"channel","river_class":"등급미확인","survey_method":"사진측량"},"geometry":{"type":"Polygon","coordinates":[[[129.33098,36.36835],[129.33095,36.36835],[129.33092,36.36835],[129.3309,36.36835],[129.33088,36.36835],[129.33085,36.36835],[129.33083,36.36835],[129.33082,36.36834],[129.3308,36.36833],[129.33079,36.36832],[129.33078,36.36831],[129.33074,36.36827],[129.33074,36.36827],[129.33071,36.36825],[129.33069,36.36823],[129.33071,36.36829],[129.33072,36.3683],[129.33074,36.36833],[129.33075,36.36834],[129.33077,36.36835],[129.33081,36.36837],[129.33099,36.36844],[129.33101,36.36845],[129.33104,36.36846],[129.33105,36.36847],[129.33106,36.36848],[129.33107,36.36849],[129.33108,36.3685],[129.3311,36.36853],[129.33111,36.36855],[129.33111,36.36856],[129.33112,36.36859],[129.33113,36.36858],[129.33115,36.36858],[129.33119,36.36857],[129.33123,36.36856],[129.33126,36.36855],[129.33122,36.3685],[129.33121,36.36849],[129.3312,36.36847],[129.33117,36.36844],[129.33114,36.36842],[129.331,36.36836],[129.33098,36.36835]]]}},{"type":"Feature","id":"TN_RIVER_BT:WTR020000000056D6","properties":{"NF_ID":"WTR020000000056D6","admin_code":"47770","source_layer":"TN_RIVER_BT","semantic":"channel","river_class":"등급미확인","survey_method":"사진측량"},"geometry":{"type":"Polygon","coordinates":[[[129.33212,36.36869],[129.3322,36.36863],[129.33222,36.36859],[129.33224,36.36856],[129.33228,36.36849],[129.33232,36.36844],[129.3323,36.36842],[129.33228,36.36843],[129.33222,36.36853],[129.33219,36.36859],[129.33209,36.36866],[129.33205,36.36866],[129.33199,36.36866],[129.33199,36.36867],[129.33199,36.36871],[129.33198,36.36873],[129.33201,36.36875],[129.33202,36.36876],[129.33202,36.36876],[129.33204,36.36876],[129.33205,36.36875],[129.33212,36.36869]]]}},{"type":"Feature","id":"TN_RIVER_BT:WTR020000000056E7","properties":{"NF_ID":"WTR020000000056E7","admin_code":"47770","source_layer":"TN_RIVER_BT","semantic":"channel","river_class":"등급미확인","survey_method":"사진측량"},"geometry":{"type":"Polygon","coordinates":[[[129.32985,36.36952],[129.33088,36.36876],[129.3298,36.3695],[129.32944,36.36946],[129.32985,36.36952]]]}},{"type":"Feature","id":"TN_RIVER_BT:WTR020000000056F8","properties":{"NF_ID":"WTR020000000056F8","admin_code":"47770","source_layer":"TN_RIVER_BT","semantic":"channel","river_class":"소하천","river_class_source":"중심선 공간조인","survey_method":"사진측량"},"geometry":{"type":"Polygon","coordinates":[[[129.25113,36.373],[129.25,36.37136],[129.25096,36.37298],[129.25,36.37355],[129.25102,36.373],[129.2518,36.37367],[129.25113,36.373]]]}},{"type":"Feature","id":"TN_RIVER_BT:WTR020000000056G9","properties":{"NF_ID":"WTR020000000056G9","admin_code":"47770","source_layer":"TN_RIVER_BT","semantic":"channel","river_class":"지방하천","river_class_source":"중심선 공간조인","river_name":"소서천","river_code":"2320050","survey_method":"사진측량"},"geometry":{"type":"Polygon","coordinates":[[[129.25296,36.37494],[129.25291,36.37494],[129.25289,36.37495],[129.25289,36.37496],[129.25293,36.37498],[129.25311,36.37513],[129.25315,36.37517],[129.25317,36.37518],[129.25319,36.37517],[129.25318,36.37515],[129.25318,36.37514],[129.25322,36.37513],[129.25327,36.37513],[129.25327,36.37512],[129.25326,36.3751],[129.25323,36.37508],[129.25319,36.37508],[129.25315,36.37506],[129.25307,36.37502],[129.25296,36.37494]]]}},{"type":"Feature","id":"TN_RIVER_BT:WTR020000000056HA","properties":{"NF_ID":"WTR020000000056HA","admin_code":"47770","source_layer":"TN_RIVER_BT","semantic":"channel","river_class":"지방하천","river_class_source":"중심선 공간조인","river_name":"소서천","river_code":"2320050","survey_method":"사진측량"},"geometry":{"type":"Polygon","coordinates":[[[129.25349,36.37525],[129.25349,36.37524],[129.25347,36.37525],[129.25343,36.3753],[129.2534,36.37534],[129.25341,36.37535],[129.25344,36.37537],[129.25347,36.3754],[129.25349,36.37541],[129.2535,36.37541],[129.2535,36.37539],[129.25349,36.37535],[129.25349,36.37529],[129.25349,36.37527],[129.25349,36.37525]]]}},{"type":"Feature","id":"TN_RIVER_BT:WTR020000000056IB","properties":{"NF_ID":"WTR020000000056IB","admin_code":"47770","source_layer":"TN_RIVER_BT","semantic":"channel","river_class":"등급미확인","survey_method":"사진측량"},"geometry":{"type":"Polygon","coordinates":[[[129.38478,36.37439],[129.38475,36.37439],[129.38468,36.37476],[129.38463,36.37502],[129.38467,36.37503],[129.38478,36.37439]]]}},{"type":"Feature","id":"TN_RIVER_BT:WTR020000000056JC","properties":{"NF_ID":"WTR020000000056JC","admin_code":"47770","source_layer":"TN_RIVER_BT","semantic":"channel","river_class":"소하천","river_class_source":"중심선 공간조인","river_name":"천련곡천","survey_method":"사진측량"},"geometry":{"type":"Polygon","coordinates":[[[129.25107,36.37656],[129.25269,36.37483],[129.25106,36.37652],[129.25,36.37649],[129.25107,36.37656]]]}},{"type":"Feature","id":"TN_RIVER_BT:WTR020000000056KD","properties":{"NF_ID":"WTR020000000056KD","admin_code":"47770","source_layer":"TN_RIVER_BT","semantic":"channel","river_class":"등급미확인","survey_method":"사진측량"},"geometry":{"type":"Polygon","coordinates":[[[129.33508,36.37887],[129.33731,36.37739],[129.33482,36.37886],[129.33361,36.37795],[129.3318,36.37776],[129.33127,36.3773],[129.33154,36.37797],[129.33171,36.37779],[129.3335,36.37796],[129.33442,36.37878],[129.33508,36.37887]]]}},{"type":"Feature","id":"TN_RIVER_BT:WTR020000000056LE","properties":{"NF_ID":"WTR020000000056LE","admin_code":"47770","source_layer":"TN_RIVER_BT","semantic":"channel","river_class":"등급미확인","survey_method":"사진측량"},"geometry":{"type":"Polygon","coordinates":[[[129.3773,36.37495],[129.37629,36.37659],[129.37534,36.37909],[129.37613,36.37697],[129.3773,36.37495]]]}},{"type":"Feature","id":"TN_RIVER_BT:WTR020000000056MF","properties":{"NF_ID":"WTR020000000056MF","admin_code":"47770","source_layer":"TN_RIVER_BT","semantic":"channel","river_class":"소하천","river_class_source":"중심선 공간조인","survey_method":"사진측량"},"geometry":{"type":"Polygon","coordinates":[[[129.34673,36.37924],[129.34875,36.37906],[129.35018,36.37951],[129.3488,36.37903],[129.3476,36.3791],[129.34544,36.3796],[129.34472,36.38],[129.34673,36.37924]]]}},{"type":"Feature","id":"TN_RIVER_BT:WTR020000000056NG","properties":{"NF_ID":"WTR020000000056NG","admin_code":"47770","source_layer":"TN_RIVER_BT","semantic":"channel","river_class":"지방하천","river_class_source":"중심선 공간조인","river_name":"용천","river_code":"5020030","survey_method":"사진측량"},"geometry":{"type":"Polygon","coordinates":[[[129.2883,36.38978],[129.28915,36.38991],[129.28978,36.38953],[129.29221,36.38882],[129.29333,36.38778],[129.29427,36.38846],[129.29607,36.38787],[129.29721,36.38776],[129.29943,36.38819],[129.30085,36.38821],[129.30264,36.38748],[129.30406,36.38733],[129.30263,36.38745],[129.30077,36.38818],[129.29673,36.38774],[129.29423,36.38838],[129.29368,36.38779],[129.29329,36.38776],[129.29215,36.38879],[129.29044,36.38924],[129.28918,36.38988],[129.28807,36.3898],[129.28786,36.39018],[129.28722,36.3904],[129.28784,36.39022],[129.2883,36.38978]]]}},{"type":"Feature","id":"TN_RIVER_BT:WTR020000000056OH","properties":{"NF_ID":"WTR020000000056OH","admin_code":"47770","source_layer":"TN_RIVER_BT","semantic":"channel","river_class":"소하천","river_class_source":"중심선 공간조인","survey_method":"사진측량"},"geometry":{"type":"Polygon","coordinates":[[[129.35705,36.39769],[129.35796,36.39713],[129.35813,36.39651],[129.35903,36.39564],[129.36078,36.39529],[129.36211,36.39461],[129.36078,36.39526],[129.35898,36.39565],[129.3581,36.39651],[129.35793,36.39714],[129.35705,36.39769]]]}},{"type":"Feature","id":"TN_RIVER_BT:WTR020000000056PI","properties":{"NF_ID":"WTR020000000056PI","admin_code":"47770","source_layer":"TN_RIVER_BT","semantic":"channel","river_class":"등급미확인","survey_method":"사진측량"},"geometry":{"type":"Polygon","coordinates":[[[129.31106,36.39406],[129.31023,36.39323],[129.31112,36.39431],[129.31148,36.39593],[129.31043,36.39747],[129.30892,36.39893],[129.31046,36.39748],[129.31148,36.39601],[129.31155,36.39543],[129.31106,36.39406]]]}},{"type":"Feature","id":"TN_RIVER_BT:WTR020000000056QJ","properties":{"NF_ID":"WTR020000000056QJ","admin_code":"47770","source_layer":"TN_RIVER_BT","semantic":"channel","river_class":"소하천","river_class_source":"중심선 공간조인","river_name":"상직천","survey_method":"사진측량"},"geometry":{"type":"Polygon","coordinates":[[[129.33602,36.39647],[129.33781,36.39661],[129.338,36.39724],[129.33834,36.39723],[129.33925,36.39584],[129.34028,36.39539],[129.34069,36.39489],[129.3415,36.39345],[129.34143,36.39298],[129.34145,36.39343],[129.34036,36.39526],[129.33927,36.39572],[129.33818,36.39722],[129.33783,36.39654],[129.33584,36.39644],[129.33318,36.39769],[129.33187,36.39872],[129.33067,36.40128],[129.32886,36.40214],[129.32816,36.40292],[129.32925,36.40192],[129.33065,36.40136],[129.33211,36.3985],[129.33318,36.39776],[129.33602,36.39647]]]}},{"type":"Feature","id":"TN_RIVER_BT:WTR020000000056RK","properties":{"NF_ID":"WTR020000000056RK","admin_code":"47770","source_layer":"TN_RIVER_BT","semantic":"channel","river_class":"등급미확인","survey_method":"사진측량"},"geometry":{"type":"Polygon","coordinates":[[[129.3669,36.4067],[129.36688,36.4067],[129.36683,36.40672],[129.36682,36.40673],[129.36681,36.40673],[129.36681,36.40674],[129.3668,36.40674],[129.3668,36.40675],[129.36679,36.40676],[129.36678,36.40676],[129.36678,36.40677],[129.36677,36.40678],[129.36677,36.40678],[129.36677,36.40678],[129.36677,36.40679],[129.36677,36.40679],[129.36677,36.4068],[129.36677,36.4068],[129.36677,36.40681],[129.36677,36.40681],[129.36677,36.40681],[129.36677,36.40682],[129.36676,36.40683],[129.36676,36.40683],[129.36676,36.40684],[129.36676,36.40684],[129.36676,36.40684],[129.36676,36.40684],[129.36676,36.40684],[129.36677,36.40685],[129.36678,36.40685],[129.36679,36.40686],[129.3668,36.40686],[129.3668,36.40686],[129.3668,36.40686],[129.36681,36.40686],[129.36681,36.40686],[129.36681,36.40686],[129.36682,36.40685],[129.36683,36.40684],[129.36684,36.40683],[129.36684,36.40683],[129.36685,36.40682],[129.36685,36.40681],[129.36685,36.4068],[129.36686,36.40679],[129.36686,36.40678],[129.36686,36.40678],[129.36686,36.40677],[129.36687,36.40676],[129.36687,36.40675],[129.36687,36.40674],[129.36688,36.40673],[129.36689,36.40673],[129.36689,36.40672],[129.36689,36.40671],[129.3669,36.40671],[129.3669,36.40671],[129.3669,36.4067],[129.3669,36.4067],[129.3669,36.4067]]]}},{"type":"Feature","id":"TN_RIVER_BT:WTR020000000056SL","properties":{"NF_ID":"WTR020000000056SL","admin_code":"47770","source_layer":"TN_RIVER_BT","semantic":"channel","river_class":"소하천","river_class_source":"중심선 공간조인","survey_method":"사진측량"},"geometry":{"type":"Polygon","coordinates":[[[129.35848,36.40722],[129.35836,36.40719],[129.35834,36.4072],[129.3585,36.40728],[129.35852,36.40724],[129.35848,36.40722]]]}},{"type":"Feature","id":"TN_RIVER_BT:WTR020000000056TM","properties":{"NF_ID":"WTR020000000056TM","admin_code":"47770","source_layer":"TN_RIVER_BT","semantic":"channel","river_class":"등급미확인","survey_method":"사진측량"},"geometry":{"type":"Polygon","coordinates":[[[129.36504,36.40764],[129.36503,36.40764],[129.36503,36.40764],[129.36502,36.40764],[129.36502,36.40765],[129.36501,36.40765],[129.36501,36.40765],[129.36501,36.40765],[129.36501,36.40767],[129.36503,36.40767],[129.36504,36.40767],[129.36504,36.40767],[129.36506,36.40767],[129.36507,36.40767],[129.36508,36.40767],[129.36508,36.40766],[129.36509,36.40766],[129.36509,36.40766],[129.36509,36.40766],[129.36509,36.40766],[129.36509,36.40766],[129.36509,36.40766],[129.36508,36.40765],[129.36508,36.40765],[129.36506,36.40765],[129.36506,36.40765],[129.36505,36.40765],[129.36505,36.40764],[129.36504,36.40764],[129.36504,36.40764]]]}},{"type":"Feature","id":"TN_RIVER_BT:WTR020000000056UN","properties":{"NF_ID":"WTR020000000056UN","admin_code":"47770","source_layer":"TN_RIVER_BT","semantic":"channel","river_class":"소하천","river_class_source":"중심선 공간조인","survey_method":"사진측량"},"geometry":{"type":"Polygon","coordinates":[[[129.35843,36.40753],[129.35772,36.40782],[129.35697,36.40849],[129.35843,36.40753]]]}},{"type":"Feature","id":"TN_RIVER_BT:WTR020000000056VO","properties":{"NF_ID":"WTR020000000056VO","admin_code":"47770","source_layer":"TN_RIVER_BT","semantic":"channel","river_class":"등급미확인","survey_method":"사진측량"},"geometry":{"type":"Polygon","coordinates":[[[129.36558,36.40823],[129.36557,36.40823],[129.36557,36.40823],[129.36557,36.40824],[129.36556,36.40824],[129.36553,36.40828],[129.36553,36.40828],[129.36553,36.40828],[129.36553,36.40829],[129.36552,36.4083],[129.36551,36.4083],[129.36551,36.40831],[129.36551,36.40831],[129.36551,36.40832],[129.3655,36.40833],[129.3655,36.40834],[129.3655,36.40835],[129.36549,36.40836],[129.36549,36.40837],[129.36549,36.40838],[129.36549,36.40839],[129.36549,36.4084],[129.36549,36.4084],[129.36549,36.40841],[129.36549,36.40841],[129.36549,36.40841],[129.36549,36.40841],[129.36549,36.40841],[129.3655,36.40841],[129.3655,36.40841],[129.3655,36.40841],[129.36551,36.4084],[129.36552,36.4084],[129.36553,36.40839],[129.36553,36.40839],[129.36553,36.40839],[129.36554,36.40838],[129.36554,36.40838],[129.36554,36.40837],[129.36554,36.40837],[129.36555,36.40836],[129.36555,36.40835],[129.36555,36.40835],[129.36555,36.40835],[129.36555,36.40835],[129.36555,36.40835],[129.36556,36.40835],[129.36556,36.40835],[129.36556,36.40834],[129.36556,36.40833],[129.36556,36.40832],[129.36557,36.40831],[129.36557,36.4083],[129.36557,36.40829],[129.36558,36.40828],[129.36558,36.40827],[129.36558,36.40826],[129.36558,36.40825],[129.36558,36.40825],[129.36558,36.40824],[129.36558,36.40824],[129.36558,36.40824],[129.36558,36.40824],[129.36558,36.40823],[129.36558,36.40823]]]}},{"type":"Feature","id":"TN_RIVER_BT:WTR020000000056WP","properties":{"NF_ID":"WTR020000000056WP","admin_code":"47770","source_layer":"TN_RIVER_BT","semantic":"channel","river_class":"소하천","river_class_source":"중심선 공간조인","survey_method":"사진측량"},"geometry":{"type":"Polygon","coordinates":[[[129.3641,36.40848],[129.36486,36.40818],[129.36494,36.40788],[129.36398,36.40841],[129.3631,36.40827],[129.3625,36.40844],[129.35901,36.40746],[129.36243,36.40849],[129.36313,36.40829],[129.3641,36.40848]]]}},{"type":"Feature","id":"TN_RIVER_BT:WTR020000000056XQ","properties":{"NF_ID":"WTR020000000056XQ","admin_code":"47770","source_layer":"TN_RIVER_BT","semantic":"channel","river_class":"소하천","river_class_source":"중심선 공간조인","survey_method":"사진측량"},"geometry":{"type":"Polygon","coordinates":[[[129.30082,36.40939],[129.30204,36.40954],[129.30262,36.40908],[129.30295,36.40921],[129.30259,36.40906],[129.30195,36.40952],[129.30079,36.40937],[129.30037,36.40968],[129.30082,36.40939]]]}},{"type":"Feature","id":"TN_RIVER_BT:WTR020000000056YR","properties":{"NF_ID":"WTR020000000056YR","admin_code":"47770","source_layer":"TN_RIVER_BT","semantic":"channel","river_class":"소하천","river_class_source":"중심선 공간조인","survey_method":"사진측량"},"geometry":{"type":"Polygon","coordinates":[[[129.42582,36.4102],[129.42608,36.40986],[129.42666,36.40991],[129.4273,36.40914],[129.42774,36.40899],[129.42728,36.40914],[129.42662,36.40989],[129.42606,36.40983],[129.42573,36.41017],[129.4251,36.41015],[129.42458,36.40958],[129.42407,36.40946],[129.4248,36.40978],[129.42509,36.41018],[129.42582,36.4102]]]}},{"type":"Feature","id":"TN_RIVER_BT:WTR020000000056ZS","properties":{"NF_ID":"WTR020000000056ZS","admin_code":"47770","source_layer":"TN_RIVER_BT","semantic":"channel","river_class":"소하천","river_class_source":"중심선 공간조인","survey_method":"사진측량"},"geometry":{"type":"Polygon","coordinates":[[[129.40065,36.40172],[129.39991,36.40004],[129.39971,36.39894],[129.39985,36.39837],[129.40052,36.39753],[129.40053,36.3962],[129.40105,36.39468],[129.40129,36.39425],[129.40242,36.39383],[129.40385,36.39273],[129.40745,36.38931],[129.40761,36.389],[129.40736,36.3885],[129.40746,36.38898],[129.40501,36.39147],[129.40291,36.3933],[129.40111,36.39429],[129.4005,36.39563],[129.40051,36.39713],[129.40023,36.39773],[129.39931,36.39851],[129.39817,36.39831],[129.39883,36.39843],[129.39952,36.39886],[129.40047,36.40144],[129.39947,36.40174],[129.39867,36.40244],[129.39764,36.40291],[129.39666,36.40384],[129.3964,36.40479],[129.39671,36.40384],[129.39767,36.40297],[129.39955,36.40173],[129.40049,36.40148],[129.40064,36.40189],[129.40039,36.4032],[129.40184,36.4045],[129.40174,36.40552],[129.40235,36.40658],[129.40249,36.40743],[129.40224,36.40901],[129.40333,36.40985],[129.4029,36.41012],[129.40278,36.41064],[129.40359,36.41177],[129.40386,36.41279],[129.40365,36.41166],[129.40301,36.41111],[129.40283,36.41064],[129.40296,36.4101],[129.40339,36.40984],[129.4023,36.409],[129.40254,36.40736],[129.40182,36.40551],[129.40198,36.40446],[129.40042,36.40317],[129.40065,36.40172]]]}},{"type":"Feature","id":"TN_RIVER_BT:WTR0200000000570U","properties":{"NF_ID":"WTR0200000000570U","admin_code":"47770","source_layer":"TN_RIVER_BT","semantic":"channel","river_class":"소하천","river_class_source":"중심선 공간조인","survey_method":"사진측량"},"geometry":{"type":"Polygon","coordinates":[[[129.37254,36.41039],[129.37407,36.41137],[129.37634,36.41207],[129.37798,36.41442],[129.37636,36.41206],[129.37411,36.41133],[129.37254,36.41039]]]}},{"type":"Feature","id":"TN_RIVER_BT:WTR0200000000571V","properties":{"NF_ID":"WTR0200000000571V","admin_code":"47770","source_layer":"TN_RIVER_BT","semantic":"channel","river_class":"등급미확인","survey_method":"사진측량"},"geometry":{"type":"Polygon","coordinates":[[[129.36341,36.41646],[129.3634,36.41646],[129.3634,36.41646],[129.36339,36.41646],[129.36339,36.41647],[129.36339,36.41647],[129.36339,36.41647],[129.36339,36.41647],[129.36339,36.41648],[129.36339,36.41648],[129.36339,36.41648],[129.36339,36.41649],[129.36339,36.41649],[129.3634,36.4165],[129.3634,36.4165],[129.36341,36.4165],[129.36344,36.41651],[129.36345,36.41651],[129.36345,36.41651],[129.36346,36.41651],[129.36346,36.41651],[129.36347,36.4165],[129.36348,36.4165],[129.36348,36.41649],[129.36348,36.41649],[129.36348,36.41649],[129.36348,36.41649],[129.36348,36.41648],[129.36348,36.41648],[129.36348,36.41648],[129.36347,36.41648],[129.36345,36.41648],[129.36345,36.41648],[129.36344,36.41648],[129.36343,36.41647],[129.36342,36.41647],[129.36341,36.41646],[129.36341,36.41646]]]}},{"type":"Feature","id":"TN_RIVER_BT:WTR0200000000572W","properties":{"NF_ID":"WTR0200000000572W","admin_code":"47770","source_layer":"TN_RIVER_BT","semantic":"channel","river_class":"소하천","river_class_source":"중심선 공간조인","survey_method":"사진측량"},"geometry":{"type":"Polygon","coordinates":[[[129.37249,36.41638],[129.37249,36.41637],[129.37242,36.41639],[129.37237,36.41641],[129.37237,36.41642],[129.3724,36.41641],[129.37249,36.41638]]]}},{"type":"Feature","id":"TN_RIVER_BT:WTR0200000000573X","properties":{"NF_ID":"WTR0200000000573X","admin_code":"47770","source_layer":"TN_RIVER_BT","semantic":"channel","river_class":"등급미확인","survey_method":"사진측량"},"geometry":{"type":"Polygon","coordinates":[[[129.36388,36.41697],[129.36387,36.41697],[129.36387,36.41697],[129.36385,36.41697],[129.36384,36.41697],[129.36384,36.41697],[129.36383,36.41697],[129.36383,36.41697],[129.36382,36.41698],[129.36382,36.41698],[129.36381,36.41699],[129.36381,36.417],[129.3638,36.417],[129.36379,36.41701],[129.36379,36.41702],[129.36378,36.41703],[129.36378,36.41704],[129.36378,36.41705],[129.36377,36.41705],[129.36377,36.41706],[129.36377,36.41706],[129.36377,36.41707],[129.36377,36.41707],[129.36378,36.41707],[129.36378,36.41707],[129.36378,36.41707],[129.36379,36.41707],[129.36383,36.41706],[129.36384,36.41706],[129.36385,36.41705],[129.36385,36.41705],[129.36386,36.41705],[129.36387,36.41704],[129.36387,36.41704],[129.36388,36.41704],[129.36388,36.41704],[129.36388,36.41703],[129.36388,36.41703],[129.36388,36.41703],[129.36388,36.41702],[129.36388,36.41702],[129.36388,36.41702],[129.36388,36.41702],[129.36388,36.41701],[129.36388,36.41701],[129.36389,36.41701],[129.3639,36.417],[129.3639,36.417],[129.36391,36.417],[129.36391,36.417],[129.36391,36.41699],[129.36391,36.41699],[129.36391,36.41699],[129.3639,36.41698],[129.3639,36.41698],[129.3639,36.41697],[129.36389,36.41697],[129.36389,36.41697],[129.36388,36.41697],[129.36388,36.41697]]]}},{"type":"Feature","id":"TN_RIVER_BT:WTR0200000000574Y","properties":{"NF_ID":"WTR0200000000574Y","admin_code":"47770","source_layer":"TN_RIVER_BT","semantic":"channel","river_class":"소하천","river_class_source":"중심선 공간조인","survey_method":"사진측량"},"geometry":{"type":"Polygon","coordinates":[[[129.37287,36.41725],[129.37286,36.41723],[129.3728,36.41726],[129.37275,36.4173],[129.37276,36.41732],[129.37283,36.41727],[129.37287,36.41725]]]}},{"type":"Feature","id":"TN_RIVER_BT:WTR0200000000575Z","properties":{"NF_ID":"WTR0200000000575Z","admin_code":"47770","source_layer":"TN_RIVER_BT","semantic":"channel","river_class":"등급미확인","survey_method":"사진측량"},"geometry":{"type":"Polygon","coordinates":[[[129.36136,36.4177],[129.36135,36.4175],[129.36093,36.4179],[129.36136,36.4177]]]}},{"type":"Feature","id":"TN_RIVER_BT:WTR02000000005760","properties":{"NF_ID":"WTR02000000005760","admin_code":"47770","source_layer":"TN_RIVER_BT","semantic":"channel","river_class":"등급미확인","survey_method":"사진측량"},"geometry":{"type":"Polygon","coordinates":[[[129.36086,36.41777],[129.36085,36.41777],[129.36085,36.41777],[129.36085,36.41777],[129.36084,36.41777],[129.36084,36.41778],[129.36083,36.41778],[129.36082,36.41779],[129.36082,36.4178],[129.36081,36.41781],[129.3608,36.41781],[129.36079,36.41782],[129.36079,36.41783],[129.36078,36.41783],[129.36078,36.41784],[129.36077,36.41784],[129.36076,36.41785],[129.36075,36.41785],[129.36074,36.41786],[129.36073,36.41786],[129.36072,36.41786],[129.3607,36.41787],[129.36069,36.41787],[129.36068,36.41788],[129.36068,36.41788],[129.36063,36.41791],[129.36062,36.41791],[129.36062,36.41792],[129.36062,36.41792],[129.36062,36.41792],[129.36062,36.41792],[129.36063,36.41793],[129.36063,36.41793],[129.36063,36.41793],[129.36064,36.41793],[129.36064,36.41793],[129.36065,36.41793],[129.36065,36.41793],[129.36066,36.41793],[129.36068,36.41793],[129.36069,36.41793],[129.3607,36.41793],[129.36071,36.41793],[129.36073,36.41793],[129.36074,36.41793],[129.36075,36.41793],[129.36076,36.41793],[129.36077,36.41793],[129.36079,36.41793],[129.3608,36.41793],[129.36081,36.41792],[129.36081,36.41792],[129.36083,36.41792],[129.36084,36.41791],[129.36085,36.41791],[129.36086,36.4179],[129.36087,36.4179],[129.36087,36.4179],[129.36088,36.41789],[129.36089,36.41789],[129.36089,36.41788],[129.36089,36.41788],[129.36089,36.41788],[129.36089,36.41788],[129.36089,36.41787],[129.36089,36.41787],[129.36088,36.41786],[129.36087,36.41786],[129.36087,36.41785],[129.36087,36.41784],[129.36087,36.41784],[129.36086,36.41783],[129.36086,36.41782],[129.36086,36.41781],[129.36086,36.4178],[129.36086,36.41779],[129.36086,36.41778],[129.36086,36.41777],[129.36086,36.41777],[129.36086,36.41777],[129.36086,36.41777]]]}},{"type":"Feature","id":"TN_RIVER_BT:WTR02000000005771","properties":{"NF_ID":"WTR02000000005771","admin_code":"47770","source_layer":"TN_RIVER_BT","semantic":"channel","river_class":"소하천","river_class_source":"중심선 공간조인","survey_method":"사진측량"},"geometry":{"type":"Polygon","coordinates":[[[129.37873,36.41554],[129.38027,36.41664],[129.38112,36.41803],[129.3816,36.41832],[129.38233,36.41839],[129.38303,36.41903],[129.38374,36.42015],[129.38396,36.42225],[129.38465,36.42357],[129.38414,36.42273],[129.38376,36.42013],[129.38307,36.41903],[129.3824,36.41839],[129.38164,36.41831],[129.38115,36.41802],[129.38028,36.41662],[129.37873,36.41554]]]}},{"type":"Feature","id":"TN_RIVER_BT:WTR02000000005782","properties":{"NF_ID":"WTR02000000005782","admin_code":"47770","source_layer":"TN_RIVER_BT","semantic":"channel","river_class":"소하천","river_class_source":"중심선 공간조인","survey_method":"사진측량"},"geometry":{"type":"Polygon","coordinates":[[[129.3953,36.43321],[129.39545,36.4321],[129.39528,36.4316],[129.39655,36.43029],[129.39712,36.43004],[129.39847,36.43002],[129.40079,36.4295],[129.39846,36.42999],[129.39725,36.42998],[129.39653,36.43027],[129.39526,36.43158],[129.3953,36.43321]]]}},{"type":"Feature","id":"TN_RIVER_BT:WTR02000000005793","properties":{"NF_ID":"WTR02000000005793","admin_code":"47770","source_layer":"TN_RIVER_BT","semantic":"channel","river_class":"소하천","river_class_source":"중심선 공간조인","survey_method":"사진측량"},"geometry":{"type":"Polygon","coordinates":[[[129.30979,36.43449],[129.30979,36.43448],[129.30978,36.43451],[129.30975,36.43454],[129.30971,36.43461],[129.30967,36.43465],[129.30962,36.43472],[129.30957,36.43478],[129.30953,36.43484],[129.30949,36.43489],[129.30946,36.43494],[129.30944,36.435],[129.30943,36.43501],[129.30942,36.43505],[129.30942,36.43509],[129.30942,36.43511],[129.30943,36.43514],[129.30944,36.43516],[129.30946,36.43519],[129.30947,36.43521],[129.30948,36.43523],[129.30948,36.43525],[129.30948,36.43528],[129.30948,36.43531],[129.30947,36.43534],[129.30944,36.43539],[129.30941,36.43544],[129.3094,36.43546],[129.30941,36.43546],[129.30941,36.43546],[129.30942,36.43546],[129.30944,36.43543],[129.30947,36.43538],[129.30949,36.43533],[129.3095,36.4353],[129.3095,36.43527],[129.3095,36.43525],[129.3095,36.43523],[129.30949,36.4352],[129.30947,36.43516],[129.30947,36.43514],[129.30946,36.4351],[129.30946,36.43507],[129.30946,36.43504],[129.30946,36.43503],[129.30947,36.435],[129.30949,36.43495],[129.3096,36.43477],[129.30971,36.43462],[129.30978,36.43454],[129.30978,36.43453],[129.30979,36.43449]]]}},{"type":"Feature","id":"TN_RIVER_BT:WTR020000000057A4","properties":{"NF_ID":"WTR020000000057A4","admin_code":"47770","source_layer":"TN_RIVER_BT","semantic":"channel","river_class":"소하천","river_class_source":"중심선 공간조인","survey_method":"사진측량"},"geometry":{"type":"Polygon","coordinates":[[[129.40403,36.42999],[129.40345,36.42993],[129.40198,36.43033],[129.40169,36.43013],[129.40168,36.42919],[129.40194,36.42886],[129.40281,36.42851],[129.40337,36.42752],[129.40529,36.42581],[129.4057,36.42622],[129.40533,36.42575],[129.40334,36.42751],[129.4028,36.4285],[129.40191,36.42884],[129.40162,36.42923],[129.40017,36.42791],[129.39987,36.42722],[129.39901,36.42675],[129.3988,36.42639],[129.39723,36.42592],[129.39591,36.42358],[129.39586,36.42284],[129.39634,36.42218],[129.39631,36.42144],[129.3963,36.42218],[129.39584,36.42283],[129.39588,36.42361],[129.39724,36.42599],[129.3987,36.42639],[129.39985,36.42729],[129.40016,36.428],[129.40085,36.42838],[129.40161,36.42926],[129.40173,36.43026],[129.40219,36.4304],[129.40357,36.42997],[129.40542,36.4303],[129.40616,36.43092],[129.40599,36.43215],[129.40645,36.43271],[129.4087,36.43319],[129.40966,36.43365],[129.41154,36.43579],[129.41125,36.43643],[129.41015,36.43691],[129.41132,36.43642],[129.41154,36.43562],[129.40953,36.43352],[129.40862,36.4331],[129.40638,36.43259],[129.40613,36.43227],[129.40628,36.43108],[129.4059,36.43047],[129.40403,36.42999]]]}},{"type":"Feature","id":"TN_RIVER_BT:WTR020000000057B5","properties":{"NF_ID":"WTR020000000057B5","admin_code":"47770","source_layer":"TN_RIVER_BT","semantic":"channel","river_class":"소하천","river_class_source":"중심선 공간조인","river_name":"중상곡천","survey_method":"사진측량"},"geometry":{"type":"Polygon","coordinates":[[[129.34849,36.43884],[129.34873,36.43845],[129.34791,36.43811],[129.34824,36.43723],[129.34778,36.43663],[129.34801,36.43627],[129.34873,36.43605],[129.34864,36.43537],[129.34988,36.43509],[129.35061,36.43445],[129.35128,36.43465],[129.35239,36.43441],[129.35401,36.43339],[129.35461,36.43362],[129.35716,36.43566],[129.35802,36.43703],[129.35905,36.43751],[129.36009,36.43739],[129.36123,36.43666],[129.3627,36.43454],[129.36111,36.4367],[129.35989,36.43743],[129.35887,36.43746],[129.358,36.43691],[129.35699,36.43545],[129.35439,36.4334],[129.35395,36.43335],[129.35239,36.43439],[129.35128,36.43463],[129.35058,36.43442],[129.35004,36.43498],[129.34856,36.43538],[129.34863,36.43599],[129.34797,36.43622],[129.3477,36.4366],[129.34813,36.43729],[129.34787,36.43813],[129.34862,36.43838],[129.34849,36.43884]]]}},{"type":"Feature","id":"TN_RIVER_BT:WTR020000000057C6","properties":{"NF_ID":"WTR020000000057C6","admin_code":"47770","source_layer":"TN_RIVER_BT","semantic":"channel","river_class":"소하천","river_class_source":"중심선 공간조인","survey_method":"사진측량"},"geometry":{"type":"Polygon","coordinates":[[[129.4339,36.44587],[129.43387,36.44584],[129.4338,36.44589],[129.43374,36.44592],[129.43362,36.44597],[129.43348,36.44605],[129.43339,36.44609],[129.43331,36.44612],[129.43315,36.44616],[129.43281,36.44623],[129.43282,36.44627],[129.43316,36.44619],[129.43332,36.44615],[129.43336,36.44614],[129.43338,36.44613],[129.43354,36.44606],[129.43379,36.44594],[129.4339,36.44587]]]}},{"type":"Feature","id":"TN_RIVER_BT:WTR020000000057D7","properties":{"NF_ID":"WTR020000000057D7","admin_code":"47770","source_layer":"TN_RIVER_BT","semantic":"channel","river_class":"소하천","river_class_source":"중심선 공간조인","survey_method":"사진측량"},"geometry":{"type":"Polygon","coordinates":[[[129.43253,36.44636],[129.43252,36.44632],[129.4324,36.44635],[129.43224,36.44638],[129.43206,36.44643],[129.43196,36.44647],[129.43191,36.44648],[129.4319,36.44649],[129.43188,36.44649],[129.43186,36.4465],[129.43185,36.4465],[129.43183,36.44651],[129.43181,36.44652],[129.43175,36.44654],[129.43165,36.4466],[129.43156,36.44668],[129.4315,36.44672],[129.43145,36.44675],[129.43132,36.44683],[129.43136,36.44686],[129.43143,36.44681],[129.43152,36.44675],[129.4316,36.44669],[129.43165,36.44665],[129.43171,36.44662],[129.43178,36.44657],[129.43185,36.44654],[129.43193,36.44651],[129.43203,36.44647],[129.43219,36.44643],[129.43226,36.44641],[129.43237,36.44638],[129.43246,36.44637],[129.43253,36.44636]]]}},{"type":"Feature","id":"TN_RIVER_BT:WTR020000000057E8","properties":{"NF_ID":"WTR020000000057E8","admin_code":"47770","source_layer":"TN_RIVER_BT","semantic":"channel","river_class":"소하천","river_class_source":"중심선 공간조인","survey_method":"사진측량"},"geometry":{"type":"Polygon","coordinates":[[[129.26906,36.44988],[129.26887,36.45095],[129.26807,36.45119],[129.26784,36.45155],[129.26808,36.45123],[129.2689,36.45095],[129.26906,36.44988]]]}},{"type":"Feature","id":"TN_RIVER_BT:WTR020000000057F9","properties":{"NF_ID":"WTR020000000057F9","admin_code":"47770","source_layer":"TN_RIVER_BT","semantic":"channel","river_class":"소하천","river_class_source":"중심선 공간조인","survey_method":"사진측량"},"geometry":{"type":"Polygon","coordinates":[[[129.43107,36.44712],[129.43007,36.44771],[129.42945,36.44886],[129.42961,36.44985],[129.42848,36.45074],[129.4287,36.45128],[129.42855,36.452],[129.42882,36.45237],[129.42849,36.45077],[129.42966,36.4498],[129.42949,36.44884],[129.4301,36.44775],[129.43107,36.44712]]]}},{"type":"Feature","id":"TN_RIVER_BT:WTR020000000057GA","properties":{"NF_ID":"WTR020000000057GA","admin_code":"47770","source_layer":"TN_RIVER_BT","semantic":"channel","river_class":"소하천","river_class_source":"중심선 공간조인","river_name":"손두들천","survey_method":"사진측량"},"geometry":{"type":"Polygon","coordinates":[[[129.4143,36.45156],[129.41621,36.45085],[129.41648,36.44988],[129.41723,36.44933],[129.4173,36.44853],[129.41821,36.44748],[129.41832,36.44661],[129.41764,36.44556],[129.41813,36.44459],[129.41934,36.44431],[129.42012,36.44467],[129.42213,36.44451],[129.42353,36.4451],[129.42469,36.44503],[129.42569,36.44429],[129.42476,36.4424],[129.42461,36.44142],[129.42486,36.44094],[129.42784,36.44041],[129.43116,36.44096],[129.43261,36.44075],[129.43255,36.4405],[129.43092,36.44071],[129.42776,36.44035],[129.42509,36.4407],[129.42453,36.44163],[129.42562,36.44435],[129.42487,36.44493],[129.42383,36.44508],[129.42292,36.44485],[129.42225,36.44438],[129.42045,36.44458],[129.41953,36.44434],[129.41902,36.44357],[129.41909,36.4425],[129.41882,36.44173],[129.41617,36.4403],[129.41529,36.44034],[129.41398,36.44086],[129.41255,36.44087],[129.41196,36.4407],[129.41099,36.43971],[129.41186,36.44072],[129.41244,36.44096],[129.41418,36.44089],[129.41535,36.44041],[129.41605,36.4404],[129.41866,36.4417],[129.41893,36.4421],[129.41887,36.44332],[129.41924,36.44423],[129.41816,36.44453],[129.41768,36.44517],[129.41762,36.44564],[129.41827,36.44668],[129.41814,36.44754],[129.4173,36.44843],[129.41717,36.44937],[129.41641,36.4499],[129.41631,36.45069],[129.41192,36.45276],[129.41133,36.4536],[129.41028,36.45445],[129.41032,36.45493],[129.41031,36.45445],[129.41129,36.4537],[129.41193,36.45281],[129.4143,36.45156]]]}},{"type":"Feature","id":"TN_RIVER_BT:WTR020000000057HB","properties":{"NF_ID":"WTR020000000057HB","admin_code":"47770","source_layer":"TN_RIVER_BT","semantic":"channel","river_class":"소하천","river_class_source":"중심선 공간조인","survey_method":"사진측량"},"geometry":{"type":"Polygon","coordinates":[[[129.37546,36.45907],[129.37629,36.45872],[129.37652,36.45709],[129.37623,36.45877],[129.37501,36.45913],[129.3742,36.45963],[129.37546,36.45907]]]}},{"type":"Feature","id":"TN_RIVER_BT:WTR020000000057IC","properties":{"NF_ID":"WTR020000000057IC","admin_code":"47770","source_layer":"TN_RIVER_BT","semantic":"channel","river_class":"소하천","river_class_source":"중심선 공간조인","survey_method":"사진측량"},"geometry":{"type":"Polygon","coordinates":[[[129.40563,36.46867],[129.40677,36.46839],[129.40758,36.46853],[129.40677,36.46837],[129.40584,36.46871],[129.40559,36.4686],[129.40531,36.4689],[129.40563,36.46867]]]}},{"type":"Feature","id":"TN_RIVER_BT:WTR020000000057JD","properties":{"NF_ID":"WTR020000000057JD","admin_code":"47770","source_layer":"TN_RIVER_BT","semantic":"channel","river_class":"소하천","river_class_source":"중심선 공간조인","survey_method":"사진측량"},"geometry":{"type":"Polygon","coordinates":[[[129.43115,36.46454],[129.43241,36.46425],[129.43182,36.46267],[129.43296,36.46218],[129.43273,36.46109],[129.43309,36.46028],[129.43401,36.45959],[129.43412,36.45908],[129.43511,36.45783],[129.43557,36.45774],[129.43508,36.45779],[129.43404,36.45911],[129.43392,36.45963],[129.4331,36.46022],[129.4327,36.46107],[129.43293,36.46216],[129.4318,36.46264],[129.43236,36.46422],[129.43096,36.46456],[129.43042,36.4654],[129.43014,36.4667],[129.43074,36.46754],[129.43008,36.46835],[129.42978,36.46965],[129.42932,36.47029],[129.42976,36.46978],[129.43011,36.46836],[129.4308,36.46757],[129.43019,36.46676],[129.43043,36.46546],[129.43115,36.46454]]]}},{"type":"Feature","id":"TN_RIVER_BT:WTR020000000057KE","properties":{"NF_ID":"WTR020000000057KE","admin_code":"47770","source_layer":"TN_RIVER_BT","semantic":"channel","river_class":"소하천","river_class_source":"중심선 공간조인","survey_method":"사진측량"},"geometry":{"type":"Polygon","coordinates":[[[129.33535,36.47736],[129.33599,36.4771],[129.33713,36.47707],[129.33583,36.47708],[129.33474,36.47749],[129.33535,36.47736]]]}},{"type":"Feature","id":"TN_RIVER_BT:WTR020000000057LF","properties":{"NF_ID":"WTR020000000057LF","admin_code":"47770","source_layer":"TN_RIVER_BT","semantic":"channel","river_class":"지방하천","river_class_source":"중심선 공간조인","river_name":"신안천","river_code":"2320020","survey_method":"사진측량"},"geometry":{"type":"Polygon","coordinates":[[[129.25169,36.48093],[129.25201,36.47989],[129.25097,36.47864],[129.25166,36.47829],[129.25172,36.47761],[129.25273,36.47703],[129.25354,36.47732],[129.25496,36.47714],[129.25337,36.47724],[129.2525,36.47697],[129.25189,36.47731],[129.25159,36.47829],[129.25082,36.47848],[129.25078,36.47891],[129.25193,36.47986],[129.25193,36.48047],[129.25145,36.48093],[129.25,36.48054],[129.25169,36.48093]]]}},{"type":"Feature","id":"TN_RIVER_BT:WTR020000000057MG","properties":{"NF_ID":"WTR020000000057MG","admin_code":"47770","source_layer":"TN_RIVER_BT","semantic":"channel","river_class":"지방하천","river_class_source":"중심선 공간조인","river_name":"관동천","river_code":"2320070","survey_method":"사진측량"},"geometry":{"type":"Polygon","coordinates":[[[129.30683,36.47455],[129.30738,36.47452],[129.30807,36.47365],[129.30773,36.47219],[129.30825,36.47145],[129.30868,36.47109],[129.30954,36.47135],[129.31009,36.47108],[129.3101,36.47086],[129.30905,36.47018],[129.30912,36.46977],[129.31013,36.46908],[129.30948,36.46847],[129.31007,36.46909],[129.30903,36.46975],[129.30893,36.4701],[129.30977,36.47073],[129.30995,36.47115],[129.30949,36.47129],[129.30876,36.47099],[129.30852,36.47109],[129.30767,36.47213],[129.308,36.47354],[129.30736,36.47444],[129.30546,36.47484],[129.30508,36.47602],[129.30275,36.47765],[129.30265,36.47798],[129.30327,36.47859],[129.30335,36.47902],[129.30259,36.48027],[129.30339,36.47906],[129.30275,36.47774],[129.30345,36.47708],[129.30495,36.47625],[129.30552,36.47486],[129.30683,36.47455]]]}},{"type":"Feature","id":"TN_RIVER_BT:WTR020000000057NH","properties":{"NF_ID":"WTR020000000057NH","admin_code":"47770","source_layer":"TN_RIVER_BT","semantic":"channel","river_class":"소하천","river_class_source":"중심선 공간조인","survey_method":"사진측량"},"geometry":{"type":"Polygon","coordinates":[[[129.28345,36.48436],[129.28599,36.48626],[129.28445,36.48492],[129.2837,36.48468],[129.28345,36.48436]]]}},{"type":"Feature","id":"TN_RIVER_BT:WTR020000000057OI","properties":{"NF_ID":"WTR020000000057OI","admin_code":"47770","source_layer":"TN_RIVER_BT","semantic":"channel","river_class":"소하천","river_class_source":"중심선 공간조인","river_name":"햇불천","survey_method":"사진측량"},"geometry":{"type":"Polygon","coordinates":[[[129.43094,36.48397],[129.4297,36.48436],[129.42913,36.48382],[129.42836,36.48371],[129.42914,36.48387],[129.42969,36.48438],[129.43078,36.48396],[129.43213,36.48441],[129.43094,36.48397]]]}},{"type":"Feature","id":"TN_RIVER_BT:WTR020000000057PJ","properties":{"NF_ID":"WTR020000000057PJ","admin_code":"47770","source_layer":"TN_RIVER_BT","semantic":"channel","river_class":"소하천","river_class_source":"중심선 공간조인","survey_method":"사진측량"},"geometry":{"type":"Polygon","coordinates":[[[129.43419,36.48622],[129.43401,36.4878],[129.43378,36.48797],[129.43404,36.48783],[129.43419,36.48622]]]}},{"type":"Feature","id":"TN_RIVER_BT:WTR020000000057QK","properties":{"NF_ID":"WTR020000000057QK","admin_code":"47770","source_layer":"TN_RIVER_BT","semantic":"channel","river_class":"지방하천","river_class_source":"중심선 공간조인","river_name":"동로천","river_code":"2620360","survey_method":"사진측량"},"geometry":{"type":"Polygon","coordinates":[[[129.33072,36.49023],[129.33244,36.48935],[129.33344,36.48909],[129.33345,36.48823],[129.33453,36.48712],[129.33563,36.4866],[129.33696,36.48661],[129.33776,36.48563],[129.33716,36.48586],[129.33667,36.48656],[129.33562,36.48654],[129.33445,36.48711],[129.33335,36.48822],[129.33341,36.48904],[129.33231,36.48935],[129.33069,36.4902],[129.32998,36.49004],[129.32995,36.48944],[129.3295,36.48908],[129.32741,36.48969],[129.32609,36.48932],[129.32744,36.48973],[129.32959,36.48915],[129.3299,36.48948],[129.32994,36.49007],[129.33072,36.49023]]]}},{"type":"Feature","id":"TN_RIVER_BT:WTR020000000057RL","properties":{"NF_ID":"WTR020000000057RL","admin_code":"47770","source_layer":"TN_RIVER_BT","semantic":"channel","river_class":"소하천","river_class_source":"중심선 공간조인","survey_method":"사진측량"},"geometry":{"type":"Polygon","coordinates":[[[129.42411,36.4975],[129.42421,36.49878],[129.42399,36.4991],[129.42424,36.49878],[129.42411,36.4975]]]}},{"type":"Feature","id":"TN_RIVER_BT:WTR020000000057SM","properties":{"NF_ID":"WTR020000000057SM","admin_code":"47770","source_layer":"TN_RIVER_BT","semantic":"channel","river_class":"소하천","river_class_source":"중심선 공간조인","river_name":"고곡천","survey_method":"사진측량"},"geometry":{"type":"Polygon","coordinates":[[[129.41352,36.49534],[129.41398,36.49474],[129.41383,36.49346],[129.41504,36.49242],[129.41574,36.49215],[129.41538,36.49183],[129.41411,36.49212],[129.41338,36.49158],[129.41424,36.48934],[129.41305,36.4891],[129.41263,36.48978],[129.41138,36.48977],[129.40911,36.48724],[129.40902,36.48665],[129.40959,36.48585],[129.40945,36.48435],[129.40903,36.484],[129.40863,36.48294],[129.40888,36.48122],[129.40869,36.48037],[129.40814,36.47983],[129.40887,36.47908],[129.4082,36.47757],[129.40866,36.47736],[129.40872,36.47704],[129.40862,36.47735],[129.40815,36.47752],[129.4086,36.47645],[129.40716,36.47557],[129.40754,36.4747],[129.40701,36.47384],[129.40721,36.47307],[129.40672,36.4721],[129.40585,36.47135],[129.40443,36.47182],[129.40358,36.4713],[129.40299,36.47033],[129.40309,36.46948],[129.40203,36.46768],[129.40037,36.46667],[129.39981,36.46541],[129.39996,36.46408],[129.4005,36.46305],[129.40106,36.46261],[129.40138,36.46159],[129.40202,36.46102],[129.40214,36.46039],[129.4022,36.45686],[129.40201,36.45617],[129.40227,36.45567],[129.40219,36.45428],[129.40046,36.45321],[129.40216,36.4543],[129.40223,36.45565],[129.40196,36.45615],[129.40218,36.45683],[129.4021,36.46043],[129.40194,36.46111],[129.40129,36.46169],[129.40101,36.46265],[129.40018,36.46352],[129.39975,36.46542],[129.40032,36.46668],[129.40116,36.46736],[129.40194,36.46764],[129.40304,36.4695],[129.40295,36.47038],[129.40364,36.47143],[129.40449,36.47186],[129.40582,36.47143],[129.40667,36.47213],[129.40715,36.47311],[129.40694,36.47383],[129.40747,36.47471],[129.40713,36.47558],[129.40853,36.47665],[129.40803,36.47739],[129.40879,36.47909],[129.40809,36.47972],[129.40836,36.48014],[129.40794,36.4802],[129.40765,36.48],[129.4078,36.48021],[129.40844,36.48021],[129.40878,36.481],[129.40846,36.48267],[129.40949,36.48522],[129.40949,36.4858],[129.40894,36.48664],[129.40906,36.48727],[129.41066,36.48939],[129.41148,36.48985],[129.41268,36.48986],[129.4131,36.48919],[129.4141,36.48938],[129.41326,36.49158],[129.4141,36.49217],[129.41456,36.49221],[129.41536,36.49186],[129.41561,36.49214],[129.41373,36.49343],[129.41392,36.49479],[129.41335,36.49545],[129.41387,36.49677],[129.41344,36.49904],[129.4142,36.49998],[129.4145,36.49998],[129.41362,36.49885],[129.41398,36.4969],[129.41338,36.49575],[129.41352,36.49534]]]}},{"type":"Feature","id":"TN_RIVER_BT:WTR020000000057UO","properties":{"NF_ID":"WTR020000000057UO","admin_code":"47770","source_layer":"TN_RIVER_BT","semantic":"channel","river_class":"지방하천","river_class_source":"중심선 공간조인","river_name":"가천","river_code":"2020120","survey_method":"사진측량"},"geometry":{"type":"Polygon","coordinates":[[[129.27899,36.49972],[129.27825,36.49839],[129.27769,36.4963],[129.27854,36.49467],[129.27834,36.49329],[129.27999,36.49218],[129.27888,36.49163],[129.27783,36.48849],[129.27925,36.48697],[129.27904,36.48622],[129.27941,36.48438],[129.27928,36.48271],[129.28003,36.48184],[129.2805,36.47993],[129.27993,36.47844],[129.27841,36.47689],[129.27854,36.47622],[129.27968,36.47556],[129.27856,36.47302],[129.27957,36.47102],[129.27923,36.47013],[129.27921,36.46864],[129.27876,36.46754],[129.27919,36.46614],[129.27906,36.4612],[129.27923,36.45994],[129.28076,36.4586],[129.28117,36.45785],[129.28144,36.45598],[129.28209,36.45408],[129.28132,36.45137],[129.28028,36.44972],[129.27977,36.44836],[129.28001,36.44702],[129.28051,36.44613],[129.28073,36.44624],[129.28096,36.44604],[129.28053,36.44544],[129.28312,36.44302],[129.28428,36.44254],[129.28964,36.44189],[129.29076,36.44134],[129.29195,36.43916],[129.29197,36.43775],[129.2923,36.43682],[129.29324,36.43625],[129.29381,36.43621],[129.29465,36.43658],[129.29629,36.43865],[129.29659,36.43869],[129.297,36.43933],[129.29787,36.43995],[129.29962,36.44027],[129.29925,36.44046],[129.29954,36.44045],[129.30018,36.43973],[129.29997,36.43978],[129.3007,36.43817],[129.30079,36.4365],[129.29949,36.43382],[129.29923,36.43277],[129.29951,36.43171],[129.30084,36.42909],[129.30545,36.42824],[129.30858,36.42688],[129.30896,36.42733],[129.30987,36.4274],[129.31576,36.42986],[129.31777,36.42971],[129.31932,36.42882],[129.32084,36.42622],[129.32116,36.42629],[129.32183,36.42475],[129.3224,36.42428],[129.32277,36.42432],[129.32209,36.42352],[129.32351,36.42234],[129.32472,36.42215],[129.32713,36.4232],[129.3282,36.42477],[129.32906,36.42552],[129.32964,36.4281],[129.32933,36.42845],[129.32951,36.42872],[129.32926,36.42915],[129.32954,36.43028],[129.32709,36.43031],[129.32602,36.43055],[129.32517,36.43147],[129.32417,36.4317],[129.32351,36.43257],[129.32031,36.43365],[129.31815,36.4337],[129.31741,36.43433],[129.31567,36.43511],[129.31435,36.43707],[129.31409,36.43791],[129.31308,36.43885],[129.31326,36.43987],[129.31178,36.44072],[129.3112,36.44214],[129.31038,36.44254],[129.30944,36.44338],[129.30816,36.44356],[129.30748,36.44342],[129.30714,36.44385],[129.30636,36.44386],[129.30564,36.44453],[129.30489,36.44451],[129.30416,36.44527],[129.30347,36.44547],[129.30332,36.44634],[129.30258,36.44658],[129.30036,36.45014],[129.29763,36.45208],[129.30042,36.45017],[129.30099,36.44887],[129.30196,36.4479],[129.30261,36.44659],[129.30336,36.44633],[129.30347,36.44554],[129.30374,36.4453],[129.3042,36.44529],[129.3049,36.44453],[129.30565,36.44455],[129.30636,36.44389],[129.30718,36.44389],[129.30764,36.44339],[129.30817,36.44358],[129.30944,36.4434],[129.31026,36.44264],[129.31119,36.44218],[129.31182,36.44072],[129.31328,36.4399],[129.31311,36.43886],[129.31412,36.43792],[129.31551,36.43531],[129.31749,36.43436],[129.31821,36.43372],[129.32014,36.43374],[129.32347,36.43269],[129.3242,36.43179],[129.32518,36.43151],[129.32621,36.43057],[129.3296,36.43035],[129.331,36.43312],[129.33203,36.43409],[129.33195,36.43379],[129.33235,36.43398],[129.33434,36.43647],[129.33317,36.43654],[129.33301,36.43744],[129.33055,36.43982],[129.32931,36.44014],[129.32799,36.44001],[129.32704,36.4406],[129.32677,36.44124],[129.32692,36.44223],[129.32625,36.4428],[129.32484,36.44553],[129.32457,36.44583],[129.32357,36.44593],[129.32296,36.44624],[129.32313,36.44822],[129.32164,36.44928],[129.32191,36.45048],[129.32168,36.45113],[129.31973,36.45292],[129.31801,36.45388],[129.31818,36.45519],[129.31755,36.45665],[129.3154,36.45797],[129.31585,36.45873],[129.31309,36.45894],[129.31247,36.45955],[129.3137,36.46043],[129.31276,36.46151],[129.3116,36.46219],[129.31075,36.46357],[129.31061,36.46429],[129.3115,36.46562],[129.30986,36.46566],[129.3098,36.46639],[129.31019,36.46712],[129.30984,36.46768],[129.31028,36.46696],[129.30985,36.46636],[129.30992,36.46569],[129.31156,36.46565],[129.31067,36.46428],[129.31081,36.46356],[129.31163,36.4623],[129.31286,36.4615],[129.31382,36.46032],[129.31252,36.45959],[129.31349,36.45893],[129.31585,36.45882],[129.31551,36.45803],[129.31761,36.45672],[129.31824,36.45509],[129.31813,36.45382],[129.3199,36.45288],[129.3219,36.45096],[129.322,36.45041],[129.3217,36.44934],[129.32315,36.44833],[129.32299,36.44654],[129.32327,36.44611],[129.32441,36.44598],[129.32428,36.44666],[129.32461,36.44803],[129.32395,36.44997],[129.32468,36.45059],[129.32433,36.45183],[129.32488,36.454],[129.3256,36.4544],[129.32708,36.45452],[129.32778,36.45516],[129.32812,36.45631],[129.32789,36.45657],[129.3281,36.45796],[129.32794,36.45532],[129.32719,36.45454],[129.32595,36.45446],[129.32492,36.45403],[129.32439,36.4518],[129.32472,36.4506],[129.32401,36.44992],[129.32465,36.44812],[129.32442,36.44592],[129.32526,36.44518],[129.3265,36.44274],[129.32716,36.4423],[129.32696,36.44092],[129.32742,36.44031],[129.32825,36.44006],[129.32996,36.4404],[129.33146,36.43942],[129.33175,36.44059],[129.33218,36.44088],[129.33248,36.44218],[129.33174,36.4429],[129.33169,36.44369],[129.33202,36.44388],[129.33223,36.44448],[129.33272,36.44476],[129.33172,36.44367],[129.33179,36.44291],[129.3325,36.44216],[129.3322,36.44087],[129.33177,36.44058],[129.33156,36.43929],[129.3333,36.43744],[129.33327,36.4367],[129.33394,36.43662],[129.33461,36.43673],[129.33468,36.43698],[129.33667,36.43705],[129.34017,36.43581],[129.34125,36.4351],[129.34213,36.43417],[129.34352,36.43159],[129.34523,36.4305],[129.34772,36.42951],[129.34842,36.42956],[129.34857,36.42991],[129.34799,36.43023],[129.3517,36.4292],[129.3546,36.42885],[129.35538,36.42922],[129.3562,36.43001],[129.35696,36.43201],[129.35829,36.43324],[129.35994,36.43369],[129.36079,36.43367],[129.36312,36.43301],[129.36375,36.43212],[129.36315,36.43007],[129.36346,36.43033],[129.36331,36.42984],[129.36264,36.42904],[129.3612,36.42832],[129.35948,36.42786],[129.35931,36.428],[129.35941,36.42768],[129.35847,36.42765],[129.35736,36.42697],[129.35705,36.42498],[129.3565,36.42472],[129.35527,36.42139],[129.35614,36.42015],[129.35639,36.42012],[129.35634,36.42037],[129.35675,36.42012],[129.35885,36.4198],[129.35984,36.41934],[129.36143,36.41916],[129.36252,36.41818],[129.36371,36.41773],[129.36405,36.41788],[129.36388,36.41809],[129.36453,36.41749],[129.36494,36.41698],[129.36453,36.41252],[129.3654,36.40805],[129.36682,36.40652],[129.36661,36.40645],[129.36719,36.40625],[129.36682,36.40659],[129.36704,36.40658],[129.3683,36.40552],[129.3712,36.40404],[129.37193,36.40331],[129.37175,36.40369],[129.37078,36.4044],[129.37142,36.40434],[129.37265,36.4037],[129.37288,36.40415],[129.37203,36.40539],[129.3715,36.40576],[129.37062,36.40802],[129.37136,36.41168],[129.37116,36.41231],[129.37131,36.4132],[129.37157,36.41344],[129.37181,36.41494],[129.37252,36.41588],[129.37362,36.41847],[129.37564,36.42155],[129.37614,36.42292],[129.37748,36.42348],[129.37821,36.42466],[129.37824,36.42541],[129.37791,36.4263],[129.37706,36.42642],[129.37561,36.42713],[129.37418,36.42737],[129.37344,36.42774],[129.37175,36.42915],[129.37142,36.43005],[129.36986,36.43058],[129.36911,36.43126],[129.36917,36.43191],[129.3684,36.43344],[129.36844,36.43428],[129.36769,36.43524],[129.36804,36.43621],[129.36774,36.43525],[129.3685,36.43431],[129.36845,36.43347],[129.36921,36.43192],[129.36918,36.43125],[129.3699,36.43061],[129.37139,36.43011],[129.37181,36.42912],[129.37397,36.42747],[129.37559,36.42716],[129.37673,36.42655],[129.37779,36.42639],[129.37743,36.42779],[129.3775,36.42897],[129.3777,36.43082],[129.37825,36.4315],[129.37763,36.43273],[129.37658,36.43324],[129.37551,36.43419],[129.37534,36.43469],[129.37552,36.43511],[129.37558,36.43424],[129.37659,36.43328],[129.37765,36.43276],[129.37828,36.43158],[129.37907,36.43181],[129.38135,36.43343],[129.38245,36.43377],[129.38467,36.43579],[129.384,36.43638],[129.3833,36.43755],[129.38344,36.43833],[129.38242,36.43903],[129.38219,36.4396],[129.38245,36.43904],[129.38348,36.43833],[129.38333,36.43758],[129.38403,36.43637],[129.38476,36.43585],[129.38641,36.43763],[129.38689,36.43787],[129.38862,36.43795],[129.38988,36.43924],[129.39063,36.43952],[129.39182,36.441],[129.3915,36.44173],[129.39285,36.44292],[129.39156,36.44169],[129.39187,36.44097],[129.39055,36.4394],[129.38997,36.43925],[129.3886,36.43791],[129.38692,36.43781],[129.38648,36.4376],[129.38269,36.43386],[129.38144,36.43342],[129.37807,36.43117],[129.37775,36.43056],[129.3775,36.42787],[129.37824,36.42565],[129.37829,36.4247],[129.3775,36.42347],[129.37616,36.42292],[129.37554,36.4213],[129.37457,36.42003],[129.37385,36.41868],[129.37408,36.41878],[129.3739,36.41847],[129.37373,36.41862],[129.37289,36.41692],[129.37174,36.41406],[129.37136,36.41074],[129.37081,36.40852],[129.37179,36.40898],[129.37207,36.40989],[129.37201,36.40913],[129.37082,36.40832],[129.37084,36.40802],[129.37115,36.40709],[129.37295,36.40422],[129.37273,36.40364],[129.37343,36.40329],[129.37394,36.40335],[129.37514,36.40268],[129.37464,36.40316],[129.37512,36.40299],[129.37632,36.40204],[129.37749,36.40035],[129.37702,36.39733],[129.3772,36.39572],[129.37691,36.39576],[129.37706,36.3954],[129.37677,36.39454],[129.3765,36.39452],[129.37538,36.39333],[129.37205,36.3909],[129.37174,36.39009],[129.37243,36.38987],[129.37299,36.38706],[129.37305,36.3873],[129.37443,36.38607],[129.37473,36.38544],[129.37511,36.38539],[129.3759,36.38456],[129.37589,36.38478],[129.37721,36.38283],[129.37825,36.37937],[129.37839,36.37706],[129.37908,36.37631],[129.37946,36.37654],[129.37919,36.37607],[129.38015,36.37519],[129.3811,36.37472],[129.38158,36.37465],[129.38159,36.37481],[129.38273,36.37421],[129.3829,36.37455],[129.38307,36.37427],[129.3838,36.37411],[129.38418,36.3739],[129.38465,36.37301],[129.38439,36.37015],[129.38279,36.36405],[129.38272,36.36355],[129.38293,36.36341],[129.38202,36.36113],[129.38212,36.35924],[129.38288,36.35851],[129.38431,36.35828],[129.38663,36.35943],[129.38856,36.35965],[129.38987,36.35936],[129.38998,36.35908],[129.39133,36.35856],[129.39016,36.35752],[129.38881,36.3583],[129.38773,36.35842],[129.38551,36.35701],[129.38295,36.35745],[129.38183,36.35737],[129.38111,36.35649],[129.38112,36.35466],[129.38066,36.35437],[129.38026,36.35364],[129.37942,36.35365],[129.37904,36.3528],[129.37918,36.35168],[129.37996,36.35135],[129.37913,36.3515],[129.37873,36.3511],[129.37763,36.35098],[129.37632,36.3505],[129.3751,36.35058],[129.37296,36.35209],[129.37253,36.35272],[129.37094,36.35337],[129.36861,36.35495],[129.36676,36.35708],[129.36553,36.35679],[129.36474,36.35722],[129.36367,36.35738],[129.36222,36.3586],[129.36045,36.35964],[129.36015,36.36016],[129.35915,36.35999],[129.3567,36.36064],[129.35711,36.36172],[129.35576,36.36246],[129.35565,36.36346],[129.35469,36.36412],[129.35301,36.36708],[129.35146,36.36824],[129.35019,36.36983],[129.34847,36.37121],[129.34719,36.37161],[129.34593,36.37169],[129.3446,36.37304],[129.34451,36.37341],[129.34302,36.37385],[129.34453,36.37343],[129.34431,36.37412],[129.34461,36.37307],[129.34585,36.37177],[129.34832,36.37133],[129.35024,36.36982],[129.35126,36.36848],[129.35306,36.36706],[129.35474,36.36413],[129.35575,36.36346],[129.3558,36.36254],[129.35715,36.36176],[129.35727,36.36146],[129.35675,36.36072],[129.35895,36.36009],[129.35983,36.3603],[129.3603,36.3602],[129.36053,36.35966],[129.36224,36.35867],[129.36371,36.35743],[129.36435,36.35746],[129.36562,36.3569],[129.36687,36.3571],[129.36738,36.35621],[129.36825,36.35561],[129.36859,36.35505],[129.37095,36.3535],[129.37262,36.35273],[129.37324,36.35189],[129.375,36.3508],[129.37642,36.35077],[129.37866,36.35118],[129.3793,36.35357],[129.3795,36.35377],[129.38015,36.35369],[129.38106,36.35471],[129.38101,36.35633],[129.38145,36.35744],[129.38088,36.35782],[129.38102,36.35801],[129.38063,36.35859],[129.3803,36.35861],[129.38025,36.35942],[129.38097,36.36577],[129.38194,36.36812],[129.38214,36.36946],[129.37837,36.36988],[129.3716,36.37235],[129.37095,36.3731],[129.36997,36.37322],[129.36858,36.37473],[129.36848,36.37595],[129.36681,36.37853],[129.36556,36.37814],[129.36453,36.37818],[129.36243,36.37892],[129.36114,36.38004],[129.35936,36.37931],[129.35838,36.37923],[129.35751,36.37974],[129.35627,36.37997],[129.35519,36.38154],[129.35462,36.3813],[129.35391,36.38142],[129.35336,36.38119],[129.35222,36.38114],[129.35161,36.38072],[129.35148,36.38025],[129.35038,36.37977],[129.35144,36.38028],[129.35159,36.38074],[129.35228,36.38119],[129.35507,36.38149],[129.35484,36.3821],[129.35316,36.38374],[129.35257,36.38472],[129.34964,36.38557],[129.34756,36.38698],[129.34668,36.38732],[129.34682,36.38781],[129.34605,36.38819],[129.34661,36.38878],[129.34595,36.38965],[129.34424,36.38955],[129.34446,36.39119],[129.34396,36.39145],[129.34382,36.39183],[129.344,36.39172],[129.34402,36.39139],[129.34449,36.39118],[129.34432,36.38948],[129.34595,36.38969],[129.34669,36.38879],[129.34612,36.3882],[129.34699,36.3878],[129.34673,36.38735],[129.34973,36.38562],[129.35268,36.38475],[129.35339,36.38365],[129.35492,36.38217],[129.35578,36.38063],[129.35643,36.37999],[129.35762,36.37987],[129.35834,36.37941],[129.35894,36.37935],[129.36122,36.38025],[129.36254,36.37907],[129.36437,36.37839],[129.3653,36.3783],[129.36697,36.37852],[129.36867,36.37606],[129.36865,36.37517],[129.36895,36.37447],[129.36999,36.37334],[129.37106,36.37322],[129.37174,36.37245],[129.37879,36.3699],[129.38207,36.36972],[129.38228,36.37103],[129.38212,36.37177],[129.38306,36.37042],[129.38345,36.3706],[129.38321,36.37169],[129.38123,36.3737],[129.37895,36.37467],[129.37776,36.37495],[129.37664,36.37696],[129.3761,36.37923],[129.37606,36.37988],[129.37633,36.37977],[129.37613,36.37968],[129.37635,36.37964],[129.37638,36.37891],[129.37703,36.38013],[129.37678,36.3817],[129.37537,36.38313],[129.375,36.38402],[129.37324,36.38577],[129.37312,36.38623],[129.37387,36.3851],[129.37414,36.38505],[129.37312,36.38642],[129.37051,36.38924],[129.36936,36.38951],[129.36898,36.39001],[129.36726,36.39056],[129.36898,36.39003],[129.36943,36.38952],[129.3704,36.38933],[129.37031,36.39143],[129.3705,36.3914],[129.37126,36.39236],[129.37301,36.39386],[129.3721,36.3931],[129.37226,36.39287],[129.37276,36.39299],[129.37478,36.39537],[129.37592,36.39764],[129.37603,36.39863],[129.37573,36.39991],[129.37535,36.40059],[129.37473,36.40084],[129.37525,36.40092],[129.375,36.4013],[129.37491,36.40111],[129.37439,36.40116],[129.37308,36.40196],[129.37308,36.40225],[129.37273,36.40216],[129.37059,36.40344],[129.37059,36.40362],[129.36856,36.40461],[129.36542,36.40554],[129.3654,36.40579],[129.36598,36.40566],[129.36628,36.40615],[129.36536,36.4068],[129.36558,36.40681],[129.36516,36.40739],[129.36546,36.40728],[129.36553,36.40744],[129.36499,36.40869],[129.365,36.40969],[129.36482,36.40994],[129.36299,36.40907],[129.3631,36.41173],[129.36276,36.41369],[129.36296,36.41518],[129.36236,36.4159],[129.36217,36.41671],[129.36163,36.41711],[129.36223,36.41679],[129.36246,36.41624],[129.36284,36.41628],[129.36301,36.41664],[129.36362,36.41542],[129.36405,36.41593],[129.36424,36.41573],[129.36418,36.41682],[129.36242,36.41802],[129.36184,36.41869],[129.3614,36.41862],[129.36154,36.41835],[129.36117,36.41817],[129.36132,36.41788],[129.36075,36.41813],[129.36043,36.41794],[129.35842,36.41921],[129.356,36.41994],[129.35508,36.42142],[129.35568,36.42488],[129.3555,36.4254],[129.3571,36.42807],[129.35825,36.42805],[129.35891,36.42851],[129.35917,36.4281],[129.35941,36.42814],[129.35951,36.4286],[129.36086,36.42901],[129.36252,36.43019],[129.36364,36.43193],[129.36309,36.43292],[129.36113,36.43348],[129.35867,36.43315],[129.35679,36.43163],[129.35677,36.43081],[129.35556,36.42921],[129.35385,36.42854],[129.3513,36.42814],[129.35049,36.42823],[129.34934,36.42898],[129.34738,36.42934],[129.3466,36.42927],[129.34715,36.42944],[129.34432,36.43067],[129.34379,36.43025],[129.34257,36.43051],[129.34012,36.43024],[129.33944,36.4296],[129.33813,36.42914],[129.33788,36.42836],[129.33684,36.4276],[129.33535,36.42716],[129.33496,36.42647],[129.33539,36.42721],[129.33684,36.42764],[129.33789,36.42843],[129.33808,36.42917],[129.33942,36.42966],[129.33985,36.43019],[129.34257,36.43054],[129.34376,36.43027],[129.34429,36.43069],[129.34234,36.43255],[129.34287,36.43222],[129.34274,36.43285],[129.34203,36.43351],[129.34131,36.43478],[129.34043,36.43548],[129.3372,36.43684],[129.33481,36.43694],[129.33123,36.43223],[129.33171,36.43332],[129.3299,36.43104],[129.32976,36.43046],[129.33032,36.43041],[129.33068,36.42864],[129.32937,36.42498],[129.32731,36.42282],[129.32442,36.42188],[129.32344,36.42213],[129.32196,36.42357],[129.3218,36.42348],[129.3214,36.42378],[129.3206,36.42514],[129.31996,36.42565],[129.32012,36.42583],[129.31936,36.42807],[129.31848,36.42904],[129.31625,36.42983],[129.31532,36.42962],[129.31499,36.42927],[129.31486,36.42937],[129.3112,36.42778],[129.31012,36.42656],[129.3094,36.42628],[129.30969,36.42588],[129.30514,36.42323],[129.30459,36.42261],[129.30475,36.42328],[129.30542,36.42377],[129.30273,36.42322],[129.30106,36.42261],[129.29959,36.4218],[129.2999,36.42182],[129.29976,36.42165],[129.29908,36.4216],[129.29769,36.42092],[129.29757,36.41932],[129.29689,36.41707],[129.29682,36.41484],[129.2976,36.41296],[129.29775,36.41185],[129.29746,36.41131],[129.29751,36.41011],[129.29833,36.40833],[129.29998,36.40659],[129.30043,36.40655],[129.30135,36.40569],[129.30395,36.40295],[129.30696,36.40102],[129.30802,36.39984],[129.3089,36.39756],[129.30856,36.39615],[129.30863,36.39326],[129.30801,36.39164],[129.30782,36.38977],[129.30797,36.38902],[129.30867,36.3882],[129.30916,36.38663],[129.3086,36.38575],[129.30956,36.38546],[129.30988,36.38489],[129.30984,36.3841],[129.30985,36.38488],[129.30954,36.38544],[129.30852,36.38573],[129.30911,36.38666],[129.30864,36.38818],[129.30785,36.38909],[129.30758,36.38981],[129.30766,36.39142],[129.30596,36.38891],[129.30612,36.38762],[129.30387,36.38617],[129.3025,36.38471],[129.30124,36.38395],[129.30104,36.38306],[129.30126,36.38162],[129.30173,36.38104],[129.30156,36.38073],[129.3021,36.37921],[129.30352,36.37773],[129.30487,36.37584],[129.30535,36.37569],[129.30695,36.37248],[129.30743,36.37243],[129.30815,36.37177],[129.30968,36.37],[129.30933,36.36766],[129.3083,36.36623],[129.30799,36.36604],[129.30856,36.36669],[129.30778,36.36598],[129.30702,36.36469],[129.30623,36.364],[129.306,36.36406],[129.30585,36.36369],[129.30555,36.3637],[129.30403,36.3626],[129.30394,36.36272],[129.30302,36.36183],[129.30206,36.36156],[129.30101,36.36152],[129.30151,36.36166],[129.30124,36.36169],[129.30029,36.36148],[129.29687,36.36205],[129.29614,36.36187],[129.29455,36.36206],[129.29333,36.36201],[129.29307,36.36181],[129.29167,36.36186],[129.29195,36.35818],[129.29074,36.35735],[129.29045,36.35531],[129.29098,36.35385],[129.29191,36.35277],[129.29136,36.35312],[129.2908,36.35398],[129.29039,36.35521],[129.29066,36.35736],[129.29186,36.35819],[129.29159,36.36193],[129.28921,36.36144],[129.28461,36.3598],[129.28433,36.35998],[129.28419,36.35985],[129.28458,36.35979],[129.28317,36.35933],[129.28099,36.35908],[129.27868,36.35725],[129.2769,36.35471],[129.27678,36.35339],[129.27602,36.35131],[129.27462,36.34988],[129.27478,36.34939],[129.27567,36.34841],[129.27766,36.34808],[129.27826,36.34703],[129.27859,36.34533],[129.27825,36.34508],[129.27824,36.34434],[129.27775,36.34391],[129.27671,36.34352],[129.2745,36.34356],[129.27377,36.34312],[129.27402,36.34056],[129.27376,36.34005],[129.27377,36.33844],[129.27327,36.33714],[129.27344,36.33651],[129.27322,36.3354],[129.27269,36.33456],[129.27152,36.33371],[129.26976,36.33131],[129.26854,36.33097],[129.26755,36.3302],[129.26804,36.32839],[129.26892,36.32735],[129.26914,36.32589],[129.26849,36.32539],[129.26794,36.32572],[129.26726,36.32541],[129.26686,36.32437],[129.26682,36.32275],[129.267,36.32185],[129.26743,36.32164],[129.26822,36.32165],[129.2691,36.32096],[129.27005,36.32135],[129.27099,36.32079],[129.27295,36.32109],[129.27433,36.32095],[129.275,36.32193],[129.2759,36.32181],[129.27668,36.32138],[129.27744,36.32227],[129.27769,36.32316],[129.27935,36.32313],[129.28003,36.32337],[129.2816,36.32327],[129.27772,36.32307],[129.27737,36.32201],[129.27676,36.32134],[129.27509,36.32185],[129.27429,36.32088],[129.27301,36.32103],[129.2709,36.32077],[129.27003,36.32126],[129.26921,36.32085],[129.26823,36.32154],[129.26697,36.32175],[129.26674,36.32087],[129.26689,36.3195],[129.26738,36.31877],[129.26761,36.31767],[129.26646,36.31624],[129.2646,36.31557],[129.26332,36.31563],[129.2625,36.31684],[129.26141,36.31672],[129.26062,36.31519],[129.26094,36.31498],[129.26193,36.31509],[129.26179,36.31491],[129.26214,36.31478],[129.26207,36.31361],[129.26228,36.31316],[129.26221,36.31284],[129.26146,36.31252],[129.26061,36.3124],[129.26066,36.31258],[129.25921,36.31283],[129.25822,36.31342],[129.25772,36.31388],[129.25747,36.31458],[129.25714,36.3147],[129.25599,36.31478],[129.255,36.31416],[129.25387,36.31421],[129.25313,36.31386],[129.25215,36.31167],[129.25179,36.31021],[129.25228,36.31001],[129.25239,36.30971],[129.25321,36.30953],[129.25421,36.30871],[129.25474,36.30866],[129.25519,36.30907],[129.25543,36.30903],[129.2548,36.30866],[129.25419,36.30868],[129.25167,36.31028],[129.25071,36.30905],[129.25004,36.30782],[129.25079,36.30762],[129.25158,36.30668],[129.25132,36.30668],[129.25125,36.30508],[129.25077,36.30402],[129.25005,36.30329],[129.25037,36.30262],[129.25,36.30192],[129.25026,36.30274],[129.25,36.30335],[129.25103,36.30498],[129.25131,36.3063],[129.25104,36.307],[129.25,36.3077],[129.25004,36.30814],[129.25175,36.31055],[129.25248,36.31315],[129.25317,36.31449],[129.25377,36.31473],[129.25405,36.31468],[129.25406,36.31441],[129.25497,36.31422],[129.25594,36.31486],[129.25749,36.31478],[129.25784,36.31384],[129.25945,36.3128],[129.2613,36.31256],[129.26211,36.31288],[129.26191,36.31473],[129.26088,36.31489],[129.26044,36.31517],[129.26085,36.3156],[129.2611,36.31664],[129.26158,36.31708],[129.26131,36.3167],[129.2617,36.31693],[129.26258,36.3169],[129.26221,36.31731],[129.26293,36.31693],[129.26279,36.31643],[129.26325,36.31577],[129.26447,36.3157],[129.26604,36.31615],[129.26715,36.31721],[129.26746,36.31795],[129.26702,36.31869],[129.26661,36.32083],[129.2669,36.3223],[129.26667,36.32264],[129.26678,36.32451],[129.26737,36.32568],[129.26801,36.32583],[129.26849,36.32552],[129.2689,36.32599],[129.2687,36.32744],[129.26796,36.32832],[129.26737,36.32995],[129.26751,36.33034],[129.2683,36.33089],[129.26732,36.33076],[129.26696,36.33037],[129.26643,36.33043],[129.26617,36.33081],[129.26629,36.33156],[129.26759,36.33308],[129.26721,36.33349],[129.26553,36.33431],[129.26472,36.33412],[129.26502,36.3318],[129.26457,36.33072],[129.26316,36.32992],[129.26211,36.32961],[129.26135,36.32841],[129.26141,36.32803],[129.26076,36.3276],[129.25969,36.32769],[129.25777,36.32998],[129.25615,36.33008],[129.25564,36.33034],[129.25479,36.32982],[129.25438,36.32879],[129.25439,36.32801],[129.2536,36.32743],[129.25291,36.3274],[129.25246,36.32783],[129.25261,36.32906],[129.25306,36.32941],[129.25278,36.32984],[129.25139,36.3302],[129.25,36.32997],[129.25157,36.33028],[129.25298,36.32998],[129.2534,36.3295],[129.253,36.32892],[129.25304,36.32837],[129.25407,36.32788],[129.2544,36.32817],[129.2542,36.32886],[129.25456,36.3291],[129.25467,36.32987],[129.25551,36.33034],[129.25623,36.33012],[129.25717,36.3303],[129.2586,36.32942],[129.25973,36.32774],[129.26059,36.32764],[129.26124,36.328],[129.26115,36.32846],[129.2621,36.32967],[129.26275,36.3298],[129.2629,36.33004],[129.26284,36.32987],[129.26303,36.32991],[129.26438,36.33073],[129.26482,36.33184],[129.26458,36.33382],[129.26488,36.33443],[129.26493,36.33424],[129.26555,36.33444],[129.26775,36.33324],[129.26754,36.3326],[129.26634,36.33148],[129.26623,36.33085],[129.26648,36.3305],[129.26977,36.33155],[129.27026,36.33256],[129.27303,36.33514],[129.27331,36.33794],[129.27378,36.33887],[129.27363,36.33926],[129.27352,36.33892],[129.27348,36.33962],[129.2737,36.33971],[129.27356,36.33998],[129.27388,36.34095],[129.27352,36.34172],[129.27371,36.34186],[129.27379,36.34335],[129.27441,36.34367],[129.27689,36.34364],[129.27769,36.34399],[129.27816,36.34436],[129.27818,36.34513],[129.27859,36.34554],[129.27822,36.34588],[129.27807,36.34669],[129.27745,36.34779],[129.27629,36.34829],[129.27569,36.34831],[129.27447,36.34952],[129.27453,36.35002],[129.27584,36.35126],[129.27637,36.35266],[129.27505,36.35164],[129.27115,36.3526],[129.27,36.35246],[129.26798,36.35274],[129.26611,36.35264],[129.26581,36.35236],[129.26542,36.35247],[129.2648,36.35213],[129.26073,36.35265],[129.26045,36.35284],[129.26052,36.35315],[129.26002,36.35338],[129.2593,36.35336],[129.25888,36.3537],[129.25795,36.3534],[129.25745,36.35355],[129.25704,36.3531],[129.25665,36.35311],[129.25624,36.35348],[129.25533,36.35249],[129.25565,36.35168],[129.25533,36.3511],[129.25411,36.35085],[129.25368,36.35004],[129.25305,36.34985],[129.25306,36.34934],[129.25215,36.34946],[129.25226,36.34864],[129.25143,36.34896],[129.25127,36.34868],[129.25129,36.34896],[129.25223,36.34867],[129.25213,36.34948],[129.25302,36.34936],[129.25301,36.34987],[129.25365,36.35006],[129.25405,36.35085],[129.25442,36.35107],[129.25491,36.35095],[129.25542,36.35124],[129.25559,36.35173],[129.25535,36.35265],[129.2562,36.35351],[129.25705,36.35314],[129.25742,36.35356],[129.25792,36.35345],[129.25889,36.35376],[129.25931,36.35339],[129.26006,36.3534],[129.26056,36.35317],[129.26048,36.35285],[129.2608,36.35266],[129.2635,36.35229],[129.26467,36.35219],[129.26538,36.3525],[129.2658,36.35238],[129.26612,36.35268],[129.26795,36.35276],[129.27001,36.35249],[129.27119,36.35265],[129.27153,36.35242],[129.27526,36.35174],[129.2756,36.35225],[129.2764,36.35274],[129.27683,36.35475],[129.27849,36.35718],[129.28037,36.35885],[129.28142,36.3593],[129.28125,36.35985],[129.28083,36.35995],[129.2806,36.3603],[129.27863,36.36056],[129.27805,36.3609],[129.27755,36.36163],[129.27783,36.36194],[129.2767,36.36255],[129.27682,36.36306],[129.27629,36.36349],[129.27577,36.36479],[129.27507,36.36497],[129.27483,36.36562],[129.27512,36.36498],[129.27581,36.36481],[129.27631,36.36357],[129.27688,36.36309],[129.27674,36.36259],[129.27787,36.36194],[129.27758,36.36168],[129.27806,36.36095],[129.27863,36.36061],[129.28061,36.36035],[129.28088,36.35996],[129.28128,36.35986],[129.28144,36.35933],[129.28229,36.3594],[129.28192,36.35915],[129.28384,36.35975],[129.28258,36.35968],[129.28424,36.3601],[129.28473,36.36001],[129.29044,36.36197],[129.29161,36.36215],[129.29754,36.36212],[129.29937,36.36159],[129.30259,36.36205],[129.30225,36.36178],[129.303,36.36191],[129.3041,36.36295],[129.30584,36.36389],[129.3065,36.36448],[129.3083,36.36698],[129.30827,36.36671],[129.30875,36.36691],[129.3095,36.36844],[129.30956,36.36981],[129.30916,36.37041],[129.30881,36.3705],[129.30894,36.37083],[129.30739,36.37238],[129.30707,36.37237],[129.30727,36.37188],[129.30556,36.37426],[129.30496,36.37566],[129.30179,36.37942],[129.30091,36.381],[129.3014,36.38119],[129.30092,36.3826],[129.29934,36.38255],[129.2983,36.38349],[129.29678,36.38295],[129.29585,36.38342],[129.29558,36.38334],[129.29524,36.38289],[129.29532,36.38202],[129.29508,36.38149],[129.29316,36.37995],[129.29135,36.37945],[129.29029,36.37843],[129.29007,36.37743],[129.29046,36.37673],[129.29101,36.37634],[129.29099,36.37567],[129.29213,36.37371],[129.29191,36.37323],[129.29082,36.37267],[129.29103,36.37214],[129.29076,36.37165],[129.28996,36.37181],[129.28975,36.37143],[129.28878,36.37088],[129.28822,36.3709],[129.28795,36.3712],[129.28713,36.37093],[129.28508,36.37118],[129.28717,36.37095],[129.28796,36.37123],[129.28818,36.37093],[129.28861,36.37086],[129.28974,36.37144],[129.28996,36.37185],[129.29075,36.37169],[129.29099,36.37208],[129.29082,36.37274],[129.29186,36.37323],[129.29209,36.37376],[129.29114,36.37519],[129.29093,36.37636],[129.2905,36.37666],[129.28943,36.376],[129.28809,36.37598],[129.28743,36.37649],[129.28538,36.37679],[129.28448,36.37758],[129.28321,36.37791],[129.28216,36.37794],[129.2811,36.37725],[129.27924,36.37729],[129.277,36.37829],[129.27611,36.37824],[129.27464,36.37889],[129.27406,36.37865],[129.27376,36.37905],[129.27327,36.37898],[129.27374,36.37911],[129.27412,36.37867],[129.27469,36.37891],[129.27606,36.37828],[129.27705,36.37834],[129.27933,36.37731],[129.28105,36.37733],[129.28212,36.378],[129.28326,36.37794],[129.28408,36.37757],[129.28452,36.37761],[129.28539,36.37683],[129.28746,36.37657],[129.28808,36.3762],[129.28929,36.37601],[129.29021,36.37668],[129.28998,36.37756],[129.29043,36.37868],[129.29136,36.37956],[129.29299,36.38002],[129.29497,36.38148],[129.29524,36.38194],[129.29518,36.38294],[129.29557,36.38342],[129.29594,36.38349],[129.29687,36.38304],[129.29828,36.38354],[129.29929,36.38259],[129.3009,36.38276],[129.30111,36.38404],[129.30588,36.38799],[129.30586,36.38889],[129.30694,36.3911],[129.30738,36.39181],[129.30788,36.39189],[129.30832,36.39243],[129.30851,36.39364],[129.30835,36.39418],[129.30716,36.39192],[129.30831,36.39441],[129.3084,36.39643],[129.30845,36.39656],[129.30858,36.39642],[129.30878,36.39772],[129.30864,36.39788],[129.30762,36.39756],[129.3051,36.39644],[129.30862,36.39795],[129.3081,36.39959],[129.30769,36.40011],[129.30433,36.40273],[129.304,36.40271],[129.30175,36.40481],[129.30116,36.40572],[129.30029,36.40626],[129.29994,36.40579],[129.30048,36.40339],[129.29929,36.40317],[129.29887,36.40261],[129.29798,36.40228],[129.29538,36.4022],[129.2948,36.40175],[129.29403,36.40158],[129.29538,36.40223],[129.29797,36.40232],[129.29893,36.40268],[129.29917,36.40315],[129.30044,36.40356],[129.29986,36.40574],[129.29989,36.40641],[129.30008,36.40643],[129.29856,36.40806],[129.29835,36.40815],[129.29832,36.40789],[129.29709,36.41092],[129.29701,36.41207],[129.29747,36.41236],[129.29643,36.41528],[129.29655,36.41889],[129.29636,36.41955],[129.29503,36.41976],[129.29457,36.41929],[129.29352,36.41921],[129.29266,36.41954],[129.29052,36.41963],[129.29071,36.41948],[129.28942,36.41933],[129.28904,36.41881],[129.28746,36.41803],[129.28584,36.4175],[129.28401,36.41728],[129.27893,36.41512],[129.27629,36.41239],[129.27705,36.41133],[129.27835,36.41024],[129.27861,36.40921],[129.2793,36.40877],[129.28034,36.40873],[129.2793,36.40872],[129.27858,36.40919],[129.27832,36.41023],[129.27697,36.41135],[129.27688,36.41174],[129.27621,36.41235],[129.27551,36.41167],[129.27512,36.41075],[129.27483,36.40963],[129.27496,36.40888],[129.27405,36.40731],[129.27445,36.40667],[129.27471,36.40526],[129.27506,36.40508],[129.27464,36.40532],[129.27442,36.40666],[129.27394,36.40723],[129.2714,36.40498],[129.27005,36.4041],[129.2686,36.40379],[129.26504,36.40357],[129.26188,36.40145],[129.25824,36.39787],[129.25819,36.39238],[129.25675,36.39014],[129.25635,36.38795],[129.25644,36.38703],[129.25571,36.38623],[129.25551,36.38483],[129.25488,36.38377],[129.25442,36.38213],[129.25452,36.38131],[129.25519,36.38008],[129.25619,36.37934],[129.25642,36.37869],[129.25613,36.37769],[129.25501,36.37628],[129.25612,36.37776],[129.25637,36.37868],[129.2561,36.37932],[129.25501,36.38011],[129.25453,36.38096],[129.25434,36.38207],[129.25464,36.38335],[129.25551,36.38496],[129.25563,36.38616],[129.25637,36.38696],[129.25627,36.38783],[129.25663,36.38991],[129.25719,36.39123],[129.25812,36.3924],[129.25823,36.39471],[129.25736,36.39475],[129.2569,36.39437],[129.25273,36.39379],[129.25194,36.39388],[129.25115,36.39373],[129.25075,36.39334],[129.25,36.39342],[129.25072,36.39338],[129.25112,36.39377],[129.25196,36.39389],[129.25266,36.39382],[129.25533,36.39433],[129.25689,36.39439],[129.25729,36.39481],[129.25791,36.39475],[129.25825,36.39504],[129.25814,36.39779],[129.25583,36.39729],[129.25417,36.39813],[129.25333,36.39821],[129.25299,36.39867],[129.25199,36.39873],[129.25161,36.39921],[129.25,36.39987],[129.25168,36.39921],[129.25198,36.39876],[129.25301,36.39871],[129.25325,36.39828],[129.25416,36.39818],[129.25589,36.39732],[129.25815,36.39785],[129.26201,36.40162],[129.26463,36.40339],[129.26558,36.4037],[129.26967,36.40405],[129.27147,36.40508],[129.27428,36.40762],[129.27493,36.4089],[129.27479,36.40974],[129.27531,36.41152],[129.27851,36.41499],[129.28221,36.41649],[129.28423,36.41763],[129.28338,36.41825],[129.28252,36.41938],[129.2771,36.42043],[129.27643,36.421],[129.27554,36.42269],[129.27412,36.42353],[129.27294,36.42235],[129.27015,36.42195],[129.26926,36.42206],[129.26451,36.42033],[129.26386,36.42036],[129.26308,36.41974],[129.2619,36.41955],[129.26096,36.4189],[129.25915,36.41905],[129.25868,36.4187],[129.2587,36.41792],[129.25781,36.4178],[129.25804,36.41706],[129.25759,36.41639],[129.25745,36.4156],[129.25669,36.41513],[129.25741,36.41561],[129.25755,36.41638],[129.25802,36.41703],[129.25778,36.41781],[129.25864,36.4179],[129.25866,36.41875],[129.25903,36.419],[129.25814,36.41931],[129.25587,36.41899],[129.25433,36.41984],[129.25245,36.42021],[129.25153,36.42076],[129.25097,36.42068],[129.25,36.42007],[129.25084,36.42069],[129.25176,36.42077],[129.25253,36.42022],[129.25429,36.41988],[129.25593,36.41901],[129.25816,36.41934],[129.25905,36.41906],[129.25976,36.41928],[129.2609,36.41895],[129.2619,36.41961],[129.26307,36.41979],[129.26383,36.42037],[129.26459,36.4204],[129.26935,36.42218],[129.27014,36.42203],[129.27242,36.42241],[129.2721,36.424],[129.27095,36.42383],[129.27043,36.42404],[129.27025,36.42443],[129.2705,36.42527],[129.27036,36.42592],[129.26912,36.42697],[129.26817,36.42903],[129.26735,36.42987],[129.26575,36.43009],[129.26491,36.42985],[129.26482,36.42954],[129.26594,36.429],[129.26589,36.42873],[129.26534,36.42851],[129.26419,36.42856],[129.26381,36.42875],[129.26362,36.42926],[129.26319,36.42921],[129.26269,36.42788],[129.25959,36.42812],[129.25606,36.43008],[129.25462,36.43019],[129.25154,36.42977],[129.2504,36.43001],[129.25,36.42983],[129.25048,36.43006],[129.25154,36.42982],[129.25457,36.43022],[129.25614,36.43014],[129.25862,36.42891],[129.25963,36.42817],[129.26162,36.42812],[129.26041,36.42957],[129.26041,36.43051],[129.25924,36.43103],[129.26041,36.43194],[129.26037,36.43227],[129.2599,36.43256],[129.25787,36.43286],[129.25766,36.43381],[129.25708,36.43435],[129.25614,36.43451],[129.25354,36.43327],[129.25245,36.43371],[129.25175,36.43449],[129.25017,36.435],[129.25,36.43523],[129.2517,36.43454],[129.25244,36.43376],[129.25349,36.43331],[129.25562,36.43414],[129.25608,36.43452],[129.25708,36.4344],[129.25763,36.43393],[129.25786,36.43294],[129.25993,36.43258],[129.26039,36.43232],[129.26044,36.43192],[129.25931,36.43101],[129.26046,36.43053],[129.26046,36.42955],[129.26196,36.42803],[129.26275,36.42802],[129.26305,36.42911],[129.26349,36.42932],[129.26422,36.42861],[129.26572,36.42868],[129.26583,36.42904],[129.26474,36.42953],[129.26522,36.43005],[129.26651,36.42999],[129.26675,36.43014],[129.26761,36.42981],[129.2682,36.42908],[129.26917,36.427],[129.27047,36.42587],[129.27043,36.42414],[129.27089,36.42389],[129.27214,36.42402],[129.27254,36.42241],[129.27324,36.4227],[129.27401,36.42356],[129.27441,36.4235],[129.27576,36.42252],[129.27654,36.4209],[129.27702,36.42053],[129.28258,36.41947],[129.28345,36.41831],[129.28485,36.41752],[129.28591,36.41758],[129.28889,36.41889],[129.28905,36.41929],[129.29004,36.41958],[129.2926,36.41967],[129.29366,36.41934],[129.29462,36.41945],[129.29478,36.41975],[129.29536,36.41986],[129.29651,36.41963],[129.29728,36.42036],[129.29735,36.42079],[129.29703,36.4205],[129.29725,36.42081],[129.29922,36.42196],[129.30125,36.42277],[129.30181,36.42323],[129.3016,36.42331],[129.30194,36.42348],[129.30263,36.42328],[129.30455,36.42398],[129.30458,36.42414],[129.30365,36.42409],[129.30353,36.42428],[129.30473,36.42497],[129.30649,36.42577],[129.30685,36.4256],[129.30674,36.42579],[129.30703,36.42583],[129.30692,36.42544],[129.30636,36.42498],[129.3051,36.42482],[129.30592,36.42404],[129.30626,36.42402],[129.30879,36.42586],[129.30851,36.42586],[129.30899,36.42625],[129.30521,36.42825],[129.30303,36.42866],[129.30287,36.42848],[129.30058,36.42905],[129.29917,36.43272],[129.29945,36.43419],[129.3002,36.43532],[129.30066,36.43799],[129.30015,36.43942],[129.29957,36.44022],[129.29787,36.43992],[129.29694,36.43906],[129.29676,36.43866],[129.29704,36.43873],[129.29653,36.43814],[129.29653,36.43781],[129.29644,36.43851],[129.29461,36.43642],[129.29281,36.43604],[129.29123,36.4362],[129.29005,36.4347],[129.29012,36.43289],[129.28945,36.43266],[129.28752,36.43274],[129.28686,36.43223],[129.28638,36.43217],[129.28612,36.43177],[129.2845,36.43232],[129.28496,36.43233],[129.28614,36.4318],[129.28634,36.43221],[129.28751,36.43276],[129.29003,36.43289],[129.28997,36.43468],[129.29065,36.43574],[129.29136,36.4363],[129.29312,36.43626],[129.29249,36.43657],[129.29194,36.43725],[129.29155,36.43973],[129.29076,36.44124],[129.28955,36.44185],[129.28727,36.44198],[129.28419,36.44253],[129.28277,36.4432],[129.28092,36.44518],[129.28045,36.44543],[129.27964,36.44815],[129.27919,36.4488],[129.27843,36.44919],[129.27719,36.44924],[129.27626,36.44877],[129.27601,36.44769],[129.27635,36.44758],[129.27598,36.44571],[129.27444,36.44362],[129.27311,36.4439],[129.27331,36.44419],[129.27307,36.44438],[129.27202,36.44439],[129.27097,36.44396],[129.27014,36.4445],[129.27006,36.4487],[129.26955,36.44953],[129.26923,36.44966],[129.26548,36.44856],[129.26355,36.44851],[129.26293,36.44822],[129.2621,36.44717],[129.26119,36.44681],[129.26055,36.44694],[129.26029,36.44732],[129.2603,36.44709],[129.25959,36.44745],[129.25644,36.44798],[129.25453,36.44778],[129.25415,36.44738],[129.25453,36.44625],[129.25535,36.4452],[129.25446,36.4442],[129.25338,36.4443],[129.25196,36.44489],[129.2509,36.44508],[129.25093,36.44494],[129.25,36.44525],[129.25448,36.44424],[129.2552,36.44523],[129.25422,36.44685],[129.25408,36.44743],[129.25443,36.44784],[129.25644,36.44807],[129.2598,36.44746],[129.26112,36.44695],[129.26172,36.44708],[129.26256,36.44799],[129.26353,36.44855],[129.26561,36.44863],[129.26923,36.44969],[129.26986,36.44925],[129.27034,36.44815],[129.27014,36.44778],[129.27042,36.44644],[129.27017,36.44594],[129.27019,36.44452],[129.27093,36.44406],[129.27203,36.44441],[129.27312,36.44441],[129.27303,36.4447],[129.27339,36.44422],[129.27401,36.44412],[129.27462,36.44436],[129.27444,36.4442],[129.27463,36.44415],[129.27581,36.44545],[129.27608,36.4486],[129.27638,36.44893],[129.27719,36.44929],[129.27828,36.44925],[129.2796,36.4485],[129.27978,36.44867],[129.27984,36.44966],[129.27873,36.45119],[129.2778,36.45167],[129.27728,36.4524],[129.27706,36.45311],[129.2776,36.45387],[129.27753,36.45426],[129.27682,36.45449],[129.27593,36.45443],[129.27515,36.45397],[129.27482,36.45347],[129.27364,36.45339],[129.27277,36.45393],[129.27381,36.45542],[129.27301,36.45572],[129.2712,36.45582],[129.27049,36.45622],[129.27044,36.45671],[129.27087,36.45729],[129.27051,36.45854],[129.2713,36.45973],[129.27036,36.46002],[129.26902,36.46006],[129.26786,36.46101],[129.26765,36.46149],[129.2678,36.46219],[129.26897,36.4626],[129.26893,36.46281],[129.26815,36.46318],[129.26823,36.46354],[129.27,36.46503],[129.27002,36.46544],[129.268,36.46605],[129.2676,36.46748],[129.26699,36.46821],[129.26771,36.4675],[129.26735,36.46856],[129.26371,36.46914],[129.26356,36.46945],[129.26406,36.47043],[129.26398,36.47117],[129.26252,36.47302],[129.26214,36.47314],[129.26054,36.47266],[129.2598,36.47271],[129.25977,36.47288],[129.26066,36.47277],[129.26208,36.47329],[129.26174,36.47347],[129.26259,36.47308],[129.26408,36.47118],[129.26413,36.47053],[129.2637,36.46934],[129.26391,36.46909],[129.26734,36.46863],[129.26765,36.46836],[129.26809,36.46623],[129.26981,36.46571],[129.27018,36.4654],[129.27008,36.46499],[129.26827,36.46348],[129.26906,36.46262],[129.26784,36.46206],[129.26771,36.46152],[129.26788,36.46107],[129.26896,36.46022],[129.2707,36.46012],[129.27144,36.45986],[129.27054,36.45845],[129.27093,36.45732],[129.27048,36.45656],[129.27062,36.45612],[129.27381,36.45556],[129.2739,36.45532],[129.27284,36.45392],[129.27374,36.45343],[129.27475,36.4535],[129.27511,36.45411],[129.27587,36.45451],[129.27693,36.45456],[129.27766,36.45437],[129.27781,36.45394],[129.27724,36.45295],[129.27759,36.45205],[129.27883,36.45122],[129.27998,36.44983],[129.28082,36.45073],[129.28197,36.45413],[129.28091,36.45811],[129.27903,36.46015],[129.2789,36.46148],[129.27919,36.46293],[129.27892,36.46511],[129.27915,36.46612],[129.2787,36.46752],[129.27943,36.47099],[129.27851,36.47304],[129.27899,36.47395],[129.27889,36.47433],[129.27961,36.47547],[129.27846,36.47622],[129.27833,36.47685],[129.27961,36.47813],[129.2804,36.48001],[129.28008,36.4812],[129.27877,36.48142],[129.27811,36.48132],[129.27754,36.48162],[129.2775,36.48195],[129.27715,36.4819],[129.27753,36.48198],[129.27758,36.48164],[129.27813,36.48135],[129.28011,36.48125],[129.27998,36.48186],[129.27918,36.48266],[129.27937,36.48426],[129.27891,36.48628],[129.27912,36.48696],[129.27776,36.4885],[129.27876,36.49165],[129.27986,36.49217],[129.27808,36.49327],[129.27758,36.49307],[129.27666,36.49363],[129.27547,36.4935],[129.27656,36.49367],[129.27734,36.49314],[129.27824,36.49329],[129.27845,36.49454],[129.27763,36.49637],[129.27818,36.49801],[129.27734,36.49838],[129.27649,36.5],[129.27736,36.49845],[129.27818,36.49807],[129.27836,36.49884],[129.27906,36.49966],[129.27868,36.5],[129.27899,36.49972]],[[129.26138,36.44699],[129.26136,36.44697],[129.26133,36.44696],[129.26132,36.44696],[129.26124,36.44695],[129.26123,36.44694],[129.26121,36.44694],[129.26121,36.44693],[129.26121,36.44691],[129.26122,36.4469],[129.26122,36.44689],[129.26122,36.44688],[129.26121,36.44687],[129.26121,36.44686],[129.26123,36.44685],[129.26125,36.44685],[129.26127,36.44685],[129.26131,36.44685],[129.26134,36.44686],[129.26137,36.44687],[129.26146,36.4469],[129.26153,36.44693],[129.2616,36.44696],[129.26165,36.447],[129.26166,36.44701],[129.26166,36.44701],[129.26166,36.44702],[129.26164,36.44702],[129.26163,36.44702],[129.26156,36.44702],[129.26151,36.44702],[129.26145,36.44701],[129.26142,36.44701],[129.2614,36.447],[129.26138,36.44699]],[[129.2746,36.4441],[129.27444,36.44387],[129.27353,36.44406],[129.2732,36.44389],[129.27448,36.44365],[129.27477,36.44386],[129.2746,36.4441]],[[129.27388,36.44399],[129.27389,36.44399],[129.27389,36.44399],[129.27391,36.444],[129.27392,36.44401],[129.27392,36.44401],[129.27392,36.44402],[129.27393,36.44403],[129.27393,36.44404],[129.27392,36.44404],[129.27391,36.44405],[129.27389,36.44406],[129.27387,36.44406],[129.2738,36.44407],[129.2738,36.44407],[129.27379,36.44406],[129.27379,36.44406],[129.27378,36.44405],[129.27378,36.44404],[129.27378,36.44404],[129.27379,36.44403],[129.27379,36.44403],[129.27383,36.44401],[129.27388,36.44399]],[[129.28745,36.44201],[129.28749,36.44201],[129.28751,36.44201],[129.28752,36.44202],[129.28751,36.44203],[129.28748,36.44205],[129.28743,36.44207],[129.2874,36.44207],[129.28738,36.44207],[129.28737,36.44207],[129.28736,36.44205],[129.28736,36.44204],[129.28739,36.44202],[129.28742,36.44201],[129.28745,36.44201]],[[129.29522,36.43713],[129.2952,36.43713],[129.29519,36.43713],[129.29517,36.43712],[129.29515,36.43709],[129.29511,36.43705],[129.29511,36.43704],[129.29511,36.43703],[129.29512,36.43701],[129.29513,36.43701],[129.29515,36.43701],[129.29518,36.43701],[129.2952,36.43702],[129.29522,36.43704],[129.29523,36.43706],[129.29524,36.43707],[129.29524,36.4371],[129.29524,36.43711],[129.29523,36.43712],[129.29522,36.43713]],[[129.30128,36.42896],[129.30129,36.42896],[129.30129,36.42896],[129.3013,36.42896],[129.3013,36.42896],[129.30131,36.42896],[129.30131,36.42896],[129.30132,36.42896],[129.30136,36.42895],[129.30138,36.42894],[129.30141,36.42893],[129.3015,36.42884],[129.30151,36.42883],[129.30152,36.42883],[129.30154,36.42882],[129.30158,36.42881],[129.30159,36.4288],[129.30164,36.4288],[129.30166,36.4288],[129.30174,36.42879],[129.30176,36.42879],[129.30182,36.42878],[129.30183,36.42878],[129.30184,36.42878],[129.30191,36.4288],[129.30192,36.4288],[129.30192,36.42881],[129.30187,36.42883],[129.30186,36.42884],[129.30186,36.42885],[129.30185,36.42887],[129.30185,36.42887],[129.30184,36.42888],[129.30183,36.42888],[129.30167,36.42893],[129.30122,36.42905],[129.30121,36.42904],[129.30121,36.42904],[129.30121,36.42904],[129.30128,36.42896],[129.30128,36.42896]],[[129.30853,36.42667],[129.30933,36.42632],[129.30928,36.42653],[129.31078,36.42761],[129.30989,36.42725],[129.30908,36.42731],[129.30853,36.42667]],[[129.30554,36.42422],[129.30526,36.42399],[129.30554,36.42377],[129.30597,36.4238],[129.30554,36.42422]],[[129.30547,36.42429],[129.30534,36.42442],[129.30532,36.42443],[129.30532,36.42443],[129.30531,36.42443],[129.3053,36.42443],[129.30527,36.42439],[129.30526,36.42439],[129.30524,36.42436],[129.30524,36.42435],[129.30524,36.42434],[129.30525,36.42434],[129.30525,36.42433],[129.30526,36.42433],[129.30526,36.42433],[129.30528,36.42433],[129.30528,36.42433],[129.30529,36.42433],[129.3053,36.42433],[129.30531,36.42432],[129.30532,36.42431],[129.30532,36.4243],[129.30532,36.42429],[129.30531,36.42428],[129.30532,36.42427],[129.30532,36.42427],[129.30532,36.42427],[129.30536,36.42427],[129.30537,36.42427],[129.30539,36.42426],[129.3054,36.42426],[129.30542,36.42424],[129.30543,36.42424],[129.30543,36.42424],[129.30544,36.42425],[129.30547,36.42428],[129.30547,36.42429],[129.30547,36.42429],[129.30547,36.42429]],[[129.29658,36.41961],[129.29666,36.41664],[129.29681,36.41809],[129.29731,36.41864],[129.29746,36.42021],[129.2974,36.42041],[129.29658,36.41961]],[[129.28728,36.41798],[129.28728,36.41798],[129.28729,36.41798],[129.28736,36.41801],[129.28751,36.41807],[129.28786,36.41823],[129.28791,36.41827],[129.28793,36.41829],[129.28795,36.41832],[129.28796,36.41834],[129.28798,36.41836],[129.28801,36.41837],[129.28806,36.41839],[129.28807,36.41839],[129.28807,36.41839],[129.28807,36.4184],[129.28806,36.4184],[129.28806,36.41841],[129.28796,36.41843],[129.2879,36.41843],[129.28784,36.41842],[129.2878,36.4184],[129.28774,36.41837],[129.28765,36.41833],[129.28759,36.4183],[129.28755,36.41827],[129.2875,36.41823],[129.28736,36.41813],[129.28733,36.4181],[129.28733,36.41809],[129.28733,36.41809],[129.28732,36.41806],[129.28732,36.41805],[129.28732,36.41804],[129.28728,36.41799],[129.28728,36.41798]],[[129.30596,36.37439],[129.30596,36.37438],[129.30596,36.37437],[129.30595,36.37437],[129.30594,36.37437],[129.30592,36.37438],[129.30592,36.37437],[129.30592,36.37436],[129.30593,36.37435],[129.30598,36.37433],[129.30599,36.37432],[129.30601,36.3743],[129.30602,36.37429],[129.30603,36.37428],[129.30603,36.37427],[129.30603,36.37425],[129.30603,36.37424],[129.30604,36.37423],[129.30605,36.3742],[129.30606,36.37419],[129.30607,36.37417],[129.30608,36.37416],[129.30609,36.37416],[129.3061,36.37415],[129.3061,36.37413],[129.3061,36.37412],[129.3061,36.3741],[129.3061,36.37409],[129.30612,36.37409],[129.30613,36.37409],[129.30614,36.37409],[129.30616,36.37411],[129.30616,36.37411],[129.30617,36.37413],[129.30619,36.37413],[129.30621,36.37414],[129.30619,36.37417],[129.30618,36.37418],[129.30615,36.37423],[129.30613,36.37425],[129.30609,36.37429],[129.30604,36.37434],[129.30603,36.37436],[129.30602,36.37438],[129.306,36.3744],[129.30598,36.37441],[129.30597,36.37442],[129.30595,36.37443],[129.30594,36.37443],[129.30593,36.37443],[129.30593,36.37442],[129.30595,36.3744],[129.30596,36.37439],[129.30596,36.37439]],[[129.30535,36.36362],[129.30534,36.36362],[129.30533,36.36361],[129.30532,36.36361],[129.30531,36.36361],[129.3053,36.36361],[129.30529,36.36361],[129.30529,36.36361],[129.30528,36.36361],[129.30527,36.36361],[129.30526,36.36362],[129.30525,36.36362],[129.30525,36.36362],[129.30524,36.36362],[129.30523,36.36362],[129.30522,36.36361],[129.30522,36.36361],[129.3052,36.3636],[129.30519,36.36359],[129.30519,36.36359],[129.30516,36.36357],[129.30514,36.36356],[129.3051,36.36354],[129.30509,36.36353],[129.30508,36.36353],[129.30507,36.36352],[129.30507,36.36352],[129.30506,36.36351],[129.30506,36.3635],[129.30506,36.3635],[129.30505,36.36349],[129.30505,36.36348],[129.30505,36.36347],[129.30505,36.36347],[129.30505,36.36346],[129.30504,36.36344],[129.30504,36.36343],[129.30504,36.36343],[129.30504,36.36342],[129.30504,36.36341],[129.30504,36.36341],[129.30504,36.3634],[129.30504,36.3634],[129.30505,36.3634],[129.30505,36.36339],[129.30506,36.36339],[129.30506,36.36339],[129.30507,36.3634],[129.30509,36.36341],[129.3051,36.36341],[129.30511,36.36342],[129.30515,36.36343],[129.30516,36.36344],[129.30517,36.36344],[129.3052,36.36346],[129.30522,36.36346],[129.30523,36.36346],[129.30525,36.36346],[129.30526,36.36346],[129.30527,36.36346],[129.30528,36.36347],[129.30529,36.36347],[129.30529,36.36348],[129.3053,36.36348],[129.30532,36.3635],[129.30534,36.36352],[129.30535,36.36353],[129.30536,36.36354],[129.30537,36.36355],[129.30538,36.36355],[129.30539,36.36356],[129.30542,36.36359],[129.30543,36.3636],[129.30544,36.36361],[129.30544,36.36361],[129.30545,36.36362],[129.30545,36.36363],[129.30545,36.36364],[129.30546,36.36364],[129.30546,36.36365],[129.30546,36.36366],[129.30546,36.36367],[129.30546,36.36367],[129.30546,36.36367],[129.30545,36.36367],[129.30545,36.36368],[129.30544,36.36368],[129.30544,36.36367],[129.30543,36.36367],[129.30542,36.36367],[129.30541,36.36366],[129.30541,36.36366],[129.30539,36.36365],[129.30536,36.36363],[129.30536,36.36363],[129.30535,36.36362]],[[129.29284,36.36201],[129.29278,36.36202],[129.29277,36.36202],[129.29276,36.36201],[129.29274,36.36201],[129.29272,36.36201],[129.2927,36.36202],[129.29269,36.36203],[129.29267,36.36204],[129.29267,36.36204],[129.29266,36.36203],[129.29267,36.36201],[129.29267,36.362],[129.29267,36.36199],[129.29265,36.36198],[129.29263,36.36197],[129.29261,36.36197],[129.2926,36.36197],[129.29257,36.36199],[129.29255,36.362],[129.29254,36.362],[129.29253,36.36199],[129.29253,36.36198],[129.29252,36.36196],[129.29253,36.36194],[129.29253,36.36193],[129.29254,36.36193],[129.29256,36.36192],[129.29259,36.36192],[129.29263,36.36192],[129.29267,36.36192],[129.29269,36.36191],[129.29274,36.36191],[129.29277,36.36191],[129.2928,36.36191],[129.29285,36.36191],[129.29288,36.36191],[129.29291,36.36191],[129.29293,36.36192],[129.29294,36.36193],[129.29294,36.36195],[129.29294,36.36197],[129.29293,36.36199],[129.29292,36.362],[129.2929,36.362],[129.29287,36.36201],[129.29284,36.36201]],[[129.2648,36.35219],[129.26479,36.35218],[129.26479,36.35217],[129.2648,36.35216],[129.26485,36.35217],[129.26487,36.35217],[129.26489,36.35217],[129.26491,36.35216],[129.26494,36.35216],[129.26496,36.35216],[129.26498,36.35216],[129.265,36.35217],[129.26502,36.35219],[129.26504,36.35221],[129.26505,36.35223],[129.26505,36.35225],[129.26505,36.35227],[129.26508,36.35231],[129.26509,36.35233],[129.26513,36.35236],[129.26515,36.35237],[129.26516,36.35238],[129.26516,36.35239],[129.26516,36.3524],[129.26516,36.3524],[129.26515,36.3524],[129.26509,36.35238],[129.26507,36.35237],[129.26505,36.35236],[129.26503,36.35234],[129.26501,36.35233],[129.26499,36.35232],[129.26496,36.3523],[129.26494,36.35229],[129.26492,36.35227],[129.2649,36.35226],[129.26488,36.35225],[129.26487,36.35224],[129.26483,36.35222],[129.2648,36.35219]],[[129.27819,36.34697],[129.2782,36.34697],[129.2782,36.34697],[129.2782,36.34698],[129.27821,36.34698],[129.27821,36.34699],[129.27821,36.34701],[129.27821,36.34702],[129.27821,36.34703],[129.27821,36.34704],[129.27821,36.34705],[129.2782,36.34706],[129.2782,36.34707],[129.27819,36.34708],[129.27819,36.34709],[129.27818,36.3471],[129.27817,36.34711],[129.27817,36.34712],[129.27816,36.34714],[129.27816,36.34714],[129.27816,36.34715],[129.27816,36.34716],[129.27816,36.34716],[129.27816,36.34718],[129.27816,36.34719],[129.27816,36.34719],[129.27816,36.3472],[129.27816,36.34721],[129.27816,36.34722],[129.27815,36.34722],[129.27814,36.34723],[129.27814,36.34723],[129.27813,36.34724],[129.27811,36.34725],[129.2781,36.34726],[129.27808,36.34727],[129.27808,36.34727],[129.27807,36.34728],[129.27804,36.34729],[129.27803,36.3473],[129.27802,36.3473],[129.27801,36.34731],[129.278,36.34731],[129.27797,36.34733],[129.27796,36.34733],[129.27795,36.34734],[129.27794,36.34734],[129.27793,36.34734],[129.27792,36.34735],[129.27791,36.34735],[129.27791,36.34735],[129.2779,36.34735],[129.2779,36.34735],[129.2779,36.34734],[129.2779,36.34734],[129.2779,36.34733],[129.27792,36.34731],[129.27792,36.34731],[129.27793,36.3473],[129.27794,36.34728],[129.27796,36.34726],[129.27796,36.34725],[129.27797,36.34724],[129.27798,36.34724],[129.27799,36.34723],[129.278,36.34722],[129.27801,36.34721],[129.27802,36.3472],[129.27803,36.3472],[129.27804,36.34718],[129.27811,36.34711],[129.27811,36.3471],[129.27812,36.3471],[129.27813,36.34707],[129.27814,36.34705],[129.27815,36.34704],[129.27815,36.34702],[129.27816,36.34702],[129.27816,36.34701],[129.27818,36.34698],[129.27819,36.34698],[129.27819,36.34697],[129.27819,36.34697]],[[129.27386,36.34052],[129.27387,36.34052],[129.27387,36.34052],[129.27388,36.34052],[129.27389,36.34053],[129.2739,36.34053],[129.2739,36.34054],[129.27391,36.34054],[129.27392,36.34055],[129.27393,36.34055],[129.27394,36.34055],[129.27394,36.34056],[129.27395,36.34056],[129.27395,36.34056],[129.27396,36.34057],[129.27396,36.34057],[129.27396,36.34058],[129.27396,36.34059],[129.27396,36.34059],[129.27395,36.34061],[129.27395,36.34062],[129.27395,36.34062],[129.27394,36.34063],[129.27394,36.34064],[129.27394,36.34067],[129.27394,36.34069],[129.27394,36.34073],[129.27394,36.34074],[129.27394,36.34074],[129.27393,36.34075],[129.27393,36.34076],[129.27393,36.34077],[129.27392,36.34077],[129.27391,36.34078],[129.27391,36.34078],[129.2739,36.34079],[129.27389,36.34079],[129.27388,36.34079],[129.27388,36.34079],[129.27387,36.34079],[129.27387,36.34079],[129.27386,36.34079],[129.27386,36.34078],[129.27385,36.34078],[129.27385,36.34077],[129.27384,36.34076],[129.27384,36.34075],[129.27383,36.34072],[129.27383,36.34071],[129.27383,36.34071],[129.27382,36.34069],[129.27382,36.34068],[129.27381,36.34068],[129.27381,36.34067],[129.27381,36.34066],[129.27381,36.34065],[129.27381,36.34065],[129.27381,36.34064],[129.27381,36.34064],[129.27382,36.34063],[129.27382,36.34063],[129.27383,36.34063],[129.27384,36.34063],[129.27385,36.34062],[129.27385,36.34062],[129.27386,36.34062],[129.27386,36.34061],[129.27386,36.34061],[129.27386,36.34061],[129.27385,36.34059],[129.27384,36.34059],[129.27384,36.34058],[129.27384,36.34057],[129.27384,36.34057],[129.27384,36.34056],[129.27385,36.34055],[129.27385,36.34053],[129.27386,36.34052],[129.27386,36.34052]],[[129.26548,36.33443],[129.26544,36.33443],[129.26541,36.33443],[129.26537,36.33442],[129.26535,36.33441],[129.26533,36.3344],[129.26531,36.33437],[129.26529,36.33436],[129.26528,36.33434],[129.26526,36.33432],[129.26525,36.33429],[129.26525,36.33428],[129.26526,36.33427],[129.26528,36.33427],[129.2653,36.33427],[129.26533,36.33429],[129.26536,36.3343],[129.2654,36.33432],[129.26547,36.33434],[129.26549,36.33434],[129.26554,36.33435],[129.26557,36.33436],[129.26557,36.33437],[129.26557,36.33439],[129.26557,36.3344],[129.26556,36.33441],[129.26554,36.33442],[129.26552,36.33443],[129.26548,36.33443]],[[129.25294,36.32916],[129.25259,36.32882],[129.25254,36.32774],[129.25283,36.32745],[129.25335,36.32742],[129.25396,36.32782],[129.25291,36.32843],[129.25294,36.32916]],[[129.2519,36.33023],[129.25268,36.32996],[129.25318,36.32948],[129.25299,36.32992],[129.2519,36.33023]],[[129.26741,36.31821],[129.26743,36.3182],[129.26744,36.31821],[129.26744,36.31822],[129.26744,36.31823],[129.26745,36.31825],[129.26745,36.31826],[129.26745,36.31828],[129.26745,36.31829],[129.26745,36.3183],[129.26745,36.31831],[129.26744,36.31833],[129.26744,36.31834],[129.26744,36.31835],[129.26744,36.31836],[129.26744,36.31837],[129.26744,36.31838],[129.26743,36.31839],[129.26743,36.3184],[129.26743,36.31841],[129.26742,36.31842],[129.26741,36.31843],[129.2674,36.31846],[129.26739,36.31847],[129.26738,36.31848],[129.26738,36.31849],[129.26736,36.31852],[129.26736,36.31853],[129.26735,36.31855],[129.26734,36.31856],[129.26734,36.31856],[129.26733,36.31857],[129.26732,36.3186],[129.26731,36.31861],[129.26731,36.31862],[129.26725,36.31866],[129.26724,36.31866],[129.26723,36.31867],[129.26722,36.31867],[129.26721,36.31867],[129.2672,36.31867],[129.26719,36.31868],[129.26718,36.31869],[129.26717,36.31869],[129.26717,36.3187],[129.26716,36.31871],[129.26715,36.31872],[129.26713,36.31873],[129.26712,36.31873],[129.26711,36.31874],[129.2671,36.31875],[129.26709,36.31875],[129.26708,36.31877],[129.26708,36.31877],[129.26707,36.31878],[129.26706,36.31878],[129.26705,36.31878],[129.26705,36.31877],[129.26705,36.31876],[129.26706,36.31873],[129.26706,36.31873],[129.26706,36.31872],[129.26707,36.31871],[129.26708,36.31869],[129.26709,36.31869],[129.2671,36.31868],[129.2671,36.31867],[129.26712,36.31866],[129.26713,36.31866],[129.26714,36.31865],[129.26715,36.31864],[129.26716,36.31863],[129.26716,36.31862],[129.26717,36.31861],[129.26717,36.3186],[129.26717,36.31859],[129.26717,36.31858],[129.26717,36.31858],[129.26718,36.31857],[129.26719,36.31856],[129.2672,36.31855],[129.26722,36.31853],[129.26722,36.31853],[129.26723,36.31852],[129.26723,36.31851],[129.26723,36.31849],[129.26724,36.31847],[129.26724,36.31846],[129.26725,36.31845],[129.26727,36.3184],[129.26727,36.31839],[129.26728,36.31837],[129.26729,36.31836],[129.26729,36.31835],[129.2673,36.31834],[129.2673,36.31833],[129.26731,36.31832],[129.26731,36.31831],[129.26732,36.3183],[129.26735,36.31828],[129.26737,36.31825],[129.26738,36.31824],[129.26739,36.31823],[129.2674,36.31822],[129.2674,36.31821],[129.26741,36.31821]],[[129.26753,36.31772],[129.26754,36.31771],[129.26755,36.31771],[129.26756,36.31772],[129.26757,36.31773],[129.26757,36.31773],[129.26757,36.31774],[129.26758,36.31775],[129.26758,36.31776],[129.26759,36.31777],[129.2676,36.31778],[129.2676,36.31779],[129.2676,36.31779],[129.26761,36.3178],[129.26761,36.31781],[129.26762,36.31782],[129.26763,36.31783],[129.26765,36.31784],[129.26766,36.31784],[129.26767,36.31785],[129.26767,36.31786],[129.26767,36.31787],[129.26767,36.31788],[129.26767,36.31789],[129.26766,36.3179],[129.26765,36.3179],[129.26764,36.31791],[129.26763,36.31792],[129.26762,36.31792],[129.26761,36.31793],[129.2676,36.31793],[129.26759,36.31793],[129.26758,36.31793],[129.26755,36.31793],[129.26754,36.31793],[129.26753,36.31792],[129.26753,36.31791],[129.26752,36.31789],[129.26752,36.31788],[129.26753,36.31787],[129.26754,36.31786],[129.26754,36.31785],[129.26754,36.31784],[129.26755,36.31783],[129.26755,36.31781],[129.26755,36.3178],[129.26754,36.31779],[129.26754,36.31778],[129.26753,36.31772],[129.26753,36.31772]],[[129.26111,36.31657],[129.26112,36.31656],[129.26113,36.31656],[129.26113,36.31657],[129.26115,36.31661],[129.26116,36.31661],[129.26117,36.31662],[129.26118,36.31663],[129.26119,36.31666],[129.26119,36.31667],[129.26119,36.31667],[129.26117,36.31667],[129.26116,36.31667],[129.26115,36.31667],[129.26114,36.31666],[129.26114,36.31665],[129.26113,36.31664],[129.26113,36.31663],[129.26112,36.31661],[129.26112,36.31659],[129.26111,36.31657],[129.26111,36.31657]],[[129.25398,36.3144],[129.25344,36.31433],[129.25313,36.31399],[129.25421,36.31431],[129.25398,36.3144]],[[129.25351,36.31443],[129.25396,36.31458],[129.25354,36.31468],[129.25316,36.31434],[129.25351,36.31443]],[[129.32091,36.42598],[129.32073,36.42574],[129.3214,36.425],[129.32091,36.42598]],[[129.32987,36.42912],[129.32978,36.42913],[129.32978,36.42913],[129.32977,36.42912],[129.32976,36.42908],[129.32976,36.42907],[129.32976,36.42907],[129.32975,36.42906],[129.32975,36.42906],[129.32974,36.42905],[129.32973,36.42905],[129.32972,36.42905],[129.32971,36.42905],[129.3297,36.42904],[129.3297,36.42904],[129.32971,36.42903],[129.3298,36.429],[129.32984,36.42898],[129.32984,36.42898],[129.32985,36.42898],[129.32986,36.42898],[129.32992,36.42902],[129.32993,36.42903],[129.32993,36.42903],[129.32993,36.42904],[129.32993,36.42906],[129.32994,36.42906],[129.32998,36.42909],[129.32999,36.42909],[129.32999,36.4291],[129.32999,36.4291],[129.32998,36.4291],[129.32997,36.42911],[129.32987,36.42912]],[[129.33003,36.42913],[129.33023,36.42923],[129.3301,36.42951],[129.33018,36.42932],[129.33034,36.42952],[129.3302,36.43029],[129.32996,36.43024],[129.33003,36.42913]],[[129.33004,36.42976],[129.32973,36.43023],[129.32973,36.42917],[129.32999,36.42927],[129.33004,36.42976]],[[129.32947,36.42944],[129.32946,36.42944],[129.32945,36.42944],[129.32943,36.42943],[129.32942,36.42942],[129.32941,36.42941],[129.32941,36.42939],[129.3294,36.42938],[129.3294,36.42932],[129.3294,36.4293],[129.3294,36.42928],[129.32939,36.42928],[129.32939,36.42928],[129.32939,36.42927],[129.3294,36.42925],[129.3294,36.42924],[129.32941,36.42923],[129.32942,36.42922],[129.32943,36.42921],[129.32951,36.42921],[129.32952,36.42921],[129.32953,36.42921],[129.32954,36.42922],[129.32955,36.42922],[129.32955,36.42923],[129.32956,36.42924],[129.32956,36.42928],[129.32955,36.4293],[129.32955,36.42931],[129.32954,36.42932],[129.3295,36.42942],[129.32948,36.42944],[129.32947,36.42944]],[[129.33953,36.43598],[129.33954,36.43598],[129.33955,36.43598],[129.33955,36.43599],[129.33955,36.436],[129.33948,36.43604],[129.33947,36.43604],[129.33946,36.43603],[129.33944,36.43603],[129.33943,36.43602],[129.33942,36.43601],[129.33942,36.436],[129.33942,36.436],[129.33944,36.436],[129.33946,36.43599],[129.33951,36.43598],[129.33953,36.43598]],[[129.34291,36.43227],[129.34289,36.4322],[129.3429,36.43219],[129.3429,36.43218],[129.34292,36.43217],[129.34293,36.43216],[129.34294,36.43216],[129.34295,36.43216],[129.34296,36.43218],[129.34296,36.43221],[129.34297,36.43225],[129.34297,36.43227],[129.34297,36.4323],[129.34296,36.43232],[129.34296,36.43232],[129.34295,36.43233],[129.34294,36.43232],[129.34293,36.4323],[129.34291,36.43227]],[[129.3476,36.42937],[129.34962,36.42895],[129.35093,36.42819],[129.35406,36.42872],[129.35016,36.42933],[129.35015,36.42952],[129.3487,36.42995],[129.34853,36.4294],[129.34639,36.42977],[129.3476,36.42937]],[[129.36343,36.41545],[129.36342,36.41546],[129.36342,36.41546],[129.36342,36.41546],[129.36342,36.41547],[129.36342,36.41547],[129.36342,36.41547],[129.36342,36.41548],[129.36343,36.41548],[129.36343,36.41548],[129.36343,36.41548],[129.36344,36.41548],[129.36345,36.41548],[129.36345,36.41548],[129.36345,36.41548],[129.36346,36.41548],[129.36346,36.41547],[129.36347,36.41546],[129.36347,36.41546],[129.36347,36.41546],[129.36348,36.41546],[129.36348,36.41546],[129.36348,36.41546],[129.36349,36.41546],[129.36349,36.41546],[129.36349,36.41546],[129.36349,36.41546],[129.3635,36.41547],[129.3635,36.41547],[129.3635,36.41548],[129.3635,36.41549],[129.3635,36.4155],[129.3635,36.41551],[129.3635,36.41551],[129.3635,36.41551],[129.3635,36.41551],[129.3635,36.41551],[129.36351,36.41551],[129.36352,36.41551],[129.36354,36.41552],[129.36354,36.41553],[129.36354,36.41554],[129.36354,36.41554],[129.36353,36.41555],[129.36353,36.41555],[129.36353,36.41555],[129.36352,36.41555],[129.36352,36.41555],[129.36351,36.41555],[129.3635,36.41554],[129.3635,36.41554],[129.3635,36.41554],[129.36349,36.41555],[129.36349,36.41555],[129.36349,36.41555],[129.36349,36.41556],[129.36349,36.41556],[129.36349,36.41557],[129.36348,36.41557],[129.36348,36.41558],[129.36348,36.41558],[129.36348,36.41558],[129.36348,36.41558],[129.36347,36.41558],[129.36347,36.41558],[129.36347,36.41557],[129.36347,36.41556],[129.36347,36.41556],[129.36346,36.41555],[129.36346,36.41555],[129.36346,36.41554],[129.36346,36.41554],[129.36346,36.41555],[129.36346,36.41555],[129.36345,36.41555],[129.36345,36.41556],[129.36345,36.41556],[129.36344,36.41556],[129.36344,36.41556],[129.36344,36.41556],[129.36344,36.41555],[129.36343,36.41555],[129.36343,36.41554],[129.36343,36.41554],[129.36343,36.41554],[129.36343,36.41554],[129.36343,36.41553],[129.36343,36.41552],[129.36343,36.41552],[129.36343,36.41551],[129.36343,36.41551],[129.36343,36.41551],[129.36343,36.41551],[129.36342,36.41551],[129.36342,36.41551],[129.36342,36.41551],[129.36341,36.41551],[129.36341,36.41551],[129.3634,36.41551],[129.3634,36.41551],[129.3634,36.41551],[129.36339,36.4155],[129.36339,36.4155],[129.36339,36.4155],[129.36339,36.41549],[129.36339,36.41549],[129.36338,36.41549],[129.36338,36.41548],[129.36338,36.41548],[129.36338,36.41548],[129.36338,36.41547],[129.36338,36.41547],[129.36338,36.41547],[129.36338,36.41547],[129.36339,36.41546],[129.3634,36.41546],[129.3634,36.41545],[129.3634,36.41545],[129.3634,36.41545],[129.3634,36.41544],[129.3634,36.41544],[129.3634,36.41544],[129.3634,36.41544],[129.36339,36.41544],[129.36339,36.41544],[129.36338,36.41544],[129.36338,36.41544],[129.36337,36.41544],[129.36336,36.41544],[129.36336,36.41544],[129.36335,36.41544],[129.36335,36.41544],[129.36335,36.41544],[129.36335,36.41543],[129.36334,36.41543],[129.36334,36.41543],[129.36334,36.41543],[129.36334,36.41543],[129.36333,36.41543],[129.36333,36.41542],[129.36333,36.41542],[129.36332,36.41542],[129.36332,36.41541],[129.36332,36.41541],[129.36332,36.4154],[129.36332,36.4154],[129.36331,36.4154],[129.36331,36.4154],[129.3633,36.4154],[129.3633,36.4154],[129.3633,36.4154],[129.36329,36.4154],[129.36329,36.41539],[129.36329,36.41539],[129.36328,36.41539],[129.36328,36.41539],[129.36328,36.41538],[129.36329,36.41538],[129.36329,36.41538],[129.36329,36.41538],[129.36329,36.41538],[129.3633,36.41538],[129.36331,36.41538],[129.36331,36.41538],[129.36331,36.41538],[129.36331,36.41538],[129.36332,36.41537],[129.36332,36.41537],[129.36333,36.41536],[129.36333,36.41536],[129.36333,36.41536],[129.36333,36.41536],[129.36334,36.41537],[129.36334,36.41537],[129.36335,36.41537],[129.36335,36.41538],[129.36336,36.41538],[129.36336,36.41538],[129.36336,36.41539],[129.36337,36.41539],[129.36337,36.4154],[129.36338,36.4154],[129.36338,36.4154],[129.36338,36.4154],[129.36338,36.4154],[129.36338,36.4154],[129.36339,36.41539],[129.3634,36.41539],[129.3634,36.41539],[129.3634,36.41539],[129.36341,36.41539],[129.36341,36.4154],[129.36341,36.4154],[129.36342,36.41541],[129.36343,36.41542],[129.36343,36.41542],[129.36343,36.41542],[129.36344,36.41543],[129.36344,36.41543],[129.36344,36.41543],[129.36344,36.41543],[129.36344,36.41544],[129.36344,36.41544],[129.36344,36.41544],[129.36344,36.41545],[129.36343,36.41545],[129.36343,36.41545]],[[129.36326,36.41538],[129.36326,36.41589],[129.363,36.41543],[129.36308,36.41514],[129.36326,36.41538]],[[129.3632,36.41589],[129.3632,36.41589],[129.3632,36.41589],[129.36321,36.41589],[129.36321,36.4159],[129.36321,36.4159],[129.36322,36.41592],[129.36322,36.41594],[129.36322,36.41594],[129.36322,36.41594],[129.36322,36.41595],[129.36322,36.41595],[129.36322,36.41596],[129.36321,36.41597],[129.36321,36.41598],[129.3632,36.41598],[129.3632,36.41599],[129.36319,36.41599],[129.36319,36.416],[129.36318,36.41601],[129.36317,36.41601],[129.36316,36.41602],[129.36316,36.41603],[129.36315,36.41603],[129.36315,36.41603],[129.36314,36.41604],[129.36314,36.41605],[129.36314,36.41605],[129.36314,36.41606],[129.36314,36.41606],[129.36314,36.41607],[129.36314,36.41608],[129.36314,36.41609],[129.36314,36.4161],[129.36314,36.41611],[129.36314,36.41612],[129.36314,36.41613],[129.36313,36.41613],[129.36313,36.41614],[129.36313,36.41615],[129.36312,36.41615],[129.36312,36.41615],[129.36312,36.41615],[129.36312,36.41616],[129.36311,36.41616],[129.3631,36.41615],[129.36309,36.41615],[129.36308,36.41615],[129.36307,36.41615],[129.36307,36.41615],[129.36307,36.41615],[129.36306,36.41615],[129.36306,36.41614],[129.36306,36.41614],[129.36306,36.41613],[129.36306,36.41612],[129.36306,36.41611],[129.36306,36.41611],[129.36305,36.4161],[129.36305,36.41609],[129.36305,36.41608],[129.36305,36.41607],[129.36305,36.41606],[129.36305,36.41606],[129.36305,36.41605],[129.36305,36.41605],[129.36305,36.41604],[129.36306,36.41603],[129.36306,36.41602],[129.36306,36.41601],[129.36307,36.416],[129.36308,36.416],[129.36308,36.41599],[129.36309,36.41598],[129.3631,36.41597],[129.3631,36.41597],[129.36311,36.41596],[129.36311,36.41596],[129.36311,36.41596],[129.36312,36.41595],[129.36312,36.41595],[129.36312,36.41595],[129.36313,36.41595],[129.36313,36.41595],[129.36314,36.41596],[129.36314,36.41596],[129.36315,36.41597],[129.36315,36.41597],[129.36315,36.41597],[129.36316,36.41597],[129.36316,36.41597],[129.36317,36.41597],[129.36317,36.41596],[129.36317,36.41596],[129.36317,36.41595],[129.36317,36.41595],[129.36317,36.41594],[129.36317,36.41594],[129.36317,36.41593],[129.36317,36.41592],[129.36316,36.41592],[129.36316,36.41591],[129.36317,36.41591],[129.36317,36.41591],[129.36317,36.4159],[129.36318,36.4159],[129.36318,36.41589],[129.36319,36.41589],[129.36319,36.41589],[129.36319,36.41589],[129.3632,36.41589]],[[129.36278,36.41616],[129.36278,36.41617],[129.36278,36.41617],[129.36278,36.41618],[129.36278,36.41618],[129.36278,36.41619],[129.36278,36.4162],[129.36278,36.4162],[129.36279,36.41621],[129.36279,36.41622],[129.36279,36.41622],[129.36279,36.41622],[129.36279,36.41623],[129.36279,36.41623],[129.36279,36.41623],[129.36279,36.41624],[129.36278,36.41624],[129.36278,36.41624],[129.36278,36.41624],[129.36278,36.41624],[129.36277,36.41624],[129.36277,36.41623],[129.36277,36.41623],[129.36276,36.41622],[129.36276,36.41621],[129.36275,36.4162],[129.36275,36.4162],[129.36274,36.41619],[129.36274,36.41619],[129.36274,36.41619],[129.36274,36.41619],[129.36274,36.41619],[129.36273,36.41619],[129.36273,36.41619],[129.36272,36.4162],[129.36272,36.4162],[129.36271,36.41621],[129.36271,36.41622],[129.3627,36.41622],[129.3627,36.41623],[129.3627,36.41623],[129.3627,36.41623],[129.3627,36.41623],[129.3627,36.41623],[129.36269,36.41623],[129.36269,36.41622],[129.36269,36.41621],[129.36269,36.41621],[129.3627,36.4162],[129.3627,36.41619],[129.3627,36.41618],[129.36271,36.41617],[129.36271,36.41616],[129.36272,36.41615],[129.36272,36.41614],[129.36273,36.41613],[129.36273,36.41612],[129.36274,36.41611],[129.36275,36.41611],[129.36275,36.4161],[129.36276,36.41609],[129.36277,36.41608],[129.36278,36.41607],[129.36278,36.41607],[129.36279,36.41606],[129.36279,36.41606],[129.3628,36.41606],[129.3628,36.41606],[129.3628,36.41606],[129.36281,36.41606],[129.36281,36.41606],[129.36282,36.41606],[129.36282,36.41606],[129.36283,36.41606],[129.36283,36.41606],[129.36283,36.41606],[129.36284,36.41605],[129.36284,36.41604],[129.36285,36.41604],[129.36285,36.41604],[129.36285,36.41604],[129.36285,36.41604],[129.36285,36.41604],[129.36286,36.41604],[129.36286,36.41604],[129.36286,36.41605],[129.36286,36.41605],[129.36285,36.41607],[129.36284,36.41608],[129.36283,36.41609],[129.36283,36.4161],[129.36282,36.4161],[129.36281,36.41611],[129.36281,36.41611],[129.3628,36.41612],[129.3628,36.41613],[129.36279,36.41614],[129.36279,36.41614],[129.36279,36.41615],[129.36278,36.41616]],[[129.36337,36.41572],[129.36339,36.4157],[129.3634,36.4157],[129.3634,36.4157],[129.3634,36.4157],[129.3634,36.41571],[129.3634,36.41571],[129.3634,36.41572],[129.3634,36.41572],[129.3634,36.41573],[129.3634,36.41574],[129.3634,36.41575],[129.36339,36.41576],[129.36339,36.41577],[129.36339,36.41578],[129.36339,36.41579],[129.36339,36.4158],[129.36339,36.4158],[129.36339,36.41581],[129.36338,36.41582],[129.36338,36.41582],[129.36338,36.41582],[129.36338,36.41582],[129.36337,36.41582],[129.36337,36.41582],[129.36336,36.41583],[129.36336,36.41582],[129.36336,36.41582],[129.36336,36.41582],[129.36335,36.41582],[129.36335,36.41582],[129.36335,36.41581],[129.36336,36.41581],[129.36336,36.4158],[129.36336,36.4158],[129.36336,36.41579],[129.36336,36.41579],[129.36336,36.41578],[129.36336,36.41578],[129.36336,36.41578],[129.36335,36.41577],[129.36335,36.41577],[129.36335,36.41577],[129.36334,36.41576],[129.36335,36.41576],[129.36335,36.41575],[129.36335,36.41575],[129.36335,36.41574],[129.36335,36.41573],[129.36336,36.41573],[129.36336,36.41572],[129.36337,36.41572]],[[129.36332,36.41546],[129.36333,36.41546],[129.36333,36.41546],[129.36333,36.41546],[129.36333,36.41547],[129.36333,36.41547],[129.36334,36.41548],[129.36334,36.41548],[129.36334,36.41548],[129.36335,36.41548],[129.36335,36.41548],[129.36335,36.41548],[129.36336,36.41548],[129.36336,36.41549],[129.36336,36.41549],[129.36337,36.41551],[129.36336,36.41551],[129.36336,36.41552],[129.36336,36.41552],[129.36336,36.41553],[129.36335,36.41553],[129.36335,36.41553],[129.36335,36.41553],[129.36334,36.41553],[129.36334,36.41553],[129.36333,36.41553],[129.36333,36.41553],[129.36332,36.41553],[129.36332,36.41553],[129.36332,36.41552],[129.36331,36.41552],[129.36331,36.41551],[129.36331,36.41551],[129.3633,36.41551],[129.3633,36.4155],[129.3633,36.4155],[129.3633,36.41549],[129.3633,36.41549],[129.36331,36.41549],[129.36331,36.41548],[129.36331,36.41548],[129.36331,36.41548],[129.36332,36.41547],[129.36332,36.41547],[129.36332,36.41547],[129.36332,36.41546]],[[129.36351,36.41423],[129.36353,36.41423],[129.36356,36.41423],[129.36359,36.41424],[129.36361,36.41425],[129.36362,36.41427],[129.36364,36.41429],[129.36365,36.41431],[129.36367,36.41439],[129.36367,36.41441],[129.36368,36.41444],[129.36369,36.41448],[129.3637,36.41451],[129.3637,36.41453],[129.36369,36.41454],[129.36368,36.41454],[129.36367,36.41454],[129.36365,36.41454],[129.36364,36.41454],[129.36363,36.41454],[129.36361,36.41455],[129.3636,36.41454],[129.3636,36.41454],[129.36359,36.41452],[129.36358,36.4145],[129.36357,36.41448],[129.36358,36.41446],[129.36357,36.41446],[129.36354,36.41445],[129.3635,36.41445],[129.36348,36.41444],[129.36347,36.41444],[129.36346,36.41443],[129.36346,36.41441],[129.36346,36.41436],[129.36346,36.4143],[129.36346,36.41428],[129.36346,36.41426],[129.36346,36.41425],[129.36347,36.41425],[129.3635,36.41424],[129.36351,36.41423]],[[129.36315,36.41376],[129.36316,36.41376],[129.36318,36.41376],[129.36319,36.41378],[129.36322,36.41381],[129.36324,36.41382],[129.36327,36.41383],[129.3633,36.41385],[129.36336,36.41391],[129.36337,36.41394],[129.36338,36.41396],[129.36338,36.41396],[129.3634,36.41397],[129.36341,36.41397],[129.36342,36.41398],[129.36343,36.41399],[129.36344,36.41401],[129.36345,36.41402],[129.36346,36.41402],[129.36349,36.41403],[129.36349,36.41404],[129.36349,36.41405],[129.36349,36.41407],[129.3635,36.41407],[129.36351,36.41408],[129.36352,36.41408],[129.36354,36.41408],[129.36356,36.41408],[129.36358,36.41408],[129.36359,36.41409],[129.36359,36.41409],[129.36359,36.41411],[129.36359,36.41413],[129.36357,36.41415],[129.36355,36.41416],[129.36354,36.41416],[129.3635,36.41415],[129.36348,36.41414],[129.36347,36.41413],[129.36344,36.41408],[129.36343,36.41406],[129.36341,36.41404],[129.3634,36.41404],[129.36338,36.41403],[129.36335,36.41402],[129.36329,36.41398],[129.36328,36.41397],[129.36318,36.41388],[129.36315,36.41385],[129.36314,36.41383],[129.36313,36.41381],[129.36313,36.4138],[129.36313,36.41379],[129.36314,36.41378],[129.36315,36.41376]],[[129.36346,36.41351],[129.36344,36.41349],[129.36343,36.41348],[129.36343,36.41346],[129.36343,36.41344],[129.36343,36.4134],[129.36344,36.41336],[129.36345,36.41335],[129.36346,36.41333],[129.36346,36.41331],[129.36347,36.41329],[129.36347,36.41327],[129.36348,36.41326],[129.3635,36.41324],[129.36351,36.41322],[129.36352,36.41321],[129.36354,36.41321],[129.36355,36.41321],[129.36356,36.41323],[129.36358,36.41328],[129.36358,36.41332],[129.36358,36.41336],[129.36358,36.41341],[129.36358,36.41344],[129.36358,36.41348],[129.36357,36.41349],[129.36356,36.41351],[129.36355,36.41352],[129.36353,36.41352],[129.36351,36.41352],[129.36348,36.41352],[129.36346,36.41351]],[[129.3637,36.41328],[129.36371,36.41327],[129.36372,36.41328],[129.36373,36.41328],[129.36373,36.41331],[129.36373,36.41335],[129.36372,36.41341],[129.36371,36.41343],[129.36369,36.41343],[129.36368,36.41343],[129.36367,36.41343],[129.36366,36.41341],[129.36366,36.41339],[129.36366,36.41336],[129.36366,36.41333],[129.36367,36.41329],[129.36368,36.41328],[129.3637,36.41328]],[[129.36344,36.41322],[129.36343,36.41322],[129.36341,36.41322],[129.3634,36.41321],[129.36339,36.4132],[129.36338,36.41318],[129.36335,36.41307],[129.36335,36.41305],[129.36335,36.41302],[129.36336,36.41301],[129.36337,36.41299],[129.36339,36.41298],[129.36343,36.41297],[129.36346,36.41296],[129.3635,36.41296],[129.36352,36.41296],[129.36353,36.41297],[129.36355,36.41299],[129.36356,36.413],[129.36357,36.41301],[129.36357,36.41302],[129.36355,36.41304],[129.36354,36.41305],[129.36351,36.41307],[129.3635,36.41308],[129.3635,36.41309],[129.36347,36.41315],[129.36347,36.41317],[129.36346,36.41319],[129.36346,36.4132],[129.36345,36.41321],[129.36344,36.41322]],[[129.36312,36.41351],[129.36309,36.41351],[129.36306,36.41351],[129.36305,36.4135],[129.36304,36.4135],[129.36304,36.41349],[129.36304,36.41348],[129.36304,36.41347],[129.36304,36.41346],[129.36303,36.41345],[129.36303,36.41344],[129.36303,36.41343],[129.36306,36.41337],[129.36307,36.41336],[129.36308,36.41335],[129.36312,36.41335],[129.36314,36.41336],[129.36315,36.41337],[129.36317,36.41343],[129.36318,36.41344],[129.36318,36.41345],[129.36318,36.41346],[129.36317,36.41348],[129.36316,36.41349],[129.36315,36.4135],[129.36314,36.4135],[129.36312,36.41351]],[[129.36548,36.40722],[129.36549,36.40722],[129.36549,36.40722],[129.36549,36.40722],[129.36549,36.40722],[129.36549,36.40722],[129.36547,36.40724],[129.36547,36.40725],[129.36546,36.40725],[129.36545,36.40725],[129.36545,36.40726],[129.36544,36.40726],[129.36544,36.40726],[129.36544,36.40726],[129.36544,36.40726],[129.36544,36.40725],[129.36543,36.40725],[129.36543,36.40725],[129.36544,36.40725],[129.36544,36.40724],[129.36544,36.40724],[129.36545,36.40723],[129.36546,36.40723],[129.36546,36.40722],[129.36547,36.40722],[129.36547,36.40722],[129.36548,36.40722],[129.36548,36.40722]],[[129.36561,36.40716],[129.36562,36.40716],[129.36562,36.40716],[129.36562,36.40716],[129.36562,36.40716],[129.36563,36.40717],[129.36562,36.4072],[129.36562,36.4072],[129.36561,36.4072],[129.36561,36.40721],[129.36561,36.40721],[129.36561,36.40721],[129.3656,36.40721],[129.3656,36.40721],[129.3656,36.40721],[129.3656,36.40721],[129.36559,36.4072],[129.36559,36.4072],[129.36559,36.40719],[129.36559,36.40719],[129.36559,36.40718],[129.36559,36.40718],[129.36559,36.40717],[129.36559,36.40717],[129.36559,36.40717],[129.36559,36.40717],[129.36559,36.40716],[129.3656,36.40716],[129.36561,36.40716]],[[129.36571,36.40692],[129.36571,36.40692],[129.36571,36.40692],[129.36572,36.40693],[129.36572,36.40693],[129.36573,36.40693],[129.36573,36.40693],[129.36573,36.40693],[129.36574,36.40694],[129.36575,36.40694],[129.36575,36.40695],[129.36576,36.40695],[129.36576,36.40695],[129.36577,36.40695],[129.36577,36.40695],[129.36577,36.40695],[129.36578,36.40695],[129.36578,36.40694],[129.36579,36.40694],[129.36579,36.40694],[129.3658,36.40694],[129.3658,36.40694],[129.36581,36.40694],[129.36581,36.40694],[129.36582,36.40694],[129.36582,36.40694],[129.36584,36.40694],[129.36585,36.40694],[129.36585,36.40694],[129.36586,36.40694],[129.36586,36.40694],[129.36586,36.40694],[129.36587,36.40695],[129.36587,36.40695],[129.36587,36.40695],[129.36587,36.40695],[129.36586,36.40695],[129.36586,36.40696],[129.36585,36.40696],[129.36584,36.40697],[129.36583,36.40698],[129.36582,36.40698],[129.36581,36.40699],[129.3658,36.407],[129.36579,36.40701],[129.36578,36.40701],[129.36577,36.40702],[129.36576,36.40703],[129.36575,36.40704],[129.36575,36.40704],[129.36575,36.40704],[129.36574,36.40704],[129.36573,36.40704],[129.36573,36.40704],[129.36572,36.40705],[129.36572,36.40705],[129.36571,36.40705],[129.36571,36.40706],[129.3657,36.40707],[129.36569,36.40707],[129.36568,36.40708],[129.36568,36.40708],[129.36567,36.40708],[129.36567,36.40708],[129.36565,36.40709],[129.36564,36.40709],[129.36563,36.40709],[129.36563,36.40708],[129.36563,36.40708],[129.36562,36.40708],[129.36562,36.40707],[129.36562,36.40707],[129.36562,36.40706],[129.36562,36.40706],[129.36562,36.40705],[129.36562,36.40705],[129.36563,36.40704],[129.36563,36.40703],[129.36564,36.40703],[129.36564,36.40702],[129.36565,36.40701],[129.36565,36.40701],[129.36565,36.407],[129.36565,36.40699],[129.36565,36.40699],[129.36565,36.40698],[129.36565,36.40697],[129.36566,36.40697],[129.36566,36.40697],[129.36567,36.40697],[129.36567,36.40696],[129.36568,36.40695],[129.36569,36.40694],[129.36569,36.40694],[129.3657,36.40693],[129.3657,36.40693],[129.3657,36.40693],[129.36571,36.40692]],[[129.36593,36.40676],[129.36593,36.40675],[129.36593,36.40674],[129.36593,36.40673],[129.36593,36.40672],[129.36594,36.40672],[129.36594,36.40672],[129.36594,36.40671],[129.36595,36.40671],[129.36596,36.4067],[129.36596,36.40669],[129.36597,36.40669],[129.36598,36.40668],[129.36598,36.40667],[129.36599,36.40666],[129.366,36.40665],[129.36601,36.40665],[129.36601,36.40664],[129.36602,36.40663],[129.36602,36.40663],[129.36603,36.40662],[129.36604,36.40661],[129.36604,36.40661],[129.36605,36.4066],[129.36605,36.4066],[129.36605,36.4066],[129.36605,36.4066],[129.36606,36.4066],[129.36606,36.4066],[129.36606,36.4066],[129.36606,36.40661],[129.36606,36.40661],[129.36606,36.40661],[129.36606,36.40662],[129.36606,36.40663],[129.36606,36.40663],[129.36606,36.40664],[129.36605,36.40664],[129.36605,36.40665],[129.36604,36.40666],[129.36603,36.40667],[129.36603,36.40668],[129.36602,36.40669],[129.36601,36.40669],[129.36601,36.4067],[129.366,36.40671],[129.36599,36.40672],[129.36599,36.40673],[129.36599,36.40673],[129.36599,36.40674],[129.36599,36.40675],[129.36599,36.40676],[129.36599,36.40676],[129.36599,36.40677],[129.36599,36.40678],[129.36599,36.40679],[129.36598,36.4068],[129.36598,36.4068],[129.36598,36.4068],[129.36598,36.40681],[129.36597,36.40681],[129.36597,36.40681],[129.36596,36.40682],[129.36595,36.40683],[129.36594,36.40683],[129.36594,36.40683],[129.36593,36.40683],[129.36593,36.40683],[129.3659,36.40684],[129.36589,36.40684],[129.36589,36.40684],[129.36589,36.40683],[129.36589,36.40683],[129.36589,36.40683],[129.36589,36.40682],[129.36589,36.40682],[129.36589,36.40681],[129.36589,36.40681],[129.3659,36.40681],[129.36591,36.4068],[129.36591,36.40679],[129.36591,36.40679],[129.36592,36.40678],[129.36592,36.40677],[129.36593,36.40677],[129.36593,36.40676]],[[129.36616,36.4066],[129.36617,36.40659],[129.36617,36.40659],[129.36617,36.40658],[129.36618,36.40657],[129.36618,36.40656],[129.36619,36.40656],[129.36619,36.40655],[129.3662,36.40654],[129.3662,36.40654],[129.3662,36.40653],[129.36621,36.40653],[129.36621,36.40653],[129.36621,36.40653],[129.36622,36.40653],[129.36622,36.40652],[129.36623,36.40653],[129.36624,36.40653],[129.36625,36.40653],[129.36626,36.40653],[129.36626,36.40653],[129.36626,36.40653],[129.36626,36.40654],[129.36626,36.40654],[129.36626,36.40654],[129.36626,36.40654],[129.36626,36.40655],[129.36626,36.40655],[129.36625,36.40655],[129.36624,36.40655],[129.36624,36.40656],[129.36623,36.40656],[129.36622,36.40657],[129.36621,36.40658],[129.36621,36.40659],[129.3662,36.40659],[129.36619,36.4066],[129.36619,36.4066],[129.36618,36.40661],[129.36617,36.40661],[129.36617,36.40661],[129.36617,36.40661],[129.36616,36.40661],[129.36616,36.40661],[129.36616,36.40661],[129.36616,36.40661],[129.36616,36.4066]],[[129.3663,36.406],[129.36608,36.40561],[129.3665,36.40568],[129.36678,36.40531],[129.36707,36.40566],[129.36764,36.40561],[129.3673,36.40601],[129.3663,36.406]],[[129.3672,36.4055],[129.367,36.40522],[129.36734,36.40534],[129.3672,36.4055]],[[129.36576,36.40553],[129.36576,36.40553],[129.36576,36.40553],[129.36576,36.40554],[129.36576,36.40554],[129.36576,36.40554],[129.36575,36.40555],[129.36575,36.40555],[129.36575,36.40556],[129.36574,36.40556],[129.36574,36.40556],[129.36573,36.40556],[129.36573,36.40557],[129.36572,36.40557],[129.36571,36.40557],[129.3657,36.40557],[129.36569,36.40557],[129.36568,36.40557],[129.36566,36.40557],[129.36565,36.40557],[129.36565,36.40557],[129.36564,36.40557],[129.36564,36.40557],[129.36564,36.40556],[129.36563,36.40556],[129.36563,36.40556],[129.36563,36.40556],[129.36563,36.40556],[129.36563,36.40556],[129.36564,36.40555],[129.36565,36.40555],[129.36565,36.40555],[129.36566,36.40555],[129.36567,36.40554],[129.36567,36.40554],[129.36568,36.40553],[129.36569,36.40552],[129.36569,36.40552],[129.3657,36.40551],[129.3657,36.40551],[129.3657,36.40551],[129.36571,36.40551],[129.36571,36.40551],[129.36572,36.40551],[129.36572,36.40551],[129.36573,36.40551],[129.36574,36.40551],[129.36576,36.40553],[129.36576,36.40553]],[[129.37456,36.40255],[129.37457,36.40254],[129.37461,36.40255],[129.37462,36.40255],[129.37462,36.40254],[129.37463,36.40254],[129.37465,36.40253],[129.37467,36.40251],[129.37471,36.40249],[129.37476,36.40247],[129.37484,36.40244],[129.37487,36.40243],[129.37491,36.40241],[129.37493,36.4024],[129.37494,36.40239],[129.37496,36.40238],[129.37498,36.40236],[129.375,36.40235],[129.375,36.40234],[129.37505,36.40231],[129.37508,36.40229],[129.37513,36.40225],[129.37519,36.40222],[129.37523,36.4022],[129.37526,36.40218],[129.3753,36.40216],[129.37531,36.40216],[129.37533,36.40216],[129.37535,36.40216],[129.37536,36.40216],[129.37537,36.40216],[129.37538,36.40217],[129.37539,36.40218],[129.37539,36.40218],[129.37539,36.4022],[129.37539,36.4022],[129.37539,36.40221],[129.37538,36.40222],[129.37537,36.40224],[129.37535,36.40227],[129.37533,36.40229],[129.3753,36.40231],[129.37527,36.40233],[129.37521,36.40236],[129.3752,36.40237],[129.37516,36.40238],[129.37512,36.40241],[129.37509,36.40242],[129.37507,36.40244],[129.37505,36.40245],[129.37504,36.40246],[129.37503,36.40246],[129.37501,36.40246],[129.375,36.40246],[129.37498,36.40246],[129.37496,36.40246],[129.37496,36.40246],[129.37495,36.40246],[129.37494,36.40244],[129.37494,36.40244],[129.37494,36.40244],[129.37484,36.40247],[129.37482,36.40248],[129.37478,36.4025],[129.37476,36.40251],[129.37474,36.40253],[129.37472,36.40254],[129.37471,36.40254],[129.37465,36.40256],[129.37462,36.40257],[129.37461,36.40258],[129.37458,36.40258],[129.37458,36.40258],[129.37449,36.4026],[129.37448,36.40261],[129.37447,36.40261],[129.37446,36.4026],[129.37448,36.40259],[129.37451,36.40257],[129.37454,36.40256],[129.37456,36.40255]],[[129.37521,36.40148],[129.37663,36.40005],[129.37614,36.4011],[129.37538,36.40167],[129.37521,36.40148]],[[129.37205,36.38937],[129.37178,36.38929],[129.37194,36.38897],[129.37169,36.38838],[129.37277,36.3874],[129.37249,36.38924],[129.37222,36.38962],[129.37205,36.38937]],[[129.37156,36.38846],[129.37186,36.38912],[129.37121,36.38902],[129.37147,36.38868],[129.37113,36.38885],[129.37128,36.38847],[129.37165,36.38825],[129.37156,36.38846]],[[129.37421,36.38499],[129.37474,36.38458],[129.37436,36.38523],[129.37421,36.38499]],[[129.37485,36.385],[129.37486,36.385],[129.37487,36.385],[129.37488,36.385],[129.37488,36.38501],[129.37488,36.38502],[129.37488,36.38503],[129.37487,36.38504],[129.37486,36.38505],[129.37485,36.38506],[129.37484,36.38507],[129.37483,36.38508],[129.37482,36.38509],[129.37481,36.38509],[129.3748,36.3851],[129.37478,36.3851],[129.37477,36.3851],[129.37476,36.3851],[129.37475,36.3851],[129.37474,36.38509],[129.37473,36.38509],[129.37473,36.38508],[129.37473,36.38508],[129.37474,36.38507],[129.37479,36.38504],[129.37481,36.38502],[129.37482,36.38502],[129.37483,36.38501],[129.37484,36.385],[129.37485,36.385]],[[129.37704,36.37891],[129.37702,36.37803],[129.37721,36.37793],[129.37704,36.37891]],[[129.37722,36.37739],[129.37723,36.37738],[129.37725,36.37739],[129.37726,36.37739],[129.37726,36.37742],[129.37725,36.37744],[129.37725,36.37747],[129.37726,36.37749],[129.37725,36.37751],[129.37723,36.37751],[129.37718,36.37743],[129.37721,36.3774],[129.37722,36.37739]],[[129.37149,36.41301],[129.37148,36.41301],[129.37148,36.41301],[129.37147,36.41301],[129.37146,36.41301],[129.37145,36.41301],[129.37145,36.41301],[129.37145,36.413],[129.37144,36.413],[129.37144,36.413],[129.37144,36.413],[129.37143,36.41299],[129.37143,36.41298],[129.37142,36.41297],[129.37142,36.41296],[129.37141,36.41295],[129.37141,36.41294],[129.3714,36.41294],[129.37139,36.41293],[129.37139,36.41292],[129.37138,36.41291],[129.37138,36.4129],[129.37137,36.41289],[129.37137,36.41288],[129.37136,36.41287],[129.37136,36.41286],[129.37136,36.41285],[129.37135,36.41285],[129.37135,36.41284],[129.37135,36.41283],[129.37134,36.41282],[129.37134,36.41281],[129.37134,36.4128],[129.37134,36.41279],[129.37134,36.41278],[129.37134,36.41277],[129.37134,36.41276],[129.37134,36.41275],[129.37134,36.41274],[129.37134,36.41273],[129.37134,36.41272],[129.37134,36.41271],[129.37134,36.4127],[129.37134,36.41269],[129.37134,36.41268],[129.37134,36.41267],[129.37134,36.41266],[129.37134,36.41265],[129.37133,36.41264],[129.37133,36.41263],[129.37133,36.41262],[129.37133,36.41261],[129.37133,36.4126],[129.37132,36.41258],[129.37132,36.41258],[129.37132,36.41257],[129.37132,36.41255],[129.37132,36.41254],[129.37132,36.41253],[129.37132,36.41253],[129.37132,36.41252],[129.37132,36.41251],[129.37132,36.4125],[129.37132,36.41249],[129.37132,36.41248],[129.37132,36.41247],[129.37132,36.41246],[129.37133,36.41245],[129.37133,36.41245],[129.37133,36.41244],[129.37134,36.41244],[129.37134,36.41244],[129.37134,36.41243],[129.37135,36.41243],[129.37135,36.41243],[129.37136,36.41243],[129.37136,36.41243],[129.37137,36.41243],[129.37137,36.41244],[129.37138,36.41244],[129.37138,36.41244],[129.37138,36.41244],[129.37139,36.41245],[129.37139,36.41245],[129.37139,36.41246],[129.3714,36.41247],[129.3714,36.41248],[129.3714,36.41248],[129.37141,36.41249],[129.37141,36.4125],[129.37141,36.41251],[129.37142,36.41252],[129.37142,36.41253],[129.37142,36.41253],[129.37145,36.4126],[129.37147,36.41267],[129.37149,36.41275],[129.37151,36.41282],[129.37152,36.4129],[129.37152,36.41295],[129.37152,36.41297],[129.37152,36.41298],[129.37152,36.41299],[129.37152,36.41299],[129.37152,36.41299],[129.37152,36.413],[129.37151,36.413],[129.37151,36.413],[129.3715,36.413],[129.3715,36.41301],[129.37149,36.41301],[129.37149,36.41301]]]}},{"type":"Feature","id":"TN_RIVER_BT:WTR020000000057VP","properties":{"NF_ID":"WTR020000000057VP","admin_code":"47770","source_layer":"TN_RIVER_BT","semantic":"channel","river_class":"지방하천","river_class_source":"중심선 공간조인","river_name":"조항천","river_code":"1023040","survey_method":"사진측량"},"geometry":{"type":"Polygon","coordinates":[[[129.3898,36.49725],[129.39022,36.49634],[129.39139,36.49502],[129.39288,36.49175],[129.39225,36.49118],[129.39037,36.49093],[129.38998,36.48952],[129.39088,36.48826],[129.39403,36.48717],[129.39472,36.48629],[129.39458,36.48508],[129.39253,36.4823],[129.39267,36.48059],[129.39342,36.47965],[129.3965,36.47725],[129.39661,36.47663],[129.39622,36.47524],[129.39546,36.47454],[129.39269,36.47368],[129.38972,36.47319],[129.38804,36.47179],[129.38859,36.47023],[129.38877,36.46834],[129.38849,36.46678],[129.38779,36.46546],[129.38364,36.46332],[129.37849,36.4623],[129.37699,36.46274],[129.3767,36.46369],[129.37694,36.46462],[129.37584,36.46556],[129.37268,36.4665],[129.37138,36.46656],[129.36995,36.46629],[129.36824,36.46664],[129.36748,36.46633],[129.36751,36.46563],[129.36784,36.46475],[129.36871,36.46375],[129.37084,36.46279],[129.37161,36.46279],[129.37261,36.46316],[129.37106,36.46272],[129.3688,36.46364],[129.36833,36.46282],[129.36643,36.46205],[129.36393,36.46294],[129.36339,36.4629],[129.36219,36.46225],[129.35946,36.46291],[129.35865,36.46138],[129.35658,36.4604],[129.3527,36.46004],[129.35269,36.45965],[129.35208,36.45936],[129.35169,36.45878],[129.3519,36.45801],[129.35136,36.45705],[129.35153,36.45425],[129.35116,36.4537],[129.3515,36.45426],[129.35134,36.45706],[129.35189,36.45816],[129.35165,36.45878],[129.35207,36.45937],[129.35265,36.45965],[129.35268,36.46003],[129.35143,36.45978],[129.35002,36.46001],[129.34868,36.4597],[129.34776,36.4598],[129.34697,36.4602],[129.34875,36.45974],[129.34995,36.46004],[129.35147,36.45983],[129.35333,36.46026],[129.35454,36.46017],[129.35625,36.4604],[129.35855,36.46142],[129.35942,36.46296],[129.35793,36.46373],[129.35656,36.46541],[129.35529,36.46516],[129.35404,36.46577],[129.35294,36.46599],[129.35236,36.46582],[129.35049,36.46605],[129.34953,36.46669],[129.34976,36.46732],[129.34848,36.4677],[129.34869,36.46831],[129.34826,36.46852],[129.34814,36.46951],[129.34763,36.46968],[129.34676,36.47069],[129.34762,36.46976],[129.34819,36.46953],[129.34829,36.46857],[129.3487,36.46832],[129.34851,36.46773],[129.34975,36.46736],[129.34989,36.46714],[129.34959,36.46669],[129.35056,36.46607],[129.35235,36.46586],[129.35295,36.46601],[129.35545,36.46519],[129.35642,36.4655],[129.35566,36.46644],[129.358,36.46375],[129.35955,36.46294],[129.36219,36.4623],[129.36343,36.46301],[129.36387,36.46302],[129.36654,36.46214],[129.36827,36.46281],[129.36866,36.46327],[129.36865,36.46373],[129.36752,36.46505],[129.36746,36.46636],[129.3683,36.46669],[129.36995,36.46637],[129.37177,36.46665],[129.36995,36.46721],[129.36958,36.46792],[129.36893,36.46843],[129.36797,36.47022],[129.36677,36.4709],[129.3661,36.47165],[129.36683,36.47088],[129.368,36.47023],[129.36898,36.46842],[129.36963,36.46793],[129.37002,36.46721],[129.37153,36.4669],[129.37224,36.46651],[129.37232,36.46666],[129.37338,36.46647],[129.37663,36.46526],[129.37712,36.46461],[129.37689,36.4637],[129.37694,36.4632],[129.3774,36.46317],[129.37711,36.46306],[129.37718,36.4628],[129.37856,36.46234],[129.38272,36.46308],[129.38464,36.46381],[129.38774,36.46548],[129.38855,36.46715],[129.38861,36.46878],[129.38833,36.46964],[129.38852,36.47003],[129.38801,36.47165],[129.3894,36.47303],[129.3891,36.47349],[129.38737,36.47453],[129.38563,36.4748],[129.38379,36.47558],[129.38276,36.47577],[129.38229,36.47562],[129.38107,36.47596],[129.3823,36.47565],[129.38275,36.47582],[129.38382,36.47562],[129.38574,36.47482],[129.38737,36.47456],[129.38884,36.4738],[129.38943,36.47311],[129.39298,36.4739],[129.39564,36.47475],[129.39615,36.47535],[129.39646,36.47722],[129.39259,36.48043],[129.39241,36.4824],[129.39458,36.48516],[129.39457,36.48647],[129.39408,36.48709],[129.39073,36.48827],[129.38981,36.49001],[129.38876,36.49006],[129.38877,36.48893],[129.38909,36.48847],[129.38916,36.48764],[129.38779,36.48559],[129.3857,36.48483],[129.38409,36.48479],[129.38035,36.48667],[129.37997,36.48666],[129.38036,36.48669],[129.38403,36.48484],[129.38539,36.48479],[129.38774,36.4856],[129.38912,36.48781],[129.38869,36.48912],[129.38874,36.49019],[129.38839,36.49069],[129.38583,36.49224],[129.38354,36.49207],[129.38201,36.49247],[129.37997,36.49399],[129.37978,36.4955],[129.37952,36.4957],[129.37887,36.49506],[129.3789,36.49462],[129.37823,36.49348],[129.37643,36.49334],[129.37386,36.49261],[129.37333,36.49228],[129.37252,36.49037],[129.37002,36.48814],[129.36829,36.48729],[129.36718,36.4872],[129.36689,36.48776],[129.36635,36.48782],[129.36498,36.48727],[129.3646,36.48694],[129.36488,36.48621],[129.36361,36.48474],[129.36397,36.48519],[129.36322,36.48534],[129.36183,36.4847],[129.36161,36.48478],[129.36317,36.48535],[129.36417,36.48534],[129.3649,36.48636],[129.36459,36.48699],[129.36566,36.48769],[129.36674,36.48784],[129.36646,36.48866],[129.36576,36.48911],[129.36519,36.48916],[129.36261,36.48857],[129.35856,36.49107],[129.3571,36.49059],[129.35457,36.48908],[129.35353,36.48882],[129.35012,36.48596],[129.34923,36.48575],[129.34863,36.48468],[129.34749,36.48445],[129.34643,36.48389],[129.34571,36.48308],[129.34469,36.48257],[129.34479,36.48279],[129.34567,36.48311],[129.34635,36.48394],[129.34832,36.4847],[129.34926,36.48589],[129.35005,36.48597],[129.35264,36.48797],[129.35334,36.48884],[129.35458,36.48923],[129.35716,36.49068],[129.35882,36.49101],[129.36203,36.48892],[129.36288,36.48859],[129.36441,36.48916],[129.36576,36.48919],[129.3666,36.48867],[129.36706,36.48735],[129.36731,36.48725],[129.36855,36.48744],[129.37041,36.48854],[129.37108,36.48939],[129.37245,36.49035],[129.37322,36.49231],[129.37114,36.49368],[129.37037,36.49551],[129.36977,36.49621],[129.36757,36.49719],[129.36558,36.49735],[129.3622,36.49686],[129.36175,36.49688],[129.36134,36.49719],[129.36047,36.49685],[129.35849,36.49714],[129.35692,36.49664],[129.35589,36.49682],[129.35509,36.49726],[129.35365,36.49727],[129.35276,36.49685],[129.35182,36.49685],[129.35055,36.49717],[129.34899,36.49867],[129.34784,36.49833],[129.34505,36.49802],[129.34387,36.5],[129.34498,36.49829],[129.34537,36.49806],[129.34902,36.49871],[129.35061,36.49718],[129.35252,36.49686],[129.35355,36.4973],[129.35495,36.49733],[129.35589,36.49687],[129.3569,36.49669],[129.3585,36.49719],[129.35977,36.49691],[129.36133,36.49725],[129.36208,36.49688],[129.36448,36.49734],[129.36399,36.49797],[129.36176,36.49937],[129.36145,36.5],[129.36183,36.49936],[129.36308,36.49841],[129.36406,36.498],[129.36454,36.49737],[129.36769,36.49724],[129.36961,36.49638],[129.37046,36.4955],[129.3711,36.49389],[129.3733,36.49245],[129.37638,36.49336],[129.37807,36.49353],[129.37859,36.49409],[129.37907,36.49547],[129.37958,36.49573],[129.37998,36.49497],[129.38002,36.49406],[129.38166,36.49278],[129.38337,36.49212],[129.38584,36.49228],[129.38766,36.49132],[129.38939,36.49004],[129.38984,36.49009],[129.39048,36.49104],[129.39225,36.4913],[129.39277,36.49176],[129.39151,36.49466],[129.39103,36.49543],[129.39009,36.49625],[129.38927,36.49773],[129.38887,36.49875],[129.38914,36.49915],[129.38901,36.5],[129.38931,36.49827],[129.3898,36.49725]],[[129.38989,36.49685],[129.3899,36.49685],[129.38991,36.49685],[129.38991,36.49686],[129.3899,36.49689],[129.3899,36.49691],[129.38991,36.49692],[129.38992,36.49693],[129.38993,36.49694],[129.38993,36.49696],[129.38992,36.497],[129.38991,36.49702],[129.3899,36.49703],[129.38988,36.49704],[129.38985,36.49704],[129.38982,36.49704],[129.38981,36.49703],[129.38979,36.49702],[129.38979,36.49701],[129.38979,36.49699],[129.3898,36.49696],[129.38981,36.49694],[129.38983,36.49692],[129.38987,36.49688],[129.38989,36.49685]]]}},{"type":"Feature","id":"TN_RIVER_BT:WTR020000000057WQ","properties":{"NF_ID":"WTR020000000057WQ","admin_code":"47770","source_layer":"TN_RIVER_BT","semantic":"channel","river_class":"지방하천","river_class_source":"중심선 공간조인","river_name":"축산천","river_code":"2620340","survey_method":"사진측량"},"geometry":{"type":"Polygon","coordinates":[[[129.42309,36.49994],[129.42209,36.49948],[129.42123,36.49936],[129.42015,36.4995],[129.42047,36.49955],[129.41992,36.49967],[129.42011,36.49968],[129.41985,36.5],[129.42031,36.49962],[129.4213,36.49939],[129.42309,36.49994]]]}},{"type":"Feature","id":"TN_RIVER_BT:WTR020000000057XR","properties":{"NF_ID":"WTR020000000057XR","admin_code":"47770","source_layer":"TN_RIVER_BT","semantic":"channel","river_class":"지방하천","river_class_source":"중심선 공간조인","river_name":"축산천","river_code":"2620340","survey_method":"사진측량"},"geometry":{"type":"Polygon","coordinates":[[[129.44243,36.49993],[129.44244,36.49854],[129.44078,36.49665],[129.44063,36.49572],[129.43954,36.49432],[129.43902,36.49402],[129.43832,36.49249],[129.43781,36.49207],[129.43595,36.49249],[129.43483,36.49338],[129.43602,36.4925],[129.43785,36.49211],[129.43829,36.49251],[129.43889,36.49387],[129.43714,36.49446],[129.43655,36.49483],[129.43725,36.49465],[129.43636,36.49529],[129.43619,36.49506],[129.43558,36.49569],[129.43373,36.49813],[129.43374,36.49855],[129.43299,36.5],[129.43342,36.49973],[129.434,36.49852],[129.43387,36.49826],[129.43417,36.49814],[129.43423,36.49764],[129.43532,36.49615],[129.43851,36.49391],[129.43948,36.49436],[129.44048,36.49563],[129.44028,36.49591],[129.4406,36.4966],[129.44155,36.49743],[129.44241,36.49871],[129.44213,36.5],[129.44243,36.49993]],[[129.43396,36.49807],[129.43395,36.49807],[129.43395,36.49806],[129.43395,36.49806],[129.43395,36.49803],[129.43395,36.49802],[129.43395,36.49799],[129.43395,36.49798],[129.43396,36.49798],[129.43397,36.49797],[129.43397,36.49795],[129.43397,36.49794],[129.43398,36.49794],[129.43399,36.49794],[129.434,36.49793],[129.43401,36.49792],[129.43402,36.4979],[129.43404,36.49787],[129.43405,36.49787],[129.43405,36.49788],[129.43405,36.49789],[129.43404,36.49792],[129.43404,36.49795],[129.43404,36.49798],[129.43403,36.49799],[129.43402,36.498],[129.43399,36.49804],[129.43396,36.49807]]]}},{"type":"Feature","id":"TN_RIVER_BT:WTR02000000005A63","properties":{"NF_ID":"WTR02000000005A63","admin_code":"47770","source_layer":"TN_RIVER_BT","semantic":"channel","river_class":"소하천","river_class_source":"중심선 공간조인","survey_method":"사진측량"},"geometry":{"type":"Polygon","coordinates":[[[129.23642,36.36544],[129.23847,36.36541],[129.23888,36.36497],[129.23836,36.36537],[129.23576,36.36536],[129.23518,36.36506],[129.23465,36.36537],[129.23534,36.36507],[129.23567,36.3654],[129.23629,36.3654],[129.23644,36.3659],[129.23608,36.3664],[129.23649,36.36595],[129.23642,36.36544]]]}},{"type":"Feature","id":"TN_RIVER_BT:WTR02000000005A85","properties":{"NF_ID":"WTR02000000005A85","admin_code":"47770","source_layer":"TN_RIVER_BT","semantic":"channel","river_class":"소하천","river_class_source":"중심선 공간조인","survey_method":"사진측량"},"geometry":{"type":"Polygon","coordinates":[[[129.24308,36.36715],[129.24315,36.36709],[129.24313,36.36708],[129.24311,36.36707],[129.24306,36.36713],[129.24305,36.36713],[129.24304,36.36713],[129.24301,36.36714],[129.243,36.36713],[129.24298,36.36713],[129.24297,36.36713],[129.24296,36.36714],[129.24285,36.36722],[129.24261,36.3674],[129.24253,36.36746],[129.24252,36.36748],[129.24252,36.36749],[129.24254,36.36751],[129.24257,36.36752],[129.24259,36.36752],[129.24261,36.36752],[129.24273,36.36746],[129.24284,36.3674],[129.2429,36.36736],[129.24293,36.36734],[129.24295,36.36732],[129.24303,36.36724],[129.24306,36.36719],[129.24307,36.36717],[129.24307,36.36716],[129.24308,36.36715],[129.24308,36.36715]]]}},{"type":"Feature","id":"TN_RIVER_BT:WTR02000000005A96","properties":{"NF_ID":"WTR02000000005A96","admin_code":"47770","source_layer":"TN_RIVER_BT","semantic":"channel","river_class":"소하천","river_class_source":"중심선 공간조인","survey_method":"사진측량"},"geometry":{"type":"Polygon","coordinates":[[[129.24736,36.36641],[129.24583,36.36617],[129.24456,36.36557],[129.24575,36.36622],[129.24701,36.3664],[129.24772,36.36676],[129.24795,36.36828],[129.25,36.37144],[129.24805,36.36823],[129.24795,36.36696],[129.24736,36.36641]]]}},{"type":"Feature","id":"TN_RIVER_BT:WTR02000000005AA7","properties":{"NF_ID":"WTR02000000005AA7","admin_code":"47770","source_layer":"TN_RIVER_BT","semantic":"channel","river_class":"소하천","river_class_source":"중심선 공간조인","survey_method":"사진측량"},"geometry":{"type":"Polygon","coordinates":[[[129.25,36.37355],[129.25,36.37353],[129.24997,36.37354],[129.24991,36.37355],[129.24988,36.37355],[129.24986,36.37356],[129.24982,36.37357],[129.24979,36.37358],[129.24975,36.37358],[129.24972,36.37359],[129.24968,36.3736],[129.24966,36.3736],[129.24963,36.37361],[129.24958,36.37363],[129.24966,36.37362],[129.24971,36.37361],[129.24973,36.3736],[129.24977,36.37359],[129.24983,36.37358],[129.24987,36.37357],[129.24991,36.37357],[129.24994,36.37356],[129.24999,36.37355],[129.25,36.37355]]]}},{"type":"Feature","id":"TN_RIVER_BT:WTR02000000005AIF","properties":{"NF_ID":"WTR02000000005AIF","admin_code":"47770","source_layer":"TN_RIVER_BT","semantic":"channel","river_class":"소하천","river_class_source":"중심선 공간조인","survey_method":"사진측량"},"geometry":{"type":"Polygon","coordinates":[[[129.24398,36.37926],[129.24431,36.37918],[129.24495,36.3781],[129.24566,36.37814],[129.24616,36.37772],[129.24705,36.37749],[129.24793,36.37753],[129.24815,36.37717],[129.25,36.37649],[129.24885,36.37676],[129.24857,36.37705],[129.24808,36.37713],[129.24787,36.37749],[129.24609,36.37766],[129.24564,36.37809],[129.24492,36.37803],[129.24428,36.37914],[129.24305,36.37972],[129.24398,36.37926]]]}},{"type":"Feature","id":"TN_RIVER_BT:WTR02000000005AJG","properties":{"NF_ID":"WTR02000000005AJG","admin_code":"47770","source_layer":"TN_RIVER_BT","semantic":"channel","river_class":"등급미확인","survey_method":"사진측량"},"geometry":{"type":"Polygon","coordinates":[[[129.24188,36.38075],[129.24186,36.38075],[129.24184,36.38075],[129.2418,36.38076],[129.2418,36.38077],[129.2418,36.38079],[129.24188,36.3809],[129.24189,36.3809],[129.24194,36.38088],[129.24195,36.38087],[129.24188,36.38075]]]}},{"type":"Feature","id":"TN_RIVER_BT:WTR02000000005AKH","properties":{"NF_ID":"WTR02000000005AKH","admin_code":"47770","source_layer":"TN_RIVER_BT","semantic":"channel","river_class":"소하천","river_class_source":"중심선 공간조인","survey_method":"사진측량"},"geometry":{"type":"Polygon","coordinates":[[[129.24183,36.3809],[129.24176,36.38078],[129.24174,36.38078],[129.24171,36.38079],[129.24167,36.38082],[129.24168,36.38083],[129.24176,36.38095],[129.2418,36.38095],[129.24181,36.38094],[129.24183,36.38094],[129.24184,36.38093],[129.24184,36.38092],[129.24183,36.3809]]]}},{"type":"Feature","id":"TN_RIVER_BT:WTR02000000005ALI","properties":{"NF_ID":"WTR02000000005ALI","admin_code":"47770","source_layer":"TN_RIVER_BT","semantic":"channel","river_class":"소하천","river_class_source":"중심선 공간조인","survey_method":"사진측량"},"geometry":{"type":"Polygon","coordinates":[[[129.2417,36.38094],[129.24163,36.38084],[129.24142,36.38096],[129.24127,36.38101],[129.24115,36.38103],[129.24112,36.38103],[129.2411,36.38105],[129.2411,36.38106],[129.24111,36.38107],[129.24112,36.38108],[129.24116,36.38108],[129.24123,36.38108],[129.24136,36.38107],[129.24148,36.38105],[129.24157,36.38103],[129.24166,36.38099],[129.24171,36.38098],[129.24172,36.38097],[129.2417,36.38094]]]}},{"type":"Feature","id":"TN_RIVER_BT:WTR02000000005ATQ","properties":{"NF_ID":"WTR02000000005ATQ","admin_code":"47770","source_layer":"TN_RIVER_BT","semantic":"channel","river_class":"소하천","river_class_source":"중심선 공간조인","river_name":"용전천","survey_method":"사진측량"},"geometry":{"type":"Polygon","coordinates":[[[129.2498,36.39349],[129.25,36.39342],[129.24958,36.3934],[129.24925,36.3931],[129.24847,36.39322],[129.24771,36.39292],[129.24839,36.39325],[129.2492,36.39314],[129.2498,36.39349]]]}},{"type":"Feature","id":"TN_RIVER_BT:WTR02000000005AVS","properties":{"NF_ID":"WTR02000000005AVS","admin_code":"47770","source_layer":"TN_RIVER_BT","semantic":"channel","river_class":"소하천","river_class_source":"중심선 공간조인","river_name":"큰골천2","survey_method":"사진측량"},"geometry":{"type":"Polygon","coordinates":[[[129.24796,36.4018],[129.24935,36.39999],[129.25,36.39985],[129.24935,36.39995],[129.24824,36.40156],[129.24769,36.40186],[129.24796,36.4018]]]}},{"type":"Feature","id":"TN_RIVER_BT:WTR02000000005AWT","properties":{"NF_ID":"WTR02000000005AWT","admin_code":"47770","source_layer":"TN_RIVER_BT","semantic":"channel","river_class":"소하천","river_class_source":"중심선 공간조인","river_name":"큰골천2","survey_method":"사진측량"},"geometry":{"type":"Polygon","coordinates":[[[129.24085,36.40349],[129.24198,36.40353],[129.24304,36.40283],[129.24416,36.40274],[129.24284,36.40286],[129.24205,36.40346],[129.24085,36.40349]]]}},{"type":"Feature","id":"TN_RIVER_BT:WTR02000000005B1Z","properties":{"NF_ID":"WTR02000000005B1Z","admin_code":"47770","source_layer":"TN_RIVER_BT","semantic":"channel","river_class":"소하천","river_class_source":"중심선 공간조인","survey_method":"사진측량"},"geometry":{"type":"Polygon","coordinates":[[[129.24701,36.42063],[129.24765,36.42018],[129.24868,36.41994],[129.25,36.42007],[129.24951,36.41984],[129.24878,36.41987],[129.2475,36.42017],[129.24677,36.42061],[129.24561,36.41964],[129.24542,36.41915],[129.24484,36.419],[129.24481,36.41847],[129.24431,36.41787],[129.24363,36.41784],[129.24292,36.4173],[129.24198,36.41696],[129.24198,36.4159],[129.2425,36.41464],[129.24192,36.4126],[129.2414,36.41241],[129.24088,36.41267],[129.2403,36.41216],[129.23933,36.41213],[129.2388,36.41167],[129.23749,36.41126],[129.23702,36.41138],[129.23662,36.41122],[129.2362,36.41146],[129.23544,36.41102],[129.23532,36.41056],[129.23542,36.41109],[129.23619,36.4115],[129.23746,36.41131],[129.23873,36.41168],[129.23934,36.41222],[129.24024,36.41217],[129.24085,36.4127],[129.24134,36.41247],[129.24188,36.41262],[129.24242,36.41467],[129.24213,36.41505],[129.2419,36.41694],[129.24352,36.41784],[129.24427,36.41797],[129.24477,36.41851],[129.24477,36.41901],[129.24536,36.41921],[129.24632,36.42034],[129.24701,36.42063]]]}},{"type":"Feature","id":"TN_RIVER_BT:WTR02000000005B31","properties":{"NF_ID":"WTR02000000005B31","admin_code":"47770","source_layer":"TN_RIVER_BT","semantic":"channel","river_class":"소하천","river_class_source":"중심선 공간조인","survey_method":"사진측량"},"geometry":{"type":"Polygon","coordinates":[[[129.23471,36.43064],[129.23479,36.43022],[129.23514,36.43031],[129.23628,36.4296],[129.23724,36.4294],[129.23768,36.42958],[129.23818,36.42911],[129.23941,36.42941],[129.24054,36.42936],[129.24153,36.43008],[129.24222,36.4297],[129.2432,36.42858],[129.24392,36.42877],[129.24474,36.42958],[129.24576,36.43005],[129.24607,36.42996],[129.24637,36.42945],[129.24746,36.42937],[129.24904,36.42949],[129.25,36.42983],[129.24901,36.42943],[129.24642,36.42934],[129.246,36.42996],[129.24566,36.42996],[129.24488,36.42961],[129.24387,36.42868],[129.24311,36.42852],[129.24212,36.42971],[129.24143,36.43003],[129.24058,36.42934],[129.23913,36.42934],[129.23762,36.42893],[129.23635,36.42791],[129.23641,36.42808],[129.23595,36.42804],[129.23814,36.4291],[129.23764,36.42955],[129.23713,36.42937],[129.23622,36.42956],[129.23507,36.43029],[129.23483,36.43012],[129.23462,36.43063],[129.23378,36.43064],[129.23471,36.43064]]]}},{"type":"Feature","id":"TN_RIVER_BT:WTR02000000005B42","properties":{"NF_ID":"WTR02000000005B42","admin_code":"47770","source_layer":"TN_RIVER_BT","semantic":"channel","river_class":"지방하천","river_class_source":"중심선 공간조인","river_name":"용덕천","river_code":"2026000","survey_method":"사진측량"},"geometry":{"type":"Polygon","coordinates":[[[129.2473,36.43653],[129.24884,36.43605],[129.25,36.43513],[129.24851,36.43614],[129.24717,36.43653],[129.24602,36.43648],[129.2473,36.43653]]]}},{"type":"Feature","id":"TN_RIVER_BT:WTR02000000005BCA","properties":{"NF_ID":"WTR02000000005BCA","admin_code":"47770","source_layer":"TN_RIVER_BT","semantic":"channel","river_class":"지방하천","river_class_source":"중심선 공간조인","river_name":"용덕천","river_code":"2026000","survey_method":"사진측량"},"geometry":{"type":"Polygon","coordinates":[[[129.2289,36.44307],[129.23002,36.44312],[129.23158,36.44271],[129.23239,36.44183],[129.23458,36.44084],[129.23516,36.4411],[129.23646,36.44088],[129.23735,36.44099],[129.23836,36.44016],[129.23996,36.43955],[129.24156,36.43797],[129.24346,36.43766],[129.24519,36.43666],[129.24352,36.43759],[129.24148,36.43797],[129.2399,36.43953],[129.2383,36.44015],[129.23734,36.44095],[129.23643,36.44084],[129.23527,36.44103],[129.23463,36.44079],[129.2337,36.44112],[129.23309,36.44163],[129.23241,36.44176],[129.2315,36.4427],[129.22999,36.44309],[129.2289,36.44304],[129.22846,36.4433],[129.2289,36.44307]]]}},{"type":"Feature","id":"TN_RIVER_BT:WTR02000000005BIG","properties":{"NF_ID":"WTR02000000005BIG","admin_code":"47770","source_layer":"TN_RIVER_BT","semantic":"channel","river_class":"지방하천","river_class_source":"중심선 공간조인","river_name":"영덕오십천","river_code":"2320010","survey_method":"사진측량"},"geometry":{"type":"Polygon","coordinates":[[[129.21063,36.46391],[129.21385,36.46308],[129.21606,36.46218],[129.21662,36.46169],[129.21711,36.46171],[129.21998,36.46036],[129.22097,36.45772],[129.22159,36.45496],[129.22226,36.45431],[129.22308,36.45393],[129.22328,36.45369],[129.22288,36.45379],[129.22326,36.45336],[129.2242,36.45291],[129.22617,36.4527],[129.2263,36.45283],[129.22735,36.45423],[129.22752,36.45519],[129.22793,36.45585],[129.22845,36.45615],[129.22848,36.45755],[129.22925,36.45806],[129.23004,36.46011],[129.23054,36.46043],[129.23006,36.46006],[129.22935,36.45811],[129.22849,36.45746],[129.2285,36.45607],[129.22759,36.45519],[129.22743,36.45421],[129.22641,36.45298],[129.2268,36.45248],[129.2282,36.45168],[129.2293,36.45072],[129.23021,36.45052],[129.23013,36.45029],[129.23197,36.44942],[129.2323,36.44977],[129.2329,36.45163],[129.23384,36.45244],[129.2341,36.45363],[129.23463,36.45421],[129.23467,36.45461],[129.23388,36.45241],[129.23294,36.45162],[129.23233,36.45013],[129.23264,36.44908],[129.233,36.4488],[129.23309,36.44898],[129.23401,36.44851],[129.23414,36.44862],[129.23552,36.44783],[129.23802,36.44731],[129.23813,36.44754],[129.23855,36.44714],[129.23913,36.44721],[129.2389,36.44704],[129.23923,36.44701],[129.23923,36.44727],[129.24041,36.44709],[129.24055,36.4469],[129.24092,36.44704],[129.24229,36.44622],[129.24302,36.44703],[129.24313,36.44765],[129.2428,36.44798],[129.24328,36.44882],[129.24315,36.45056],[129.24262,36.45109],[129.24254,36.45208],[129.24265,36.45108],[129.24317,36.45057],[129.24331,36.44884],[129.24286,36.448],[129.24319,36.44764],[129.24305,36.447],[129.24245,36.44653],[129.24237,36.44608],[129.24426,36.44518],[129.24496,36.44509],[129.24758,36.445],[129.25,36.44525],[129.24788,36.44495],[129.24449,36.44506],[129.2411,36.44676],[129.23942,36.44704],[129.23922,36.44677],[129.2381,36.44716],[129.23802,36.44698],[129.23799,36.44718],[129.23546,36.4478],[129.23525,36.44809],[129.23428,36.44839],[129.23401,36.44819],[129.22988,36.45028],[129.2269,36.45243],[129.22415,36.45288],[129.22348,36.45317],[129.22199,36.45431],[129.22157,36.45494],[129.22097,36.45678],[129.22099,36.45751],[129.2207,36.45768],[129.21997,36.46035],[129.21714,36.46157],[129.21708,36.4613],[129.21653,36.46156],[129.21487,36.4598],[129.21307,36.45905],[129.21319,36.45829],[129.21259,36.45704],[129.21148,36.45665],[129.21083,36.45607],[129.21086,36.45581],[129.21077,36.45611],[129.21144,36.45669],[129.21257,36.45709],[129.21312,36.45822],[129.21302,36.45905],[129.21532,36.46015],[129.2165,36.46175],[129.21602,36.46213],[129.21583,36.462],[129.21379,36.46303],[129.21225,36.4633],[129.2111,36.46386],[129.21041,36.46389],[129.20942,36.46362],[129.20929,36.4634],[129.20614,36.46284],[129.20434,36.46315],[129.20552,36.46292],[129.20764,36.46309],[129.21063,36.46391]],[[129.2333,36.44868],[129.23332,36.44868],[129.23333,36.44868],[129.23334,36.44868],[129.23336,36.44868],[129.23338,36.44868],[129.23341,36.44867],[129.23344,36.44867],[129.23345,36.44866],[129.23345,36.44867],[129.23345,36.44867],[129.23344,36.44868],[129.23336,36.44873],[129.23335,36.44873],[129.23333,36.44873],[129.23332,36.44873],[129.2333,36.44874],[129.23327,36.44875],[129.23324,36.44877],[129.23319,36.4488],[129.23317,36.44881],[129.23314,36.44882],[129.23311,36.44883],[129.2331,36.44882],[129.23309,36.44882],[129.23308,36.44881],[129.23308,36.4488],[129.23308,36.44877],[129.23308,36.44875],[129.23307,36.44873],[129.23308,36.44872],[129.23311,36.44871],[129.23314,36.4487],[129.23317,36.44869],[129.23319,36.44869],[129.23323,36.44869],[129.23327,36.44868],[129.2333,36.44868]],[[129.23688,36.44748],[129.23692,36.44748],[129.23695,36.44748],[129.23697,36.44748],[129.23698,36.44748],[129.23699,36.44749],[129.23699,36.4475],[129.23697,36.44751],[129.23695,36.44752],[129.23692,36.44753],[129.23689,36.44753],[129.23685,36.44753],[129.23683,36.44753],[129.2368,36.44754],[129.23679,36.44755],[129.23677,36.44757],[129.23675,36.44759],[129.23673,36.44761],[129.23671,36.44761],[129.23669,36.44761],[129.23666,36.44761],[129.23663,36.44762],[129.2366,36.44762],[129.23657,36.44763],[129.23656,36.44762],[129.23657,36.44762],[129.23658,36.44761],[129.23661,36.4476],[129.23664,36.44759],[129.23666,36.44759],[129.23669,36.44759],[129.23671,36.44759],[129.23673,36.44758],[129.23675,36.44756],[129.23678,36.44752],[129.23679,36.44751],[129.23681,36.4475],[129.23683,36.44749],[129.23686,36.44748],[129.23688,36.44748]],[[129.23828,36.44718],[129.23852,36.44714],[129.23814,36.44743],[129.23828,36.44718]],[[129.24014,36.44696],[129.24018,36.44696],[129.24021,36.44696],[129.24025,36.44696],[129.24026,36.44696],[129.24028,36.44695],[129.2403,36.44695],[129.24033,36.44694],[129.24034,36.44694],[129.24035,36.44695],[129.24035,36.44696],[129.24033,36.44696],[129.24032,36.44697],[129.24033,36.44697],[129.24034,36.44698],[129.24034,36.44699],[129.24033,36.44699],[129.2403,36.447],[129.24025,36.44701],[129.24021,36.44702],[129.24016,36.44702],[129.24012,36.44702],[129.2401,36.44701],[129.2401,36.447],[129.24011,36.44698],[129.24012,36.44697],[129.24014,36.44696]],[[129.24222,36.44621],[129.24224,36.44621],[129.24225,36.44621],[129.24225,36.44623],[129.24224,36.44624],[129.24218,36.44627],[129.24213,36.44629],[129.24212,36.44629],[129.24212,36.44629],[129.24212,36.44628],[129.24212,36.44627],[129.24213,36.44625],[129.24214,36.44624],[129.24217,36.44622],[129.24222,36.44621]]]}},{"type":"Feature","id":"TN_RIVER_BT:WTR02000000005BMK","properties":{"NF_ID":"WTR02000000005BMK","admin_code":"47770","source_layer":"TN_RIVER_BT","semantic":"channel","river_class":"소하천","river_class_source":"중심선 공간조인","survey_method":"사진측량"},"geometry":{"type":"Polygon","coordinates":[[[129.20399,36.47846],[129.20254,36.47846],[129.20299,36.47864],[129.20373,36.47844],[129.20427,36.47874],[129.20399,36.47846]]]}},{"type":"Feature","id":"TN_RIVER_BT:WTR02000000005BPN","properties":{"NF_ID":"WTR02000000005BPN","admin_code":"47770","source_layer":"TN_RIVER_BT","semantic":"channel","river_class":"소하천","river_class_source":"중심선 공간조인","survey_method":"사진측량"},"geometry":{"type":"Polygon","coordinates":[[[129.15575,36.48501],[129.15638,36.48608],[129.1561,36.48526],[129.15575,36.48501]]]}},{"type":"Feature","id":"TN_RIVER_BT:WTR02000000005BQO","properties":{"NF_ID":"WTR02000000005BQO","admin_code":"47770","source_layer":"TN_RIVER_BT","semantic":"channel","river_class":"소하천","river_class_source":"중심선 공간조인","survey_method":"사진측량"},"geometry":{"type":"Polygon","coordinates":[[[129.15781,36.48787],[129.15772,36.48854],[129.15791,36.48861],[129.15781,36.48787]]]}},{"type":"Feature","id":"TN_RIVER_BT:WTR02000000005BRP","properties":{"NF_ID":"WTR02000000005BRP","admin_code":"47770","source_layer":"TN_RIVER_BT","semantic":"channel","river_class":"지방하천","river_class_source":"중심선 공간조인","river_name":"영덕오십천","river_code":"2320010","survey_method":"사진측량"},"geometry":{"type":"Polygon","coordinates":[[[129.18649,36.48823],[129.18798,36.48773],[129.18804,36.48702],[129.18744,36.48589],[129.18882,36.48597],[129.18964,36.48674],[129.19043,36.48704],[129.19306,36.48741],[129.19374,36.48733],[129.19442,36.48764],[129.19635,36.48752],[129.19695,36.48782],[129.19734,36.48774],[129.1964,36.48747],[129.19435,36.48759],[129.19377,36.48726],[129.19029,36.48692],[129.18884,36.48591],[129.18725,36.48581],[129.18678,36.48535],[129.18683,36.485],[129.18894,36.48334],[129.19085,36.48349],[129.19232,36.48449],[129.19393,36.48367],[129.19468,36.48278],[129.19513,36.48144],[129.19469,36.47923],[129.19497,36.47757],[129.1958,36.47573],[129.20182,36.47793],[129.20104,36.47746],[129.19874,36.4769],[129.19786,36.47629],[129.19575,36.47562],[129.19605,36.47433],[129.19801,36.47117],[129.19856,36.46957],[129.1996,36.46788],[129.19939,36.46774],[129.19984,36.46643],[129.20054,36.46535],[129.20093,36.46546],[129.20172,36.46662],[129.20398,36.46738],[129.20479,36.46822],[129.20405,36.46734],[129.20172,36.46655],[129.20084,36.46508],[129.20296,36.46368],[129.20078,36.46497],[129.19984,36.4663],[129.19807,36.47097],[129.19794,36.4712],[129.19774,36.47107],[129.19816,36.47039],[129.19788,36.47067],[129.19559,36.47522],[129.19516,36.47522],[129.19438,36.47452],[129.1929,36.4739],[129.19176,36.47312],[129.19273,36.47366],[129.19295,36.47402],[129.19376,36.4742],[129.19518,36.47527],[129.19557,36.47531],[129.19453,36.47845],[129.19472,36.47855],[129.19453,36.47984],[129.1951,36.48141],[129.19469,36.48262],[129.19354,36.48387],[129.19239,36.48442],[129.19152,36.48373],[129.18995,36.48324],[129.18285,36.48309],[129.18217,36.48203],[129.18175,36.48023],[129.18017,36.47921],[129.17998,36.47831],[129.17885,36.47653],[129.1791,36.47595],[129.17706,36.4744],[129.17697,36.47407],[129.17627,36.47386],[129.177,36.47266],[129.17652,36.47194],[129.17768,36.4704],[129.17727,36.46883],[129.17771,36.46616],[129.17718,36.46492],[129.17769,36.4627],[129.17692,36.4617],[129.17671,36.46094],[129.17749,36.45972],[129.17856,36.45899],[129.17863,36.45863],[129.17835,36.45838],[129.17854,36.45725],[129.17924,36.45673],[129.17898,36.45579],[129.17801,36.45445],[129.17738,36.45288],[129.17875,36.45219],[129.17914,36.45121],[129.17883,36.44983],[129.17902,36.44927],[129.17997,36.44886],[129.18018,36.44766],[129.18072,36.44717],[129.18133,36.44705],[129.1812,36.44589],[129.18154,36.44505],[129.18292,36.44398],[129.18308,36.44352],[129.18288,36.44396],[129.18147,36.44508],[129.18112,36.44593],[129.18129,36.44696],[129.18025,36.44751],[129.17991,36.44875],[129.17895,36.44926],[129.17877,36.44982],[129.17902,36.45122],[129.17866,36.45213],[129.17714,36.45286],[129.1789,36.45578],[129.17917,36.45665],[129.17849,36.45724],[129.17826,36.45832],[129.17852,36.45884],[129.17706,36.45999],[129.17659,36.46104],[129.17682,36.46178],[129.17762,36.46273],[129.17716,36.46383],[129.17703,36.46506],[129.17759,36.4662],[129.17724,36.46898],[129.17765,36.47028],[129.17652,36.47185],[129.17696,36.47263],[129.17622,36.47387],[129.17687,36.47406],[129.17698,36.4744],[129.17901,36.47595],[129.17881,36.47659],[129.17974,36.4779],[129.18018,36.47927],[129.18126,36.48012],[129.18065,36.48029],[129.18,36.48009],[129.17957,36.47926],[129.17908,36.47905],[129.1772,36.47985],[129.17598,36.47965],[129.17511,36.4801],[129.17402,36.48019],[129.17307,36.47985],[129.17259,36.47883],[129.17102,36.47735],[129.16985,36.47684],[129.16958,36.47687],[129.16924,36.47741],[129.16657,36.47692],[129.16208,36.47695],[129.16068,36.47669],[129.15977,36.47589],[129.15912,36.47569],[129.15973,36.47589],[129.15999,36.47632],[129.16046,36.47639],[129.16072,36.47674],[129.16202,36.47699],[129.16663,36.47698],[129.16922,36.47746],[129.16983,36.47692],[129.17097,36.47738],[129.17253,36.47886],[129.17301,36.47988],[129.17399,36.48025],[129.17521,36.48013],[129.17601,36.47971],[129.17727,36.47993],[129.17844,36.47932],[129.17918,36.4792],[129.17963,36.4795],[129.17986,36.48014],[129.18058,36.48037],[129.18168,36.48023],[129.18217,36.48214],[129.18302,36.48321],[129.1865,36.48313],[129.18871,36.48333],[129.18669,36.48511],[129.18676,36.48549],[129.18782,36.48667],[129.18802,36.48737],[129.18782,36.48784],[129.18649,36.48823]],[[129.18577,36.48317],[129.18569,36.48317],[129.18567,36.48317],[129.18566,36.48318],[129.18561,36.48318],[129.18562,36.48317],[129.18563,36.48314],[129.18564,36.48312],[129.18566,36.48311],[129.18568,36.4831],[129.18572,36.4831],[129.18576,36.4831],[129.1858,36.4831],[129.18586,36.4831],[129.1859,36.4831],[129.18594,36.4831],[129.18598,36.4831],[129.186,36.4831],[129.18601,36.48311],[129.186,36.48311],[129.18598,36.48312],[129.18594,36.48313],[129.18591,36.48314],[129.18582,36.48316],[129.18577,36.48317]],[[129.17658,36.47407],[129.17656,36.47407],[129.17655,36.47407],[129.17653,36.47405],[129.17651,36.47405],[129.1765,36.47404],[129.1765,36.47404],[129.17648,36.47403],[129.17648,36.47402],[129.17647,36.47401],[129.17646,36.47399],[129.17646,36.47397],[129.17646,36.47396],[129.17647,36.47395],[129.17647,36.47395],[129.17648,36.47395],[129.17649,36.47395],[129.1765,36.47395],[129.17653,36.47396],[129.17657,36.47398],[129.1766,36.47402],[129.1766,36.47403],[129.17661,36.47404],[129.17661,36.47405],[129.1766,36.47406],[129.1766,36.47406],[129.17659,36.47407],[129.17658,36.47407]]]}},{"type":"Feature","id":"TN_RIVER_BT:WTR02000000005BSQ","properties":{"NF_ID":"WTR02000000005BSQ","admin_code":"47770","source_layer":"TN_RIVER_BT","semantic":"channel","river_class":"지방하천","river_class_source":"중심선 공간조인","river_name":"신안천","river_code":"2320020","survey_method":"사진측량"},"geometry":{"type":"Polygon","coordinates":[[[129.23727,36.49021],[129.2386,36.49019],[129.23915,36.48953],[129.24177,36.48849],[129.24193,36.48806],[129.24156,36.48689],[129.24388,36.48392],[129.24654,36.48311],[129.24657,36.48215],[129.2471,36.48056],[129.24866,36.4803],[129.25,36.4805],[129.24862,36.48027],[129.24702,36.48057],[129.24644,36.48305],[129.24385,36.48381],[129.24146,36.48685],[129.24182,36.48796],[129.24169,36.48837],[129.23903,36.48949],[129.23852,36.49013],[129.23718,36.49016],[129.23639,36.49041],[129.23606,36.49108],[129.23627,36.49056],[129.23727,36.49021]]]}},{"type":"Feature","id":"TN_RIVER_BT:WTR02000000005BTR","properties":{"NF_ID":"WTR02000000005BTR","admin_code":"47770","source_layer":"TN_RIVER_BT","semantic":"channel","river_class":"소하천","river_class_source":"중심선 공간조인","survey_method":"사진측량"},"geometry":{"type":"Polygon","coordinates":[[[129.18827,36.49346],[129.18827,36.49343],[129.18827,36.49344],[129.18827,36.49344],[129.18826,36.49345],[129.18825,36.49345],[129.18825,36.49345],[129.18824,36.49345],[129.18823,36.49345],[129.18825,36.49347],[129.18839,36.4937],[129.1884,36.4937],[129.1884,36.49369],[129.18827,36.49346]]]}},{"type":"Feature","id":"TN_RIVER_BT:WTR02000000005BWU","properties":{"NF_ID":"WTR02000000005BWU","admin_code":"47770","source_layer":"TN_RIVER_BT","semantic":"channel","river_class":"소하천","river_class_source":"중심선 공간조인","survey_method":"사진측량"},"geometry":{"type":"Polygon","coordinates":[[[129.18298,36.4926],[129.18273,36.49188],[129.1833,36.49092],[129.1835,36.48911],[129.18474,36.48917],[129.1849,36.48879],[129.18481,36.48909],[129.18337,36.48908],[129.18327,36.49046],[129.18259,36.49187],[129.18266,36.49257],[129.18108,36.49306],[129.18004,36.49298],[129.17696,36.4936],[129.17573,36.49357],[129.17454,36.49398],[129.17175,36.4934],[129.17107,36.49389],[129.17032,36.49389],[129.16794,36.4934],[129.16742,36.49363],[129.16688,36.49327],[129.16546,36.49315],[129.16217,36.49152],[129.16014,36.49015],[129.16205,36.49156],[129.16507,36.49307],[129.16691,36.49336],[129.16744,36.49369],[129.16791,36.49349],[129.17076,36.49402],[129.17169,36.49348],[129.17452,36.49406],[129.17577,36.49364],[129.17704,36.49383],[129.17796,36.49339],[129.18094,36.49315],[129.18285,36.49256],[129.18364,36.49337],[129.18328,36.49403],[129.18355,36.49441],[129.18223,36.49547],[129.18273,36.49661],[129.18225,36.49712],[129.18278,36.49667],[129.18226,36.4955],[129.1836,36.49438],[129.18333,36.49402],[129.1837,36.49334],[129.18298,36.4926]]]}},{"type":"Feature","id":"TN_RIVER_BT:WTR02000000005C32","properties":{"NF_ID":"WTR02000000005C32","admin_code":"47770","source_layer":"TN_RIVER_BT","semantic":"channel","river_class":"소하천","river_class_source":"중심선 공간조인","survey_method":"사진측량"},"geometry":{"type":"Polygon","coordinates":[[[129.27653,36.5],[129.27572,36.50104],[129.27619,36.5007],[129.27653,36.5]]]}},{"type":"Feature","id":"TN_RIVER_BT:WTR02000000005C43","properties":{"NF_ID":"WTR02000000005C43","admin_code":"47770","source_layer":"TN_RIVER_BT","semantic":"channel","river_class":"소하천","river_class_source":"중심선 공간조인","survey_method":"사진측량"},"geometry":{"type":"Polygon","coordinates":[[[129.27674,36.50094],[129.27712,36.50108],[129.27875,36.5],[129.27713,36.50102],[129.27668,36.50089],[129.27608,36.50127],[129.2759,36.50197],[129.27541,36.50254],[129.27544,36.50304],[129.27475,36.50339],[129.27458,36.50372],[129.27478,36.50338],[129.27549,36.50305],[129.27545,36.50255],[129.27598,36.50191],[129.2761,36.50131],[129.27674,36.50094]]]}},{"type":"Feature","id":"TN_RIVER_BT:WTR02000000005C54","properties":{"NF_ID":"WTR02000000005C54","admin_code":"47770","source_layer":"TN_RIVER_BT","semantic":"channel","river_class":"지방하천","river_class_source":"중심선 공간조인","river_name":"조항천","river_code":"1023040","survey_method":"사진측량"},"geometry":{"type":"Polygon","coordinates":[[[129.32783,36.50306],[129.32954,36.50275],[129.33129,36.50288],[129.33195,36.50246],[129.33318,36.50299],[129.33441,36.50252],[129.33511,36.50278],[129.33594,36.50147],[129.33634,36.50146],[129.33712,36.50187],[129.33609,36.50136],[129.33575,36.50156],[129.33517,36.5027],[129.33443,36.50234],[129.33325,36.50295],[129.33195,36.50244],[129.3313,36.50279],[129.32959,36.5027],[129.3274,36.50306],[129.32594,36.50257],[129.32385,36.50107],[129.32212,36.50052],[129.324,36.5012],[129.32662,36.50298],[129.32783,36.50306]]]}},{"type":"Feature","id":"TN_RIVER_BT:WTR02000000005C65","properties":{"NF_ID":"WTR02000000005C65","admin_code":"47770","source_layer":"TN_RIVER_BT","semantic":"channel","river_class":"지방하천","river_class_source":"중심선 공간조인","river_name":"조항천","river_code":"1023040","survey_method":"사진측량"},"geometry":{"type":"Polygon","coordinates":[[[129.34349,36.50073],[129.34392,36.5],[129.34352,36.50062],[129.34327,36.50061],[129.34331,36.50086],[129.34349,36.50073]]]}},{"type":"Feature","id":"TN_RIVER_BT:WTR02000000005C76","properties":{"NF_ID":"WTR02000000005C76","admin_code":"47770","source_layer":"TN_RIVER_BT","semantic":"channel","river_class":"소하천","river_class_source":"중심선 공간조인","river_name":"꽃밭천","survey_method":"사진측량"},"geometry":{"type":"Polygon","coordinates":[[[129.35383,36.50454],[129.35446,36.5044],[129.35484,36.5037],[129.35495,36.50269],[129.35461,36.50215],[129.35569,36.50184],[129.35637,36.50194],[129.35802,36.50165],[129.36117,36.50047],[129.36145,36.5],[129.36073,36.5006],[129.35797,36.50164],[129.35644,36.50192],[129.35566,36.5018],[129.3546,36.5021],[129.35491,36.50261],[129.35479,36.50374],[129.35446,36.50439],[129.35366,36.50462],[129.3538,36.50537],[129.35278,36.5061],[129.35198,36.50795],[129.35281,36.5061],[129.35382,36.50539],[129.35363,36.50484],[129.35383,36.50454]]]}},{"type":"Feature","id":"TN_RIVER_BT:WTR02000000005C87","properties":{"NF_ID":"WTR02000000005C87","admin_code":"47770","source_layer":"TN_RIVER_BT","semantic":"channel","river_class":"소하천","river_class_source":"중심선 공간조인","survey_method":"사진측량"},"geometry":{"type":"Polygon","coordinates":[[[129.41866,36.50826],[129.41769,36.50833],[129.41867,36.50828],[129.4198,36.50869],[129.41866,36.50826]]]}},{"type":"Feature","id":"TN_RIVER_BT:WTR02000000005C98","properties":{"NF_ID":"WTR02000000005C98","admin_code":"47770","source_layer":"TN_RIVER_BT","semantic":"channel","river_class":"지방하천","river_class_source":"중심선 공간조인","river_name":"축산천","river_code":"2620340","survey_method":"사진측량"},"geometry":{"type":"Polygon","coordinates":[[[129.44031,36.50608],[129.44184,36.50521],[129.44229,36.50525],[129.44372,36.50677],[129.44435,36.50706],[129.44555,36.50712],[129.44779,36.50673],[129.44903,36.50596],[129.44841,36.50633],[129.44815,36.50604],[129.44775,36.50613],[129.44791,36.50626],[129.44562,36.5067],[129.44478,36.50659],[129.44372,36.50596],[129.44324,36.50552],[129.44338,36.50539],[129.44315,36.50545],[129.4427,36.50441],[129.44251,36.50198],[129.44292,36.50108],[129.44273,36.50027],[129.44213,36.5],[129.44241,36.50516],[129.44181,36.50519],[129.44023,36.50601],[129.43974,36.50873],[129.43839,36.50904],[129.43812,36.50931],[129.43841,36.50906],[129.43975,36.50876],[129.44031,36.50608]],[[129.44252,36.50068],[129.44253,36.50067],[129.44255,36.50067],[129.44255,36.50068],[129.44257,36.50068],[129.44257,36.50069],[129.44258,36.50069],[129.44258,36.5007],[129.44259,36.50072],[129.44259,36.50073],[129.44259,36.50075],[129.44258,36.50078],[129.44258,36.50081],[129.44258,36.50084],[129.44258,36.50087],[129.44258,36.50091],[129.44258,36.50097],[129.44259,36.50101],[129.44259,36.50105],[129.44259,36.50108],[129.44259,36.50113],[129.44259,36.50117],[129.44259,36.50121],[129.44259,36.50125],[129.44259,36.50128],[129.44257,36.50134],[129.44253,36.50146],[129.44252,36.50147],[129.44252,36.50149],[129.44251,36.5015],[129.44249,36.5015],[129.44248,36.50151],[129.44246,36.5015],[129.44245,36.5015],[129.44245,36.50149],[129.44245,36.50148],[129.44245,36.50146],[129.44246,36.50144],[129.44247,36.50142],[129.44248,36.5014],[129.44249,36.50137],[129.4425,36.50135],[129.44251,36.50132],[129.44251,36.50129],[129.44251,36.50127],[129.44252,36.50123],[129.44252,36.5012],[129.44252,36.50118],[129.44252,36.50115],[129.44251,36.50112],[129.4425,36.50109],[129.44249,36.50105],[129.44249,36.50102],[129.44248,36.50098],[129.44248,36.50094],[129.44248,36.50092],[129.44248,36.50089],[129.44248,36.50085],[129.44249,36.5008],[129.4425,36.50073],[129.4425,36.5007],[129.44251,36.50069],[129.44252,36.50068],[129.44252,36.50068]]]}},{"type":"Feature","id":"TN_RIVER_BT:WTR02000000005CA9","properties":{"NF_ID":"WTR02000000005CA9","admin_code":"47770","source_layer":"TN_RIVER_BT","semantic":"channel","river_class":"소하천","river_class_source":"중심선 공간조인","survey_method":"사진측량"},"geometry":{"type":"Polygon","coordinates":[[[129.27714,36.51962],[129.27713,36.51961],[129.27713,36.51962],[129.27712,36.51962],[129.27712,36.51965],[129.2772,36.51975],[129.27722,36.51977],[129.27724,36.51981],[129.27727,36.51986],[129.2773,36.51991],[129.27734,36.51996],[129.27739,36.51999],[129.27744,36.52001],[129.27749,36.52002],[129.27755,36.52003],[129.27763,36.52004],[129.2776,36.52002],[129.27756,36.52002],[129.2775,36.52001],[129.27746,36.51999],[129.2774,36.51997],[129.27736,36.51994],[129.27732,36.5199],[129.27729,36.51985],[129.27727,36.5198],[129.27724,36.51976],[129.27722,36.51973],[129.27714,36.51964],[129.27714,36.51962]]]}},{"type":"Feature","id":"TN_RIVER_BT:WTR02000000005CBA","properties":{"NF_ID":"WTR02000000005CBA","admin_code":"47770","source_layer":"TN_RIVER_BT","semantic":"channel","river_class":"지방하천","river_class_source":"중심선 공간조인","river_name":"축산천","river_code":"2620340","survey_method":"사진측량"},"geometry":{"type":"Polygon","coordinates":[[[129.42595,36.50565],[129.4274,36.50502],[129.42743,36.50448],[129.4282,36.50397],[129.42813,36.50421],[129.4308,36.50272],[129.43167,36.50194],[129.43178,36.50131],[129.43223,36.5012],[129.43318,36.5],[129.42963,36.50295],[129.42825,36.50364],[129.42632,36.50531],[129.42529,36.50565],[129.42479,36.50542],[129.42474,36.50509],[129.42527,36.50382],[129.42564,36.50412],[129.42606,36.50288],[129.42438,36.50074],[129.42321,36.5],[129.42283,36.5],[129.42462,36.50129],[129.42582,36.50297],[129.4246,36.50531],[129.42529,36.50581],[129.42595,36.50565]]]}},{"type":"Feature","id":"TN_RIVER_BT:WTR02000000005CCB","properties":{"NF_ID":"WTR02000000005CCB","admin_code":"47770","source_layer":"TN_RIVER_BT","semantic":"channel","river_class":"지방하천","river_class_source":"중심선 공간조인","river_name":"축산천","river_code":"2620340","survey_method":"사진측량"},"geometry":{"type":"Polygon","coordinates":[[[129.36935,36.5209],[129.37003,36.52065],[129.37036,36.51988],[129.37193,36.51866],[129.37216,36.51796],[129.37358,36.51672],[129.37405,36.51583],[129.37395,36.51499],[129.3744,36.51496],[129.37454,36.51471],[129.37432,36.51363],[129.37478,36.51279],[129.37541,36.51287],[129.37544,36.51135],[129.37724,36.51041],[129.37747,36.50937],[129.37815,36.50903],[129.38014,36.5092],[129.38099,36.5089],[129.38198,36.50845],[129.38225,36.50746],[129.38376,36.50692],[129.38426,36.50648],[129.38603,36.5068],[129.38743,36.5077],[129.38808,36.50854],[129.38922,36.50892],[129.38933,36.50913],[129.39005,36.50923],[129.39027,36.50904],[129.3915,36.50937],[129.39336,36.50932],[129.39478,36.50914],[129.3952,36.50879],[129.39788,36.50873],[129.40027,36.50963],[129.39874,36.51161],[129.39828,36.51188],[129.39732,36.51196],[129.3965,36.51292],[129.39539,36.51359],[129.39433,36.5153],[129.39315,36.51576],[129.39104,36.51555],[129.38972,36.51595],[129.38844,36.51594],[129.38698,36.51626],[129.38723,36.51634],[129.38842,36.51596],[129.38977,36.51597],[129.39104,36.51558],[129.39324,36.51578],[129.39442,36.51531],[129.39523,36.51426],[129.39542,36.51361],[129.39664,36.51289],[129.39736,36.51198],[129.39825,36.51192],[129.3988,36.51165],[129.40039,36.50967],[129.40549,36.51063],[129.40721,36.50811],[129.40756,36.50789],[129.40757,36.50811],[129.40886,36.50701],[129.41087,36.5069],[129.4117,36.50723],[129.41304,36.50725],[129.41411,36.50673],[129.41415,36.50709],[129.41422,36.50663],[129.41531,36.50618],[129.41581,36.50718],[129.41552,36.50758],[129.41595,36.508],[129.41557,36.50901],[129.41629,36.50954],[129.41596,36.5106],[129.41656,36.51114],[129.41626,36.51169],[129.41648,36.51219],[129.41626,36.51383],[129.41665,36.51415],[129.41663,36.51483],[129.41719,36.5153],[129.41722,36.51582],[129.41723,36.51529],[129.4167,36.51488],[129.41673,36.51418],[129.41632,36.51378],[129.41654,36.51221],[129.41629,36.5117],[129.4166,36.51112],[129.41607,36.5106],[129.41633,36.50947],[129.41562,36.50901],[129.41601,36.50803],[129.41557,36.50758],[129.41584,36.50717],[129.41536,36.50618],[129.41615,36.506],[129.41646,36.50681],[129.41753,36.50765],[129.41752,36.50785],[129.41754,36.50761],[129.41644,36.50675],[129.41633,36.50604],[129.41894,36.50631],[129.42046,36.50506],[129.42084,36.50419],[129.42083,36.50188],[129.42015,36.50108],[129.41989,36.5],[129.41992,36.50093],[129.42048,36.50144],[129.42078,36.50288],[129.42043,36.50295],[129.42012,36.50446],[129.41889,36.50559],[129.41912,36.50598],[129.41732,36.50592],[129.41573,36.50556],[129.41606,36.5056],[129.41293,36.50717],[129.41184,36.5072],[129.41108,36.50681],[129.40962,36.50692],[129.40886,36.50674],[129.40766,36.50752],[129.408,36.50746],[129.40723,36.50793],[129.40598,36.50922],[129.40536,36.51044],[129.40483,36.51043],[129.40265,36.50794],[129.40206,36.50768],[129.40204,36.50661],[129.40152,36.50633],[129.40143,36.50589],[129.4015,36.50634],[129.40204,36.50665],[129.40187,36.50745],[129.40072,36.5065],[129.39955,36.50637],[129.39863,36.5059],[129.39795,36.5054],[129.39789,36.50478],[129.39718,36.50419],[129.39786,36.50479],[129.39794,36.50541],[129.39866,36.50594],[129.39955,36.50639],[129.4007,36.50651],[129.40262,36.50796],[129.40479,36.51043],[129.40177,36.5095],[129.40154,36.50969],[129.39816,36.50863],[129.3953,36.50873],[129.39422,36.50913],[129.39157,36.50935],[129.39069,36.50903],[129.38938,36.50896],[129.38905,36.50813],[129.38874,36.50351],[129.38901,36.5],[129.3887,36.50183],[129.38739,36.5013],[129.38398,36.50247],[129.38197,36.50291],[129.37994,36.50219],[129.37933,36.50308],[129.37843,36.50339],[129.3776,36.50335],[129.37729,36.50387],[129.37747,36.50418],[129.37697,36.50457],[129.3752,36.505],[129.3734,36.50607],[129.3724,36.50754],[129.37228,36.50932],[129.37183,36.50957],[129.3714,36.5103],[129.37171,36.51137],[129.37142,36.5103],[129.37231,36.50931],[129.37243,36.50758],[129.37339,36.50613],[129.37529,36.505],[129.37697,36.50461],[129.37751,36.50419],[129.37732,36.50388],[129.37761,36.50339],[129.37849,36.50341],[129.3794,36.5031],[129.38,36.50222],[129.38205,36.50293],[129.38403,36.50251],[129.38738,36.5014],[129.38826,36.50166],[129.38879,36.50237],[129.38882,36.50775],[129.38924,36.50887],[129.38828,36.50861],[129.38739,36.5076],[129.38614,36.5068],[129.38422,36.50641],[129.38386,36.50683],[129.38233,36.50735],[129.38191,36.50843],[129.3807,36.50898],[129.37972,36.50918],[129.3781,36.50898],[129.37755,36.50917],[129.37712,36.51045],[129.3754,36.5113],[129.37519,36.5121],[129.37538,36.51282],[129.37475,36.51276],[129.37445,36.51323],[129.37423,36.5139],[129.37448,36.51477],[129.37392,36.51495],[129.37401,36.51579],[129.37351,36.51671],[129.37213,36.51794],[129.37192,36.51861],[129.37035,36.51986],[129.37003,36.52061],[129.36935,36.5209]]]}},{"type":"Feature","id":"TN_RIVER_BT:WTR02000000005CDC","properties":{"NF_ID":"WTR02000000005CDC","admin_code":"47770","source_layer":"TN_RIVER_BT","semantic":"channel","river_class":"지방하천","river_class_source":"중심선 공간조인","river_name":"남천","river_code":"2620330","survey_method":"사진측량"},"geometry":{"type":"Polygon","coordinates":[[[129.35765,36.52298],[129.35731,36.52289],[129.35741,36.52368],[129.35797,36.5242],[129.35839,36.52514],[129.35869,36.52503],[129.35753,36.52366],[129.35765,36.52298]]]}},{"type":"Feature","id":"TN_RIVER_BT:WTR02000000005CED","properties":{"NF_ID":"WTR02000000005CED","admin_code":"47770","source_layer":"TN_RIVER_BT","semantic":"channel","river_class":"소하천","river_class_source":"중심선 공간조인","survey_method":"사진측량"},"geometry":{"type":"Polygon","coordinates":[[[129.41299,36.53485],[129.41316,36.53447],[129.41512,36.53357],[129.41373,36.53414],[129.41313,36.53447],[129.41299,36.53483],[129.41204,36.53517],[129.41022,36.53631],[129.41024,36.53762],[129.41044,36.53738],[129.41024,36.53633],[129.41299,36.53485]]]}},{"type":"Feature","id":"TN_RIVER_BT:WTR02000000005CFE","properties":{"NF_ID":"WTR02000000005CFE","admin_code":"47770","source_layer":"TN_RIVER_BT","semantic":"channel","river_class":"소하천","river_class_source":"중심선 공간조인","survey_method":"사진측량"},"geometry":{"type":"Polygon","coordinates":[[[129.30091,36.53674],[129.29982,36.53667],[129.29822,36.53596],[129.29943,36.53662],[129.30021,36.53671],[129.30003,36.53723],[129.2993,36.53737],[129.3001,36.53727],[129.30034,36.53675],[129.3011,36.53696],[129.30134,36.5387],[129.30191,36.53941],[129.30148,36.53837],[129.30138,36.53716],[129.30091,36.53674]]]}},{"type":"Feature","id":"TN_RIVER_BT:WTR02000000005CGF","properties":{"NF_ID":"WTR02000000005CGF","admin_code":"47770","source_layer":"TN_RIVER_BT","semantic":"channel","river_class":"소하천","river_class_source":"중심선 공간조인","survey_method":"사진측량"},"geometry":{"type":"Polygon","coordinates":[[[129.32116,36.54173],[129.3207,36.54141],[129.31806,36.54144],[129.32068,36.54147],[129.32116,36.54173]]]}},{"type":"Feature","id":"TN_RIVER_BT:WTR02000000005CHG","properties":{"NF_ID":"WTR02000000005CHG","admin_code":"47770","source_layer":"TN_RIVER_BT","semantic":"channel","river_class":"소하천","river_class_source":"중심선 공간조인","survey_method":"사진측량"},"geometry":{"type":"Polygon","coordinates":[[[129.32183,36.54184],[129.32183,36.54183],[129.32183,36.54182],[129.32185,36.54163],[129.32189,36.54147],[129.32191,36.54135],[129.32188,36.54125],[129.32187,36.54124],[129.32185,36.54122],[129.32184,36.54125],[129.32183,36.54129],[129.32183,36.54139],[129.32181,36.5415],[129.32178,36.54166],[129.32174,36.54181],[129.32173,36.54183],[129.32172,36.54184],[129.32177,36.54184],[129.32178,36.54184],[129.3218,36.54184],[129.32182,36.54184],[129.32183,36.54184]]]}},{"type":"Feature","id":"TN_RIVER_BT:WTR02000000005CIH","properties":{"NF_ID":"WTR02000000005CIH","admin_code":"47770","source_layer":"TN_RIVER_BT","semantic":"channel","river_class":"지방하천","river_class_source":"중심선 공간조인","river_name":"남천","river_code":"2620330","survey_method":"사진측량"},"geometry":{"type":"Polygon","coordinates":[[[129.26164,36.53565],[129.26164,36.53497],[129.26202,36.53458],[129.26335,36.5343],[129.2635,36.53338],[129.26404,36.53292],[129.26425,36.53205],[129.26423,36.53126],[129.26392,36.53094],[129.26462,36.53006],[129.26442,36.52861],[129.26488,36.52781],[129.26575,36.52761],[129.26625,36.52604],[129.2663,36.52502],[129.26775,36.52358],[129.26851,36.52316],[129.26935,36.52334],[129.27,36.52322],[129.27046,36.52251],[129.27182,36.52202],[129.27351,36.52211],[129.27481,36.52167],[129.27661,36.52152],[129.27852,36.52086],[129.27918,36.52025],[129.27991,36.51996],[129.28191,36.51988],[129.28345,36.52047],[129.28427,36.52028],[129.28559,36.52043],[129.28651,36.51941],[129.28977,36.51918],[129.29177,36.51842],[129.29395,36.51834],[129.29447,36.51862],[129.29691,36.51882],[129.29789,36.5187],[129.29842,36.51832],[129.30048,36.51782],[129.30187,36.51785],[129.30492,36.51744],[129.30573,36.51849],[129.30871,36.51885],[129.31071,36.51753],[129.31093,36.51692],[129.31252,36.51652],[129.31449,36.5165],[129.31556,36.5168],[129.31645,36.51819],[129.31736,36.51868],[129.32014,36.51794],[129.32212,36.51943],[129.32324,36.51947],[129.32342,36.51993],[129.32308,36.52044],[129.3232,36.52099],[129.32365,36.52188],[129.32408,36.52213],[129.3258,36.52119],[129.32657,36.52198],[129.32686,36.52199],[129.32758,36.52072],[129.32812,36.52056],[129.32834,36.52014],[129.32985,36.51895],[129.33147,36.52023],[129.3319,36.5213],[129.33243,36.52135],[129.33252,36.52153],[129.33472,36.52182],[129.33664,36.52113],[129.3379,36.52094],[129.33789,36.52078],[129.33453,36.52176],[129.33257,36.52148],[129.33254,36.52131],[129.33199,36.52126],[129.33155,36.5202],[129.33046,36.51948],[129.3305,36.51917],[129.32993,36.51892],[129.32842,36.51997],[129.32808,36.52052],[129.32756,36.52067],[129.32699,36.52132],[129.32684,36.52194],[129.32662,36.52197],[129.32623,36.52132],[129.32575,36.52112],[129.32409,36.52206],[129.32369,36.52184],[129.32322,36.5208],[129.32321,36.52027],[129.32355,36.52],[129.32321,36.51937],[129.32214,36.5194],[129.32014,36.51787],[129.31805,36.51825],[129.3174,36.51865],[129.31628,36.51798],[129.31621,36.51735],[129.31571,36.51681],[129.31448,36.51642],[129.3127,36.51647],[129.31095,36.51688],[129.31063,36.51705],[129.31073,36.51745],[129.31038,36.51776],[129.30869,36.51878],[129.30576,36.51834],[129.30509,36.51734],[129.30152,36.51784],[129.30019,36.51778],[129.29683,36.5188],[129.29622,36.51854],[129.29486,36.51858],[129.29389,36.51825],[129.29263,36.5183],[129.29066,36.51863],[129.28958,36.51917],[129.28643,36.51938],[129.28547,36.52032],[129.28427,36.5202],[129.28345,36.52044],[129.28301,36.52004],[129.28185,36.51987],[129.27995,36.51994],[129.27915,36.5201],[129.27901,36.52036],[129.27831,36.52013],[129.279,36.52038],[129.27838,36.52088],[129.27667,36.52146],[129.27488,36.52164],[129.27408,36.5208],[129.27251,36.52074],[129.27189,36.52002],[129.27243,36.52077],[129.27408,36.52098],[129.27477,36.52167],[129.27342,36.5221],[129.27164,36.52204],[129.27057,36.5224],[129.27012,36.52308],[129.26938,36.52332],[129.26837,36.52312],[129.26641,36.52471],[129.26571,36.52756],[129.26499,36.5277],[129.26447,36.52835],[129.2643,36.52926],[129.26459,36.53006],[129.2639,36.53094],[129.26421,36.53142],[129.26419,36.53206],[129.264,36.53285],[129.26344,36.53332],[129.26311,36.5344],[129.26202,36.53449],[129.26181,36.53477],[129.26038,36.53522],[129.25873,36.53503],[129.25756,36.53517],[129.25702,36.53547],[129.25644,36.53538],[129.25543,36.53578],[129.25471,36.53637],[129.2534,36.53673],[129.25181,36.53613],[129.25068,36.53624],[129.25189,36.53618],[129.2527,36.53672],[129.25331,36.53679],[129.25476,36.53638],[129.25637,36.53553],[129.25706,36.53554],[129.25875,36.53504],[129.26025,36.53527],[129.2616,36.53483],[129.26142,36.53553],[129.26182,36.53699],[129.26153,36.53729],[129.26148,36.53804],[129.26057,36.53908],[129.26017,36.54129],[129.26037,36.54205],[129.2611,36.54302],[129.26148,36.54474],[129.2614,36.54657],[129.26159,36.54485],[129.26121,36.54307],[129.26041,36.54202],[129.26028,36.54106],[129.26062,36.53906],[129.26154,36.53813],[129.26159,36.53728],[129.26189,36.537],[129.26164,36.53565]],[[129.33491,36.52173],[129.33494,36.52173],[129.33497,36.52173],[129.33498,36.52173],[129.33498,36.52173],[129.33497,36.52174],[129.33496,36.52174],[129.33495,36.52175],[129.33489,36.52177],[129.33487,36.52177],[129.33485,36.52178],[129.33483,36.52179],[129.33481,36.52179],[129.33479,36.5218],[129.33476,36.5218],[129.33475,36.5218],[129.33474,36.5218],[129.33474,36.52179],[129.33475,36.52179],[129.33476,36.52178],[129.33478,36.52178],[129.33479,36.52177],[129.3348,36.52177],[129.3348,36.52176],[129.3348,36.52176],[129.33481,36.52175],[129.33482,36.52174],[129.33483,36.52174],[129.33485,36.52174],[129.33487,36.52173],[129.33489,36.52173],[129.3349,36.52173],[129.33491,36.52173]],[[129.33445,36.52178],[129.33447,36.52178],[129.33448,36.52178],[129.33449,36.52178],[129.33452,36.52178],[129.33453,36.52178],[129.33455,36.52178],[129.33458,36.52178],[129.33458,36.52178],[129.33456,36.52179],[129.33453,36.5218],[129.3345,36.5218],[129.33448,36.52181],[129.33444,36.52181],[129.33442,36.52181],[129.3344,36.5218],[129.33438,36.52179],[129.33436,36.52179],[129.33435,36.52178],[129.33434,36.52178],[129.33435,36.52178],[129.33436,36.52178],[129.33438,36.52178],[129.33441,36.52178],[129.33443,36.52178],[129.33445,36.52178]],[[129.33582,36.52133],[129.33626,36.52127],[129.33561,36.52151],[129.33582,36.52133]]]}},{"type":"Feature","id":"TN_RIVER_BT:WTR02000000005CJI","properties":{"NF_ID":"WTR02000000005CJI","admin_code":"47770","source_layer":"TN_RIVER_BT","semantic":"channel","river_class":"등급미확인","survey_method":"사진측량"},"geometry":{"type":"Polygon","coordinates":[[[129.36589,36.54623],[129.36587,36.54622],[129.36584,36.54622],[129.36582,36.54622],[129.3658,36.5462],[129.36578,36.54618],[129.36577,36.54616],[129.36574,36.54614],[129.36572,36.54612],[129.36568,36.54611],[129.36564,36.54609],[129.3656,36.54607],[129.36557,36.54607],[129.36557,36.54609],[129.36559,36.54611],[129.36561,36.54612],[129.36565,36.54614],[129.36569,36.54616],[129.36571,36.54618],[129.36573,36.54621],[129.36577,36.54623],[129.36581,36.54625],[129.36585,36.54628],[129.36589,36.54631],[129.36593,36.54634],[129.36595,36.54635],[129.36599,36.5464],[129.36601,36.54643],[129.36604,36.54645],[129.36607,36.54647],[129.36611,36.5465],[129.36614,36.54651],[129.36617,36.54652],[129.36618,36.54652],[129.36619,36.54651],[129.36618,36.54649],[129.36616,36.54647],[129.36613,36.54645],[129.3661,36.54643],[129.36609,36.54641],[129.36609,36.54639],[129.36608,36.54637],[129.36604,36.54635],[129.36601,36.54633],[129.36597,36.54628],[129.36593,36.54626],[129.3659,36.54625],[129.36589,36.54623]]]}},{"type":"Feature","id":"TN_RIVER_BT:WTR02000000005CKJ","properties":{"NF_ID":"WTR02000000005CKJ","admin_code":"47770","source_layer":"TN_RIVER_BT","semantic":"channel","river_class":"등급미확인","survey_method":"사진측량"},"geometry":{"type":"Polygon","coordinates":[[[129.37261,36.54892],[129.37261,36.54892],[129.37261,36.5489],[129.37261,36.54889],[129.37261,36.54888],[129.3726,36.54887],[129.37259,36.54886],[129.37259,36.54886],[129.37258,36.54885],[129.37255,36.54884],[129.37254,36.54883],[129.37252,36.54883],[129.37249,36.54882],[129.37247,36.54882],[129.37245,36.54882],[129.37242,36.54881],[129.3724,36.54881],[129.37237,36.54881],[129.37236,36.5488],[129.37235,36.5488],[129.37233,36.5488],[129.37233,36.54881],[129.37233,36.54881],[129.37224,36.54879],[129.37223,36.54879],[129.37221,36.54879],[129.37219,36.54879],[129.37216,36.54879],[129.37214,36.54879],[129.37212,36.54879],[129.3721,36.54879],[129.37208,36.54879],[129.37207,36.5488],[129.37206,36.5488],[129.37204,36.54881],[129.37204,36.54882],[129.37204,36.54882],[129.37204,36.54883],[129.37205,36.54884],[129.37206,36.54884],[129.37207,36.54885],[129.37209,36.54887],[129.3721,36.54887],[129.37211,36.54888],[129.37211,36.54889],[129.37212,36.5489],[129.37212,36.5489],[129.37211,36.54891],[129.3721,36.54892],[129.3721,36.54893],[129.37209,36.54895],[129.37209,36.54895],[129.3721,36.54895],[129.37211,36.54896],[129.37211,36.54896],[129.37212,36.54896],[129.37213,36.54896],[129.37213,36.54895],[129.37214,36.54894],[129.37216,36.54894],[129.37216,36.54893],[129.37218,36.54893],[129.37219,36.54893],[129.3722,36.54893],[129.37221,36.54893],[129.37222,36.54893],[129.37224,36.54893],[129.37225,36.54894],[129.37227,36.54895],[129.3723,36.54895],[129.37232,36.54896],[129.37235,36.54897],[129.37237,36.54898],[129.3724,36.54898],[129.37242,36.54899],[129.37244,36.54899],[129.37247,36.549],[129.37249,36.549],[129.37251,36.549],[129.37253,36.549],[129.37254,36.549],[129.37255,36.549],[129.37256,36.54899],[129.37257,36.54899],[129.37259,36.54898],[129.37259,36.54897],[129.3726,36.54896],[129.3726,36.54896],[129.37261,36.54894],[129.37261,36.54893],[129.37261,36.54892]]]}},{"type":"Feature","id":"TN_RIVER_BT:WTR02000000005CLK","properties":{"NF_ID":"WTR02000000005CLK","admin_code":"47770","source_layer":"TN_RIVER_BT","semantic":"channel","river_class":"소하천","river_class_source":"중심선 공간조인","survey_method":"사진측량"},"geometry":{"type":"Polygon","coordinates":[[[129.36068,36.54948],[129.36024,36.54969],[129.35981,36.551],[129.36027,36.54973],[129.36068,36.54948]]]}},{"type":"Feature","id":"TN_RIVER_BT:WTR02000000005CML","properties":{"NF_ID":"WTR02000000005CML","admin_code":"47770","source_layer":"TN_RIVER_BT","semantic":"channel","river_class":"소하천","river_class_source":"중심선 공간조인","survey_method":"사진측량"},"geometry":{"type":"Polygon","coordinates":[[[129.41622,36.55143],[129.41566,36.55117],[129.41565,36.55118],[129.41621,36.55144],[129.41622,36.55143]]]}},{"type":"Feature","id":"TN_RIVER_BT:WTR02000000005CNM","properties":{"NF_ID":"WTR02000000005CNM","admin_code":"47770","source_layer":"TN_RIVER_BT","semantic":"channel","river_class":"소하천","river_class_source":"중심선 공간조인","survey_method":"사진측량"},"geometry":{"type":"Polygon","coordinates":[[[129.42169,36.55307],[129.42168,36.55305],[129.42162,36.55311],[129.42154,36.55317],[129.42149,36.55319],[129.42143,36.55324],[129.42128,36.55332],[129.42121,36.55336],[129.42115,36.55338],[129.42105,36.5534],[129.42092,36.55344],[129.42085,36.55346],[129.42078,36.55348],[129.42068,36.55352],[129.42058,36.55356],[129.4204,36.55365],[129.42036,36.55369],[129.42012,36.55387],[129.42014,36.55389],[129.42039,36.55371],[129.42042,36.55368],[129.42059,36.55359],[129.42064,36.55357],[129.42077,36.55351],[129.42092,36.55347],[129.42106,36.55343],[129.42116,36.5534],[129.42123,36.55338],[129.42135,36.55331],[129.42149,36.55323],[129.42155,36.55319],[129.42164,36.55312],[129.42169,36.55307]]]}},{"type":"Feature","id":"TN_RIVER_BT:WTR02000000005CON","properties":{"NF_ID":"WTR02000000005CON","admin_code":"47770","source_layer":"TN_RIVER_BT","semantic":"channel","river_class":"소하천","river_class_source":"중심선 공간조인","survey_method":"사진측량"},"geometry":{"type":"Polygon","coordinates":[[[129.42369,36.55421],[129.42369,36.55413],[129.42367,36.55413],[129.42367,36.55421],[129.42367,36.55423],[129.42369,36.55427],[129.42372,36.5543],[129.4238,36.55437],[129.4238,36.55436],[129.42374,36.55429],[129.42371,36.55426],[129.42369,36.55423],[129.42369,36.55421]]]}},{"type":"Feature","id":"TN_RIVER_BT:WTR02000000005CPO","properties":{"NF_ID":"WTR02000000005CPO","admin_code":"47770","source_layer":"TN_RIVER_BT","semantic":"channel","river_class":"소하천","river_class_source":"중심선 공간조인","survey_method":"사진측량"},"geometry":{"type":"Polygon","coordinates":[[[129.4224,36.55562],[129.42242,36.55556],[129.42243,36.55556],[129.42286,36.5555],[129.4229,36.55548],[129.42302,36.55545],[129.42305,36.55544],[129.42339,36.55534],[129.4235,36.55529],[129.42363,36.55521],[129.42363,36.55519],[129.42347,36.55529],[129.42338,36.55533],[129.42305,36.55542],[129.42301,36.55543],[129.42289,36.55547],[129.42285,36.55548],[129.42242,36.55555],[129.42238,36.55556],[129.42221,36.55558],[129.42222,36.55559],[129.42238,36.55557],[129.42238,36.55557],[129.42237,36.55561],[129.42233,36.55567],[129.42228,36.55571],[129.42224,36.55573],[129.42213,36.55575],[129.42206,36.55577],[129.42193,36.55579],[129.42194,36.55581],[129.4221,36.55579],[129.42215,36.55579],[129.42222,36.55577],[129.42226,36.55575],[129.4223,36.55573],[129.42235,36.55568],[129.4224,36.55562]]]}},{"type":"Feature","id":"TN_RIVER_BT:WTR02000000005CQP","properties":{"NF_ID":"WTR02000000005CQP","admin_code":"47770","source_layer":"TN_RIVER_BT","semantic":"channel","river_class":"소하천","river_class_source":"중심선 공간조인","survey_method":"사진측량"},"geometry":{"type":"Polygon","coordinates":[[[129.36462,36.56042],[129.36598,36.56029],[129.36631,36.55987],[129.36751,36.55931],[129.36886,36.55799],[129.369,36.55815],[129.36914,36.55774],[129.37021,36.55743],[129.3702,36.55555],[129.37066,36.55415],[129.37071,36.55189],[129.3716,36.54942],[129.37095,36.55049],[129.37064,36.55181],[129.37056,36.55415],[129.36995,36.5567],[129.37016,36.55723],[129.36896,36.55782],[129.36745,36.55926],[129.36632,36.55979],[129.36594,36.56026],[129.36462,36.56042]]]}},{"type":"Feature","id":"TN_RIVER_BT:WTR02000000005CRQ","properties":{"NF_ID":"WTR02000000005CRQ","admin_code":"47770","source_layer":"TN_RIVER_BT","semantic":"channel","river_class":"소하천","river_class_source":"중심선 공간조인","survey_method":"사진측량"},"geometry":{"type":"Polygon","coordinates":[[[129.33838,36.56062],[129.33719,36.56104],[129.33698,36.56167],[129.33722,36.56106],[129.33838,36.56062]]]}},{"type":"Feature","id":"TN_RIVER_BT:WTR02000000005CSR","properties":{"NF_ID":"WTR02000000005CSR","admin_code":"47770","source_layer":"TN_RIVER_BT","semantic":"channel","river_class":"소하천","river_class_source":"중심선 공간조인","survey_method":"사진측량"},"geometry":{"type":"Polygon","coordinates":[[[129.30953,36.56642],[129.31088,36.566],[129.31106,36.56549],[129.31169,36.56503],[129.31257,36.56513],[129.31306,36.56479],[129.3137,36.5649],[129.31435,36.56455],[129.31448,36.56421],[129.31512,36.56384],[129.31496,36.56288],[129.31665,36.56211],[129.32029,36.55985],[129.32098,36.55899],[129.32215,36.55823],[129.32238,36.55762],[129.3222,36.55687],[129.32115,36.55586],[129.32035,36.55557],[129.3203,36.55531],[129.32191,36.55384],[129.32311,36.55207],[129.32723,36.55015],[129.32766,36.5497],[129.32777,36.54916],[129.32763,36.54908],[129.32715,36.55002],[129.32646,36.55029],[129.32433,36.54941],[129.32359,36.54882],[129.32431,36.54947],[129.32571,36.54996],[129.32623,36.55039],[129.32289,36.55202],[129.32087,36.55263],[129.31948,36.55187],[129.31753,36.55218],[129.31566,36.55095],[129.31483,36.55073],[129.31355,36.55084],[129.31241,36.55052],[129.31207,36.54964],[129.31107,36.54929],[129.31093,36.54882],[129.31041,36.54848],[129.30888,36.54871],[129.30849,36.54856],[129.30831,36.54799],[129.30895,36.54738],[129.30886,36.54693],[129.3075,36.54597],[129.3069,36.54583],[129.30684,36.54459],[129.30631,36.54411],[129.30484,36.54348],[129.30522,36.54257],[129.30496,36.5422],[129.30514,36.54256],[129.30466,36.5435],[129.30669,36.54446],[129.3067,36.54568],[129.30889,36.54712],[129.30808,36.54819],[129.30851,36.54866],[129.31039,36.54855],[129.31097,36.54936],[129.31196,36.54972],[129.31226,36.55062],[129.3136,36.55097],[129.31568,36.55103],[129.31617,36.55157],[129.31747,36.55227],[129.31932,36.55195],[129.3208,36.55275],[129.32282,36.55217],[129.32198,36.55363],[129.32014,36.55533],[129.32152,36.55632],[129.3208,36.55703],[129.32066,36.55796],[129.32031,36.55842],[129.31957,36.55831],[129.31886,36.55871],[129.31699,36.55886],[129.31649,36.55858],[129.31572,36.55863],[129.31548,36.5583],[129.31502,36.5582],[129.3157,36.55865],[129.31649,36.55861],[129.31701,36.55892],[129.31885,36.55876],[129.31958,36.55835],[129.32031,36.55846],[129.32071,36.55797],[129.32083,36.55705],[129.32159,36.55636],[129.32229,36.55736],[129.32212,36.55818],[129.32091,36.55898],[129.32031,36.55977],[129.31825,36.5609],[129.31803,36.56126],[129.31503,36.56274],[129.31477,36.56309],[129.31504,36.56387],[129.31396,36.56474],[129.31307,36.56474],[129.31254,36.56509],[129.31177,36.56492],[129.31099,36.56544],[129.31081,36.56597],[129.30985,36.56631],[129.30913,36.5664],[129.30865,36.56607],[129.30769,36.56607],[129.30861,36.5661],[129.30897,36.56643],[129.30953,36.56642]]]}},{"type":"Feature","id":"TN_RIVER_BT:WTR02000000005CTS","properties":{"NF_ID":"WTR02000000005CTS","admin_code":"47770","source_layer":"TN_RIVER_BT","semantic":"channel","river_class":"등급미확인","survey_method":"사진측량"},"geometry":{"type":"Polygon","coordinates":[[[129.3333,36.56644],[129.33334,36.56644],[129.33337,36.56644],[129.3334,36.56645],[129.33342,36.56644],[129.33346,36.56643],[129.33363,36.56638],[129.33362,36.56636],[129.33342,36.56641],[129.33341,36.5664],[129.3334,36.56638],[129.33314,36.56643],[129.333,36.56648],[129.33279,36.56655],[129.33265,36.56661],[129.33253,36.56671],[129.33231,36.56689],[129.3321,36.56701],[129.33211,36.56702],[129.33215,36.56701],[129.33242,36.56686],[129.33275,36.56665],[129.33285,36.56658],[129.33299,36.56653],[129.33321,36.56646],[129.3333,36.56644]]]}},{"type":"Feature","id":"TN_RIVER_BT:WTR02000000005CUT","properties":{"NF_ID":"WTR02000000005CUT","admin_code":"47770","source_layer":"TN_RIVER_BT","semantic":"channel","river_class":"소하천","river_class_source":"중심선 공간조인","survey_method":"사진측량"},"geometry":{"type":"Polygon","coordinates":[[[129.41651,36.56866],[129.41694,36.56846],[129.41739,36.56744],[129.41748,36.56675],[129.4172,36.56644],[129.41746,36.56679],[129.41736,36.56744],[129.4169,36.56845],[129.41623,36.56862],[129.41614,36.56878],[129.41651,36.56866]]]}},{"type":"Feature","id":"TN_RIVER_BT:WTR02000000005CVU","properties":{"NF_ID":"WTR02000000005CVU","admin_code":"47770","source_layer":"TN_RIVER_BT","semantic":"channel","river_class":"지방하천","river_class_source":"중심선 공간조인","river_name":"울령천","river_code":"2620320","survey_method":"사진측량"},"geometry":{"type":"Polygon","coordinates":[[[129.30005,36.57547],[129.29973,36.57497],[129.2991,36.57471],[129.29969,36.57501],[129.29995,36.57574],[129.30005,36.57547]],[[129.29976,36.57509],[129.29976,36.57509],[129.29977,36.57509],[129.29978,36.5751],[129.29981,36.57514],[129.29982,36.57515],[129.29986,36.57519],[129.29989,36.57522],[129.29994,36.57529],[129.29996,36.57532],[129.29997,36.57533],[129.29997,36.57535],[129.29997,36.57536],[129.29997,36.57538],[129.29997,36.57541],[129.29997,36.57542],[129.29997,36.57542],[129.29996,36.57542],[129.29995,36.57543],[129.29992,36.57543],[129.29991,36.57543],[129.29991,36.57543],[129.2999,36.57542],[129.2999,36.57542],[129.2999,36.57541],[129.2999,36.5754],[129.29989,36.57538],[129.29989,36.57538],[129.29989,36.57537],[129.29988,36.57535],[129.29987,36.57534],[129.29987,36.57534],[129.29984,36.57529],[129.29982,36.57526],[129.2998,36.57523],[129.29979,36.57521],[129.29979,36.57521],[129.29979,36.5752],[129.29978,36.57517],[129.29978,36.57515],[129.29977,36.57514],[129.29977,36.57512],[129.29976,36.57512],[129.29975,36.5751],[129.29975,36.5751],[129.29975,36.57509],[129.29976,36.57509]]]}},{"type":"Feature","id":"TN_RIVER_BT:WTR02000000005CWV","properties":{"NF_ID":"WTR02000000005CWV","admin_code":"47770","source_layer":"TN_RIVER_BT","semantic":"channel","river_class":"지방하천","river_class_source":"중심선 공간조인","river_name":"울령천","river_code":"2620320","survey_method":"사진측량"},"geometry":{"type":"Polygon","coordinates":[[[129.29185,36.5767],[129.29391,36.57649],[129.29458,36.57681],[129.29527,36.5765],[129.29605,36.57557],[129.29515,36.5765],[129.29446,36.57669],[129.29398,36.57637],[129.29393,36.57549],[129.29382,36.57592],[129.2937,36.57551],[129.29407,36.57526],[129.29426,36.57423],[129.29399,36.57333],[129.2936,36.57301],[129.29003,36.57392],[129.28909,36.57467],[129.28788,36.57474],[129.2891,36.57471],[129.29011,36.57394],[129.29074,36.57396],[129.29082,36.57374],[129.29323,36.57313],[129.29375,36.57327],[129.294,36.57433],[129.29365,36.57562],[129.29391,36.57642],[129.29183,36.57665],[129.29057,36.57754],[129.2913,36.57729],[129.29185,36.5767]]]}},{"type":"Feature","id":"TN_RIVER_BT:WTR02000000005CXW","properties":{"NF_ID":"WTR02000000005CXW","admin_code":"47770","source_layer":"TN_RIVER_BT","semantic":"channel","river_class":"등급미확인","survey_method":"사진측량"},"geometry":{"type":"Polygon","coordinates":[[[129.34047,36.577],[129.34046,36.577],[129.34045,36.577],[129.34044,36.57701],[129.34043,36.57703],[129.34045,36.57714],[129.34045,36.57717],[129.34045,36.57727],[129.34046,36.5773],[129.34047,36.57732],[129.34047,36.57733],[129.34048,36.57733],[129.34049,36.57733],[129.3405,36.57732],[129.3405,36.5773],[129.3405,36.57728],[129.3405,36.57719],[129.34049,36.57714],[129.34048,36.57706],[129.34048,36.57702],[129.34047,36.577]]]}},{"type":"Feature","id":"TN_RIVER_BT:WTR02000000005CYX","properties":{"NF_ID":"WTR02000000005CYX","admin_code":"47770","source_layer":"TN_RIVER_BT","semantic":"channel","river_class":"등급미확인","survey_method":"사진측량"},"geometry":{"type":"Polygon","coordinates":[[[129.34052,36.57748],[129.34051,36.57748],[129.34051,36.57748],[129.3405,36.57749],[129.3405,36.5775],[129.3405,36.57753],[129.34048,36.57757],[129.34049,36.57759],[129.34049,36.57761],[129.3405,36.57763],[129.3405,36.57764],[129.34051,36.57763],[129.34052,36.57762],[129.34052,36.57759],[129.34052,36.57755],[129.34053,36.57752],[129.34053,36.5775],[129.34053,36.57749],[129.34052,36.57748]]]}},{"type":"Feature","id":"TN_RIVER_BT:WTR02000000005CZY","properties":{"NF_ID":"WTR02000000005CZY","admin_code":"47770","source_layer":"TN_RIVER_BT","semantic":"channel","river_class":"등급미확인","survey_method":"사진측량"},"geometry":{"type":"Polygon","coordinates":[[[129.41536,36.57705],[129.41562,36.57643],[129.41606,36.57631],[129.41574,36.57619],[129.41546,36.57654],[129.41527,36.57641],[129.41501,36.57688],[129.41536,36.57643],[129.41531,36.57699],[129.41476,36.57701],[129.41536,36.57705]]]}},{"type":"Feature","id":"TN_RIVER_BT:WTR02000000005D00","properties":{"NF_ID":"WTR02000000005D00","admin_code":"47770","source_layer":"TN_RIVER_BT","semantic":"channel","river_class":"등급미확인","survey_method":"사진측량"},"geometry":{"type":"Polygon","coordinates":[[[129.33975,36.58195],[129.33974,36.58195],[129.33972,36.58195],[129.33971,36.58197],[129.3397,36.58199],[129.33969,36.58202],[129.33968,36.58211],[129.33967,36.58218],[129.33965,36.58225],[129.33965,36.58229],[129.33965,36.58231],[129.33966,36.58232],[129.33969,36.58233],[129.33972,36.58232],[129.33973,36.5823],[129.33973,36.58227],[129.33973,36.58225],[129.33973,36.58223],[129.33975,36.58221],[129.33976,36.5822],[129.33976,36.58219],[129.33977,36.58216],[129.33977,36.58209],[129.33977,36.58206],[129.33977,36.58205],[129.33978,36.58204],[129.33979,36.58204],[129.3398,36.58202],[129.3398,36.582],[129.3398,36.58199],[129.33978,36.58199],[129.33977,36.58199],[129.33976,36.58198],[129.33976,36.58196],[129.33975,36.58195]]]}},{"type":"Feature","id":"TN_RIVER_BT:WTR02000000005D11","properties":{"NF_ID":"WTR02000000005D11","admin_code":"47770","source_layer":"TN_RIVER_BT","semantic":"channel","river_class":"지방하천","river_class_source":"중심선 공간조인","river_name":"각리천","river_code":"2620290","survey_method":"사진측량"},"geometry":{"type":"Polygon","coordinates":[[[129.3601,36.58485],[129.36271,36.5848],[129.36295,36.58423],[129.36344,36.58428],[129.36419,36.58399],[129.36502,36.58427],[129.36583,36.58398],[129.3666,36.58221],[129.36735,36.58136],[129.36829,36.57965],[129.36851,36.57772],[129.36912,36.57742],[129.37023,36.57626],[129.3713,36.57615],[129.37168,36.57538],[129.37324,36.57529],[129.37389,36.57319],[129.37476,36.57242],[129.37595,36.57237],[129.37616,36.57217],[129.37468,36.57235],[129.37361,36.57333],[129.37322,36.57518],[129.37162,36.57534],[129.3713,36.57608],[129.37023,36.57622],[129.36959,36.57664],[129.36933,36.57654],[129.36954,36.57667],[129.36916,36.57732],[129.36785,36.57786],[129.36847,36.57775],[129.36819,36.57981],[129.36654,36.58218],[129.36621,36.58335],[129.36573,36.584],[129.36492,36.58422],[129.36415,36.58393],[129.36345,36.58424],[129.363,36.58417],[129.36271,36.58476],[129.3601,36.5848],[129.35995,36.58514],[129.35915,36.58543],[129.35998,36.58518],[129.3601,36.58485]]]}},{"type":"Feature","id":"TN_RIVER_BT:WTR02000000005D22","properties":{"NF_ID":"WTR02000000005D22","admin_code":"47770","source_layer":"TN_RIVER_BT","semantic":"channel","river_class":"소하천","river_class_source":"중심선 공간조인","river_name":"이천천","survey_method":"사진측량"},"geometry":{"type":"Polygon","coordinates":[[[129.37185,36.58636],[129.3726,36.5861],[129.37272,36.58519],[129.37353,36.58495],[129.37523,36.58385],[129.37534,36.58229],[129.37713,36.5803],[129.38044,36.57826],[129.38145,36.57701],[129.38348,36.57527],[129.3848,36.57497],[129.38378,36.57494],[129.38128,36.57699],[129.38048,36.57817],[129.37706,36.58025],[129.37648,36.58117],[129.37522,36.5824],[129.3752,36.5838],[129.37352,36.5849],[129.37273,36.58509],[129.37251,36.58614],[129.37137,36.58654],[129.37108,36.58749],[129.37137,36.58662],[129.37185,36.58636]]]}},{"type":"Feature","id":"TN_RIVER_BT:WTR02000000005D33","properties":{"NF_ID":"WTR02000000005D33","admin_code":"47770","source_layer":"TN_RIVER_BT","semantic":"channel","river_class":"지방하천","river_class_source":"중심선 공간조인","river_name":"울령천","river_code":"2620320","survey_method":"사진측량"},"geometry":{"type":"Polygon","coordinates":[[[129.31412,36.5936],[129.31428,36.5934],[129.31522,36.59341],[129.31392,36.5933],[129.31377,36.5928],[129.31376,36.59329],[129.31423,36.59346],[129.31387,36.59358],[129.31358,36.59329],[129.31398,36.59125],[129.31449,36.59023],[129.3137,36.58888],[129.31347,36.58902],[129.31287,36.58719],[129.3119,36.58577],[129.31184,36.58256],[129.31217,36.58153],[129.31187,36.58143],[129.31203,36.58114],[129.31328,36.58026],[129.31424,36.57912],[129.31463,36.57766],[129.3143,36.57701],[129.31322,36.57587],[129.31196,36.57519],[129.30965,36.57524],[129.30743,36.5748],[129.30561,36.57485],[129.30521,36.57568],[129.30535,36.57627],[129.30487,36.57673],[129.30352,36.57701],[129.30129,36.57787],[129.30097,36.57758],[129.30063,36.57775],[129.30028,36.57739],[129.29991,36.57634],[129.30002,36.57713],[129.30053,36.57774],[129.30116,36.5779],[129.30194,36.57779],[129.30335,36.5772],[129.30502,36.57684],[129.30538,36.57638],[129.3055,36.575],[129.30649,36.57479],[129.30736,36.57503],[129.30755,36.57485],[129.30838,36.57494],[129.30956,36.57527],[129.31193,36.57523],[129.31344,36.57617],[129.31429,36.57708],[129.31459,36.57767],[129.31398,36.57942],[129.31169,36.5816],[129.31193,36.5817],[129.31179,36.58575],[129.31308,36.58793],[129.31342,36.5891],[129.31441,36.59025],[129.31425,36.59078],[129.31391,36.59097],[129.31354,36.59293],[129.31361,36.5935],[129.31412,36.5936]]]}},{"type":"Feature","id":"TN_RIVER_BT:WTR02000000005D44","properties":{"NF_ID":"WTR02000000005D44","admin_code":"47770","source_layer":"TN_RIVER_BT","semantic":"channel","river_class":"지방하천","river_class_source":"중심선 공간조인","river_name":"울령천","river_code":"2620320","survey_method":"사진측량"},"geometry":{"type":"Polygon","coordinates":[[[129.2505,36.58825],[129.25404,36.58789],[129.25595,36.58537],[129.25874,36.58354],[129.25925,36.58287],[129.26107,36.58186],[129.26184,36.58171],[129.26303,36.58092],[129.26503,36.58076],[129.26641,36.58094],[129.26885,36.58056],[129.27007,36.57959],[129.27047,36.57853],[129.27027,36.5785],[129.27036,36.57792],[129.27111,36.57707],[129.27183,36.57676],[129.27322,36.57668],[129.27566,36.57512],[129.27726,36.57461],[129.27786,36.5748],[129.28251,36.57484],[129.28531,36.57527],[129.28585,36.5748],[129.28585,36.57394],[129.28636,36.57382],[129.2875,36.57449],[129.28641,36.57373],[129.28576,36.57393],[129.28567,36.57487],[129.28525,36.57524],[129.28273,36.57481],[129.27785,36.57475],[129.2772,36.57459],[129.27528,36.57527],[129.27317,36.57668],[129.27249,36.57664],[129.27142,36.57465],[129.2686,36.57373],[129.268,36.57256],[129.26703,36.57203],[129.26725,36.57009],[129.26705,36.56926],[129.26642,36.56849],[129.26671,36.56811],[129.26634,36.56847],[129.26722,36.57011],[129.26689,36.57163],[129.26701,36.57205],[129.26797,36.57259],[129.2685,36.57372],[129.27141,36.57467],[129.27251,36.5767],[129.27162,36.57676],[129.27082,36.57719],[129.27033,36.57791],[129.27022,36.5791],[129.26989,36.57979],[129.26877,36.58054],[129.26803,36.58048],[129.26742,36.57956],[129.26657,36.57955],[129.26653,36.57868],[129.26546,36.57801],[129.26534,36.57741],[129.26418,36.57613],[129.26303,36.57608],[129.2624,36.57558],[129.26161,36.57553],[129.26174,36.57411],[129.26081,36.57354],[129.26169,36.57414],[129.26156,36.57554],[129.26236,36.57561],[129.26299,36.57612],[129.26394,36.57611],[129.26447,36.57642],[129.2653,36.5774],[129.26545,36.57806],[129.26651,36.57871],[129.26652,36.57954],[129.26736,36.57957],[129.26772,36.57993],[129.26776,36.58039],[129.26853,36.58061],[129.26639,36.58092],[129.26502,36.58072],[129.26307,36.58087],[129.25922,36.58285],[129.25867,36.58355],[129.25593,36.58535],[129.25432,36.58719],[129.25406,36.58784],[129.25172,36.58818],[129.25,36.58809],[129.2505,36.58825]]]}},{"type":"Feature","id":"TN_RIVER_BT:WTR02000000005D55","properties":{"NF_ID":"WTR02000000005D55","admin_code":"47770","source_layer":"TN_RIVER_BT","semantic":"channel","river_class":"소하천","river_class_source":"중심선 공간조인","survey_method":"사진측량"},"geometry":{"type":"Polygon","coordinates":[[[129.40877,36.58752],[129.40878,36.58736],[129.40926,36.58735],[129.40937,36.58704],[129.4101,36.58726],[129.41142,36.5867],[129.41186,36.58679],[129.41179,36.58656],[129.41033,36.58701],[129.40935,36.58699],[129.4097,36.58543],[129.41131,36.58204],[129.41364,36.57819],[129.41497,36.57618],[129.41532,36.57624],[129.41501,36.5761],[129.41544,36.57535],[129.41238,36.58003],[129.41154,36.57972],[129.39353,36.58024],[129.41163,36.57978],[129.41235,36.58007],[129.41016,36.58382],[129.40107,36.58404],[129.39448,36.58649],[129.3945,36.58686],[129.39322,36.58819],[129.39455,36.58686],[129.39455,36.5865],[129.40105,36.58409],[129.41011,36.58386],[129.40937,36.58557],[129.40133,36.5858],[129.39911,36.58724],[129.40135,36.58582],[129.40942,36.58559],[129.40914,36.58698],[129.40814,36.587],[129.40761,36.59122],[129.40818,36.587],[129.40914,36.58702],[129.40828,36.5871],[129.40814,36.58818],[129.40885,36.58825],[129.4084,36.5905],[129.40863,36.59307],[129.40865,36.59023],[129.40911,36.58797],[129.40877,36.58792],[129.40877,36.58752]]]}},{"type":"Feature","id":"TN_RIVER_BT:WTR02000000005D66","properties":{"NF_ID":"WTR02000000005D66","admin_code":"47770","source_layer":"TN_RIVER_BT","semantic":"channel","river_class":"등급미확인","survey_method":"사진측량"},"geometry":{"type":"Polygon","coordinates":[[[129.40693,36.59592],[129.40692,36.59591],[129.40691,36.59591],[129.4069,36.59592],[129.40685,36.59594],[129.40683,36.59595],[129.40683,36.59596],[129.40682,36.59596],[129.40677,36.59598],[129.40659,36.59605],[129.40646,36.5961],[129.40632,36.59615],[129.40617,36.59622],[129.40602,36.59628],[129.40591,36.59634],[129.4059,36.59635],[129.4059,36.59635],[129.4059,36.59636],[129.4059,36.59636],[129.40591,36.59636],[129.40592,36.59636],[129.40594,36.59635],[129.40601,36.59633],[129.40617,36.59626],[129.40629,36.59622],[129.40638,36.59619],[129.40648,36.59616],[129.40659,36.59612],[129.40669,36.59608],[129.40675,36.59606],[129.40681,36.59604],[129.40685,36.59603],[129.40687,36.59602],[129.40694,36.596],[129.40694,36.596],[129.40695,36.59599],[129.40695,36.59598],[129.40695,36.59597],[129.40694,36.59595],[129.40694,36.59593],[129.40694,36.59592],[129.40693,36.59592]]]}},{"type":"Feature","id":"TN_RIVER_BT:WTR02000000005D77","properties":{"NF_ID":"WTR02000000005D77","admin_code":"47770","source_layer":"TN_RIVER_BT","semantic":"channel","river_class":"지방하천","river_class_source":"중심선 공간조인","river_name":"남천","river_code":"2620330","survey_method":"사진측량"},"geometry":{"type":"Polygon","coordinates":[[[129.3775,36.5998],[129.37907,36.6003],[129.37969,36.6],[129.37994,36.59948],[129.38026,36.59955],[129.38129,36.59922],[129.38219,36.59806],[129.38231,36.5972],[129.38345,36.59694],[129.38381,36.596],[129.38466,36.59516],[129.38499,36.59415],[129.38621,36.59261],[129.38578,36.59138],[129.38654,36.58982],[129.38595,36.58889],[129.38608,36.587],[129.38581,36.58642],[129.38585,36.58529],[129.38521,36.58394],[129.38527,36.58258],[129.38605,36.58073],[129.38613,36.5786],[129.38666,36.57765],[129.38871,36.57551],[129.3897,36.57613],[129.39086,36.57649],[129.39619,36.57711],[129.39905,36.57644],[129.41452,36.57523],[129.41628,36.57522],[129.41554,36.57615],[129.41635,36.57534],[129.41814,36.57462],[129.41828,36.57434],[129.41707,36.57488],[129.41664,36.57481],[129.41795,36.57297],[129.41683,36.57446],[129.41644,36.5743],[129.41786,36.57236],[129.41808,36.57163],[129.41861,36.57132],[129.4214,36.56758],[129.42287,36.56638],[129.42319,36.56654],[129.42406,36.56647],[129.42452,36.56698],[129.42454,36.56765],[129.42487,36.56715],[129.42483,36.56677],[129.42414,36.56604],[129.42453,36.56574],[129.42492,36.56576],[129.425,36.56479],[129.42356,36.56445],[129.42325,36.56385],[129.42226,36.56298],[129.42149,36.56129],[129.42161,36.55907],[129.42135,36.55596],[129.42068,36.55478],[129.4189,36.55341],[129.41868,36.55245],[129.41489,36.54676],[129.40855,36.54155],[129.41087,36.54123],[129.41227,36.5407],[129.41359,36.54136],[129.41507,36.54134],[129.41732,36.54061],[129.42167,36.53873],[129.41488,36.54133],[129.41372,36.54132],[129.41229,36.54066],[129.41075,36.5412],[129.40862,36.54139],[129.40846,36.54158],[129.41486,36.54678],[129.41831,36.55213],[129.41071,36.54873],[129.40856,36.54742],[129.40699,36.5469],[129.40346,36.54104],[129.40382,36.53429],[129.40368,36.53286],[129.40436,36.53243],[129.40752,36.53129],[129.40976,36.53089],[129.41072,36.53109],[129.41134,36.53098],[129.41244,36.52993],[129.41561,36.53008],[129.4141,36.52979],[129.41497,36.52944],[129.41592,36.52867],[129.41485,36.52947],[129.41391,36.52982],[129.41236,36.52989],[129.41137,36.53093],[129.41065,36.53106],[129.40985,36.53085],[129.40767,36.53123],[129.40445,36.53229],[129.40517,36.5312],[129.40618,36.53067],[129.40739,36.52944],[129.40708,36.52858],[129.4083,36.52578],[129.40757,36.52723],[129.40711,36.52727],[129.40749,36.52742],[129.40729,36.5279],[129.4066,36.52757],[129.40456,36.52722],[129.4066,36.52759],[129.40727,36.52791],[129.40704,36.52868],[129.40739,36.5293],[129.40626,36.53057],[129.40511,36.53119],[129.4043,36.53239],[129.40361,36.53287],[129.40376,36.53411],[129.40339,36.54055],[129.40288,36.54071],[129.39492,36.5403],[129.39506,36.53825],[129.39469,36.53609],[129.39441,36.5356],[129.39369,36.53513],[129.39352,36.53447],[129.39393,36.53196],[129.39213,36.52923],[129.39186,36.52786],[129.39201,36.52695],[129.39167,36.5263],[129.39121,36.52614],[129.39108,36.52542],[129.39125,36.52625],[129.39163,36.5263],[129.39195,36.5269],[129.39182,36.52791],[129.39208,36.5292],[129.39385,36.53195],[129.39352,36.53244],[129.39371,36.53354],[129.39347,36.53453],[129.39364,36.53513],[129.39431,36.53556],[129.39464,36.53611],[129.39501,36.53827],[129.39483,36.5403],[129.39034,36.54005],[129.39044,36.53835],[129.38808,36.5356],[129.38724,36.53312],[129.38632,36.53179],[129.38619,36.53093],[129.38575,36.53039],[129.38493,36.53011],[129.38392,36.52895],[129.3843,36.52681],[129.38428,36.52739],[129.38397,36.5278],[129.38353,36.52785],[129.38146,36.52606],[129.37977,36.52523],[129.37978,36.52436],[129.37969,36.52523],[129.37864,36.52542],[129.378,36.52511],[129.37845,36.52541],[129.37976,36.52527],[129.38083,36.52567],[129.38245,36.52681],[129.3832,36.52769],[129.38412,36.52795],[129.38388,36.52896],[129.3849,36.53012],[129.38279,36.53074],[129.38086,36.53064],[129.38291,36.53075],[129.38492,36.53013],[129.38582,36.53049],[129.3862,36.531],[129.38631,36.53187],[129.3873,36.53337],[129.38801,36.53562],[129.39038,36.53837],[129.39031,36.5401],[129.39541,36.54036],[129.39701,36.54066],[129.39708,36.54047],[129.40316,36.54077],[129.40709,36.5471],[129.40852,36.54754],[129.41032,36.54863],[129.41843,36.5523],[129.4189,36.55309],[129.41875,36.55327],[129.41709,36.55301],[129.41492,36.55325],[129.4145,36.55363],[129.41488,36.5533],[129.41509,36.55346],[129.41473,36.55399],[129.41437,36.55397],[129.41301,36.55485],[129.4104,36.55555],[129.40873,36.55537],[129.40706,36.5548],[129.40692,36.55493],[129.40478,36.55379],[129.4035,36.55124],[129.40332,36.5514],[129.40277,36.55089],[129.40167,36.54897],[129.401,36.54838],[129.4012,36.54796],[129.40096,36.54755],[129.39953,36.54613],[129.39989,36.5456],[129.39966,36.54568],[129.39863,36.54449],[129.39669,36.54347],[129.39679,36.54332],[129.3946,36.54278],[129.39293,36.54309],[129.39265,36.54268],[129.39222,36.54263],[129.39204,36.54305],[129.38982,36.54287],[129.38579,36.54356],[129.38341,36.5446],[129.38291,36.54339],[129.38261,36.54116],[129.38101,36.54026],[129.37791,36.53693],[129.377,36.53643],[129.37197,36.5355],[129.3684,36.53431],[129.3676,36.53384],[129.36479,36.5304],[129.36341,36.52969],[129.36186,36.52954],[129.3611,36.53001],[129.36053,36.53013],[129.36033,36.5299],[129.36041,36.53016],[129.3586,36.53071],[129.35652,36.53093],[129.35481,36.53089],[129.35468,36.53025],[129.35471,36.5309],[129.35168,36.53135],[129.35033,36.5312],[129.34873,36.53206],[129.34631,36.53201],[129.34436,36.53152],[129.34611,36.53214],[129.34506,36.53235],[129.34456,36.53308],[129.34285,36.53445],[129.34185,36.53489],[129.34157,36.5353],[129.34048,36.53547],[129.34162,36.53533],[129.34193,36.5349],[129.34283,36.53454],[129.34447,36.53325],[129.34515,36.53235],[129.34583,36.53238],[129.34634,36.53209],[129.34739,36.53196],[129.34889,36.53209],[129.35043,36.53124],[129.35164,36.53138],[129.35344,36.53103],[129.35835,36.53082],[129.36023,36.53044],[129.36223,36.52963],[129.36286,36.52977],[129.36506,36.53091],[129.36793,36.53444],[129.3729,36.53587],[129.37455,36.536],[129.37482,36.53634],[129.37695,36.53673],[129.3778,36.53721],[129.38095,36.54031],[129.3824,36.54123],[129.38288,36.54435],[129.38316,36.54472],[129.38263,36.54539],[129.38153,36.54612],[129.38101,36.54744],[129.3759,36.54815],[129.37501,36.54864],[129.37452,36.54827],[129.37473,36.54857],[129.3742,36.54872],[129.37216,36.54846],[129.37089,36.54875],[129.37012,36.54768],[129.36773,36.54645],[129.36764,36.54664],[129.36669,36.54572],[129.36748,36.54658],[129.36659,36.54672],[129.36535,36.54651],[129.36639,36.54688],[129.36745,36.54661],[129.36825,36.54687],[129.37007,36.54771],[129.37062,36.54869],[129.37113,36.54887],[129.37301,36.54871],[129.37473,36.5488],[129.37361,36.549],[129.37456,36.54903],[129.37884,36.54854],[129.37996,36.54875],[129.38094,36.5484],[129.38153,36.54707],[129.38373,36.54482],[129.3844,36.54451],[129.38576,36.54445],[129.38708,36.54378],[129.38939,36.54337],[129.38872,36.54328],[129.38885,36.54317],[129.39089,36.54323],[129.39158,36.54343],[129.39147,36.54369],[129.39026,36.5438],[129.38995,36.54402],[129.3891,36.544],[129.38885,36.54372],[129.38894,36.54422],[129.38809,36.54418],[129.38701,36.54445],[129.39275,36.54392],[129.39467,36.544],[129.39597,36.54428],[129.39605,36.54455],[129.39647,36.54467],[129.3966,36.54529],[129.39818,36.54622],[129.39826,36.54657],[129.39802,36.54668],[129.39848,36.54763],[129.39867,36.54752],[129.39958,36.54786],[129.40057,36.54859],[129.40079,36.54806],[129.40128,36.54884],[129.40103,36.54908],[129.40156,36.54926],[129.40175,36.54954],[129.40149,36.54947],[129.40238,36.55043],[129.40218,36.55046],[129.40222,36.55082],[129.40363,36.55212],[129.40369,36.5528],[129.40437,36.55415],[129.40552,36.55521],[129.40602,36.55525],[129.40645,36.55614],[129.40691,36.55613],[129.40761,36.5565],[129.41075,36.55624],[129.41409,36.55477],[129.41657,36.55395],[129.41852,36.55477],[129.4199,36.55596],[129.42012,36.5571],[129.41971,36.55965],[129.41995,36.56292],[129.42075,36.56419],[129.42257,36.56616],[129.42033,36.56836],[129.4185,36.57078],[129.41343,36.56725],[129.40199,36.56325],[129.40192,36.56288],[129.40327,36.5607],[129.39895,36.55837],[129.38599,36.55289],[129.39911,36.5585],[129.4032,36.56073],[129.40166,36.5631],[129.39974,36.56096],[129.39414,36.5586],[129.38951,36.55771],[129.38644,36.55807],[129.38387,36.55975],[129.38135,36.5624],[129.38004,36.56617],[129.38001,36.56723],[129.37942,36.56937],[129.37852,36.57075],[129.37795,36.57105],[129.37757,36.57056],[129.3768,36.57076],[129.37754,36.57057],[129.37782,36.57101],[129.37682,36.5711],[129.37658,36.57135],[129.37682,36.57113],[129.37867,36.57103],[129.37963,36.5692],[129.38015,36.56727],[129.38015,36.56627],[129.38123,36.56288],[129.38182,36.56206],[129.38415,36.55966],[129.38612,36.55835],[129.38711,36.55806],[129.38951,36.55785],[129.39406,36.55872],[129.39952,36.56098],[129.40014,36.5617],[129.38824,36.56218],[129.40015,36.56173],[129.40144,36.56322],[129.414,36.56765],[129.41493,36.56853],[129.41292,36.57255],[129.40682,36.57035],[129.40568,36.56938],[129.40331,36.56817],[129.40051,36.5677],[129.40327,36.56822],[129.40565,36.56943],[129.40678,36.57041],[129.41638,36.57381],[129.41581,36.57449],[129.41526,36.57463],[129.4077,36.57192],[129.40617,36.57194],[129.4077,36.57195],[129.41526,36.57467],[129.41615,36.57458],[129.4164,36.57434],[129.41673,36.57455],[129.41644,36.57495],[129.41544,36.57507],[129.39947,36.57618],[129.39628,36.57695],[129.39074,36.57623],[129.38951,36.57585],[129.38855,36.57512],[129.38611,36.57503],[129.38866,36.57542],[129.3867,36.57747],[129.38604,36.57858],[129.3859,36.5809],[129.38512,36.58284],[129.38515,36.58334],[129.38343,36.58349],[129.3829,36.5842],[129.3825,36.5853],[129.38118,36.58739],[129.38133,36.5883],[129.38086,36.58922],[129.3809,36.58982],[129.38046,36.59027],[129.38095,36.58982],[129.38091,36.58918],[129.3814,36.5883],[129.38122,36.5874],[129.38325,36.5837],[129.38356,36.5835],[129.38513,36.58347],[129.38585,36.5854],[129.38575,36.58649],[129.38608,36.58721],[129.38589,36.58888],[129.38639,36.58986],[129.38635,36.59042],[129.38576,36.59139],[129.3861,36.59254],[129.38497,36.59403],[129.38474,36.5948],[129.38378,36.59598],[129.38341,36.59691],[129.38227,36.59718],[129.38218,36.598],[129.38126,36.59918],[129.38063,36.59945],[129.37993,36.59945],[129.37922,36.60022],[129.37812,36.6001],[129.37769,36.59973],[129.3774,36.59978],[129.37579,36.60098],[129.3775,36.5998]],[[129.41297,36.57256],[129.41494,36.56855],[129.4184,36.57092],[129.41647,36.57376],[129.41297,36.57256]],[[129.42179,36.5636],[129.42195,36.56331],[129.42152,36.56273],[129.4215,36.56156],[129.42188,36.56216],[129.42186,36.56281],[129.42265,36.56388],[129.42193,36.56403],[129.42179,36.5636]],[[129.42026,36.55742],[129.42027,36.55741],[129.4203,36.55741],[129.42034,36.55744],[129.42039,36.5575],[129.42041,36.55756],[129.42041,36.55762],[129.42041,36.55768],[129.4204,36.55771],[129.42039,36.55778],[129.42037,36.55782],[129.42035,36.55784],[129.42034,36.55786],[129.42031,36.55787],[129.42029,36.55787],[129.42028,36.55787],[129.42026,36.55786],[129.42025,36.55784],[129.42023,36.55779],[129.42022,36.55777],[129.42021,36.55772],[129.42022,36.55769],[129.42023,36.55766],[129.42024,36.55762],[129.42024,36.55761],[129.42024,36.5576],[129.42023,36.55757],[129.42022,36.55755],[129.42021,36.55753],[129.42022,36.5575],[129.42024,36.55745],[129.42025,36.55743],[129.42026,36.55742]],[[129.41982,36.55583],[129.41966,36.55528],[129.41998,36.55558],[129.41999,36.55588],[129.41982,36.55583]],[[129.41735,36.55418],[129.41698,36.55403],[129.41782,36.55388],[129.41891,36.55407],[129.41974,36.55506],[129.41941,36.55519],[129.41901,36.55479],[129.41735,36.55418]],[[129.41212,36.55536],[129.41172,36.55536],[129.4124,36.55522],[129.41212,36.55536]],[[129.41165,36.55555],[129.41164,36.55555],[129.41163,36.55555],[129.41162,36.55555],[129.41162,36.55555],[129.41161,36.55554],[129.41161,36.55554],[129.4116,36.55553],[129.41159,36.55552],[129.41159,36.55552],[129.41159,36.55551],[129.41159,36.55551],[129.41159,36.55551],[129.4116,36.5555],[129.4116,36.5555],[129.41161,36.55549],[129.41163,36.55549],[129.41165,36.55549],[129.41165,36.55548],[129.41166,36.55548],[129.41167,36.55548],[129.41167,36.55549],[129.41168,36.55549],[129.41168,36.55549],[129.41168,36.5555],[129.41169,36.5555],[129.41169,36.55551],[129.41169,36.55551],[129.41169,36.55552],[129.41169,36.55552],[129.41169,36.55553],[129.41169,36.55553],[129.41168,36.55554],[129.41168,36.55554],[129.41167,36.55554],[129.41166,36.55555],[129.41165,36.55555]],[[129.41148,36.55555],[129.41162,36.55566],[129.41126,36.55593],[129.41057,36.5562],[129.41014,36.55612],[129.41015,36.55584],[129.41148,36.55555]],[[129.40862,36.5558],[129.40944,36.556],[129.40939,36.55585],[129.40984,36.55581],[129.41005,36.55604],[129.40891,36.5564],[129.4083,36.5562],[129.4078,36.55632],[129.40761,36.55585],[129.40808,36.55567],[129.40862,36.5558]],[[129.40472,36.55416],[129.40594,36.5552],[129.40526,36.55484],[129.40472,36.55416]],[[129.40246,36.55093],[129.40247,36.55093],[129.40248,36.55093],[129.40248,36.55093],[129.40249,36.55093],[129.4025,36.55094],[129.40252,36.55094],[129.40253,36.55095],[129.40254,36.55095],[129.40255,36.55096],[129.40256,36.55097],[129.40257,36.55097],[129.40258,36.55098],[129.40259,36.55098],[129.4026,36.55099],[129.40261,36.55099],[129.40262,36.551],[129.40263,36.551],[129.40264,36.55101],[129.40265,36.55101],[129.40266,36.55101],[129.40266,36.55102],[129.40267,36.55103],[129.40268,36.55103],[129.40269,36.55104],[129.4027,36.55104],[129.4027,36.55105],[129.40271,36.55106],[129.40272,36.55107],[129.40272,36.55108],[129.40273,36.55109],[129.40274,36.5511],[129.40275,36.55111],[129.40275,36.55112],[129.40276,36.55113],[129.40277,36.55114],[129.40278,36.55115],[129.40279,36.55115],[129.4028,36.55116],[129.40281,36.55117],[129.40282,36.55117],[129.40284,36.55118],[129.40285,36.55119],[129.40286,36.5512],[129.40287,36.5512],[129.40288,36.55121],[129.40289,36.55122],[129.4029,36.55123],[129.40291,36.55124],[129.40292,36.55125],[129.40293,36.55126],[129.40294,36.55127],[129.40294,36.55128],[129.40295,36.55128],[129.40296,36.55129],[129.40297,36.5513],[129.40298,36.5513],[129.40299,36.55131],[129.40299,36.55132],[129.403,36.55133],[129.40301,36.55133],[129.40302,36.55134],[129.40302,36.55135],[129.40303,36.55135],[129.40303,36.55136],[129.40304,36.55137],[129.40304,36.55137],[129.40304,36.55138],[129.40305,36.55139],[129.40305,36.5514],[129.40305,36.55141],[129.40305,36.55141],[129.40305,36.55141],[129.40304,36.55141],[129.40303,36.55141],[129.40302,36.55141],[129.40302,36.5514],[129.40301,36.5514],[129.403,36.55139],[129.40299,36.55139],[129.40298,36.55138],[129.40297,36.55137],[129.40295,36.55137],[129.40294,36.55136],[129.40293,36.55136],[129.40292,36.55135],[129.40291,36.55135],[129.4029,36.55135],[129.40288,36.55134],[129.40287,36.55134],[129.40286,36.55133],[129.40285,36.55133],[129.40284,36.55132],[129.40283,36.55132],[129.40282,36.55132],[129.40281,36.55131],[129.4028,36.55131],[129.40279,36.55131],[129.40278,36.5513],[129.40278,36.5513],[129.40277,36.55129],[129.40276,36.55128],[129.40275,36.55128],[129.40274,36.55127],[129.40273,36.55127],[129.40273,36.55126],[129.40272,36.55125],[129.40271,36.55125],[129.4027,36.55124],[129.40269,36.55123],[129.40268,36.55123],[129.40267,36.55122],[129.40266,36.55121],[129.40265,36.55121],[129.40264,36.5512],[129.40263,36.55119],[129.40262,36.55119],[129.40261,36.55118],[129.4026,36.55117],[129.40259,36.55117],[129.40259,36.55116],[129.40258,36.55116],[129.40257,36.55115],[129.40256,36.55114],[129.40256,36.55114],[129.40255,36.55113],[129.40254,36.55113],[129.40254,36.55112],[129.40253,36.55111],[129.40252,36.55111],[129.40245,36.55102],[129.40243,36.55099],[129.40243,36.55099],[129.40243,36.55098],[129.40243,36.55097],[129.40243,36.55097],[129.40243,36.55096],[129.40244,36.55095],[129.40244,36.55095],[129.40245,36.55094],[129.40245,36.55094],[129.40246,36.55093]],[[129.3992,36.54764],[129.39849,36.54734],[129.39941,36.54606],[129.39982,36.54683],[129.40055,36.54734],[129.39997,36.54801],[129.3992,36.54764]],[[129.37716,36.54855],[129.37544,36.54879],[129.37669,36.54828],[129.37725,36.54829],[129.37716,36.54855]]]}},{"type":"Feature","id":"TN_RIVER_BT:WTR02000000005D88","properties":{"NF_ID":"WTR02000000005D88","admin_code":"47770","source_layer":"TN_RIVER_BT","semantic":"channel","river_class":"지방하천","river_class_source":"중심선 공간조인","river_name":"송천","river_code":"2620300","survey_method":"사진측량"},"geometry":{"type":"Polygon","coordinates":[[[129.32003,36.60828],[129.32007,36.60802],[129.31975,36.60822],[129.32003,36.60828]]]}},{"type":"Feature","id":"TN_RIVER_BT:WTR02000000005D99","properties":{"NF_ID":"WTR02000000005D99","admin_code":"47770","source_layer":"TN_RIVER_BT","semantic":"channel","river_class":"지방하천","river_class_source":"중심선 공간조인","river_name":"울령천","river_code":"2620320","survey_method":"사진측량"},"geometry":{"type":"Polygon","coordinates":[[[129.32072,36.6077],[129.32111,36.60765],[129.3213,36.60599],[129.3193,36.60366],[129.31882,36.60168],[129.31919,36.60076],[129.3198,36.60028],[129.3223,36.60119],[129.323,36.60116],[129.32471,36.60226],[129.3258,36.60229],[129.32667,36.60203],[129.32706,36.60102],[129.32679,36.59926],[129.32699,36.59924],[129.32699,36.59956],[129.32721,36.59935],[129.32717,36.59912],[129.32674,36.5991],[129.32674,36.59832],[129.32714,36.59627],[129.32738,36.59606],[129.3272,36.59591],[129.3274,36.59511],[129.32831,36.59319],[129.32935,36.59216],[129.33034,36.59187],[129.33123,36.59215],[129.33086,36.59218],[129.33138,36.59239],[129.33475,36.59327],[129.33514,36.59379],[129.33642,36.59431],[129.33798,36.59447],[129.33882,36.59432],[129.33951,36.59384],[129.34008,36.59257],[129.34023,36.59264],[129.34018,36.59239],[129.34055,36.59209],[129.34121,36.58847],[129.34084,36.58621],[129.34021,36.58546],[129.33986,36.58423],[129.34016,36.58306],[129.33983,36.58357],[129.33951,36.5827],[129.33994,36.5806],[129.33977,36.57805],[129.33997,36.57706],[129.34043,36.57673],[129.34041,36.57582],[129.34158,36.57596],[129.34192,36.57566],[129.34236,36.57567],[129.3419,36.57563],[129.34159,36.57594],[129.34039,36.57574],[129.34016,36.57359],[129.3396,36.57191],[129.34006,36.57185],[129.34022,36.57223],[129.34034,36.57162],[129.33965,36.57152],[129.33971,36.57089],[129.33928,36.5708],[129.33899,36.56957],[129.33967,36.57041],[129.33953,36.57076],[129.33977,36.57035],[129.3386,36.56884],[129.33602,36.56881],[129.33607,36.56907],[129.3353,36.56921],[129.33291,36.56928],[129.3324,36.569],[129.33134,36.56735],[129.3323,36.56663],[129.33362,36.56624],[129.33384,36.56591],[129.33618,36.56532],[129.33825,36.56429],[129.33955,36.56316],[129.34028,36.56205],[129.34043,36.56165],[129.34023,36.56111],[129.34078,36.5613],[129.34063,36.56104],[129.34024,36.56101],[129.33956,36.56003],[129.33933,36.56004],[129.33885,36.55874],[129.3377,36.55704],[129.33736,36.55522],[129.33758,36.55426],[129.33914,36.55164],[129.34108,36.55013],[129.3439,36.54919],[129.34536,36.54845],[129.34698,36.54837],[129.35009,36.5494],[129.34884,36.55091],[129.34806,36.55113],[129.34615,36.55083],[129.34498,36.55183],[129.34487,36.55224],[129.34518,36.5528],[129.34494,36.55348],[129.34416,36.55464],[129.34299,36.55525],[129.34306,36.55606],[129.343,36.5553],[129.34422,36.55465],[129.345,36.55344],[129.34523,36.55279],[129.34494,36.55193],[129.34616,36.55091],[129.3483,36.55126],[129.34923,36.55086],[129.35017,36.54946],[129.35134,36.54928],[129.35198,36.54888],[129.35176,36.54886],[129.35219,36.54841],[129.35226,36.5487],[129.35267,36.54704],[129.35197,36.54528],[129.35208,36.54409],[129.35242,36.54306],[129.35349,36.54224],[129.35408,36.54219],[129.3534,36.54236],[129.35427,36.54229],[129.35403,36.54251],[129.35607,36.54245],[129.3566,36.54281],[129.35684,36.54393],[129.3572,36.54382],[129.35867,36.54465],[129.3594,36.54441],[129.36059,36.54496],[129.36226,36.54533],[129.36479,36.54667],[129.36569,36.54494],[129.36508,36.5451],[129.36275,36.5446],[129.36243,36.54488],[129.36199,36.5447],[129.36106,36.54476],[129.35822,36.54375],[129.35832,36.54397],[129.35929,36.54432],[129.35871,36.54453],[129.35731,36.54397],[129.35752,36.54318],[129.3572,36.54334],[129.35728,36.54309],[129.35633,36.54233],[129.35536,36.54208],[129.35368,36.5421],[129.3528,36.54246],[129.35199,36.5436],[129.35184,36.54523],[129.35254,36.54664],[129.35254,36.54716],[129.35226,36.5483],[129.35132,36.54919],[129.35027,36.54944],[129.34788,36.54845],[129.34626,36.54804],[129.3458,36.54835],[129.34507,36.54832],[129.34383,36.54913],[129.34126,36.54987],[129.33872,36.55181],[129.33792,36.55354],[129.3373,36.55427],[129.33721,36.55544],[129.33753,36.55603],[129.33766,36.55735],[129.3385,36.55837],[129.3393,36.56011],[129.33995,36.56079],[129.33979,36.56097],[129.34026,36.56127],[129.34022,36.56201],[129.33949,36.56317],[129.33818,36.56428],[129.33601,36.56531],[129.33413,36.56588],[129.3339,36.56561],[129.33287,36.56598],[129.33167,36.5668],[129.33062,36.56807],[129.33108,36.56924],[129.33197,36.56966],[129.33132,36.56935],[129.33075,36.5683],[129.33074,36.56795],[129.33131,36.56745],[129.33232,36.56898],[129.33289,36.56931],[129.33641,36.56919],[129.33764,36.56888],[129.33845,36.56898],[129.33913,36.57017],[129.33914,36.5709],[129.33966,36.57096],[129.33961,36.57131],[129.3392,36.57133],[129.33922,36.57177],[129.34042,36.57669],[129.33986,36.57696],[129.3396,36.57838],[129.33961,36.57925],[129.33973,36.57816],[129.33993,36.57894],[129.33959,36.58059],[129.33985,36.58029],[129.33989,36.58061],[129.33939,36.58274],[129.34012,36.58531],[129.33953,36.58507],[129.34012,36.58535],[129.3406,36.5861],[129.34017,36.58668],[129.34051,36.58742],[129.34046,36.5892],[129.33987,36.59206],[129.34053,36.58935],[129.34054,36.58797],[129.34072,36.58916],[129.34023,36.59141],[129.34046,36.59191],[129.33914,36.59409],[129.33888,36.59426],[129.33854,36.59407],[129.33795,36.59437],[129.33671,36.5943],[129.33523,36.59382],[129.3351,36.59354],[129.33622,36.59394],[129.33432,36.59302],[129.33245,36.59251],[129.33237,36.59195],[129.33007,36.59161],[129.32896,36.5921],[129.32763,36.59419],[129.32762,36.5947],[129.32728,36.5951],[129.32741,36.59543],[129.32711,36.59563],[129.32655,36.59919],[129.32673,36.60154],[129.32647,36.60192],[129.32528,36.60226],[129.3241,36.60181],[129.32262,36.60069],[129.32279,36.59994],[129.32251,36.59964],[129.32088,36.5987],[129.32077,36.59836],[129.32101,36.59804],[129.32224,36.59825],[129.32244,36.5981],[129.32262,36.59701],[129.32233,36.5965],[129.32185,36.59626],[129.32088,36.59666],[129.32042,36.59654],[129.32014,36.59557],[129.31958,36.59503],[129.31565,36.5936],[129.31616,36.59396],[129.31702,36.59406],[129.31954,36.59503],[129.32004,36.59569],[129.32006,36.59633],[129.31826,36.5965],[129.31598,36.59765],[129.31313,36.59705],[129.31139,36.59709],[129.30873,36.59756],[129.30695,36.59752],[129.30466,36.5968],[129.30377,36.59676],[129.30309,36.59707],[129.30271,36.59826],[129.30241,36.59846],[129.30164,36.59818],[129.30049,36.59722],[129.29957,36.59729],[129.29857,36.59788],[129.29793,36.59781],[129.29585,36.5967],[129.29399,36.59728],[129.29352,36.59725],[129.29184,36.59605],[129.29148,36.59535],[129.29078,36.59508],[129.2903,36.59507],[129.28919,36.59554],[129.28753,36.59542],[129.28603,36.59568],[129.2859,36.59435],[129.28545,36.59329],[129.28461,36.59324],[129.28354,36.59256],[129.28236,36.59222],[129.28166,36.59319],[129.2804,36.59326],[129.27965,36.59303],[129.27927,36.59365],[129.27769,36.59352],[129.27697,36.59313],[129.27286,36.59354],[129.27164,36.59332],[129.27059,36.59428],[129.26992,36.59424],[129.26984,36.59361],[129.26923,36.59323],[129.26809,36.59309],[129.26738,36.59214],[129.26673,36.59192],[129.26622,36.59211],[129.26534,36.59175],[129.26623,36.59214],[129.26672,36.59197],[129.26736,36.59215],[129.26806,36.5931],[129.2692,36.59324],[129.26982,36.59362],[129.26993,36.59434],[129.26944,36.59443],[129.26991,36.59444],[129.26993,36.59472],[129.26892,36.59531],[129.2674,36.59722],[129.26895,36.5953],[129.2697,36.59506],[129.27,36.5943],[129.27077,36.59429],[129.27165,36.59335],[129.27288,36.5936],[129.27686,36.59317],[129.27749,36.59353],[129.27913,36.59373],[129.2795,36.59358],[129.27966,36.59307],[129.28044,36.59329],[129.28168,36.59323],[129.28237,36.59227],[129.28342,36.59255],[129.28463,36.59329],[129.2854,36.59327],[129.28593,36.595],[129.28572,36.59561],[129.28508,36.59538],[129.28467,36.59492],[129.28377,36.59497],[129.28369,36.59546],[129.28203,36.5974],[129.28052,36.59807],[129.28002,36.59888],[129.27818,36.60064],[129.27702,36.60065],[129.27691,36.60241],[129.27507,36.60359],[129.27462,36.60412],[129.27375,36.60376],[129.27242,36.60463],[129.27108,36.60487],[129.27022,36.60614],[129.26942,36.60612],[129.26897,36.6064],[129.26724,36.6064],[129.26518,36.6069],[129.26504,36.6072],[129.26518,36.60694],[129.26731,36.60641],[129.26897,36.60644],[129.26941,36.60614],[129.27022,36.60618],[129.27128,36.6048],[129.27244,36.60466],[129.27366,36.60395],[129.2747,36.60415],[129.27511,36.60363],[129.27693,36.60246],[129.27709,36.60071],[129.27826,36.60067],[129.28013,36.59891],[129.28064,36.59812],[129.28218,36.59734],[129.28376,36.59546],[129.2838,36.59504],[129.28431,36.59487],[129.28486,36.59503],[129.28511,36.59545],[129.28608,36.59575],[129.28739,36.59549],[129.28942,36.5956],[129.29022,36.59518],[129.29096,36.59518],[129.29142,36.59537],[129.29213,36.59637],[129.29366,36.59741],[129.29578,36.59674],[129.29819,36.59791],[129.30051,36.59726],[129.30144,36.59802],[129.30094,36.59834],[129.30062,36.59903],[129.30131,36.59812],[129.30204,36.59849],[129.30262,36.59844],[129.30329,36.59708],[129.30375,36.59682],[129.30706,36.59767],[129.30885,36.59772],[129.31212,36.5972],[129.31601,36.59785],[129.3185,36.5966],[129.32015,36.59644],[129.32073,36.59673],[129.32182,36.59634],[129.32231,36.59653],[129.3225,36.59703],[129.32234,36.59804],[129.32206,36.59816],[129.32115,36.59788],[129.32075,36.5981],[129.32073,36.5984],[129.32101,36.59893],[129.32259,36.59981],[129.32252,36.6008],[129.32303,36.60112],[129.32044,36.60061],[129.3199,36.60015],[129.31943,36.60032],[129.3189,36.60104],[129.31871,36.60184],[129.31924,36.60366],[129.3206,36.60525],[129.32049,36.60551],[129.32108,36.60621],[129.32062,36.60741],[129.32071,36.60796],[129.32001,36.6084],[129.32081,36.608],[129.32072,36.6077]],[[129.32343,36.60133],[129.32341,36.60134],[129.32339,36.60134],[129.32337,36.60133],[129.32336,36.60133],[129.32333,36.6013],[129.32324,36.60126],[129.32323,36.60125],[129.32321,36.60123],[129.32321,36.60121],[129.32321,36.60119],[129.32322,36.60118],[129.32324,36.60118],[129.32327,36.60118],[129.32329,36.60119],[129.32334,36.60123],[129.3234,36.60128],[129.32342,36.6013],[129.32343,36.60131],[129.32344,36.60132],[129.32343,36.60133]],[[129.32679,36.60065],[129.3268,36.60065],[129.32682,36.60066],[129.32681,36.60078],[129.32681,36.60079],[129.32684,36.60082],[129.32686,36.60083],[129.32688,36.60084],[129.32689,36.60087],[129.32689,36.6009],[129.3269,36.60093],[129.3269,36.60094],[129.32693,36.60101],[129.32694,36.60103],[129.32694,36.60104],[129.32692,36.60105],[129.32687,36.60105],[129.32682,36.60105],[129.32681,36.60103],[129.32679,36.60101],[129.32678,36.60098],[129.32677,36.60096],[129.32678,36.60092],[129.32678,36.60089],[129.32678,36.60087],[129.32677,36.60085],[129.32675,36.60084],[129.32674,36.60082],[129.32674,36.60079],[129.32673,36.60075],[129.32674,36.60068],[129.32675,36.60066],[129.32679,36.60065]],[[129.33178,36.5923],[129.33176,36.5923],[129.33173,36.5923],[129.33171,36.5923],[129.33169,36.5923],[129.33167,36.5923],[129.33165,36.5923],[129.33163,36.5923],[129.33161,36.59229],[129.33158,36.59229],[129.33157,36.59229],[129.33155,36.59229],[129.33152,36.59228],[129.33149,36.59228],[129.33146,36.59227],[129.33145,36.59227],[129.33143,36.59226],[129.33141,36.59225],[129.33139,36.59224],[129.33138,36.59224],[129.33138,36.59223],[129.33135,36.59218],[129.33134,36.59217],[129.33134,36.59216],[129.33134,36.59215],[129.33135,36.59215],[129.33137,36.59215],[129.3314,36.59214],[129.33144,36.59214],[129.33146,36.59214],[129.33149,36.59214],[129.3315,36.59214],[129.33152,36.59214],[129.33154,36.59214],[129.33157,36.59215],[129.33159,36.59215],[129.33161,36.59216],[129.33164,36.59216],[129.33167,36.59217],[129.33169,36.59217],[129.33172,36.59217],[129.33173,36.59217],[129.33174,36.59218],[129.33175,36.59218],[129.33177,36.59219],[129.33178,36.59219],[129.3318,36.59221],[129.33181,36.59222],[129.33182,36.59223],[129.33183,36.59224],[129.33183,36.59225],[129.33183,36.59225],[129.33183,36.59226],[129.33183,36.59226],[129.33183,36.59227],[129.33182,36.59228],[129.33181,36.59228],[129.3318,36.59229],[129.3318,36.59229],[129.33179,36.5923],[129.33178,36.5923]],[[129.34073,36.5882],[129.34078,36.58751],[129.34102,36.58805],[129.34117,36.58935],[129.34076,36.59009],[129.34071,36.58981],[129.3403,36.59135],[129.34073,36.5882]],[[129.34059,36.58697],[129.34061,36.58696],[129.34063,36.58696],[129.34064,36.58697],[129.34065,36.58702],[129.34069,36.58714],[129.34074,36.58721],[129.34075,36.58725],[129.34075,36.58729],[129.34075,36.5873],[129.34074,36.58731],[129.34067,36.58733],[129.34065,36.58734],[129.34064,36.58733],[129.34057,36.58699],[129.34058,36.58698],[129.34059,36.58697]],[[129.35208,36.5436],[129.35209,36.54359],[129.35209,36.5436],[129.35209,36.54363],[129.3521,36.54365],[129.3521,36.54366],[129.35208,36.5437],[129.35207,36.54372],[129.35206,36.54374],[129.35205,36.54378],[129.35204,36.5438],[129.35203,36.54381],[129.35203,36.5438],[129.35203,36.54378],[129.35203,36.54376],[129.35203,36.54374],[129.35203,36.54373],[129.35203,36.54373],[129.35203,36.54371],[129.35203,36.5437],[129.35205,36.54365],[129.35205,36.54363],[129.35206,36.54361],[129.35208,36.5436]],[[129.35563,36.54231],[129.35561,36.54231],[129.35559,36.5423],[129.35558,36.5423],[129.35555,36.54229],[129.35553,36.54229],[129.35552,36.54228],[129.35553,36.54227],[129.35554,36.54227],[129.35555,36.54226],[129.35556,36.54226],[129.35559,36.54226],[129.35561,36.54225],[129.35563,36.54225],[129.35563,36.54225],[129.35564,36.54225],[129.35568,36.54227],[129.3557,36.54227],[129.35572,36.54228],[129.35576,36.54229],[129.35577,36.54229],[129.35576,36.5423],[129.35573,36.5423],[129.35571,36.5423],[129.35567,36.5423],[129.35563,36.54231]],[[129.35704,36.54322],[129.35706,36.54322],[129.35707,36.54322],[129.35709,36.54322],[129.3571,36.54322],[129.35712,36.54323],[129.35714,36.54323],[129.35714,36.54322],[129.35715,36.54322],[129.35716,36.54322],[129.35718,36.54322],[129.35719,36.54322],[129.35719,36.54324],[129.35718,36.54325],[129.35717,36.54326],[129.35716,36.54327],[129.35714,36.54328],[129.35712,36.54328],[129.35711,36.5433],[129.35709,36.54331],[129.35708,36.54332],[129.35707,36.54332],[129.35705,36.54333],[129.35704,36.54333],[129.35702,36.54332],[129.357,36.5433],[129.35699,36.54328],[129.35698,36.54327],[129.35697,36.54325],[129.35695,36.54324],[129.35695,36.54322],[129.35695,36.54321],[129.35696,36.54321],[129.35698,36.5432],[129.35699,36.5432],[129.35701,36.5432],[129.35702,36.5432],[129.35703,36.54321],[129.35704,36.54322]]]}},{"type":"Feature","id":"TN_RIVER_BT:WTR02000000005DAA","properties":{"NF_ID":"WTR02000000005DAA","admin_code":"47770","source_layer":"TN_RIVER_BT","semantic":"channel","river_class":"등급미확인","survey_method":"사진측량"},"geometry":{"type":"Polygon","coordinates":[[[129.32001,36.60865],[129.31997,36.60861],[129.31998,36.60861],[129.32,36.60861],[129.32001,36.60861],[129.32001,36.6086],[129.32001,36.6086],[129.31999,36.60857],[129.31999,36.60857],[129.32001,36.60854],[129.32,36.60853],[129.31998,36.60853],[129.31996,36.60853],[129.31994,36.60853],[129.31992,36.60853],[129.31991,36.60854],[129.3199,36.60855],[129.31989,36.60857],[129.3199,36.60857],[129.31994,36.60862],[129.31994,36.60863],[129.31995,36.60862],[129.31996,36.60862],[129.32,36.60866],[129.32001,36.60865]]]}},{"type":"Feature","id":"TN_RIVER_BT:WTR02000000005DBB","properties":{"NF_ID":"WTR02000000005DBB","admin_code":"47770","source_layer":"TN_RIVER_BT","semantic":"channel","river_class":"등급미확인","survey_method":"사진측량"},"geometry":{"type":"Polygon","coordinates":[[[129.31903,36.60927],[129.31897,36.60922],[129.31903,36.60927],[129.31904,36.60926],[129.31898,36.60921],[129.31902,36.60923],[129.31903,36.60923],[129.31903,36.60921],[129.31902,36.60919],[129.319,36.60918],[129.31898,36.60919],[129.31895,36.60921],[129.31893,36.60923],[129.31893,36.60925],[129.31894,36.60926],[129.31897,36.60929],[129.31898,36.60931],[129.31897,36.60932],[129.31896,36.60932],[129.31891,36.60935],[129.31893,36.60938],[129.31893,36.60938],[129.31894,36.60939],[129.31902,36.60935],[129.31903,36.60933],[129.31903,36.60929],[129.31903,36.60928],[129.31903,36.60927]]]}},{"type":"Feature","id":"TN_RIVER_BT:WTR02000000005DCC","properties":{"NF_ID":"WTR02000000005DCC","admin_code":"47770","source_layer":"TN_RIVER_BT","semantic":"channel","river_class":"소하천","river_class_source":"중심선 공간조인","survey_method":"사진측량"},"geometry":{"type":"Polygon","coordinates":[[[129.33586,36.60968],[129.33728,36.60922],[129.33648,36.60955],[129.33584,36.60955],[129.33579,36.60908],[129.33504,36.60823],[129.33575,36.60911],[129.33589,36.60989],[129.33633,36.6101],[129.33586,36.60968]]]}},{"type":"Feature","id":"TN_RIVER_BT:WTR02000000005DDD","properties":{"NF_ID":"WTR02000000005DDD","admin_code":"47770","source_layer":"TN_RIVER_BT","semantic":"channel","river_class":"소하천","river_class_source":"중심선 공간조인","survey_method":"사진측량"},"geometry":{"type":"Polygon","coordinates":[[[129.27477,36.61279],[129.27291,36.61286],[129.27212,36.61223],[129.27101,36.61213],[129.27046,36.61273],[129.26905,36.61323],[129.27044,36.61277],[129.27094,36.61216],[129.272,36.61224],[129.27294,36.61289],[129.2747,36.61279],[129.27561,36.61341],[129.27477,36.61279]]]}},{"type":"Feature","id":"TN_RIVER_BT:WTR02000000005DEE","properties":{"NF_ID":"WTR02000000005DEE","admin_code":"47770","source_layer":"TN_RIVER_BT","semantic":"channel","river_class":"지방하천","river_class_source":"중심선 공간조인","river_name":"송천","river_code":"2620300","survey_method":"사진측량"},"geometry":{"type":"Polygon","coordinates":[[[129.30839,36.609],[129.30971,36.60897],[129.31082,36.60942],[129.31363,36.60941],[129.3143,36.60918],[129.3168,36.60938],[129.31719,36.60959],[129.31768,36.60926],[129.31909,36.60904],[129.31893,36.6088],[129.31937,36.60853],[129.31967,36.60872],[129.31993,36.60838],[129.31951,36.60834],[129.31838,36.6091],[129.31715,36.6095],[129.31428,36.60914],[129.3136,36.60937],[129.31082,36.60939],[129.30901,36.60884],[129.30778,36.60912],[129.30732,36.60999],[129.30502,36.61077],[129.30491,36.61162],[129.30235,36.61373],[129.30497,36.61165],[129.30511,36.61081],[129.30735,36.61003],[129.30762,36.60936],[129.30839,36.609]]]}},{"type":"Feature","id":"TN_RIVER_BT:WTR02000000005DFF","properties":{"NF_ID":"WTR02000000005DFF","admin_code":"47770","source_layer":"TN_RIVER_BT","semantic":"channel","river_class":"지방하천","river_class_source":"중심선 공간조인","river_name":"백록천","river_code":"2620270","survey_method":"사진측량"},"geometry":{"type":"Polygon","coordinates":[[[129.392,36.61229],[129.39273,36.61171],[129.39311,36.61081],[129.39379,36.61043],[129.39581,36.60966],[129.39738,36.60982],[129.39974,36.60859],[129.39935,36.60854],[129.39917,36.60815],[129.39934,36.60749],[129.40115,36.60625],[129.40227,36.60322],[129.40407,36.60147],[129.40448,36.60073],[129.40434,36.59798],[129.40495,36.59686],[129.40675,36.59585],[129.4071,36.59592],[129.40931,36.59537],[129.40945,36.59501],[129.41022,36.59465],[129.40514,36.5965],[129.39943,36.59535],[129.39883,36.59593],[129.3965,36.5962],[129.3957,36.59696],[129.39348,36.59795],[129.39551,36.59712],[129.39651,36.59632],[129.39876,36.596],[129.39948,36.59538],[129.40056,36.59575],[129.40401,36.5962],[129.40513,36.59659],[129.40404,36.59794],[129.39947,36.59763],[129.40403,36.59801],[129.40431,36.59948],[129.40421,36.60094],[129.40214,36.60314],[129.40113,36.60606],[129.39962,36.60703],[129.39906,36.60773],[129.39924,36.60866],[129.39848,36.6093],[129.39735,36.60979],[129.39572,36.60963],[129.39385,36.61034],[129.39307,36.61073],[129.39282,36.6115],[129.39191,36.61218],[129.39118,36.61229],[129.39003,36.61194],[129.38881,36.61232],[129.39007,36.61199],[129.39137,36.61237],[129.392,36.61229]]]}},{"type":"Feature","id":"TN_RIVER_BT:WTR02000000005DGG","properties":{"NF_ID":"WTR02000000005DGG","admin_code":"47770","source_layer":"TN_RIVER_BT","semantic":"channel","river_class":"지방하천","river_class_source":"중심선 공간조인","river_name":"백록천","river_code":"2620270","survey_method":"사진측량"},"geometry":{"type":"Polygon","coordinates":[[[129.39896,36.62036],[129.39968,36.61894],[129.40032,36.61859],[129.40117,36.61765],[129.39968,36.61884],[129.39906,36.62006],[129.39866,36.62036],[129.39896,36.62036]]]}},{"type":"Feature","id":"TN_RIVER_BT:WTR02000000005DHH","properties":{"NF_ID":"WTR02000000005DHH","admin_code":"47770","source_layer":"TN_RIVER_BT","semantic":"channel","river_class":"소하천","river_class_source":"중심선 공간조인","survey_method":"사진측량"},"geometry":{"type":"Polygon","coordinates":[[[129.37583,36.62109],[129.37651,36.62015],[129.37713,36.6184],[129.37697,36.61743],[129.38177,36.6164],[129.38251,36.61653],[129.38312,36.61601],[129.38447,36.6155],[129.38484,36.61505],[129.38244,36.61642],[129.38173,36.61633],[129.38051,36.61676],[129.37687,36.61741],[129.37703,36.61847],[129.37629,36.61935],[129.37662,36.61937],[129.37647,36.62011],[129.3756,36.62113],[129.37583,36.62109]]]}},{"type":"Feature","id":"TN_RIVER_BT:WTR02000000005DII","properties":{"NF_ID":"WTR02000000005DII","admin_code":"47770","source_layer":"TN_RIVER_BT","semantic":"channel","river_class":"소하천","river_class_source":"중심선 공간조인","survey_method":"사진측량"},"geometry":{"type":"Polygon","coordinates":[[[129.31958,36.6233],[129.31764,36.62323],[129.31726,36.62301],[129.31741,36.62151],[129.31708,36.62059],[129.31739,36.62157],[129.31722,36.62302],[129.3187,36.62338],[129.32013,36.62349],[129.31958,36.6233]]]}},{"type":"Feature","id":"TN_RIVER_BT:WTR02000000005DJJ","properties":{"NF_ID":"WTR02000000005DJJ","admin_code":"47770","source_layer":"TN_RIVER_BT","semantic":"channel","river_class":"지방하천","river_class_source":"중심선 공간조인","river_name":"백록천","river_code":"2620270","survey_method":"사진측량"},"geometry":{"type":"Polygon","coordinates":[[[129.39313,36.62395],[129.39428,36.62392],[129.39441,36.62371],[129.39179,36.62394],[129.39313,36.62395]]]}},{"type":"Feature","id":"TN_RIVER_BT:WTR02000000005DKK","properties":{"NF_ID":"WTR02000000005DKK","admin_code":"47770","source_layer":"TN_RIVER_BT","semantic":"channel","river_class":"소하천","river_class_source":"중심선 공간조인","river_name":"큰골천","survey_method":"사진측량"},"geometry":{"type":"Polygon","coordinates":[[[129.41355,36.62656],[129.4145,36.62637],[129.41398,36.62631],[129.41349,36.62655],[129.41279,36.62639],[129.41355,36.62656]]]}},{"type":"Feature","id":"TN_RIVER_BT:WTR02000000005DLL","properties":{"NF_ID":"WTR02000000005DLL","admin_code":"47770","source_layer":"TN_RIVER_BT","semantic":"channel","river_class":"소하천","river_class_source":"중심선 공간조인","survey_method":"사진측량"},"geometry":{"type":"Polygon","coordinates":[[[129.28272,36.64174],[129.28228,36.64152],[129.28237,36.64079],[129.282,36.64052],[129.28207,36.63895],[129.28167,36.63777],[129.28163,36.63595],[129.28163,36.63767],[129.28203,36.63896],[129.28205,36.64012],[129.28185,36.64061],[129.28131,36.64054],[129.28113,36.64091],[129.27994,36.64148],[129.28117,36.64089],[129.28133,36.64054],[129.28187,36.64061],[129.28207,36.64016],[129.28196,36.64053],[129.28235,36.64081],[129.28225,36.64155],[129.2827,36.64178],[129.28251,36.64225],[129.28263,36.64243],[129.28272,36.64174]]]}},{"type":"Feature","id":"TN_RIVER_BT:WTR02000000005DMM","properties":{"NF_ID":"WTR02000000005DMM","admin_code":"47770","source_layer":"TN_RIVER_BT","semantic":"channel","river_class":"지방하천","river_class_source":"중심선 공간조인","river_name":"유금천","river_code":"2620260","survey_method":"사진측량"},"geometry":{"type":"Polygon","coordinates":[[[129.41327,36.64029],[129.41471,36.63963],[129.41555,36.6384],[129.41704,36.63734],[129.41632,36.63758],[129.41636,36.63777],[129.41517,36.63865],[129.41522,36.63895],[129.41469,36.63959],[129.41288,36.64045],[129.41253,36.64096],[129.41327,36.64029]]]}},{"type":"Feature","id":"TN_RIVER_BT:WTR02000000005DNN","properties":{"NF_ID":"WTR02000000005DNN","admin_code":"47770","source_layer":"TN_RIVER_BT","semantic":"channel","river_class":"소하천","river_class_source":"중심선 공간조인","survey_method":"사진측량"},"geometry":{"type":"Polygon","coordinates":[[[129.25086,36.6506],[129.25093,36.65059],[129.2511,36.65058],[129.2511,36.65058],[129.25109,36.6505],[129.25109,36.6505],[129.25105,36.6505],[129.25099,36.6505],[129.25094,36.65051],[129.25086,36.65052],[129.25079,36.65053],[129.25071,36.65053],[129.25064,36.65053],[129.25056,36.65053],[129.2505,36.65053],[129.25038,36.65053],[129.2503,36.65053],[129.25026,36.65053],[129.25023,36.65052],[129.25017,36.6505],[129.25015,36.6505],[129.25012,36.65049],[129.25011,36.65049],[129.25009,36.65049],[129.25004,36.65052],[129.25,36.65053],[129.25,36.6506],[129.25004,36.6506],[129.25012,36.65061],[129.25017,36.65061],[129.25022,36.6506],[129.25027,36.6506],[129.25031,36.65061],[129.25035,36.65061],[129.25045,36.65061],[129.25054,36.65061],[129.2506,36.65061],[129.25065,36.65061],[129.25072,36.65061],[129.25079,36.6506],[129.25086,36.6506]]]}},{"type":"Feature","id":"TN_RIVER_BT:WTR02000000005DOO","properties":{"NF_ID":"WTR02000000005DOO","admin_code":"47770","source_layer":"TN_RIVER_BT","semantic":"channel","river_class":"소하천","river_class_source":"중심선 공간조인","survey_method":"사진측량"},"geometry":{"type":"Polygon","coordinates":[[[129.39401,36.64451],[129.3958,36.64496],[129.39571,36.64473],[129.39382,36.64451],[129.39327,36.6454],[129.3905,36.64737],[129.3901,36.64919],[129.38919,36.65022],[129.38936,36.65099],[129.38904,36.65226],[129.38928,36.65284],[129.38834,36.65383],[129.38933,36.65287],[129.38908,36.65222],[129.38941,36.65095],[129.38925,36.65028],[129.39015,36.64922],[129.39044,36.64754],[129.39334,36.64542],[129.39345,36.64496],[129.39401,36.64451]]]}},{"type":"Feature","id":"TN_RIVER_BT:WTR02000000005DQQ","properties":{"NF_ID":"WTR02000000005DQQ","admin_code":"47770","source_layer":"TN_RIVER_BT","semantic":"channel","river_class":"소하천","river_class_source":"중심선 공간조인","river_name":"백청천","survey_method":"사진측량"},"geometry":{"type":"Polygon","coordinates":[[[129.25304,36.65385],[129.254,36.65409],[129.25293,36.65384],[129.25248,36.65248],[129.2517,36.65177],[129.25159,36.65127],[129.25156,36.65181],[129.25251,36.65264],[129.25305,36.65523],[129.25274,36.65597],[129.25183,36.65689],[129.252,36.65837],[129.25139,36.65874],[129.25153,36.65908],[129.25151,36.65874],[129.25207,36.65829],[129.25184,36.65692],[129.25242,36.65648],[129.25311,36.6553],[129.25287,36.65419],[129.25304,36.65385]]]}},{"type":"Feature","id":"TN_RIVER_BT:WTR02000000005DRR","properties":{"NF_ID":"WTR02000000005DRR","admin_code":"47770","source_layer":"TN_RIVER_BT","semantic":"channel","river_class":"지방하천","river_class_source":"중심선 공간조인","river_name":"석문천","river_code":"2620310","survey_method":"사진측량"},"geometry":{"type":"Polygon","coordinates":[[[129.28436,36.65883],[129.28487,36.6579],[129.28475,36.65757],[129.28529,36.65689],[129.28537,36.65619],[129.28504,36.65603],[129.28505,36.65572],[129.28549,36.6552],[129.2866,36.65459],[129.28596,36.65394],[129.28595,36.65354],[129.2864,36.65269],[129.28695,36.65231],[129.2859,36.65189],[129.28515,36.65198],[129.28356,36.65109],[129.28333,36.65073],[129.28167,36.65009],[129.28179,36.65037],[129.28328,36.65074],[129.28346,36.65106],[129.28511,36.65201],[129.28582,36.65191],[129.2868,36.65225],[129.28633,36.65262],[129.28585,36.6536],[129.28643,36.65464],[129.28562,36.65497],[129.28483,36.65575],[129.2832,36.65632],[129.28285,36.65696],[129.2824,36.65692],[129.27926,36.65774],[129.279,36.65744],[129.27757,36.65734],[129.277,36.65783],[129.27507,36.65803],[129.27437,36.65901],[129.27518,36.65802],[129.2769,36.65794],[129.2776,36.65736],[129.27897,36.65745],[129.27922,36.65779],[129.28252,36.65693],[129.28294,36.657],[129.2832,36.65636],[129.28483,36.65582],[129.28531,36.6562],[129.28524,36.65686],[129.28469,36.65751],[129.28482,36.65791],[129.28455,36.65846],[129.28399,36.65882],[129.28432,36.65883],[129.28436,36.65931],[129.28436,36.65883]]]}},{"type":"Feature","id":"TN_RIVER_BT:WTR02000000005DTT","properties":{"NF_ID":"WTR02000000005DTT","admin_code":"47770","source_layer":"TN_RIVER_BT","semantic":"channel","river_class":"지방하천","river_class_source":"중심선 공간조인","river_name":"송천","river_code":"2620300","survey_method":"사진측량"},"geometry":{"type":"Polygon","coordinates":[[[129.32523,36.65931],[129.32523,36.65869],[129.32613,36.65838],[129.3267,36.65782],[129.32669,36.65617],[129.32759,36.65459],[129.32847,36.65518],[129.32956,36.65492],[129.33048,36.65536],[129.33137,36.65546],[129.33275,36.65506],[129.33383,36.6543],[129.33255,36.6551],[129.33142,36.65539],[129.33046,36.65531],[129.32956,36.65487],[129.32851,36.65512],[129.32687,36.65402],[129.32681,36.65365],[129.32745,36.65268],[129.32618,36.6519],[129.32596,36.65152],[129.32585,36.64839],[129.32721,36.6484],[129.32842,36.64774],[129.32947,36.64811],[129.33064,36.64762],[129.33121,36.64762],[129.33204,36.64812],[129.33112,36.64758],[129.33039,36.64763],[129.32953,36.64806],[129.32823,36.6477],[129.32692,36.64836],[129.32584,36.64829],[129.32498,36.6478],[129.32451,36.64677],[129.32562,36.64623],[129.32607,36.64573],[129.3258,36.6445],[129.32598,36.64336],[129.32485,36.64232],[129.32526,36.64109],[129.32247,36.63989],[129.32187,36.63942],[129.32197,36.63701],[129.32025,36.63687],[129.31919,36.63591],[129.3184,36.63569],[129.31805,36.63486],[129.31735,36.63461],[129.31931,36.63411],[129.32197,36.63401],[129.32281,36.63291],[129.32488,36.63362],[129.32774,36.63367],[129.32876,36.63342],[129.32754,36.63361],[129.32484,36.63357],[129.32275,36.63285],[129.32197,36.63397],[129.31924,36.63406],[129.31734,36.63456],[129.31569,36.63423],[129.31374,36.63441],[129.31315,36.63341],[129.31238,36.62916],[129.3155,36.6255],[129.31619,36.62327],[129.31636,36.62368],[129.31648,36.62268],[129.31604,36.62214],[129.31607,36.62146],[129.31662,36.621],[129.31716,36.61981],[129.31718,36.61635],[129.31678,36.61621],[129.31685,36.61534],[129.31721,36.61534],[129.31681,36.61433],[129.3171,36.61417],[129.31658,36.614],[129.31694,36.61246],[129.31675,36.61205],[129.31696,36.61225],[129.3171,36.61156],[129.31749,36.61203],[129.32092,36.61382],[129.32218,36.6133],[129.32257,36.6134],[129.32355,36.61401],[129.32348,36.61468],[129.32387,36.61526],[129.32354,36.61468],[129.32354,36.61394],[129.32253,36.61335],[129.32213,36.61329],[129.32091,36.61377],[129.31742,36.61192],[129.31744,36.61042],[129.31821,36.61001],[129.31871,36.60921],[129.31865,36.60942],[129.31724,36.61012],[129.31734,36.61037],[129.31705,36.61028],[129.31673,36.61163],[129.31649,36.61386],[129.31664,36.61519],[129.31638,36.61541],[129.31676,36.61568],[129.3169,36.61802],[129.3171,36.6175],[129.31712,36.61972],[129.31593,36.6216],[129.31619,36.62254],[129.31585,36.62285],[129.31596,36.62367],[129.31556,36.62532],[129.31438,36.62691],[129.31356,36.62734],[129.31254,36.62873],[129.31218,36.62873],[129.31219,36.62924],[129.3117,36.62953],[129.31078,36.62944],[129.30788,36.62768],[129.30646,36.62768],[129.30499,36.6282],[129.304,36.62884],[129.30201,36.63153],[129.30056,36.63216],[129.29879,36.63216],[129.29822,36.63084],[129.29721,36.62976],[129.29719,36.62836],[129.29666,36.62716],[129.29708,36.62651],[129.2969,36.62423],[129.29457,36.62324],[129.29289,36.6222],[129.29244,36.62127],[129.28992,36.62042],[129.28854,36.61906],[129.28804,36.61892],[129.28684,36.61919],[129.28624,36.61906],[129.28589,36.61794],[129.28497,36.61709],[129.28337,36.61684],[129.28495,36.61714],[129.28588,36.61801],[129.28624,36.61911],[129.28684,36.61924],[129.28808,36.61896],[129.28849,36.61907],[129.28982,36.62045],[129.29238,36.62129],[129.29252,36.62195],[129.29293,36.62231],[129.29451,36.62327],[129.29683,36.62424],[129.297,36.62655],[129.29662,36.62717],[129.29684,36.6277],[129.29624,36.62733],[129.29525,36.62767],[129.29386,36.62684],[129.29285,36.6272],[129.29261,36.62703],[129.2903,36.62693],[129.29259,36.62705],[129.29283,36.62725],[129.29387,36.62687],[129.29522,36.62771],[129.29632,36.62736],[129.29708,36.6281],[129.29718,36.62989],[129.29806,36.63086],[129.29853,36.63212],[129.29468,36.63241],[129.29328,36.63272],[129.29203,36.63253],[129.29038,36.6326],[129.28841,36.63383],[129.28688,36.63429],[129.28544,36.63519],[129.28212,36.63566],[129.28057,36.63566],[129.27878,36.63616],[129.27628,36.63617],[129.27392,36.63742],[129.27255,36.63773],[129.27095,36.63763],[129.2692,36.63701],[129.26819,36.63698],[129.26849,36.63642],[129.26804,36.6363],[129.26814,36.6358],[129.26744,36.63486],[129.26747,36.63416],[129.26737,36.63479],[129.2681,36.63586],[129.26788,36.63624],[129.26812,36.63645],[129.26843,36.63638],[129.26839,36.63667],[129.26798,36.63706],[129.26658,36.6373],[129.26551,36.63821],[129.26433,36.63825],[129.26366,36.63854],[129.2622,36.63823],[129.26091,36.63837],[129.26003,36.63758],[129.25905,36.63774],[129.258,36.63743],[129.25741,36.6365],[129.2573,36.63564],[129.25665,36.63484],[129.25659,36.63426],[129.25591,36.63367],[129.25556,36.63283],[129.25453,36.6317],[129.25552,36.63287],[129.25582,36.63365],[129.25657,36.63433],[129.25656,36.63482],[129.2573,36.63577],[129.25734,36.63649],[129.25785,36.63738],[129.25711,36.63709],[129.25602,36.63776],[129.2551,36.63753],[129.25353,36.63799],[129.25281,36.63797],[129.25359,36.63802],[129.25509,36.63754],[129.25602,36.63781],[129.2571,36.63716],[129.25857,36.63775],[129.25998,36.63769],[129.26088,36.63841],[129.26215,36.63832],[129.26351,36.63869],[129.26179,36.63953],[129.25964,36.64107],[129.25892,36.64231],[129.25857,36.64426],[129.25813,36.64491],[129.25692,36.64591],[129.25455,36.64631],[129.2537,36.6469],[129.25331,36.64759],[129.25372,36.64697],[129.25472,36.64637],[129.25702,36.64594],[129.25826,36.64488],[129.25867,36.6442],[129.25903,36.64229],[129.2602,36.64066],[129.26374,36.63864],[129.26456,36.63834],[129.26551,36.63832],[129.26688,36.63741],[129.26893,36.6372],[129.27101,36.63788],[129.27334,36.63781],[129.2745,36.63745],[129.27687,36.63619],[129.27731,36.63636],[129.28132,36.63564],[129.28283,36.63565],[129.28526,36.63531],[129.28649,36.63451],[129.28834,36.63394],[129.29051,36.63262],[129.29206,36.63258],[129.29301,36.63281],[129.29498,36.63243],[129.29906,36.6322],[129.2995,36.63237],[129.30075,36.63215],[129.30208,36.63178],[129.30343,36.62965],[129.30523,36.62817],[129.30727,36.62768],[129.30866,36.6281],[129.31059,36.62955],[129.30741,36.63299],[129.30772,36.63305],[129.30726,36.6338],[129.30778,36.63545],[129.30759,36.63541],[129.30867,36.63831],[129.30847,36.6389],[129.30872,36.64006],[129.30835,36.64088],[129.30808,36.64122],[129.30735,36.64151],[129.30634,36.64157],[129.30443,36.64211],[129.30415,36.64262],[129.30422,36.64375],[129.30462,36.64458],[129.30446,36.64506],[129.30409,36.64543],[129.30099,36.64672],[129.30149,36.64774],[129.30111,36.64926],[129.29844,36.64917],[129.29709,36.64941],[129.2956,36.64847],[129.29392,36.64939],[129.29272,36.65042],[129.29492,36.64887],[129.29569,36.64857],[129.2971,36.64944],[129.3012,36.64935],[129.30175,36.6476],[129.30109,36.64679],[129.30433,36.6455],[129.30466,36.64506],[129.30432,36.64289],[129.30451,36.64222],[129.30802,36.64132],[129.30831,36.64182],[129.30734,36.64247],[129.30702,36.64343],[129.30744,36.64477],[129.30726,36.64601],[129.30819,36.64849],[129.30775,36.64883],[129.3074,36.64989],[129.30763,36.65121],[129.30807,36.65183],[129.30774,36.65311],[129.30712,36.65321],[129.30635,36.65385],[129.30644,36.65754],[129.30474,36.65849],[129.30464,36.65937],[129.30363,36.65961],[129.3032,36.66001],[129.30204,36.66019],[129.30206,36.66048],[129.30099,36.66051],[129.30083,36.66079],[129.29975,36.66118],[129.29883,36.66109],[129.29778,36.66165],[129.2981,36.66137],[129.29857,36.66143],[129.29883,36.66113],[129.29955,36.66126],[129.30083,36.66085],[129.301,36.66057],[129.30211,36.6605],[129.30207,36.66021],[129.30325,36.66001],[129.30371,36.65961],[129.30466,36.6594],[129.30475,36.65857],[129.30555,36.65828],[129.30609,36.65876],[129.30627,36.65932],[129.30683,36.65964],[129.30758,36.66133],[129.30802,36.6617],[129.30694,36.66014],[129.30688,36.65964],[129.3063,36.65931],[129.30574,36.65822],[129.3065,36.65762],[129.30657,36.65628],[129.30675,36.65625],[129.30652,36.65592],[129.30644,36.65394],[129.30711,36.65334],[129.3078,36.65312],[129.30814,36.65189],[129.30768,36.65111],[129.30747,36.64993],[129.30774,36.64896],[129.30823,36.64849],[129.30735,36.64613],[129.30747,36.64455],[129.30712,36.64328],[129.30753,36.64233],[129.30835,36.64186],[129.30811,36.64131],[129.3089,36.64054],[129.30853,36.63891],[129.30874,36.63834],[129.3081,36.63675],[129.30744,36.63385],[129.30784,36.63317],[129.30763,36.63283],[129.31039,36.62984],[129.31067,36.6296],[129.31152,36.62966],[129.31225,36.62936],[129.31254,36.63189],[129.31304,36.63359],[129.3136,36.63443],[129.31556,36.6343],[129.31689,36.63448],[129.318,36.63488],[129.31829,36.63526],[129.31828,36.63575],[129.31933,36.6361],[129.32029,36.63697],[129.32189,36.63707],[129.32181,36.63949],[129.3224,36.63995],[129.3252,36.6411],[129.32472,36.64229],[129.32591,36.64345],[129.32574,36.64453],[129.32602,36.64572],[129.32452,36.64659],[129.32442,36.64713],[129.32474,36.6477],[129.32577,36.64842],[129.3259,36.65157],[129.3262,36.65201],[129.32732,36.65257],[129.32674,36.6539],[129.32753,36.6546],[129.32659,36.65618],[129.32665,36.6578],[129.32608,36.65833],[129.32523,36.65855],[129.3249,36.65939],[129.32409,36.65939],[129.32482,36.65948],[129.32514,36.65925],[129.32534,36.65977],[129.32433,36.66094],[129.32443,36.66207],[129.32398,36.66312],[129.32418,36.66355],[129.32405,36.66309],[129.32448,36.66209],[129.32456,36.66069],[129.32546,36.65983],[129.32523,36.65931]],[[129.31706,36.61142],[129.3173,36.61052],[129.31734,36.61184],[129.31706,36.61142]]]}},{"type":"Feature","id":"TN_RIVER_BT:WTR02000000005DUU","properties":{"NF_ID":"WTR02000000005DUU","admin_code":"47770","source_layer":"TN_RIVER_BT","semantic":"channel","river_class":"지방하천","river_class_source":"중심선 공간조인","river_name":"유금천","river_code":"2620260","survey_method":"사진측량"},"geometry":{"type":"Polygon","coordinates":[[[129.39518,36.65611],[129.39596,36.65549],[129.39587,36.65503],[129.3961,36.65482],[129.39717,36.65488],[129.39868,36.65448],[129.39909,36.65458],[129.40187,36.65353],[129.40295,36.65183],[129.40409,36.65093],[129.40419,36.65],[129.4047,36.64912],[129.40517,36.64875],[129.40619,36.64863],[129.40666,36.6502],[129.40645,36.65171],[129.40592,36.65242],[129.40687,36.65343],[129.40549,36.65535],[129.40592,36.65555],[129.40584,36.65488],[129.40689,36.65344],[129.40598,36.65244],[129.40649,36.65171],[129.40667,36.6504],[129.40636,36.64863],[129.40683,36.64784],[129.40815,36.64701],[129.40827,36.64592],[129.40874,36.64517],[129.41017,36.6447],[129.4109,36.64402],[129.41154,36.64256],[129.41066,36.64414],[129.41151,36.64231],[129.41259,36.64058],[129.4102,36.64459],[129.40907,36.64504],[129.40759,36.64464],[129.40672,36.64467],[129.40502,36.64536],[129.40298,36.64579],[129.40092,36.64496],[129.39899,36.64466],[129.39829,36.64389],[129.39749,36.64374],[129.39703,36.6415],[129.39621,36.64077],[129.39459,36.6399],[129.39386,36.64045],[129.39345,36.6415],[129.38993,36.64159],[129.38887,36.64217],[129.38821,36.64284],[129.38568,36.64286],[129.38421,36.64364],[129.3825,36.64367],[129.38148,36.64441],[129.38037,36.64395],[129.37811,36.64484],[129.37744,36.64487],[129.37728,36.64533],[129.37669,36.64575],[129.37525,36.64603],[129.37384,36.64695],[129.37271,36.64689],[129.37152,36.64728],[129.3707,36.6472],[129.3704,36.64767],[129.36869,36.64686],[129.36836,36.64647],[129.3669,36.64623],[129.36587,36.64553],[129.36699,36.64636],[129.36647,36.64681],[129.3656,36.64703],[129.3665,36.64684],[129.36741,36.64624],[129.36833,36.6465],[129.36867,36.64687],[129.37039,36.64773],[129.37078,36.64726],[129.37157,36.64733],[129.3726,36.64696],[129.37382,36.64702],[129.3736,36.64771],[129.37322,36.64799],[129.37315,36.64868],[129.3722,36.64971],[129.37216,36.65122],[129.37136,36.65244],[129.37123,36.65341],[129.37025,36.65406],[129.37127,36.65342],[129.3714,36.65243],[129.3722,36.65124],[129.37224,36.64971],[129.37321,36.64872],[129.37327,36.64802],[129.37364,36.64777],[129.37388,36.64698],[129.37483,36.64656],[129.3751,36.64616],[129.37671,36.64581],[129.37732,36.64542],[129.37749,36.6449],[129.37817,36.64491],[129.38033,36.64401],[129.38158,36.64451],[129.3824,36.64378],[129.38427,36.64368],[129.38568,36.64292],[129.38819,36.64291],[129.38997,36.64165],[129.39352,36.64155],[129.39396,36.64045],[129.39465,36.63999],[129.39616,36.64082],[129.39701,36.6416],[129.39728,36.64355],[129.39777,36.64389],[129.39673,36.64482],[129.39797,36.64393],[129.3989,36.6447],[129.40076,36.64502],[129.40277,36.64587],[129.40516,36.64541],[129.40693,36.64471],[129.40755,36.64466],[129.40868,36.64515],[129.40822,36.6459],[129.40811,36.647],[129.40681,36.6478],[129.40629,36.64858],[129.40527,36.64868],[129.40472,36.64904],[129.40422,36.6498],[129.40403,36.65088],[129.40292,36.6518],[129.40184,36.65348],[129.39905,36.65456],[129.39866,36.65445],[129.39725,36.65483],[129.39586,36.65488],[129.39591,36.65549],[129.39493,36.65617],[129.39533,36.6568],[129.39514,36.65759],[129.39415,36.65836],[129.39355,36.65941],[129.39319,36.66091],[129.39247,36.6618],[129.39332,36.66281],[129.39317,36.66314],[129.39333,36.6628],[129.39249,36.66182],[129.39321,36.66092],[129.39354,36.65948],[129.39415,36.65842],[129.39514,36.65764],[129.39539,36.65684],[129.39499,36.65619],[129.39518,36.65611]]]}},{"type":"Feature","id":"TN_RIVER_BT:WTR02000000005EYZ","properties":{"NF_ID":"WTR02000000005EYZ","admin_code":"47770","source_layer":"TN_RIVER_BT","semantic":"channel","river_class":"소하천","river_class_source":"중심선 공간조인","survey_method":"사진측량"},"geometry":{"type":"Polygon","coordinates":[[[129.18093,36.50012],[129.18089,36.50163],[129.18115,36.50192],[129.18092,36.50158],[129.18093,36.50012]]]}},{"type":"Feature","id":"TN_RIVER_BT:WTR02000000005GIL","properties":{"NF_ID":"WTR02000000005GIL","admin_code":"47770","source_layer":"TN_RIVER_BT","semantic":"channel","river_class":"소하천","river_class_source":"중심선 공간조인","survey_method":"사진측량"},"geometry":{"type":"Polygon","coordinates":[[[129.2318,36.59252],[129.23291,36.59223],[129.23164,36.5925],[129.23139,36.59218],[129.23041,36.59198],[129.22902,36.59224],[129.22788,36.59186],[129.22903,36.59228],[129.23034,36.59202],[129.2318,36.59252]]]}},{"type":"Feature","id":"TN_RIVER_BT:WTR02000000005GQT","properties":{"NF_ID":"WTR02000000005GQT","admin_code":"47770","source_layer":"TN_RIVER_BT","semantic":"channel","river_class":"지방하천","river_class_source":"중심선 공간조인","river_name":"울령천","river_code":"2620320","survey_method":"사진측량"},"geometry":{"type":"Polygon","coordinates":[[[129.24249,36.59817],[129.24357,36.59534],[129.24707,36.59311],[129.24816,36.59195],[129.2477,36.59018],[129.24834,36.58967],[129.24826,36.58902],[129.24869,36.58789],[129.24936,36.58773],[129.25,36.58811],[129.24973,36.58781],[129.24899,36.58771],[129.24863,36.58792],[129.24817,36.58902],[129.24824,36.5897],[129.24764,36.59003],[129.24761,36.59051],[129.24815,36.59165],[129.24767,36.59243],[129.24729,36.59268],[129.24623,36.59253],[129.24535,36.59295],[129.24381,36.59317],[129.24436,36.59313],[129.24265,36.59422],[129.24186,36.59428],[129.24264,36.59427],[129.24459,36.59311],[129.24634,36.59258],[129.24721,36.59275],[129.24701,36.59311],[129.24607,36.59352],[129.24361,36.59527],[129.24258,36.59797],[129.24219,36.59823],[129.24159,36.59809],[129.24108,36.59843],[129.2399,36.59841],[129.2393,36.59861],[129.23794,36.598],[129.2376,36.59814],[129.23799,36.59807],[129.23932,36.59867],[129.24239,36.59813],[129.24254,36.59942],[129.24223,36.6],[129.24266,36.5995],[129.24249,36.59817]]]}},{"type":"Feature","id":"TN_RIVER_BT:WTR02000000005HTX","properties":{"NF_ID":"WTR02000000005HTX","admin_code":"47770","source_layer":"TN_RIVER_BT","semantic":"channel","river_class":"소하천","river_class_source":"중심선 공간조인","survey_method":"사진측량"},"geometry":{"type":"Polygon","coordinates":[[[129.24731,36.65112],[129.24846,36.65102],[129.25,36.65053],[129.24769,36.6511],[129.24689,36.65093],[129.24658,36.65066],[129.24726,36.65111],[129.24661,36.65173],[129.24594,36.65196],[129.24599,36.65212],[129.24731,36.65112]]]}}]}