{"type":"FeatureCollection","features":[{"type":"Feature","id":"TN_RIVER_BNDRY:WTR0100000000ZD5Y","properties":{"NF_ID":"WTR0100000000ZD5Y","source_layer":"TN_RIVER_BNDRY","semantic":"zone","river_class":"소하천","river_class_source":"중심선 공간조인","river_name":"신기천","survey_method":"사진측량","admin_code":"47900"},"geometry":{"type":"Polygon","coordinates":[[[128.29157,36.4973],[128.29136,36.49732],[128.2908,36.49792],[128.29111,36.49933],[128.29125,36.49921],[128.29095,36.49801],[128.29157,36.4973]]]}},{"type":"Feature","id":"TN_RIVER_BNDRY:WTR0100000000ZD6Z","properties":{"NF_ID":"WTR0100000000ZD6Z","source_layer":"TN_RIVER_BNDRY","semantic":"zone","river_class":"소하천","river_class_source":"중심선 공간조인","river_name":"덕세천","survey_method":"사진측량","admin_code":"47900"},"geometry":{"type":"Polygon","coordinates":[[[128.30794,36.47314],[128.30808,36.47315],[128.30821,36.47286],[128.30771,36.47232],[128.30791,36.47164],[128.30743,36.47087],[128.30721,36.47085],[128.30775,36.47165],[128.30746,36.47239],[128.30789,36.47284],[128.30794,36.47314]]]}},{"type":"Feature","id":"TN_RIVER_BNDRY:WTR0100000000ZDWP","properties":{"NF_ID":"WTR0100000000ZDWP","source_layer":"TN_RIVER_BNDRY","semantic":"zone","river_class":"소하천","river_class_source":"중심선 공간조인","river_name":"직신천","survey_method":"사진측량","admin_code":"47900"},"geometry":{"type":"Polygon","coordinates":[[[128.30569,36.48105],[128.30573,36.48115],[128.30641,36.48112],[128.30762,36.48085],[128.30875,36.48094],[128.31169,36.4828],[128.31607,36.47829],[128.31552,36.47765],[128.31591,36.47829],[128.31166,36.48262],[128.30872,36.48082],[128.30749,36.48075],[128.30569,36.48105]]]}},{"type":"Feature","id":"TN_RIVER_BNDRY:WTR0100000000ZDXQ","properties":{"NF_ID":"WTR0100000000ZDXQ","source_layer":"TN_RIVER_BNDRY","semantic":"zone","river_class":"지방하천","river_class_source":"중심선 공간조인","river_name":"공덕천","river_code":"2021230","survey_method":"사진측량","admin_code":"47900"},"geometry":{"type":"Polygon","coordinates":[[[128.31408,36.49481],[128.31421,36.49456],[128.31409,36.49454],[128.3126,36.49507],[128.31055,36.49516],[128.30842,36.49549],[128.30596,36.49479],[128.30203,36.49437],[128.30081,36.49342],[128.29838,36.49303],[128.29834,36.49289],[128.29699,36.49267],[128.29673,36.49317],[128.2971,36.49307],[128.30055,36.49361],[128.30189,36.49458],[128.30594,36.49504],[128.30826,36.49572],[128.31052,36.49541],[128.31269,36.4953],[128.31408,36.49481]]]}},{"type":"Feature","id":"TN_RIVER_BNDRY:WTR0100000000ZDYR","properties":{"NF_ID":"WTR0100000000ZDYR","source_layer":"TN_RIVER_BNDRY","semantic":"zone","river_class":"지방하천","river_class_source":"중심선 공간조인","river_name":"공덕천","river_code":"2021230","survey_method":"사진측량","admin_code":"47900"},"geometry":{"type":"Polygon","coordinates":[[[128.27708,36.49556],[128.27672,36.49505],[128.2761,36.49502],[128.27399,36.4942],[128.2737,36.49404],[128.27355,36.4937],[128.27329,36.49497],[128.27371,36.49482],[128.27611,36.49568],[128.27708,36.49556]]]}},{"type":"Feature","id":"TN_RIVER_BNDRY:WTR0100000000ZDZS","properties":{"NF_ID":"WTR0100000000ZDZS","source_layer":"TN_RIVER_BNDRY","semantic":"zone","river_class":"등급미확인","survey_method":"사진측량","admin_code":"47900"},"geometry":{"type":"Polygon","coordinates":[[[128.27534,36.48842],[128.27642,36.48849],[128.27639,36.49342],[128.28783,36.49351],[128.28878,36.49334],[128.28937,36.49339],[128.28939,36.49291],[128.29186,36.4929],[128.2893,36.4928],[128.28926,36.49324],[128.28877,36.49321],[128.28807,36.49342],[128.27646,36.49336],[128.2765,36.48843],[128.27534,36.48842]]]}},{"type":"Feature","id":"TN_RIVER_BNDRY:WTR0100000000ZE0U","properties":{"NF_ID":"WTR0100000000ZE0U","source_layer":"TN_RIVER_BNDRY","semantic":"zone","river_class":"등급미확인","survey_method":"사진측량","admin_code":"47900"},"geometry":{"type":"Polygon","coordinates":[[[128.27778,36.48658],[128.27942,36.48597],[128.27777,36.48654],[128.27627,36.48648],[128.27778,36.48658]]]}},{"type":"Feature","id":"TN_RIVER_BNDRY:WTR0100000000ZE5Z","properties":{"NF_ID":"WTR0100000000ZE5Z","source_layer":"TN_RIVER_BNDRY","semantic":"zone","river_class":"국가하천","river_class_source":"중심선 공간조인","river_name":"낙동강","river_code":"2000010","survey_method":"사진측량","admin_code":"47900"},"geometry":{"type":"Polygon","coordinates":[[[128.27017,36.4882],[128.26998,36.48937],[128.26981,36.48938],[128.26976,36.49019],[128.26865,36.49135],[128.27355,36.4937],[128.27464,36.48861],[128.2702,36.48806],[128.27017,36.4882]]]}},{"type":"Feature","id":"TN_RIVER_BNDRY:WTR0100000000ZE60","properties":{"NF_ID":"WTR0100000000ZE60","source_layer":"TN_RIVER_BNDRY","semantic":"zone","river_class":"국가하천","river_class_source":"중심선 공간조인","river_name":"낙동강","river_code":"2000010","survey_method":"사진측량","admin_code":"47900"},"geometry":{"type":"Polygon","coordinates":[[[128.26837,36.49217],[128.26805,36.49279],[128.27329,36.49497],[128.27355,36.4937],[128.26865,36.49135],[128.26837,36.49217]]]}},{"type":"Feature","id":"TN_RIVER_BNDRY:WTR0100000000ZE71","properties":{"NF_ID":"WTR0100000000ZE71","source_layer":"TN_RIVER_BNDRY","semantic":"zone","river_class":"국가하천","river_class_source":"중심선 공간조인","river_name":"낙동강","river_code":"2000010","survey_method":"사진측량","admin_code":"47900"},"geometry":{"type":"Polygon","coordinates":[[[128.2702,36.48806],[128.27464,36.48861],[128.27022,36.48792],[128.2702,36.48806]]]}},{"type":"Feature","id":"TN_RIVER_BNDRY:WTR0100000000ZE82","properties":{"NF_ID":"WTR0100000000ZE82","source_layer":"TN_RIVER_BNDRY","semantic":"zone","river_class":"등급미확인","survey_method":"사진측량","admin_code":"47900"},"geometry":{"type":"Polygon","coordinates":[[[128.27534,36.48842],[128.27517,36.48839],[128.27515,36.48847],[128.27535,36.48848],[128.27534,36.48842]]]}},{"type":"Feature","id":"TN_RIVER_BNDRY:WTR0100000000ZE93","properties":{"NF_ID":"WTR0100000000ZE93","source_layer":"TN_RIVER_BNDRY","semantic":"zone","river_class":"등급미확인","survey_method":"사진측량","admin_code":"47900"},"geometry":{"type":"Polygon","coordinates":[[[128.27517,36.48839],[128.27534,36.48842],[128.27543,36.48826],[128.27547,36.48747],[128.27505,36.48787],[128.27523,36.48806],[128.27517,36.48839]]]}},{"type":"Feature","id":"TN_RIVER_BNDRY:WTR0100000000ZEA4","properties":{"NF_ID":"WTR0100000000ZEA4","source_layer":"TN_RIVER_BNDRY","semantic":"zone","river_class":"등급미확인","survey_method":"사진측량","admin_code":"47900"},"geometry":{"type":"Polygon","coordinates":[[[128.27535,36.48848],[128.27464,36.48861],[128.27521,36.48868],[128.27535,36.48848]]]}},{"type":"Feature","id":"TN_RIVER_BNDRY:WTR0100000000ZETN","properties":{"NF_ID":"WTR0100000000ZETN","source_layer":"TN_RIVER_BNDRY","semantic":"zone","river_class":"등급미확인","survey_method":"사진측량","admin_code":"47900"},"geometry":{"type":"Polygon","coordinates":[[[128.29502,36.47942],[128.29385,36.47885],[128.29292,36.47813],[128.29182,36.47809],[128.29158,36.47822],[128.29179,36.47858],[128.29218,36.48075],[128.29262,36.48077],[128.29315,36.48054],[128.29412,36.48006],[128.29474,36.47942],[128.29502,36.47942]]]}},{"type":"Feature","id":"TN_RIVER_BNDRY:WTR0100000000ZEUO","properties":{"NF_ID":"WTR0100000000ZEUO","source_layer":"TN_RIVER_BNDRY","semantic":"zone","river_class":"소하천","river_class_source":"중심선 공간조인","river_name":"고천천","survey_method":"사진측량","admin_code":"47900"},"geometry":{"type":"Polygon","coordinates":[[[128.29495,36.47913],[128.29394,36.47871],[128.29304,36.47796],[128.29158,36.47793],[128.29135,36.4778],[128.29096,36.47633],[128.28963,36.47455],[128.28885,36.4741],[128.28806,36.4742],[128.28784,36.47409],[128.28725,36.47344],[128.28639,36.47155],[128.2853,36.47094],[128.2852,36.4703],[128.28546,36.46954],[128.28509,36.47014],[128.28521,36.47097],[128.28628,36.47162],[128.28717,36.47346],[128.28784,36.47423],[128.2889,36.47423],[128.28968,36.47482],[128.29085,36.47633],[128.29101,36.47734],[128.29137,36.47806],[128.29295,36.47812],[128.29394,36.47887],[128.29478,36.47925],[128.29495,36.47913]]]}},{"type":"Feature","id":"TN_RIVER_BNDRY:WTR0100000000ZEVP","properties":{"NF_ID":"WTR0100000000ZEVP","source_layer":"TN_RIVER_BNDRY","semantic":"zone","river_class":"지방하천","river_class_source":"중심선 공간조인","river_name":"공덕천","river_code":"2021230","survey_method":"사진측량","admin_code":"47900"},"geometry":{"type":"Polygon","coordinates":[[[128.29358,36.49522],[128.29216,36.49486],[128.292,36.49524],[128.29365,36.49577],[128.29358,36.49522]]]}},{"type":"Feature","id":"TN_RIVER_BNDRY:WTR0100000000ZEWQ","properties":{"NF_ID":"WTR0100000000ZEWQ","source_layer":"TN_RIVER_BNDRY","semantic":"zone","river_class":"지방하천","river_class_source":"중심선 공간조인","river_name":"공덕천","river_code":"2021230","survey_method":"사진측량","admin_code":"47900"},"geometry":{"type":"Polygon","coordinates":[[[128.29416,36.49575],[128.29411,36.49526],[128.29358,36.49522],[128.29365,36.49577],[128.29416,36.49575]]]}},{"type":"Feature","id":"TN_RIVER_BNDRY:WTR0100000000ZEXR","properties":{"NF_ID":"WTR0100000000ZEXR","source_layer":"TN_RIVER_BNDRY","semantic":"zone","river_class":"지방하천","river_class_source":"중심선 공간조인","river_name":"공덕천","river_code":"2021230","survey_method":"사진측량","admin_code":"47900"},"geometry":{"type":"Polygon","coordinates":[[[128.29216,36.49486],[128.29202,36.49483],[128.29195,36.49523],[128.29216,36.49486]]]}},{"type":"Feature","id":"TN_RIVER_BNDRY:WTR0100000000ZEYS","properties":{"NF_ID":"WTR0100000000ZEYS","source_layer":"TN_RIVER_BNDRY","semantic":"zone","river_class":"지방하천","river_class_source":"중심선 공간조인","river_name":"공덕천","river_code":"2021230","survey_method":"사진측량","admin_code":"47900"},"geometry":{"type":"Polygon","coordinates":[[[128.29195,36.49523],[128.29202,36.49483],[128.28961,36.49363],[128.28907,36.49349],[128.28815,36.49365],[128.28602,36.49502],[128.28448,36.49465],[128.28211,36.4945],[128.28112,36.49477],[128.28132,36.49519],[128.28243,36.49496],[128.28434,36.49505],[128.28535,36.49552],[128.28586,36.49557],[128.2864,36.49542],[128.28833,36.49403],[128.2889,36.49389],[128.28938,36.49398],[128.29195,36.49523]]]}},{"type":"Feature","id":"TN_RIVER_BNDRY:WTR0100000000ZEZT","properties":{"NF_ID":"WTR0100000000ZEZT","source_layer":"TN_RIVER_BNDRY","semantic":"zone","river_class":"소하천","river_class_source":"중심선 공간조인","river_name":"신기천","survey_method":"사진측량","admin_code":"47900"},"geometry":{"type":"Polygon","coordinates":[[[128.292,36.49524],[128.29226,36.4956],[128.29285,36.49576],[128.29288,36.4959],[128.29157,36.4973],[128.29299,36.49591],[128.292,36.49524]]]}},{"type":"Feature","id":"TN_RIVER_BNDRY:WTR0100000000ZF0V","properties":{"NF_ID":"WTR0100000000ZF0V","source_layer":"TN_RIVER_BNDRY","semantic":"zone","river_class":"등급미확인","survey_method":"사진측량","admin_code":"47900"},"geometry":{"type":"Polygon","coordinates":[[[128.28112,36.4945],[128.28186,36.49428],[128.28071,36.4945],[128.27877,36.49405],[128.27769,36.49417],[128.27871,36.49412],[128.28072,36.49457],[128.28112,36.4945]]]}},{"type":"Feature","id":"TN_RIVER_BNDRY:WTR0100000000ZF1W","properties":{"NF_ID":"WTR0100000000ZF1W","source_layer":"TN_RIVER_BNDRY","semantic":"zone","river_class":"지방하천","river_class_source":"중심선 공간조인","river_name":"공덕천","river_code":"2021230","survey_method":"사진측량","admin_code":"47900"},"geometry":{"type":"Polygon","coordinates":[[[128.28129,36.4952],[128.28109,36.49477],[128.28053,36.49483],[128.27878,36.4944],[128.27802,36.49448],[128.27675,36.49505],[128.27711,36.49554],[128.27863,36.49488],[128.28052,36.49528],[128.28129,36.4952]]]}},{"type":"Feature","id":"TN_RIVER_BNDRY:WTR0100000000ZF2X","properties":{"NF_ID":"WTR0100000000ZF2X","source_layer":"TN_RIVER_BNDRY","semantic":"zone","river_class":"지방하천","river_class_source":"중심선 공간조인","river_name":"공덕천","river_code":"2021230","survey_method":"사진측량","admin_code":"47900"},"geometry":{"type":"Polygon","coordinates":[[[128.27711,36.49554],[128.27675,36.49505],[128.27672,36.49505],[128.27708,36.49556],[128.27711,36.49554]]]}},{"type":"Feature","id":"TN_RIVER_BNDRY:WTR0100000000ZF3Y","properties":{"NF_ID":"WTR0100000000ZF3Y","source_layer":"TN_RIVER_BNDRY","semantic":"zone","river_class":"등급미확인","survey_method":"사진측량","admin_code":"47900"},"geometry":{"type":"Polygon","coordinates":[[[128.28142,36.49555],[128.28049,36.49553],[128.27866,36.49513],[128.27727,36.49575],[128.27737,36.49584],[128.27828,36.4953],[128.27868,36.49522],[128.28042,36.49561],[128.28142,36.49555]]]}},{"type":"Feature","id":"TN_RIVER_BNDRY:WTR0100000000ZF4Z","properties":{"NF_ID":"WTR0100000000ZF4Z","source_layer":"TN_RIVER_BNDRY","semantic":"zone","river_class":"등급미확인","survey_method":"사진측량","admin_code":"47900"},"geometry":{"type":"Polygon","coordinates":[[[128.27737,36.49584],[128.27721,36.4962],[128.27756,36.49626],[128.27737,36.49584]]]}},{"type":"Feature","id":"TN_RIVER_BNDRY:WTR0100000000ZF50","properties":{"NF_ID":"WTR0100000000ZF50","source_layer":"TN_RIVER_BNDRY","semantic":"zone","river_class":"등급미확인","survey_method":"사진측량","admin_code":"47900"},"geometry":{"type":"Polygon","coordinates":[[[128.27727,36.49575],[128.2772,36.49566],[128.27718,36.49564],[128.27711,36.49554],[128.27708,36.49556],[128.27715,36.49565],[128.27716,36.49567],[128.27713,36.49571],[128.27718,36.49579],[128.27727,36.49575]]]}},{"type":"Feature","id":"TN_RIVER_BNDRY:WTR0100000000ZF61","properties":{"NF_ID":"WTR0100000000ZF61","source_layer":"TN_RIVER_BNDRY","semantic":"zone","river_class":"등급미확인","survey_method":"사진측량","admin_code":"47900"},"geometry":{"type":"Polygon","coordinates":[[[128.27737,36.49584],[128.27727,36.49575],[128.27718,36.49579],[128.27724,36.49589],[128.27737,36.49584]]]}},{"type":"Feature","id":"TN_RIVER_BNDRY:WTR0100000000ZF72","properties":{"NF_ID":"WTR0100000000ZF72","source_layer":"TN_RIVER_BNDRY","semantic":"zone","river_class":"등급미확인","survey_method":"사진측량","admin_code":"47900"},"geometry":{"type":"Polygon","coordinates":[[[128.28149,36.49542],[128.28129,36.4952],[128.28138,36.49548],[128.28149,36.49542]]]}},{"type":"Feature","id":"TN_RIVER_BNDRY:WTR0100000000ZF83","properties":{"NF_ID":"WTR0100000000ZF83","source_layer":"TN_RIVER_BNDRY","semantic":"zone","river_class":"등급미확인","survey_method":"사진측량","admin_code":"47900"},"geometry":{"type":"Polygon","coordinates":[[[128.28149,36.49542],[128.28153,36.4955],[128.28185,36.49536],[128.28209,36.49526],[128.28213,36.49524],[128.28213,36.49524],[128.28213,36.49523],[128.28213,36.49522],[128.28213,36.49521],[128.28211,36.49518],[128.28211,36.49517],[128.2821,36.49517],[128.28191,36.49526],[128.2817,36.49535],[128.28157,36.4954],[128.28149,36.49542]]]}},{"type":"Feature","id":"TN_RIVER_BNDRY:WTR0100000000ZF94","properties":{"NF_ID":"WTR0100000000ZF94","source_layer":"TN_RIVER_BNDRY","semantic":"zone","river_class":"등급미확인","survey_method":"사진측량","admin_code":"47900"},"geometry":{"type":"Polygon","coordinates":[[[128.28153,36.4955],[128.28149,36.49542],[128.28138,36.49548],[128.28142,36.49555],[128.28147,36.49553],[128.28153,36.4955]]]}},{"type":"Feature","id":"TN_RIVER_BNDRY:WTR0100000000ZFA5","properties":{"NF_ID":"WTR0100000000ZFA5","source_layer":"TN_RIVER_BNDRY","semantic":"zone","river_class":"지방하천","river_class_source":"중심선 공간조인","river_name":"공덕천","river_code":"2021230","survey_method":"사진측량","admin_code":"47900"},"geometry":{"type":"Polygon","coordinates":[[[128.28132,36.49519],[128.28112,36.49477],[128.28109,36.49477],[128.28129,36.4952],[128.28132,36.49519]]]}},{"type":"Feature","id":"TN_RIVER_BNDRY:WTR0100000000ZFB6","properties":{"NF_ID":"WTR0100000000ZFB6","source_layer":"TN_RIVER_BNDRY","semantic":"zone","river_class":"소하천","river_class_source":"중심선 공간조인","river_name":"덕세천","survey_method":"사진측량","admin_code":"47900"},"geometry":{"type":"Polygon","coordinates":[[[128.30801,36.47316],[128.30778,36.47333],[128.30778,36.47363],[128.30874,36.47462],[128.30853,36.47559],[128.30872,36.47643],[128.30847,36.47766],[128.30771,36.47879],[128.3055,36.48103],[128.30569,36.48105],[128.3068,36.47994],[128.30863,36.47768],[128.30882,36.47648],[128.30866,36.47566],[128.3088,36.47462],[128.30786,36.47363],[128.30801,36.47316]]]}},{"type":"Feature","id":"TN_RIVER_BNDRY:WTR0100000000ZFC7","properties":{"NF_ID":"WTR0100000000ZFC7","source_layer":"TN_RIVER_BNDRY","semantic":"zone","river_class":"소하천","river_class_source":"중심선 공간조인","river_name":"직신천","survey_method":"사진측량","admin_code":"47900"},"geometry":{"type":"Polygon","coordinates":[[[128.30569,36.48105],[128.3055,36.48103],[128.30549,36.48105],[128.30545,36.4811],[128.30543,36.48112],[128.30566,36.48112],[128.30569,36.48105]]]}},{"type":"Feature","id":"TN_RIVER_BNDRY:WTR0100000000ZFD8","properties":{"NF_ID":"WTR0100000000ZFD8","source_layer":"TN_RIVER_BNDRY","semantic":"zone","river_class":"소하천","river_class_source":"중심선 공간조인","river_name":"고천천","survey_method":"사진측량","admin_code":"47900"},"geometry":{"type":"Polygon","coordinates":[[[128.30186,36.48629],[128.30107,36.48574],[128.30004,36.48462],[128.29932,36.48409],[128.2989,36.48361],[128.29875,36.48309],[128.29806,36.48263],[128.29773,36.48053],[128.29658,36.4798],[128.29522,36.4793],[128.29502,36.47942],[128.2954,36.47945],[128.29721,36.48027],[128.29764,36.48079],[128.29767,36.48177],[128.29796,36.48272],[128.29867,36.48318],[128.29896,36.48391],[128.29992,36.48466],[128.30072,36.4856],[128.30172,36.48646],[128.30186,36.48629]]]}},{"type":"Feature","id":"TN_RIVER_BNDRY:WTR0100000000ZFE9","properties":{"NF_ID":"WTR0100000000ZFE9","source_layer":"TN_RIVER_BNDRY","semantic":"zone","river_class":"소하천","river_class_source":"중심선 공간조인","river_name":"덕세천","survey_method":"사진측량","admin_code":"47900"},"geometry":{"type":"Polygon","coordinates":[[[128.30195,36.48654],[128.30172,36.48646],[128.30152,36.48778],[128.30107,36.48916],[128.30007,36.49131],[128.29898,36.4911],[128.29852,36.49114],[128.29657,36.49256],[128.29699,36.49267],[128.29742,36.49218],[128.29865,36.49137],[128.29904,36.49134],[128.29968,36.49155],[128.30016,36.49147],[128.30078,36.49001],[128.30137,36.48915],[128.30135,36.48861],[128.30175,36.48771],[128.30195,36.48654]]]}},{"type":"Feature","id":"TN_RIVER_BNDRY:WTR0100000000ZFFA","properties":{"NF_ID":"WTR0100000000ZFFA","source_layer":"TN_RIVER_BNDRY","semantic":"zone","river_class":"소하천","river_class_source":"중심선 공간조인","river_name":"고천천","survey_method":"사진측량","admin_code":"47900"},"geometry":{"type":"Polygon","coordinates":[[[128.30203,36.48645],[128.30186,36.48629],[128.30172,36.48646],[128.30203,36.48645]]]}},{"type":"Feature","id":"TN_RIVER_BNDRY:WTR0100000000ZFGB","properties":{"NF_ID":"WTR0100000000ZFGB","source_layer":"TN_RIVER_BNDRY","semantic":"zone","river_class":"소하천","river_class_source":"중심선 공간조인","river_name":"고천천","survey_method":"사진측량","admin_code":"47900"},"geometry":{"type":"Polygon","coordinates":[[[128.29522,36.4793],[128.29495,36.47913],[128.29478,36.47925],[128.29502,36.47942],[128.29522,36.4793]]]}},{"type":"Feature","id":"TN_RIVER_BNDRY:WTR0100000000ZFHC","properties":{"NF_ID":"WTR0100000000ZFHC","source_layer":"TN_RIVER_BNDRY","semantic":"zone","river_class":"지방하천","river_class_source":"중심선 공간조인","river_name":"공덕천","river_code":"2021230","survey_method":"사진측량","admin_code":"47900"},"geometry":{"type":"Polygon","coordinates":[[[128.29673,36.49317],[128.29621,36.49305],[128.29482,36.49492],[128.29411,36.49526],[128.29416,36.49575],[128.29522,36.4952],[128.29673,36.49317]]]}},{"type":"Feature","id":"TN_RIVER_BNDRY:WTR0100000000ZFID","properties":{"NF_ID":"WTR0100000000ZFID","source_layer":"TN_RIVER_BNDRY","semantic":"zone","river_class":"지방하천","river_class_source":"중심선 공간조인","river_name":"공덕천","river_code":"2021230","survey_method":"사진측량","admin_code":"47900"},"geometry":{"type":"Polygon","coordinates":[[[128.29699,36.49267],[128.29657,36.49256],[128.29621,36.49305],[128.29673,36.49317],[128.29699,36.49267]]]}},{"type":"Feature","id":"TN_RIVER_BNDRY:WTR0100000000ZFJE","properties":{"NF_ID":"WTR0100000000ZFJE","source_layer":"TN_RIVER_BNDRY","semantic":"zone","river_class":"소하천","river_class_source":"중심선 공간조인","river_name":"덕세천","survey_method":"사진측량","admin_code":"47900"},"geometry":{"type":"Polygon","coordinates":[[[128.30566,36.48112],[128.30543,36.48112],[128.30407,36.48201],[128.30272,36.48331],[128.30273,36.48382],[128.30343,36.48482],[128.30347,36.48539],[128.30316,36.4858],[128.30186,36.48629],[128.30203,36.48645],[128.30332,36.48588],[128.30371,36.48521],[128.30362,36.48481],[128.30285,36.48366],[128.3029,36.48334],[128.30362,36.48282],[128.30405,36.48217],[128.30566,36.48112]]]}},{"type":"Feature","id":"TN_RIVER_BNDRY:WTR0100000000ZGD9","properties":{"NF_ID":"WTR0100000000ZGD9","source_layer":"TN_RIVER_BNDRY","semantic":"zone","river_class":"등급미확인","survey_method":"사진측량","admin_code":"47900"},"geometry":{"type":"Polygon","coordinates":[[[128.32237,36.49653],[128.32369,36.49616],[128.32545,36.496],[128.32636,36.49541],[128.32712,36.49511],[128.32649,36.4953],[128.32541,36.49596],[128.32371,36.49611],[128.32237,36.49653]]]}},{"type":"Feature","id":"TN_RIVER_BNDRY:WTR0100000000ZGEA","properties":{"NF_ID":"WTR0100000000ZGEA","source_layer":"TN_RIVER_BNDRY","semantic":"zone","river_class":"지방하천","river_class_source":"중심선 공간조인","river_name":"공덕천","river_code":"2021230","survey_method":"사진측량","admin_code":"47900"},"geometry":{"type":"Polygon","coordinates":[[[128.32237,36.49653],[128.31881,36.49649],[128.31427,36.49456],[128.31427,36.49474],[128.31872,36.49659],[128.32229,36.49662],[128.32237,36.49653]]]}},{"type":"Feature","id":"TN_RIVER_BNDRY:WTR0100000000ZGFB","properties":{"NF_ID":"WTR0100000000ZGFB","source_layer":"TN_RIVER_BNDRY","semantic":"zone","river_class":"지방하천","river_class_source":"중심선 공간조인","river_name":"공덕천","river_code":"2021230","survey_method":"사진측량","admin_code":"47900"},"geometry":{"type":"Polygon","coordinates":[[[128.32245,36.49658],[128.32237,36.49653],[128.32229,36.49662],[128.32235,36.49665],[128.32245,36.49658]]]}},{"type":"Feature","id":"TN_RIVER_BNDRY:WTR0100000000ZGGC","properties":{"NF_ID":"WTR0100000000ZGGC","source_layer":"TN_RIVER_BNDRY","semantic":"zone","river_class":"등급미확인","survey_method":"사진측량","admin_code":"47900"},"geometry":{"type":"Polygon","coordinates":[[[128.31684,36.49115],[128.3176,36.49166],[128.31783,36.49161],[128.31798,36.49124],[128.31844,36.49107],[128.3196,36.48989],[128.31888,36.4896],[128.31844,36.4896],[128.31744,36.49029],[128.31684,36.49115]]]}},{"type":"Feature","id":"TN_RIVER_BNDRY:WTR0100000000ZGHD","properties":{"NF_ID":"WTR0100000000ZGHD","source_layer":"TN_RIVER_BNDRY","semantic":"zone","river_class":"등급미확인","survey_method":"사진측량","admin_code":"47900"},"geometry":{"type":"Polygon","coordinates":[[[128.31681,36.49113],[128.31684,36.49115],[128.31701,36.49093],[128.31707,36.49083],[128.31711,36.49073],[128.31716,36.49054],[128.31716,36.49054],[128.31713,36.49054],[128.31711,36.49053],[128.31711,36.49053],[128.31708,36.49067],[128.31704,36.49078],[128.31702,36.49084],[128.31694,36.49095],[128.31683,36.4911],[128.31682,36.49111],[128.31681,36.49113]]]}},{"type":"Feature","id":"TN_RIVER_BNDRY:WTR0100000000ZGIE","properties":{"NF_ID":"WTR0100000000ZGIE","source_layer":"TN_RIVER_BNDRY","semantic":"zone","river_class":"등급미확인","survey_method":"사진측량","admin_code":"47900"},"geometry":{"type":"Polygon","coordinates":[[[128.31684,36.49115],[128.31681,36.49113],[128.31676,36.49118],[128.31682,36.49122],[128.31684,36.49115]]]}},{"type":"Feature","id":"TN_RIVER_BNDRY:WTR0100000000ZGJF","properties":{"NF_ID":"WTR0100000000ZGJF","source_layer":"TN_RIVER_BNDRY","semantic":"zone","river_class":"지방하천","river_class_source":"중심선 공간조인","river_name":"공덕천","river_code":"2021230","survey_method":"사진측량","admin_code":"47900"},"geometry":{"type":"Polygon","coordinates":[[[128.31427,36.49474],[128.31421,36.49456],[128.31408,36.49481],[128.31427,36.49474]]]}},{"type":"Feature","id":"TN_RIVER_BNDRY:WTR0100000000ZGKG","properties":{"NF_ID":"WTR0100000000ZGKG","source_layer":"TN_RIVER_BNDRY","semantic":"zone","river_class":"등급미확인","survey_method":"사진측량","admin_code":"47900"},"geometry":{"type":"Polygon","coordinates":[[[128.31682,36.49122],[128.31667,36.49127],[128.31667,36.49159],[128.31577,36.49215],[128.31421,36.49456],[128.31584,36.49221],[128.31678,36.49161],[128.31682,36.49122]]]}},{"type":"Feature","id":"TN_RIVER_BNDRY:WTR0100000000ZJJI","properties":{"NF_ID":"WTR0100000000ZJJI","source_layer":"TN_RIVER_BNDRY","semantic":"zone","river_class":"등급미확인","survey_method":"사진측량","admin_code":"47900"},"geometry":{"type":"Polygon","coordinates":[[[128.30892,36.45435],[128.30864,36.45448],[128.30848,36.45495],[128.30892,36.45435]]]}},{"type":"Feature","id":"TN_RIVER_BNDRY:WTR0100000000ZZDS","properties":{"NF_ID":"WTR0100000000ZZDS","source_layer":"TN_RIVER_BNDRY","semantic":"zone","river_class":"국가하천","river_class_source":"중심선 공간조인","river_name":"낙동강","river_code":"2000010","survey_method":"사진측량","admin_code":"47900"},"geometry":{"type":"Polygon","coordinates":[[[128.26382,36.47626],[128.26205,36.47698],[128.26415,36.47953],[128.26632,36.48315],[128.26633,36.48373],[128.2679,36.48488],[128.26967,36.48549],[128.27005,36.48599],[128.2703,36.48678],[128.27022,36.48792],[128.27465,36.48855],[128.27439,36.48822],[128.27388,36.48675],[128.27348,36.48626],[128.27288,36.48368],[128.27246,36.4837],[128.27194,36.48322],[128.27192,36.48309],[128.2722,36.48308],[128.27224,36.48295],[128.27099,36.48179],[128.27182,36.48186],[128.27046,36.48115],[128.26888,36.48091],[128.2673,36.48026],[128.26615,36.47892],[128.2655,36.47773],[128.26537,36.47716],[128.26424,36.47609],[128.26382,36.47626]]]}},{"type":"Feature","id":"TN_RIVER_BNDRY:WTR0100000000ZZHW","properties":{"NF_ID":"WTR0100000000ZZHW","source_layer":"TN_RIVER_BNDRY","semantic":"zone","river_class":"지방하천","river_class_source":"중심선 공간조인","river_name":"공덕천","river_code":"2021230","survey_method":"사진측량","admin_code":"47900"},"geometry":{"type":"Polygon","coordinates":[[[128.32245,36.49658],[128.32235,36.49665],[128.32333,36.49754],[128.32354,36.5],[128.32364,36.49874],[128.32337,36.49746],[128.32245,36.49658]]]}},{"type":"Feature","id":"TN_RIVER_BNDRY:WTR0100000000ZZL0","properties":{"NF_ID":"WTR0100000000ZZL0","source_layer":"TN_RIVER_BNDRY","semantic":"zone","river_class":"소하천","river_class_source":"중심선 공간조인","river_name":"한샘천","survey_method":"사진측량","admin_code":"47900"},"geometry":{"type":"Polygon","coordinates":[[[128.29416,36.49575],[128.29365,36.49577],[128.29404,36.4962],[128.29562,36.49711],[128.29607,36.49801],[128.29742,36.49871],[128.29786,36.49941],[128.29883,36.5],[128.29968,36.5],[128.29829,36.4992],[128.29768,36.49835],[128.29648,36.49791],[128.29631,36.49722],[128.29433,36.49608],[128.29416,36.49575]]]}},{"type":"Feature","id":"TN_RIVER_BNDRY:WTR0100000000ZZN2","properties":{"NF_ID":"WTR0100000000ZZN2","source_layer":"TN_RIVER_BNDRY","semantic":"zone","river_class":"국가하천","river_class_source":"중심선 공간조인","river_name":"낙동강","river_code":"2000010","survey_method":"사진측량","admin_code":"47900"},"geometry":{"type":"Polygon","coordinates":[[[128.26803,36.49284],[128.26744,36.49397],[128.26716,36.49623],[128.26639,36.4973],[128.26605,36.49864],[128.26619,36.5],[128.272,36.5],[128.27224,36.49988],[128.27329,36.49497],[128.26803,36.49284]]]}},{"type":"Feature","id":"TN_RIVER_BNDRY:WTR01000000010SDN","properties":{"NF_ID":"WTR01000000010SDN","source_layer":"TN_RIVER_BNDRY","semantic":"zone","river_class":"소하천","river_class_source":"중심선 공간조인","survey_method":"사진측량","admin_code":"47900"},"geometry":{"type":"Polygon","coordinates":[[[128.55571,36.66007],[128.55583,36.66013],[128.5558,36.65967],[128.55599,36.65922],[128.55572,36.65841],[128.55571,36.65758],[128.55579,36.65711],[128.55615,36.65679],[128.55607,36.65665],[128.55609,36.65681],[128.55573,36.65709],[128.55567,36.65757],[128.55569,36.65842],[128.55594,36.6592],[128.55571,36.66007]]]}},{"type":"Feature","id":"TN_RIVER_BNDRY:WTR01000000010SEO","properties":{"NF_ID":"WTR01000000010SEO","source_layer":"TN_RIVER_BNDRY","semantic":"zone","river_class":"소하천","river_class_source":"중심선 공간조인","river_name":"행갈천","survey_method":"사진측량","admin_code":"47900"},"geometry":{"type":"Polygon","coordinates":[[[128.5181,36.61167],[128.51782,36.61026],[128.5179,36.60958],[128.5174,36.60923],[128.51731,36.60872],[128.51503,36.60731],[128.5147,36.60742],[128.51439,36.60732],[128.51509,36.60585],[128.51432,36.60551],[128.51361,36.6056],[128.51379,36.60656],[128.5135,36.60685],[128.5143,36.60716],[128.5144,36.60741],[128.51504,36.60735],[128.51728,36.60875],[128.51737,36.60925],[128.51786,36.6096],[128.51778,36.61036],[128.51792,36.61148],[128.51803,36.61175],[128.5181,36.61167]]]}},{"type":"Feature","id":"TN_RIVER_BNDRY:WTR01000000010VP2","properties":{"NF_ID":"WTR01000000010VP2","source_layer":"TN_RIVER_BNDRY","semantic":"zone","river_class":"소하천","river_class_source":"중심선 공간조인","river_name":"피실천","survey_method":"사진측량","admin_code":"47900"},"geometry":{"type":"Polygon","coordinates":[[[128.51814,36.6117],[128.5181,36.61167],[128.51803,36.61175],[128.51807,36.61178],[128.5181,36.61175],[128.51814,36.6117]]]}},{"type":"Feature","id":"TN_RIVER_BNDRY:WTR01000000010WHV","properties":{"NF_ID":"WTR01000000010WHV","source_layer":"TN_RIVER_BNDRY","semantic":"zone","river_class":"지방하천","river_class_source":"중심선 공간조인","river_name":"석관천","river_code":"2021010","survey_method":"사진측량","admin_code":"47900"},"geometry":{"type":"Polygon","coordinates":[[[128.50345,36.70886],[128.50312,36.70852],[128.50208,36.70923],[128.50248,36.70948],[128.50345,36.70886]]]}},{"type":"Feature","id":"TN_RIVER_BNDRY:WTR01000000010WIW","properties":{"NF_ID":"WTR01000000010WIW","source_layer":"TN_RIVER_BNDRY","semantic":"zone","river_class":"지방하천","river_class_source":"중심선 공간조인","river_name":"석관천","river_code":"2021010","survey_method":"사진측량","admin_code":"47900"},"geometry":{"type":"Polygon","coordinates":[[[128.50384,36.70862],[128.5036,36.70818],[128.50312,36.70852],[128.50345,36.70886],[128.50384,36.70862]]]}},{"type":"Feature","id":"TN_RIVER_BNDRY:WTR01000000010WJX","properties":{"NF_ID":"WTR01000000010WJX","source_layer":"TN_RIVER_BNDRY","semantic":"zone","river_class":"지방하천","river_class_source":"중심선 공간조인","river_name":"석관천","river_code":"2021010","survey_method":"사진측량","admin_code":"47900"},"geometry":{"type":"Polygon","coordinates":[[[128.50248,36.70948],[128.50208,36.70923],[128.50189,36.70937],[128.50224,36.70965],[128.50248,36.70948]]]}},{"type":"Feature","id":"TN_RIVER_BNDRY:WTR01000000010WKY","properties":{"NF_ID":"WTR01000000010WKY","source_layer":"TN_RIVER_BNDRY","semantic":"zone","river_class":"소하천","river_class_source":"중심선 공간조인","river_name":"현내천","survey_method":"사진측량","admin_code":"47900"},"geometry":{"type":"Polygon","coordinates":[[[128.50384,36.70862],[128.50345,36.70886],[128.5046,36.70987],[128.50601,36.71064],[128.5067,36.71134],[128.50814,36.71237],[128.50912,36.71284],[128.50958,36.71328],[128.50971,36.71477],[128.51007,36.71588],[128.5103,36.71625],[128.5111,36.71678],[128.51075,36.71982],[128.51092,36.72016],[128.51174,36.72064],[128.51219,36.72156],[128.51259,36.7239],[128.51236,36.72524],[128.51318,36.7264],[128.51308,36.72789],[128.51342,36.72888],[128.51317,36.73163],[128.51342,36.73222],[128.51416,36.73249],[128.51432,36.7327],[128.5141,36.73381],[128.51448,36.73466],[128.5149,36.73501],[128.51644,36.73575],[128.51668,36.7361],[128.51735,36.73634],[128.51737,36.73697],[128.5176,36.73722],[128.51739,36.73819],[128.51677,36.73855],[128.51728,36.73886],[128.51727,36.73904],[128.51734,36.73884],[128.51751,36.73885],[128.5176,36.73841],[128.51866,36.738],[128.51901,36.73797],[128.51954,36.73831],[128.51968,36.73793],[128.5194,36.73715],[128.5199,36.73649],[128.51882,36.73612],[128.51761,36.73683],[128.51742,36.73669],[128.51736,36.73627],[128.51668,36.73602],[128.51649,36.7357],[128.51492,36.73493],[128.51428,36.73424],[128.51421,36.73364],[128.51445,36.7331],[128.5144,36.73264],[128.51424,36.73242],[128.5135,36.73213],[128.51326,36.73156],[128.51352,36.73016],[128.51354,36.72874],[128.51323,36.72795],[128.51327,36.72629],[128.51253,36.72521],[128.5127,36.72366],[128.51231,36.72152],[128.51188,36.72064],[128.51104,36.72007],[128.51088,36.71975],[128.51127,36.71673],[128.51024,36.71595],[128.50988,36.7149],[128.50987,36.71383],[128.50959,36.71306],[128.50669,36.71115],[128.50609,36.71051],[128.50502,36.70999],[128.50384,36.70862]]]}},{"type":"Feature","id":"TN_RIVER_BNDRY:WTR01000000010WLZ","properties":{"NF_ID":"WTR01000000010WLZ","source_layer":"TN_RIVER_BNDRY","semantic":"zone","river_class":"소하천","river_class_source":"중심선 공간조인","survey_method":"사진측량","admin_code":"47900"},"geometry":{"type":"Polygon","coordinates":[[[128.57069,36.72292],[128.57117,36.72411],[128.57233,36.72502],[128.57277,36.72581],[128.5738,36.72664],[128.5746,36.72701],[128.57386,36.72662],[128.57283,36.72575],[128.57232,36.72494],[128.5713,36.72417],[128.57069,36.72292]]]}},{"type":"Feature","id":"TN_RIVER_BNDRY:WTR01000000010WM0","properties":{"NF_ID":"WTR01000000010WM0","source_layer":"TN_RIVER_BNDRY","semantic":"zone","river_class":"지방하천","river_class_source":"중심선 공간조인","river_name":"옥계천","river_code":"2020990","survey_method":"사진측량","admin_code":"47900"},"geometry":{"type":"Polygon","coordinates":[[[128.5675,36.72931],[128.56749,36.72673],[128.5677,36.72617],[128.56789,36.72612],[128.56831,36.72494],[128.57064,36.72308],[128.57012,36.72292],[128.56983,36.72333],[128.56806,36.72456],[128.56762,36.72519],[128.56692,36.72707],[128.56673,36.72906],[128.56689,36.72934],[128.5675,36.72931]]]}},{"type":"Feature","id":"TN_RIVER_BNDRY:WTR01000000010WN1","properties":{"NF_ID":"WTR01000000010WN1","source_layer":"TN_RIVER_BNDRY","semantic":"zone","river_class":"지방하천","river_class_source":"중심선 공간조인","river_name":"옥계천","river_code":"2020990","survey_method":"사진측량","admin_code":"47900"},"geometry":{"type":"Polygon","coordinates":[[[128.56269,36.71826],[128.56213,36.71831],[128.56229,36.71882],[128.56283,36.71994],[128.56427,36.72196],[128.56576,36.72259],[128.56627,36.72262],[128.56734,36.72239],[128.56892,36.72159],[128.56946,36.72156],[128.57007,36.72188],[128.57028,36.72233],[128.57022,36.72277],[128.57069,36.72292],[128.57079,36.72236],[128.57066,36.72186],[128.57035,36.72143],[128.56992,36.72123],[128.56888,36.72129],[128.56696,36.72224],[128.56604,36.72227],[128.5649,36.72183],[128.5644,36.72147],[128.56392,36.7207],[128.56287,36.71897],[128.56269,36.71826]]]}},{"type":"Feature","id":"TN_RIVER_BNDRY:WTR01000000010WO2","properties":{"NF_ID":"WTR01000000010WO2","source_layer":"TN_RIVER_BNDRY","semantic":"zone","river_class":"지방하천","river_class_source":"중심선 공간조인","river_name":"옥계천","river_code":"2020990","survey_method":"사진측량","admin_code":"47900"},"geometry":{"type":"Polygon","coordinates":[[[128.56269,36.71826],[128.56267,36.71806],[128.56205,36.7181],[128.56217,36.71827],[128.56269,36.71826]]]}},{"type":"Feature","id":"TN_RIVER_BNDRY:WTR01000000010WP3","properties":{"NF_ID":"WTR01000000010WP3","source_layer":"TN_RIVER_BNDRY","semantic":"zone","river_class":"지방하천","river_class_source":"중심선 공간조인","river_name":"옥계천","river_code":"2020990","survey_method":"사진측량","admin_code":"47900"},"geometry":{"type":"Polygon","coordinates":[[[128.57069,36.72292],[128.57022,36.72277],[128.57012,36.72292],[128.57064,36.72308],[128.57069,36.72292]]]}},{"type":"Feature","id":"TN_RIVER_BNDRY:WTR01000000010WQ4","properties":{"NF_ID":"WTR01000000010WQ4","source_layer":"TN_RIVER_BNDRY","semantic":"zone","river_class":"소하천","river_class_source":"중심선 공간조인","river_name":"간은천","survey_method":"사진측량","admin_code":"47900"},"geometry":{"type":"Polygon","coordinates":[[[128.55829,36.70518],[128.55848,36.70533],[128.55977,36.70465],[128.56113,36.70425],[128.56402,36.705],[128.56549,36.70521],[128.56111,36.70422],[128.55829,36.70518]]]}},{"type":"Feature","id":"TN_RIVER_BNDRY:WTR01000000010WR5","properties":{"NF_ID":"WTR01000000010WR5","source_layer":"TN_RIVER_BNDRY","semantic":"zone","river_class":"지방하천","river_class_source":"중심선 공간조인","river_name":"옥계천","river_code":"2020990","survey_method":"사진측량","admin_code":"47900"},"geometry":{"type":"Polygon","coordinates":[[[128.55848,36.70533],[128.55829,36.70518],[128.55798,36.70521],[128.55794,36.70553],[128.55848,36.70533]]]}},{"type":"Feature","id":"TN_RIVER_BNDRY:WTR01000000010WS6","properties":{"NF_ID":"WTR01000000010WS6","source_layer":"TN_RIVER_BNDRY","semantic":"zone","river_class":"지방하천","river_class_source":"중심선 공간조인","river_name":"옥계천","river_code":"2020990","survey_method":"사진측량","admin_code":"47900"},"geometry":{"type":"Polygon","coordinates":[[[128.56267,36.71806],[128.56245,36.71631],[128.56158,36.71506],[128.56077,36.71437],[128.5604,36.71358],[128.56126,36.71243],[128.56105,36.7112],[128.56082,36.71042],[128.5599,36.70977],[128.55949,36.70922],[128.55855,36.70661],[128.55848,36.70533],[128.55794,36.70553],[128.558,36.70618],[128.5589,36.70906],[128.55925,36.70974],[128.56031,36.71058],[128.56064,36.71123],[128.56067,36.71246],[128.56005,36.71323],[128.56018,36.71427],[128.56134,36.7154],[128.56188,36.71648],[128.56201,36.71641],[128.56216,36.71689],[128.56205,36.7181],[128.56267,36.71806]]]}},{"type":"Feature","id":"TN_RIVER_BNDRY:WTR01000000010WXB","properties":{"NF_ID":"WTR01000000010WXB","source_layer":"TN_RIVER_BNDRY","semantic":"zone","river_class":"지방하천","river_class_source":"중심선 공간조인","river_name":"옥계천","river_code":"2020990","survey_method":"사진측량","admin_code":"47900"},"geometry":{"type":"Polygon","coordinates":[[[128.56748,36.72952],[128.5675,36.72931],[128.56689,36.72934],[128.56683,36.72956],[128.56748,36.72952]]]}},{"type":"Feature","id":"TN_RIVER_BNDRY:WTR01000000010WYC","properties":{"NF_ID":"WTR01000000010WYC","source_layer":"TN_RIVER_BNDRY","semantic":"zone","river_class":"소하천","river_class_source":"중심선 공간조인","river_name":"대맥천","survey_method":"사진측량","admin_code":"47900"},"geometry":{"type":"Polygon","coordinates":[[[128.56683,36.72956],[128.56689,36.72934],[128.56458,36.72972],[128.56402,36.73004],[128.56321,36.73026],[128.56187,36.73142],[128.56236,36.73119],[128.56334,36.7303],[128.56469,36.72975],[128.56683,36.72956]]]}},{"type":"Feature","id":"TN_RIVER_BNDRY:WTR01000000010WZD","properties":{"NF_ID":"WTR01000000010WZD","source_layer":"TN_RIVER_BNDRY","semantic":"zone","river_class":"지방하천","river_class_source":"중심선 공간조인","river_name":"옥계천","river_code":"2020990","survey_method":"사진측량","admin_code":"47900"},"geometry":{"type":"Polygon","coordinates":[[[128.56916,36.73889],[128.56841,36.73875],[128.56768,36.73987],[128.56819,36.74017],[128.56916,36.73889]]]}},{"type":"Feature","id":"TN_RIVER_BNDRY:WTR01000000010X2H","properties":{"NF_ID":"WTR01000000010X2H","source_layer":"TN_RIVER_BNDRY","semantic":"zone","river_class":"소하천","river_class_source":"중심선 공간조인","river_name":"독양천","survey_method":"사진측량","admin_code":"47900"},"geometry":{"type":"Polygon","coordinates":[[[128.56217,36.71827],[128.56205,36.7181],[128.56183,36.7182],[128.56026,36.71944],[128.55878,36.72021],[128.55782,36.72048],[128.55764,36.72085],[128.55736,36.72088],[128.55778,36.72089],[128.55796,36.72053],[128.55896,36.7202],[128.56021,36.71955],[128.56154,36.71842],[128.56217,36.71827]]]}},{"type":"Feature","id":"TN_RIVER_BNDRY:WTR01000000010XCR","properties":{"NF_ID":"WTR01000000010XCR","source_layer":"TN_RIVER_BNDRY","semantic":"zone","river_class":"소하천","river_class_source":"중심선 공간조인","survey_method":"사진측량","admin_code":"47900"},"geometry":{"type":"Polygon","coordinates":[[[128.51974,36.66045],[128.51929,36.66033],[128.51919,36.66004],[128.52044,36.6601],[128.52334,36.65944],[128.52354,36.65892],[128.52325,36.65805],[128.52351,36.65785],[128.52403,36.65793],[128.52396,36.65751],[128.52465,36.65683],[128.52462,36.65593],[128.52433,36.65596],[128.52417,36.65616],[128.52429,36.65664],[128.52452,36.65671],[128.52441,36.65699],[128.52331,36.65764],[128.52278,36.65851],[128.52289,36.65863],[128.52334,36.65858],[128.52343,36.65903],[128.5224,36.65953],[128.52113,36.65988],[128.52043,36.65981],[128.52076,36.65912],[128.52048,36.65896],[128.52065,36.65812],[128.52056,36.65779],[128.52035,36.6591],[128.51995,36.65937],[128.52028,36.65963],[128.52028,36.65983],[128.51919,36.65996],[128.51916,36.65947],[128.51963,36.65929],[128.51906,36.65907],[128.51904,36.66045],[128.51944,36.66073],[128.51978,36.66064],[128.51974,36.66045]]]}},{"type":"Feature","id":"TN_RIVER_BNDRY:WTR01000000010XDS","properties":{"NF_ID":"WTR01000000010XDS","source_layer":"TN_RIVER_BNDRY","semantic":"zone","river_class":"소하천","river_class_source":"중심선 공간조인","river_name":"오신천","survey_method":"사진측량","admin_code":"47900"},"geometry":{"type":"Polygon","coordinates":[[[128.5479,36.67829],[128.54977,36.67778],[128.55038,36.6782],[128.55103,36.67817],[128.55129,36.67802],[128.55141,36.67718],[128.55114,36.67711],[128.55083,36.67744],[128.55111,36.67805],[128.55094,36.67815],[128.55038,36.67815],[128.54983,36.67771],[128.5479,36.67829]]]}},{"type":"Feature","id":"TN_RIVER_BNDRY:WTR01000000010XET","properties":{"NF_ID":"WTR01000000010XET","source_layer":"TN_RIVER_BNDRY","semantic":"zone","river_class":"소하천","river_class_source":"중심선 공간조인","river_name":"수계천","survey_method":"사진측량","admin_code":"47900"},"geometry":{"type":"Polygon","coordinates":[[[128.5479,36.67829],[128.54754,36.67698],[128.54793,36.67631],[128.54778,36.67582],[128.54614,36.67453],[128.54594,36.6741],[128.54612,36.67326],[128.54495,36.67208],[128.54489,36.67181],[128.54633,36.67046],[128.54753,36.66987],[128.5494,36.66827],[128.55003,36.66782],[128.55046,36.6677],[128.55008,36.66774],[128.54965,36.66798],[128.54747,36.6698],[128.54642,36.67031],[128.54484,36.67175],[128.54493,36.6721],[128.54603,36.67322],[128.54585,36.67412],[128.546,36.67454],[128.54764,36.67581],[128.54779,36.67627],[128.54745,36.677],[128.5479,36.67829]]]}},{"type":"Feature","id":"TN_RIVER_BNDRY:WTR01000000010XFU","properties":{"NF_ID":"WTR01000000010XFU","source_layer":"TN_RIVER_BNDRY","semantic":"zone","river_class":"지방하천","river_class_source":"중심선 공간조인","river_name":"내성천","river_code":"2020830","survey_method":"사진측량","admin_code":"47900"},"geometry":{"type":"Polygon","coordinates":[[[128.52617,36.68302],[128.52532,36.68128],[128.52509,36.67949],[128.52434,36.67892],[128.52356,36.67763],[128.52302,36.67615],[128.52248,36.67535],[128.52126,36.67464],[128.52038,36.67342],[128.518,36.67376],[128.51813,36.67415],[128.51796,36.67456],[128.51825,36.67547],[128.52222,36.67961],[128.52389,36.68171],[128.52417,36.68224],[128.52407,36.68333],[128.52447,36.68415],[128.52532,36.6846],[128.52617,36.68302]]]}},{"type":"Feature","id":"TN_RIVER_BNDRY:WTR01000000010XGV","properties":{"NF_ID":"WTR01000000010XGV","source_layer":"TN_RIVER_BNDRY","semantic":"zone","river_class":"소하천","river_class_source":"중심선 공간조인","river_name":"포리천","survey_method":"사진측량","admin_code":"47900"},"geometry":{"type":"Polygon","coordinates":[[[128.51677,36.69663],[128.51652,36.69661],[128.51658,36.6973],[128.51642,36.69775],[128.51677,36.69857],[128.51684,36.70005],[128.51671,36.70057],[128.51652,36.70086],[128.51617,36.70099],[128.51608,36.70141],[128.51788,36.70518],[128.5174,36.706],[128.51738,36.7069],[128.5164,36.70815],[128.51633,36.7086],[128.51651,36.70918],[128.5175,36.71031],[128.51815,36.71029],[128.51861,36.71044],[128.51897,36.71241],[128.52039,36.71391],[128.52154,36.71456],[128.52277,36.71492],[128.52288,36.71537],[128.5233,36.71565],[128.52367,36.71556],[128.52405,36.71575],[128.52518,36.71727],[128.52623,36.71833],[128.52659,36.71891],[128.52692,36.7191],[128.5267,36.71988],[128.52698,36.71907],[128.52659,36.71881],[128.52637,36.71838],[128.52536,36.71736],[128.52463,36.71627],[128.52405,36.71566],[128.52361,36.71549],[128.52331,36.71558],[128.52296,36.71534],[128.52272,36.71479],[128.52172,36.71457],[128.52043,36.71385],[128.51916,36.71253],[128.51865,36.71037],[128.51756,36.71025],[128.51654,36.70913],[128.51649,36.70819],[128.51752,36.70689],[128.51747,36.70609],[128.51796,36.70526],[128.51752,36.70405],[128.51701,36.7034],[128.51702,36.70305],[128.51617,36.70143],[128.51626,36.70106],[128.51674,36.70073],[128.51692,36.70017],[128.51688,36.69847],[128.51654,36.69782],[128.51677,36.69663]]]}},{"type":"Feature","id":"TN_RIVER_BNDRY:WTR01000000010XHW","properties":{"NF_ID":"WTR01000000010XHW","source_layer":"TN_RIVER_BNDRY","semantic":"zone","river_class":"소하천","river_class_source":"중심선 공간조인","river_name":"오치천","survey_method":"사진측량","admin_code":"47900"},"geometry":{"type":"Polygon","coordinates":[[[128.52692,36.66746],[128.52552,36.66827],[128.52504,36.66832],[128.52453,36.66874],[128.52391,36.66886],[128.52258,36.66869],[128.52084,36.66791],[128.51944,36.66781],[128.51935,36.66793],[128.52078,36.66801],[128.5226,36.66881],[128.52423,36.66893],[128.52477,36.6688],[128.5252,36.66835],[128.52564,36.66834],[128.52639,36.66796],[128.52692,36.66746]]]}},{"type":"Feature","id":"TN_RIVER_BNDRY:WTR01000000010XIX","properties":{"NF_ID":"WTR01000000010XIX","source_layer":"TN_RIVER_BNDRY","semantic":"zone","river_class":"지방하천","river_class_source":"중심선 공간조인","river_name":"내성천","river_code":"2020830","survey_method":"사진측량","admin_code":"47900"},"geometry":{"type":"Polygon","coordinates":[[[128.55465,36.70111],[128.55323,36.69867],[128.55213,36.69901],[128.55364,36.70123],[128.55465,36.70111]]]}},{"type":"Feature","id":"TN_RIVER_BNDRY:WTR01000000010XJY","properties":{"NF_ID":"WTR01000000010XJY","source_layer":"TN_RIVER_BNDRY","semantic":"zone","river_class":"소하천","river_class_source":"중심선 공간조인","river_name":"보문사천","survey_method":"사진측량","admin_code":"47900"},"geometry":{"type":"Polygon","coordinates":[[[128.55566,36.66014],[128.55553,36.66005],[128.55533,36.66017],[128.55495,36.66088],[128.55436,36.66123],[128.55371,36.6621],[128.55293,36.66264],[128.55279,36.66304],[128.55216,36.66331],[128.55183,36.66427],[128.55091,36.66438],[128.55068,36.66489],[128.55114,36.66529],[128.55016,36.666],[128.55064,36.66723],[128.55046,36.6677],[128.55057,36.66773],[128.55068,36.66721],[128.5502,36.66606],[128.55121,36.66529],[128.55074,36.66486],[128.55078,36.66468],[128.55103,36.66436],[128.5514,36.66445],[128.55191,36.66426],[128.55225,36.66332],[128.55288,36.66303],[128.55297,36.66268],[128.55374,36.66216],[128.55439,36.66125],[128.555,36.6609],[128.55535,36.66018],[128.55566,36.66014]]]}},{"type":"Feature","id":"TN_RIVER_BNDRY:WTR01000000010XKZ","properties":{"NF_ID":"WTR01000000010XKZ","source_layer":"TN_RIVER_BNDRY","semantic":"zone","river_class":"소하천","river_class_source":"중심선 공간조인","river_name":"보문사천","survey_method":"사진측량","admin_code":"47900"},"geometry":{"type":"Polygon","coordinates":[[[128.55055,36.66778],[128.55057,36.66773],[128.55046,36.6677],[128.55046,36.66779],[128.55049,36.66778],[128.55055,36.66778]]]}},{"type":"Feature","id":"TN_RIVER_BNDRY:WTR01000000010XL0","properties":{"NF_ID":"WTR01000000010XL0","source_layer":"TN_RIVER_BNDRY","semantic":"zone","river_class":"소하천","river_class_source":"중심선 공간조인","survey_method":"사진측량","admin_code":"47900"},"geometry":{"type":"Polygon","coordinates":[[[128.55583,36.66013],[128.55571,36.66007],[128.55566,36.66014],[128.55567,36.66014],[128.5557,36.66015],[128.55573,36.66016],[128.55576,36.66016],[128.55577,36.66017],[128.5558,36.66018],[128.55583,36.66013]]]}},{"type":"Feature","id":"TN_RIVER_BNDRY:WTR01000000010XM1","properties":{"NF_ID":"WTR01000000010XM1","source_layer":"TN_RIVER_BNDRY","semantic":"zone","river_class":"소하천","river_class_source":"중심선 공간조인","survey_method":"사진측량","admin_code":"47900"},"geometry":{"type":"Polygon","coordinates":[[[128.55583,36.66013],[128.55627,36.6602],[128.55664,36.65981],[128.55624,36.66018],[128.55583,36.66013]]]}},{"type":"Feature","id":"TN_RIVER_BNDRY:WTR01000000010XN2","properties":{"NF_ID":"WTR01000000010XN2","source_layer":"TN_RIVER_BNDRY","semantic":"zone","river_class":"소하천","river_class_source":"중심선 공간조인","river_name":"작평천","survey_method":"사진측량","admin_code":"47900"},"geometry":{"type":"Polygon","coordinates":[[[128.52689,36.66738],[128.52743,36.66739],[128.52816,36.66709],[128.52928,36.66709],[128.52955,36.6672],[128.52925,36.66706],[128.52877,36.66715],[128.52817,36.66704],[128.52689,36.66738]]]}},{"type":"Feature","id":"TN_RIVER_BNDRY:WTR01000000010XO3","properties":{"NF_ID":"WTR01000000010XO3","source_layer":"TN_RIVER_BNDRY","semantic":"zone","river_class":"소하천","river_class_source":"중심선 공간조인","river_name":"오치천","survey_method":"사진측량","admin_code":"47900"},"geometry":{"type":"Polygon","coordinates":[[[128.52692,36.66746],[128.52689,36.66738],[128.52677,36.66739],[128.52678,36.66741],[128.52679,36.66743],[128.52679,36.66746],[128.52678,36.66749],[128.52692,36.66746]]]}},{"type":"Feature","id":"TN_RIVER_BNDRY:WTR01000000010XP4","properties":{"NF_ID":"WTR01000000010XP4","source_layer":"TN_RIVER_BNDRY","semantic":"zone","river_class":"지방하천","river_class_source":"중심선 공간조인","river_name":"내성천","river_code":"2020830","survey_method":"사진측량","admin_code":"47900"},"geometry":{"type":"Polygon","coordinates":[[[128.51944,36.66781],[128.51748,36.66732],[128.51748,36.66764],[128.51935,36.66793],[128.51944,36.66781]]]}},{"type":"Feature","id":"TN_RIVER_BNDRY:WTR01000000010XQ5","properties":{"NF_ID":"WTR01000000010XQ5","source_layer":"TN_RIVER_BNDRY","semantic":"zone","river_class":"소하천","river_class_source":"중심선 공간조인","survey_method":"사진측량","admin_code":"47900"},"geometry":{"type":"Polygon","coordinates":[[[128.518,36.67376],[128.51732,36.67399],[128.51669,36.67447],[128.518,36.67376]]]}},{"type":"Feature","id":"TN_RIVER_BNDRY:WTR01000000010XR6","properties":{"NF_ID":"WTR01000000010XR6","source_layer":"TN_RIVER_BNDRY","semantic":"zone","river_class":"지방하천","river_class_source":"중심선 공간조인","river_name":"내성천","river_code":"2020830","survey_method":"사진측량","admin_code":"47900"},"geometry":{"type":"Polygon","coordinates":[[[128.52038,36.67342],[128.52027,36.67324],[128.51798,36.67373],[128.52038,36.67342]]]}},{"type":"Feature","id":"TN_RIVER_BNDRY:WTR01000000010XS7","properties":{"NF_ID":"WTR01000000010XS7","source_layer":"TN_RIVER_BNDRY","semantic":"zone","river_class":"지방하천","river_class_source":"중심선 공간조인","river_name":"내성천","river_code":"2020830","survey_method":"사진측량","admin_code":"47900"},"geometry":{"type":"Polygon","coordinates":[[[128.5145,36.66116],[128.51399,36.65968],[128.51353,36.65708],[128.51368,36.65546],[128.51417,36.65476],[128.51423,36.6537],[128.51272,36.65168],[128.51027,36.65064],[128.50914,36.6531],[128.51093,36.65533],[128.51176,36.65732],[128.51189,36.65827],[128.51157,36.65894],[128.51158,36.66001],[128.51343,36.6622],[128.51369,36.66224],[128.5145,36.66116]]]}},{"type":"Feature","id":"TN_RIVER_BNDRY:WTR01000000010XT8","properties":{"NF_ID":"WTR01000000010XT8","source_layer":"TN_RIVER_BNDRY","semantic":"zone","river_class":"지방하천","river_class_source":"중심선 공간조인","river_name":"내성천","river_code":"2020830","survey_method":"사진측량","admin_code":"47900"},"geometry":{"type":"Polygon","coordinates":[[[128.51027,36.65064],[128.50866,36.6529],[128.50914,36.6531],[128.51027,36.65064]]]}},{"type":"Feature","id":"TN_RIVER_BNDRY:WTR01000000010XU9","properties":{"NF_ID":"WTR01000000010XU9","source_layer":"TN_RIVER_BNDRY","semantic":"zone","river_class":"소하천","river_class_source":"중심선 공간조인","survey_method":"사진측량","admin_code":"47900"},"geometry":{"type":"Polygon","coordinates":[[[128.51374,36.66237],[128.51369,36.66224],[128.51342,36.66264],[128.51374,36.66237]]]}},{"type":"Feature","id":"TN_RIVER_BNDRY:WTR01000000010XVA","properties":{"NF_ID":"WTR01000000010XVA","source_layer":"TN_RIVER_BNDRY","semantic":"zone","river_class":"지방하천","river_class_source":"중심선 공간조인","river_name":"내성천","river_code":"2020830","survey_method":"사진측량","admin_code":"47900"},"geometry":{"type":"Polygon","coordinates":[[[128.51489,36.6615],[128.5145,36.66116],[128.51374,36.66237],[128.51489,36.6615]]]}},{"type":"Feature","id":"TN_RIVER_BNDRY:WTR01000000010XWB","properties":{"NF_ID":"WTR01000000010XWB","source_layer":"TN_RIVER_BNDRY","semantic":"zone","river_class":"지방하천","river_class_source":"중심선 공간조인","river_name":"내성천","river_code":"2020830","survey_method":"사진측량","admin_code":"47900"},"geometry":{"type":"Polygon","coordinates":[[[128.51489,36.6615],[128.51374,36.66237],[128.51434,36.6628],[128.51444,36.66266],[128.51452,36.66296],[128.51541,36.66353],[128.51714,36.66441],[128.5174,36.66495],[128.51758,36.66597],[128.51748,36.66732],[128.51944,36.66781],[128.51924,36.66707],[128.51949,36.66609],[128.51935,36.6647],[128.51794,36.66276],[128.51808,36.66257],[128.51783,36.66264],[128.51652,36.66235],[128.51489,36.6615]]]}},{"type":"Feature","id":"TN_RIVER_BNDRY:WTR01000000010XXC","properties":{"NF_ID":"WTR01000000010XXC","source_layer":"TN_RIVER_BNDRY","semantic":"zone","river_class":"지방하천","river_class_source":"중심선 공간조인","river_name":"내성천","river_code":"2020830","survey_method":"사진측량","admin_code":"47900"},"geometry":{"type":"Polygon","coordinates":[[[128.57029,36.69687],[128.57116,36.69497],[128.57096,36.6949],[128.56545,36.69539],[128.56612,36.69748],[128.56784,36.69703],[128.56914,36.6971],[128.57,36.69694],[128.57004,36.69681],[128.57029,36.69687]]]}},{"type":"Feature","id":"TN_RIVER_BNDRY:WTR01000000010XYD","properties":{"NF_ID":"WTR01000000010XYD","source_layer":"TN_RIVER_BNDRY","semantic":"zone","river_class":"지방하천","river_class_source":"중심선 공간조인","river_name":"내성천","river_code":"2020830","survey_method":"사진측량","admin_code":"47900"},"geometry":{"type":"Polygon","coordinates":[[[128.56612,36.69748],[128.56545,36.69539],[128.56546,36.69768],[128.56612,36.69748]]]}},{"type":"Feature","id":"TN_RIVER_BNDRY:WTR01000000010XZE","properties":{"NF_ID":"WTR01000000010XZE","source_layer":"TN_RIVER_BNDRY","semantic":"zone","river_class":"소하천","river_class_source":"중심선 공간조인","river_name":"문래천","survey_method":"사진측량","admin_code":"47900"},"geometry":{"type":"Polygon","coordinates":[[[128.57123,36.69496],[128.57188,36.69446],[128.57159,36.69329],[128.57181,36.69446],[128.57126,36.69481],[128.57123,36.69496]]]}},{"type":"Feature","id":"TN_RIVER_BNDRY:WTR01000000010Y0G","properties":{"NF_ID":"WTR01000000010Y0G","source_layer":"TN_RIVER_BNDRY","semantic":"zone","river_class":"지방하천","river_class_source":"중심선 공간조인","river_name":"내성천","river_code":"2020830","survey_method":"사진측량","admin_code":"47900"},"geometry":{"type":"Polygon","coordinates":[[[128.57141,36.69663],[128.57116,36.69497],[128.57029,36.69687],[128.57141,36.69663]]]}},{"type":"Feature","id":"TN_RIVER_BNDRY:WTR01000000010Y1H","properties":{"NF_ID":"WTR01000000010Y1H","source_layer":"TN_RIVER_BNDRY","semantic":"zone","river_class":"소하천","river_class_source":"중심선 공간조인","river_name":"수계천","survey_method":"사진측량","admin_code":"47900"},"geometry":{"type":"Polygon","coordinates":[[[128.54796,36.67834],[128.54781,36.67843],[128.54787,36.67924],[128.5483,36.68107],[128.54821,36.68308],[128.54798,36.6842],[128.54818,36.6849],[128.54804,36.68522],[128.54729,36.6858],[128.54726,36.68682],[128.5469,36.68725],[128.54628,36.68764],[128.54541,36.68764],[128.54445,36.68793],[128.54351,36.68862],[128.54275,36.6889],[128.54163,36.68898],[128.54002,36.68873],[128.53714,36.68859],[128.53631,36.68873],[128.53535,36.68829],[128.53483,36.68829],[128.53489,36.68861],[128.53547,36.68854],[128.53643,36.68891],[128.53703,36.68876],[128.54152,36.68913],[128.54296,36.68901],[128.54355,36.6888],[128.54459,36.68803],[128.54553,36.68779],[128.5463,36.68778],[128.5471,36.68727],[128.54737,36.68676],[128.54747,36.6859],[128.54821,36.68522],[128.54831,36.68492],[128.5481,36.68412],[128.54829,36.6834],[128.54843,36.68102],[128.54799,36.67935],[128.54796,36.67834]]]}},{"type":"Feature","id":"TN_RIVER_BNDRY:WTR01000000010Y2I","properties":{"NF_ID":"WTR01000000010Y2I","source_layer":"TN_RIVER_BNDRY","semantic":"zone","river_class":"지방하천","river_class_source":"중심선 공간조인","river_name":"내성천","river_code":"2020830","survey_method":"사진측량","admin_code":"47900"},"geometry":{"type":"Polygon","coordinates":[[[128.54255,36.69646],[128.54191,36.69611],[128.54073,36.69825],[128.54255,36.69646]]]}},{"type":"Feature","id":"TN_RIVER_BNDRY:WTR01000000010Y3J","properties":{"NF_ID":"WTR01000000010Y3J","source_layer":"TN_RIVER_BNDRY","semantic":"zone","river_class":"소하천","river_class_source":"중심선 공간조인","river_name":"오신천","survey_method":"사진측량","admin_code":"47900"},"geometry":{"type":"Polygon","coordinates":[[[128.54796,36.67834],[128.5479,36.67829],[128.5478,36.67833],[128.54781,36.67837],[128.54781,36.67843],[128.54796,36.67834]]]}},{"type":"Feature","id":"TN_RIVER_BNDRY:WTR01000000010Y4K","properties":{"NF_ID":"WTR01000000010Y4K","source_layer":"TN_RIVER_BNDRY","semantic":"zone","river_class":"지방하천","river_class_source":"중심선 공간조인","river_name":"내성천","river_code":"2020830","survey_method":"사진측량","admin_code":"47900"},"geometry":{"type":"Polygon","coordinates":[[[128.52693,36.68379],[128.52617,36.68302],[128.52532,36.6846],[128.5262,36.68508],[128.52693,36.68379]]]}},{"type":"Feature","id":"TN_RIVER_BNDRY:WTR01000000010Y5L","properties":{"NF_ID":"WTR01000000010Y5L","source_layer":"TN_RIVER_BNDRY","semantic":"zone","river_class":"지방하천","river_class_source":"중심선 공간조인","river_name":"내성천","river_code":"2020830","survey_method":"사진측량","admin_code":"47900"},"geometry":{"type":"Polygon","coordinates":[[[128.53483,36.68829],[128.53464,36.68813],[128.53422,36.68658],[128.53354,36.68544],[128.53207,36.68437],[128.53085,36.68398],[128.52926,36.68409],[128.52854,36.68428],[128.52745,36.68408],[128.52693,36.68379],[128.5262,36.68508],[128.52813,36.68527],[128.53062,36.68627],[128.53112,36.68663],[128.53245,36.68862],[128.53483,36.68829]]]}},{"type":"Feature","id":"TN_RIVER_BNDRY:WTR01000000010Y6M","properties":{"NF_ID":"WTR01000000010Y6M","source_layer":"TN_RIVER_BNDRY","semantic":"zone","river_class":"지방하천","river_class_source":"중심선 공간조인","river_name":"내성천","river_code":"2020830","survey_method":"사진측량","admin_code":"47900"},"geometry":{"type":"Polygon","coordinates":[[[128.54191,36.69611],[128.53991,36.69521],[128.53726,36.6933],[128.53617,36.69188],[128.53604,36.69099],[128.53489,36.68861],[128.53271,36.68909],[128.53317,36.69007],[128.53331,36.69151],[128.53454,36.69374],[128.53916,36.69742],[128.54073,36.69825],[128.54191,36.69611]]]}},{"type":"Feature","id":"TN_RIVER_BNDRY:WTR01000000010Y7N","properties":{"NF_ID":"WTR01000000010Y7N","source_layer":"TN_RIVER_BNDRY","semantic":"zone","river_class":"지방하천","river_class_source":"중심선 공간조인","river_name":"내성천","river_code":"2020830","survey_method":"사진측량","admin_code":"47900"},"geometry":{"type":"Polygon","coordinates":[[[128.53489,36.68861],[128.53483,36.68829],[128.53245,36.68862],[128.53271,36.68909],[128.53489,36.68861]]]}},{"type":"Feature","id":"TN_RIVER_BNDRY:WTR01000000010Y8O","properties":{"NF_ID":"WTR01000000010Y8O","source_layer":"TN_RIVER_BNDRY","semantic":"zone","river_class":"지방하천","river_class_source":"중심선 공간조인","river_name":"석관천","river_code":"2021010","survey_method":"사진측량","admin_code":"47900"},"geometry":{"type":"Polygon","coordinates":[[[128.51713,36.69577],[128.51648,36.69611],[128.51652,36.69661],[128.51677,36.69663],[128.51713,36.69577]]]}},{"type":"Feature","id":"TN_RIVER_BNDRY:WTR01000000010Y9P","properties":{"NF_ID":"WTR01000000010Y9P","source_layer":"TN_RIVER_BNDRY","semantic":"zone","river_class":"지방하천","river_class_source":"중심선 공간조인","river_name":"옥계천","river_code":"2020990","survey_method":"사진측량","admin_code":"47900"},"geometry":{"type":"Polygon","coordinates":[[[128.55829,36.70518],[128.55665,36.70311],[128.55527,36.70182],[128.55507,36.70181],[128.55455,36.70135],[128.55465,36.70111],[128.55364,36.70123],[128.55412,36.70147],[128.55519,36.70255],[128.55609,36.70321],[128.55798,36.70521],[128.55829,36.70518]]]}},{"type":"Feature","id":"TN_RIVER_BNDRY:WTR01000000010YAQ","properties":{"NF_ID":"WTR01000000010YAQ","source_layer":"TN_RIVER_BNDRY","semantic":"zone","river_class":"소하천","river_class_source":"중심선 공간조인","survey_method":"사진측량","admin_code":"47900"},"geometry":{"type":"Polygon","coordinates":[[[128.51392,36.64819],[128.5146,36.64839],[128.51495,36.64877],[128.51571,36.64861],[128.51619,36.64886],[128.51752,36.64917],[128.51949,36.64914],[128.5201,36.64927],[128.52092,36.649],[128.5213,36.64914],[128.52202,36.64911],[128.52245,36.64891],[128.52288,36.64829],[128.5224,36.6489],[128.52203,36.64906],[128.52131,36.64909],[128.52089,36.64895],[128.52005,36.64922],[128.51946,36.6491],[128.51761,36.64913],[128.51628,36.64885],[128.51567,36.64856],[128.51499,36.64874],[128.51456,36.64833],[128.51392,36.64819]]]}},{"type":"Feature","id":"TN_RIVER_BNDRY:WTR01000000010YBR","properties":{"NF_ID":"WTR01000000010YBR","source_layer":"TN_RIVER_BNDRY","semantic":"zone","river_class":"소하천","river_class_source":"중심선 공간조인","survey_method":"사진측량","admin_code":"47900"},"geometry":{"type":"Polygon","coordinates":[[[128.51392,36.64819],[128.5146,36.64661],[128.51627,36.64559],[128.51686,36.64435],[128.51773,36.64321],[128.51821,36.64284],[128.51854,36.6413],[128.51814,36.64286],[128.51773,36.64314],[128.51685,36.64428],[128.51626,36.64555],[128.51539,36.64618],[128.51459,36.64654],[128.5138,36.6482],[128.51392,36.64819]]]}},{"type":"Feature","id":"TN_RIVER_BNDRY:WTR01000000010YCS","properties":{"NF_ID":"WTR01000000010YCS","source_layer":"TN_RIVER_BNDRY","semantic":"zone","river_class":"소하천","river_class_source":"중심선 공간조인","survey_method":"사진측량","admin_code":"47900"},"geometry":{"type":"Polygon","coordinates":[[[128.51393,36.64826],[128.51392,36.64819],[128.5138,36.6482],[128.5138,36.64828],[128.51386,36.64827],[128.51393,36.64826]]]}},{"type":"Feature","id":"TN_RIVER_BNDRY:WTR01000000010YDT","properties":{"NF_ID":"WTR01000000010YDT","source_layer":"TN_RIVER_BNDRY","semantic":"zone","river_class":"소하천","river_class_source":"중심선 공간조인","survey_method":"사진측량","admin_code":"47900"},"geometry":{"type":"Polygon","coordinates":[[[128.55893,36.63997],[128.55921,36.63993],[128.55921,36.63981],[128.5591,36.63993],[128.55822,36.63994],[128.55732,36.63941],[128.5569,36.63946],[128.55648,36.63917],[128.55658,36.63935],[128.5569,36.63948],[128.55731,36.63943],[128.55815,36.63995],[128.55893,36.63997]]]}},{"type":"Feature","id":"TN_RIVER_BNDRY:WTR01000000010YEU","properties":{"NF_ID":"WTR01000000010YEU","source_layer":"TN_RIVER_BNDRY","semantic":"zone","river_class":"소하천","river_class_source":"중심선 공간조인","survey_method":"사진측량","admin_code":"47900"},"geometry":{"type":"Polygon","coordinates":[[[128.5943,36.67503],[128.59392,36.67563],[128.59403,36.67602],[128.59363,36.67641],[128.59311,36.67744],[128.59271,36.67764],[128.59249,36.67825],[128.59279,36.67827],[128.59278,36.67766],[128.59316,36.67748],[128.59366,36.67644],[128.59407,36.67603],[128.59398,36.67577],[128.59429,36.67538],[128.5943,36.67503]]]}},{"type":"Feature","id":"TN_RIVER_BNDRY:WTR01000000010YFV","properties":{"NF_ID":"WTR01000000010YFV","source_layer":"TN_RIVER_BNDRY","semantic":"zone","river_class":"소하천","river_class_source":"중심선 공간조인","river_name":"우평천","survey_method":"사진측량","admin_code":"47900"},"geometry":{"type":"Polygon","coordinates":[[[128.58868,36.69463],[128.58829,36.69418],[128.58839,36.6934],[128.58821,36.69278],[128.58739,36.69194],[128.58702,36.69128],[128.58751,36.69079],[128.58747,36.68971],[128.58773,36.68936],[128.58776,36.68869],[128.58817,36.68842],[128.58812,36.68775],[128.58838,36.68765],[128.58912,36.68787],[128.59036,36.68783],[128.59048,36.68601],[128.59161,36.68504],[128.59162,36.6846],[128.59109,36.68349],[128.59107,36.68183],[128.59091,36.68154],[128.591,36.68057],[128.59124,36.68006],[128.59212,36.67949],[128.59264,36.67832],[128.59204,36.67948],[128.59117,36.68005],[128.59075,36.68099],[128.59076,36.6814],[128.591,36.68184],[128.59101,36.68351],[128.59154,36.68459],[128.59156,36.68502],[128.59064,36.68569],[128.59037,36.68606],[128.5903,36.68779],[128.58896,36.68782],[128.58832,36.6876],[128.58808,36.6877],[128.58814,36.68834],[128.58759,36.68882],[128.58767,36.68936],[128.58736,36.69004],[128.58744,36.69073],[128.58696,36.69128],[128.5873,36.69196],[128.58785,36.69238],[128.58818,36.69287],[128.58834,36.69347],[128.58823,36.69419],[128.58868,36.69463]]]}},{"type":"Feature","id":"TN_RIVER_BNDRY:WTR01000000010YGW","properties":{"NF_ID":"WTR01000000010YGW","source_layer":"TN_RIVER_BNDRY","semantic":"zone","river_class":"소하천","river_class_source":"중심선 공간조인","river_name":"가거리천","survey_method":"사진측량","admin_code":"47900"},"geometry":{"type":"Polygon","coordinates":[[[128.58868,36.69463],[128.58916,36.69456],[128.59002,36.69481],[128.59154,36.69432],[128.592,36.69438],[128.59263,36.69397],[128.5933,36.6939],[128.59363,36.69372],[128.59263,36.69394],[128.59199,36.69435],[128.59146,36.69429],[128.58999,36.69477],[128.58909,36.69447],[128.58868,36.69463]]]}},{"type":"Feature","id":"TN_RIVER_BNDRY:WTR01000000010YHX","properties":{"NF_ID":"WTR01000000010YHX","source_layer":"TN_RIVER_BNDRY","semantic":"zone","river_class":"지방하천","river_class_source":"중심선 공간조인","river_name":"내성천","river_code":"2020830","survey_method":"사진측량","admin_code":"47900"},"geometry":{"type":"Polygon","coordinates":[[[128.58935,36.70138],[128.59034,36.70097],[128.59082,36.70093],[128.59084,36.69961],[128.59014,36.69985],[128.58879,36.7008],[128.58825,36.70097],[128.58786,36.70086],[128.58703,36.69954],[128.58782,36.69814],[128.58775,36.69634],[128.58754,36.69571],[128.5859,36.69656],[128.58647,36.69745],[128.58634,36.69826],[128.58582,36.69893],[128.58569,36.69947],[128.58605,36.70038],[128.58608,36.70127],[128.58639,36.70178],[128.58719,36.70202],[128.58819,36.70194],[128.58935,36.70138]]]}},{"type":"Feature","id":"TN_RIVER_BNDRY:WTR01000000010YIY","properties":{"NF_ID":"WTR01000000010YIY","source_layer":"TN_RIVER_BNDRY","semantic":"zone","river_class":"소하천","river_class_source":"중심선 공간조인","river_name":"우평천","survey_method":"사진측량","admin_code":"47900"},"geometry":{"type":"Polygon","coordinates":[[[128.58877,36.69469],[128.58868,36.69463],[128.58863,36.69468],[128.58863,36.69469],[128.58864,36.69472],[128.58864,36.69474],[128.58877,36.69469]]]}},{"type":"Feature","id":"TN_RIVER_BNDRY:WTR01000000010YJZ","properties":{"NF_ID":"WTR01000000010YJZ","source_layer":"TN_RIVER_BNDRY","semantic":"zone","river_class":"지방하천","river_class_source":"중심선 공간조인","river_name":"내성천","river_code":"2020830","survey_method":"사진측량","admin_code":"47900"},"geometry":{"type":"Polygon","coordinates":[[[128.58754,36.69571],[128.58719,36.69547],[128.5854,36.69614],[128.5859,36.69656],[128.58754,36.69571]]]}},{"type":"Feature","id":"TN_RIVER_BNDRY:WTR01000000010YK0","properties":{"NF_ID":"WTR01000000010YK0","source_layer":"TN_RIVER_BNDRY","semantic":"zone","river_class":"소하천","river_class_source":"중심선 공간조인","river_name":"우평천","survey_method":"사진측량","admin_code":"47900"},"geometry":{"type":"Polygon","coordinates":[[[128.58877,36.69469],[128.58851,36.69555],[128.58719,36.69547],[128.58754,36.69571],[128.58865,36.69556],[128.58877,36.69469]]]}},{"type":"Feature","id":"TN_RIVER_BNDRY:WTR01000000010YL1","properties":{"NF_ID":"WTR01000000010YL1","source_layer":"TN_RIVER_BNDRY","semantic":"zone","river_class":"소하천","river_class_source":"중심선 공간조인","survey_method":"사진측량","admin_code":"47900"},"geometry":{"type":"Polygon","coordinates":[[[128.5138,36.64828],[128.51263,36.64848],[128.51115,36.64905],[128.51087,36.64927],[128.51019,36.65061],[128.51062,36.65017],[128.51108,36.6492],[128.51277,36.64852],[128.5138,36.64828]]]}},{"type":"Feature","id":"TN_RIVER_BNDRY:WTR01000000010YM2","properties":{"NF_ID":"WTR01000000010YM2","source_layer":"TN_RIVER_BNDRY","semantic":"zone","river_class":"소하천","river_class_source":"중심선 공간조인","river_name":"산성천","survey_method":"사진측량","admin_code":"47900"},"geometry":{"type":"Polygon","coordinates":[[[128.56545,36.69539],[128.5654,36.69432],[128.56461,36.69318],[128.56547,36.69148],[128.56557,36.69061],[128.56457,36.68895],[128.565,36.68814],[128.5656,36.68766],[128.56563,36.68704],[128.56627,36.68615],[128.56742,36.6857],[128.56865,36.6848],[128.56959,36.68371],[128.57097,36.68304],[128.57301,36.68049],[128.57329,36.67957],[128.57412,36.67895],[128.57468,36.67813],[128.57524,36.67711],[128.5753,36.67651],[128.57629,36.67607],[128.57782,36.67593],[128.57831,36.67534],[128.57894,36.67489],[128.57944,36.67371],[128.58001,36.67311],[128.57995,36.67209],[128.58036,36.67094],[128.58029,36.67041],[128.58109,36.67],[128.58131,36.66888],[128.58155,36.66854],[128.58209,36.66825],[128.58221,36.6675],[128.58341,36.66693],[128.5839,36.66646],[128.58454,36.66409],[128.58492,36.66354],[128.58478,36.66302],[128.58568,36.66226],[128.58583,36.66195],[128.5859,36.66139],[128.58563,36.66097],[128.58599,36.66029],[128.5863,36.66008],[128.58612,36.65942],[128.58666,36.65872],[128.58722,36.6587],[128.58725,36.65841],[128.58709,36.65862],[128.58666,36.65864],[128.58605,36.6594],[128.58627,36.65998],[128.58559,36.66091],[128.58585,36.66141],[128.58575,36.66198],[128.58472,36.66296],[128.58484,36.66348],[128.58445,36.66406],[128.58376,36.66643],[128.58345,36.6668],[128.58253,36.66717],[128.58217,36.66749],[128.58203,36.66819],[128.58127,36.66878],[128.58104,36.6699],[128.5802,36.67036],[128.58025,36.67096],[128.57985,36.67212],[128.57991,36.6731],[128.57936,36.67364],[128.57881,36.67491],[128.57819,36.6753],[128.57777,36.67584],[128.57623,36.676],[128.57519,36.67647],[128.57515,36.67708],[128.57469,36.678],[128.57399,36.67895],[128.57319,36.67956],[128.57298,36.68039],[128.57175,36.68204],[128.57065,36.68321],[128.56958,36.68363],[128.56862,36.68471],[128.56745,36.68557],[128.56602,36.68625],[128.56553,36.68701],[128.56552,36.68759],[128.56456,36.68852],[128.56447,36.68918],[128.56548,36.69059],[128.56529,36.69153],[128.56448,36.69315],[128.56524,36.69432],[128.5653,36.69523],[128.56545,36.69539]]]}},{"type":"Feature","id":"TN_RIVER_BNDRY:WTR01000000010YN3","properties":{"NF_ID":"WTR01000000010YN3","source_layer":"TN_RIVER_BNDRY","semantic":"zone","river_class":"지방하천","river_class_source":"중심선 공간조인","river_name":"내성천","river_code":"2020830","survey_method":"사진측량","admin_code":"47900"},"geometry":{"type":"Polygon","coordinates":[[[128.5854,36.69614],[128.58719,36.69547],[128.5871,36.69535],[128.58656,36.69523],[128.58604,36.69467],[128.5835,36.69346],[128.58129,36.69312],[128.57932,36.69331],[128.57847,36.69403],[128.57676,36.69445],[128.57409,36.69485],[128.57123,36.69496],[128.57141,36.69663],[128.57424,36.69659],[128.57517,36.69628],[128.57637,36.69624],[128.58008,36.69479],[128.58121,36.69461],[128.58277,36.69485],[128.5854,36.69614]]]}},{"type":"Feature","id":"TN_RIVER_BNDRY:WTR01000000010YO4","properties":{"NF_ID":"WTR01000000010YO4","source_layer":"TN_RIVER_BNDRY","semantic":"zone","river_class":"소하천","river_class_source":"중심선 공간조인","river_name":"말골천","survey_method":"사진측량","admin_code":"47900"},"geometry":{"type":"Polygon","coordinates":[[[128.54081,36.69828],[128.5403,36.69886],[128.54043,36.69978],[128.54027,36.70038],[128.54066,36.70091],[128.5402,36.70203],[128.54076,36.70276],[128.54068,36.70344],[128.5409,36.7037],[128.5409,36.70414],[128.54213,36.70591],[128.54101,36.70712],[128.54076,36.70798],[128.54052,36.70814],[128.54079,36.708],[128.54105,36.70713],[128.54217,36.7059],[128.54102,36.70424],[128.54095,36.70364],[128.54074,36.70343],[128.54082,36.70271],[128.54031,36.70201],[128.54078,36.70095],[128.54035,36.70035],[128.54048,36.6997],[128.54034,36.69887],[128.54081,36.69828]]]}},{"type":"Feature","id":"TN_RIVER_BNDRY:WTR01000000010YP5","properties":{"NF_ID":"WTR01000000010YP5","source_layer":"TN_RIVER_BNDRY","semantic":"zone","river_class":"소하천","river_class_source":"중심선 공간조인","river_name":"수계천","survey_method":"사진측량","admin_code":"47900"},"geometry":{"type":"Polygon","coordinates":[[[128.55057,36.66773],[128.55111,36.6677],[128.55142,36.66733],[128.55283,36.66715],[128.5537,36.66635],[128.55443,36.66595],[128.55498,36.66583],[128.55523,36.66607],[128.55553,36.66605],[128.55583,36.66582],[128.55577,36.66544],[128.55595,36.66533],[128.55641,36.66565],[128.55669,36.66565],[128.55735,36.66419],[128.55662,36.66438],[128.55569,36.66542],[128.55572,36.6658],[128.55552,36.66599],[128.55526,36.66603],[128.55501,36.66579],[128.55441,36.66591],[128.55353,36.6664],[128.55283,36.6671],[128.55143,36.66727],[128.55102,36.66767],[128.55057,36.66773]]]}},{"type":"Feature","id":"TN_RIVER_BNDRY:WTR01000000010YR7","properties":{"NF_ID":"WTR01000000010YR7","source_layer":"TN_RIVER_BNDRY","semantic":"zone","river_class":"지방하천","river_class_source":"중심선 공간조인","river_name":"옥계천","river_code":"2020990","survey_method":"사진측량","admin_code":"47900"},"geometry":{"type":"Polygon","coordinates":[[[128.57036,36.73698],[128.5701,36.73594],[128.56955,36.73522],[128.56948,36.7348],[128.56792,36.7317],[128.56748,36.72952],[128.56683,36.72956],[128.56732,36.73209],[128.56774,36.73266],[128.56951,36.73649],[128.56954,36.73701],[128.56841,36.73875],[128.56916,36.73889],[128.57036,36.73698]]]}},{"type":"Feature","id":"TN_RIVER_BNDRY:WTR01000000010YS8","properties":{"NF_ID":"WTR01000000010YS8","source_layer":"TN_RIVER_BNDRY","semantic":"zone","river_class":"지방하천","river_class_source":"중심선 공간조인","river_name":"석관천","river_code":"2021010","survey_method":"사진측량","admin_code":"47900"},"geometry":{"type":"Polygon","coordinates":[[[128.51652,36.69661],[128.51648,36.69611],[128.51583,36.69624],[128.51514,36.69663],[128.51309,36.69845],[128.51216,36.6989],[128.51063,36.69909],[128.51022,36.6993],[128.5097,36.70026],[128.50946,36.70121],[128.50997,36.70261],[128.50919,36.70316],[128.50853,36.70333],[128.50803,36.70365],[128.50709,36.70479],[128.50668,36.70495],[128.50586,36.70585],[128.50541,36.7061],[128.50527,36.7063],[128.50548,36.70647],[128.50474,36.7075],[128.50429,36.70789],[128.5036,36.70818],[128.50384,36.70862],[128.50493,36.70787],[128.50582,36.70657],[128.50768,36.70463],[128.50836,36.70367],[128.50973,36.7032],[128.51025,36.70274],[128.51004,36.7012],[128.51065,36.69964],[128.51105,36.69932],[128.51258,36.69925],[128.51341,36.69884],[128.51412,36.69839],[128.51526,36.69718],[128.51652,36.69661]]]}},{"type":"Feature","id":"TN_RIVER_BNDRY:WTR01000000010YT9","properties":{"NF_ID":"WTR01000000010YT9","source_layer":"TN_RIVER_BNDRY","semantic":"zone","river_class":"지방하천","river_class_source":"중심선 공간조인","river_name":"석관천","river_code":"2021010","survey_method":"사진측량","admin_code":"47900"},"geometry":{"type":"Polygon","coordinates":[[[128.5262,36.68508],[128.52532,36.6846],[128.52535,36.68577],[128.52519,36.68629],[128.52497,36.6867],[128.52444,36.68689],[128.52372,36.68661],[128.52211,36.68528],[128.52182,36.68526],[128.52085,36.68626],[128.51981,36.68918],[128.51862,36.69003],[128.51699,36.69048],[128.517,36.69142],[128.51809,36.69256],[128.51849,36.69358],[128.51829,36.69461],[128.51713,36.69577],[128.51677,36.69663],[128.51759,36.6962],[128.5183,36.69562],[128.51883,36.69492],[128.5191,36.69413],[128.51901,36.69287],[128.51828,36.69232],[128.51768,36.69101],[128.51793,36.69068],[128.51945,36.69002],[128.52035,36.68945],[128.52112,36.68691],[128.52163,36.68607],[128.52188,36.68588],[128.52223,36.68585],[128.52332,36.68675],[128.5245,36.68724],[128.52533,36.68681],[128.5262,36.68508]]]}},{"type":"Feature","id":"TN_RIVER_BNDRY:WTR01000000010YUA","properties":{"NF_ID":"WTR01000000010YUA","source_layer":"TN_RIVER_BNDRY","semantic":"zone","river_class":"지방하천","river_class_source":"중심선 공간조인","river_name":"내성천","river_code":"2020830","survey_method":"사진측량","admin_code":"47900"},"geometry":{"type":"Polygon","coordinates":[[[128.55213,36.69901],[128.54961,36.69909],[128.54856,36.69894],[128.54726,36.69851],[128.54673,36.69852],[128.54715,36.69844],[128.54428,36.69736],[128.54255,36.69646],[128.54081,36.69828],[128.54309,36.69924],[128.54585,36.70073],[128.54744,36.70101],[128.55364,36.70123],[128.55213,36.69901]]]}},{"type":"Feature","id":"TN_RIVER_BNDRY:WTR01000000010YVB","properties":{"NF_ID":"WTR01000000010YVB","source_layer":"TN_RIVER_BNDRY","semantic":"zone","river_class":"지방하천","river_class_source":"중심선 공간조인","river_name":"내성천","river_code":"2020830","survey_method":"사진측량","admin_code":"47900"},"geometry":{"type":"Polygon","coordinates":[[[128.56546,36.69768],[128.56534,36.69543],[128.56369,36.69594],[128.56125,36.69646],[128.55956,36.69707],[128.5553,36.69799],[128.55323,36.69867],[128.55481,36.70116],[128.55921,36.69999],[128.56217,36.69872],[128.56546,36.69768]]]}},{"type":"Feature","id":"TN_RIVER_BNDRY:WTR01000000010YWC","properties":{"NF_ID":"WTR01000000010YWC","source_layer":"TN_RIVER_BNDRY","semantic":"zone","river_class":"지방하천","river_class_source":"중심선 공간조인","river_name":"내성천","river_code":"2020830","survey_method":"사진측량","admin_code":"47900"},"geometry":{"type":"Polygon","coordinates":[[[128.52027,36.67324],[128.51998,36.67265],[128.51914,36.67179],[128.51903,36.67138],[128.51935,36.66793],[128.51748,36.66764],[128.5175,36.6694],[128.51717,36.67102],[128.51798,36.67373],[128.52027,36.67324]]]}},{"type":"Feature","id":"TN_RIVER_BNDRY:WTR01000000010YXD","properties":{"NF_ID":"WTR01000000010YXD","source_layer":"TN_RIVER_BNDRY","semantic":"zone","river_class":"소하천","river_class_source":"중심선 공간조인","river_name":"작평천","survey_method":"사진측량","admin_code":"47900"},"geometry":{"type":"Polygon","coordinates":[[[128.5333,36.6697],[128.53433,36.6692],[128.53519,36.66921],[128.53675,36.66951],[128.53557,36.66922],[128.53433,36.66917],[128.53318,36.6697],[128.53254,36.66953],[128.5333,36.6697]]]}},{"type":"Feature","id":"TN_RIVER_BNDRY:WTR01000000010YZF","properties":{"NF_ID":"WTR01000000010YZF","source_layer":"TN_RIVER_BNDRY","semantic":"zone","river_class":"지방하천","river_class_source":"중심선 공간조인","river_name":"옥계천","river_code":"2020990","survey_method":"사진측량","admin_code":"47900"},"geometry":{"type":"Polygon","coordinates":[[[128.57031,36.7431],[128.57041,36.74334],[128.57114,36.74304],[128.56992,36.74063],[128.56942,36.74007],[128.56915,36.73943],[128.56916,36.73889],[128.56819,36.74017],[128.56867,36.74015],[128.56915,36.74056],[128.57031,36.7431]]]}},{"type":"Feature","id":"TN_RIVER_BNDRY:WTR01000000010Z0H","properties":{"NF_ID":"WTR01000000010Z0H","source_layer":"TN_RIVER_BNDRY","semantic":"zone","river_class":"소하천","river_class_source":"중심선 공간조인","river_name":"오치천","survey_method":"사진측량","admin_code":"47900"},"geometry":{"type":"Polygon","coordinates":[[[128.52689,36.66738],[128.52649,36.66695],[128.52645,36.66636],[128.52702,36.66589],[128.52744,36.66523],[128.52768,36.66443],[128.52656,36.66287],[128.52663,36.6625],[128.52688,36.66234],[128.52829,36.66236],[128.52907,36.66204],[128.52927,36.66164],[128.52913,36.66123],[128.52931,36.66095],[128.53134,36.6603],[128.5323,36.6597],[128.53298,36.65901],[128.53344,36.65779],[128.53477,36.65754],[128.53587,36.65681],[128.53725,36.65453],[128.53929,36.65242],[128.54011,36.65224],[128.54126,36.65031],[128.54222,36.64961],[128.54299,36.64872],[128.54276,36.64819],[128.54279,36.64779],[128.54381,36.64585],[128.54411,36.64557],[128.5451,36.64534],[128.54585,36.64475],[128.54645,36.64376],[128.54656,36.64288],[128.54708,36.64262],[128.54756,36.64187],[128.54803,36.64165],[128.54819,36.64131],[128.54811,36.64099],[128.54867,36.64036],[128.54914,36.64014],[128.54867,36.6403],[128.54808,36.64095],[128.54801,36.64156],[128.54743,36.64192],[128.54702,36.64258],[128.54656,36.64277],[128.54641,36.64373],[128.54579,36.64467],[128.54515,36.64523],[128.54475,36.64545],[128.54408,36.64554],[128.54377,36.64584],[128.54275,36.64776],[128.54271,36.64821],[128.54293,36.64869],[128.54209,36.64962],[128.54123,36.65027],[128.54007,36.65221],[128.53925,36.65239],[128.53718,36.65455],[128.53585,36.65676],[128.53535,36.65695],[128.53465,36.65752],[128.5334,36.6577],[128.53287,36.65901],[128.53242,36.65953],[128.53136,36.66021],[128.53085,36.66032],[128.5301,36.66074],[128.52927,36.66088],[128.52903,36.66118],[128.52911,36.66168],[128.52869,36.66211],[128.52812,36.66229],[128.52688,36.66224],[128.5265,36.66247],[128.52652,36.66296],[128.527,36.66345],[128.52751,36.66436],[128.52746,36.66505],[128.52696,36.66582],[128.52637,36.66631],[128.52637,36.66689],[128.52689,36.66738]]]}},{"type":"Feature","id":"TN_RIVER_BNDRY:WTR01000000010Z4L","properties":{"NF_ID":"WTR01000000010Z4L","source_layer":"TN_RIVER_BNDRY","semantic":"zone","river_class":"소하천","river_class_source":"중심선 공간조인","river_name":"피실천","survey_method":"사진측량","admin_code":"47900"},"geometry":{"type":"Polygon","coordinates":[[[128.51847,36.61141],[128.51846,36.6114],[128.51845,36.6114],[128.5184,36.61142],[128.51838,36.61143],[128.51836,36.61144],[128.51835,36.61145],[128.51826,36.61153],[128.51817,36.61161],[128.51813,36.61166],[128.51811,36.61167],[128.5181,36.61167],[128.51814,36.6117],[128.51828,36.61157],[128.51846,36.61142],[128.51847,36.61141]]]}},{"type":"Feature","id":"TN_RIVER_BNDRY:WTR01000000010Z5M","properties":{"NF_ID":"WTR01000000010Z5M","source_layer":"TN_RIVER_BNDRY","semantic":"zone","river_class":"소하천","river_class_source":"중심선 공간조인","river_name":"피실천","survey_method":"사진측량","admin_code":"47900"},"geometry":{"type":"Polygon","coordinates":[[[128.51918,36.61146],[128.51919,36.61147],[128.51929,36.61142],[128.51935,36.61139],[128.51945,36.61134],[128.51962,36.61128],[128.51969,36.61125],[128.51977,36.61122],[128.51995,36.61112],[128.52032,36.6109],[128.52057,36.61075],[128.52066,36.6107],[128.52081,36.61063],[128.52095,36.61054],[128.52111,36.61045],[128.52118,36.6104],[128.52126,36.61035],[128.52138,36.61029],[128.52152,36.61021],[128.52154,36.6102],[128.52159,36.61018],[128.52162,36.61017],[128.52165,36.61016],[128.52168,36.61015],[128.5217,36.61014],[128.52172,36.61013],[128.52178,36.6101],[128.5219,36.61002],[128.52213,36.6099],[128.52231,36.60979],[128.52234,36.60977],[128.52237,36.60976],[128.52239,36.60974],[128.52243,36.60971],[128.52277,36.60953],[128.52278,36.60952],[128.52278,36.60951],[128.52277,36.60951],[128.52276,36.6095],[128.52275,36.60951],[128.52243,36.60967],[128.52236,36.60972],[128.52234,36.60973],[128.52233,36.60974],[128.52232,36.60976],[128.52215,36.60986],[128.5219,36.61],[128.52173,36.6101],[128.5217,36.61011],[128.52168,36.61011],[128.52164,36.61012],[128.52159,36.61014],[128.52138,36.61023],[128.52119,36.61035],[128.52101,36.61045],[128.52088,36.61054],[128.5208,36.61059],[128.52078,36.6106],[128.52063,36.61068],[128.52053,36.61073],[128.52046,36.61077],[128.52023,36.6109],[128.51997,36.61106],[128.51977,36.61118],[128.5197,36.61122],[128.51964,36.61124],[128.51962,36.61124],[128.51945,36.6113],[128.51933,36.61135],[128.51918,36.61146]]]}},{"type":"Feature","id":"TN_RIVER_BNDRY:WTR01000000010Z6N","properties":{"NF_ID":"WTR01000000010Z6N","source_layer":"TN_RIVER_BNDRY","semantic":"zone","river_class":"소하천","river_class_source":"중심선 공간조인","river_name":"피실천","survey_method":"지적측량","admin_code":"47900"},"geometry":{"type":"Polygon","coordinates":[[[128.51918,36.61146],[128.51916,36.61141],[128.51851,36.6114],[128.51846,36.6114],[128.51847,36.61141],[128.51851,36.61145],[128.51914,36.61145],[128.51915,36.61145],[128.51919,36.61147],[128.51918,36.61146]]]}},{"type":"Feature","id":"TN_RIVER_BNDRY:WTR010000000116VK","properties":{"NF_ID":"WTR010000000116VK","source_layer":"TN_RIVER_BNDRY","semantic":"zone","river_class":"소하천","river_class_source":"중심선 공간조인","river_name":"피실천","survey_method":"사진측량","admin_code":"47900"},"geometry":{"type":"Polygon","coordinates":[[[128.51807,36.61178],[128.5174,36.61222],[128.51674,36.61303],[128.51629,36.61376],[128.51647,36.61425],[128.51621,36.61446],[128.51552,36.61487],[128.51298,36.61564],[128.51243,36.61603],[128.51111,36.61603],[128.50995,36.61572],[128.50431,36.61624],[128.50368,36.61612],[128.50154,36.61625],[128.5,36.61545],[128.50149,36.6163],[128.50368,36.61618],[128.50447,36.61629],[128.50987,36.61577],[128.51128,36.6161],[128.51246,36.61608],[128.51316,36.61563],[128.51551,36.61492],[128.51631,36.61444],[128.51655,36.61423],[128.51636,36.61385],[128.51644,36.61358],[128.51739,36.61226],[128.51807,36.61178]]]}},{"type":"Feature","id":"TN_RIVER_BNDRY:WTR010000000116YN","properties":{"NF_ID":"WTR010000000116YN","source_layer":"TN_RIVER_BNDRY","semantic":"zone","river_class":"소하천","river_class_source":"중심선 공간조인","river_name":"백골천","survey_method":"사진측량","admin_code":"47900"},"geometry":{"type":"Polygon","coordinates":[[[128.5028,36.62728],[128.50477,36.62689],[128.50632,36.62634],[128.50728,36.6263],[128.50769,36.62608],[128.50719,36.62629],[128.50634,36.62627],[128.50478,36.62683],[128.50296,36.6272],[128.50187,36.62725],[128.50061,36.62698],[128.5,36.62703],[128.5,36.62713],[128.50062,36.62707],[128.50182,36.62735],[128.5028,36.62728]]]}},{"type":"Feature","id":"TN_RIVER_BNDRY:WTR010000000116ZO","properties":{"NF_ID":"WTR010000000116ZO","source_layer":"TN_RIVER_BNDRY","semantic":"zone","river_class":"지방하천","river_class_source":"중심선 공간조인","river_name":"내성천","river_code":"2020830","survey_method":"사진측량","admin_code":"47900"},"geometry":{"type":"Polygon","coordinates":[[[128.50866,36.6529],[128.51019,36.65061],[128.50869,36.65014],[128.5067,36.65026],[128.50604,36.65083],[128.50472,36.65303],[128.50352,36.65441],[128.50259,36.65473],[128.50185,36.65476],[128.5008,36.65467],[128.5,36.65427],[128.5,36.65605],[128.50132,36.65663],[128.50296,36.65668],[128.50407,36.65605],[128.50604,36.65399],[128.50541,36.65388],[128.50594,36.65396],[128.50693,36.65314],[128.50738,36.6529],[128.50783,36.65285],[128.50775,36.65277],[128.50866,36.6529]]]}},{"type":"Feature","id":"TN_RIVER_BNDRY:WTR0100000001172S","properties":{"NF_ID":"WTR0100000001172S","source_layer":"TN_RIVER_BNDRY","semantic":"zone","river_class":"소하천","river_class_source":"중심선 공간조인","river_name":"수용천","survey_method":"사진측량","admin_code":"47900"},"geometry":{"type":"Polygon","coordinates":[[[128.50208,36.70923],[128.5,36.70878],[128.5002,36.70904],[128.5013,36.70909],[128.50189,36.70937],[128.50208,36.70923]]]}},{"type":"Feature","id":"TN_RIVER_BNDRY:WTR0100000001174U","properties":{"NF_ID":"WTR0100000001174U","source_layer":"TN_RIVER_BNDRY","semantic":"zone","river_class":"지방하천","river_class_source":"중심선 공간조인","river_name":"석관천","river_code":"2021010","survey_method":"사진측량","admin_code":"47900"},"geometry":{"type":"Polygon","coordinates":[[[128.50224,36.70965],[128.50189,36.70937],[128.50041,36.71126],[128.5,36.71198],[128.5,36.71325],[128.50084,36.71147],[128.50224,36.70965]]]}},{"type":"Feature","id":"TN_RIVER_BNDRY:WTR0100000001177X","properties":{"NF_ID":"WTR0100000001177X","source_layer":"TN_RIVER_BNDRY","semantic":"zone","river_class":"지방하천","river_class_source":"중심선 공간조인","river_name":"석관천","river_code":"2021010","survey_method":"사진측량","admin_code":"47900"},"geometry":{"type":"Polygon","coordinates":[[[128.50075,36.74791],[128.50109,36.74687],[128.5,36.74431],[128.5,36.74548],[128.50054,36.74689],[128.50037,36.74775],[128.5,36.74817],[128.5,36.74898],[128.50075,36.74791]]]}},{"type":"Feature","id":"TN_RIVER_BNDRY:WTR0100000001178Y","properties":{"NF_ID":"WTR0100000001178Y","source_layer":"TN_RIVER_BNDRY","semantic":"zone","river_class":"소하천","river_class_source":"중심선 공간조인","survey_method":"사진측량","admin_code":"47900"},"geometry":{"type":"Polygon","coordinates":[[[128.56768,36.73987],[128.56547,36.74336],[128.5648,36.74469],[128.56414,36.74555],[128.56282,36.74655],[128.56103,36.74689],[128.56026,36.74731],[128.5582,36.7492],[128.55771,36.75],[128.55802,36.74996],[128.55839,36.74937],[128.56056,36.74742],[128.56306,36.74681],[128.56428,36.74586],[128.56511,36.74469],[128.56561,36.74361],[128.56819,36.74017],[128.56768,36.73987]]]}},{"type":"Feature","id":"TN_RIVER_BNDRY:WTR0100000001179Z","properties":{"NF_ID":"WTR0100000001179Z","source_layer":"TN_RIVER_BNDRY","semantic":"zone","river_class":"소하천","river_class_source":"중심선 공간조인","survey_method":"사진측량","admin_code":"47900"},"geometry":{"type":"Polygon","coordinates":[[[128.54591,36.74868],[128.54538,36.74856],[128.54463,36.74869],[128.54424,36.74853],[128.54373,36.74826],[128.5432,36.74727],[128.54201,36.74687],[128.54197,36.74535],[128.54116,36.74451],[128.54119,36.74414],[128.54076,36.74334],[128.54115,36.7442],[128.54104,36.74452],[128.5419,36.74533],[128.54198,36.74689],[128.54294,36.74721],[128.5437,36.7483],[128.54447,36.74871],[128.54572,36.74866],[128.54601,36.74894],[128.54646,36.75],[128.54591,36.74868]]]}},{"type":"Feature","id":"TN_RIVER_BNDRY:WTR010000000117G6","properties":{"NF_ID":"WTR010000000117G6","source_layer":"TN_RIVER_BNDRY","semantic":"zone","river_class":"지방하천","river_class_source":"중심선 공간조인","river_name":"석관천","river_code":"2021010","survey_method":"사진측량","admin_code":"47900"},"geometry":{"type":"Polygon","coordinates":[[[128.49128,36.7312],[128.49142,36.72974],[128.49216,36.72825],[128.49285,36.72745],[128.49228,36.72706],[128.49132,36.72882],[128.49082,36.73022],[128.49078,36.73129],[128.49128,36.7312]]]}},{"type":"Feature","id":"TN_RIVER_BNDRY:WTR010000000117H7","properties":{"NF_ID":"WTR010000000117H7","source_layer":"TN_RIVER_BNDRY","semantic":"zone","river_class":"지방하천","river_class_source":"중심선 공간조인","river_name":"석관천","river_code":"2021010","survey_method":"사진측량","admin_code":"47900"},"geometry":{"type":"Polygon","coordinates":[[[128.49292,36.72738],[128.4923,36.72702],[128.49228,36.72706],[128.49285,36.72745],[128.49292,36.72738]]]}},{"type":"Feature","id":"TN_RIVER_BNDRY:WTR010000000117I8","properties":{"NF_ID":"WTR010000000117I8","source_layer":"TN_RIVER_BNDRY","semantic":"zone","river_class":"소하천","river_class_source":"중심선 공간조인","survey_method":"사진측량","admin_code":"47900"},"geometry":{"type":"Polygon","coordinates":[[[128.4923,36.72702],[128.4919,36.72658],[128.49107,36.72629],[128.49196,36.72667],[128.4923,36.72702]]]}},{"type":"Feature","id":"TN_RIVER_BNDRY:WTR010000000117J9","properties":{"NF_ID":"WTR010000000117J9","source_layer":"TN_RIVER_BNDRY","semantic":"zone","river_class":"지방하천","river_class_source":"중심선 공간조인","river_name":"내성천","river_code":"2020830","survey_method":"사진측량","admin_code":"47900"},"geometry":{"type":"Polygon","coordinates":[[[128.49395,36.63694],[128.49163,36.62547],[128.48743,36.6264],[128.48859,36.63303],[128.4885,36.63492],[128.48917,36.63765],[128.49395,36.63694]]]}},{"type":"Feature","id":"TN_RIVER_BNDRY:WTR010000000117KA","properties":{"NF_ID":"WTR010000000117KA","source_layer":"TN_RIVER_BNDRY","semantic":"zone","river_class":"지방하천","river_class_source":"중심선 공간조인","river_name":"내성천","river_code":"2020830","survey_method":"사진측량","admin_code":"47900"},"geometry":{"type":"Polygon","coordinates":[[[128.49418,36.63826],[128.49395,36.63694],[128.48917,36.63765],[128.48946,36.63904],[128.49418,36.63826]]]}},{"type":"Feature","id":"TN_RIVER_BNDRY:WTR010000000117LB","properties":{"NF_ID":"WTR010000000117LB","source_layer":"TN_RIVER_BNDRY","semantic":"zone","river_class":"지방하천","river_class_source":"중심선 공간조인","river_name":"한천","river_code":"2021020","survey_method":"사진측량","admin_code":"47900"},"geometry":{"type":"Polygon","coordinates":[[[128.44073,36.7305],[128.44028,36.73059],[128.44051,36.73112],[128.44044,36.7315],[128.43928,36.73248],[128.43811,36.73397],[128.43472,36.73671],[128.43452,36.73714],[128.43457,36.73807],[128.43519,36.73949],[128.43551,36.73982],[128.43612,36.74029],[128.4377,36.74092],[128.43923,36.74121],[128.44272,36.74098],[128.44315,36.74112],[128.44379,36.74174],[128.44412,36.74242],[128.44426,36.74352],[128.44391,36.74464],[128.44439,36.74498],[128.44511,36.74296],[128.44487,36.7422],[128.44334,36.74078],[128.43876,36.74073],[128.43677,36.74021],[128.43555,36.73928],[128.43483,36.7378],[128.4351,36.73686],[128.43859,36.73483],[128.43951,36.73403],[128.43989,36.7325],[128.44095,36.73142],[128.44073,36.7305]]]}},{"type":"Feature","id":"TN_RIVER_BNDRY:WTR010000000117MC","properties":{"NF_ID":"WTR010000000117MC","source_layer":"TN_RIVER_BNDRY","semantic":"zone","river_class":"지방하천","river_class_source":"중심선 공간조인","river_name":"한천","river_code":"2021020","survey_method":"사진측량","admin_code":"47900"},"geometry":{"type":"Polygon","coordinates":[[[128.44438,36.74508],[128.44391,36.74464],[128.4437,36.74495],[128.44388,36.74526],[128.44438,36.74508]]]}},{"type":"Feature","id":"TN_RIVER_BNDRY:WTR010000000117PF","properties":{"NF_ID":"WTR010000000117PF","source_layer":"TN_RIVER_BNDRY","semantic":"zone","river_class":"소하천","river_class_source":"중심선 공간조인","survey_method":"지적측량","admin_code":"47900"},"geometry":{"type":"Polygon","coordinates":[[[128.42562,36.64156],[128.42421,36.64248],[128.42305,36.64223],[128.42259,36.6425],[128.42229,36.64292],[128.42261,36.64251],[128.42311,36.64224],[128.42426,36.6425],[128.42503,36.64209],[128.42562,36.64156]]]}},{"type":"Feature","id":"TN_RIVER_BNDRY:WTR010000000117QG","properties":{"NF_ID":"WTR010000000117QG","source_layer":"TN_RIVER_BNDRY","semantic":"zone","river_class":"소하천","river_class_source":"중심선 공간조인","survey_method":"지적측량","admin_code":"47900"},"geometry":{"type":"Polygon","coordinates":[[[128.46773,36.67456],[128.46722,36.67446],[128.46509,36.6732],[128.46447,36.67261],[128.4639,36.67242],[128.46443,36.67264],[128.46505,36.67324],[128.46721,36.67451],[128.46773,36.67456]]]}},{"type":"Feature","id":"TN_RIVER_BNDRY:WTR010000000117RH","properties":{"NF_ID":"WTR010000000117RH","source_layer":"TN_RIVER_BNDRY","semantic":"zone","river_class":"소하천","river_class_source":"중심선 공간조인","survey_method":"지적측량","admin_code":"47900"},"geometry":{"type":"Polygon","coordinates":[[[128.46234,36.66304],[128.4624,36.6629],[128.46074,36.66308],[128.46234,36.66304]]]}},{"type":"Feature","id":"TN_RIVER_BNDRY:WTR010000000117SI","properties":{"NF_ID":"WTR010000000117SI","source_layer":"TN_RIVER_BNDRY","semantic":"zone","river_class":"소하천","river_class_source":"중심선 공간조인","survey_method":"사진측량","admin_code":"47900"},"geometry":{"type":"Polygon","coordinates":[[[128.44472,36.64201],[128.44781,36.64359],[128.44837,36.64412],[128.44863,36.64496],[128.44834,36.64674],[128.44867,36.64505],[128.4484,36.64404],[128.44794,36.6436],[128.44472,36.64201]]]}},{"type":"Feature","id":"TN_RIVER_BNDRY:WTR010000000117TJ","properties":{"NF_ID":"WTR010000000117TJ","source_layer":"TN_RIVER_BNDRY","semantic":"zone","river_class":"소하천","river_class_source":"중심선 공간조인","survey_method":"사진측량","admin_code":"47900"},"geometry":{"type":"Polygon","coordinates":[[[128.42166,36.61355],[128.42176,36.61407],[128.42356,36.61623],[128.42485,36.61635],[128.42564,36.61608],[128.42667,36.6165],[128.42997,36.61727],[128.43272,36.61817],[128.43408,36.61945],[128.43556,36.62105],[128.43589,36.62175],[128.43588,36.62288],[128.43552,36.62499],[128.43471,36.62676],[128.43583,36.6277],[128.43742,36.62817],[128.43916,36.6283],[128.44077,36.62878],[128.44202,36.62868],[128.44469,36.62944],[128.44582,36.62925],[128.44718,36.62865],[128.44475,36.62933],[128.44209,36.62859],[128.44079,36.62867],[128.43931,36.62821],[128.4376,36.62806],[128.43597,36.62761],[128.43486,36.62678],[128.43566,36.625],[128.43605,36.62277],[128.436,36.62159],[128.43528,36.62043],[128.43553,36.6203],[128.43522,36.62033],[128.43504,36.62018],[128.43272,36.61801],[128.42957,36.61702],[128.42678,36.61644],[128.42581,36.6159],[128.42526,36.61586],[128.42482,36.61625],[128.42366,36.61607],[128.42166,36.61355]]]}},{"type":"Feature","id":"TN_RIVER_BNDRY:WTR010000000117UK","properties":{"NF_ID":"WTR010000000117UK","source_layer":"TN_RIVER_BNDRY","semantic":"zone","river_class":"지방하천","river_class_source":"중심선 공간조인","river_name":"한천","river_code":"2021020","survey_method":"사진측량","admin_code":"47900"},"geometry":{"type":"Polygon","coordinates":[[[128.44978,36.64209],[128.44829,36.64167],[128.44684,36.64044],[128.44541,36.63997],[128.44074,36.63741],[128.43935,36.63589],[128.43742,36.63302],[128.43565,36.63132],[128.4344,36.63046],[128.43314,36.63177],[128.43376,36.63208],[128.4348,36.63306],[128.43515,36.6337],[128.43528,36.63441],[128.4368,36.63644],[128.43799,36.6377],[128.43927,36.63775],[128.44176,36.63944],[128.44773,36.64266],[128.44978,36.64209]]]}},{"type":"Feature","id":"TN_RIVER_BNDRY:WTR010000000117VL","properties":{"NF_ID":"WTR010000000117VL","source_layer":"TN_RIVER_BNDRY","semantic":"zone","river_class":"지방하천","river_class_source":"중심선 공간조인","river_name":"금곡천","river_code":"2026910","survey_method":"사진측량","admin_code":"47900"},"geometry":{"type":"Polygon","coordinates":[[[128.44254,36.67265],[128.44219,36.67278],[128.44221,36.67297],[128.44285,36.6736],[128.44364,36.67391],[128.44565,36.67425],[128.44856,36.67663],[128.44869,36.67726],[128.4485,36.67848],[128.44818,36.67929],[128.44752,36.67988],[128.44582,36.68015],[128.44313,36.67972],[128.44072,36.67902],[128.43925,36.67877],[128.43314,36.67697],[128.43058,36.67748],[128.42735,36.67868],[128.42364,36.6795],[128.42186,36.68039],[128.42247,36.68064],[128.42353,36.67998],[128.42754,36.67907],[128.43032,36.67812],[128.43279,36.67755],[128.43345,36.6776],[128.44509,36.68049],[128.44691,36.68056],[128.44806,36.68032],[128.44831,36.68013],[128.44888,36.67892],[128.44898,36.67669],[128.4487,36.67633],[128.44744,36.67547],[128.4476,36.67536],[128.44715,36.67497],[128.44585,36.67408],[128.44351,36.67351],[128.44305,36.67324],[128.44254,36.67265]]]}},{"type":"Feature","id":"TN_RIVER_BNDRY:WTR010000000117WM","properties":{"NF_ID":"WTR010000000117WM","source_layer":"TN_RIVER_BNDRY","semantic":"zone","river_class":"지방하천","river_class_source":"중심선 공간조인","river_name":"금곡천","river_code":"2026910","survey_method":"사진측량","admin_code":"47900"},"geometry":{"type":"Polygon","coordinates":[[[128.45967,36.67589],[128.45938,36.67602],[128.45856,36.67549],[128.45676,36.6734],[128.45612,36.67296],[128.45513,36.67301],[128.45392,36.67286],[128.45201,36.67217],[128.45107,36.67203],[128.44842,36.67128],[128.44621,36.67093],[128.44447,36.67092],[128.44306,36.67133],[128.44205,36.67248],[128.44207,36.67262],[128.44251,36.67245],[128.4433,36.67151],[128.44422,36.6712],[128.44669,36.67126],[128.44902,36.6718],[128.45294,36.6731],[128.45607,36.67366],[128.4567,36.67402],[128.45822,36.67591],[128.45929,36.67648],[128.45931,36.67664],[128.45967,36.67589]]]}},{"type":"Feature","id":"TN_RIVER_BNDRY:WTR010000000117XN","properties":{"NF_ID":"WTR010000000117XN","source_layer":"TN_RIVER_BNDRY","semantic":"zone","river_class":"지방하천","river_class_source":"중심선 공간조인","river_name":"한천","river_code":"2021020","survey_method":"사진측량","admin_code":"47900"},"geometry":{"type":"Polygon","coordinates":[[[128.44476,36.69605],[128.44427,36.69529],[128.44401,36.69521],[128.44364,36.69451],[128.4437,36.6942],[128.44393,36.69422],[128.44396,36.6937],[128.44429,36.69309],[128.44494,36.69251],[128.44743,36.6913],[128.44938,36.68843],[128.45012,36.68767],[128.45105,36.68713],[128.45187,36.68705],[128.45288,36.68729],[128.45549,36.68983],[128.45689,36.69028],[128.4576,36.69013],[128.4578,36.68975],[128.45796,36.68825],[128.45756,36.68616],[128.45768,36.68611],[128.45744,36.68429],[128.45754,36.68312],[128.45819,36.68198],[128.45868,36.68139],[128.45897,36.68129],[128.45949,36.68026],[128.46013,36.67854],[128.46013,36.67686],[128.45931,36.67664],[128.45946,36.67826],[128.45934,36.6786],[128.45884,36.67854],[128.45905,36.67888],[128.45851,36.68031],[128.4587,36.68044],[128.45784,36.68156],[128.45793,36.6817],[128.45769,36.68165],[128.45732,36.68222],[128.45659,36.68261],[128.4567,36.68451],[128.45751,36.68829],[128.45727,36.68937],[128.45678,36.68963],[128.45598,36.68947],[128.45523,36.68909],[128.45321,36.68704],[128.45184,36.68671],[128.45038,36.68683],[128.45,36.68705],[128.44645,36.69147],[128.44499,36.69201],[128.44363,36.69294],[128.44337,36.69347],[128.44327,36.69458],[128.4437,36.69552],[128.44399,36.6956],[128.44421,36.69619],[128.44476,36.69605]]]}},{"type":"Feature","id":"TN_RIVER_BNDRY:WTR010000000117YO","properties":{"NF_ID":"WTR010000000117YO","source_layer":"TN_RIVER_BNDRY","semantic":"zone","river_class":"소하천","river_class_source":"중심선 공간조인","survey_method":"사진측량","admin_code":"47900"},"geometry":{"type":"Polygon","coordinates":[[[128.4455,36.71115],[128.44537,36.71132],[128.44669,36.71213],[128.44747,36.71347],[128.44876,36.7146],[128.44995,36.71705],[128.44976,36.71814],[128.44906,36.71902],[128.44984,36.72002],[128.44923,36.72114],[128.44929,36.72295],[128.44889,36.72423],[128.44918,36.7253],[128.45073,36.72658],[128.45083,36.72683],[128.45127,36.72691],[128.4517,36.72776],[128.45246,36.72843],[128.45294,36.72977],[128.45491,36.73053],[128.45538,36.7312],[128.45603,36.73152],[128.45795,36.733],[128.45927,36.73313],[128.45954,36.73334],[128.45966,36.73427],[128.45955,36.73317],[128.45798,36.73291],[128.45537,36.73106],[128.4549,36.73042],[128.45305,36.72976],[128.4528,36.72939],[128.45267,36.72851],[128.45182,36.72776],[128.45141,36.72693],[128.44938,36.72543],[128.44898,36.72448],[128.449,36.72403],[128.44945,36.72259],[128.44941,36.72103],[128.45001,36.71998],[128.44922,36.71901],[128.44989,36.71811],[128.45006,36.71705],[128.4488,36.71441],[128.44759,36.71347],[128.44704,36.71228],[128.4455,36.71115]]]}},{"type":"Feature","id":"TN_RIVER_BNDRY:WTR010000000117ZP","properties":{"NF_ID":"WTR010000000117ZP","source_layer":"TN_RIVER_BNDRY","semantic":"zone","river_class":"소하천","river_class_source":"중심선 공간조인","survey_method":"사진측량","admin_code":"47900"},"geometry":{"type":"Polygon","coordinates":[[[128.44416,36.70166],[128.44405,36.70179],[128.44481,36.70244],[128.44599,36.70314],[128.44812,36.70525],[128.44914,36.70588],[128.44973,36.70647],[128.45025,36.70632],[128.45059,36.70639],[128.45151,36.70746],[128.45268,36.70771],[128.45305,36.70795],[128.45337,36.70851],[128.45398,36.70902],[128.45433,36.70981],[128.4555,36.71033],[128.45617,36.71094],[128.45697,36.71133],[128.45712,36.71156],[128.4571,36.71241],[128.45798,36.71281],[128.45837,36.71314],[128.45895,36.71402],[128.45925,36.71422],[128.45906,36.71464],[128.45922,36.71488],[128.45988,36.71508],[128.46035,36.71504],[128.46133,36.7159],[128.46186,36.71592],[128.46133,36.71587],[128.46099,36.71542],[128.46036,36.715],[128.45994,36.71507],[128.45925,36.71488],[128.45911,36.71463],[128.45929,36.7142],[128.45899,36.71402],[128.45839,36.71309],[128.45712,36.71239],[128.45715,36.71155],[128.45695,36.71122],[128.45621,36.71093],[128.4554,36.71021],[128.45446,36.70985],[128.45401,36.70897],[128.4534,36.7085],[128.4531,36.70793],[128.45268,36.70768],[128.45149,36.70737],[128.45051,36.7063],[128.4497,36.70636],[128.44811,36.70515],[128.44618,36.70315],[128.44499,36.70244],[128.44416,36.70166]]]}},{"type":"Feature","id":"TN_RIVER_BNDRY:WTR0100000001180R","properties":{"NF_ID":"WTR0100000001180R","source_layer":"TN_RIVER_BNDRY","semantic":"zone","river_class":"지방하천","river_class_source":"중심선 공간조인","river_name":"한천","river_code":"2021020","survey_method":"사진측량","admin_code":"47900"},"geometry":{"type":"Polygon","coordinates":[[[128.42655,36.62513],[128.42643,36.62463],[128.42606,36.6247],[128.42568,36.62235],[128.42568,36.62158],[128.42613,36.62118],[128.42523,36.61953],[128.42279,36.6205],[128.42354,36.6214],[128.42416,36.62268],[128.42472,36.62668],[128.42655,36.62513]]]}},{"type":"Feature","id":"TN_RIVER_BNDRY:WTR0100000001181S","properties":{"NF_ID":"WTR0100000001181S","source_layer":"TN_RIVER_BNDRY","semantic":"zone","river_class":"소하천","river_class_source":"중심선 공간조인","survey_method":"사진측량","admin_code":"47900"},"geometry":{"type":"Polygon","coordinates":[[[128.42279,36.6205],[128.42273,36.62022],[128.42168,36.62096],[128.41946,36.62321],[128.41872,36.62423],[128.41867,36.62547],[128.41754,36.62623],[128.41733,36.62704],[128.41649,36.62784],[128.41607,36.62802],[128.41411,36.62767],[128.41394,36.62723],[128.41274,36.6267],[128.41257,36.62605],[128.41162,36.62458],[128.41042,36.62341],[128.41032,36.62305],[128.40955,36.62274],[128.4092,36.62229],[128.40852,36.62227],[128.40683,36.62181],[128.40572,36.62182],[128.40373,36.62256],[128.40274,36.62275],[128.40112,36.62345],[128.39981,36.62351],[128.40109,36.62354],[128.40279,36.62282],[128.40574,36.62188],[128.40685,36.62188],[128.40853,36.62236],[128.40915,36.62238],[128.40942,36.62273],[128.41022,36.6231],[128.41037,36.62348],[128.41151,36.62458],[128.41263,36.62678],[128.41424,36.62777],[128.41603,36.62809],[128.41651,36.6279],[128.41738,36.62711],[128.41759,36.62633],[128.41877,36.62551],[128.41875,36.6244],[128.41937,36.62346],[128.42184,36.62098],[128.42279,36.6205]]]}},{"type":"Feature","id":"TN_RIVER_BNDRY:WTR0100000001182T","properties":{"NF_ID":"WTR0100000001182T","source_layer":"TN_RIVER_BNDRY","semantic":"zone","river_class":"소하천","river_class_source":"중심선 공간조인","survey_method":"사진측량","admin_code":"47900"},"geometry":{"type":"Polygon","coordinates":[[[128.41798,36.60625],[128.41796,36.60591],[128.41689,36.6067],[128.41664,36.60716],[128.41648,36.60818],[128.41523,36.60935],[128.41503,36.61048],[128.41439,36.61123],[128.4123,36.61213],[128.41054,36.61188],[128.40956,36.61245],[128.40853,36.61343],[128.40722,36.61378],[128.4043,36.61502],[128.40346,36.61512],[128.40459,36.61504],[128.40726,36.61386],[128.40852,36.61355],[128.4096,36.61253],[128.41048,36.61199],[128.41229,36.61225],[128.41437,36.61133],[128.41509,36.6106],[128.41532,36.6094],[128.41646,36.60837],[128.4169,36.60691],[128.4175,36.60629],[128.41775,36.60617],[128.41798,36.60625]]]}},{"type":"Feature","id":"TN_RIVER_BNDRY:WTR0100000001183U","properties":{"NF_ID":"WTR0100000001183U","source_layer":"TN_RIVER_BNDRY","semantic":"zone","river_class":"소하천","river_class_source":"중심선 공간조인","survey_method":"사진측량","admin_code":"47900"},"geometry":{"type":"Polygon","coordinates":[[[128.4033,36.61512],[128.4,36.61524],[128.39911,36.61545],[128.39753,36.61615],[128.39284,36.61647],[128.39748,36.61623],[128.39983,36.61534],[128.40195,36.61532],[128.4033,36.61512]]]}},{"type":"Feature","id":"TN_RIVER_BNDRY:WTR0100000001184V","properties":{"NF_ID":"WTR0100000001184V","source_layer":"TN_RIVER_BNDRY","semantic":"zone","river_class":"소하천","river_class_source":"중심선 공간조인","survey_method":"사진측량","admin_code":"47900"},"geometry":{"type":"Polygon","coordinates":[[[128.40328,36.61504],[128.40344,36.61504],[128.40331,36.61488],[128.40245,36.61415],[128.40219,36.6132],[128.40237,36.61419],[128.40328,36.61504]]]}},{"type":"Feature","id":"TN_RIVER_BNDRY:WTR0100000001185W","properties":{"NF_ID":"WTR0100000001185W","source_layer":"TN_RIVER_BNDRY","semantic":"zone","river_class":"소하천","river_class_source":"중심선 공간조인","survey_method":"사진측량","admin_code":"47900"},"geometry":{"type":"Polygon","coordinates":[[[128.40344,36.61504],[128.40328,36.61504],[128.4033,36.61512],[128.40331,36.61512],[128.40346,36.61512],[128.40344,36.61504]]]}},{"type":"Feature","id":"TN_RIVER_BNDRY:WTR0100000001186X","properties":{"NF_ID":"WTR0100000001186X","source_layer":"TN_RIVER_BNDRY","semantic":"zone","river_class":"소하천","river_class_source":"중심선 공간조인","survey_method":"사진측량","admin_code":"47900"},"geometry":{"type":"Polygon","coordinates":[[[128.42394,36.61647],[128.42492,36.61655],[128.42561,36.61631],[128.42678,36.61675],[128.42971,36.61734],[128.42673,36.61662],[128.42567,36.61622],[128.42496,36.61645],[128.42378,36.61635],[128.42402,36.61706],[128.42548,36.61964],[128.42394,36.61647]]]}},{"type":"Feature","id":"TN_RIVER_BNDRY:WTR0100000001187Y","properties":{"NF_ID":"WTR0100000001187Y","source_layer":"TN_RIVER_BNDRY","semantic":"zone","river_class":"지방하천","river_class_source":"중심선 공간조인","river_name":"한천","river_code":"2021020","survey_method":"사진측량","admin_code":"47900"},"geometry":{"type":"Polygon","coordinates":[[[128.42523,36.61953],[128.42494,36.61903],[128.42273,36.62022],[128.42279,36.6205],[128.42523,36.61953]]]}},{"type":"Feature","id":"TN_RIVER_BNDRY:WTR0100000001188Z","properties":{"NF_ID":"WTR0100000001188Z","source_layer":"TN_RIVER_BNDRY","semantic":"zone","river_class":"지방하천","river_class_source":"중심선 공간조인","river_name":"한천","river_code":"2021020","survey_method":"사진측량","admin_code":"47900"},"geometry":{"type":"Polygon","coordinates":[[[128.42494,36.61903],[128.42395,36.61728],[128.42361,36.61632],[128.42176,36.61407],[128.42016,36.6144],[128.42074,36.61593],[128.42097,36.61607],[128.42274,36.61995],[128.42273,36.62022],[128.42494,36.61903]]]}},{"type":"Feature","id":"TN_RIVER_BNDRY:WTR01000000011890","properties":{"NF_ID":"WTR01000000011890","source_layer":"TN_RIVER_BNDRY","semantic":"zone","river_class":"지방하천","river_class_source":"중심선 공간조인","river_name":"한천","river_code":"2021020","survey_method":"사진측량","admin_code":"47900"},"geometry":{"type":"Polygon","coordinates":[[[128.41986,36.60546],[128.41999,36.60437],[128.41745,36.60316],[128.41796,36.60591],[128.41986,36.60546]]]}},{"type":"Feature","id":"TN_RIVER_BNDRY:WTR010000000118A1","properties":{"NF_ID":"WTR010000000118A1","source_layer":"TN_RIVER_BNDRY","semantic":"zone","river_class":"지방하천","river_class_source":"중심선 공간조인","river_name":"한천","river_code":"2021020","survey_method":"사진측량","admin_code":"47900"},"geometry":{"type":"Polygon","coordinates":[[[128.41986,36.60546],[128.41796,36.60591],[128.41798,36.60625],[128.41987,36.60624],[128.41986,36.60546]]]}},{"type":"Feature","id":"TN_RIVER_BNDRY:WTR010000000118B2","properties":{"NF_ID":"WTR010000000118B2","source_layer":"TN_RIVER_BNDRY","semantic":"zone","river_class":"지방하천","river_class_source":"중심선 공간조인","river_name":"한천","river_code":"2021020","survey_method":"사진측량","admin_code":"47900"},"geometry":{"type":"Polygon","coordinates":[[[128.42176,36.61407],[128.42166,36.61355],[128.41999,36.61389],[128.42016,36.6144],[128.42176,36.61407]]]}},{"type":"Feature","id":"TN_RIVER_BNDRY:WTR010000000118C3","properties":{"NF_ID":"WTR010000000118C3","source_layer":"TN_RIVER_BNDRY","semantic":"zone","river_class":"지방하천","river_class_source":"중심선 공간조인","river_name":"한천","river_code":"2021020","survey_method":"사진측량","admin_code":"47900"},"geometry":{"type":"Polygon","coordinates":[[[128.42166,36.61355],[128.4208,36.61133],[128.42082,36.61045],[128.42022,36.60925],[128.41987,36.60624],[128.41798,36.60625],[128.41814,36.60626],[128.41866,36.60965],[128.41999,36.61389],[128.42166,36.61355]]]}},{"type":"Feature","id":"TN_RIVER_BNDRY:WTR010000000118D4","properties":{"NF_ID":"WTR010000000118D4","source_layer":"TN_RIVER_BNDRY","semantic":"zone","river_class":"국가하천","river_class_source":"중심선 공간조인","river_name":"내성천","river_code":"2020830","survey_method":"사진측량","admin_code":"47900"},"geometry":{"type":"Polygon","coordinates":[[[128.42093,36.60042],[128.41502,36.60039],[128.41707,36.60213],[128.41745,36.60316],[128.41999,36.60437],[128.42093,36.60042]]]}},{"type":"Feature","id":"TN_RIVER_BNDRY:WTR010000000118F6","properties":{"NF_ID":"WTR010000000118F6","source_layer":"TN_RIVER_BNDRY","semantic":"zone","river_class":"지방하천","river_class_source":"중심선 공간조인","river_name":"금곡천","river_code":"2026910","survey_method":"사진측량","admin_code":"47900"},"geometry":{"type":"Polygon","coordinates":[[[128.406,36.69026],[128.40564,36.69001],[128.40514,36.69081],[128.40431,36.69359],[128.40387,36.69428],[128.40291,36.69478],[128.4021,36.69547],[128.40149,36.69634],[128.40092,36.69781],[128.39957,36.6997],[128.39897,36.70002],[128.39833,36.70017],[128.3952,36.69983],[128.39377,36.69991],[128.39011,36.70053],[128.38924,36.70044],[128.38842,36.70016],[128.38729,36.70016],[128.38185,36.70142],[128.38163,36.70111],[128.38126,36.70092],[128.38042,36.70072],[128.37949,36.70071],[128.37847,36.70097],[128.37713,36.70155],[128.375,36.70198],[128.37432,36.70243],[128.37409,36.70294],[128.37428,36.70305],[128.37444,36.70256],[128.37479,36.70231],[128.37679,36.70184],[128.37919,36.70097],[128.38014,36.70091],[128.38131,36.70112],[128.38187,36.70163],[128.38495,36.70098],[128.38711,36.70034],[128.38831,36.70035],[128.39018,36.70069],[128.39362,36.7001],[128.396,36.70006],[128.39813,36.70031],[128.39939,36.70004],[128.4,36.69957],[128.40116,36.6979],[128.40223,36.69576],[128.40438,36.69411],[128.40535,36.69149],[128.406,36.69026]]]}},{"type":"Feature","id":"TN_RIVER_BNDRY:WTR010000000118G7","properties":{"NF_ID":"WTR010000000118G7","source_layer":"TN_RIVER_BNDRY","semantic":"zone","river_class":"소하천","river_class_source":"중심선 공간조인","survey_method":"사진측량","admin_code":"47900"},"geometry":{"type":"Polygon","coordinates":[[[128.39868,36.67752],[128.39876,36.6774],[128.39827,36.67737],[128.3924,36.67799],[128.39178,36.67792],[128.39177,36.67729],[128.39055,36.67681],[128.38449,36.67553],[128.38274,36.67571],[128.38231,36.67702],[128.38124,36.6782],[128.38108,36.67894],[128.38029,36.6792],[128.37895,36.68016],[128.37725,36.68046],[128.37916,36.68013],[128.38026,36.67928],[128.38109,36.67899],[128.38127,36.67822],[128.38235,36.67704],[128.38273,36.67581],[128.38419,36.67556],[128.39057,36.67688],[128.3917,36.67735],[128.39174,36.67795],[128.39342,36.67809],[128.39868,36.67752]]]}},{"type":"Feature","id":"TN_RIVER_BNDRY:WTR010000000118H8","properties":{"NF_ID":"WTR010000000118H8","source_layer":"TN_RIVER_BNDRY","semantic":"zone","river_class":"지방하천","river_class_source":"중심선 공간조인","river_name":"금곡천","river_code":"2026910","survey_method":"사진측량","admin_code":"47900"},"geometry":{"type":"Polygon","coordinates":[[[128.3573,36.71345],[128.35796,36.7129],[128.35938,36.71094],[128.36018,36.71038],[128.3602,36.71007],[128.36044,36.71006],[128.36155,36.70904],[128.3621,36.7089],[128.3623,36.70869],[128.36283,36.70864],[128.36423,36.70679],[128.364,36.70627],[128.36368,36.70622],[128.36348,36.70576],[128.36322,36.70567],[128.36325,36.70534],[128.36297,36.70534],[128.36275,36.70509],[128.36181,36.70516],[128.36187,36.70551],[128.36147,36.70616],[128.36113,36.70616],[128.36107,36.70636],[128.36051,36.70644],[128.35855,36.70745],[128.35752,36.70755],[128.35623,36.70737],[128.3558,36.70765],[128.35568,36.70709],[128.35485,36.70692],[128.35454,36.70713],[128.35466,36.70744],[128.35455,36.70784],[128.3548,36.70843],[128.35568,36.7091],[128.35686,36.70903],[128.35738,36.70916],[128.35751,36.70925],[128.35718,36.7095],[128.35763,36.70983],[128.35861,36.70948],[128.35825,36.70994],[128.35828,36.71028],[128.35765,36.71028],[128.3572,36.71082],[128.35751,36.71213],[128.35783,36.71207],[128.35749,36.71223],[128.35719,36.71343],[128.3573,36.71345]]]}},{"type":"Feature","id":"TN_RIVER_BNDRY:WTR010000000118I9","properties":{"NF_ID":"WTR010000000118I9","source_layer":"TN_RIVER_BNDRY","semantic":"zone","river_class":"소하천","river_class_source":"중심선 공간조인","survey_method":"사진측량","admin_code":"47900"},"geometry":{"type":"Polygon","coordinates":[[[128.35676,36.71415],[128.35568,36.71436],[128.3544,36.71575],[128.35358,36.71621],[128.35218,36.71749],[128.35106,36.71766],[128.35049,36.71865],[128.35037,36.71919],[128.34886,36.71996],[128.34856,36.72067],[128.34883,36.72144],[128.34825,36.72209],[128.34776,36.72329],[128.34739,36.7236],[128.34729,36.72416],[128.34685,36.72455],[128.34728,36.72434],[128.34745,36.72361],[128.34819,36.72274],[128.34834,36.72205],[128.34893,36.72143],[128.34864,36.72061],[128.34888,36.72009],[128.35044,36.71922],[128.35103,36.71777],[128.35204,36.71761],[128.35257,36.71735],[128.35366,36.71629],[128.35451,36.71578],[128.35572,36.71444],[128.35644,36.71439],[128.35676,36.71415]]]}},{"type":"Feature","id":"TN_RIVER_BNDRY:WTR010000000118JA","properties":{"NF_ID":"WTR010000000118JA","source_layer":"TN_RIVER_BNDRY","semantic":"zone","river_class":"소하천","river_class_source":"중심선 공간조인","survey_method":"사진측량","admin_code":"47900"},"geometry":{"type":"Polygon","coordinates":[[[128.35685,36.71405],[128.35676,36.71415],[128.35677,36.71416],[128.35677,36.71418],[128.35683,36.71428],[128.35687,36.71436],[128.35687,36.7144],[128.35687,36.71442],[128.35687,36.71446],[128.35686,36.7146],[128.35685,36.7147],[128.35685,36.71476],[128.35681,36.71487],[128.3568,36.7149],[128.3568,36.71497],[128.3568,36.71502],[128.3568,36.71504],[128.35681,36.71505],[128.35682,36.71505],[128.35683,36.71506],[128.35683,36.71506],[128.35684,36.71505],[128.35685,36.71505],[128.35685,36.71504],[128.35686,36.71501],[128.35684,36.71492],[128.35684,36.71487],[128.35688,36.71475],[128.3569,36.7147],[128.35692,36.71461],[128.35694,36.71448],[128.35694,36.71436],[128.35692,36.71431],[128.35691,36.71428],[128.3569,36.71425],[128.35685,36.71417],[128.35684,36.71415],[128.35684,36.71414],[128.35684,36.71413],[128.35684,36.71411],[128.35684,36.71408],[128.35684,36.71406],[128.35685,36.71405]]]}},{"type":"Feature","id":"TN_RIVER_BNDRY:WTR010000000118KB","properties":{"NF_ID":"WTR010000000118KB","source_layer":"TN_RIVER_BNDRY","semantic":"zone","river_class":"소하천","river_class_source":"중심선 공간조인","survey_method":"사진측량","admin_code":"47900"},"geometry":{"type":"Polygon","coordinates":[[[128.35685,36.71405],[128.35679,36.71399],[128.35677,36.71401],[128.35675,36.71404],[128.35673,36.71407],[128.35676,36.71415],[128.35685,36.71405]]]}},{"type":"Feature","id":"TN_RIVER_BNDRY:WTR010000000118LC","properties":{"NF_ID":"WTR010000000118LC","source_layer":"TN_RIVER_BNDRY","semantic":"zone","river_class":"소하천","river_class_source":"중심선 공간조인","survey_method":"사진측량","admin_code":"47900"},"geometry":{"type":"Polygon","coordinates":[[[128.35472,36.70702],[128.35478,36.70694],[128.35382,36.7069],[128.35335,36.70696],[128.35291,36.70731],[128.35191,36.70729],[128.35164,36.70741],[128.35126,36.70805],[128.35055,36.70815],[128.35022,36.70837],[128.35138,36.70807],[128.35183,36.70738],[128.35288,36.70739],[128.35382,36.70699],[128.35472,36.70702]]]}},{"type":"Feature","id":"TN_RIVER_BNDRY:WTR010000000118MD","properties":{"NF_ID":"WTR010000000118MD","source_layer":"TN_RIVER_BNDRY","semantic":"zone","river_class":"소하천","river_class_source":"중심선 공간조인","survey_method":"사진측량","admin_code":"47900"},"geometry":{"type":"Polygon","coordinates":[[[128.3573,36.71345],[128.35725,36.7135],[128.35723,36.71351],[128.35722,36.71351],[128.35721,36.71352],[128.35719,36.71352],[128.35719,36.71351],[128.35718,36.7135],[128.3571,36.71359],[128.35703,36.71369],[128.35691,36.71384],[128.35681,36.71397],[128.35679,36.71399],[128.35685,36.71405],[128.35685,36.71404],[128.35686,36.71403],[128.35692,36.71396],[128.35697,36.7139],[128.35702,36.71385],[128.35726,36.71358],[128.3573,36.71345]]]}},{"type":"Feature","id":"TN_RIVER_BNDRY:WTR010000000118NE","properties":{"NF_ID":"WTR010000000118NE","source_layer":"TN_RIVER_BNDRY","semantic":"zone","river_class":"지방하천","river_class_source":"중심선 공간조인","river_name":"금곡천","river_code":"2026910","survey_method":"사진측량","admin_code":"47900"},"geometry":{"type":"Polygon","coordinates":[[[128.37222,36.70499],[128.37172,36.70491],[128.3714,36.70519],[128.368,36.70626],[128.36743,36.70653],[128.36667,36.70734],[128.36623,36.70745],[128.36542,36.70732],[128.36492,36.70756],[128.36454,36.70809],[128.36526,36.70807],[128.36615,36.70849],[128.36767,36.70854],[128.36891,36.70821],[128.36934,36.70788],[128.3704,36.70782],[128.37246,36.70718],[128.37267,36.70689],[128.37331,36.70675],[128.37339,36.70628],[128.37222,36.70499]]]}},{"type":"Feature","id":"TN_RIVER_BNDRY:WTR010000000118OF","properties":{"NF_ID":"WTR010000000118OF","source_layer":"TN_RIVER_BNDRY","semantic":"zone","river_class":"지방하천","river_class_source":"중심선 공간조인","river_name":"금곡천","river_code":"2026910","survey_method":"사진측량","admin_code":"47900"},"geometry":{"type":"Polygon","coordinates":[[[128.37428,36.70305],[128.37409,36.70294],[128.37401,36.70314],[128.37422,36.70324],[128.37428,36.70305]]]}},{"type":"Feature","id":"TN_RIVER_BNDRY:WTR010000000118PG","properties":{"NF_ID":"WTR010000000118PG","source_layer":"TN_RIVER_BNDRY","semantic":"zone","river_class":"지방하천","river_class_source":"중심선 공간조인","river_name":"금곡천","river_code":"2026910","survey_method":"사진측량","admin_code":"47900"},"geometry":{"type":"Polygon","coordinates":[[[128.36538,36.70737],[128.36437,36.70687],[128.364,36.70627],[128.36431,36.70691],[128.36538,36.70737]]]}},{"type":"Feature","id":"TN_RIVER_BNDRY:WTR010000000118QH","properties":{"NF_ID":"WTR010000000118QH","source_layer":"TN_RIVER_BNDRY","semantic":"zone","river_class":"지방하천","river_class_source":"중심선 공간조인","river_name":"금곡천","river_code":"2026910","survey_method":"사진측량","admin_code":"47900"},"geometry":{"type":"Polygon","coordinates":[[[128.37422,36.70324],[128.37401,36.70314],[128.37383,36.70376],[128.37339,36.70439],[128.37226,36.70486],[128.37172,36.70491],[128.37222,36.70499],[128.37347,36.70446],[128.37399,36.70385],[128.37422,36.70324]]]}},{"type":"Feature","id":"TN_RIVER_BNDRY:WTR010000000118RI","properties":{"NF_ID":"WTR010000000118RI","source_layer":"TN_RIVER_BNDRY","semantic":"zone","river_class":"소하천","river_class_source":"중심선 공간조인","survey_method":"사진측량","admin_code":"47900"},"geometry":{"type":"Polygon","coordinates":[[[128.37514,36.72535],[128.37523,36.72674],[128.37509,36.72768],[128.37527,36.72676],[128.37514,36.72535]]]}},{"type":"Feature","id":"TN_RIVER_BNDRY:WTR010000000118SJ","properties":{"NF_ID":"WTR010000000118SJ","source_layer":"TN_RIVER_BNDRY","semantic":"zone","river_class":"소하천","river_class_source":"중심선 공간조인","survey_method":"사진측량","admin_code":"47900"},"geometry":{"type":"Polygon","coordinates":[[[128.37428,36.70305],[128.37422,36.70324],[128.37495,36.70396],[128.37508,36.70457],[128.37558,36.70528],[128.37599,36.70632],[128.37601,36.70782],[128.37567,36.70861],[128.375,36.70924],[128.37473,36.70982],[128.37326,36.71084],[128.37303,36.71149],[128.37338,36.71295],[128.37333,36.71369],[128.37317,36.71399],[128.3725,36.71452],[128.37241,36.71502],[128.37267,36.71564],[128.37318,36.71598],[128.3736,36.71667],[128.37338,36.71813],[128.37361,36.71913],[128.37392,36.71976],[128.37455,36.72012],[128.37369,36.71909],[128.37353,36.71848],[128.37369,36.71654],[128.3733,36.71593],[128.37275,36.71558],[128.37253,36.715],[128.37265,36.71446],[128.37326,36.71402],[128.37342,36.71374],[128.37346,36.71305],[128.37313,36.71187],[128.3734,36.71084],[128.37492,36.70986],[128.37507,36.70934],[128.37585,36.70862],[128.37618,36.70754],[128.37621,36.70627],[128.37513,36.70446],[128.37497,36.70381],[128.37428,36.70305]]]}},{"type":"Feature","id":"TN_RIVER_BNDRY:WTR010000000118TK","properties":{"NF_ID":"WTR010000000118TK","source_layer":"TN_RIVER_BNDRY","semantic":"zone","river_class":"지방하천","river_class_source":"중심선 공간조인","river_name":"중평천","river_code":"2021050","survey_method":"사진측량","admin_code":"47900"},"geometry":{"type":"Polygon","coordinates":[[[128.42541,36.6274],[128.42479,36.62717],[128.4246,36.62874],[128.42421,36.62944],[128.42412,36.63095],[128.42363,36.63146],[128.42263,36.6317],[128.42065,36.63162],[128.42075,36.6317],[128.42013,36.63172],[128.41625,36.63344],[128.41542,36.6336],[128.41414,36.63349],[128.41104,36.63202],[128.41031,36.63205],[128.4085,36.63278],[128.40927,36.63315],[128.41015,36.63246],[128.41108,36.63238],[128.41378,36.63391],[128.41552,36.6342],[128.41612,36.63405],[128.41823,36.6331],[128.41883,36.63267],[128.42006,36.6322],[128.42348,36.63205],[128.42398,36.63178],[128.42459,36.63089],[128.4249,36.62918],[128.42529,36.62878],[128.42541,36.6274]]]}},{"type":"Feature","id":"TN_RIVER_BNDRY:WTR010000000118UL","properties":{"NF_ID":"WTR010000000118UL","source_layer":"TN_RIVER_BNDRY","semantic":"zone","river_class":"소하천","river_class_source":"중심선 공간조인","survey_method":"사진측량","admin_code":"47900"},"geometry":{"type":"Polygon","coordinates":[[[128.42186,36.68039],[128.4196,36.68006],[128.41608,36.67895],[128.41531,36.67906],[128.41218,36.67903],[128.41111,36.67951],[128.40534,36.67977],[128.40376,36.68025],[128.4033,36.68002],[128.40251,36.67912],[128.39882,36.67743],[128.39883,36.67759],[128.40253,36.67929],[128.4033,36.6802],[128.40364,36.68038],[128.40412,36.68036],[128.40531,36.67991],[128.41126,36.67966],[128.41217,36.67919],[128.41609,36.67912],[128.4196,36.68022],[128.42121,36.68051],[128.42158,36.681],[128.42186,36.68039]]]}},{"type":"Feature","id":"TN_RIVER_BNDRY:WTR010000000118VM","properties":{"NF_ID":"WTR010000000118VM","source_layer":"TN_RIVER_BNDRY","semantic":"zone","river_class":"지방하천","river_class_source":"중심선 공간조인","river_name":"금곡천","river_code":"2026910","survey_method":"사진측량","admin_code":"47900"},"geometry":{"type":"Polygon","coordinates":[[[128.41523,36.68521],[128.41501,36.68477],[128.41319,36.68513],[128.40837,36.68712],[128.40725,36.6879],[128.40573,36.68986],[128.40625,36.68994],[128.40703,36.68862],[128.40763,36.68813],[128.41523,36.68521]]]}},{"type":"Feature","id":"TN_RIVER_BNDRY:WTR010000000118WN","properties":{"NF_ID":"WTR010000000118WN","source_layer":"TN_RIVER_BNDRY","semantic":"zone","river_class":"소하천","river_class_source":"중심선 공간조인","survey_method":"사진측량","admin_code":"47900"},"geometry":{"type":"Polygon","coordinates":[[[128.41542,36.68507],[128.41523,36.68521],[128.41528,36.68918],[128.41481,36.69162],[128.41448,36.69252],[128.41131,36.69579],[128.40814,36.69722],[128.40795,36.69765],[128.40824,36.69929],[128.40817,36.70039],[128.40753,36.70134],[128.40617,36.70202],[128.40601,36.7027],[128.40557,36.70335],[128.40532,36.70512],[128.40578,36.70661],[128.40643,36.70756],[128.4063,36.70862],[128.40665,36.70931],[128.40638,36.70987],[128.40669,36.71059],[128.40611,36.71242],[128.40671,36.71289],[128.40644,36.7141],[128.40663,36.71473],[128.40712,36.71545],[128.40724,36.7161],[128.40718,36.71641],[128.4065,36.71737],[128.40587,36.7178],[128.40577,36.7183],[128.40596,36.71859],[128.40583,36.7183],[128.40591,36.71783],[128.40664,36.71735],[128.40724,36.71652],[128.40735,36.71607],[128.40723,36.71524],[128.40675,36.71468],[128.40655,36.7141],[128.40689,36.71283],[128.40633,36.71246],[128.4068,36.7106],[128.40653,36.70991],[128.40675,36.70925],[128.40643,36.70861],[128.40662,36.70773],[128.40584,36.70644],[128.40549,36.70522],[128.40573,36.70331],[128.40617,36.7027],[128.40634,36.70216],[128.40763,36.7015],[128.40845,36.70014],[128.40853,36.69958],[128.40807,36.69782],[128.40819,36.6974],[128.40954,36.69692],[128.41148,36.69595],[128.41465,36.6926],[128.41513,36.69144],[128.41556,36.68903],[128.41542,36.68507]]]}},{"type":"Feature","id":"TN_RIVER_BNDRY:WTR010000000118XO","properties":{"NF_ID":"WTR010000000118XO","source_layer":"TN_RIVER_BNDRY","semantic":"zone","river_class":"소하천","river_class_source":"중심선 공간조인","survey_method":"사진측량","admin_code":"47900"},"geometry":{"type":"Polygon","coordinates":[[[128.39803,36.64491],[128.39503,36.643],[128.39226,36.64243],[128.39512,36.6431],[128.39803,36.64491]]]}},{"type":"Feature","id":"TN_RIVER_BNDRY:WTR010000000118YP","properties":{"NF_ID":"WTR010000000118YP","source_layer":"TN_RIVER_BNDRY","semantic":"zone","river_class":"지방하천","river_class_source":"중심선 공간조인","river_name":"중평천","river_code":"2021050","survey_method":"사진측량","admin_code":"47900"},"geometry":{"type":"Polygon","coordinates":[[[128.3984,36.64547],[128.39798,36.64494],[128.39707,36.64576],[128.396,36.64826],[128.39442,36.64997],[128.3942,36.65089],[128.39378,36.6516],[128.39333,36.65193],[128.39343,36.65212],[128.3938,36.6519],[128.39448,36.65098],[128.39472,36.6501],[128.39615,36.64871],[128.39749,36.64574],[128.3984,36.64547]]]}},{"type":"Feature","id":"TN_RIVER_BNDRY:WTR010000000118ZQ","properties":{"NF_ID":"WTR010000000118ZQ","source_layer":"TN_RIVER_BNDRY","semantic":"zone","river_class":"소하천","river_class_source":"중심선 공간조인","survey_method":"사진측량","admin_code":"47900"},"geometry":{"type":"Polygon","coordinates":[[[128.40564,36.69001],[128.40573,36.68986],[128.40412,36.68955],[128.39936,36.68897],[128.39615,36.68743],[128.3941,36.68794],[128.39166,36.68692],[128.3897,36.68707],[128.38886,36.68672],[128.38838,36.68699],[128.3871,36.68648],[128.38611,36.68711],[128.38558,36.68785],[128.38482,36.68802],[128.38461,36.68865],[128.38416,36.689],[128.38334,36.68929],[128.38308,36.68872],[128.38251,36.68904],[128.38223,36.69001],[128.38277,36.69058],[128.38313,36.69016],[128.38335,36.68932],[128.38426,36.689],[128.38464,36.68869],[128.38491,36.68802],[128.38563,36.68787],[128.38652,36.68686],[128.38714,36.68654],[128.38833,36.68701],[128.38886,36.68676],[128.38977,36.68712],[128.39167,36.68698],[128.39414,36.68801],[128.39573,36.68755],[128.39622,36.68752],[128.39938,36.68903],[128.40419,36.6896],[128.40564,36.69001]]]}},{"type":"Feature","id":"TN_RIVER_BNDRY:WTR0100000001190S","properties":{"NF_ID":"WTR0100000001190S","source_layer":"TN_RIVER_BNDRY","semantic":"zone","river_class":"소하천","river_class_source":"중심선 공간조인","survey_method":"사진측량","admin_code":"47900"},"geometry":{"type":"Polygon","coordinates":[[[128.39343,36.65212],[128.39381,36.65273],[128.39401,36.65272],[128.39416,36.65246],[128.39389,36.65265],[128.39343,36.65212]]]}},{"type":"Feature","id":"TN_RIVER_BNDRY:WTR0100000001191T","properties":{"NF_ID":"WTR0100000001191T","source_layer":"TN_RIVER_BNDRY","semantic":"zone","river_class":"지방하천","river_class_source":"중심선 공간조인","river_name":"중평천","river_code":"2021050","survey_method":"사진측량","admin_code":"47900"},"geometry":{"type":"Polygon","coordinates":[[[128.39343,36.65212],[128.39333,36.65193],[128.39324,36.65196],[128.39338,36.65214],[128.39343,36.65212]]]}},{"type":"Feature","id":"TN_RIVER_BNDRY:WTR0100000001192U","properties":{"NF_ID":"WTR0100000001192U","source_layer":"TN_RIVER_BNDRY","semantic":"zone","river_class":"지방하천","river_class_source":"중심선 공간조인","river_name":"중평천","river_code":"2021050","survey_method":"사진측량","admin_code":"47900"},"geometry":{"type":"Polygon","coordinates":[[[128.40206,36.64648],[128.40205,36.64614],[128.40013,36.64579],[128.39995,36.64548],[128.39872,36.64483],[128.39803,36.64491],[128.39869,36.64549],[128.40206,36.64648]]]}},{"type":"Feature","id":"TN_RIVER_BNDRY:WTR0100000001193V","properties":{"NF_ID":"WTR0100000001193V","source_layer":"TN_RIVER_BNDRY","semantic":"zone","river_class":"지방하천","river_class_source":"중심선 공간조인","river_name":"중평천","river_code":"2021050","survey_method":"사진측량","admin_code":"47900"},"geometry":{"type":"Polygon","coordinates":[[[128.39803,36.64491],[128.3984,36.64547],[128.39869,36.64549],[128.39803,36.64491]]]}},{"type":"Feature","id":"TN_RIVER_BNDRY:WTR0100000001194W","properties":{"NF_ID":"WTR0100000001194W","source_layer":"TN_RIVER_BNDRY","semantic":"zone","river_class":"지방하천","river_class_source":"중심선 공간조인","river_name":"중평천","river_code":"2021050","survey_method":"사진측량","admin_code":"47900"},"geometry":{"type":"Polygon","coordinates":[[[128.40927,36.63315],[128.4085,36.63278],[128.40819,36.63312],[128.409,36.63343],[128.40927,36.63315]]]}},{"type":"Feature","id":"TN_RIVER_BNDRY:WTR0100000001195X","properties":{"NF_ID":"WTR0100000001195X","source_layer":"TN_RIVER_BNDRY","semantic":"zone","river_class":"지방하천","river_class_source":"중심선 공간조인","river_name":"중평천","river_code":"2021050","survey_method":"사진측량","admin_code":"47900"},"geometry":{"type":"Polygon","coordinates":[[[128.40217,36.64616],[128.40205,36.64614],[128.40206,36.64648],[128.40217,36.64616]]]}},{"type":"Feature","id":"TN_RIVER_BNDRY:WTR0100000001196Y","properties":{"NF_ID":"WTR0100000001196Y","source_layer":"TN_RIVER_BNDRY","semantic":"zone","river_class":"소하천","river_class_source":"중심선 공간조인","survey_method":"사진측량","admin_code":"47900"},"geometry":{"type":"Polygon","coordinates":[[[128.40211,36.64648],[128.40206,36.64648],[128.40206,36.64648],[128.40206,36.64648],[128.40206,36.64655],[128.40205,36.64657],[128.40205,36.64658],[128.40204,36.64658],[128.40204,36.64659],[128.40204,36.6466],[128.40197,36.64832],[128.40196,36.64841],[128.40194,36.64901],[128.40194,36.64902],[128.40198,36.64902],[128.40199,36.64881],[128.402,36.64849],[128.402,36.64838],[128.40201,36.64832],[128.40205,36.64775],[128.4021,36.64689],[128.40211,36.64665],[128.40211,36.64665],[128.40211,36.64662],[128.4021,36.6466],[128.4021,36.64658],[128.4021,36.64657],[128.4021,36.64651],[128.4021,36.64649],[128.40211,36.64648]]]}},{"type":"Feature","id":"TN_RIVER_BNDRY:WTR0100000001197Z","properties":{"NF_ID":"WTR0100000001197Z","source_layer":"TN_RIVER_BNDRY","semantic":"zone","river_class":"지방하천","river_class_source":"중심선 공간조인","river_name":"중평천","river_code":"2021050","survey_method":"사진측량","admin_code":"47900"},"geometry":{"type":"Polygon","coordinates":[[[128.409,36.63343],[128.40819,36.63312],[128.40828,36.63328],[128.40599,36.63633],[128.40606,36.64],[128.40549,36.64216],[128.40556,36.6445],[128.40542,36.64535],[128.40477,36.64581],[128.40383,36.64606],[128.40217,36.64616],[128.40211,36.64648],[128.40447,36.6463],[128.40517,36.64604],[128.40583,36.64554],[128.40599,36.645],[128.40601,36.64255],[128.4067,36.6409],[128.40649,36.63745],[128.40671,36.63614],[128.4071,36.63544],[128.409,36.63343]]]}},{"type":"Feature","id":"TN_RIVER_BNDRY:WTR01000000011980","properties":{"NF_ID":"WTR01000000011980","source_layer":"TN_RIVER_BNDRY","semantic":"zone","river_class":"소하천","river_class_source":"중심선 공간조인","survey_method":"사진측량","admin_code":"47900"},"geometry":{"type":"Polygon","coordinates":[[[128.39876,36.6774],[128.3987,36.67673],[128.39821,36.67634],[128.39798,36.67581],[128.39793,36.67479],[128.39792,36.67582],[128.39816,36.67637],[128.39865,36.67674],[128.39876,36.6774]]]}},{"type":"Feature","id":"TN_RIVER_BNDRY:WTR01000000011991","properties":{"NF_ID":"WTR01000000011991","source_layer":"TN_RIVER_BNDRY","semantic":"zone","river_class":"소하천","river_class_source":"중심선 공간조인","survey_method":"사진측량","admin_code":"47900"},"geometry":{"type":"Polygon","coordinates":[[[128.39882,36.67743],[128.39868,36.67752],[128.39883,36.67759],[128.39882,36.67743]]]}},{"type":"Feature","id":"TN_RIVER_BNDRY:WTR010000000119A2","properties":{"NF_ID":"WTR010000000119A2","source_layer":"TN_RIVER_BNDRY","semantic":"zone","river_class":"지방하천","river_class_source":"중심선 공간조인","river_name":"금곡천","river_code":"2026910","survey_method":"사진측량","admin_code":"47900"},"geometry":{"type":"Polygon","coordinates":[[[128.40625,36.68994],[128.40573,36.68986],[128.40564,36.69001],[128.406,36.69026],[128.40625,36.68994]]]}},{"type":"Feature","id":"TN_RIVER_BNDRY:WTR010000000119B3","properties":{"NF_ID":"WTR010000000119B3","source_layer":"TN_RIVER_BNDRY","semantic":"zone","river_class":"지방하천","river_class_source":"중심선 공간조인","river_name":"한천","river_code":"2021020","survey_method":"사진측량","admin_code":"47900"},"geometry":{"type":"Polygon","coordinates":[[[128.44405,36.70179],[128.44325,36.7016],[128.4427,36.70229],[128.44254,36.70352],[128.4445,36.7106],[128.4455,36.71115],[128.44336,36.7038],[128.4434,36.70321],[128.44405,36.70179]]]}},{"type":"Feature","id":"TN_RIVER_BNDRY:WTR010000000119C4","properties":{"NF_ID":"WTR010000000119C4","source_layer":"TN_RIVER_BNDRY","semantic":"zone","river_class":"소하천","river_class_source":"중심선 공간조인","survey_method":"사진측량","admin_code":"47900"},"geometry":{"type":"Polygon","coordinates":[[[128.4325,36.63251],[128.43231,36.63246],[128.42761,36.63701],[128.42727,36.63769],[128.42669,36.63816],[128.42644,36.63953],[128.42562,36.64156],[128.42658,36.63954],[128.42676,36.63822],[128.4325,36.63251]]]}},{"type":"Feature","id":"TN_RIVER_BNDRY:WTR010000000119D5","properties":{"NF_ID":"WTR010000000119D5","source_layer":"TN_RIVER_BNDRY","semantic":"zone","river_class":"소하천","river_class_source":"중심선 공간조인","survey_method":"사진측량","admin_code":"47900"},"geometry":{"type":"Polygon","coordinates":[[[128.43251,36.63237],[128.42796,36.63063],[128.42688,36.63003],[128.42595,36.62928],[128.42541,36.62918],[128.4254,36.62907],[128.42535,36.62936],[128.42576,36.62941],[128.42732,36.63052],[128.43231,36.63246],[128.43251,36.63237]]]}},{"type":"Feature","id":"TN_RIVER_BNDRY:WTR010000000119E6","properties":{"NF_ID":"WTR010000000119E6","source_layer":"TN_RIVER_BNDRY","semantic":"zone","river_class":"지방하천","river_class_source":"중심선 공간조인","river_name":"한천","river_code":"2021020","survey_method":"사진측량","admin_code":"47900"},"geometry":{"type":"Polygon","coordinates":[[[128.43372,36.63011],[128.42928,36.62843],[128.42787,36.62773],[128.42727,36.62714],[128.42567,36.62774],[128.42718,36.62913],[128.43121,36.63094],[128.43217,36.6312],[128.43262,36.63103],[128.433,36.63137],[128.43372,36.63011]]]}},{"type":"Feature","id":"TN_RIVER_BNDRY:WTR010000000119F7","properties":{"NF_ID":"WTR010000000119F7","source_layer":"TN_RIVER_BNDRY","semantic":"zone","river_class":"소하천","river_class_source":"중심선 공간조인","survey_method":"사진측량","admin_code":"47900"},"geometry":{"type":"Polygon","coordinates":[[[128.44438,36.69655],[128.44435,36.69622],[128.44421,36.69619],[128.44404,36.69664],[128.44331,36.69727],[128.44215,36.69761],[128.44131,36.69757],[128.44097,36.6982],[128.44083,36.69903],[128.44062,36.69926],[128.43895,36.70017],[128.43754,36.70061],[128.43546,36.7004],[128.43511,36.69973],[128.43405,36.69929],[128.43363,36.69896],[128.43255,36.6991],[128.43159,36.69835],[128.43077,36.69824],[128.42894,36.69756],[128.42783,36.69764],[128.42744,36.69803],[128.42651,36.69818],[128.42623,36.69865],[128.42572,36.69876],[128.42565,36.70023],[128.42523,36.70063],[128.4248,36.70068],[128.42405,36.70145],[128.4242,36.70152],[128.42428,36.70126],[128.42484,36.70075],[128.42527,36.7007],[128.42574,36.70023],[128.4256,36.69961],[128.42574,36.69879],[128.42627,36.69864],[128.42652,36.69821],[128.42738,36.69808],[128.4279,36.69765],[128.42824,36.69772],[128.42891,36.69759],[128.43051,36.69822],[128.43161,36.69841],[128.4325,36.69913],[128.43362,36.699],[128.43395,36.69928],[128.43501,36.6997],[128.43543,36.70046],[128.43756,36.70068],[128.43911,36.70018],[128.44069,36.69923],[128.44135,36.69759],[128.44203,36.69765],[128.44307,36.69747],[128.44396,36.69698],[128.44438,36.69655]]]}},{"type":"Feature","id":"TN_RIVER_BNDRY:WTR010000000119G8","properties":{"NF_ID":"WTR010000000119G8","source_layer":"TN_RIVER_BNDRY","semantic":"zone","river_class":"지방하천","river_class_source":"중심선 공간조인","river_name":"한천","river_code":"2021020","survey_method":"사진측량","admin_code":"47900"},"geometry":{"type":"Polygon","coordinates":[[[128.42677,36.62589],[128.42655,36.62513],[128.42472,36.62668],[128.42479,36.62717],[128.42541,36.6274],[128.42677,36.62589]]]}},{"type":"Feature","id":"TN_RIVER_BNDRY:WTR010000000119H9","properties":{"NF_ID":"WTR010000000119H9","source_layer":"TN_RIVER_BNDRY","semantic":"zone","river_class":"소하천","river_class_source":"중심선 공간조인","survey_method":"사진측량","admin_code":"47900"},"geometry":{"type":"Polygon","coordinates":[[[128.42535,36.62936],[128.42507,36.62932],[128.42498,36.62975],[128.42535,36.62936]]]}},{"type":"Feature","id":"TN_RIVER_BNDRY:WTR010000000119IA","properties":{"NF_ID":"WTR010000000119IA","source_layer":"TN_RIVER_BNDRY","semantic":"zone","river_class":"소하천","river_class_source":"중심선 공간조인","survey_method":"사진측량","admin_code":"47900"},"geometry":{"type":"Polygon","coordinates":[[[128.42232,36.64293],[128.42173,36.64425],[128.42056,36.6454],[128.42049,36.64608],[128.42012,36.64688],[128.41767,36.64966],[128.41766,36.65005],[128.41853,36.65005],[128.41889,36.65024],[128.41905,36.65104],[128.41982,36.65144],[128.42009,36.65174],[128.41993,36.65144],[128.41908,36.65099],[128.41893,36.65019],[128.41851,36.65],[128.41776,36.65002],[128.41772,36.64982],[128.42021,36.64689],[128.42056,36.64611],[128.4206,36.6455],[128.42182,36.64428],[128.42232,36.64293]]]}},{"type":"Feature","id":"TN_RIVER_BNDRY:WTR010000000119JB","properties":{"NF_ID":"WTR010000000119JB","source_layer":"TN_RIVER_BNDRY","semantic":"zone","river_class":"지방하천","river_class_source":"중심선 공간조인","river_name":"한천","river_code":"2021020","survey_method":"사진측량","admin_code":"47900"},"geometry":{"type":"Polygon","coordinates":[[[128.42727,36.62714],[128.42687,36.62627],[128.42545,36.6274],[128.42567,36.62774],[128.42727,36.62714]]]}},{"type":"Feature","id":"TN_RIVER_BNDRY:WTR010000000119KC","properties":{"NF_ID":"WTR010000000119KC","source_layer":"TN_RIVER_BNDRY","semantic":"zone","river_class":"소하천","river_class_source":"중심선 공간조인","survey_method":"사진측량","admin_code":"47900"},"geometry":{"type":"Polygon","coordinates":[[[128.4254,36.62907],[128.42519,36.62903],[128.42507,36.62932],[128.42535,36.62936],[128.4254,36.62907]]]}},{"type":"Feature","id":"TN_RIVER_BNDRY:WTR010000000119LD","properties":{"NF_ID":"WTR010000000119LD","source_layer":"TN_RIVER_BNDRY","semantic":"zone","river_class":"소하천","river_class_source":"중심선 공간조인","survey_method":"사진측량","admin_code":"47900"},"geometry":{"type":"Polygon","coordinates":[[[128.42567,36.62774],[128.42545,36.6274],[128.42519,36.62903],[128.4254,36.62907],[128.42552,36.62781],[128.42567,36.62774]]]}},{"type":"Feature","id":"TN_RIVER_BNDRY:WTR010000000119ME","properties":{"NF_ID":"WTR010000000119ME","source_layer":"TN_RIVER_BNDRY","semantic":"zone","river_class":"지방하천","river_class_source":"중심선 공간조인","river_name":"한천","river_code":"2021020","survey_method":"사진측량","admin_code":"47900"},"geometry":{"type":"Polygon","coordinates":[[[128.42545,36.6274],[128.42687,36.62627],[128.42677,36.62589],[128.42545,36.6274]]]}},{"type":"Feature","id":"TN_RIVER_BNDRY:WTR010000000119NF","properties":{"NF_ID":"WTR010000000119NF","source_layer":"TN_RIVER_BNDRY","semantic":"zone","river_class":"지방하천","river_class_source":"중심선 공간조인","river_name":"금곡천","river_code":"2026910","survey_method":"사진측량","admin_code":"47900"},"geometry":{"type":"Polygon","coordinates":[[[128.41542,36.68507],[128.41559,36.68468],[128.41501,36.68477],[128.41523,36.68521],[128.41542,36.68507]]]}},{"type":"Feature","id":"TN_RIVER_BNDRY:WTR010000000119OG","properties":{"NF_ID":"WTR010000000119OG","source_layer":"TN_RIVER_BNDRY","semantic":"zone","river_class":"지방하천","river_class_source":"중심선 공간조인","river_name":"금곡천","river_code":"2026910","survey_method":"사진측량","admin_code":"47900"},"geometry":{"type":"Polygon","coordinates":[[[128.42247,36.68064],[128.42186,36.68039],[128.42158,36.681],[128.42203,36.68125],[128.42247,36.68064]]]}},{"type":"Feature","id":"TN_RIVER_BNDRY:WTR010000000119PH","properties":{"NF_ID":"WTR010000000119PH","source_layer":"TN_RIVER_BNDRY","semantic":"zone","river_class":"지방하천","river_class_source":"중심선 공간조인","river_name":"금곡천","river_code":"2026910","survey_method":"사진측량","admin_code":"47900"},"geometry":{"type":"Polygon","coordinates":[[[128.42203,36.68125],[128.42158,36.681],[128.42025,36.68322],[128.42036,36.68369],[128.42084,36.68323],[128.42203,36.68125]]]}},{"type":"Feature","id":"TN_RIVER_BNDRY:WTR010000000119QI","properties":{"NF_ID":"WTR010000000119QI","source_layer":"TN_RIVER_BNDRY","semantic":"zone","river_class":"소하천","river_class_source":"중심선 공간조인","survey_method":"사진측량","admin_code":"47900"},"geometry":{"type":"Polygon","coordinates":[[[128.42036,36.68369],[128.42091,36.6847],[128.42214,36.68613],[128.42211,36.68864],[128.42177,36.68968],[128.4219,36.69644],[128.42138,36.69705],[128.42134,36.69736],[128.42195,36.69644],[128.42181,36.68968],[128.42215,36.68864],[128.42219,36.68613],[128.42036,36.68369]]]}},{"type":"Feature","id":"TN_RIVER_BNDRY:WTR010000000119RJ","properties":{"NF_ID":"WTR010000000119RJ","source_layer":"TN_RIVER_BNDRY","semantic":"zone","river_class":"지방하천","river_class_source":"중심선 공간조인","river_name":"금곡천","river_code":"2026910","survey_method":"사진측량","admin_code":"47900"},"geometry":{"type":"Polygon","coordinates":[[[128.42031,36.68373],[128.41986,36.68347],[128.41795,36.6842],[128.41559,36.68468],[128.41542,36.68507],[128.41823,36.68457],[128.42031,36.68373]]]}},{"type":"Feature","id":"TN_RIVER_BNDRY:WTR010000000119SK","properties":{"NF_ID":"WTR010000000119SK","source_layer":"TN_RIVER_BNDRY","semantic":"zone","river_class":"지방하천","river_class_source":"중심선 공간조인","river_name":"금곡천","river_code":"2026910","survey_method":"사진측량","admin_code":"47900"},"geometry":{"type":"Polygon","coordinates":[[[128.42036,36.68369],[128.42025,36.68322],[128.41986,36.68347],[128.42036,36.68369]]]}},{"type":"Feature","id":"TN_RIVER_BNDRY:WTR010000000119TL","properties":{"NF_ID":"WTR010000000119TL","source_layer":"TN_RIVER_BNDRY","semantic":"zone","river_class":"지방하천","river_class_source":"중심선 공간조인","river_name":"한천","river_code":"2021020","survey_method":"사진측량","admin_code":"47900"},"geometry":{"type":"Polygon","coordinates":[[[128.44509,36.69634],[128.44438,36.69655],[128.44465,36.69685],[128.44482,36.69753],[128.44434,36.69778],[128.44455,36.69915],[128.44355,36.70121],[128.44416,36.70166],[128.4457,36.69899],[128.44595,36.69824],[128.44561,36.69687],[128.44509,36.69634]]]}},{"type":"Feature","id":"TN_RIVER_BNDRY:WTR010000000119UM","properties":{"NF_ID":"WTR010000000119UM","source_layer":"TN_RIVER_BNDRY","semantic":"zone","river_class":"지방하천","river_class_source":"중심선 공간조인","river_name":"한천","river_code":"2021020","survey_method":"사진측량","admin_code":"47900"},"geometry":{"type":"Polygon","coordinates":[[[128.44416,36.70166],[128.44355,36.70121],[128.44325,36.7016],[128.44405,36.70179],[128.44416,36.70166]]]}},{"type":"Feature","id":"TN_RIVER_BNDRY:WTR010000000119VN","properties":{"NF_ID":"WTR010000000119VN","source_layer":"TN_RIVER_BNDRY","semantic":"zone","river_class":"소하천","river_class_source":"중심선 공간조인","survey_method":"사진측량","admin_code":"47900"},"geometry":{"type":"Polygon","coordinates":[[[128.44462,36.64196],[128.43834,36.63825],[128.43787,36.63777],[128.43776,36.63791],[128.43962,36.63915],[128.44462,36.64196]]]}},{"type":"Feature","id":"TN_RIVER_BNDRY:WTR010000000119WO","properties":{"NF_ID":"WTR010000000119WO","source_layer":"TN_RIVER_BNDRY","semantic":"zone","river_class":"소하천","river_class_source":"중심선 공간조인","survey_method":"사진측량","admin_code":"47900"},"geometry":{"type":"Polygon","coordinates":[[[128.43787,36.63777],[128.43771,36.63756],[128.43753,36.63776],[128.43776,36.63791],[128.43787,36.63777]]]}},{"type":"Feature","id":"TN_RIVER_BNDRY:WTR010000000119XP","properties":{"NF_ID":"WTR010000000119XP","source_layer":"TN_RIVER_BNDRY","semantic":"zone","river_class":"소하천","river_class_source":"중심선 공간조인","survey_method":"사진측량","admin_code":"47900"},"geometry":{"type":"Polygon","coordinates":[[[128.43776,36.63791],[128.43753,36.63776],[128.43739,36.63803],[128.43599,36.63887],[128.4357,36.64128],[128.43603,36.63893],[128.43776,36.63791]]]}},{"type":"Feature","id":"TN_RIVER_BNDRY:WTR010000000119YQ","properties":{"NF_ID":"WTR010000000119YQ","source_layer":"TN_RIVER_BNDRY","semantic":"zone","river_class":"소하천","river_class_source":"중심선 공간조인","survey_method":"사진측량","admin_code":"47900"},"geometry":{"type":"Polygon","coordinates":[[[128.44472,36.64201],[128.44463,36.64196],[128.44462,36.64196],[128.44459,36.642],[128.44468,36.64205],[128.44472,36.64201]]]}},{"type":"Feature","id":"TN_RIVER_BNDRY:WTR010000000119ZR","properties":{"NF_ID":"WTR010000000119ZR","source_layer":"TN_RIVER_BNDRY","semantic":"zone","river_class":"소하천","river_class_source":"중심선 공간조인","survey_method":"사진측량","admin_code":"47900"},"geometry":{"type":"Polygon","coordinates":[[[128.44468,36.64205],[128.44174,36.64645],[128.44225,36.64693],[128.44182,36.64645],[128.44468,36.64205]]]}},{"type":"Feature","id":"TN_RIVER_BNDRY:WTR01000000011A0T","properties":{"NF_ID":"WTR01000000011A0T","source_layer":"TN_RIVER_BNDRY","semantic":"zone","river_class":"지방하천","river_class_source":"중심선 공간조인","river_name":"금곡천","river_code":"2026910","survey_method":"사진측량","admin_code":"47900"},"geometry":{"type":"Polygon","coordinates":[[[128.44254,36.67265],[128.44251,36.67245],[128.44207,36.67262],[128.44219,36.67278],[128.44254,36.67265]]]}},{"type":"Feature","id":"TN_RIVER_BNDRY:WTR01000000011A1U","properties":{"NF_ID":"WTR01000000011A1U","source_layer":"TN_RIVER_BNDRY","semantic":"zone","river_class":"지방하천","river_class_source":"중심선 공간조인","river_name":"한천","river_code":"2021020","survey_method":"사진측량","admin_code":"47900"},"geometry":{"type":"Polygon","coordinates":[[[128.44509,36.69634],[128.44476,36.69605],[128.44435,36.69622],[128.44438,36.69655],[128.44509,36.69634]]]}},{"type":"Feature","id":"TN_RIVER_BNDRY:WTR01000000011A2V","properties":{"NF_ID":"WTR01000000011A2V","source_layer":"TN_RIVER_BNDRY","semantic":"zone","river_class":"소하천","river_class_source":"중심선 공간조인","survey_method":"사진측량","admin_code":"47900"},"geometry":{"type":"Polygon","coordinates":[[[128.44219,36.67278],[128.44207,36.67262],[128.44198,36.67295],[128.4415,36.67319],[128.44018,36.67333],[128.4396,36.67307],[128.4388,36.67297],[128.43809,36.67253],[128.43585,36.67184],[128.43606,36.67206],[128.43795,36.67259],[128.43876,36.67306],[128.43951,36.67313],[128.44017,36.67342],[128.44151,36.67327],[128.44204,36.67306],[128.44219,36.67278]]]}},{"type":"Feature","id":"TN_RIVER_BNDRY:WTR01000000011A3W","properties":{"NF_ID":"WTR01000000011A3W","source_layer":"TN_RIVER_BNDRY","semantic":"zone","river_class":"소하천","river_class_source":"중심선 공간조인","survey_method":"사진측량","admin_code":"47900"},"geometry":{"type":"Polygon","coordinates":[[[128.43314,36.63177],[128.433,36.63137],[128.43251,36.63237],[128.43296,36.63176],[128.43314,36.63177]]]}},{"type":"Feature","id":"TN_RIVER_BNDRY:WTR01000000011A4X","properties":{"NF_ID":"WTR01000000011A4X","source_layer":"TN_RIVER_BNDRY","semantic":"zone","river_class":"소하천","river_class_source":"중심선 공간조인","survey_method":"사진측량","admin_code":"47900"},"geometry":{"type":"Polygon","coordinates":[[[128.43263,36.63239],[128.43251,36.63237],[128.43231,36.63246],[128.4325,36.63251],[128.43263,36.63239]]]}},{"type":"Feature","id":"TN_RIVER_BNDRY:WTR01000000011A5Y","properties":{"NF_ID":"WTR01000000011A5Y","source_layer":"TN_RIVER_BNDRY","semantic":"zone","river_class":"지방하천","river_class_source":"중심선 공간조인","river_name":"한천","river_code":"2021020","survey_method":"사진측량","admin_code":"47900"},"geometry":{"type":"Polygon","coordinates":[[[128.4344,36.63046],[128.43372,36.63011],[128.433,36.63137],[128.43314,36.63177],[128.4344,36.63046]]]}},{"type":"Feature","id":"TN_RIVER_BNDRY:WTR01000000011A6Z","properties":{"NF_ID":"WTR01000000011A6Z","source_layer":"TN_RIVER_BNDRY","semantic":"zone","river_class":"소하천","river_class_source":"중심선 공간조인","survey_method":"사진측량","admin_code":"47900"},"geometry":{"type":"Polygon","coordinates":[[[128.43771,36.63756],[128.43456,36.63375],[128.43263,36.63239],[128.4325,36.63251],[128.43349,36.63305],[128.43458,36.63396],[128.43753,36.63776],[128.43771,36.63756]]]}},{"type":"Feature","id":"TN_RIVER_BNDRY:WTR01000000011A70","properties":{"NF_ID":"WTR01000000011A70","source_layer":"TN_RIVER_BNDRY","semantic":"zone","river_class":"소하천","river_class_source":"중심선 공간조인","survey_method":"사진측량","admin_code":"47900"},"geometry":{"type":"Polygon","coordinates":[[[128.44028,36.73059],[128.44016,36.73026],[128.43943,36.73067],[128.43825,36.73077],[128.43734,36.73146],[128.43568,36.7318],[128.43479,36.73235],[128.43477,36.7331],[128.43396,36.73329],[128.43199,36.73508],[128.43139,36.73526],[128.42997,36.73493],[128.42926,36.73565],[128.42877,36.73549],[128.42683,36.73603],[128.42736,36.73601],[128.42769,36.73577],[128.42878,36.73554],[128.42931,36.73569],[128.42998,36.73499],[128.43135,36.73531],[128.43216,36.73512],[128.43393,36.73345],[128.43489,36.73313],[128.43484,36.7325],[128.43498,36.73231],[128.43588,36.73184],[128.43726,36.7316],[128.43829,36.73085],[128.44028,36.73059]]]}},{"type":"Feature","id":"TN_RIVER_BNDRY:WTR01000000011A81","properties":{"NF_ID":"WTR01000000011A81","source_layer":"TN_RIVER_BNDRY","semantic":"zone","river_class":"소하천","river_class_source":"중심선 공간조인","survey_method":"사진측량","admin_code":"47900"},"geometry":{"type":"Polygon","coordinates":[[[128.43453,36.72352],[128.43495,36.72359],[128.43426,36.72312],[128.43353,36.72231],[128.43279,36.72212],[128.43347,36.72234],[128.4337,36.72275],[128.43451,36.7233],[128.43453,36.72352]]]}},{"type":"Feature","id":"TN_RIVER_BNDRY:WTR01000000011A92","properties":{"NF_ID":"WTR01000000011A92","source_layer":"TN_RIVER_BNDRY","semantic":"zone","river_class":"지방하천","river_class_source":"중심선 공간조인","river_name":"한천","river_code":"2021020","survey_method":"사진측량","admin_code":"47900"},"geometry":{"type":"Polygon","coordinates":[[[128.4455,36.71115],[128.4445,36.7106],[128.44434,36.71099],[128.44537,36.71132],[128.4455,36.71115]]]}},{"type":"Feature","id":"TN_RIVER_BNDRY:WTR01000000011AA3","properties":{"NF_ID":"WTR01000000011AA3","source_layer":"TN_RIVER_BNDRY","semantic":"zone","river_class":"지방하천","river_class_source":"중심선 공간조인","river_name":"한천","river_code":"2021020","survey_method":"사진측량","admin_code":"47900"},"geometry":{"type":"Polygon","coordinates":[[[128.43549,36.7241],[128.43495,36.72359],[128.43453,36.72352],[128.43537,36.72419],[128.43549,36.7241]]]}},{"type":"Feature","id":"TN_RIVER_BNDRY:WTR01000000011AB4","properties":{"NF_ID":"WTR01000000011AB4","source_layer":"TN_RIVER_BNDRY","semantic":"zone","river_class":"지방하천","river_class_source":"중심선 공간조인","river_name":"한천","river_code":"2021020","survey_method":"사진측량","admin_code":"47900"},"geometry":{"type":"Polygon","coordinates":[[[128.44537,36.71132],[128.44434,36.71099],[128.44235,36.71277],[128.43971,36.71755],[128.43768,36.71997],[128.43712,36.72315],[128.43633,36.72348],[128.43495,36.72359],[128.43549,36.7241],[128.43619,36.7241],[128.4375,36.72344],[128.43776,36.72273],[128.43805,36.72014],[128.44051,36.71732],[128.44131,36.71602],[128.44145,36.71509],[128.4424,36.7133],[128.44315,36.71253],[128.44412,36.71208],[128.44448,36.7117],[128.44537,36.71132]]]}},{"type":"Feature","id":"TN_RIVER_BNDRY:WTR01000000011AC5","properties":{"NF_ID":"WTR01000000011AC5","source_layer":"TN_RIVER_BNDRY","semantic":"zone","river_class":"지방하천","river_class_source":"중심선 공간조인","river_name":"한천","river_code":"2021020","survey_method":"사진측량","admin_code":"47900"},"geometry":{"type":"Polygon","coordinates":[[[128.44064,36.73018],[128.44002,36.72766],[128.43924,36.72628],[128.43799,36.72559],[128.43557,36.72476],[128.43537,36.72419],[128.43453,36.72352],[128.43431,36.72424],[128.43481,36.72481],[128.43813,36.72602],[128.43904,36.72667],[128.43936,36.72728],[128.44016,36.73026],[128.44064,36.73018]]]}},{"type":"Feature","id":"TN_RIVER_BNDRY:WTR01000000011AD6","properties":{"NF_ID":"WTR01000000011AD6","source_layer":"TN_RIVER_BNDRY","semantic":"zone","river_class":"지방하천","river_class_source":"중심선 공간조인","river_name":"한천","river_code":"2021020","survey_method":"사진측량","admin_code":"47900"},"geometry":{"type":"Polygon","coordinates":[[[128.44073,36.7305],[128.44064,36.73018],[128.44016,36.73026],[128.44028,36.73059],[128.44073,36.7305]]]}},{"type":"Feature","id":"TN_RIVER_BNDRY:WTR01000000011AE7","properties":{"NF_ID":"WTR01000000011AE7","source_layer":"TN_RIVER_BNDRY","semantic":"zone","river_class":"소하천","river_class_source":"중심선 공간조인","survey_method":"사진측량","admin_code":"47900"},"geometry":{"type":"Polygon","coordinates":[[[128.47668,36.63469],[128.47795,36.63354],[128.48045,36.63077],[128.48287,36.62798],[128.48301,36.62754],[128.48448,36.62585],[128.48015,36.63046],[128.48035,36.63062],[128.47668,36.63469]]]}},{"type":"Feature","id":"TN_RIVER_BNDRY:WTR01000000011AF8","properties":{"NF_ID":"WTR01000000011AF8","source_layer":"TN_RIVER_BNDRY","semantic":"zone","river_class":"지방하천","river_class_source":"중심선 공간조인","river_name":"한천","river_code":"2021020","survey_method":"사진측량","admin_code":"47900"},"geometry":{"type":"Polygon","coordinates":[[[128.46401,36.6742],[128.46251,36.6735],[128.4626,36.67388],[128.46394,36.67434],[128.46401,36.6742]]]}},{"type":"Feature","id":"TN_RIVER_BNDRY:WTR01000000011AG9","properties":{"NF_ID":"WTR01000000011AG9","source_layer":"TN_RIVER_BNDRY","semantic":"zone","river_class":"지방하천","river_class_source":"중심선 공간조인","river_name":"한천","river_code":"2021020","survey_method":"사진측량","admin_code":"47900"},"geometry":{"type":"Polygon","coordinates":[[[128.46394,36.67434],[128.4626,36.67388],[128.46246,36.67446],[128.46207,36.67489],[128.46134,36.67536],[128.46034,36.67556],[128.45967,36.67589],[128.4603,36.67646],[128.46085,36.67606],[128.46303,36.67512],[128.46394,36.67434]]]}},{"type":"Feature","id":"TN_RIVER_BNDRY:WTR01000000011AHA","properties":{"NF_ID":"WTR01000000011AHA","source_layer":"TN_RIVER_BNDRY","semantic":"zone","river_class":"지방하천","river_class_source":"중심선 공간조인","river_name":"한천","river_code":"2021020","survey_method":"사진측량","admin_code":"47900"},"geometry":{"type":"Polygon","coordinates":[[[128.46391,36.67246],[128.46346,36.67206],[128.46234,36.67038],[128.46195,36.66941],[128.46154,36.66699],[128.46169,36.66618],[128.46269,36.66495],[128.46311,36.66397],[128.4634,36.66199],[128.46335,36.66042],[128.46214,36.65659],[128.46131,36.65553],[128.46035,36.65492],[128.45994,36.6548],[128.45944,36.65487],[128.45864,36.65451],[128.45701,36.65451],[128.45332,36.65369],[128.45051,36.65255],[128.44982,36.65191],[128.44941,36.65092],[128.44926,36.64928],[128.44972,36.64722],[128.45017,36.64683],[128.45063,36.64453],[128.45063,36.64335],[128.45011,36.6421],[128.44826,36.64307],[128.4488,36.64379],[128.44907,36.64459],[128.44811,36.64928],[128.4482,36.65102],[128.44848,36.6519],[128.4495,36.65306],[128.45128,36.65391],[128.45333,36.65451],[128.45911,36.65531],[128.46029,36.65589],[128.46136,36.65705],[128.46203,36.65816],[128.46273,36.66029],[128.46267,36.66286],[128.4624,36.6629],[128.46234,36.66304],[128.46259,36.66315],[128.46222,36.66404],[128.46136,36.66549],[128.46093,36.66587],[128.46021,36.6672],[128.46006,36.66784],[128.45998,36.66792],[128.45989,36.66781],[128.46086,36.67045],[128.46251,36.6735],[128.46401,36.6742],[128.46427,36.67368],[128.46398,36.67344],[128.46391,36.67246]]]}},{"type":"Feature","id":"TN_RIVER_BNDRY:WTR01000000011AIB","properties":{"NF_ID":"WTR01000000011AIB","source_layer":"TN_RIVER_BNDRY","semantic":"zone","river_class":"지방하천","river_class_source":"중심선 공간조인","river_name":"한천","river_code":"2021020","survey_method":"사진측량","admin_code":"47900"},"geometry":{"type":"Polygon","coordinates":[[[128.45011,36.6421],[128.44773,36.64266],[128.44826,36.64307],[128.45011,36.6421]]]}},{"type":"Feature","id":"TN_RIVER_BNDRY:WTR01000000011AJC","properties":{"NF_ID":"WTR01000000011AJC","source_layer":"TN_RIVER_BNDRY","semantic":"zone","river_class":"소하천","river_class_source":"중심선 공간조인","survey_method":"사진측량","admin_code":"47900"},"geometry":{"type":"Polygon","coordinates":[[[128.45716,36.66392],[128.45766,36.66387],[128.45719,36.66388],[128.45677,36.66416],[128.45716,36.66392]]]}},{"type":"Feature","id":"TN_RIVER_BNDRY:WTR01000000011AKD","properties":{"NF_ID":"WTR01000000011AKD","source_layer":"TN_RIVER_BNDRY","semantic":"zone","river_class":"소하천","river_class_source":"중심선 공간조인","survey_method":"사진측량","admin_code":"47900"},"geometry":{"type":"Polygon","coordinates":[[[128.45938,36.66325],[128.45937,36.66324],[128.45926,36.66326],[128.4591,36.66329],[128.45906,36.66331],[128.45886,36.6634],[128.45877,36.66345],[128.45878,36.66347],[128.45889,36.66342],[128.45898,36.66338],[128.4591,36.66334],[128.4593,36.66328],[128.45938,36.66325],[128.45938,36.66325],[128.45938,36.66325]]]}},{"type":"Feature","id":"TN_RIVER_BNDRY:WTR01000000011ALE","properties":{"NF_ID":"WTR01000000011ALE","source_layer":"TN_RIVER_BNDRY","semantic":"zone","river_class":"지방하천","river_class_source":"중심선 공간조인","river_name":"한천","river_code":"2021020","survey_method":"사진측량","admin_code":"47900"},"geometry":{"type":"Polygon","coordinates":[[[128.4603,36.67646],[128.45967,36.67589],[128.45931,36.67664],[128.46013,36.67686],[128.4603,36.67646]]]}},{"type":"Feature","id":"TN_RIVER_BNDRY:WTR01000000011AMF","properties":{"NF_ID":"WTR01000000011AMF","source_layer":"TN_RIVER_BNDRY","semantic":"zone","river_class":"소하천","river_class_source":"중심선 공간조인","survey_method":"사진측량","admin_code":"47900"},"geometry":{"type":"Polygon","coordinates":[[[128.44978,36.64209],[128.45055,36.64204],[128.45113,36.64223],[128.45238,36.6432],[128.45405,36.64375],[128.45242,36.64316],[128.45118,36.64219],[128.45051,36.64198],[128.44978,36.64209]]]}},{"type":"Feature","id":"TN_RIVER_BNDRY:WTR01000000011ANG","properties":{"NF_ID":"WTR01000000011ANG","source_layer":"TN_RIVER_BNDRY","semantic":"zone","river_class":"소하천","river_class_source":"중심선 공간조인","survey_method":"사진측량","admin_code":"47900"},"geometry":{"type":"Polygon","coordinates":[[[128.46401,36.6742],[128.46394,36.67434],[128.46498,36.67504],[128.46365,36.67631],[128.46355,36.67665],[128.46515,36.679],[128.46548,36.67968],[128.46548,36.68033],[128.46686,36.68109],[128.4675,36.68214],[128.46879,36.68265],[128.46993,36.68338],[128.47027,36.68393],[128.47038,36.68465],[128.47089,36.68529],[128.47146,36.68543],[128.47211,36.68496],[128.47249,36.68507],[128.4728,36.68549],[128.47298,36.68639],[128.47342,36.68672],[128.47397,36.68686],[128.47449,36.68726],[128.47474,36.68781],[128.47552,36.68831],[128.476,36.68891],[128.47603,36.68948],[128.47665,36.68992],[128.47697,36.69069],[128.47861,36.69261],[128.47976,36.69292],[128.47871,36.69268],[128.47705,36.6907],[128.47671,36.6899],[128.47607,36.68944],[128.47606,36.68891],[128.47547,36.68818],[128.47477,36.68779],[128.47454,36.68727],[128.47401,36.68682],[128.4734,36.68666],[128.47303,36.68635],[128.47287,36.68552],[128.47256,36.68507],[128.47213,36.68492],[128.47157,36.68535],[128.47099,36.6853],[128.47042,36.6846],[128.47034,36.68395],[128.46997,36.68334],[128.46869,36.68254],[128.46755,36.68211],[128.46687,36.68099],[128.46557,36.68029],[128.46555,36.67968],[128.46521,36.67897],[128.46367,36.67672],[128.46372,36.67637],[128.46507,36.67508],[128.46401,36.6742]]]}},{"type":"Feature","id":"TN_RIVER_BNDRY:WTR01000000011AOH","properties":{"NF_ID":"WTR01000000011AOH","source_layer":"TN_RIVER_BNDRY","semantic":"zone","river_class":"소하천","river_class_source":"중심선 공간조인","survey_method":"사진측량","admin_code":"47900"},"geometry":{"type":"Polygon","coordinates":[[[128.46773,36.67456],[128.46797,36.67453],[128.46858,36.67489],[128.46979,36.67529],[128.47047,36.67513],[128.47184,36.67521],[128.47222,36.6754],[128.47177,36.67511],[128.47042,36.67506],[128.4698,36.67521],[128.468,36.67449],[128.46773,36.67456]]]}},{"type":"Feature","id":"TN_RIVER_BNDRY:WTR01000000011API","properties":{"NF_ID":"WTR01000000011API","source_layer":"TN_RIVER_BNDRY","semantic":"zone","river_class":"소하천","river_class_source":"중심선 공간조인","survey_method":"사진측량","admin_code":"47900"},"geometry":{"type":"Polygon","coordinates":[[[128.46599,36.71948],[128.46664,36.72013],[128.46719,36.72149],[128.46712,36.72093],[128.46667,36.72011],[128.46599,36.71948]]]}},{"type":"Feature","id":"TN_RIVER_BNDRY:WTR01000000011AQJ","properties":{"NF_ID":"WTR01000000011AQJ","source_layer":"TN_RIVER_BNDRY","semantic":"zone","river_class":"소하천","river_class_source":"중심선 공간조인","survey_method":"사진측량","admin_code":"47900"},"geometry":{"type":"Polygon","coordinates":[[[128.48247,36.64691],[128.48349,36.64552],[128.48477,36.64439],[128.48507,36.64302],[128.48771,36.6409],[128.48897,36.63922],[128.48946,36.63904],[128.48917,36.63765],[128.48894,36.63851],[128.48755,36.64056],[128.48685,36.64127],[128.48492,36.64273],[128.48469,36.64435],[128.48347,36.64542],[128.48247,36.64691]]]}},{"type":"Feature","id":"TN_RIVER_BNDRY:WTR01000000011ARK","properties":{"NF_ID":"WTR01000000011ARK","source_layer":"TN_RIVER_BNDRY","semantic":"zone","river_class":"소하천","river_class_source":"중심선 공간조인","survey_method":"사진측량","admin_code":"47900"},"geometry":{"type":"Polygon","coordinates":[[[128.48108,36.6581],[128.48139,36.6559],[128.48111,36.65274],[128.48155,36.65202],[128.48143,36.65131],[128.48247,36.64702],[128.48131,36.65129],[128.48134,36.65208],[128.48099,36.65273],[128.48125,36.65593],[128.48123,36.65672],[128.48093,36.65767],[128.48093,36.6582],[128.48108,36.6581]]]}},{"type":"Feature","id":"TN_RIVER_BNDRY:WTR01000000011ASL","properties":{"NF_ID":"WTR01000000011ASL","source_layer":"TN_RIVER_BNDRY","semantic":"zone","river_class":"소하천","river_class_source":"중심선 공간조인","survey_method":"사진측량","admin_code":"47900"},"geometry":{"type":"Polygon","coordinates":[[[128.48247,36.64702],[128.48247,36.64691],[128.48233,36.64696],[128.48247,36.64702]]]}},{"type":"Feature","id":"TN_RIVER_BNDRY:WTR01000000011ATM","properties":{"NF_ID":"WTR01000000011ATM","source_layer":"TN_RIVER_BNDRY","semantic":"zone","river_class":"소하천","river_class_source":"중심선 공간조인","survey_method":"사진측량","admin_code":"47900"},"geometry":{"type":"Polygon","coordinates":[[[128.48235,36.64706],[128.48233,36.64696],[128.48207,36.64721],[128.48129,36.64823],[128.48235,36.64706]]]}},{"type":"Feature","id":"TN_RIVER_BNDRY:WTR01000000011AUN","properties":{"NF_ID":"WTR01000000011AUN","source_layer":"TN_RIVER_BNDRY","semantic":"zone","river_class":"소하천","river_class_source":"중심선 공간조인","survey_method":"사진측량","admin_code":"47900"},"geometry":{"type":"Polygon","coordinates":[[[128.48762,36.67095],[128.48814,36.66995],[128.48776,36.66853],[128.48633,36.66716],[128.48609,36.66637],[128.48675,36.66504],[128.48678,36.66428],[128.48507,36.66217],[128.48476,36.66112],[128.48345,36.65965],[128.48244,36.65873],[128.48197,36.65881],[128.48115,36.65821],[128.48107,36.6583],[128.48182,36.65886],[128.48247,36.65887],[128.4845,36.66093],[128.48499,36.6622],[128.48674,36.66443],[128.48661,36.66516],[128.48608,36.66592],[128.48595,36.6665],[128.48621,36.66728],[128.48767,36.66852],[128.48805,36.66997],[128.48751,36.67087],[128.48762,36.67095]]]}},{"type":"Feature","id":"TN_RIVER_BNDRY:WTR01000000011AVO","properties":{"NF_ID":"WTR01000000011AVO","source_layer":"TN_RIVER_BNDRY","semantic":"zone","river_class":"소하천","river_class_source":"중심선 공간조인","survey_method":"사진측량","admin_code":"47900"},"geometry":{"type":"Polygon","coordinates":[[[128.4875,36.67108],[128.48749,36.67098],[128.48664,36.67113],[128.48547,36.67165],[128.4862,36.6713],[128.4875,36.67108]]]}},{"type":"Feature","id":"TN_RIVER_BNDRY:WTR01000000011AWP","properties":{"NF_ID":"WTR01000000011AWP","source_layer":"TN_RIVER_BNDRY","semantic":"zone","river_class":"소하천","river_class_source":"중심선 공간조인","survey_method":"사진측량","admin_code":"47900"},"geometry":{"type":"Polygon","coordinates":[[[128.48107,36.6583],[128.48093,36.6582],[128.48088,36.65856],[128.48107,36.6583]]]}},{"type":"Feature","id":"TN_RIVER_BNDRY:WTR01000000011AXQ","properties":{"NF_ID":"WTR01000000011AXQ","source_layer":"TN_RIVER_BNDRY","semantic":"zone","river_class":"소하천","river_class_source":"중심선 공간조인","survey_method":"사진측량","admin_code":"47900"},"geometry":{"type":"Polygon","coordinates":[[[128.48115,36.65821],[128.48108,36.6581],[128.48093,36.6582],[128.48107,36.6583],[128.48115,36.65821]]]}},{"type":"Feature","id":"TN_RIVER_BNDRY:WTR01000000011AYR","properties":{"NF_ID":"WTR01000000011AYR","source_layer":"TN_RIVER_BNDRY","semantic":"zone","river_class":"소하천","river_class_source":"중심선 공간조인","survey_method":"사진측량","admin_code":"47900"},"geometry":{"type":"Polygon","coordinates":[[[128.48762,36.67106],[128.48761,36.67103],[128.48761,36.67098],[128.48762,36.67095],[128.48749,36.67098],[128.4875,36.67108],[128.48762,36.67106]]]}},{"type":"Feature","id":"TN_RIVER_BNDRY:WTR01000000011AZS","properties":{"NF_ID":"WTR01000000011AZS","source_layer":"TN_RIVER_BNDRY","semantic":"zone","river_class":"지방하천","river_class_source":"중심선 공간조인","river_name":"내성천","river_code":"2020830","survey_method":"사진측량","admin_code":"47900"},"geometry":{"type":"Polygon","coordinates":[[[128.49163,36.62547],[128.49163,36.62527],[128.4872,36.62544],[128.48743,36.6264],[128.49163,36.62547]]]}},{"type":"Feature","id":"TN_RIVER_BNDRY:WTR01000000011B0U","properties":{"NF_ID":"WTR01000000011B0U","source_layer":"TN_RIVER_BNDRY","semantic":"zone","river_class":"소하천","river_class_source":"중심선 공간조인","survey_method":"사진측량","admin_code":"47900"},"geometry":{"type":"Polygon","coordinates":[[[128.48762,36.67106],[128.48757,36.67119],[128.48819,36.6719],[128.48948,36.67249],[128.49074,36.67344],[128.49125,36.67364],[128.48955,36.67246],[128.48823,36.67185],[128.48762,36.67106]]]}},{"type":"Feature","id":"TN_RIVER_BNDRY:WTR01000000011B1V","properties":{"NF_ID":"WTR01000000011B1V","source_layer":"TN_RIVER_BNDRY","semantic":"zone","river_class":"지방하천","river_class_source":"중심선 공간조인","river_name":"석관천","river_code":"2021010","survey_method":"사진측량","admin_code":"47900"},"geometry":{"type":"Polygon","coordinates":[[[128.49137,36.73138],[128.49128,36.7312],[128.49078,36.73129],[128.49082,36.73148],[128.49137,36.73138]]]}},{"type":"Feature","id":"TN_RIVER_BNDRY:WTR01000000011B2W","properties":{"NF_ID":"WTR01000000011B2W","source_layer":"TN_RIVER_BNDRY","semantic":"zone","river_class":"소하천","river_class_source":"중심선 공간조인","survey_method":"사진측량","admin_code":"47900"},"geometry":{"type":"Polygon","coordinates":[[[128.49082,36.73148],[128.49078,36.73129],[128.48982,36.73152],[128.48772,36.7313],[128.48597,36.73174],[128.48491,36.73158],[128.484,36.73203],[128.48322,36.73203],[128.48129,36.73338],[128.4809,36.73296],[128.48055,36.73289],[128.48081,36.73295],[128.48129,36.73341],[128.48311,36.73216],[128.48353,36.732],[128.48415,36.73209],[128.48495,36.73164],[128.48583,36.73183],[128.4876,36.73137],[128.48998,36.73163],[128.49082,36.73148]]]}},{"type":"Feature","id":"TN_RIVER_BNDRY:WTR01000000011B93","properties":{"NF_ID":"WTR01000000011B93","source_layer":"TN_RIVER_BNDRY","semantic":"zone","river_class":"소하천","river_class_source":"중심선 공간조인","survey_method":"사진측량","admin_code":"47900"},"geometry":{"type":"Polygon","coordinates":[[[128.43982,36.59811],[128.43944,36.59831],[128.43928,36.59915],[128.43951,36.5984],[128.43982,36.59811]]]}},{"type":"Feature","id":"TN_RIVER_BNDRY:WTR01000000011BA4","properties":{"NF_ID":"WTR01000000011BA4","source_layer":"TN_RIVER_BNDRY","semantic":"zone","river_class":"소하천","river_class_source":"중심선 공간조인","survey_method":"사진측량","admin_code":"47900"},"geometry":{"type":"Polygon","coordinates":[[[128.45178,36.60444],[128.45163,36.60439],[128.45182,36.60478],[128.453,36.60657],[128.45302,36.60793],[128.45325,36.60829],[128.45351,36.6097],[128.45348,36.61131],[128.4532,36.61197],[128.45357,36.61126],[128.45361,36.60967],[128.45311,36.60776],[128.45309,36.60661],[128.45288,36.60605],[128.45213,36.60518],[128.45178,36.60444]]]}},{"type":"Feature","id":"TN_RIVER_BNDRY:WTR01000000011BB5","properties":{"NF_ID":"WTR01000000011BB5","source_layer":"TN_RIVER_BNDRY","semantic":"zone","river_class":"국가하천","river_class_source":"중심선 공간조인","river_name":"내성천","river_code":"2020830","survey_method":"사진측량","admin_code":"47900"},"geometry":{"type":"Polygon","coordinates":[[[128.45119,36.60199],[128.45062,36.6025],[128.45178,36.60444],[128.45119,36.60199]]]}},{"type":"Feature","id":"TN_RIVER_BNDRY:WTR01000000011BC6","properties":{"NF_ID":"WTR01000000011BC6","source_layer":"TN_RIVER_BNDRY","semantic":"zone","river_class":"국가하천","river_class_source":"중심선 공간조인","river_name":"내성천","river_code":"2020830","survey_method":"사진측량","admin_code":"47900"},"geometry":{"type":"Polygon","coordinates":[[[128.46513,36.59964],[128.469,36.59757],[128.46675,36.59705],[128.46549,36.59694],[128.4641,36.59688],[128.4624,36.59736],[128.46083,36.59806],[128.45881,36.59814],[128.45491,36.59902],[128.45392,36.59954],[128.4538,36.59981],[128.45299,36.60016],[128.45204,36.6013],[128.45148,36.6016],[128.45119,36.60199],[128.45178,36.60444],[128.45364,36.60419],[128.45384,36.60391],[128.45593,36.60266],[128.46158,36.59986],[128.46286,36.5994],[128.46513,36.59964]]]}},{"type":"Feature","id":"TN_RIVER_BNDRY:WTR01000000011BD7","properties":{"NF_ID":"WTR01000000011BD7","source_layer":"TN_RIVER_BNDRY","semantic":"zone","river_class":"소하천","river_class_source":"중심선 공간조인","survey_method":"사진측량","admin_code":"47900"},"geometry":{"type":"Polygon","coordinates":[[[128.42025,36.5979],[128.42024,36.59787],[128.42022,36.59787],[128.42012,36.59789],[128.41979,36.59797],[128.4195,36.59804],[128.4194,36.59806],[128.41935,36.59807],[128.41932,36.59807],[128.41932,36.59808],[128.41933,36.5981],[128.41931,36.59813],[128.41933,36.59816],[128.41935,36.59815],[128.4194,36.59813],[128.41946,36.5981],[128.41951,36.59809],[128.41963,36.59806],[128.41997,36.59797],[128.42023,36.59791],[128.42025,36.5979]]]}},{"type":"Feature","id":"TN_RIVER_BNDRY:WTR01000000011BE8","properties":{"NF_ID":"WTR01000000011BE8","source_layer":"TN_RIVER_BNDRY","semantic":"zone","river_class":"국가하천","river_class_source":"중심선 공간조인","river_name":"내성천","river_code":"2020830","survey_method":"사진측량","admin_code":"47900"},"geometry":{"type":"Polygon","coordinates":[[[128.39267,36.59577],[128.3937,36.59233],[128.39268,36.59212],[128.39114,36.59583],[128.39267,36.59577]]]}},{"type":"Feature","id":"TN_RIVER_BNDRY:WTR01000000011BF9","properties":{"NF_ID":"WTR01000000011BF9","source_layer":"TN_RIVER_BNDRY","semantic":"zone","river_class":"소하천","river_class_source":"중심선 공간조인","survey_method":"사진측량","admin_code":"47900"},"geometry":{"type":"Polygon","coordinates":[[[128.39428,36.5959],[128.39427,36.59588],[128.39422,36.59589],[128.39421,36.5959],[128.39422,36.59597],[128.39426,36.59668],[128.39427,36.59679],[128.39427,36.59681],[128.39427,36.59687],[128.39427,36.5969],[128.39427,36.59692],[128.39432,36.59767],[128.39433,36.59776],[128.39433,36.5978],[128.39434,36.59781],[128.39434,36.59785],[128.39433,36.59789],[128.39434,36.59794],[128.39434,36.59806],[128.39438,36.59853],[128.39439,36.59859],[128.39441,36.5986],[128.39444,36.5986],[128.39445,36.59857],[128.39444,36.5984],[128.39442,36.5979],[128.39442,36.59789],[128.39442,36.59788],[128.3944,36.59786],[128.3944,36.59785],[128.3944,36.59783],[128.3944,36.59782],[128.3944,36.59781],[128.3944,36.5978],[128.3944,36.5978],[128.39441,36.59778],[128.39441,36.59777],[128.39438,36.59738],[128.39433,36.59685],[128.3943,36.59625],[128.39428,36.5959]]]}},{"type":"Feature","id":"TN_RIVER_BNDRY:WTR01000000011BGA","properties":{"NF_ID":"WTR01000000011BGA","source_layer":"TN_RIVER_BNDRY","semantic":"zone","river_class":"소하천","river_class_source":"중심선 공간조인","survey_method":"사진측량","admin_code":"47900"},"geometry":{"type":"Polygon","coordinates":[[[128.38985,36.59808],[128.39011,36.59598],[128.38976,36.59832],[128.39006,36.59968],[128.38985,36.59808]]]}},{"type":"Feature","id":"TN_RIVER_BNDRY:WTR01000000011BHB","properties":{"NF_ID":"WTR01000000011BHB","source_layer":"TN_RIVER_BNDRY","semantic":"zone","river_class":"지방하천","river_class_source":"중심선 공간조인","river_name":"내성천","river_code":"2020830","survey_method":"사진측량","admin_code":"47900"},"geometry":{"type":"Polygon","coordinates":[[[128.49081,36.6201],[128.49065,36.61931],[128.48995,36.61901],[128.48651,36.62129],[128.48603,36.62266],[128.48621,36.62274],[128.49081,36.6201]]]}},{"type":"Feature","id":"TN_RIVER_BNDRY:WTR01000000011BIC","properties":{"NF_ID":"WTR01000000011BIC","source_layer":"TN_RIVER_BNDRY","semantic":"zone","river_class":"지방하천","river_class_source":"중심선 공간조인","river_name":"내성천","river_code":"2020830","survey_method":"사진측량","admin_code":"47900"},"geometry":{"type":"Polygon","coordinates":[[[128.49087,36.62062],[128.49081,36.6201],[128.48621,36.62274],[128.49087,36.62062]]]}},{"type":"Feature","id":"TN_RIVER_BNDRY:WTR01000000011BJD","properties":{"NF_ID":"WTR01000000011BJD","source_layer":"TN_RIVER_BNDRY","semantic":"zone","river_class":"국가하천","river_class_source":"중심선 공간조인","river_name":"낙동강","river_code":"2000010","survey_method":"사진측량","admin_code":"47900"},"geometry":{"type":"Polygon","coordinates":[[[128.37998,36.50398],[128.37891,36.50813],[128.37972,36.50788],[128.3804,36.50409],[128.37998,36.50398]]]}},{"type":"Feature","id":"TN_RIVER_BNDRY:WTR01000000011BKE","properties":{"NF_ID":"WTR01000000011BKE","source_layer":"TN_RIVER_BNDRY","semantic":"zone","river_class":"국가하천","river_class_source":"중심선 공간조인","river_name":"내성천","river_code":"2020830","survey_method":"사진측량","admin_code":"47900"},"geometry":{"type":"Polygon","coordinates":[[[128.37873,36.59432],[128.37918,36.59438],[128.38051,36.59056],[128.37736,36.59417],[128.37756,36.59428],[128.37783,36.59418],[128.37765,36.59435],[128.37777,36.59443],[128.37873,36.59432]]]}},{"type":"Feature","id":"TN_RIVER_BNDRY:WTR01000000011BLF","properties":{"NF_ID":"WTR01000000011BLF","source_layer":"TN_RIVER_BNDRY","semantic":"zone","river_class":"소하천","river_class_source":"중심선 공간조인","survey_method":"사진측량","admin_code":"47900"},"geometry":{"type":"Polygon","coordinates":[[[128.37891,36.59434],[128.37873,36.59432],[128.37879,36.59454],[128.37973,36.59498],[128.38197,36.59545],[128.38352,36.59608],[128.38224,36.59538],[128.3798,36.59478],[128.37891,36.59434]]]}},{"type":"Feature","id":"TN_RIVER_BNDRY:WTR01000000011BMG","properties":{"NF_ID":"WTR01000000011BMG","source_layer":"TN_RIVER_BNDRY","semantic":"zone","river_class":"국가하천","river_class_source":"중심선 공간조인","river_name":"내성천","river_code":"2020830","survey_method":"사진측량","admin_code":"47900"},"geometry":{"type":"Polygon","coordinates":[[[128.39114,36.59583],[128.39268,36.59212],[128.39196,36.59233],[128.39016,36.5925],[128.3872,36.59226],[128.38051,36.59056],[128.37918,36.59438],[128.37992,36.59471],[128.38232,36.59531],[128.38392,36.59612],[128.39114,36.59583]]]}},{"type":"Feature","id":"TN_RIVER_BNDRY:WTR01000000011BNH","properties":{"NF_ID":"WTR01000000011BNH","source_layer":"TN_RIVER_BNDRY","semantic":"zone","river_class":"국가하천","river_class_source":"중심선 공간조인","river_name":"낙동강","river_code":"2000010","survey_method":"사진측량","admin_code":"47900"},"geometry":{"type":"Polygon","coordinates":[[[128.41023,36.51813],[128.40892,36.51673],[128.40519,36.51467],[128.40388,36.5137],[128.40267,36.51272],[128.40269,36.51184],[128.40003,36.51008],[128.39782,36.50935],[128.39323,36.5075],[128.3894,36.50681],[128.38668,36.50608],[128.38417,36.50493],[128.3804,36.50409],[128.37972,36.50788],[128.38127,36.5076],[128.38282,36.50756],[128.3918,36.50941],[128.39169,36.50917],[128.3923,36.50984],[128.39334,36.50931],[128.39399,36.50927],[128.39526,36.50954],[128.39817,36.51071],[128.40026,36.51133],[128.40112,36.51184],[128.40201,36.51248],[128.40455,36.5149],[128.40456,36.51508],[128.40623,36.51598],[128.40663,36.51664],[128.40841,36.51766],[128.40888,36.51841],[128.40965,36.519],[128.41044,36.51831],[128.41023,36.51813]]]}},{"type":"Feature","id":"TN_RIVER_BNDRY:WTR01000000011BRL","properties":{"NF_ID":"WTR01000000011BRL","source_layer":"TN_RIVER_BNDRY","semantic":"zone","river_class":"소하천","river_class_source":"중심선 공간조인","survey_method":"사진측량","admin_code":"47900"},"geometry":{"type":"Polygon","coordinates":[[[128.39663,36.54736],[128.39661,36.54735],[128.3966,36.54737],[128.39661,36.54737],[128.39664,36.54739],[128.39664,36.54739],[128.39664,36.5474],[128.39664,36.54741],[128.39664,36.54744],[128.39656,36.54794],[128.39652,36.54813],[128.39652,36.54813],[128.39652,36.54814],[128.39651,36.54815],[128.39651,36.54815],[128.3965,36.54815],[128.39648,36.54816],[128.39648,36.54817],[128.39648,36.54818],[128.39649,36.54818],[128.39649,36.54818],[128.39651,36.54817],[128.39652,36.54816],[128.39653,36.54816],[128.39654,36.54815],[128.39654,36.54815],[128.39654,36.54814],[128.39658,36.54795],[128.39666,36.54744],[128.39666,36.5474],[128.39666,36.5474],[128.39666,36.54739],[128.39666,36.54738],[128.39663,36.54736]]]}},{"type":"Feature","id":"TN_RIVER_BNDRY:WTR01000000011BSM","properties":{"NF_ID":"WTR01000000011BSM","source_layer":"TN_RIVER_BNDRY","semantic":"zone","river_class":"소하천","river_class_source":"중심선 공간조인","survey_method":"사진측량","admin_code":"47900"},"geometry":{"type":"Polygon","coordinates":[[[128.38554,36.54566],[128.38542,36.54561],[128.38518,36.54641],[128.38399,36.5474],[128.38421,36.55018],[128.38375,36.55055],[128.38344,36.55113],[128.38338,36.55211],[128.38346,36.55115],[128.38381,36.55055],[128.38424,36.55027],[128.38407,36.54737],[128.38524,36.54647],[128.38554,36.54566]]]}},{"type":"Feature","id":"TN_RIVER_BNDRY:WTR01000000011BTN","properties":{"NF_ID":"WTR01000000011BTN","source_layer":"TN_RIVER_BNDRY","semantic":"zone","river_class":"소하천","river_class_source":"중심선 공간조인","survey_method":"사진측량","admin_code":"47900"},"geometry":{"type":"MultiPolygon","coordinates":[[[[128.45851,36.55312],[128.45852,36.55312],[128.45872,36.55315],[128.45873,36.55315],[128.45875,36.55311],[128.45878,36.55307],[128.45878,36.55307],[128.45875,36.55307],[128.45873,36.55308],[128.45869,36.55309],[128.45865,36.55309],[128.4586,36.55309],[128.45855,36.5531],[128.45851,36.55311],[128.45847,36.55311],[128.45843,36.55311],[128.45851,36.55312]]],[[[128.45825,36.5531],[128.45823,36.55309],[128.4582,36.55309],[128.45819,36.5531],[128.45825,36.5531]]],[[[128.45556,36.55416],[128.4565,36.55356],[128.45544,36.55412],[128.45556,36.55416]]]]}},{"type":"Feature","id":"TN_RIVER_BNDRY:WTR01000000011BXR","properties":{"NF_ID":"WTR01000000011BXR","source_layer":"TN_RIVER_BNDRY","semantic":"zone","river_class":"소하천","river_class_source":"중심선 공간조인","survey_method":"사진측량","admin_code":"47900"},"geometry":{"type":"Polygon","coordinates":[[[128.48554,36.59425],[128.48839,36.59779],[128.48842,36.59831],[128.48823,36.59854],[128.48847,36.5987],[128.48993,36.59869],[128.48836,36.59857],[128.48855,36.59825],[128.48846,36.59773],[128.48554,36.59425]]]}},{"type":"Feature","id":"TN_RIVER_BNDRY:WTR01000000011BYS","properties":{"NF_ID":"WTR01000000011BYS","source_layer":"TN_RIVER_BNDRY","semantic":"zone","river_class":"지방하천","river_class_source":"중심선 공간조인","river_name":"내성천","river_code":"2020830","survey_method":"사진측량","admin_code":"47900"},"geometry":{"type":"Polygon","coordinates":[[[128.48995,36.61901],[128.48944,36.61892],[128.487,36.62018],[128.48651,36.62129],[128.48995,36.61901]]]}},{"type":"Feature","id":"TN_RIVER_BNDRY:WTR01000000011BZT","properties":{"NF_ID":"WTR01000000011BZT","source_layer":"TN_RIVER_BNDRY","semantic":"zone","river_class":"소하천","river_class_source":"중심선 공간조인","survey_method":"사진측량","admin_code":"47900"},"geometry":{"type":"Polygon","coordinates":[[[128.48545,36.59429],[128.48527,36.59399],[128.48499,36.59398],[128.48383,36.59561],[128.48313,36.59598],[128.48231,36.59609],[128.48161,36.59599],[128.47895,36.59492],[128.47766,36.59402],[128.47563,36.59372],[128.47527,36.59372],[128.475,36.59392],[128.47591,36.5939],[128.47767,36.59416],[128.47861,36.595],[128.48145,36.59613],[128.48236,36.5963],[128.48318,36.59618],[128.48385,36.59584],[128.48493,36.59447],[128.48545,36.59429]]]}},{"type":"Feature","id":"TN_RIVER_BNDRY:WTR01000000011C0V","properties":{"NF_ID":"WTR01000000011C0V","source_layer":"TN_RIVER_BNDRY","semantic":"zone","river_class":"국가하천","river_class_source":"중심선 공간조인","river_name":"내성천","river_code":"2020830","survey_method":"사진측량","admin_code":"47900"},"geometry":{"type":"Polygon","coordinates":[[[128.46936,36.59769],[128.469,36.59757],[128.46513,36.59964],[128.46601,36.59987],[128.46936,36.59769]]]}},{"type":"Feature","id":"TN_RIVER_BNDRY:WTR01000000011C1W","properties":{"NF_ID":"WTR01000000011C1W","source_layer":"TN_RIVER_BNDRY","semantic":"zone","river_class":"소하천","river_class_source":"중심선 공간조인","survey_method":"사진측량","admin_code":"47900"},"geometry":{"type":"Polygon","coordinates":[[[128.47188,36.61584],[128.47169,36.61581],[128.47152,36.61618],[128.47157,36.61663],[128.47188,36.61584]]]}},{"type":"Feature","id":"TN_RIVER_BNDRY:WTR01000000011C2X","properties":{"NF_ID":"WTR01000000011C2X","source_layer":"TN_RIVER_BNDRY","semantic":"zone","river_class":"지방하천","river_class_source":"중심선 공간조인","river_name":"내성천","river_code":"2020830","survey_method":"사진측량","admin_code":"47900"},"geometry":{"type":"Polygon","coordinates":[[[128.47335,36.61361],[128.47296,36.61357],[128.47169,36.61581],[128.47188,36.61584],[128.47335,36.61361]]]}},{"type":"Feature","id":"TN_RIVER_BNDRY:WTR01000000011C3Y","properties":{"NF_ID":"WTR01000000011C3Y","source_layer":"TN_RIVER_BNDRY","semantic":"zone","river_class":"소하천","river_class_source":"중심선 공간조인","survey_method":"사진측량","admin_code":"47900"},"geometry":{"type":"Polygon","coordinates":[[[128.475,36.59392],[128.47481,36.59359],[128.47381,36.59374],[128.47206,36.5947],[128.47029,36.59529],[128.46973,36.59603],[128.46988,36.59665],[128.46978,36.59719],[128.46942,36.59748],[128.469,36.59757],[128.46936,36.59769],[128.46994,36.59737],[128.47008,36.59672],[128.46988,36.59614],[128.47034,36.59544],[128.47211,36.59489],[128.47387,36.59399],[128.475,36.59392]]]}},{"type":"Feature","id":"TN_RIVER_BNDRY:WTR01000000011C4Z","properties":{"NF_ID":"WTR01000000011C4Z","source_layer":"TN_RIVER_BNDRY","semantic":"zone","river_class":"지방하천","river_class_source":"중심선 공간조인","river_name":"내성천","river_code":"2020830","survey_method":"사진측량","admin_code":"47900"},"geometry":{"type":"Polygon","coordinates":[[[128.47296,36.61357],[128.47206,36.61335],[128.47132,36.61298],[128.47099,36.61262],[128.47088,36.61209],[128.47113,36.61168],[128.47246,36.61051],[128.47256,36.61024],[128.4724,36.60975],[128.47251,36.60968],[128.47267,36.60991],[128.475,36.60816],[128.47532,36.60758],[128.47574,36.60575],[128.47565,36.60324],[128.47515,36.6031],[128.47467,36.60211],[128.47352,36.60058],[128.47225,36.59962],[128.47063,36.59884],[128.46936,36.59769],[128.46601,36.59987],[128.46767,36.60046],[128.46883,36.6011],[128.47029,36.60146],[128.47092,36.60191],[128.47096,36.60221],[128.47118,36.60228],[128.4713,36.60215],[128.47284,36.60326],[128.4733,36.60378],[128.47341,36.60434],[128.47324,36.60579],[128.47271,36.60709],[128.4715,36.60872],[128.46855,36.6112],[128.46828,36.61176],[128.46821,36.61266],[128.46927,36.61444],[128.47003,36.61501],[128.47169,36.61581],[128.47296,36.61357]]]}},{"type":"Feature","id":"TN_RIVER_BNDRY:WTR01000000011C50","properties":{"NF_ID":"WTR01000000011C50","source_layer":"TN_RIVER_BNDRY","semantic":"zone","river_class":"지방하천","river_class_source":"중심선 공간조인","river_name":"내성천","river_code":"2020830","survey_method":"사진측량","admin_code":"47900"},"geometry":{"type":"Polygon","coordinates":[[[128.48944,36.61892],[128.48914,36.61865],[128.48878,36.61678],[128.48838,36.61591],[128.48773,36.61554],[128.48689,36.61471],[128.48533,36.61386],[128.47966,36.61334],[128.47794,36.61389],[128.47648,36.61415],[128.47625,36.61398],[128.47335,36.61361],[128.47188,36.61584],[128.47522,36.61644],[128.47672,36.61646],[128.47877,36.61624],[128.4785,36.61607],[128.4785,36.61581],[128.47988,36.61548],[128.48069,36.61566],[128.48194,36.61569],[128.48349,36.61628],[128.48529,36.61753],[128.48705,36.61921],[128.487,36.62018],[128.48944,36.61892]]]}},{"type":"Feature","id":"TN_RIVER_BNDRY:WTR01000000011C61","properties":{"NF_ID":"WTR01000000011C61","source_layer":"TN_RIVER_BNDRY","semantic":"zone","river_class":"소하천","river_class_source":"중심선 공간조인","survey_method":"사진측량","admin_code":"47900"},"geometry":{"type":"Polygon","coordinates":[[[128.47527,36.59372],[128.47511,36.59354],[128.47481,36.59359],[128.475,36.59392],[128.47527,36.59372]]]}},{"type":"Feature","id":"TN_RIVER_BNDRY:WTR01000000011C72","properties":{"NF_ID":"WTR01000000011C72","source_layer":"TN_RIVER_BNDRY","semantic":"zone","river_class":"지방하천","river_class_source":"중심선 공간조인","river_name":"송평천","river_code":"2021060","survey_method":"사진측량","admin_code":"47900"},"geometry":{"type":"Polygon","coordinates":[[[128.41824,36.57692],[128.41849,36.57713],[128.41875,36.57644],[128.42009,36.5759],[128.42316,36.57619],[128.43688,36.58043],[128.43832,36.58042],[128.44051,36.58105],[128.45,36.57859],[128.45163,36.57777],[128.45403,36.5771],[128.45503,36.57659],[128.45987,36.57639],[128.46352,36.57575],[128.46385,36.57556],[128.46474,36.57552],[128.46639,36.57509],[128.47181,36.57419],[128.47357,36.57418],[128.47463,36.57434],[128.47469,36.57424],[128.4807,36.57426],[128.483,36.57413],[128.48455,36.57422],[128.48464,36.57433],[128.48468,36.57423],[128.4859,36.57421],[128.48712,36.57382],[128.48947,36.5735],[128.48944,36.5734],[128.48715,36.57375],[128.48536,36.57416],[128.4827,36.57406],[128.47602,36.5742],[128.47162,36.57408],[128.4597,36.57615],[128.45488,36.57636],[128.45373,36.57694],[128.45144,36.57758],[128.44994,36.57834],[128.44061,36.58078],[128.43843,36.58017],[128.43704,36.58021],[128.4231,36.57596],[128.41997,36.5757],[128.41858,36.57627],[128.41824,36.57692]]]}},{"type":"Feature","id":"TN_RIVER_BNDRY:WTR01000000011C83","properties":{"NF_ID":"WTR01000000011C83","source_layer":"TN_RIVER_BNDRY","semantic":"zone","river_class":"소하천","river_class_source":"중심선 공간조인","survey_method":"사진측량","admin_code":"47900"},"geometry":{"type":"Polygon","coordinates":[[[128.42735,36.54559],[128.42751,36.54544],[128.42866,36.54526],[128.42911,36.54494],[128.43097,36.5415],[128.43153,36.53754],[128.43262,36.53598],[128.43303,36.53453],[128.43351,36.53357],[128.43383,36.53207],[128.43295,36.53136],[128.43272,36.53072],[128.43202,36.52999],[128.43139,36.52815],[128.43011,36.52678],[128.42917,36.52618],[128.42527,36.5249],[128.42519,36.52451],[128.42505,36.52453],[128.42523,36.52505],[128.42928,36.52642],[128.42982,36.52679],[128.43126,36.52827],[128.43186,36.53007],[128.43257,36.53072],[128.43293,36.53158],[128.43362,36.53198],[128.43369,36.53216],[128.43339,36.53369],[128.43286,36.53467],[128.43248,36.53601],[128.43138,36.5377],[128.43084,36.54156],[128.42895,36.54502],[128.42863,36.54521],[128.42745,36.54538],[128.42701,36.54563],[128.42735,36.54559]]]}},{"type":"Feature","id":"TN_RIVER_BNDRY:WTR01000000011C94","properties":{"NF_ID":"WTR01000000011C94","source_layer":"TN_RIVER_BNDRY","semantic":"zone","river_class":"국가하천","river_class_source":"중심선 공간조인","river_name":"낙동강","river_code":"2000010","survey_method":"사진측량","admin_code":"47900"},"geometry":{"type":"Polygon","coordinates":[[[128.42476,36.52062],[128.42344,36.52072],[128.42118,36.52149],[128.42005,36.52203],[128.41938,36.52296],[128.41686,36.52199],[128.41575,36.52354],[128.41783,36.52446],[128.4231,36.52492],[128.4244,36.52476],[128.42467,36.52462],[128.42475,36.52428],[128.42505,36.52453],[128.42508,36.52062],[128.42476,36.52062]]]}},{"type":"Feature","id":"TN_RIVER_BNDRY:WTR01000000011CA5","properties":{"NF_ID":"WTR01000000011CA5","source_layer":"TN_RIVER_BNDRY","semantic":"zone","river_class":"소하천","river_class_source":"중심선 공간조인","survey_method":"사진측량","admin_code":"47900"},"geometry":{"type":"Polygon","coordinates":[[[128.47603,36.59174],[128.47585,36.5915],[128.47555,36.59307],[128.47511,36.59354],[128.47527,36.59372],[128.47572,36.59324],[128.47603,36.59174]]]}},{"type":"Feature","id":"TN_RIVER_BNDRY:WTR01000000011CB6","properties":{"NF_ID":"WTR01000000011CB6","source_layer":"TN_RIVER_BNDRY","semantic":"zone","river_class":"소하천","river_class_source":"중심선 공간조인","survey_method":"사진측량","admin_code":"47900"},"geometry":{"type":"Polygon","coordinates":[[[128.47592,36.59141],[128.4758,36.59116],[128.47505,36.59096],[128.47577,36.5912],[128.47585,36.5915],[128.47592,36.59141]]]}},{"type":"Feature","id":"TN_RIVER_BNDRY:WTR01000000011CC7","properties":{"NF_ID":"WTR01000000011CC7","source_layer":"TN_RIVER_BNDRY","semantic":"zone","river_class":"소하천","river_class_source":"중심선 공간조인","survey_method":"사진측량","admin_code":"47900"},"geometry":{"type":"Polygon","coordinates":[[[128.48554,36.59425],[128.48545,36.59403],[128.48543,36.59404],[128.48541,36.59405],[128.48538,36.59405],[128.48536,36.59404],[128.48534,36.59404],[128.48533,36.59403],[128.48532,36.59402],[128.48531,36.59401],[128.48527,36.59399],[128.48545,36.59429],[128.48554,36.59425]]]}},{"type":"Feature","id":"TN_RIVER_BNDRY:WTR01000000011CD8","properties":{"NF_ID":"WTR01000000011CD8","source_layer":"TN_RIVER_BNDRY","semantic":"zone","river_class":"소하천","river_class_source":"중심선 공간조인","survey_method":"사진측량","admin_code":"47900"},"geometry":{"type":"Polygon","coordinates":[[[128.47617,36.59154],[128.47592,36.59141],[128.47585,36.5915],[128.47603,36.59174],[128.47617,36.59154]]]}},{"type":"Feature","id":"TN_RIVER_BNDRY:WTR01000000011CE9","properties":{"NF_ID":"WTR01000000011CE9","source_layer":"TN_RIVER_BNDRY","semantic":"zone","river_class":"소하천","river_class_source":"중심선 공간조인","survey_method":"사진측량","admin_code":"47900"},"geometry":{"type":"Polygon","coordinates":[[[128.47592,36.59141],[128.47628,36.59148],[128.47703,36.59053],[128.4781,36.58995],[128.47952,36.58869],[128.48052,36.58673],[128.48131,36.58417],[128.48092,36.58065],[128.48138,36.58055],[128.48131,36.58029],[128.48076,36.5804],[128.48126,36.58381],[128.48105,36.58497],[128.48037,36.58685],[128.47938,36.58873],[128.47795,36.58993],[128.4771,36.59037],[128.47621,36.59142],[128.47592,36.59141]]]}},{"type":"Feature","id":"TN_RIVER_BNDRY:WTR01000000011CFA","properties":{"NF_ID":"WTR01000000011CFA","source_layer":"TN_RIVER_BNDRY","semantic":"zone","river_class":"소하천","river_class_source":"중심선 공간조인","survey_method":"사진측량","admin_code":"47900"},"geometry":{"type":"Polygon","coordinates":[[[128.46743,36.57447],[128.47183,36.57372],[128.47114,36.57299],[128.46856,36.57145],[128.47112,36.57301],[128.47178,36.57374],[128.46739,36.57445],[128.46691,36.57437],[128.46667,36.5745],[128.46695,36.57439],[128.46743,36.57447]]]}},{"type":"Feature","id":"TN_RIVER_BNDRY:WTR01000000011CGB","properties":{"NF_ID":"WTR01000000011CGB","source_layer":"TN_RIVER_BNDRY","semantic":"zone","river_class":"소하천","river_class_source":"중심선 공간조인","survey_method":"사진측량","admin_code":"47900"},"geometry":{"type":"Polygon","coordinates":[[[128.46655,36.57212],[128.46747,36.57182],[128.46831,36.57117],[128.46812,36.57109],[128.46828,36.57126],[128.46727,36.57191],[128.46614,36.57209],[128.46526,36.57178],[128.46409,36.57071],[128.46537,36.57188],[128.46655,36.57212]]]}},{"type":"Feature","id":"TN_RIVER_BNDRY:WTR01000000011CHC","properties":{"NF_ID":"WTR01000000011CHC","source_layer":"TN_RIVER_BNDRY","semantic":"zone","river_class":"소하천","river_class_source":"중심선 공간조인","survey_method":"사진측량","admin_code":"47900"},"geometry":{"type":"Polygon","coordinates":[[[128.47256,36.57356],[128.47027,36.57162],[128.46965,36.5713],[128.46923,36.57127],[128.47023,36.57165],[128.47198,36.57307],[128.47251,36.5738],[128.47256,36.57356]]]}},{"type":"Feature","id":"TN_RIVER_BNDRY:WTR01000000011CKF","properties":{"NF_ID":"WTR01000000011CKF","source_layer":"TN_RIVER_BNDRY","semantic":"zone","river_class":"소하천","river_class_source":"중심선 공간조인","survey_method":"사진측량","admin_code":"47900"},"geometry":{"type":"Polygon","coordinates":[[[128.45532,36.55417],[128.45448,36.55412],[128.45328,36.55374],[128.45253,36.5533],[128.452,36.55356],[128.45117,36.55348],[128.45213,36.55362],[128.45256,36.55339],[128.45334,36.55382],[128.45456,36.55419],[128.45532,36.55417]]]}},{"type":"Feature","id":"TN_RIVER_BNDRY:WTR01000000011CLG","properties":{"NF_ID":"WTR01000000011CLG","source_layer":"TN_RIVER_BNDRY","semantic":"zone","river_class":"소하천","river_class_source":"중심선 공간조인","survey_method":"사진측량","admin_code":"47900"},"geometry":{"type":"Polygon","coordinates":[[[128.45246,36.55698],[128.45325,36.55691],[128.45394,36.55654],[128.45302,36.55688],[128.45243,36.55689],[128.45232,36.55718],[128.45246,36.55698]]]}},{"type":"Feature","id":"TN_RIVER_BNDRY:WTR01000000011CMH","properties":{"NF_ID":"WTR01000000011CMH","source_layer":"TN_RIVER_BNDRY","semantic":"zone","river_class":"소하천","river_class_source":"중심선 공간조인","survey_method":"사진측량","admin_code":"47900"},"geometry":{"type":"Polygon","coordinates":[[[128.45544,36.55412],[128.45542,36.55412],[128.4554,36.55412],[128.45538,36.55412],[128.45536,36.55412],[128.45536,36.55412],[128.45532,36.55417],[128.45539,36.55419],[128.45544,36.55412]]]}},{"type":"Feature","id":"TN_RIVER_BNDRY:WTR01000000011CNI","properties":{"NF_ID":"WTR01000000011CNI","source_layer":"TN_RIVER_BNDRY","semantic":"zone","river_class":"소하천","river_class_source":"중심선 공간조인","survey_method":"사진측량","admin_code":"47900"},"geometry":{"type":"Polygon","coordinates":[[[128.45539,36.55419],[128.45532,36.55417],[128.45533,36.55417],[128.45532,36.55418],[128.45532,36.55419],[128.4553,36.5542],[128.45529,36.55422],[128.45527,36.55424],[128.45526,36.55427],[128.45522,36.5543],[128.45512,36.55438],[128.45507,36.55441],[128.45504,36.55444],[128.45499,36.55449],[128.45496,36.55453],[128.45491,36.55461],[128.45487,36.55468],[128.45485,36.5547],[128.45485,36.5547],[128.45482,36.55479],[128.45485,36.55479],[128.45491,36.55473],[128.45493,36.5547],[128.45495,36.55466],[128.45499,36.5546],[128.45502,36.55454],[128.45504,36.5545],[128.45507,36.55448],[128.4551,36.55444],[128.45514,36.55441],[128.45517,36.55439],[128.45518,36.55439],[128.45521,36.55437],[128.45525,36.55431],[128.45539,36.55419]]]}},{"type":"Feature","id":"TN_RIVER_BNDRY:WTR01000000011DIE","properties":{"NF_ID":"WTR01000000011DIE","source_layer":"TN_RIVER_BNDRY","semantic":"zone","river_class":"지방하천","river_class_source":"중심선 공간조인","river_name":"광산천","river_code":"2020790","survey_method":"사진측량","admin_code":"47900"},"geometry":{"type":"Polygon","coordinates":[[[128.43641,36.52275],[128.43632,36.52247],[128.4367,36.52251],[128.43679,36.52215],[128.43805,36.52242],[128.4377,36.52208],[128.43243,36.52165],[128.43493,36.52292],[128.43499,36.52265],[128.43522,36.52256],[128.43641,36.52275]]]}},{"type":"Feature","id":"TN_RIVER_BNDRY:WTR01000000011DJF","properties":{"NF_ID":"WTR01000000011DJF","source_layer":"TN_RIVER_BNDRY","semantic":"zone","river_class":"국가하천","river_class_source":"중심선 공간조인","river_name":"낙동강","river_code":"2000010","survey_method":"사진측량","admin_code":"47900"},"geometry":{"type":"Polygon","coordinates":[[[128.4256,36.52067],[128.42508,36.52062],[128.42505,36.52453],[128.42519,36.52451],[128.42597,36.52071],[128.4256,36.52067]]]}},{"type":"Feature","id":"TN_RIVER_BNDRY:WTR01000000011DKG","properties":{"NF_ID":"WTR01000000011DKG","source_layer":"TN_RIVER_BNDRY","semantic":"zone","river_class":"국가하천","river_class_source":"중심선 공간조인","river_name":"낙동강","river_code":"2000010","survey_method":"사진측량","admin_code":"47900"},"geometry":{"type":"Polygon","coordinates":[[[128.43225,36.52164],[128.43162,36.52158],[128.42746,36.52412],[128.43167,36.52488],[128.43493,36.52292],[128.43225,36.52164]]]}},{"type":"Feature","id":"TN_RIVER_BNDRY:WTR01000000011DLH","properties":{"NF_ID":"WTR01000000011DLH","source_layer":"TN_RIVER_BNDRY","semantic":"zone","river_class":"국가하천","river_class_source":"중심선 공간조인","river_name":"낙동강","river_code":"2000010","survey_method":"사진측량","admin_code":"47900"},"geometry":{"type":"Polygon","coordinates":[[[128.43135,36.52144],[128.42903,36.52079],[128.42826,36.52042],[128.42732,36.52101],[128.42597,36.52071],[128.42519,36.52451],[128.42533,36.52424],[128.42564,36.52418],[128.42746,36.52412],[128.43162,36.52158],[128.43135,36.52144]]]}},{"type":"Feature","id":"TN_RIVER_BNDRY:WTR01000000011DUQ","properties":{"NF_ID":"WTR01000000011DUQ","source_layer":"TN_RIVER_BNDRY","semantic":"zone","river_class":"소하천","river_class_source":"중심선 공간조인","survey_method":"사진측량","admin_code":"47900"},"geometry":{"type":"Polygon","coordinates":[[[128.49186,36.57268],[128.49154,36.5723],[128.4907,36.57236],[128.49013,36.57217],[128.48994,36.57229],[128.49011,36.57263],[128.49004,36.57326],[128.49041,36.5737],[128.49045,36.57328],[128.49186,36.57268]]]}},{"type":"Feature","id":"TN_RIVER_BNDRY:WTR01000000011DVR","properties":{"NF_ID":"WTR01000000011DVR","source_layer":"TN_RIVER_BNDRY","semantic":"zone","river_class":"소하천","river_class_source":"중심선 공간조인","survey_method":"사진측량","admin_code":"47900"},"geometry":{"type":"Polygon","coordinates":[[[128.49046,36.5737],[128.49035,36.57394],[128.49048,36.57496],[128.49087,36.57586],[128.49067,36.5766],[128.49087,36.57722],[128.49083,36.57651],[128.49103,36.57581],[128.49088,36.57506],[128.49059,36.57477],[128.49046,36.5737]]]}},{"type":"Feature","id":"TN_RIVER_BNDRY:WTR01000000011E2Z","properties":{"NF_ID":"WTR01000000011E2Z","source_layer":"TN_RIVER_BNDRY","semantic":"zone","river_class":"국가하천","river_class_source":"중심선 공간조인","river_name":"낙동강","river_code":"2000010","survey_method":"사진측량","admin_code":"47900"},"geometry":{"type":"Polygon","coordinates":[[[128.46454,36.54092],[128.46459,36.53827],[128.45691,36.53824],[128.45443,36.53709],[128.45344,36.53649],[128.45336,36.53609],[128.44878,36.53534],[128.44536,36.53397],[128.44392,36.53299],[128.44271,36.53181],[128.43813,36.52605],[128.43678,36.52381],[128.43493,36.52292],[128.43167,36.52488],[128.43299,36.52532],[128.43413,36.52621],[128.43727,36.53009],[128.4384,36.53202],[128.43901,36.53256],[128.44031,36.53329],[128.44048,36.53361],[128.44026,36.53469],[128.43992,36.53502],[128.44144,36.53665],[128.44264,36.53702],[128.44334,36.53695],[128.44307,36.53769],[128.44326,36.53775],[128.44358,36.53709],[128.44719,36.53844],[128.45014,36.53875],[128.45456,36.53884],[128.45772,36.53946],[128.45842,36.53991],[128.45954,36.54017],[128.46183,36.5406],[128.46244,36.54055],[128.46342,36.54074],[128.46386,36.54062],[128.46418,36.54109],[128.46454,36.54115],[128.46454,36.54092]]]}},{"type":"Feature","id":"TN_RIVER_BNDRY:WTR01000000011E30","properties":{"NF_ID":"WTR01000000011E30","source_layer":"TN_RIVER_BNDRY","semantic":"zone","river_class":"소하천","river_class_source":"중심선 공간조인","survey_method":"사진측량","admin_code":"47900"},"geometry":{"type":"Polygon","coordinates":[[[128.41542,36.53881],[128.41528,36.53883],[128.4148,36.53963],[128.41337,36.54053],[128.4149,36.53964],[128.41542,36.53881]]]}},{"type":"Feature","id":"TN_RIVER_BNDRY:WTR01000000011E41","properties":{"NF_ID":"WTR01000000011E41","source_layer":"TN_RIVER_BNDRY","semantic":"zone","river_class":"소하천","river_class_source":"중심선 공간조인","survey_method":"사진측량","admin_code":"47900"},"geometry":{"type":"Polygon","coordinates":[[[128.38559,36.54558],[128.38553,36.54555],[128.38549,36.54552],[128.38542,36.54561],[128.38554,36.54566],[128.38559,36.54558]]]}},{"type":"Feature","id":"TN_RIVER_BNDRY:WTR01000000011E52","properties":{"NF_ID":"WTR01000000011E52","source_layer":"TN_RIVER_BNDRY","semantic":"zone","river_class":"소하천","river_class_source":"중심선 공간조인","survey_method":"사진측량","admin_code":"47900"},"geometry":{"type":"Polygon","coordinates":[[[128.38559,36.54558],[128.38587,36.54577],[128.38692,36.54584],[128.38776,36.54618],[128.38882,36.54691],[128.39015,36.54724],[128.39098,36.54817],[128.39168,36.54821],[128.39231,36.54875],[128.39318,36.54888],[128.39238,36.54869],[128.39171,36.54815],[128.39105,36.54814],[128.39042,36.54748],[128.39043,36.54731],[128.39011,36.54712],[128.38887,36.54683],[128.38824,36.54635],[128.38707,36.54582],[128.38559,36.54558]]]}},{"type":"Feature","id":"TN_RIVER_BNDRY:WTR01000000011E63","properties":{"NF_ID":"WTR01000000011E63","source_layer":"TN_RIVER_BNDRY","semantic":"zone","river_class":"소하천","river_class_source":"중심선 공간조인","survey_method":"사진측량","admin_code":"47900"},"geometry":{"type":"Polygon","coordinates":[[[128.41751,36.57837],[128.41738,36.57852],[128.41757,36.57853],[128.41841,36.5779],[128.41876,36.577],[128.42343,36.57674],[128.43265,36.57961],[128.42472,36.57699],[128.42334,36.57668],[128.41871,36.57694],[128.41824,36.57795],[128.41751,36.57837]]]}},{"type":"Feature","id":"TN_RIVER_BNDRY:WTR01000000011E74","properties":{"NF_ID":"WTR01000000011E74","source_layer":"TN_RIVER_BNDRY","semantic":"zone","river_class":"지방하천","river_class_source":"중심선 공간조인","river_name":"송평천","river_code":"2021060","survey_method":"사진측량","admin_code":"47900"},"geometry":{"type":"Polygon","coordinates":[[[128.41845,36.5773],[128.4181,36.57728],[128.41792,36.57769],[128.41724,36.57819],[128.41751,36.57837],[128.41795,36.57805],[128.41845,36.5773]]]}},{"type":"Feature","id":"TN_RIVER_BNDRY:WTR01000000011E85","properties":{"NF_ID":"WTR01000000011E85","source_layer":"TN_RIVER_BNDRY","semantic":"zone","river_class":"지방하천","river_class_source":"중심선 공간조인","river_name":"송평천","river_code":"2021060","survey_method":"사진측량","admin_code":"47900"},"geometry":{"type":"Polygon","coordinates":[[[128.41849,36.57713],[128.41824,36.57692],[128.4181,36.57728],[128.41845,36.5773],[128.41849,36.57713]]]}},{"type":"Feature","id":"TN_RIVER_BNDRY:WTR01000000011E96","properties":{"NF_ID":"WTR01000000011E96","source_layer":"TN_RIVER_BNDRY","semantic":"zone","river_class":"소하천","river_class_source":"중심선 공간조인","survey_method":"사진측량","admin_code":"47900"},"geometry":{"type":"Polygon","coordinates":[[[128.47423,36.59052],[128.47406,36.59037],[128.47408,36.59045],[128.47427,36.5906],[128.4744,36.59073],[128.47443,36.59069],[128.47439,36.59066],[128.47423,36.59052]]]}},{"type":"Feature","id":"TN_RIVER_BNDRY:WTR01000000011EA7","properties":{"NF_ID":"WTR01000000011EA7","source_layer":"TN_RIVER_BNDRY","semantic":"zone","river_class":"소하천","river_class_source":"중심선 공간조인","survey_method":"사진측량","admin_code":"47900"},"geometry":{"type":"Polygon","coordinates":[[[128.47037,36.59036],[128.47164,36.59034],[128.47251,36.59015],[128.47374,36.59028],[128.47254,36.59013],[128.47161,36.59032],[128.46932,36.59032],[128.47037,36.59036]]]}},{"type":"Feature","id":"TN_RIVER_BNDRY:WTR01000000011EB8","properties":{"NF_ID":"WTR01000000011EB8","source_layer":"TN_RIVER_BNDRY","semantic":"zone","river_class":"소하천","river_class_source":"중심선 공간조인","survey_method":"사진측량","admin_code":"47900"},"geometry":{"type":"Polygon","coordinates":[[[128.4499,36.57962],[128.44985,36.5796],[128.44978,36.57961],[128.44947,36.57969],[128.44874,36.57986],[128.44826,36.57999],[128.44756,36.58017],[128.44642,36.58047],[128.44548,36.58073],[128.44635,36.58054],[128.44716,36.58032],[128.44759,36.5802],[128.44791,36.58013],[128.44853,36.58001],[128.449,36.57989],[128.44933,36.57981],[128.44952,36.57975],[128.44995,36.57962],[128.4499,36.57962]]]}},{"type":"Feature","id":"TN_RIVER_BNDRY:WTR01000000011EC9","properties":{"NF_ID":"WTR01000000011EC9","source_layer":"TN_RIVER_BNDRY","semantic":"zone","river_class":"소하천","river_class_source":"중심선 공간조인","survey_method":"사진측량","admin_code":"47900"},"geometry":{"type":"Polygon","coordinates":[[[128.4187,36.5921],[128.41941,36.59196],[128.42086,36.59123],[128.42134,36.59084],[128.42215,36.59053],[128.42262,36.58996],[128.42317,36.58969],[128.4226,36.58994],[128.42209,36.59052],[128.41948,36.59187],[128.4186,36.59206],[128.41768,36.59151],[128.4187,36.5921]]]}},{"type":"Feature","id":"TN_RIVER_BNDRY:WTR01000000011EDA","properties":{"NF_ID":"WTR01000000011EDA","source_layer":"TN_RIVER_BNDRY","semantic":"zone","river_class":"지방하천","river_class_source":"중심선 공간조인","river_name":"송평천","river_code":"2021060","survey_method":"사진측량","admin_code":"47900"},"geometry":{"type":"Polygon","coordinates":[[[128.41431,36.58013],[128.41385,36.57991],[128.41387,36.58034],[128.41417,36.58066],[128.41431,36.58013]]]}},{"type":"Feature","id":"TN_RIVER_BNDRY:WTR01000000011EEB","properties":{"NF_ID":"WTR01000000011EEB","source_layer":"TN_RIVER_BNDRY","semantic":"zone","river_class":"지방하천","river_class_source":"중심선 공간조인","river_name":"송평천","river_code":"2021060","survey_method":"사진측량","admin_code":"47900"},"geometry":{"type":"Polygon","coordinates":[[[128.41751,36.57837],[128.41724,36.57819],[128.4171,36.57829],[128.41738,36.57852],[128.41751,36.57837]]]}},{"type":"Feature","id":"TN_RIVER_BNDRY:WTR01000000011EFC","properties":{"NF_ID":"WTR01000000011EFC","source_layer":"TN_RIVER_BNDRY","semantic":"zone","river_class":"지방하천","river_class_source":"중심선 공간조인","river_name":"송평천","river_code":"2021060","survey_method":"사진측량","admin_code":"47900"},"geometry":{"type":"Polygon","coordinates":[[[128.41738,36.57852],[128.4171,36.57829],[128.4153,36.5795],[128.4142,36.57998],[128.41431,36.58013],[128.41542,36.57969],[128.41738,36.57852]]]}},{"type":"Feature","id":"TN_RIVER_BNDRY:WTR01000000011EGD","properties":{"NF_ID":"WTR01000000011EGD","source_layer":"TN_RIVER_BNDRY","semantic":"zone","river_class":"소하천","river_class_source":"중심선 공간조인","survey_method":"사진측량","admin_code":"47900"},"geometry":{"type":"Polygon","coordinates":[[[128.38514,36.58365],[128.38386,36.58591],[128.38391,36.58696],[128.38418,36.58738],[128.38394,36.58692],[128.3839,36.5859],[128.38514,36.58365]]]}},{"type":"Feature","id":"TN_RIVER_BNDRY:WTR01000000011EHE","properties":{"NF_ID":"WTR01000000011EHE","source_layer":"TN_RIVER_BNDRY","semantic":"zone","river_class":"소하천","river_class_source":"중심선 공간조인","survey_method":"사진측량","admin_code":"47900"},"geometry":{"type":"Polygon","coordinates":[[[128.38041,36.59054],[128.38295,36.58902],[128.38419,36.58743],[128.3829,36.58896],[128.38055,36.59031],[128.38041,36.59054]]]}},{"type":"Feature","id":"TN_RIVER_BNDRY:WTR01000000011EIF","properties":{"NF_ID":"WTR01000000011EIF","source_layer":"TN_RIVER_BNDRY","semantic":"zone","river_class":"지방하천","river_class_source":"중심선 공간조인","river_name":"송평천","river_code":"2021060","survey_method":"사진측량","admin_code":"47900"},"geometry":{"type":"Polygon","coordinates":[[[128.41417,36.58066],[128.41387,36.58034],[128.4137,36.58108],[128.41306,36.58167],[128.41084,36.58316],[128.40914,36.58389],[128.40757,36.58494],[128.40604,36.58544],[128.40365,36.58689],[128.40262,36.58722],[128.40112,36.58745],[128.39739,36.58983],[128.39448,36.59062],[128.39308,36.59205],[128.39268,36.59212],[128.3937,36.59233],[128.39346,36.59196],[128.39417,36.59113],[128.3977,36.59012],[128.4013,36.5878],[128.40281,36.58758],[128.40396,36.5872],[128.40628,36.5858],[128.40795,36.58521],[128.40945,36.58417],[128.41109,36.58348],[128.41316,36.5821],[128.41403,36.58114],[128.41417,36.58066]]]}},{"type":"Feature","id":"TN_RIVER_BNDRY:WTR01000000011EJG","properties":{"NF_ID":"WTR01000000011EJG","source_layer":"TN_RIVER_BNDRY","semantic":"zone","river_class":"소하천","river_class_source":"중심선 공간조인","survey_method":"사진측량","admin_code":"47900"},"geometry":{"type":"Polygon","coordinates":[[[128.41824,36.57692],[128.41751,36.57595],[128.41655,36.57513],[128.41581,36.57412],[128.41545,36.57253],[128.41522,36.5726],[128.4156,36.57414],[128.41657,36.57543],[128.41757,36.57631],[128.4181,36.57728],[128.41824,36.57692]]]}},{"type":"Feature","id":"TN_RIVER_BNDRY:WTR01000000011EKH","properties":{"NF_ID":"WTR01000000011EKH","source_layer":"TN_RIVER_BNDRY","semantic":"zone","river_class":"소하천","river_class_source":"중심선 공간조인","survey_method":"사진측량","admin_code":"47900"},"geometry":{"type":"Polygon","coordinates":[[[128.41528,36.57238],[128.41545,36.57253],[128.4169,36.57114],[128.41769,36.57066],[128.41818,36.56945],[128.41737,36.56847],[128.41739,36.56821],[128.41773,36.56775],[128.4187,36.56714],[128.41773,36.56768],[128.41731,36.56809],[128.41726,36.56847],[128.4181,36.56948],[128.41761,36.57067],[128.41694,36.57103],[128.41528,36.57238]]]}},{"type":"Feature","id":"TN_RIVER_BNDRY:WTR01000000011ELI","properties":{"NF_ID":"WTR01000000011ELI","source_layer":"TN_RIVER_BNDRY","semantic":"zone","river_class":"소하천","river_class_source":"중심선 공간조인","survey_method":"사진측량","admin_code":"47900"},"geometry":{"type":"Polygon","coordinates":[[[128.41545,36.57253],[128.41528,36.57238],[128.41511,36.57244],[128.41522,36.5726],[128.41545,36.57253]]]}},{"type":"Feature","id":"TN_RIVER_BNDRY:WTR01000000011EMJ","properties":{"NF_ID":"WTR01000000011EMJ","source_layer":"TN_RIVER_BNDRY","semantic":"zone","river_class":"소하천","river_class_source":"중심선 공간조인","survey_method":"사진측량","admin_code":"47900"},"geometry":{"type":"Polygon","coordinates":[[[128.41528,36.57238],[128.41242,36.57039],[128.41143,36.5695],[128.40926,36.56886],[128.40678,36.56784],[128.40459,36.56557],[128.40152,36.56291],[128.40027,36.55931],[128.40066,36.5609],[128.40144,36.56292],[128.40457,36.56561],[128.40667,36.56788],[128.40926,36.56898],[128.4112,36.56947],[128.41447,36.57201],[128.41511,36.57244],[128.41528,36.57238]]]}},{"type":"Feature","id":"TN_RIVER_BNDRY:WTR01000000011ENK","properties":{"NF_ID":"WTR01000000011ENK","source_layer":"TN_RIVER_BNDRY","semantic":"zone","river_class":"소하천","river_class_source":"중심선 공간조인","survey_method":"사진측량","admin_code":"47900"},"geometry":{"type":"Polygon","coordinates":[[[128.39638,36.55389],[128.39636,36.55383],[128.39634,36.55383],[128.39635,36.55398],[128.39638,36.55409],[128.39638,36.55412],[128.39637,36.55416],[128.39636,36.55421],[128.39637,36.55422],[128.39643,36.55415],[128.39644,36.55413],[128.39644,36.55409],[128.39638,36.55389]]]}},{"type":"Feature","id":"TN_RIVER_BNDRY:WTR01000000011EOL","properties":{"NF_ID":"WTR01000000011EOL","source_layer":"TN_RIVER_BNDRY","semantic":"zone","river_class":"소하천","river_class_source":"중심선 공간조인","survey_method":"사진측량","admin_code":"47900"},"geometry":{"type":"Polygon","coordinates":[[[128.41385,36.57991],[128.4142,36.57998],[128.41381,36.57917],[128.4127,36.57859],[128.40999,36.57619],[128.40874,36.57486],[128.40711,36.57352],[128.39899,36.56962],[128.39697,36.5695],[128.39544,36.56905],[128.3949,36.56923],[128.39546,36.56909],[128.39695,36.56958],[128.39894,36.5697],[128.40701,36.57358],[128.41255,36.57862],[128.41367,36.5793],[128.41385,36.57991]]]}},{"type":"Feature","id":"TN_RIVER_BNDRY:WTR01000000011EPM","properties":{"NF_ID":"WTR01000000011EPM","source_layer":"TN_RIVER_BNDRY","semantic":"zone","river_class":"소하천","river_class_source":"중심선 공간조인","survey_method":"사진측량","admin_code":"47900"},"geometry":{"type":"Polygon","coordinates":[[[128.4139,36.52632],[128.41391,36.52631],[128.4139,36.52626],[128.41391,36.52625],[128.41378,36.52628],[128.41383,36.52636],[128.4139,36.52632]]]}},{"type":"Feature","id":"TN_RIVER_BNDRY:WTR01000000011EQN","properties":{"NF_ID":"WTR01000000011EQN","source_layer":"TN_RIVER_BNDRY","semantic":"zone","river_class":"소하천","river_class_source":"중심선 공간조인","survey_method":"사진측량","admin_code":"47900"},"geometry":{"type":"Polygon","coordinates":[[[128.41383,36.52636],[128.41376,36.52628],[128.41164,36.52759],[128.41127,36.52752],[128.41033,36.52695],[128.40847,36.52652],[128.40735,36.52662],[128.40599,36.52644],[128.40739,36.52669],[128.4084,36.52656],[128.41032,36.52701],[128.4116,36.52764],[128.41215,36.52746],[128.41383,36.52636]]]}},{"type":"Feature","id":"TN_RIVER_BNDRY:WTR01000000011ERO","properties":{"NF_ID":"WTR01000000011ERO","source_layer":"TN_RIVER_BNDRY","semantic":"zone","river_class":"소하천","river_class_source":"중심선 공간조인","survey_method":"사진측량","admin_code":"47900"},"geometry":{"type":"Polygon","coordinates":[[[128.4139,36.52632],[128.41621,36.53116],[128.41618,36.53219],[128.41547,36.53429],[128.41562,36.53483],[128.4155,36.53547],[128.41578,36.53592],[128.41566,36.5361],[128.41577,36.53623],[128.41583,36.53587],[128.41556,36.53545],[128.41573,36.53493],[128.41559,36.53429],[128.41629,36.5321],[128.41626,36.53117],[128.4139,36.52632]]]}},{"type":"Feature","id":"TN_RIVER_BNDRY:WTR01000000011ESP","properties":{"NF_ID":"WTR01000000011ESP","source_layer":"TN_RIVER_BNDRY","semantic":"zone","river_class":"국가하천","river_class_source":"중심선 공간조인","river_name":"낙동강","river_code":"2000010","survey_method":"사진측량","admin_code":"47900"},"geometry":{"type":"Polygon","coordinates":[[[128.41622,36.52175],[128.41447,36.52106],[128.41273,36.52008],[128.4113,36.51896],[128.41047,36.51952],[128.41069,36.5196],[128.41113,36.52044],[128.41136,36.52136],[128.41565,36.52349],[128.41663,36.5219],[128.41622,36.52175]]]}},{"type":"Feature","id":"TN_RIVER_BNDRY:WTR01000000011ETQ","properties":{"NF_ID":"WTR01000000011ETQ","source_layer":"TN_RIVER_BNDRY","semantic":"zone","river_class":"국가하천","river_class_source":"중심선 공간조인","river_name":"낙동강","river_code":"2000010","survey_method":"사진측량","admin_code":"47900"},"geometry":{"type":"Polygon","coordinates":[[[128.41098,36.51873],[128.41044,36.51831],[128.40965,36.519],[128.41047,36.51952],[128.4113,36.51896],[128.41098,36.51873]]]}},{"type":"Feature","id":"TN_RIVER_BNDRY:WTR01000000011EUR","properties":{"NF_ID":"WTR01000000011EUR","source_layer":"TN_RIVER_BNDRY","semantic":"zone","river_class":"소하천","river_class_source":"중심선 공간조인","survey_method":"사진측량","admin_code":"47900"},"geometry":{"type":"Polygon","coordinates":[[[128.41391,36.52625],[128.41575,36.52354],[128.41565,36.52349],[128.41383,36.52613],[128.41378,36.52628],[128.41391,36.52625]]]}},{"type":"Feature","id":"TN_RIVER_BNDRY:WTR01000000011EWT","properties":{"NF_ID":"WTR01000000011EWT","source_layer":"TN_RIVER_BNDRY","semantic":"zone","river_class":"국가하천","river_class_source":"중심선 공간조인","river_name":"낙동강","river_code":"2000010","survey_method":"사진측량","admin_code":"47900"},"geometry":{"type":"Polygon","coordinates":[[[128.41663,36.5219],[128.41565,36.52349],[128.41575,36.52354],[128.41686,36.52199],[128.41663,36.5219]]]}},{"type":"Feature","id":"TN_RIVER_BNDRY:WTR01000000011EXU","properties":{"NF_ID":"WTR01000000011EXU","source_layer":"TN_RIVER_BNDRY","semantic":"zone","river_class":"소하천","river_class_source":"중심선 공간조인","survey_method":"사진측량","admin_code":"47900"},"geometry":{"type":"Polygon","coordinates":[[[128.41542,36.53881],[128.41567,36.53865],[128.41574,36.53784],[128.41622,36.53714],[128.41572,36.5367],[128.41581,36.53626],[128.41511,36.53588],[128.41427,36.53616],[128.41396,36.5365],[128.4137,36.53649],[128.41395,36.53662],[128.41458,36.53786],[128.41473,36.53876],[128.41542,36.53881]]]}},{"type":"Feature","id":"TN_RIVER_BNDRY:WTR01000000011EZW","properties":{"NF_ID":"WTR01000000011EZW","source_layer":"TN_RIVER_BNDRY","semantic":"zone","river_class":"소하천","river_class_source":"중심선 공간조인","survey_method":"사진측량","admin_code":"47900"},"geometry":{"type":"Polygon","coordinates":[[[128.42735,36.54559],[128.42634,36.54601],[128.42557,36.54609],[128.42482,36.54672],[128.42448,36.54749],[128.42538,36.54714],[128.42604,36.54728],[128.42649,36.54716],[128.42661,36.54732],[128.42609,36.54818],[128.42661,36.5486],[128.42713,36.54859],[128.42788,36.54916],[128.42796,36.5494],[128.42835,36.54929],[128.42796,36.54791],[128.42837,36.54704],[128.42836,36.54663],[128.42901,36.54621],[128.42882,36.54592],[128.42735,36.54559]]]}},{"type":"Feature","id":"TN_RIVER_BNDRY:WTR01000000011F0Y","properties":{"NF_ID":"WTR01000000011F0Y","source_layer":"TN_RIVER_BNDRY","semantic":"zone","river_class":"소하천","river_class_source":"중심선 공간조인","survey_method":"사진측량","admin_code":"47900"},"geometry":{"type":"Polygon","coordinates":[[[128.36395,36.66003],[128.36377,36.6601],[128.36441,36.66179],[128.36473,36.66214],[128.3652,36.66233],[128.36575,36.66345],[128.36684,36.66483],[128.36683,36.66505],[128.36767,36.66564],[128.36899,36.66723],[128.36775,36.66562],[128.36688,36.66503],[128.36694,36.66481],[128.36573,36.66323],[128.36528,36.6623],[128.36458,36.66189],[128.36395,36.66003]]]}},{"type":"Feature","id":"TN_RIVER_BNDRY:WTR01000000011F1Z","properties":{"NF_ID":"WTR01000000011F1Z","source_layer":"TN_RIVER_BNDRY","semantic":"zone","river_class":"국가하천","river_class_source":"중심선 공간조인","river_name":"낙동강","river_code":"2000010","survey_method":"사진측량","admin_code":"47900"},"geometry":{"type":"Polygon","coordinates":[[[128.36796,36.52542],[128.3698,36.52568],[128.36986,36.52556],[128.36796,36.52542]]]}},{"type":"Feature","id":"TN_RIVER_BNDRY:WTR01000000011F20","properties":{"NF_ID":"WTR01000000011F20","source_layer":"TN_RIVER_BNDRY","semantic":"zone","river_class":"국가하천","river_class_source":"중심선 공간조인","river_name":"낙동강","river_code":"2000010","survey_method":"사진측량","admin_code":"47900"},"geometry":{"type":"Polygon","coordinates":[[[128.36795,36.52483],[128.36796,36.52535],[128.36986,36.52556],[128.37031,36.52473],[128.36791,36.52447],[128.36795,36.52483]]]}},{"type":"Feature","id":"TN_RIVER_BNDRY:WTR01000000011F31","properties":{"NF_ID":"WTR01000000011F31","source_layer":"TN_RIVER_BNDRY","semantic":"zone","river_class":"국가하천","river_class_source":"중심선 공간조인","river_name":"낙동강","river_code":"2000010","survey_method":"사진측량","admin_code":"47900"},"geometry":{"type":"Polygon","coordinates":[[[128.36791,36.52447],[128.37031,36.52473],[128.37042,36.52452],[128.3679,36.52432],[128.36791,36.52447]]]}},{"type":"Feature","id":"TN_RIVER_BNDRY:WTR01000000011F42","properties":{"NF_ID":"WTR01000000011F42","source_layer":"TN_RIVER_BNDRY","semantic":"zone","river_class":"소하천","river_class_source":"중심선 공간조인","survey_method":"사진측량","admin_code":"47900"},"geometry":{"type":"Polygon","coordinates":[[[128.35443,36.53685],[128.35449,36.53711],[128.35683,36.53766],[128.35711,36.5379],[128.35798,36.53819],[128.35844,36.53878],[128.359,36.53882],[128.36004,36.53936],[128.36333,36.53957],[128.364,36.53986],[128.36601,36.54011],[128.36658,36.5404],[128.36741,36.54119],[128.36753,36.54175],[128.36806,36.54239],[128.36811,36.54272],[128.36896,36.5435],[128.37009,36.5437],[128.37043,36.54569],[128.37084,36.5459],[128.37083,36.54652],[128.37054,36.54799],[128.36967,36.54841],[128.36975,36.5493],[128.37016,36.5498],[128.37038,36.5508],[128.37101,36.55165],[128.3717,36.55344],[128.37218,36.55375],[128.37176,36.55335],[128.37103,36.55145],[128.37059,36.55095],[128.37023,36.5497],[128.36992,36.5493],[128.36975,36.54845],[128.37064,36.54801],[128.37095,36.54632],[128.3709,36.54584],[128.37054,36.54565],[128.37027,36.54382],[128.37007,36.54359],[128.36911,36.54348],[128.36819,36.54265],[128.36817,36.54239],[128.36775,36.54194],[128.36752,36.54115],[128.36675,36.54037],[128.36567,36.53992],[128.36407,36.53979],[128.36343,36.53949],[128.36016,36.53928],[128.35901,36.53877],[128.35851,36.53873],[128.358,36.53811],[128.35662,36.53751],[128.35443,36.53685]]]}},{"type":"Feature","id":"TN_RIVER_BNDRY:WTR01000000011F53","properties":{"NF_ID":"WTR01000000011F53","source_layer":"TN_RIVER_BNDRY","semantic":"zone","river_class":"국가하천","river_class_source":"중심선 공간조인","river_name":"낙동강","river_code":"2000010","survey_method":"사진측량","admin_code":"47900"},"geometry":{"type":"Polygon","coordinates":[[[128.36796,36.52554],[128.36795,36.52698],[128.36647,36.52955],[128.36692,36.52983],[128.36849,36.52789],[128.3698,36.52568],[128.36796,36.52554]]]}},{"type":"Feature","id":"TN_RIVER_BNDRY:WTR01000000011F64","properties":{"NF_ID":"WTR01000000011F64","source_layer":"TN_RIVER_BNDRY","semantic":"zone","river_class":"소하천","river_class_source":"중심선 공간조인","survey_method":"사진측량","admin_code":"47900"},"geometry":{"type":"Polygon","coordinates":[[[128.3702,36.5258],[128.36924,36.52767],[128.36761,36.52957],[128.36901,36.52818],[128.36991,36.52674],[128.37035,36.5258],[128.3702,36.5258]]]}},{"type":"Feature","id":"TN_RIVER_BNDRY:WTR01000000011F75","properties":{"NF_ID":"WTR01000000011F75","source_layer":"TN_RIVER_BNDRY","semantic":"zone","river_class":"소하천","river_class_source":"중심선 공간조인","survey_method":"사진측량","admin_code":"47900"},"geometry":{"type":"Polygon","coordinates":[[[128.37024,36.52569],[128.36986,36.52556],[128.3698,36.52568],[128.3702,36.5258],[128.37024,36.52569]]]}},{"type":"Feature","id":"TN_RIVER_BNDRY:WTR01000000011F86","properties":{"NF_ID":"WTR01000000011F86","source_layer":"TN_RIVER_BNDRY","semantic":"zone","river_class":"소하천","river_class_source":"중심선 공간조인","survey_method":"사진측량","admin_code":"47900"},"geometry":{"type":"Polygon","coordinates":[[[128.37038,36.52566],[128.37027,36.52568],[128.37027,36.52569],[128.37026,36.52569],[128.37024,36.52569],[128.3702,36.5258],[128.37035,36.5258],[128.37038,36.52566]]]}},{"type":"Feature","id":"TN_RIVER_BNDRY:WTR01000000011F97","properties":{"NF_ID":"WTR01000000011F97","source_layer":"TN_RIVER_BNDRY","semantic":"zone","river_class":"소하천","river_class_source":"중심선 공간조인","survey_method":"사진측량","admin_code":"47900"},"geometry":{"type":"Polygon","coordinates":[[[128.36496,36.58514],[128.36523,36.58452],[128.36547,36.5825],[128.36612,36.58111],[128.36824,36.57925],[128.36912,36.57868],[128.36987,36.57789],[128.37032,36.57695],[128.37048,36.57599],[128.37132,36.57516],[128.37166,36.57452],[128.37168,36.57409],[128.3711,36.57317],[128.37108,36.57238],[128.37005,36.57124],[128.37037,36.57047],[128.36987,36.56953],[128.37008,36.56879],[128.37069,36.56837],[128.37134,36.56749],[128.3712,36.56676],[128.37095,36.56642],[128.37125,36.56742],[128.37071,36.5682],[128.37,36.56871],[128.36976,36.56945],[128.37028,36.57044],[128.36996,36.57125],[128.37101,36.57244],[128.37102,36.57317],[128.37161,36.57421],[128.37131,36.57489],[128.37045,36.57582],[128.36981,36.57777],[128.36897,36.57864],[128.36809,36.57912],[128.36715,36.58013],[128.36591,36.58111],[128.36518,36.58237],[128.36477,36.58462],[128.36424,36.58523],[128.36496,36.58514]]]}},{"type":"Feature","id":"TN_RIVER_BNDRY:WTR01000000011FA8","properties":{"NF_ID":"WTR01000000011FA8","source_layer":"TN_RIVER_BNDRY","semantic":"zone","river_class":"국가하천","river_class_source":"중심선 공간조인","river_name":"내성천","river_code":"2020830","survey_method":"사진측량","admin_code":"47900"},"geometry":{"type":"Polygon","coordinates":[[[128.37117,36.58664],[128.36758,36.58566],[128.36538,36.58534],[128.36496,36.58514],[128.36426,36.58836],[128.36962,36.58984],[128.37117,36.58664]]]}},{"type":"Feature","id":"TN_RIVER_BNDRY:WTR01000000011FB9","properties":{"NF_ID":"WTR01000000011FB9","source_layer":"TN_RIVER_BNDRY","semantic":"zone","river_class":"국가하천","river_class_source":"중심선 공간조인","river_name":"내성천","river_code":"2020830","survey_method":"사진측량","admin_code":"47900"},"geometry":{"type":"Polygon","coordinates":[[[128.37127,36.58666],[128.36962,36.58984],[128.37023,36.59008],[128.37127,36.58666]]]}},{"type":"Feature","id":"TN_RIVER_BNDRY:WTR01000000011FCA","properties":{"NF_ID":"WTR01000000011FCA","source_layer":"TN_RIVER_BNDRY","semantic":"zone","river_class":"소하천","river_class_source":"중심선 공간조인","survey_method":"사진측량","admin_code":"47900"},"geometry":{"type":"Polygon","coordinates":[[[128.37331,36.52019],[128.37314,36.51994],[128.37309,36.5199],[128.37305,36.51989],[128.37304,36.51991],[128.37302,36.51994],[128.37301,36.51995],[128.3731,36.52008],[128.37321,36.52022],[128.37322,36.52024],[128.37331,36.52019]]]}},{"type":"Feature","id":"TN_RIVER_BNDRY:WTR01000000011FDB","properties":{"NF_ID":"WTR01000000011FDB","source_layer":"TN_RIVER_BNDRY","semantic":"zone","river_class":"소하천","river_class_source":"중심선 공간조인","survey_method":"사진측량","admin_code":"47900"},"geometry":{"type":"Polygon","coordinates":[[[128.37338,36.52029],[128.37331,36.52019],[128.37322,36.52024],[128.37327,36.52034],[128.37338,36.52029]]]}},{"type":"Feature","id":"TN_RIVER_BNDRY:WTR01000000011FEC","properties":{"NF_ID":"WTR01000000011FEC","source_layer":"TN_RIVER_BNDRY","semantic":"zone","river_class":"소하천","river_class_source":"중심선 공간조인","survey_method":"사진측량","admin_code":"47900"},"geometry":{"type":"Polygon","coordinates":[[[128.37338,36.52029],[128.37327,36.52034],[128.37442,36.52265],[128.37384,36.52359],[128.37388,36.52421],[128.37357,36.52453],[128.37168,36.52521],[128.37165,36.52502],[128.37124,36.52488],[128.37107,36.52541],[128.37038,36.52566],[128.37035,36.5258],[128.37402,36.52443],[128.37426,36.52344],[128.37449,36.52298],[128.37482,36.52275],[128.37457,36.52269],[128.37338,36.52029]]]}},{"type":"Feature","id":"TN_RIVER_BNDRY:WTR01000000011FFD","properties":{"NF_ID":"WTR01000000011FFD","source_layer":"TN_RIVER_BNDRY","semantic":"zone","river_class":"소하천","river_class_source":"중심선 공간조인","survey_method":"사진측량","admin_code":"47900"},"geometry":{"type":"Polygon","coordinates":[[[128.37464,36.59224],[128.37378,36.59177],[128.37378,36.5925],[128.37318,36.59404],[128.37313,36.59468],[128.37393,36.59604],[128.37374,36.59642],[128.37322,36.5968],[128.37262,36.59784],[128.37243,36.59892],[128.37361,36.60038],[128.37372,36.60077],[128.37355,36.60117],[128.3726,36.60226],[128.3727,36.60238],[128.37367,36.60131],[128.37399,36.60056],[128.37397,36.60038],[128.37355,36.60012],[128.37289,36.5993],[128.37264,36.59879],[128.37275,36.59808],[128.37312,36.59735],[128.37417,36.59609],[128.37329,36.5946],[128.3741,36.59249],[128.37464,36.59224]]]}},{"type":"Feature","id":"TN_RIVER_BNDRY:WTR01000000011FGE","properties":{"NF_ID":"WTR01000000011FGE","source_layer":"TN_RIVER_BNDRY","semantic":"zone","river_class":"소하천","river_class_source":"중심선 공간조인","survey_method":"사진측량","admin_code":"47900"},"geometry":{"type":"Polygon","coordinates":[[[128.3727,36.60238],[128.3726,36.60226],[128.37244,36.60236],[128.3727,36.60238]]]}},{"type":"Feature","id":"TN_RIVER_BNDRY:WTR01000000011FHF","properties":{"NF_ID":"WTR01000000011FHF","source_layer":"TN_RIVER_BNDRY","semantic":"zone","river_class":"소하천","river_class_source":"중심선 공간조인","survey_method":"사진측량","admin_code":"47900"},"geometry":{"type":"Polygon","coordinates":[[[128.37454,36.60462],[128.3727,36.60238],[128.37253,36.60244],[128.37454,36.60462]]]}},{"type":"Feature","id":"TN_RIVER_BNDRY:WTR01000000011FIG","properties":{"NF_ID":"WTR01000000011FIG","source_layer":"TN_RIVER_BNDRY","semantic":"zone","river_class":"소하천","river_class_source":"중심선 공간조인","survey_method":"사진측량","admin_code":"47900"},"geometry":{"type":"Polygon","coordinates":[[[128.37117,36.58664],[128.37186,36.58546],[128.37285,36.58478],[128.37312,36.58386],[128.37277,36.58479],[128.37179,36.58545],[128.37117,36.58664]]]}},{"type":"Feature","id":"TN_RIVER_BNDRY:WTR01000000011FJH","properties":{"NF_ID":"WTR01000000011FJH","source_layer":"TN_RIVER_BNDRY","semantic":"zone","river_class":"국가하천","river_class_source":"중심선 공간조인","river_name":"내성천","river_code":"2020830","survey_method":"사진측량","admin_code":"47900"},"geometry":{"type":"Polygon","coordinates":[[[128.37478,36.58815],[128.37127,36.58666],[128.37023,36.59008],[128.3728,36.5912],[128.37378,36.59177],[128.37478,36.58815]]]}},{"type":"Feature","id":"TN_RIVER_BNDRY:WTR01000000011FKI","properties":{"NF_ID":"WTR01000000011FKI","source_layer":"TN_RIVER_BNDRY","semantic":"zone","river_class":"소하천","river_class_source":"중심선 공간조인","survey_method":"사진측량","admin_code":"47900"},"geometry":{"type":"Polygon","coordinates":[[[128.37253,36.60244],[128.37217,36.60239],[128.3706,36.60268],[128.36869,36.60397],[128.3655,36.60558],[128.36503,36.60611],[128.36599,36.60546],[128.3691,36.60391],[128.37058,36.60284],[128.37253,36.60244]]]}},{"type":"Feature","id":"TN_RIVER_BNDRY:WTR01000000011FLJ","properties":{"NF_ID":"WTR01000000011FLJ","source_layer":"TN_RIVER_BNDRY","semantic":"zone","river_class":"소하천","river_class_source":"중심선 공간조인","survey_method":"사진측량","admin_code":"47900"},"geometry":{"type":"Polygon","coordinates":[[[128.37452,36.60471],[128.3744,36.60498],[128.37455,36.6053],[128.37452,36.60471]]]}},{"type":"Feature","id":"TN_RIVER_BNDRY:WTR01000000011FMK","properties":{"NF_ID":"WTR01000000011FMK","source_layer":"TN_RIVER_BNDRY","semantic":"zone","river_class":"소하천","river_class_source":"중심선 공간조인","survey_method":"사진측량","admin_code":"47900"},"geometry":{"type":"Polygon","coordinates":[[[128.37457,36.60467],[128.37456,36.60466],[128.37454,36.60462],[128.37447,36.60468],[128.37452,36.60471],[128.37457,36.60467]]]}},{"type":"Feature","id":"TN_RIVER_BNDRY:WTR01000000011G54","properties":{"NF_ID":"WTR01000000011G54","source_layer":"TN_RIVER_BNDRY","semantic":"zone","river_class":"소하천","river_class_source":"중심선 공간조인","survey_method":"사진측량","admin_code":"47900"},"geometry":{"type":"Polygon","coordinates":[[[128.36101,36.66256],[128.36109,36.66243],[128.3604,36.66236],[128.35947,36.66265],[128.35659,36.66279],[128.3559,36.6627],[128.35464,36.66225],[128.35172,36.66229],[128.35092,36.66208],[128.35187,36.66238],[128.35461,36.66233],[128.35653,36.66286],[128.35948,36.66272],[128.36042,36.66245],[128.36101,36.66256]]]}},{"type":"Feature","id":"TN_RIVER_BNDRY:WTR01000000011G65","properties":{"NF_ID":"WTR01000000011G65","source_layer":"TN_RIVER_BNDRY","semantic":"zone","river_class":"지방하천","river_class_source":"중심선 공간조인","river_name":"중평천","river_code":"2021050","survey_method":"사진측량","admin_code":"47900"},"geometry":{"type":"Polygon","coordinates":[[[128.35224,36.66642],[128.35182,36.66618],[128.3514,36.66642],[128.35124,36.66683],[128.34862,36.66721],[128.34764,36.66765],[128.34737,36.66959],[128.34623,36.67045],[128.34595,36.67046],[128.34612,36.67079],[128.34682,36.67076],[128.35,36.66926],[128.35155,36.6692],[128.35195,36.66938],[128.35239,36.66907],[128.35345,36.66874],[128.35358,36.6685],[128.35273,36.66649],[128.35224,36.66642]]]}},{"type":"Feature","id":"TN_RIVER_BNDRY:WTR01000000011G76","properties":{"NF_ID":"WTR01000000011G76","source_layer":"TN_RIVER_BNDRY","semantic":"zone","river_class":"지방하천","river_class_source":"중심선 공간조인","river_name":"중평천","river_code":"2021050","survey_method":"사진측량","admin_code":"47900"},"geometry":{"type":"Polygon","coordinates":[[[128.34599,36.67053],[128.34555,36.67054],[128.34497,36.67088],[128.34599,36.67053]]]}},{"type":"Feature","id":"TN_RIVER_BNDRY:WTR01000000011G87","properties":{"NF_ID":"WTR01000000011G87","source_layer":"TN_RIVER_BNDRY","semantic":"zone","river_class":"소하천","river_class_source":"중심선 공간조인","survey_method":"사진측량","admin_code":"47900"},"geometry":{"type":"Polygon","coordinates":[[[128.36522,36.68147],[128.36531,36.68127],[128.36583,36.68131],[128.36607,36.68075],[128.36582,36.68126],[128.36518,36.68123],[128.36497,36.68158],[128.36522,36.68147]]]}},{"type":"Feature","id":"TN_RIVER_BNDRY:WTR01000000011G98","properties":{"NF_ID":"WTR01000000011G98","source_layer":"TN_RIVER_BNDRY","semantic":"zone","river_class":"소하천","river_class_source":"중심선 공간조인","survey_method":"사진측량","admin_code":"47900"},"geometry":{"type":"Polygon","coordinates":[[[128.3636,36.6823],[128.36315,36.68222],[128.36289,36.68234],[128.36315,36.68228],[128.36383,36.68245],[128.3636,36.6823]]]}},{"type":"Feature","id":"TN_RIVER_BNDRY:WTR01000000011GA9","properties":{"NF_ID":"WTR01000000011GA9","source_layer":"TN_RIVER_BNDRY","semantic":"zone","river_class":"지방하천","river_class_source":"중심선 공간조인","river_name":"중평천","river_code":"2021050","survey_method":"사진측량","admin_code":"47900"},"geometry":{"type":"Polygon","coordinates":[[[128.36377,36.6601],[128.36364,36.65991],[128.36292,36.66031],[128.36226,36.66148],[128.36109,36.66243],[128.36135,36.66251],[128.3622,36.66181],[128.36297,36.66062],[128.36377,36.6601]]]}},{"type":"Feature","id":"TN_RIVER_BNDRY:WTR01000000011GBA","properties":{"NF_ID":"WTR01000000011GBA","source_layer":"TN_RIVER_BNDRY","semantic":"zone","river_class":"지방하천","river_class_source":"중심선 공간조인","river_name":"중평천","river_code":"2021050","survey_method":"사진측량","admin_code":"47900"},"geometry":{"type":"Polygon","coordinates":[[[128.35626,36.66695],[128.35635,36.66683],[128.35457,36.66713],[128.35292,36.66627],[128.35217,36.66638],[128.35293,36.66635],[128.35435,36.66731],[128.35626,36.66695]]]}},{"type":"Feature","id":"TN_RIVER_BNDRY:WTR01000000011GCB","properties":{"NF_ID":"WTR01000000011GCB","source_layer":"TN_RIVER_BNDRY","semantic":"zone","river_class":"지방하천","river_class_source":"중심선 공간조인","river_name":"중평천","river_code":"2021050","survey_method":"사진측량","admin_code":"47900"},"geometry":{"type":"Polygon","coordinates":[[[128.36395,36.66003],[128.36382,36.65982],[128.36364,36.65991],[128.36377,36.6601],[128.36395,36.66003]]]}},{"type":"Feature","id":"TN_RIVER_BNDRY:WTR01000000011GDC","properties":{"NF_ID":"WTR01000000011GDC","source_layer":"TN_RIVER_BNDRY","semantic":"zone","river_class":"지방하천","river_class_source":"중심선 공간조인","river_name":"중평천","river_code":"2021050","survey_method":"사진측량","admin_code":"47900"},"geometry":{"type":"Polygon","coordinates":[[[128.36135,36.66251],[128.36109,36.66243],[128.36101,36.66256],[128.36126,36.66261],[128.36135,36.66251]]]}},{"type":"Feature","id":"TN_RIVER_BNDRY:WTR01000000011GED","properties":{"NF_ID":"WTR01000000011GED","source_layer":"TN_RIVER_BNDRY","semantic":"zone","river_class":"소하천","river_class_source":"중심선 공간조인","survey_method":"사진측량","admin_code":"47900"},"geometry":{"type":"Polygon","coordinates":[[[128.35639,36.66694],[128.35626,36.66695],[128.35626,36.66695],[128.35625,36.66697],[128.35623,36.667],[128.35616,36.66715],[128.35616,36.66716],[128.35618,36.66716],[128.35619,36.66715],[128.35621,36.66713],[128.35624,36.66708],[128.35625,36.66707],[128.35628,36.66704],[128.3563,36.66702],[128.35636,36.66696],[128.35639,36.66694]]]}},{"type":"Feature","id":"TN_RIVER_BNDRY:WTR01000000011GFE","properties":{"NF_ID":"WTR01000000011GFE","source_layer":"TN_RIVER_BNDRY","semantic":"zone","river_class":"지방하천","river_class_source":"중심선 공간조인","river_name":"중평천","river_code":"2021050","survey_method":"사진측량","admin_code":"47900"},"geometry":{"type":"Polygon","coordinates":[[[128.35645,36.66678],[128.3564,36.6668],[128.35635,36.66683],[128.35626,36.66695],[128.35639,36.66694],[128.35645,36.66678]]]}},{"type":"Feature","id":"TN_RIVER_BNDRY:WTR01000000011GGF","properties":{"NF_ID":"WTR01000000011GGF","source_layer":"TN_RIVER_BNDRY","semantic":"zone","river_class":"지방하천","river_class_source":"중심선 공간조인","river_name":"중평천","river_code":"2021050","survey_method":"사진측량","admin_code":"47900"},"geometry":{"type":"Polygon","coordinates":[[[128.36126,36.66261],[128.36101,36.66256],[128.36008,36.66378],[128.35998,36.66503],[128.36018,36.66473],[128.36026,36.66389],[128.36126,36.66261]]]}},{"type":"Feature","id":"TN_RIVER_BNDRY:WTR01000000011GHG","properties":{"NF_ID":"WTR01000000011GHG","source_layer":"TN_RIVER_BNDRY","semantic":"zone","river_class":"소하천","river_class_source":"중심선 공간조인","survey_method":"사진측량","admin_code":"47900"},"geometry":{"type":"Polygon","coordinates":[[[128.35998,36.66503],[128.35975,36.66512],[128.35972,36.66533],[128.35998,36.66503]]]}},{"type":"Feature","id":"TN_RIVER_BNDRY:WTR01000000011GIH","properties":{"NF_ID":"WTR01000000011GIH","source_layer":"TN_RIVER_BNDRY","semantic":"zone","river_class":"지방하천","river_class_source":"중심선 공간조인","river_name":"중평천","river_code":"2021050","survey_method":"사진측량","admin_code":"47900"},"geometry":{"type":"Polygon","coordinates":[[[128.35998,36.66503],[128.3599,36.66486],[128.35974,36.66494],[128.35975,36.66512],[128.35998,36.66503]]]}},{"type":"Feature","id":"TN_RIVER_BNDRY:WTR01000000011GJI","properties":{"NF_ID":"WTR01000000011GJI","source_layer":"TN_RIVER_BNDRY","semantic":"zone","river_class":"지방하천","river_class_source":"중심선 공간조인","river_name":"중평천","river_code":"2021050","survey_method":"사진측량","admin_code":"47900"},"geometry":{"type":"Polygon","coordinates":[[[128.35975,36.66512],[128.35974,36.66494],[128.35892,36.66525],[128.3578,36.66625],[128.35645,36.66678],[128.35639,36.66694],[128.35766,36.66651],[128.359,36.66543],[128.35975,36.66512]]]}},{"type":"Feature","id":"TN_RIVER_BNDRY:WTR01000000011GKJ","properties":{"NF_ID":"WTR01000000011GKJ","source_layer":"TN_RIVER_BNDRY","semantic":"zone","river_class":"지방하천","river_class_source":"중심선 공간조인","river_name":"복계천","river_code":"2021100","survey_method":"사진측량","admin_code":"47900"},"geometry":{"type":"Polygon","coordinates":[[[128.3004,36.62473],[128.30001,36.62446],[128.2991,36.62453],[128.29827,36.62428],[128.29827,36.62417],[128.29641,36.62375],[128.2954,36.62331],[128.29345,36.62211],[128.29193,36.62187],[128.28971,36.62199],[128.28784,36.62097],[128.28769,36.62148],[128.28899,36.62211],[128.2902,36.62238],[128.29174,36.62224],[128.29323,36.62232],[128.29489,36.62347],[128.29615,36.62408],[128.29821,36.62442],[128.29915,36.62497],[128.29978,36.62499],[128.3004,36.62473]]]}},{"type":"Feature","id":"TN_RIVER_BNDRY:WTR01000000011GON","properties":{"NF_ID":"WTR01000000011GON","source_layer":"TN_RIVER_BNDRY","semantic":"zone","river_class":"소하천","river_class_source":"중심선 공간조인","survey_method":"사진측량","admin_code":"47900"},"geometry":{"type":"Polygon","coordinates":[[[128.28643,36.62301],[128.28781,36.62588],[128.28792,36.62584],[128.28773,36.62543],[128.28643,36.62301]]]}},{"type":"Feature","id":"TN_RIVER_BNDRY:WTR01000000011GQP","properties":{"NF_ID":"WTR01000000011GQP","source_layer":"TN_RIVER_BNDRY","semantic":"zone","river_class":"소하천","river_class_source":"중심선 공간조인","survey_method":"사진측량","admin_code":"47900"},"geometry":{"type":"Polygon","coordinates":[[[128.28739,36.62147],[128.28756,36.62251],[128.28725,36.62274],[128.28656,36.6229],[128.28723,36.62292],[128.28762,36.62262],[128.28758,36.62151],[128.28769,36.62148],[128.28737,36.62136],[128.28739,36.62147]]]}},{"type":"Feature","id":"TN_RIVER_BNDRY:WTR01000000011GSR","properties":{"NF_ID":"WTR01000000011GSR","source_layer":"TN_RIVER_BNDRY","semantic":"zone","river_class":"지방하천","river_class_source":"중심선 공간조인","river_name":"복계천","river_code":"2021100","survey_method":"사진측량","admin_code":"47900"},"geometry":{"type":"Polygon","coordinates":[[[128.28734,36.62114],[128.28737,36.62136],[128.28769,36.62148],[128.28784,36.62097],[128.28732,36.62058],[128.28734,36.62114]]]}},{"type":"Feature","id":"TN_RIVER_BNDRY:WTR01000000011GVU","properties":{"NF_ID":"WTR01000000011GVU","source_layer":"TN_RIVER_BNDRY","semantic":"zone","river_class":"소하천","river_class_source":"중심선 공간조인","survey_method":"사진측량","admin_code":"47900"},"geometry":{"type":"Polygon","coordinates":[[[128.28648,36.62594],[128.28647,36.62625],[128.28679,36.62674],[128.28676,36.62784],[128.28769,36.62845],[128.28862,36.62973],[128.28933,36.62967],[128.28935,36.62859],[128.28823,36.62741],[128.28797,36.62605],[128.28769,36.62574],[128.28661,36.62578],[128.28648,36.62594]]]}},{"type":"Feature","id":"TN_RIVER_BNDRY:WTR01000000011GWV","properties":{"NF_ID":"WTR01000000011GWV","source_layer":"TN_RIVER_BNDRY","semantic":"zone","river_class":"소하천","river_class_source":"중심선 공간조인","survey_method":"사진측량","admin_code":"47900"},"geometry":{"type":"Polygon","coordinates":[[[128.34923,36.64124],[128.34931,36.64087],[128.34907,36.63969],[128.34824,36.63916],[128.3474,36.63889],[128.34703,36.63854],[128.34592,36.63673],[128.34542,36.63525],[128.345,36.63468],[128.34454,36.63441],[128.34429,36.63363],[128.34352,36.63346],[128.34143,36.63356],[128.34006,36.63332],[128.33907,36.63339],[128.3371,36.6332],[128.33542,36.63205],[128.33411,36.63],[128.33393,36.62889],[128.33344,36.62844],[128.33241,36.62785],[128.33147,36.62652],[128.33067,36.62641],[128.32939,36.62679],[128.32746,36.62637],[128.32491,36.62524],[128.3216,36.6241],[128.32158,36.62429],[128.32488,36.6254],[128.32798,36.62677],[128.32817,36.62666],[128.32934,36.62689],[128.33074,36.6265],[128.33145,36.62667],[128.33226,36.62792],[128.3337,36.62882],[128.33394,36.62997],[128.33519,36.63206],[128.3368,36.63325],[128.33734,36.6334],[128.34006,36.63344],[128.34118,36.63362],[128.3434,36.63352],[128.34419,36.6337],[128.34442,36.63449],[128.34511,36.63499],[128.34591,36.63699],[128.34703,36.63871],[128.34735,36.63901],[128.34817,36.63924],[128.34901,36.63979],[128.34919,36.64074],[128.34903,36.64126],[128.34923,36.64124]]]}},{"type":"Feature","id":"TN_RIVER_BNDRY:WTR01000000011GXW","properties":{"NF_ID":"WTR01000000011GXW","source_layer":"TN_RIVER_BNDRY","semantic":"zone","river_class":"소하천","river_class_source":"중심선 공간조인","survey_method":"사진측량","admin_code":"47900"},"geometry":{"type":"Polygon","coordinates":[[[128.32136,36.62408],[128.3216,36.6241],[128.32204,36.62374],[128.32249,36.6236],[128.32419,36.62368],[128.32547,36.62227],[128.32796,36.62228],[128.3294,36.62211],[128.32992,36.62143],[128.33074,36.621],[128.33257,36.62071],[128.3344,36.62069],[128.33519,36.6205],[128.33682,36.62058],[128.34155,36.62128],[128.34354,36.62128],[128.3447,36.62188],[128.34347,36.6212],[128.34112,36.62117],[128.33684,36.6205],[128.33511,36.62041],[128.33445,36.62061],[128.33256,36.62064],[128.33069,36.62093],[128.32987,36.62137],[128.32942,36.62198],[128.32911,36.62209],[128.32723,36.62224],[128.32542,36.62217],[128.32421,36.6236],[128.32247,36.62353],[128.32136,36.62408]]]}},{"type":"Feature","id":"TN_RIVER_BNDRY:WTR01000000011GYX","properties":{"NF_ID":"WTR01000000011GYX","source_layer":"TN_RIVER_BNDRY","semantic":"zone","river_class":"지방하천","river_class_source":"중심선 공간조인","river_name":"복계천","river_code":"2021100","survey_method":"사진측량","admin_code":"47900"},"geometry":{"type":"Polygon","coordinates":[[[128.32132,36.62429],[128.32136,36.62408],[128.31936,36.62401],[128.31839,36.62439],[128.31802,36.62508],[128.31753,36.62546],[128.31692,36.62552],[128.31597,36.62502],[128.31557,36.62523],[128.31693,36.62576],[128.31747,36.62576],[128.31802,36.62547],[128.31854,36.62464],[128.31904,36.62436],[128.32132,36.62429]]]}},{"type":"Feature","id":"TN_RIVER_BNDRY:WTR01000000011GZY","properties":{"NF_ID":"WTR01000000011GZY","source_layer":"TN_RIVER_BNDRY","semantic":"zone","river_class":"지방하천","river_class_source":"중심선 공간조인","river_name":"복계천","river_code":"2021100","survey_method":"사진측량","admin_code":"47900"},"geometry":{"type":"MultiPolygon","coordinates":[[[[128.32114,36.64638],[128.31966,36.64567],[128.31924,36.6451],[128.3193,36.64472],[128.31982,36.64425],[128.31984,36.64363],[128.319,36.64239],[128.31853,36.63929],[128.31693,36.63692],[128.31525,36.63545],[128.31454,36.63424],[128.314,36.63128],[128.31406,36.62814],[128.31411,36.62782],[128.31503,36.62672],[128.31542,36.62574],[128.31557,36.62523],[128.3152,36.62491],[128.3148,36.62636],[128.31383,36.6277],[128.31383,36.63225],[128.31427,36.63447],[128.31473,36.63537],[128.31619,36.63644],[128.31703,36.63726],[128.31845,36.63965],[128.31886,36.64251],[128.31967,36.64369],[128.31962,36.6443],[128.31921,36.64482],[128.31921,36.64539],[128.32042,36.64619],[128.32114,36.64638]]],[[[128.32183,36.64829],[128.32166,36.64686],[128.32172,36.64829],[128.32183,36.64829]]]]}},{"type":"Feature","id":"TN_RIVER_BNDRY:WTR01000000011H00","properties":{"NF_ID":"WTR01000000011H00","source_layer":"TN_RIVER_BNDRY","semantic":"zone","river_class":"지방하천","river_class_source":"중심선 공간조인","river_name":"복계천","river_code":"2021100","survey_method":"사진측량","admin_code":"47900"},"geometry":{"type":"Polygon","coordinates":[[[128.31597,36.62502],[128.31572,36.62475],[128.3152,36.62491],[128.31557,36.62523],[128.31597,36.62502]]]}},{"type":"Feature","id":"TN_RIVER_BNDRY:WTR01000000011H11","properties":{"NF_ID":"WTR01000000011H11","source_layer":"TN_RIVER_BNDRY","semantic":"zone","river_class":"지방하천","river_class_source":"중심선 공간조인","river_name":"복계천","river_code":"2021100","survey_method":"사진측량","admin_code":"47900"},"geometry":{"type":"Polygon","coordinates":[[[128.31572,36.62475],[128.31542,36.62399],[128.3147,36.62303],[128.31314,36.62185],[128.31208,36.62141],[128.30893,36.62096],[128.30728,36.6214],[128.30582,36.62234],[128.30492,36.6227],[128.30107,36.62301],[128.30077,36.62326],[128.30021,36.62436],[128.3006,36.62452],[128.301,36.62344],[128.30143,36.62326],[128.30503,36.62299],[128.30826,36.6215],[128.30874,36.62151],[128.30897,36.6213],[128.3096,36.62119],[128.31144,36.6216],[128.3129,36.62221],[128.31479,36.62377],[128.3152,36.62442],[128.3152,36.62491],[128.31572,36.62475]]]}},{"type":"Feature","id":"TN_RIVER_BNDRY:WTR01000000011H22","properties":{"NF_ID":"WTR01000000011H22","source_layer":"TN_RIVER_BNDRY","semantic":"zone","river_class":"소하천","river_class_source":"중심선 공간조인","survey_method":"사진측량","admin_code":"47900"},"geometry":{"type":"Polygon","coordinates":[[[128.3006,36.62452],[128.3004,36.62473],[128.30159,36.62468],[128.30201,36.6248],[128.30648,36.62704],[128.30671,36.62732],[128.30384,36.63554],[128.30684,36.62731],[128.30661,36.627],[128.30193,36.62467],[128.3006,36.62452]]]}},{"type":"Feature","id":"TN_RIVER_BNDRY:WTR01000000011H33","properties":{"NF_ID":"WTR01000000011H33","source_layer":"TN_RIVER_BNDRY","semantic":"zone","river_class":"지방하천","river_class_source":"중심선 공간조인","river_name":"복계천","river_code":"2021100","survey_method":"사진측량","admin_code":"47900"},"geometry":{"type":"Polygon","coordinates":[[[128.3006,36.62452],[128.30021,36.62436],[128.30001,36.62446],[128.3004,36.62473],[128.3006,36.62452]]]}},{"type":"Feature","id":"TN_RIVER_BNDRY:WTR01000000011H55","properties":{"NF_ID":"WTR01000000011H55","source_layer":"TN_RIVER_BNDRY","semantic":"zone","river_class":"소하천","river_class_source":"중심선 공간조인","survey_method":"사진측량","admin_code":"47900"},"geometry":{"type":"Polygon","coordinates":[[[128.30365,36.63603],[128.30371,36.63601],[128.30372,36.63596],[128.30372,36.63595],[128.30373,36.63593],[128.30375,36.63587],[128.30377,36.63583],[128.3038,36.63573],[128.30381,36.63566],[128.30381,36.63565],[128.30383,36.63557],[128.30383,36.63555],[128.30384,36.63554],[128.30384,36.63554],[128.3038,36.63553],[128.3038,36.63554],[128.30379,36.63556],[128.30376,36.63564],[128.30375,36.63566],[128.30374,36.63568],[128.30373,36.63569],[128.30373,36.6357],[128.3037,36.63582],[128.30367,36.63593],[128.30363,36.63601],[128.30362,36.63605],[128.30365,36.63603]]]}},{"type":"Feature","id":"TN_RIVER_BNDRY:WTR01000000011H88","properties":{"NF_ID":"WTR01000000011H88","source_layer":"TN_RIVER_BNDRY","semantic":"zone","river_class":"소하천","river_class_source":"중심선 공간조인","survey_method":"사진측량","admin_code":"47900"},"geometry":{"type":"Polygon","coordinates":[[[128.31382,36.63885],[128.31153,36.64819],[128.31152,36.64877],[128.31175,36.6493],[128.31157,36.64836],[128.31382,36.63885]]]}},{"type":"Feature","id":"TN_RIVER_BNDRY:WTR01000000011H99","properties":{"NF_ID":"WTR01000000011H99","source_layer":"TN_RIVER_BNDRY","semantic":"zone","river_class":"지방하천","river_class_source":"중심선 공간조인","river_name":"복계천","river_code":"2021100","survey_method":"사진측량","admin_code":"47900"},"geometry":{"type":"Polygon","coordinates":[[[128.3216,36.6241],[128.32136,36.62408],[128.32132,36.62429],[128.32158,36.62429],[128.3216,36.6241]]]}},{"type":"Feature","id":"TN_RIVER_BNDRY:WTR01000000011HAA","properties":{"NF_ID":"WTR01000000011HAA","source_layer":"TN_RIVER_BNDRY","semantic":"zone","river_class":"소하천","river_class_source":"중심선 공간조인","survey_method":"사진측량","admin_code":"47900"},"geometry":{"type":"Polygon","coordinates":[[[128.3492,36.64134],[128.34902,36.64137],[128.3491,36.6418],[128.34943,36.64217],[128.3503,36.6425],[128.35171,36.6427],[128.35225,36.64308],[128.35281,36.644],[128.35335,36.64432],[128.35367,36.64554],[128.35406,36.64565],[128.3537,36.64544],[128.35347,36.64425],[128.35296,36.64399],[128.35235,36.64304],[128.35188,36.64268],[128.35037,36.64244],[128.34949,36.6421],[128.34922,36.64182],[128.3492,36.64134]]]}},{"type":"Feature","id":"TN_RIVER_BNDRY:WTR01000000011HBB","properties":{"NF_ID":"WTR01000000011HBB","source_layer":"TN_RIVER_BNDRY","semantic":"zone","river_class":"소하천","river_class_source":"중심선 공간조인","survey_method":"사진측량","admin_code":"47900"},"geometry":{"type":"Polygon","coordinates":[[[128.3492,36.64134],[128.34923,36.64124],[128.34903,36.64126],[128.34902,36.64137],[128.3492,36.64134]]]}},{"type":"Feature","id":"TN_RIVER_BNDRY:WTR01000000011HCC","properties":{"NF_ID":"WTR01000000011HCC","source_layer":"TN_RIVER_BNDRY","semantic":"zone","river_class":"소하천","river_class_source":"중심선 공간조인","survey_method":"사진측량","admin_code":"47900"},"geometry":{"type":"Polygon","coordinates":[[[128.34902,36.64137],[128.34903,36.64126],[128.34794,36.64148],[128.34757,36.64166],[128.3477,36.64238],[128.34725,36.64318],[128.3469,36.64348],[128.34674,36.6444],[128.34619,36.64495],[128.34693,36.64428],[128.34698,36.64355],[128.34773,36.64249],[128.34763,36.64168],[128.34902,36.64137]]]}},{"type":"Feature","id":"TN_RIVER_BNDRY:WTR01000000011HDD","properties":{"NF_ID":"WTR01000000011HDD","source_layer":"TN_RIVER_BNDRY","semantic":"zone","river_class":"국가하천","river_class_source":"중심선 공간조인","river_name":"낙동강","river_code":"2000010","survey_method":"사진측량","admin_code":"47900"},"geometry":{"type":"Polygon","coordinates":[[[128.2956,36.56476],[128.29534,36.56531],[128.29508,36.56508],[128.29491,36.56519],[128.29752,36.56653],[128.2989,36.56421],[128.29794,36.56412],[128.29889,36.56415],[128.29805,36.5637],[128.29755,36.56405],[128.29718,36.56371],[128.2956,36.56476]]]}},{"type":"Feature","id":"TN_RIVER_BNDRY:WTR01000000011HEE","properties":{"NF_ID":"WTR01000000011HEE","source_layer":"TN_RIVER_BNDRY","semantic":"zone","river_class":"국가하천","river_class_source":"중심선 공간조인","river_name":"낙동강","river_code":"2000010","survey_method":"사진측량","admin_code":"47900"},"geometry":{"type":"Polygon","coordinates":[[[128.32376,36.549],[128.32298,36.54586],[128.32021,36.54642],[128.31969,36.54704],[128.31856,36.54855],[128.31778,36.55022],[128.31693,36.55497],[128.31697,36.55608],[128.31642,36.55811],[128.31613,36.55869],[128.31553,36.55925],[128.31518,36.56],[128.31475,36.5599],[128.31283,36.56138],[128.31138,36.56215],[128.30613,36.56396],[128.30146,36.5647],[128.30036,36.56461],[128.2989,36.56421],[128.29752,36.56653],[128.29778,36.56639],[128.29858,36.56642],[128.30202,36.56697],[128.30496,36.56679],[128.30698,36.56621],[128.30749,36.56579],[128.30916,36.56515],[128.31221,36.56421],[128.31439,36.56309],[128.31634,36.56242],[128.31767,36.56099],[128.31809,36.55854],[128.31866,36.55804],[128.31855,36.55741],[128.31865,36.55669],[128.31879,36.55704],[128.31883,36.55598],[128.31865,36.55638],[128.31886,36.55582],[128.31876,36.55501],[128.31894,36.55465],[128.31897,36.55304],[128.31947,36.55153],[128.32001,36.55084],[128.32047,36.55073],[128.3215,36.55],[128.32144,36.54988],[128.32376,36.549]]]}},{"type":"Feature","id":"TN_RIVER_BNDRY:WTR01000000011HFF","properties":{"NF_ID":"WTR01000000011HFF","source_layer":"TN_RIVER_BNDRY","semantic":"zone","river_class":"국가하천","river_class_source":"중심선 공간조인","river_name":"내성천","river_code":"2020830","survey_method":"사진측량","admin_code":"47900"},"geometry":{"type":"Polygon","coordinates":[[[128.29582,36.57672],[128.29587,36.57833],[128.29452,36.57887],[128.29521,36.58133],[128.29549,36.58221],[128.29604,36.58312],[128.29891,36.58688],[128.3005,36.58764],[128.30382,36.58835],[128.30565,36.58841],[128.30615,36.58827],[128.31532,36.5878],[128.31582,36.58785],[128.31607,36.58803],[128.31563,36.586],[128.31129,36.58558],[128.31088,36.5857],[128.30881,36.58566],[128.30856,36.58577],[128.30853,36.58518],[128.30818,36.58497],[128.30605,36.58498],[128.30273,36.5845],[128.30324,36.58446],[128.30102,36.58357],[128.30156,36.58373],[128.2996,36.58186],[128.29889,36.58064],[128.29834,36.5801],[128.29883,36.5805],[128.29816,36.57864],[128.29718,36.57773],[128.29746,36.57555],[128.29587,36.57597],[128.29582,36.57672]]]}},{"type":"Feature","id":"TN_RIVER_BNDRY:WTR01000000011HGG","properties":{"NF_ID":"WTR01000000011HGG","source_layer":"TN_RIVER_BNDRY","semantic":"zone","river_class":"소하천","river_class_source":"중심선 공간조인","survey_method":"사진측량","admin_code":"47900"},"geometry":{"type":"Polygon","coordinates":[[[128.29331,36.57914],[128.29312,36.57915],[128.2933,36.57919],[128.29322,36.57926],[128.29423,36.57968],[128.29515,36.58233],[128.29556,36.58313],[128.29661,36.58451],[128.29654,36.58466],[128.29675,36.58452],[128.29589,36.58348],[128.29513,36.5821],[128.29427,36.57928],[128.29377,36.57911],[128.29331,36.57914]]]}},{"type":"Feature","id":"TN_RIVER_BNDRY:WTR01000000011HHH","properties":{"NF_ID":"WTR01000000011HHH","source_layer":"TN_RIVER_BNDRY","semantic":"zone","river_class":"지방하천","river_class_source":"중심선 공간조인","river_name":"금천","river_code":"2021070","survey_method":"사진측량","admin_code":"47900"},"geometry":{"type":"Polygon","coordinates":[[[128.288,36.5781],[128.2862,36.57765],[128.28556,36.57773],[128.28555,36.57878],[128.28504,36.57966],[128.28494,36.58058],[128.28396,36.58237],[128.28411,36.58238],[128.28491,36.58076],[128.28571,36.57973],[128.28665,36.579],[128.28813,36.57815],[128.288,36.5781]]]}},{"type":"Feature","id":"TN_RIVER_BNDRY:WTR01000000011HKK","properties":{"NF_ID":"WTR01000000011HKK","source_layer":"TN_RIVER_BNDRY","semantic":"zone","river_class":"소하천","river_class_source":"중심선 공간조인","survey_method":"사진측량","admin_code":"47900"},"geometry":{"type":"Polygon","coordinates":[[[128.27631,36.55092],[128.27654,36.55096],[128.27646,36.55013],[128.27777,36.5498],[128.27985,36.55008],[128.28222,36.54976],[128.28303,36.54985],[128.28438,36.55034],[128.28481,36.5503],[128.28522,36.55007],[128.28543,36.54962],[128.28563,36.54703],[128.28605,36.54657],[128.28655,36.54629],[128.28786,36.54681],[128.29,36.54681],[128.29054,36.54656],[128.2907,36.54619],[128.29063,36.54443],[128.29101,36.54257],[128.29136,36.53887],[128.29301,36.53286],[128.29279,36.5328],[128.29283,36.53339],[128.29114,36.53927],[128.29086,36.54281],[128.29052,36.54439],[128.29056,36.54597],[128.29039,36.54643],[128.29002,36.54665],[128.28786,36.5467],[128.28648,36.54607],[128.28557,36.54689],[128.28547,36.54885],[128.28503,36.55001],[128.28369,36.54995],[128.28217,36.54965],[128.27972,36.54997],[128.27868,36.54963],[128.27768,36.54955],[128.27617,36.55001],[128.27607,36.55041],[128.27631,36.55092]]]}},{"type":"Feature","id":"TN_RIVER_BNDRY:WTR01000000011HLL","properties":{"NF_ID":"WTR01000000011HLL","source_layer":"TN_RIVER_BNDRY","semantic":"zone","river_class":"국가하천","river_class_source":"중심선 공간조인","river_name":"낙동강","river_code":"2000010","survey_method":"사진측량","admin_code":"47900"},"geometry":{"type":"Polygon","coordinates":[[[128.27633,36.55241],[128.27654,36.55096],[128.27631,36.55092],[128.27605,36.55241],[128.27633,36.55241]]]}},{"type":"Feature","id":"TN_RIVER_BNDRY:WTR01000000011HOO","properties":{"NF_ID":"WTR01000000011HOO","source_layer":"TN_RIVER_BNDRY","semantic":"zone","river_class":"국가하천","river_class_source":"중심선 공간조인","river_name":"낙동강","river_code":"2000010","survey_method":"사진측량","admin_code":"47900"},"geometry":{"type":"Polygon","coordinates":[[[128.2666,36.51631],[128.26937,36.51702],[128.26968,36.51729],[128.26982,36.51619],[128.26963,36.51563],[128.27024,36.5155],[128.26627,36.51567],[128.2666,36.51631]]]}},{"type":"Feature","id":"TN_RIVER_BNDRY:WTR01000000011HPP","properties":{"NF_ID":"WTR01000000011HPP","source_layer":"TN_RIVER_BNDRY","semantic":"zone","river_class":"국가하천","river_class_source":"중심선 공간조인","river_name":"낙동강","river_code":"2000010","survey_method":"사진측량","admin_code":"47900"},"geometry":{"type":"Polygon","coordinates":[[[128.26623,36.51559],[128.27024,36.51542],[128.26618,36.51533],[128.26623,36.51559]]]}},{"type":"Feature","id":"TN_RIVER_BNDRY:WTR01000000011HQQ","properties":{"NF_ID":"WTR01000000011HQQ","source_layer":"TN_RIVER_BNDRY","semantic":"zone","river_class":"소하천","river_class_source":"중심선 공간조인","survey_method":"사진측량","admin_code":"47900"},"geometry":{"type":"Polygon","coordinates":[[[128.27024,36.5155],[128.27084,36.51549],[128.27158,36.51622],[128.27127,36.51662],[128.2716,36.51689],[128.27207,36.51666],[128.27367,36.51777],[128.27488,36.51833],[128.27879,36.5213],[128.27946,36.52222],[128.2793,36.52354],[128.27954,36.52222],[128.27915,36.5215],[128.27497,36.51823],[128.27378,36.51772],[128.27201,36.5166],[128.27088,36.51542],[128.27024,36.5155]]]}},{"type":"Feature","id":"TN_RIVER_BNDRY:WTR01000000011HRR","properties":{"NF_ID":"WTR01000000011HRR","source_layer":"TN_RIVER_BNDRY","semantic":"zone","river_class":"국가하천","river_class_source":"중심선 공간조인","river_name":"낙동강","river_code":"2000010","survey_method":"사진측량","admin_code":"47900"},"geometry":{"type":"MultiPolygon","coordinates":[[[[128.26971,36.52489],[128.26974,36.52642],[128.26928,36.52732],[128.26892,36.52763],[128.2701,36.52727],[128.27005,36.52588],[128.26971,36.52489]]],[[[128.2697,36.52472],[128.2697,36.52474],[128.2697,36.52472],[128.2697,36.52471],[128.2697,36.52472]]],[[[128.26974,36.52347],[128.26976,36.52334],[128.26975,36.52321],[128.26975,36.52321],[128.26974,36.52347]]]]}},{"type":"Feature","id":"TN_RIVER_BNDRY:WTR01000000011HSS","properties":{"NF_ID":"WTR01000000011HSS","source_layer":"TN_RIVER_BNDRY","semantic":"zone","river_class":"국가하천","river_class_source":"중심선 공간조인","river_name":"내성천","river_code":"2020830","survey_method":"사진측량","admin_code":"47900"},"geometry":{"type":"Polygon","coordinates":[[[128.29481,36.56543],[128.29473,36.56568],[128.29569,36.56574],[128.29527,36.56734],[128.2951,36.56983],[128.29516,36.57167],[128.29569,36.57415],[128.29701,36.5738],[128.29672,36.57172],[128.29755,36.5694],[128.29755,36.56922],[128.29711,36.56914],[128.29752,36.56653],[128.29491,36.56519],[128.29481,36.56543]]]}},{"type":"Feature","id":"TN_RIVER_BNDRY:WTR01000000011HTT","properties":{"NF_ID":"WTR01000000011HTT","source_layer":"TN_RIVER_BNDRY","semantic":"zone","river_class":"국가하천","river_class_source":"중심선 공간조인","river_name":"내성천","river_code":"2020830","survey_method":"사진측량","admin_code":"47900"},"geometry":{"type":"Polygon","coordinates":[[[128.29572,36.5743],[128.29587,36.57597],[128.29746,36.57555],[128.29701,36.5738],[128.29569,36.57415],[128.29572,36.5743]]]}},{"type":"Feature","id":"TN_RIVER_BNDRY:WTR01000000011HXX","properties":{"NF_ID":"WTR01000000011HXX","source_layer":"TN_RIVER_BNDRY","semantic":"zone","river_class":"소하천","river_class_source":"중심선 공간조인","survey_method":"사진측량","admin_code":"47900"},"geometry":{"type":"Polygon","coordinates":[[[128.29287,36.52735],[128.29239,36.5278],[128.29214,36.52852],[128.2927,36.53226],[128.29223,36.52861],[128.29241,36.5279],[128.29287,36.52735]]]}},{"type":"Feature","id":"TN_RIVER_BNDRY:WTR01000000011HYY","properties":{"NF_ID":"WTR01000000011HYY","source_layer":"TN_RIVER_BNDRY","semantic":"zone","river_class":"지방하천","river_class_source":"중심선 공간조인","river_name":"복계천","river_code":"2021100","survey_method":"사진측량","admin_code":"47900"},"geometry":{"type":"Polygon","coordinates":[[[128.2802,36.59086],[128.27948,36.59159],[128.28014,36.59231],[128.2807,36.59157],[128.2802,36.59086]]]}},{"type":"Feature","id":"TN_RIVER_BNDRY:WTR01000000011HZZ","properties":{"NF_ID":"WTR01000000011HZZ","source_layer":"TN_RIVER_BNDRY","semantic":"zone","river_class":"지방하천","river_class_source":"중심선 공간조인","river_name":"복계천","river_code":"2021100","survey_method":"사진측량","admin_code":"47900"},"geometry":{"type":"Polygon","coordinates":[[[128.27718,36.6154],[128.27743,36.61542],[128.27781,36.61586],[128.27874,36.61632],[128.28185,36.61631],[128.28302,36.61691],[128.28374,36.61762],[128.28437,36.61915],[128.28727,36.62107],[128.28732,36.62058],[128.28545,36.6198],[128.28458,36.61909],[128.28423,36.61845],[128.28393,36.61721],[128.28337,36.61676],[128.28175,36.61605],[128.28058,36.61595],[128.27913,36.61615],[128.2778,36.6156],[128.27735,36.61473],[128.27708,36.61199],[128.27698,36.61216],[128.27739,36.61119],[128.27906,36.61051],[128.28009,36.60956],[128.28146,36.60933],[128.28349,36.6099],[128.28436,36.60985],[128.28624,36.60818],[128.28778,36.60593],[128.28846,36.60401],[128.29003,36.60264],[128.29047,36.60169],[128.29036,36.60089],[128.28948,36.59944],[128.28814,36.59825],[128.28667,36.59756],[128.28346,36.59563],[128.28145,36.59315],[128.28078,36.59202],[128.2807,36.59157],[128.28014,36.59231],[128.28047,36.59249],[128.28105,36.59348],[128.28285,36.59568],[128.28388,36.59649],[128.28807,36.59879],[128.28904,36.59967],[128.28985,36.60107],[128.28998,36.60178],[128.28973,36.60232],[128.28795,36.60376],[128.28729,36.60572],[128.28597,36.60792],[128.28493,36.60908],[128.28406,36.60956],[128.28314,36.60946],[128.2819,36.60898],[128.28043,36.60903],[128.27942,36.60963],[128.27885,36.61028],[128.27734,36.61072],[128.27669,36.61107],[128.27646,36.61234],[128.27668,36.61273],[128.27686,36.61461],[128.27718,36.6154]]]}},{"type":"Feature","id":"TN_RIVER_BNDRY:WTR01000000011I01","properties":{"NF_ID":"WTR01000000011I01","source_layer":"TN_RIVER_BNDRY","semantic":"zone","river_class":"지방하천","river_class_source":"중심선 공간조인","river_name":"금천","river_code":"2021070","survey_method":"사진측량","admin_code":"47900"},"geometry":{"type":"Polygon","coordinates":[[[128.27901,36.59195],[128.27846,36.59247],[128.27761,36.59373],[128.27597,36.59547],[128.27524,36.59662],[128.27191,36.59894],[128.27187,36.5992],[128.27101,36.59987],[128.27028,36.60078],[128.26857,36.60152],[128.26653,36.60313],[128.26556,36.60409],[128.26437,36.60456],[128.26292,36.60606],[128.2628,36.60697],[128.2642,36.60718],[128.26685,36.60446],[128.26705,36.60398],[128.26723,36.60391],[128.26692,36.60439],[128.26813,36.60346],[128.27179,36.60017],[128.27374,36.59866],[128.27441,36.59792],[128.27518,36.5974],[128.2758,36.59725],[128.27593,36.59688],[128.27633,36.59689],[128.27651,36.59675],[128.27646,36.5963],[128.27694,36.59607],[128.27787,36.59434],[128.27959,36.59247],[128.28014,36.59231],[128.27948,36.59159],[128.27901,36.59195]]]}},{"type":"Feature","id":"TN_RIVER_BNDRY:WTR01000000011I12","properties":{"NF_ID":"WTR01000000011I12","source_layer":"TN_RIVER_BNDRY","semantic":"zone","river_class":"지방하천","river_class_source":"중심선 공간조인","river_name":"금천","river_code":"2021070","survey_method":"사진측량","admin_code":"47900"},"geometry":{"type":"Polygon","coordinates":[[[128.26279,36.60713],[128.26276,36.60754],[128.26361,36.60784],[128.2642,36.60718],[128.2628,36.60697],[128.26279,36.60713]]]}},{"type":"Feature","id":"TN_RIVER_BNDRY:WTR01000000011I23","properties":{"NF_ID":"WTR01000000011I23","source_layer":"TN_RIVER_BNDRY","semantic":"zone","river_class":"지방하천","river_class_source":"중심선 공간조인","river_name":"금천","river_code":"2021070","survey_method":"사진측량","admin_code":"47900"},"geometry":{"type":"Polygon","coordinates":[[[128.28389,36.58252],[128.28383,36.58269],[128.284,36.58272],[128.28411,36.58238],[128.28389,36.58252]]]}},{"type":"Feature","id":"TN_RIVER_BNDRY:WTR01000000011I34","properties":{"NF_ID":"WTR01000000011I34","source_layer":"TN_RIVER_BNDRY","semantic":"zone","river_class":"지방하천","river_class_source":"중심선 공간조인","river_name":"금천","river_code":"2021070","survey_method":"사진측량","admin_code":"47900"},"geometry":{"type":"Polygon","coordinates":[[[128.28373,36.58297],[128.28352,36.58418],[128.2824,36.58648],[128.28217,36.58798],[128.28115,36.58909],[128.28023,36.59081],[128.2807,36.59157],[128.2819,36.58916],[128.2829,36.58757],[128.28272,36.587],[128.28373,36.58545],[128.284,36.58272],[128.28383,36.58269],[128.28373,36.58297]]]}},{"type":"Feature","id":"TN_RIVER_BNDRY:WTR01000000011I45","properties":{"NF_ID":"WTR01000000011I45","source_layer":"TN_RIVER_BNDRY","semantic":"zone","river_class":"국가하천","river_class_source":"중심선 공간조인","river_name":"내성천","river_code":"2020830","survey_method":"사진측량","admin_code":"47900"},"geometry":{"type":"Polygon","coordinates":[[[128.34046,36.57685],[128.34016,36.57666],[128.33745,36.57921],[128.33873,36.57999],[128.34046,36.57685]]]}},{"type":"Feature","id":"TN_RIVER_BNDRY:WTR01000000011I56","properties":{"NF_ID":"WTR01000000011I56","source_layer":"TN_RIVER_BNDRY","semantic":"zone","river_class":"국가하천","river_class_source":"중심선 공간조인","river_name":"내성천","river_code":"2020830","survey_method":"사진측량","admin_code":"47900"},"geometry":{"type":"Polygon","coordinates":[[[128.34016,36.57666],[128.33101,36.57318],[128.32951,36.57278],[128.32608,36.5723],[128.3256,36.5749],[128.32874,36.57574],[128.33166,36.57677],[128.3331,36.57751],[128.33745,36.57921],[128.34016,36.57666]]]}},{"type":"Feature","id":"TN_RIVER_BNDRY:WTR01000000011I67","properties":{"NF_ID":"WTR01000000011I67","source_layer":"TN_RIVER_BNDRY","semantic":"zone","river_class":"국가하천","river_class_source":"중심선 공간조인","river_name":"내성천","river_code":"2020830","survey_method":"사진측량","admin_code":"47900"},"geometry":{"type":"Polygon","coordinates":[[[128.32538,36.57487],[128.32598,36.57229],[128.32489,36.57231],[128.32472,36.57212],[128.32171,36.57177],[128.31985,36.57192],[128.31806,36.57256],[128.31688,36.57336],[128.31581,36.57461],[128.31602,36.57555],[128.31644,36.57594],[128.31664,36.57657],[128.31764,36.57789],[128.32037,36.57932],[128.32134,36.57962],[128.32208,36.57965],[128.32498,36.57898],[128.3276,36.57904],[128.32891,36.57924],[128.33012,36.58007],[128.33056,36.58076],[128.33052,36.58138],[128.33022,36.58208],[128.32905,36.58351],[128.32623,36.58557],[128.32772,36.58708],[128.3283,36.58673],[128.3288,36.58603],[128.33017,36.58486],[128.33178,36.5828],[128.33219,36.58159],[128.33222,36.58081],[128.3311,36.57763],[128.33012,36.57694],[128.3283,36.5765],[128.32581,36.57725],[128.3238,36.57766],[128.32246,36.57785],[128.32125,36.57779],[128.32064,36.57768],[128.31932,36.57686],[128.31892,36.57647],[128.31875,36.57598],[128.31891,36.575],[128.32002,36.57405],[128.32112,36.574],[128.32538,36.57487]]]}},{"type":"Feature","id":"TN_RIVER_BNDRY:WTR01000000011I78","properties":{"NF_ID":"WTR01000000011I78","source_layer":"TN_RIVER_BNDRY","semantic":"zone","river_class":"국가하천","river_class_source":"중심선 공간조인","river_name":"낙동강","river_code":"2000010","survey_method":"사진측량","admin_code":"47900"},"geometry":{"type":"Polygon","coordinates":[[[128.35292,36.53758],[128.35004,36.53518],[128.3486,36.5359],[128.34814,36.53676],[128.34617,36.53839],[128.34553,36.5392],[128.34572,36.53933],[128.34495,36.54105],[128.34389,36.54246],[128.34277,36.5434],[128.34189,36.54362],[128.34154,36.54349],[128.33818,36.54515],[128.33786,36.54512],[128.33645,36.54549],[128.33473,36.5461],[128.32926,36.5457],[128.32881,36.54533],[128.3231,36.54585],[128.32413,36.54888],[128.32546,36.54882],[128.32983,36.54819],[128.33223,36.54846],[128.33368,36.54834],[128.33509,36.54844],[128.33632,36.54823],[128.33842,36.54746],[128.34203,36.54676],[128.34303,36.54629],[128.34379,36.54566],[128.34513,36.54551],[128.34518,36.54502],[128.3455,36.54454],[128.35039,36.5405],[128.35209,36.53933],[128.3533,36.53884],[128.35469,36.53801],[128.35472,36.5379],[128.35292,36.53758]]]}},{"type":"Feature","id":"TN_RIVER_BNDRY:WTR01000000011I89","properties":{"NF_ID":"WTR01000000011I89","source_layer":"TN_RIVER_BNDRY","semantic":"zone","river_class":"소하천","river_class_source":"중심선 공간조인","survey_method":"사진측량","admin_code":"47900"},"geometry":{"type":"Polygon","coordinates":[[[128.31632,36.57361],[128.31628,36.57361],[128.31623,36.57361],[128.31593,36.57361],[128.3159,36.57362],[128.3159,36.57363],[128.31593,36.57363],[128.31618,36.57364],[128.31619,36.57365],[128.31631,36.57366],[128.31634,36.57366],[128.31635,36.57364],[128.31634,36.57361],[128.31632,36.57361]]]}},{"type":"Feature","id":"TN_RIVER_BNDRY:WTR01000000011I9A","properties":{"NF_ID":"WTR01000000011I9A","source_layer":"TN_RIVER_BNDRY","semantic":"zone","river_class":"소하천","river_class_source":"중심선 공간조인","survey_method":"사진측량","admin_code":"47900"},"geometry":{"type":"Polygon","coordinates":[[[128.30899,36.51054],[128.30887,36.51072],[128.3093,36.5114],[128.31044,36.51247],[128.31105,36.51367],[128.31239,36.51455],[128.31387,36.51649],[128.31512,36.51784],[128.31571,36.51821],[128.31653,36.51752],[128.31754,36.51701],[128.31833,36.51693],[128.32791,36.51736],[128.32751,36.51722],[128.3185,36.51684],[128.31748,36.51694],[128.31565,36.518],[128.31402,36.51647],[128.31236,36.51434],[128.31118,36.51368],[128.31032,36.51207],[128.30951,36.51133],[128.30899,36.51054]]]}},{"type":"Feature","id":"TN_RIVER_BNDRY:WTR01000000011IAB","properties":{"NF_ID":"WTR01000000011IAB","source_layer":"TN_RIVER_BNDRY","semantic":"zone","river_class":"소하천","river_class_source":"중심선 공간조인","survey_method":"사진측량","admin_code":"47900"},"geometry":{"type":"Polygon","coordinates":[[[128.31423,36.53215],[128.314,36.53256],[128.3144,36.53314],[128.31407,36.53253],[128.31423,36.53215]]]}},{"type":"Feature","id":"TN_RIVER_BNDRY:WTR01000000011IBC","properties":{"NF_ID":"WTR01000000011IBC","source_layer":"TN_RIVER_BNDRY","semantic":"zone","river_class":"소하천","river_class_source":"중심선 공간조인","survey_method":"사진측량","admin_code":"47900"},"geometry":{"type":"Polygon","coordinates":[[[128.31445,36.53012],[128.31606,36.5297],[128.31588,36.52854],[128.31602,36.52965],[128.31417,36.53021],[128.31384,36.53083],[128.31429,36.53141],[128.31391,36.5308],[128.31413,36.53034],[128.31445,36.53012]]]}},{"type":"Feature","id":"TN_RIVER_BNDRY:WTR01000000011ICD","properties":{"NF_ID":"WTR01000000011ICD","source_layer":"TN_RIVER_BNDRY","semantic":"zone","river_class":"소하천","river_class_source":"중심선 공간조인","survey_method":"사진측량","admin_code":"47900"},"geometry":{"type":"Polygon","coordinates":[[[128.31471,36.53356],[128.31423,36.53539],[128.3146,36.53603],[128.31548,36.53622],[128.31607,36.53698],[128.31601,36.53743],[128.31543,36.5377],[128.31527,36.53793],[128.3154,36.53879],[128.31603,36.53945],[128.31588,36.53971],[128.3147,36.54005],[128.31417,36.54154],[128.31478,36.54005],[128.31578,36.5398],[128.31607,36.53943],[128.31544,36.53878],[128.31531,36.53792],[128.31598,36.53752],[128.31612,36.53698],[128.31553,36.5362],[128.31464,36.53602],[128.31426,36.53539],[128.31471,36.53356]]]}},{"type":"Feature","id":"TN_RIVER_BNDRY:WTR01000000011IDE","properties":{"NF_ID":"WTR01000000011IDE","source_layer":"TN_RIVER_BNDRY","semantic":"zone","river_class":"소하천","river_class_source":"중심선 공간조인","survey_method":"사진측량","admin_code":"47900"},"geometry":{"type":"Polygon","coordinates":[[[128.30899,36.51054],[128.30897,36.51051],[128.30882,36.51067],[128.30887,36.51069],[128.30899,36.51054]]]}},{"type":"Feature","id":"TN_RIVER_BNDRY:WTR01000000011IEF","properties":{"NF_ID":"WTR01000000011IEF","source_layer":"TN_RIVER_BNDRY","semantic":"zone","river_class":"소하천","river_class_source":"중심선 공간조인","survey_method":"사진측량","admin_code":"47900"},"geometry":{"type":"Polygon","coordinates":[[[128.30887,36.51069],[128.30882,36.51067],[128.30882,36.5107],[128.30881,36.51075],[128.30881,36.51081],[128.30882,36.51086],[128.30883,36.51112],[128.30883,36.5118],[128.30883,36.51233],[128.30882,36.51234],[128.30881,36.51235],[128.30881,36.51298],[128.30881,36.51298],[128.30881,36.51298],[128.30881,36.51298],[128.30881,36.51299],[128.30881,36.51302],[128.30881,36.51302],[128.30881,36.51302],[128.3088,36.51343],[128.3088,36.5142],[128.30879,36.51421],[128.3088,36.51422],[128.3088,36.51422],[128.3088,36.51425],[128.3088,36.51425],[128.30879,36.51426],[128.30879,36.51488],[128.30879,36.51535],[128.30878,36.51602],[128.30878,36.51604],[128.30878,36.51612],[128.30879,36.51613],[128.30879,36.51621],[128.30878,36.51622],[128.30879,36.51641],[128.30879,36.51679],[128.30878,36.51682],[128.30878,36.51687],[128.30875,36.51703],[128.30871,36.51715],[128.30871,36.51717],[128.30871,36.51719],[128.30871,36.51719],[128.30873,36.5172],[128.30873,36.5172],[128.30875,36.5172],[128.30875,36.51719],[128.30877,36.51721],[128.30878,36.51721],[128.3088,36.51721],[128.3088,36.51721],[128.3088,36.5172],[128.30879,36.51715],[128.30879,36.51714],[128.30881,36.51705],[128.30884,36.51691],[128.30885,36.51682],[128.30886,36.5167],[128.30885,36.51658],[128.30886,36.51639],[128.30886,36.51603],[128.30886,36.51546],[128.30887,36.51492],[128.30887,36.51428],[128.30887,36.51389],[128.30888,36.51347],[128.30888,36.51302],[128.30888,36.5125],[128.30889,36.51234],[128.30888,36.51233],[128.30887,36.51233],[128.30887,36.51175],[128.30887,36.51114],[128.30886,36.51084],[128.30886,36.51082],[128.30886,36.51072],[128.30887,36.5107],[128.30887,36.51069]]]}},{"type":"Feature","id":"TN_RIVER_BNDRY:WTR01000000011IFG","properties":{"NF_ID":"WTR01000000011IFG","source_layer":"TN_RIVER_BNDRY","semantic":"zone","river_class":"소하천","river_class_source":"중심선 공간조인","survey_method":"사진측량","admin_code":"47900"},"geometry":{"type":"Polygon","coordinates":[[[128.32598,36.57229],[128.32614,36.57208],[128.32638,36.56891],[128.32656,36.56859],[128.32759,36.56774],[128.32781,36.56716],[128.3302,36.56564],[128.33103,36.5655],[128.33149,36.56569],[128.33203,36.56559],[128.33147,36.56563],[128.33097,36.56543],[128.33019,36.5656],[128.32778,36.56709],[128.32753,36.5677],[128.32653,36.56851],[128.32628,36.56889],[128.32598,36.57229]]]}},{"type":"Feature","id":"TN_RIVER_BNDRY:WTR01000000011IGH","properties":{"NF_ID":"WTR01000000011IGH","source_layer":"TN_RIVER_BNDRY","semantic":"zone","river_class":"국가하천","river_class_source":"중심선 공간조인","river_name":"내성천","river_code":"2020830","survey_method":"사진측량","admin_code":"47900"},"geometry":{"type":"Polygon","coordinates":[[[128.32608,36.5723],[128.32538,36.57487],[128.3256,36.5749],[128.32608,36.5723]]]}},{"type":"Feature","id":"TN_RIVER_BNDRY:WTR01000000011IHI","properties":{"NF_ID":"WTR01000000011IHI","source_layer":"TN_RIVER_BNDRY","semantic":"zone","river_class":"소하천","river_class_source":"중심선 공간조인","survey_method":"사진측량","admin_code":"47900"},"geometry":{"type":"Polygon","coordinates":[[[128.32302,36.54523],[128.32732,36.54492],[128.32679,36.54435],[128.3263,36.5431],[128.32659,36.5406],[128.32623,36.54316],[128.32674,36.54438],[128.32725,36.54486],[128.32302,36.54523]]]}},{"type":"Feature","id":"TN_RIVER_BNDRY:WTR01000000011IIJ","properties":{"NF_ID":"WTR01000000011IIJ","source_layer":"TN_RIVER_BNDRY","semantic":"zone","river_class":"소하천","river_class_source":"중심선 공간조인","survey_method":"사진측량","admin_code":"47900"},"geometry":{"type":"Polygon","coordinates":[[[128.32302,36.54523],[128.32293,36.54522],[128.3229,36.54528],[128.3229,36.54528],[128.323,36.54529],[128.32302,36.54523]]]}},{"type":"Feature","id":"TN_RIVER_BNDRY:WTR01000000011IJK","properties":{"NF_ID":"WTR01000000011IJK","source_layer":"TN_RIVER_BNDRY","semantic":"zone","river_class":"소하천","river_class_source":"중심선 공간조인","survey_method":"사진측량","admin_code":"47900"},"geometry":{"type":"Polygon","coordinates":[[[128.3231,36.54585],[128.3229,36.54528],[128.32298,36.54586],[128.3231,36.54585]]]}},{"type":"Feature","id":"TN_RIVER_BNDRY:WTR01000000011IKL","properties":{"NF_ID":"WTR01000000011IKL","source_layer":"TN_RIVER_BNDRY","semantic":"zone","river_class":"국가하천","river_class_source":"중심선 공간조인","river_name":"낙동강","river_code":"2000010","survey_method":"사진측량","admin_code":"47900"},"geometry":{"type":"Polygon","coordinates":[[[128.32413,36.54888],[128.3231,36.54585],[128.32298,36.54586],[128.32376,36.549],[128.32413,36.54888]]]}},{"type":"Feature","id":"TN_RIVER_BNDRY:WTR01000000011ILM","properties":{"NF_ID":"WTR01000000011ILM","source_layer":"TN_RIVER_BNDRY","semantic":"zone","river_class":"소하천","river_class_source":"중심선 공간조인","survey_method":"사진측량","admin_code":"47900"},"geometry":{"type":"Polygon","coordinates":[[[128.31714,36.543],[128.31772,36.54334],[128.31773,36.54361],[128.31828,36.54419],[128.32027,36.54548],[128.32055,36.54587],[128.32028,36.54542],[128.31885,36.54435],[128.31826,36.54413],[128.31782,36.54365],[128.31774,36.54329],[128.31714,36.543]]]}},{"type":"Feature","id":"TN_RIVER_BNDRY:WTR01000000011IMN","properties":{"NF_ID":"WTR01000000011IMN","source_layer":"TN_RIVER_BNDRY","semantic":"zone","river_class":"소하천","river_class_source":"중심선 공간조인","survey_method":"사진측량","admin_code":"47900"},"geometry":{"type":"Polygon","coordinates":[[[128.32293,36.54522],[128.32346,36.54449],[128.32407,36.54445],[128.32421,36.54432],[128.32436,36.54358],[128.32413,36.54202],[128.32121,36.53872],[128.31976,36.53224],[128.32116,36.53877],[128.32407,36.5421],[128.32429,36.54362],[128.32412,36.5443],[128.3234,36.54446],[128.32293,36.54522]]]}},{"type":"Feature","id":"TN_RIVER_BNDRY:WTR01000000011INO","properties":{"NF_ID":"WTR01000000011INO","source_layer":"TN_RIVER_BNDRY","semantic":"zone","river_class":"국가하천","river_class_source":"중심선 공간조인","river_name":"낙동강","river_code":"2000010","survey_method":"사진측량","admin_code":"47900"},"geometry":{"type":"Polygon","coordinates":[[[128.35512,36.5366],[128.35183,36.53423],[128.35447,36.53677],[128.35512,36.5366]]]}},{"type":"Feature","id":"TN_RIVER_BNDRY:WTR01000000011IOP","properties":{"NF_ID":"WTR01000000011IOP","source_layer":"TN_RIVER_BNDRY","semantic":"zone","river_class":"등급미확인","survey_method":"사진측량","admin_code":"47900"},"geometry":{"type":"Polygon","coordinates":[[[128.35447,36.53677],[128.35183,36.53423],[128.35072,36.53484],[128.35447,36.53677]]]}},{"type":"Feature","id":"TN_RIVER_BNDRY:WTR01000000011IPQ","properties":{"NF_ID":"WTR01000000011IPQ","source_layer":"TN_RIVER_BNDRY","semantic":"zone","river_class":"국가하천","river_class_source":"중심선 공간조인","river_name":"낙동강","river_code":"2000010","survey_method":"사진측량","admin_code":"47900"},"geometry":{"type":"Polygon","coordinates":[[[128.35449,36.53711],[128.35443,36.53685],[128.35072,36.53484],[128.35004,36.53518],[128.35292,36.53758],[128.3538,36.53709],[128.35449,36.53711]]]}},{"type":"Feature","id":"TN_RIVER_BNDRY:WTR01000000011IST","properties":{"NF_ID":"WTR01000000011IST","source_layer":"TN_RIVER_BNDRY","semantic":"zone","river_class":"소하천","river_class_source":"중심선 공간조인","survey_method":"사진측량","admin_code":"47900"},"geometry":{"type":"Polygon","coordinates":[[[128.35188,36.53421],[128.35159,36.53382],[128.35155,36.53314],[128.35113,36.53247],[128.35028,36.5319],[128.34974,36.53183],[128.34804,36.53208],[128.34537,36.53131],[128.34108,36.53105],[128.33813,36.53045],[128.3409,36.53109],[128.34537,36.53137],[128.34802,36.53214],[128.34975,36.53191],[128.35027,36.53197],[128.351,36.53244],[128.35148,36.5332],[128.35153,36.53384],[128.35188,36.53421]]]}},{"type":"Feature","id":"TN_RIVER_BNDRY:WTR01000000011ITU","properties":{"NF_ID":"WTR01000000011ITU","source_layer":"TN_RIVER_BNDRY","semantic":"zone","river_class":"소하천","river_class_source":"중심선 공간조인","survey_method":"사진측량","admin_code":"47900"},"geometry":{"type":"Polygon","coordinates":[[[128.34016,36.57666],[128.34046,36.57685],[128.34105,36.57597],[128.3415,36.57567],[128.34392,36.57565],[128.34484,36.57536],[128.34536,36.5739],[128.34539,36.57276],[128.3463,36.57021],[128.34635,36.56927],[128.34817,36.56777],[128.34842,36.56683],[128.34968,36.56559],[128.34982,36.56519],[128.34934,36.56471],[128.3499,36.5641],[128.34926,36.5647],[128.34974,36.56531],[128.34912,36.56605],[128.34843,36.56654],[128.34806,36.56773],[128.34631,36.56919],[128.34595,36.57114],[128.34534,36.57269],[128.34518,36.57432],[128.34481,36.57526],[128.34381,36.5756],[128.34123,36.57561],[128.34064,36.57589],[128.34016,36.57666]]]}},{"type":"Feature","id":"TN_RIVER_BNDRY:WTR01000000011IYZ","properties":{"NF_ID":"WTR01000000011IYZ","source_layer":"TN_RIVER_BNDRY","semantic":"zone","river_class":"국가하천","river_class_source":"중심선 공간조인","river_name":"내성천","river_code":"2020830","survey_method":"사진측량","admin_code":"47900"},"geometry":{"type":"Polygon","coordinates":[[[128.31643,36.58789],[128.31658,36.58598],[128.31563,36.586],[128.31607,36.58803],[128.31643,36.58789]]]}},{"type":"Feature","id":"TN_RIVER_BNDRY:WTR01000000011IZ0","properties":{"NF_ID":"WTR01000000011IZ0","source_layer":"TN_RIVER_BNDRY","semantic":"zone","river_class":"소하천","river_class_source":"중심선 공간조인","survey_method":"사진측량","admin_code":"47900"},"geometry":{"type":"Polygon","coordinates":[[[128.30473,36.58857],[128.30327,36.58851],[128.3013,36.58808],[128.30321,36.58854],[128.30473,36.58857]]]}},{"type":"Feature","id":"TN_RIVER_BNDRY:WTR01000000011J02","properties":{"NF_ID":"WTR01000000011J02","source_layer":"TN_RIVER_BNDRY","semantic":"zone","river_class":"소하천","river_class_source":"중심선 공간조인","survey_method":"사진측량","admin_code":"47900"},"geometry":{"type":"Polygon","coordinates":[[[128.32684,36.59913],[128.32848,36.5997],[128.32912,36.60032],[128.32941,36.60086],[128.32996,36.601],[128.33042,36.60138],[128.33088,36.60136],[128.33145,36.6016],[128.33276,36.60179],[128.331,36.60134],[128.33039,36.60132],[128.33006,36.60098],[128.32946,36.60079],[128.32915,36.60025],[128.32851,36.59962],[128.3281,36.5996],[128.32684,36.59913]]]}},{"type":"Feature","id":"TN_RIVER_BNDRY:WTR01000000011J13","properties":{"NF_ID":"WTR01000000011J13","source_layer":"TN_RIVER_BNDRY","semantic":"zone","river_class":"소하천","river_class_source":"중심선 공간조인","survey_method":"사진측량","admin_code":"47900"},"geometry":{"type":"Polygon","coordinates":[[[128.32681,36.59908],[128.32806,36.59715],[128.32859,36.59676],[128.32957,36.59653],[128.32853,36.59671],[128.32796,36.59716],[128.32681,36.59908]]]}},{"type":"Feature","id":"TN_RIVER_BNDRY:WTR01000000011J24","properties":{"NF_ID":"WTR01000000011J24","source_layer":"TN_RIVER_BNDRY","semantic":"zone","river_class":"국가하천","river_class_source":"중심선 공간조인","river_name":"내성천","river_code":"2020830","survey_method":"사진측량","admin_code":"47900"},"geometry":{"type":"Polygon","coordinates":[[[128.32772,36.58708],[128.32609,36.58547],[128.32571,36.58573],[128.32772,36.58708]]]}},{"type":"Feature","id":"TN_RIVER_BNDRY:WTR01000000011J35","properties":{"NF_ID":"WTR01000000011J35","source_layer":"TN_RIVER_BNDRY","semantic":"zone","river_class":"소하천","river_class_source":"중심선 공간조인","survey_method":"사진측량","admin_code":"47900"},"geometry":{"type":"Polygon","coordinates":[[[128.32772,36.58708],[128.32795,36.58804],[128.32791,36.58724],[128.32772,36.58708]]]}},{"type":"Feature","id":"TN_RIVER_BNDRY:WTR01000000011J46","properties":{"NF_ID":"WTR01000000011J46","source_layer":"TN_RIVER_BNDRY","semantic":"zone","river_class":"소하천","river_class_source":"중심선 공간조인","survey_method":"사진측량","admin_code":"47900"},"geometry":{"type":"Polygon","coordinates":[[[128.32684,36.59913],[128.32681,36.59908],[128.32678,36.59916],[128.32679,36.59916],[128.32682,36.59917],[128.32683,36.59917],[128.32684,36.59913]]]}},{"type":"Feature","id":"TN_RIVER_BNDRY:WTR01000000011J57","properties":{"NF_ID":"WTR01000000011J57","source_layer":"TN_RIVER_BNDRY","semantic":"zone","river_class":"소하천","river_class_source":"중심선 공간조인","survey_method":"사진측량","admin_code":"47900"},"geometry":{"type":"Polygon","coordinates":[[[128.31643,36.58789],[128.31607,36.58803],[128.31631,36.58872],[128.31603,36.59006],[128.3162,36.59253],[128.31794,36.59849],[128.31802,36.5987],[128.31819,36.5987],[128.31643,36.59225],[128.31631,36.59089],[128.31643,36.58789]]]}},{"type":"Feature","id":"TN_RIVER_BNDRY:WTR01000000011J68","properties":{"NF_ID":"WTR01000000011J68","source_layer":"TN_RIVER_BNDRY","semantic":"zone","river_class":"소하천","river_class_source":"중심선 공간조인","survey_method":"사진측량","admin_code":"47900"},"geometry":{"type":"Polygon","coordinates":[[[128.31786,36.59944],[128.31788,36.59934],[128.31781,36.59937],[128.31767,36.59946],[128.31756,36.59953],[128.31747,36.59958],[128.3177,36.5995],[128.31771,36.59949],[128.31772,36.59949],[128.31775,36.59948],[128.31778,36.59947],[128.31782,36.59945],[128.31786,36.59944]]]}},{"type":"Feature","id":"TN_RIVER_BNDRY:WTR01000000011J79","properties":{"NF_ID":"WTR01000000011J79","source_layer":"TN_RIVER_BNDRY","semantic":"zone","river_class":"소하천","river_class_source":"중심선 공간조인","survey_method":"사진측량","admin_code":"47900"},"geometry":{"type":"Polygon","coordinates":[[[128.31809,36.59934],[128.31819,36.59877],[128.31803,36.59877],[128.31788,36.59934],[128.31809,36.59934]]]}},{"type":"Feature","id":"TN_RIVER_BNDRY:WTR01000000011J8A","properties":{"NF_ID":"WTR01000000011J8A","source_layer":"TN_RIVER_BNDRY","semantic":"zone","river_class":"소하천","river_class_source":"중심선 공간조인","survey_method":"사진측량","admin_code":"47900"},"geometry":{"type":"Polygon","coordinates":[[[128.31819,36.5987],[128.31802,36.5987],[128.31803,36.59877],[128.31819,36.59877],[128.31819,36.5987]]]}},{"type":"Feature","id":"TN_RIVER_BNDRY:WTR01000000011J9B","properties":{"NF_ID":"WTR01000000011J9B","source_layer":"TN_RIVER_BNDRY","semantic":"zone","river_class":"소하천","river_class_source":"중심선 공간조인","survey_method":"사진측량","admin_code":"47900"},"geometry":{"type":"Polygon","coordinates":[[[128.31809,36.59934],[128.31788,36.59934],[128.31786,36.59944],[128.31808,36.59944],[128.31809,36.59935],[128.31809,36.59934]]]}},{"type":"Feature","id":"TN_RIVER_BNDRY:WTR01000000011JAC","properties":{"NF_ID":"WTR01000000011JAC","source_layer":"TN_RIVER_BNDRY","semantic":"zone","river_class":"소하천","river_class_source":"중심선 공간조인","survey_method":"사진측량","admin_code":"47900"},"geometry":{"type":"Polygon","coordinates":[[[128.31808,36.59944],[128.31786,36.59944],[128.31826,36.60031],[128.31878,36.60089],[128.32076,36.60185],[128.32207,36.6029],[128.32345,36.60358],[128.32501,36.605],[128.32589,36.60605],[128.32652,36.60846],[128.32598,36.60606],[128.32512,36.605],[128.32363,36.60359],[128.3221,36.60285],[128.32085,36.60183],[128.31878,36.60081],[128.31831,36.6003],[128.31808,36.59944]]]}},{"type":"Feature","id":"TN_RIVER_BNDRY:WTR01000000011JBD","properties":{"NF_ID":"WTR01000000011JBD","source_layer":"TN_RIVER_BNDRY","semantic":"zone","river_class":"소하천","river_class_source":"중심선 공간조인","survey_method":"사진측량","admin_code":"47900"},"geometry":{"type":"Polygon","coordinates":[[[128.32681,36.59908],[128.32473,36.59854],[128.3231,36.59841],[128.32141,36.59852],[128.32068,36.59876],[128.31819,36.59877],[128.32074,36.59887],[128.32286,36.59847],[128.32456,36.5986],[128.32681,36.59908]]]}},{"type":"Feature","id":"TN_RIVER_BNDRY:WTR01000000011JCE","properties":{"NF_ID":"WTR01000000011JCE","source_layer":"TN_RIVER_BNDRY","semantic":"zone","river_class":"국가하천","river_class_source":"중심선 공간조인","river_name":"내성천","river_code":"2020830","survey_method":"사진측량","admin_code":"47900"},"geometry":{"type":"Polygon","coordinates":[[[128.3277,36.58709],[128.32571,36.58573],[128.32395,36.58607],[128.32274,36.5861],[128.31843,36.58563],[128.31658,36.58598],[128.31643,36.58789],[128.3216,36.58741],[128.32342,36.58752],[128.32444,36.58773],[128.32633,36.58773],[128.3277,36.58709]]]}},{"type":"Feature","id":"TN_RIVER_BNDRY:WTR01000000011JDF","properties":{"NF_ID":"WTR01000000011JDF","source_layer":"TN_RIVER_BNDRY","semantic":"zone","river_class":"소하천","river_class_source":"중심선 공간조인","survey_method":"사진측량","admin_code":"47900"},"geometry":{"type":"Polygon","coordinates":[[[128.36112,36.60571],[128.35453,36.60519],[128.35307,36.604],[128.35259,36.60307],[128.35189,36.60287],[128.35091,36.60217],[128.3494,36.60177],[128.34625,36.59947],[128.34386,36.59873],[128.34262,36.59883],[128.34393,36.59879],[128.34628,36.59954],[128.34948,36.6019],[128.35088,36.60224],[128.3518,36.6029],[128.3525,36.60313],[128.35299,36.60405],[128.35458,36.60529],[128.36112,36.60571]]]}},{"type":"Feature","id":"TN_RIVER_BNDRY:WTR01000000011JEG","properties":{"NF_ID":"WTR01000000011JEG","source_layer":"TN_RIVER_BNDRY","semantic":"zone","river_class":"소하천","river_class_source":"중심선 공간조인","survey_method":"사진측량","admin_code":"47900"},"geometry":{"type":"Polygon","coordinates":[[[128.36116,36.60579],[128.3608,36.60704],[128.35833,36.60875],[128.35842,36.60935],[128.35812,36.61055],[128.35818,36.61085],[128.35843,36.61102],[128.35833,36.61158],[128.35851,36.61109],[128.3582,36.61058],[128.3585,36.60933],[128.35841,36.6087],[128.3609,36.60702],[128.36116,36.60579]]]}},{"type":"Feature","id":"TN_RIVER_BNDRY:WTR01000000011JFH","properties":{"NF_ID":"WTR01000000011JFH","source_layer":"TN_RIVER_BNDRY","semantic":"zone","river_class":"소하천","river_class_source":"중심선 공간조인","survey_method":"사진측량","admin_code":"47900"},"geometry":{"type":"Polygon","coordinates":[[[128.36119,36.60571],[128.36112,36.60571],[128.36111,36.60579],[128.36116,36.60579],[128.36119,36.60571]]]}},{"type":"Feature","id":"TN_RIVER_BNDRY:WTR01000000011JGI","properties":{"NF_ID":"WTR01000000011JGI","source_layer":"TN_RIVER_BNDRY","semantic":"zone","river_class":"국가하천","river_class_source":"중심선 공간조인","river_name":"내성천","river_code":"2020830","survey_method":"사진측량","admin_code":"47900"},"geometry":{"type":"Polygon","coordinates":[[[128.36222,36.58814],[128.36387,36.5853],[128.3627,36.58515],[128.35808,36.58393],[128.35071,36.58117],[128.34989,36.58065],[128.34791,36.57985],[128.34687,36.5792],[128.34495,36.57855],[128.34307,36.5781],[128.34046,36.57685],[128.33873,36.57999],[128.33905,36.58024],[128.33919,36.58011],[128.34127,36.58054],[128.34187,36.58135],[128.34273,36.58162],[128.34313,36.58205],[128.34392,36.58225],[128.34847,36.58427],[128.35665,36.58748],[128.36082,36.58833],[128.36222,36.58814]]]}},{"type":"Feature","id":"TN_RIVER_BNDRY:WTR01000000011JHJ","properties":{"NF_ID":"WTR01000000011JHJ","source_layer":"TN_RIVER_BNDRY","semantic":"zone","river_class":"국가하천","river_class_source":"중심선 공간조인","river_name":"내성천","river_code":"2020830","survey_method":"사진측량","admin_code":"47900"},"geometry":{"type":"Polygon","coordinates":[[[128.36496,36.58514],[128.36387,36.5853],[128.36222,36.58814],[128.36249,36.58796],[128.36426,36.58836],[128.36496,36.58514]]]}},{"type":"Feature","id":"TN_RIVER_BNDRY:WTR01000000011JIK","properties":{"NF_ID":"WTR01000000011JIK","source_layer":"TN_RIVER_BNDRY","semantic":"zone","river_class":"국가하천","river_class_source":"중심선 공간조인","river_name":"낙동강","river_code":"2000010","survey_method":"사진측량","admin_code":"47900"},"geometry":{"type":"Polygon","coordinates":[[[128.35824,36.53119],[128.35188,36.53421],[128.35512,36.5366],[128.3586,36.53485],[128.35998,36.53433],[128.36231,36.53375],[128.36333,36.53324],[128.36458,36.53233],[128.36609,36.53055],[128.3663,36.53055],[128.36681,36.52995],[128.36635,36.52966],[128.36289,36.53152],[128.36033,36.53242],[128.35855,36.53259],[128.35826,36.5325],[128.35824,36.53119]]]}},{"type":"Feature","id":"TN_RIVER_BNDRY:WTR01000000011JJL","properties":{"NF_ID":"WTR01000000011JJL","source_layer":"TN_RIVER_BNDRY","semantic":"zone","river_class":"국가하천","river_class_source":"중심선 공간조인","river_name":"낙동강","river_code":"2000010","survey_method":"사진측량","admin_code":"47900"},"geometry":{"type":"Polygon","coordinates":[[[128.36638,36.52963],[128.36681,36.52995],[128.36692,36.52983],[128.36647,36.52955],[128.36638,36.52963]]]}},{"type":"Feature","id":"TN_RIVER_BNDRY:WTR01000000011JKM","properties":{"NF_ID":"WTR01000000011JKM","source_layer":"TN_RIVER_BNDRY","semantic":"zone","river_class":"소하천","river_class_source":"중심선 공간조인","survey_method":"사진측량","admin_code":"47900"},"geometry":{"type":"Polygon","coordinates":[[[128.36508,36.60595],[128.36502,36.60597],[128.36492,36.60597],[128.36492,36.60609],[128.36503,36.60611],[128.36508,36.60595]]]}},{"type":"Feature","id":"TN_RIVER_BNDRY:WTR01000000011JLN","properties":{"NF_ID":"WTR01000000011JLN","source_layer":"TN_RIVER_BNDRY","semantic":"zone","river_class":"소하천","river_class_source":"중심선 공간조인","survey_method":"사진측량","admin_code":"47900"},"geometry":{"type":"Polygon","coordinates":[[[128.36503,36.60611],[128.36439,36.60768],[128.3647,36.60847],[128.36457,36.60948],[128.36566,36.60999],[128.366,36.6103],[128.36703,36.61049],[128.3675,36.61043],[128.36604,36.61026],[128.36571,36.60994],[128.36464,36.60952],[128.36481,36.60848],[128.36447,36.60775],[128.36503,36.60611]]]}},{"type":"Feature","id":"TN_RIVER_BNDRY:WTR01000000011JMO","properties":{"NF_ID":"WTR01000000011JMO","source_layer":"TN_RIVER_BNDRY","semantic":"zone","river_class":"소하천","river_class_source":"중심선 공간조인","survey_method":"사진측량","admin_code":"47900"},"geometry":{"type":"Polygon","coordinates":[[[128.36492,36.60597],[128.36116,36.60579],[128.36492,36.60609],[128.36492,36.60597]]]}},{"type":"Feature","id":"TN_RIVER_BNDRY:WTR01000000011JNP","properties":{"NF_ID":"WTR01000000011JNP","source_layer":"TN_RIVER_BNDRY","semantic":"zone","river_class":"국가하천","river_class_source":"중심선 공간조인","river_name":"낙동강","river_code":"2000010","survey_method":"사진측량","admin_code":"47900"},"geometry":{"type":"Polygon","coordinates":[[[128.26859,36.52791],[128.26797,36.53579],[128.26751,36.53722],[128.26619,36.53719],[128.26602,36.53772],[128.26608,36.53843],[128.26315,36.54155],[128.26175,36.54234],[128.26339,36.54236],[128.26316,36.5444],[128.26351,36.54535],[128.26212,36.54611],[128.26305,36.54755],[128.26415,36.54979],[128.26435,36.55096],[128.26466,36.55141],[128.26529,36.55185],[128.26796,36.55165],[128.26904,36.55217],[128.27605,36.55241],[128.27631,36.55092],[128.27619,36.55087],[128.27342,36.55126],[128.27124,36.55111],[128.27057,36.55101],[128.26899,36.55025],[128.26738,36.54884],[128.26657,36.54753],[128.266,36.54627],[128.26551,36.54392],[128.26468,36.54378],[128.26489,36.54297],[128.2676,36.53969],[128.2679,36.53981],[128.2691,36.53765],[128.26889,36.5375],[128.26926,36.53648],[128.26908,36.53503],[128.26952,36.53356],[128.26944,36.53289],[128.2704,36.53095],[128.2707,36.52931],[128.27117,36.52922],[128.27116,36.52905],[128.2708,36.52894],[128.2701,36.52727],[128.26892,36.52763],[128.26859,36.52791]]]}},{"type":"Feature","id":"TN_RIVER_BNDRY:WTR01000000011JPR","properties":{"NF_ID":"WTR01000000011JPR","source_layer":"TN_RIVER_BNDRY","semantic":"zone","river_class":"지방하천","river_class_source":"중심선 공간조인","river_name":"금천","river_code":"2021070","survey_method":"사진측량","admin_code":"47900"},"geometry":{"type":"Polygon","coordinates":[[[128.26276,36.60755],[128.26168,36.60793],[128.26138,36.60847],[128.26177,36.60928],[128.26122,36.61008],[128.26109,36.6109],[128.26064,36.61145],[128.26142,36.61148],[128.26192,36.61098],[128.26222,36.60949],[128.26361,36.60784],[128.26276,36.60755]]]}},{"type":"Feature","id":"TN_RIVER_BNDRY:WTR01000000011JTV","properties":{"NF_ID":"WTR01000000011JTV","source_layer":"TN_RIVER_BNDRY","semantic":"zone","river_class":"국가하천","river_class_source":"중심선 공간조인","river_name":"낙동강","river_code":"2000010","survey_method":"사진측량","admin_code":"47900"},"geometry":{"type":"MultiPolygon","coordinates":[[[[128.29499,36.56499],[128.29491,36.56519],[128.29508,36.56508],[128.29499,36.56499]]],[[[128.29312,36.55179],[128.29515,36.55237],[128.29694,36.55352],[128.296,36.5548],[128.29617,36.55506],[128.29646,36.55502],[128.29648,36.55589],[128.2936,36.55907],[128.29532,36.56339],[128.2956,36.56474],[128.29718,36.56371],[128.29639,36.5612],[128.29714,36.56108],[128.29718,36.56015],[128.29758,36.55944],[128.29745,36.55886],[128.29926,36.55624],[128.29828,36.55599],[128.29888,36.55437],[128.29806,36.55261],[128.29741,36.55231],[128.29719,36.552],[128.29639,36.55163],[128.29558,36.55145],[128.29484,36.55156],[128.29482,36.55142],[128.29375,36.55143],[128.29343,36.55155],[128.29339,36.55172],[128.29257,36.55173],[128.29312,36.55179]]],[[[128.29209,36.55169],[128.29204,36.55166],[128.29195,36.55166],[128.29192,36.55166],[128.29189,36.55167],[128.29186,36.55167],[128.29209,36.55169]]],[[[128.27657,36.55241],[128.28579,36.55246],[128.29034,36.5517],[128.2914,36.55165],[128.28635,36.55125],[128.28546,36.55143],[128.28437,36.55145],[128.28152,36.55114],[128.27984,36.5512],[128.27654,36.55096],[128.27633,36.55241],[128.27657,36.55241]]]]}},{"type":"Feature","id":"TN_RIVER_BNDRY:WTR01000000011JUW","properties":{"NF_ID":"WTR01000000011JUW","source_layer":"TN_RIVER_BNDRY","semantic":"zone","river_class":"소하천","river_class_source":"중심선 공간조인","survey_method":"사진측량","admin_code":"47900"},"geometry":{"type":"Polygon","coordinates":[[[128.37331,36.52019],[128.37338,36.52029],[128.37613,36.51912],[128.37753,36.51989],[128.37784,36.52068],[128.37822,36.52105],[128.37853,36.52122],[128.37918,36.52122],[128.37838,36.52107],[128.37788,36.52061],[128.37752,36.51983],[128.37615,36.51906],[128.37331,36.52019]]]}},{"type":"Feature","id":"TN_RIVER_BNDRY:WTR01000000011JVX","properties":{"NF_ID":"WTR01000000011JVX","source_layer":"TN_RIVER_BNDRY","semantic":"zone","river_class":"국가하천","river_class_source":"중심선 공간조인","river_name":"낙동강","river_code":"2000010","survey_method":"사진측량","admin_code":"47900"},"geometry":{"type":"Polygon","coordinates":[[[128.37991,36.50396],[128.37791,36.50341],[128.37553,36.503],[128.37394,36.50365],[128.37276,36.50451],[128.37067,36.50706],[128.3697,36.50893],[128.36953,36.51075],[128.37061,36.51463],[128.37085,36.51619],[128.37071,36.51672],[128.36822,36.51902],[128.36791,36.52161],[128.3679,36.52432],[128.37042,36.52452],[128.37236,36.52044],[128.37368,36.51357],[128.37409,36.51241],[128.37474,36.51131],[128.37591,36.51005],[128.37721,36.5091],[128.37738,36.50878],[128.37891,36.50813],[128.37991,36.50396]]]}},{"type":"Feature","id":"TN_RIVER_BNDRY:WTR01000000011JWY","properties":{"NF_ID":"WTR01000000011JWY","source_layer":"TN_RIVER_BNDRY","semantic":"zone","river_class":"소하천","river_class_source":"중심선 공간조인","survey_method":"사진측량","admin_code":"47900"},"geometry":{"type":"Polygon","coordinates":[[[128.38549,36.54552],[128.38489,36.54385],[128.38543,36.54299],[128.38541,36.54272],[128.38506,36.54247],[128.38445,36.54237],[128.37829,36.53757],[128.37722,36.53626],[128.37613,36.53456],[128.37427,36.53343],[128.37377,36.53276],[128.37334,36.53246],[128.37239,36.53204],[128.36954,36.53128],[128.36911,36.5308],[128.36972,36.53062],[128.36765,36.52957],[128.36731,36.53001],[128.36692,36.52983],[128.36681,36.52995],[128.36722,36.53017],[128.36797,36.53038],[128.36811,36.53075],[128.36898,36.53081],[128.36945,36.53138],[128.37296,36.5324],[128.37351,36.53274],[128.37411,36.53351],[128.376,36.53465],[128.37804,36.53761],[128.38433,36.54243],[128.38513,36.54258],[128.38536,36.54276],[128.38479,36.54385],[128.38526,36.54539],[128.38542,36.54561],[128.38549,36.54552]]]}},{"type":"Feature","id":"TN_RIVER_BNDRY:WTR01000000011JXZ","properties":{"NF_ID":"WTR01000000011JXZ","source_layer":"TN_RIVER_BNDRY","semantic":"zone","river_class":"국가하천","river_class_source":"중심선 공간조인","river_name":"내성천","river_code":"2020830","survey_method":"사진측량","admin_code":"47900"},"geometry":{"type":"Polygon","coordinates":[[[128.37588,36.58861],[128.37478,36.58815],[128.37378,36.59177],[128.37464,36.59224],[128.37588,36.58861]]]}},{"type":"Feature","id":"TN_RIVER_BNDRY:WTR01000000011JY0","properties":{"NF_ID":"WTR01000000011JY0","source_layer":"TN_RIVER_BNDRY","semantic":"zone","river_class":"국가하천","river_class_source":"중심선 공간조인","river_name":"내성천","river_code":"2020830","survey_method":"사진측량","admin_code":"47900"},"geometry":{"type":"Polygon","coordinates":[[[128.38041,36.59054],[128.37588,36.58861],[128.37464,36.59224],[128.37736,36.59417],[128.38041,36.59054]]]}},{"type":"Feature","id":"TN_RIVER_BNDRY:WTR01000000011JZ1","properties":{"NF_ID":"WTR01000000011JZ1","source_layer":"TN_RIVER_BNDRY","semantic":"zone","river_class":"국가하천","river_class_source":"중심선 공간조인","river_name":"내성천","river_code":"2020830","survey_method":"사진측량","admin_code":"47900"},"geometry":{"type":"Polygon","coordinates":[[[128.3937,36.59233],[128.39267,36.59577],[128.40282,36.59533],[128.40471,36.59539],[128.40862,36.59626],[128.41015,36.59675],[128.41209,36.59776],[128.41502,36.60039],[128.42093,36.60042],[128.42022,36.59953],[128.41971,36.59918],[128.41973,36.59899],[128.41902,36.59794],[128.41831,36.59757],[128.41615,36.5957],[128.40539,36.59158],[128.40478,36.59178],[128.40149,36.59217],[128.39878,36.59195],[128.39392,36.59222],[128.3937,36.59233]]]}},{"type":"Feature","id":"TN_RIVER_BNDRY:WTR01000000011K03","properties":{"NF_ID":"WTR01000000011K03","source_layer":"TN_RIVER_BNDRY","semantic":"zone","river_class":"소하천","river_class_source":"중심선 공간조인","survey_method":"사진측량","admin_code":"47900"},"geometry":{"type":"Polygon","coordinates":[[[128.40113,36.59562],[128.40124,36.59786],[128.40174,36.59898],[128.40193,36.59999],[128.40224,36.60054],[128.40287,36.60079],[128.40229,36.60053],[128.40198,36.6],[128.40179,36.59897],[128.40128,36.59783],[128.40113,36.59562]]]}},{"type":"Feature","id":"TN_RIVER_BNDRY:WTR01000000011K14","properties":{"NF_ID":"WTR01000000011K14","source_layer":"TN_RIVER_BNDRY","semantic":"zone","river_class":"소하천","river_class_source":"중심선 공간조인","survey_method":"사진측량","admin_code":"47900"},"geometry":{"type":"Polygon","coordinates":[[[128.43881,36.6],[128.43792,36.60169],[128.43749,36.6021],[128.43797,36.60172],[128.43881,36.6]]]}},{"type":"Feature","id":"TN_RIVER_BNDRY:WTR01000000011K25","properties":{"NF_ID":"WTR01000000011K25","source_layer":"TN_RIVER_BNDRY","semantic":"zone","river_class":"소하천","river_class_source":"중심선 공간조인","survey_method":"사진측량","admin_code":"47900"},"geometry":{"type":"Polygon","coordinates":[[[128.37457,36.60467],[128.37452,36.60471],[128.37458,36.60472],[128.37469,36.60472],[128.37485,36.60469],[128.37493,36.60467],[128.375,36.60464],[128.37503,36.60463],[128.37505,36.60463],[128.37505,36.60462],[128.37505,36.60462],[128.37505,36.60462],[128.37505,36.60461],[128.37504,36.60461],[128.375,36.60461],[128.37494,36.60462],[128.37487,36.60463],[128.37476,36.60465],[128.37466,36.60467],[128.37462,36.60467],[128.37458,36.60467],[128.37457,36.60467]]]}},{"type":"Feature","id":"TN_RIVER_BNDRY:WTR01000000011K36","properties":{"NF_ID":"WTR01000000011K36","source_layer":"TN_RIVER_BNDRY","semantic":"zone","river_class":"국가하천","river_class_source":"중심선 공간조인","river_name":"내성천","river_code":"2020830","survey_method":"사진측량","admin_code":"47900"},"geometry":{"type":"Polygon","coordinates":[[[128.45163,36.60439],[128.45062,36.6025],[128.4502,36.60283],[128.44872,36.60331],[128.44649,36.60358],[128.44492,36.60424],[128.44285,36.60366],[128.44297,36.60353],[128.44129,36.60367],[128.44116,36.60348],[128.44045,36.60349],[128.43963,36.60371],[128.43524,36.60376],[128.43399,36.60415],[128.42966,36.60423],[128.42601,36.60363],[128.42093,36.60042],[128.41999,36.60437],[128.42056,36.60433],[128.4227,36.60584],[128.42704,36.60774],[128.431,36.60832],[128.43192,36.60784],[128.4376,36.60714],[128.4397,36.60693],[128.4421,36.60717],[128.44803,36.60564],[128.45163,36.60439]]]}},{"type":"Feature","id":"TN_RIVER_BNDRY:WTR01000000011K47","properties":{"NF_ID":"WTR01000000011K47","source_layer":"TN_RIVER_BNDRY","semantic":"zone","river_class":"지방하천","river_class_source":"중심선 공간조인","river_name":"내성천","river_code":"2020830","survey_method":"사진측량","admin_code":"47900"},"geometry":{"type":"Polygon","coordinates":[[[128.49163,36.62527],[128.49087,36.62062],[128.4863,36.62279],[128.48653,36.623],[128.4872,36.62544],[128.49163,36.62527]]]}},{"type":"Feature","id":"TN_RIVER_BNDRY:WTR01000000011K58","properties":{"NF_ID":"WTR01000000011K58","source_layer":"TN_RIVER_BNDRY","semantic":"zone","river_class":"소하천","river_class_source":"중심선 공간조인","survey_method":"사진측량","admin_code":"47900"},"geometry":{"type":"Polygon","coordinates":[[[128.4863,36.62279],[128.48605,36.62282],[128.48572,36.6231],[128.48443,36.62469],[128.48393,36.62573],[128.483,36.62653],[128.48227,36.62766],[128.48517,36.62476],[128.48645,36.62369],[128.48605,36.62315],[128.4863,36.62279]]]}},{"type":"Feature","id":"TN_RIVER_BNDRY:WTR01000000011K69","properties":{"NF_ID":"WTR01000000011K69","source_layer":"TN_RIVER_BNDRY","semantic":"zone","river_class":"소하천","river_class_source":"중심선 공간조인","survey_method":"사진측량","admin_code":"47900"},"geometry":{"type":"Polygon","coordinates":[[[128.40819,36.63312],[128.4085,36.63278],[128.40728,36.63301],[128.4054,36.63408],[128.40442,36.63441],[128.40361,36.63436],[128.40153,36.63473],[128.39998,36.63449],[128.39901,36.63432],[128.39855,36.63409],[128.39807,36.63358],[128.39783,36.63269],[128.39531,36.63128],[128.39339,36.63064],[128.39207,36.63061],[128.3907,36.63017],[128.38896,36.63045],[128.3882,36.63017],[128.38733,36.63037],[128.38677,36.63086],[128.38669,36.63122],[128.38684,36.6319],[128.38728,36.63237],[128.38724,36.63264],[128.38631,36.63306],[128.38518,36.63386],[128.38441,36.63401],[128.38127,36.63332],[128.37908,36.63226],[128.37664,36.63168],[128.37484,36.63246],[128.37412,36.63298],[128.37143,36.63381],[128.37059,36.63434],[128.36892,36.63592],[128.36936,36.63686],[128.36953,36.6387],[128.36856,36.6416],[128.36788,36.64206],[128.36872,36.64154],[128.36963,36.63873],[128.36945,36.63688],[128.36899,36.63597],[128.37053,36.63452],[128.37136,36.63395],[128.37425,36.63299],[128.375,36.63245],[128.37683,36.63178],[128.37892,36.63229],[128.38115,36.63342],[128.38425,36.63411],[128.38482,36.63412],[128.38525,36.63396],[128.38635,36.63315],[128.3873,36.63278],[128.38742,36.6323],[128.38699,36.63194],[128.38682,36.6313],[128.38692,36.63087],[128.38721,36.63059],[128.38798,36.63027],[128.38892,36.63055],[128.3907,36.63028],[128.39199,36.63071],[128.39332,36.63073],[128.39511,36.63136],[128.39574,36.63177],[128.39673,36.63213],[128.39779,36.63289],[128.39785,36.63368],[128.39853,36.63428],[128.39934,36.63463],[128.40156,36.63488],[128.40353,36.63452],[128.40453,36.63456],[128.40559,36.63421],[128.40608,36.6338],[128.40728,36.63318],[128.408,36.63302],[128.40819,36.63312]]]}},{"type":"Feature","id":"TN_RIVER_BNDRY:WTR01000000011K7A","properties":{"NF_ID":"WTR01000000011K7A","source_layer":"TN_RIVER_BNDRY","semantic":"zone","river_class":"지방하천","river_class_source":"중심선 공간조인","river_name":"중평천","river_code":"2021050","survey_method":"사진측량","admin_code":"47900"},"geometry":{"type":"Polygon","coordinates":[[[128.39338,36.65214],[128.39324,36.65196],[128.39235,36.65209],[128.39184,36.65195],[128.39068,36.65125],[128.38719,36.65138],[128.38531,36.65202],[128.38409,36.65267],[128.38303,36.65279],[128.37885,36.65207],[128.37069,36.65207],[128.36956,36.65219],[128.3683,36.65293],[128.36672,36.65499],[128.365,36.65599],[128.36489,36.65687],[128.36588,36.65746],[128.36615,36.65787],[128.36382,36.65982],[128.36395,36.66003],[128.36649,36.65782],[128.36528,36.65684],[128.36516,36.65613],[128.36718,36.65492],[128.36879,36.65285],[128.37,36.65232],[128.37893,36.6523],[128.38293,36.65303],[128.3841,36.6529],[128.38642,36.65183],[128.38764,36.65165],[128.39056,36.65148],[128.39199,36.65226],[128.39265,36.65229],[128.39338,36.65214]]]}},{"type":"Feature","id":"TN_RIVER_BNDRY:WTR01000000011KCF","properties":{"NF_ID":"WTR01000000011KCF","source_layer":"TN_RIVER_BNDRY","semantic":"zone","river_class":"소하천","river_class_source":"중심선 공간조인","survey_method":"사진측량","admin_code":"47900"},"geometry":{"type":"Polygon","coordinates":[[[128.32512,36.50146],[128.32402,36.50089],[128.32357,36.50041],[128.32345,36.5],[128.32344,36.5003],[128.32392,36.50091],[128.32512,36.50146]]]}},{"type":"Feature","id":"TN_RIVER_BNDRY:WTR01000000011KHK","properties":{"NF_ID":"WTR01000000011KHK","source_layer":"TN_RIVER_BNDRY","semantic":"zone","river_class":"소하천","river_class_source":"중심선 공간조인","survey_method":"사진측량","admin_code":"47900"},"geometry":{"type":"Polygon","coordinates":[[[128.30897,36.51051],[128.30832,36.5095],[128.30764,36.50918],[128.30695,36.50839],[128.30574,36.50759],[128.30395,36.50592],[128.30368,36.50469],[128.30404,36.50284],[128.3033,36.5012],[128.30059,36.50115],[128.30009,36.50069],[128.29978,36.50005],[128.29883,36.5],[128.29952,36.50041],[128.29996,36.50108],[128.30059,36.50134],[128.30262,36.50133],[128.30324,36.50166],[128.30379,36.50279],[128.30342,36.5045],[128.30369,36.50597],[128.30558,36.5077],[128.30679,36.50848],[128.30741,36.5093],[128.30827,36.50987],[128.30874,36.51061],[128.30897,36.51051]]]}},{"type":"Feature","id":"TN_RIVER_BNDRY:WTR01000000011KJM","properties":{"NF_ID":"WTR01000000011KJM","source_layer":"TN_RIVER_BNDRY","semantic":"zone","river_class":"국가하천","river_class_source":"중심선 공간조인","river_name":"낙동강","river_code":"2000010","survey_method":"사진측량","admin_code":"47900"},"geometry":{"type":"Polygon","coordinates":[[[128.26589,36.50171],[128.26533,36.50439],[128.26474,36.50551],[128.26437,36.50712],[128.26472,36.51073],[128.26552,36.51198],[128.26555,36.51271],[128.26618,36.51533],[128.27024,36.51542],[128.26969,36.51525],[128.26968,36.51467],[128.26929,36.51403],[128.26947,36.51344],[128.26917,36.51259],[128.26927,36.51215],[128.27004,36.51224],[128.27004,36.51205],[128.2692,36.51187],[128.26803,36.51123],[128.268,36.51024],[128.27024,36.51072],[128.27029,36.50908],[128.27204,36.50069],[128.2718,36.50047],[128.272,36.5],[128.26619,36.5],[128.26627,36.50044],[128.26589,36.50171]]]}},{"type":"Feature","id":"TN_RIVER_BNDRY:WTR01000000011KOR","properties":{"NF_ID":"WTR01000000011KOR","source_layer":"TN_RIVER_BNDRY","semantic":"zone","river_class":"소하천","river_class_source":"중심선 공간조인","survey_method":"사진측량","admin_code":"47900"},"geometry":{"type":"Polygon","coordinates":[[[128.49303,36.57226],[128.49169,36.57234],[128.49186,36.57268],[128.49227,36.57242],[128.49303,36.57226]]]}},{"type":"Feature","id":"TN_RIVER_BNDRY:WTR01000000011KQT","properties":{"NF_ID":"WTR01000000011KQT","source_layer":"TN_RIVER_BNDRY","semantic":"zone","river_class":"소하천","river_class_source":"중심선 공간조인","survey_method":"사진측량","admin_code":"47900"},"geometry":{"type":"Polygon","coordinates":[[[128.49276,36.594],[128.49062,36.59387],[128.48913,36.59301],[128.48852,36.59284],[128.48775,36.59299],[128.48673,36.59381],[128.48545,36.59403],[128.48554,36.59425],[128.48695,36.5939],[128.48784,36.59315],[128.48852,36.59298],[128.48918,36.59312],[128.49057,36.594],[128.49276,36.594]]]}},{"type":"Feature","id":"TN_RIVER_BNDRY:WTR01000000011KSV","properties":{"NF_ID":"WTR01000000011KSV","source_layer":"TN_RIVER_BNDRY","semantic":"zone","river_class":"소하천","river_class_source":"중심선 공간조인","survey_method":"사진측량","admin_code":"47900"},"geometry":{"type":"Polygon","coordinates":[[[128.48944,36.61892],[128.48995,36.61901],[128.49051,36.61856],[128.49122,36.6175],[128.49141,36.61658],[128.49217,36.61592],[128.49363,36.61416],[128.49561,36.6136],[128.49617,36.61325],[128.49684,36.61342],[128.49851,36.61516],[128.49944,36.61512],[128.5,36.61536],[128.49952,36.61506],[128.49849,36.61502],[128.49706,36.61349],[128.49661,36.61321],[128.49614,36.61316],[128.49557,36.61351],[128.49339,36.61419],[128.49126,36.61664],[128.49053,36.61792],[128.49071,36.61796],[128.48944,36.61892]]]}},{"type":"Feature","id":"TN_RIVER_BNDRY:WTR01000000011KTW","properties":{"NF_ID":"WTR01000000011KTW","source_layer":"TN_RIVER_BNDRY","semantic":"zone","river_class":"소하천","river_class_source":"중심선 공간조인","river_name":"백골천","survey_method":"사진측량","admin_code":"47900"},"geometry":{"type":"Polygon","coordinates":[[[128.49163,36.62527],[128.49163,36.62547],[128.49225,36.62547],[128.493,36.62612],[128.49411,36.62652],[128.49739,36.62676],[128.49921,36.62716],[128.5,36.62713],[128.5,36.62703],[128.4992,36.62707],[128.49739,36.62667],[128.49601,36.62667],[128.49436,36.62647],[128.4933,36.62615],[128.4924,36.62548],[128.49163,36.62527]]]}},{"type":"Feature","id":"TN_RIVER_BNDRY:WTR01000000011KVY","properties":{"NF_ID":"WTR01000000011KVY","source_layer":"TN_RIVER_BNDRY","semantic":"zone","river_class":"지방하천","river_class_source":"중심선 공간조인","river_name":"내성천","river_code":"2020830","survey_method":"사진측량","admin_code":"47900"},"geometry":{"type":"Polygon","coordinates":[[[128.49418,36.63826],[128.48911,36.63918],[128.48944,36.63941],[128.49053,36.64127],[128.49114,36.64281],[128.49224,36.64677],[128.49232,36.64652],[128.49231,36.64685],[128.49491,36.65046],[128.49484,36.65169],[128.49608,36.65304],[128.49798,36.65444],[128.49917,36.65581],[128.5,36.65605],[128.5,36.65427],[128.49873,36.65294],[128.49715,36.64873],[128.4966,36.64579],[128.49619,36.64538],[128.49572,36.64399],[128.49432,36.63925],[128.49418,36.63826]]]}},{"type":"Feature","id":"TN_RIVER_BNDRY:WTR01000000011KWZ","properties":{"NF_ID":"WTR01000000011KWZ","source_layer":"TN_RIVER_BNDRY","semantic":"zone","river_class":"소하천","river_class_source":"중심선 공간조인","river_name":"수용천","survey_method":"사진측량","admin_code":"47900"},"geometry":{"type":"Polygon","coordinates":[[[128.49917,36.70741],[128.49807,36.70691],[128.49747,36.70639],[128.49655,36.706],[128.49616,36.70566],[128.49515,36.70532],[128.49371,36.70376],[128.49096,36.70203],[128.49021,36.7018],[128.48943,36.70195],[128.48983,36.70115],[128.48947,36.70058],[128.4892,36.70053],[128.48934,36.70074],[128.48897,36.70124],[128.48935,36.70198],[128.49018,36.70186],[128.49054,36.70195],[128.49349,36.70374],[128.49506,36.7054],[128.49622,36.70579],[128.49804,36.707],[128.49898,36.70735],[128.4996,36.70859],[128.49996,36.70893],[128.49917,36.70741]]]}},{"type":"Feature","id":"TN_RIVER_BNDRY:WTR01000000011KY1","properties":{"NF_ID":"WTR01000000011KY1","source_layer":"TN_RIVER_BNDRY","semantic":"zone","river_class":"지방하천","river_class_source":"중심선 공간조인","river_name":"석관천","river_code":"2021010","survey_method":"사진측량","admin_code":"47900"},"geometry":{"type":"Polygon","coordinates":[[[128.4923,36.72702],[128.49292,36.72738],[128.49367,36.72684],[128.49486,36.72654],[128.4966,36.72695],[128.49753,36.72685],[128.49828,36.72649],[128.4988,36.72564],[128.4988,36.72521],[128.49818,36.72449],[128.49568,36.7231],[128.49524,36.72251],[128.49511,36.72202],[128.49528,36.72176],[128.49706,36.7212],[128.49834,36.72047],[128.4991,36.71978],[128.49985,36.71859],[128.49993,36.71801],[128.49975,36.71731],[128.49919,36.71665],[128.49905,36.71617],[128.5,36.71325],[128.5,36.71198],[128.4988,36.71498],[128.4986,36.71612],[128.49867,36.71673],[128.49907,36.71759],[128.49911,36.71879],[128.49895,36.71928],[128.49658,36.72083],[128.49491,36.72142],[128.49451,36.72202],[128.49487,36.72315],[128.49555,36.72372],[128.49727,36.7245],[128.49793,36.72497],[128.49795,36.72557],[128.4974,36.72624],[128.49595,36.72636],[128.49476,36.72604],[128.49355,36.72636],[128.4923,36.72702]]]}},{"type":"Feature","id":"TN_RIVER_BNDRY:WTR01000000011L15","properties":{"NF_ID":"WTR01000000011L15","source_layer":"TN_RIVER_BNDRY","semantic":"zone","river_class":"지방하천","river_class_source":"중심선 공간조인","river_name":"석관천","river_code":"2021010","survey_method":"사진측량","admin_code":"47900"},"geometry":{"type":"Polygon","coordinates":[[[128.49944,36.74388],[128.4972,36.74278],[128.49555,36.73824],[128.49377,36.73487],[128.49219,36.73227],[128.49148,36.73169],[128.49137,36.73138],[128.49082,36.73148],[128.49194,36.73276],[128.49417,36.73664],[128.49538,36.73922],[128.49651,36.74276],[128.49733,36.74363],[128.49795,36.74395],[128.49817,36.74384],[128.49913,36.74432],[128.4997,36.74484],[128.5,36.74548],[128.5,36.74431],[128.49944,36.74388]]]}},{"type":"Feature","id":"TN_RIVER_BNDRY:WTR01000000011L26","properties":{"NF_ID":"WTR01000000011L26","source_layer":"TN_RIVER_BNDRY","semantic":"zone","river_class":"등급미확인","survey_method":"사진측량","admin_code":"47900"},"geometry":{"type":"Polygon","coordinates":[[[128.5,36.74898],[128.5,36.74817],[128.49891,36.75],[128.49935,36.74995],[128.5,36.74898]]]}},{"type":"Feature","id":"TN_RIVER_BNDRY:WTR01000000011L48","properties":{"NF_ID":"WTR01000000011L48","source_layer":"TN_RIVER_BNDRY","semantic":"zone","river_class":"지방하천","river_class_source":"중심선 공간조인","river_name":"용두천","river_code":"2021030","survey_method":"사진측량","admin_code":"47900"},"geometry":{"type":"Polygon","coordinates":[[[128.44388,36.74526],[128.4437,36.74495],[128.44257,36.74582],[128.44035,36.74866],[128.44016,36.74917],[128.43941,36.7496],[128.43911,36.75],[128.43955,36.75],[128.44032,36.74936],[128.44057,36.74881],[128.44223,36.74664],[128.44293,36.74592],[128.44388,36.74526]]]}},{"type":"Feature","id":"TN_RIVER_BNDRY:WTR01000000011L59","properties":{"NF_ID":"WTR01000000011L59","source_layer":"TN_RIVER_BNDRY","semantic":"zone","river_class":"지방하천","river_class_source":"중심선 공간조인","river_name":"한천","river_code":"2021020","survey_method":"사진측량","admin_code":"47900"},"geometry":{"type":"Polygon","coordinates":[[[128.44438,36.74508],[128.44388,36.74526],[128.44452,36.74632],[128.4448,36.74768],[128.44519,36.7485],[128.44559,36.74886],[128.44716,36.74966],[128.44746,36.75],[128.4478,36.75],[128.44738,36.74942],[128.44603,36.74877],[128.44544,36.74829],[128.44492,36.74633],[128.44438,36.74508]]]}},{"type":"Feature","id":"TN_RIVER_BNDRY:WTR01000000012L6B","properties":{"NF_ID":"WTR01000000012L6B","source_layer":"TN_RIVER_BNDRY","semantic":"zone","river_class":"소하천","river_class_source":"중심선 공간조인","survey_method":"사진측량","admin_code":"47900"},"geometry":{"type":"Polygon","coordinates":[[[128.55345,36.75346],[128.55343,36.75362],[128.55502,36.75452],[128.55495,36.75569],[128.55437,36.75583],[128.55203,36.75583],[128.5514,36.75598],[128.55073,36.75688],[128.55009,36.7574],[128.54864,36.75762],[128.54597,36.75897],[128.54477,36.75904],[128.54434,36.75922],[128.54275,36.76089],[128.54275,36.7613],[128.54309,36.76175],[128.54312,36.76233],[128.54325,36.76234],[128.54326,36.76207],[128.54287,36.76102],[128.54317,36.76051],[128.54446,36.75928],[128.54617,36.75907],[128.54804,36.75794],[128.54896,36.75757],[128.55021,36.75751],[128.55125,36.75632],[128.55191,36.75598],[128.55505,36.75586],[128.55519,36.75516],[128.5551,36.75445],[128.55345,36.75346]]]}},{"type":"Feature","id":"TN_RIVER_BNDRY:WTR01000000012L7C","properties":{"NF_ID":"WTR01000000012L7C","source_layer":"TN_RIVER_BNDRY","semantic":"zone","river_class":"소하천","river_class_source":"중심선 공간조인","survey_method":"사진측량","admin_code":"47900"},"geometry":{"type":"Polygon","coordinates":[[[128.54305,36.76243],[128.54249,36.76321],[128.54273,36.76355],[128.54264,36.76431],[128.54178,36.76536],[128.54148,36.76622],[128.54126,36.76619],[128.53977,36.76507],[128.53914,36.76493],[128.53906,36.7653],[128.53934,36.76571],[128.53916,36.76601],[128.53855,36.76548],[128.53776,36.7656],[128.53818,36.76601],[128.53789,36.76641],[128.53802,36.76718],[128.53757,36.76683],[128.53746,36.76615],[128.53719,36.76602],[128.53709,36.76617],[128.53677,36.76621],[128.53673,36.76643],[128.53584,36.76664],[128.53574,36.76732],[128.53587,36.7674],[128.53525,36.76771],[128.53516,36.76791],[128.53501,36.7679],[128.53483,36.76757],[128.53425,36.76778],[128.53445,36.768],[128.53454,36.76783],[128.53467,36.76804],[128.53405,36.76819],[128.53497,36.7691],[128.53571,36.76916],[128.53642,36.76983],[128.53686,36.76955],[128.53675,36.76933],[128.53689,36.76899],[128.53721,36.76892],[128.53743,36.76908],[128.53751,36.76876],[128.53791,36.76878],[128.53848,36.76826],[128.53884,36.76821],[128.53929,36.76736],[128.53973,36.76729],[128.54023,36.76769],[128.54029,36.76717],[128.54082,36.76718],[128.54104,36.7666],[128.5416,36.76619],[128.54194,36.7653],[128.54275,36.76436],[128.54284,36.76353],[128.54263,36.76315],[128.5432,36.76243],[128.54305,36.76243]]]}},{"type":"Feature","id":"TN_RIVER_BNDRY:WTR01000000012L8D","properties":{"NF_ID":"WTR01000000012L8D","source_layer":"TN_RIVER_BNDRY","semantic":"zone","river_class":"소하천","river_class_source":"중심선 공간조인","survey_method":"사진측량","admin_code":"47900"},"geometry":{"type":"Polygon","coordinates":[[[128.54312,36.76233],[128.54174,36.76223],[128.54066,36.76128],[128.53975,36.76087],[128.53884,36.75952],[128.53665,36.75948],[128.53652,36.75899],[128.53625,36.75879],[128.53659,36.75956],[128.53881,36.75958],[128.53967,36.76092],[128.54073,36.76145],[128.54178,36.76236],[128.54305,36.76243],[128.54312,36.76233]]]}},{"type":"Feature","id":"TN_RIVER_BNDRY:WTR01000000012L9E","properties":{"NF_ID":"WTR01000000012L9E","source_layer":"TN_RIVER_BNDRY","semantic":"zone","river_class":"소하천","river_class_source":"중심선 공간조인","survey_method":"사진측량","admin_code":"47900"},"geometry":{"type":"Polygon","coordinates":[[[128.54325,36.76234],[128.54312,36.76233],[128.54305,36.76243],[128.5432,36.76243],[128.54322,36.7624],[128.54325,36.76234]]]}},{"type":"Feature","id":"TN_RIVER_BNDRY:WTR01000000012LAF","properties":{"NF_ID":"WTR01000000012LAF","source_layer":"TN_RIVER_BNDRY","semantic":"zone","river_class":"소하천","river_class_source":"중심선 공간조인","survey_method":"사진측량","admin_code":"47900"},"geometry":{"type":"Polygon","coordinates":[[[128.53489,36.75785],[128.5341,36.75768],[128.53488,36.7579],[128.53523,36.75844],[128.53489,36.75785]]]}},{"type":"Feature","id":"TN_RIVER_BNDRY:WTR01000000012LBG","properties":{"NF_ID":"WTR01000000012LBG","source_layer":"TN_RIVER_BNDRY","semantic":"zone","river_class":"소하천","river_class_source":"중심선 공간조인","survey_method":"사진측량","admin_code":"47900"},"geometry":{"type":"Polygon","coordinates":[[[128.55345,36.75346],[128.55315,36.75323],[128.5531,36.75347],[128.55338,36.75356],[128.55345,36.75346]]]}},{"type":"Feature","id":"TN_RIVER_BNDRY:WTR01000000012PT2","properties":{"NF_ID":"WTR01000000012PT2","source_layer":"TN_RIVER_BNDRY","semantic":"zone","river_class":"소하천","river_class_source":"중심선 공간조인","survey_method":"사진측량","admin_code":"47900"},"geometry":{"type":"Polygon","coordinates":[[[128.55315,36.75323],[128.55345,36.75346],[128.55359,36.75247],[128.5542,36.75164],[128.55676,36.75132],[128.55791,36.75],[128.55771,36.75],[128.55683,36.75111],[128.55643,36.75138],[128.55521,36.75136],[128.55406,36.75165],[128.55352,36.75236],[128.55315,36.75323]]]}},{"type":"Feature","id":"TN_RIVER_BNDRY:WTR01000000012PU3","properties":{"NF_ID":"WTR01000000012PU3","source_layer":"TN_RIVER_BNDRY","semantic":"zone","river_class":"소하천","river_class_source":"중심선 공간조인","survey_method":"사진측량","admin_code":"47900"},"geometry":{"type":"Polygon","coordinates":[[[128.55315,36.75323],[128.55196,36.75298],[128.55108,36.75235],[128.54988,36.75232],[128.54751,36.7509],[128.54646,36.75],[128.54749,36.75103],[128.54978,36.75238],[128.55105,36.75247],[128.55149,36.75284],[128.55299,36.75346],[128.55315,36.75323]]]}},{"type":"Feature","id":"TN_RIVER_BNDRY:WTR01000000012PZ8","properties":{"NF_ID":"WTR01000000012PZ8","source_layer":"TN_RIVER_BNDRY","semantic":"zone","river_class":"소하천","river_class_source":"중심선 공간조인","river_name":"수한천","survey_method":"사진측량","admin_code":"47900"},"geometry":{"type":"Polygon","coordinates":[[[128.50079,36.7648],[128.5,36.76472],[128.50022,36.76485],[128.50079,36.7648]]]}},{"type":"Feature","id":"TN_RIVER_BNDRY:WTR01000000012Q1B","properties":{"NF_ID":"WTR01000000012Q1B","source_layer":"TN_RIVER_BNDRY","semantic":"zone","river_class":"지방하천","river_class_source":"중심선 공간조인","river_name":"석관천","river_code":"2021010","survey_method":"사진측량","admin_code":"47900"},"geometry":{"type":"Polygon","coordinates":[[[128.50069,36.76575],[128.50078,36.7661],[128.50147,36.76332],[128.50126,36.76253],[128.5,36.76031],[128.5,36.76077],[128.50119,36.7632],[128.50073,36.76486],[128.50069,36.76575]]]}},{"type":"Feature","id":"TN_RIVER_BNDRY:WTR01000000012T3G","properties":{"NF_ID":"WTR01000000012T3G","source_layer":"TN_RIVER_BNDRY","semantic":"zone","river_class":"소하천","river_class_source":"중심선 공간조인","survey_method":"사진측량","admin_code":"47900"},"geometry":{"type":"Polygon","coordinates":[[[128.37106,36.78159],[128.37106,36.78156],[128.37097,36.78158],[128.37097,36.7816],[128.37106,36.78159]]]}},{"type":"Feature","id":"TN_RIVER_BNDRY:WTR01000000012T4H","properties":{"NF_ID":"WTR01000000012T4H","source_layer":"TN_RIVER_BNDRY","semantic":"zone","river_class":"등급미확인","survey_method":"사진측량","admin_code":"47900"},"geometry":{"type":"Polygon","coordinates":[[[128.37183,36.78133],[128.37174,36.78132],[128.37174,36.78136],[128.37183,36.78136],[128.37183,36.78133]]]}},{"type":"Feature","id":"TN_RIVER_BNDRY:WTR01000000012T5I","properties":{"NF_ID":"WTR01000000012T5I","source_layer":"TN_RIVER_BNDRY","semantic":"zone","river_class":"소하천","river_class_source":"중심선 공간조인","survey_method":"사진측량","admin_code":"47900"},"geometry":{"type":"Polygon","coordinates":[[[128.37134,36.78143],[128.37133,36.78142],[128.37112,36.78155],[128.37113,36.78157],[128.37131,36.78146],[128.37134,36.78143]]]}},{"type":"Feature","id":"TN_RIVER_BNDRY:WTR01000000012X2J","properties":{"NF_ID":"WTR01000000012X2J","source_layer":"TN_RIVER_BNDRY","semantic":"zone","river_class":"지방하천","river_class_source":"중심선 공간조인","river_name":"석관천","river_code":"2021010","survey_method":"사진측량","admin_code":"47900"},"geometry":{"type":"Polygon","coordinates":[[[128.49844,36.75157],[128.49815,36.75149],[128.49809,36.75164],[128.49843,36.75171],[128.49844,36.75157]]]}},{"type":"Feature","id":"TN_RIVER_BNDRY:WTR01000000012X3K","properties":{"NF_ID":"WTR01000000012X3K","source_layer":"TN_RIVER_BNDRY","semantic":"zone","river_class":"소하천","river_class_source":"중심선 공간조인","survey_method":"사진측량","admin_code":"47900"},"geometry":{"type":"Polygon","coordinates":[[[128.49844,36.75157],[128.49843,36.75171],[128.49869,36.75176],[128.49844,36.75157]]]}},{"type":"Feature","id":"TN_RIVER_BNDRY:WTR01000000012X4L","properties":{"NF_ID":"WTR01000000012X4L","source_layer":"TN_RIVER_BNDRY","semantic":"zone","river_class":"소하천","river_class_source":"중심선 공간조인","river_name":"자봉천","survey_method":"사진측량","admin_code":"47900"},"geometry":{"type":"Polygon","coordinates":[[[128.49747,36.75296],[128.49562,36.75273],[128.4945,36.75215],[128.49482,36.75154],[128.49454,36.75097],[128.49472,36.75045],[128.4946,36.75013],[128.49462,36.75075],[128.49448,36.75098],[128.49476,36.75157],[128.49444,36.75218],[128.49557,36.75277],[128.49626,36.75277],[128.49687,36.75302],[128.49747,36.75296]]]}},{"type":"Feature","id":"TN_RIVER_BNDRY:WTR01000000012X5M","properties":{"NF_ID":"WTR01000000012X5M","source_layer":"TN_RIVER_BNDRY","semantic":"zone","river_class":"지방하천","river_class_source":"중심선 공간조인","river_name":"석관천","river_code":"2021010","survey_method":"사진측량","admin_code":"47900"},"geometry":{"type":"Polygon","coordinates":[[[128.49785,36.75299],[128.4975,36.75288],[128.49747,36.75296],[128.49782,36.75303],[128.49785,36.75299],[128.49785,36.75299]]]}},{"type":"Feature","id":"TN_RIVER_BNDRY:WTR01000000012X6N","properties":{"NF_ID":"WTR01000000012X6N","source_layer":"TN_RIVER_BNDRY","semantic":"zone","river_class":"지방하천","river_class_source":"중심선 공간조인","river_name":"석관천","river_code":"2021010","survey_method":"사진측량","admin_code":"47900"},"geometry":{"type":"Polygon","coordinates":[[[128.49843,36.75171],[128.49809,36.75164],[128.4975,36.75288],[128.49785,36.75299],[128.49843,36.75171]]]}},{"type":"Feature","id":"TN_RIVER_BNDRY:WTR01000000012XGX","properties":{"NF_ID":"WTR01000000012XGX","source_layer":"TN_RIVER_BNDRY","semantic":"zone","river_class":"소하천","river_class_source":"중심선 공간조인","river_name":"명봉천","survey_method":"사진측량","admin_code":"47900"},"geometry":{"type":"Polygon","coordinates":[[[128.38675,36.76098],[128.3864,36.76096],[128.38586,36.76119],[128.38518,36.76111],[128.38437,36.7613],[128.38397,36.76116],[128.38241,36.76207],[128.38169,36.76349],[128.38095,36.76408],[128.38089,36.76497],[128.38044,36.76549],[128.38121,36.76651],[128.38096,36.76723],[128.38045,36.76743],[128.38032,36.76782],[128.3795,36.76803],[128.37888,36.76801],[128.37796,36.76845],[128.37757,36.76945],[128.3773,36.76962],[128.37702,36.77019],[128.37627,36.77053],[128.37618,36.77095],[128.37651,36.77142],[128.37584,36.77194],[128.37505,36.77336],[128.37525,36.77356],[128.37578,36.77352],[128.37681,36.77394],[128.37682,36.77468],[128.37767,36.77523],[128.37766,36.77555],[128.37779,36.77521],[128.37686,36.77463],[128.37688,36.77385],[128.376,36.77348],[128.37531,36.77349],[128.37512,36.77332],[128.37593,36.77195],[128.37659,36.77148],[128.37626,36.77094],[128.37636,36.77053],[128.37706,36.77025],[128.37735,36.76967],[128.37767,36.76949],[128.37796,36.76857],[128.37893,36.76808],[128.38038,36.76787],[128.3805,36.7675],[128.38102,36.76727],[128.38127,36.76642],[128.38054,36.76549],[128.38093,36.76507],[128.38101,36.76412],[128.38175,36.76355],[128.38244,36.76213],[128.38394,36.76127],[128.38438,36.76138],[128.38513,36.7612],[128.38588,36.76125],[128.38675,36.76098]]]}},{"type":"Feature","id":"TN_RIVER_BNDRY:WTR01000000012XIZ","properties":{"NF_ID":"WTR01000000012XIZ","source_layer":"TN_RIVER_BNDRY","semantic":"zone","river_class":"지방하천","river_class_source":"중심선 공간조인","river_name":"용두천","river_code":"2021030","survey_method":"사진측량","admin_code":"47900"},"geometry":{"type":"Polygon","coordinates":[[[128.41841,36.76394],[128.41974,36.76466],[128.41986,36.76414],[128.42061,36.76383],[128.42037,36.76363],[128.42035,36.76338],[128.42077,36.76253],[128.42108,36.76232],[128.42128,36.76244],[128.42192,36.76224],[128.42262,36.76137],[128.42415,36.76106],[128.42456,36.76069],[128.42483,36.76091],[128.4262,36.76084],[128.42651,36.76066],[128.42765,36.76123],[128.42853,36.76133],[128.42851,36.76158],[128.42882,36.7611],[128.4287,36.76026],[128.42907,36.76013],[128.42884,36.7599],[128.42871,36.75927],[128.42898,36.75922],[128.42903,36.75878],[128.42935,36.75856],[128.42911,36.75779],[128.42849,36.75792],[128.4289,36.75766],[128.42882,36.75751],[128.42318,36.75591],[128.42328,36.7565],[128.42411,36.75761],[128.42372,36.75766],[128.42321,36.75856],[128.42298,36.75858],[128.42257,36.75901],[128.4223,36.75887],[128.42287,36.75839],[128.42313,36.7579],[128.42274,36.75846],[128.42211,36.75895],[128.42225,36.75909],[128.42201,36.75927],[128.42185,36.75915],[128.42204,36.75958],[128.42126,36.76034],[128.42058,36.76047],[128.41956,36.76096],[128.41959,36.76125],[128.41897,36.76172],[128.41912,36.76243],[128.41854,36.76317],[128.41877,36.76338],[128.41841,36.76394]]]}},{"type":"Feature","id":"TN_RIVER_BNDRY:WTR01000000012XN4","properties":{"NF_ID":"WTR01000000012XN4","source_layer":"TN_RIVER_BNDRY","semantic":"zone","river_class":"지방하천","river_class_source":"중심선 공간조인","river_name":"용두천","river_code":"2021030","survey_method":"사진측량","admin_code":"47900"},"geometry":{"type":"Polygon","coordinates":[[[128.42918,36.75444],[128.42877,36.75471],[128.42946,36.75854],[128.42965,36.75853],[128.42918,36.75444]]]}},{"type":"Feature","id":"TN_RIVER_BNDRY:WTR01000000012XO5","properties":{"NF_ID":"WTR01000000012XO5","source_layer":"TN_RIVER_BNDRY","semantic":"zone","river_class":"지방하천","river_class_source":"중심선 공간조인","river_name":"용두천","river_code":"2021030","survey_method":"사진측량","admin_code":"47900"},"geometry":{"type":"Polygon","coordinates":[[[128.42918,36.75444],[128.429,36.75427],[128.42866,36.75452],[128.42877,36.75471],[128.42918,36.75444]]]}},{"type":"Feature","id":"TN_RIVER_BNDRY:WTR01000000012XVC","properties":{"NF_ID":"WTR01000000012XVC","source_layer":"TN_RIVER_BNDRY","semantic":"zone","river_class":"소하천","river_class_source":"중심선 공간조인","river_name":"명봉천","survey_method":"사진측량","admin_code":"47900"},"geometry":{"type":"Polygon","coordinates":[[[128.38678,36.76089],[128.38672,36.76094],[128.38675,36.76098],[128.38681,36.76098],[128.38678,36.76089]]]}},{"type":"Feature","id":"TN_RIVER_BNDRY:WTR01000000012XWD","properties":{"NF_ID":"WTR01000000012XWD","source_layer":"TN_RIVER_BNDRY","semantic":"zone","river_class":"소하천","river_class_source":"중심선 공간조인","river_name":"명봉천","survey_method":"사진측량","admin_code":"47900"},"geometry":{"type":"Polygon","coordinates":[[[128.41841,36.76394],[128.41777,36.76374],[128.41664,36.76384],[128.41502,36.76449],[128.41439,36.76458],[128.41411,36.76492],[128.41379,36.76504],[128.41118,36.76444],[128.41021,36.76403],[128.40949,36.76441],[128.40907,36.76443],[128.40805,36.76398],[128.40804,36.76312],[128.40717,36.76242],[128.4053,36.76208],[128.40464,36.76147],[128.40386,36.76149],[128.40313,36.76118],[128.4022,36.76109],[128.40173,36.76062],[128.40105,36.76029],[128.39922,36.76031],[128.39847,36.76013],[128.39666,36.76029],[128.39585,36.76074],[128.39399,36.76078],[128.3924,36.76116],[128.39126,36.7606],[128.39036,36.76056],[128.38974,36.76077],[128.38921,36.76075],[128.38857,36.76119],[128.38801,36.76131],[128.38738,36.76097],[128.38678,36.76089],[128.38811,36.76139],[128.38911,36.76086],[128.38982,36.76083],[128.39036,36.76063],[128.39155,36.76072],[128.3923,36.76124],[128.39361,36.76091],[128.39587,36.7608],[128.39669,36.76038],[128.39847,36.76023],[128.3993,36.76043],[128.40118,36.76044],[128.40231,36.76126],[128.40286,36.76123],[128.40358,36.76139],[128.40377,36.76156],[128.40458,36.76155],[128.4055,36.76224],[128.40686,36.76241],[128.40798,36.76319],[128.40788,36.76384],[128.40804,36.7641],[128.40901,36.76448],[128.4095,36.76449],[128.41022,36.76412],[128.41128,36.76455],[128.41398,36.76527],[128.41663,36.76443],[128.41662,36.76454],[128.41564,36.76478],[128.41532,36.76506],[128.41655,36.76494],[128.4171,36.76514],[128.41728,36.76537],[128.41841,36.76394]]]}},{"type":"Feature","id":"TN_RIVER_BNDRY:WTR01000000012XXE","properties":{"NF_ID":"WTR01000000012XXE","source_layer":"TN_RIVER_BNDRY","semantic":"zone","river_class":"지방하천","river_class_source":"중심선 공간조인","river_name":"용두천","river_code":"2021030","survey_method":"사진측량","admin_code":"47900"},"geometry":{"type":"Polygon","coordinates":[[[128.41974,36.76466],[128.41841,36.76394],[128.41728,36.76537],[128.41853,36.7657],[128.41937,36.76511],[128.41974,36.76466]]]}},{"type":"Feature","id":"TN_RIVER_BNDRY:WTR01000000012XYF","properties":{"NF_ID":"WTR01000000012XYF","source_layer":"TN_RIVER_BNDRY","semantic":"zone","river_class":"지방하천","river_class_source":"중심선 공간조인","river_name":"용두천","river_code":"2021030","survey_method":"사진측량","admin_code":"47900"},"geometry":{"type":"Polygon","coordinates":[[[128.41853,36.7657],[128.41728,36.76537],[128.41672,36.76599],[128.41641,36.76714],[128.41728,36.76797],[128.4175,36.76799],[128.41776,36.76887],[128.41879,36.77025],[128.42046,36.7711],[128.42029,36.77226],[128.4197,36.77298],[128.42044,36.77456],[128.42013,36.77604],[128.4202,36.77669],[128.41843,36.77747],[128.41806,36.77893],[128.41665,36.7801],[128.41629,36.78023],[128.41542,36.78016],[128.41473,36.78042],[128.41456,36.78069],[128.41458,36.78166],[128.41476,36.78132],[128.41477,36.7805],[128.41531,36.78029],[128.41635,36.78031],[128.4169,36.78009],[128.41825,36.77902],[128.41853,36.77751],[128.42016,36.7769],[128.42054,36.77624],[128.42038,36.77584],[128.42056,36.77458],[128.41978,36.77309],[128.42041,36.77233],[128.42061,36.77095],[128.42043,36.77065],[128.419,36.77012],[128.41787,36.76857],[128.41763,36.76774],[128.41728,36.76724],[128.41813,36.76591],[128.41853,36.7657]]]}},{"type":"Feature","id":"TN_RIVER_BNDRY:WTR01000000012XZG","properties":{"NF_ID":"WTR01000000012XZG","source_layer":"TN_RIVER_BNDRY","semantic":"zone","river_class":"지방하천","river_class_source":"중심선 공간조인","river_name":"용두천","river_code":"2021030","survey_method":"사진측량","admin_code":"47900"},"geometry":{"type":"Polygon","coordinates":[[[128.41441,36.78172],[128.41339,36.78136],[128.41274,36.78219],[128.41109,36.78269],[128.41088,36.78307],[128.41111,36.78405],[128.41099,36.78432],[128.40952,36.78484],[128.40827,36.78499],[128.40762,36.78521],[128.40746,36.78553],[128.40612,36.7859],[128.40588,36.78668],[128.4055,36.78714],[128.40513,36.78732],[128.40523,36.78804],[128.40394,36.78818],[128.40201,36.78942],[128.40093,36.7892],[128.40037,36.78973],[128.3996,36.78976],[128.39931,36.79016],[128.39927,36.79058],[128.39883,36.79068],[128.3981,36.79172],[128.39835,36.79164],[128.39874,36.79087],[128.39938,36.79058],[128.39959,36.7899],[128.40033,36.78987],[128.40098,36.78934],[128.40215,36.78946],[128.40407,36.78824],[128.40533,36.7881],[128.40527,36.78737],[128.40594,36.78679],[128.40637,36.78593],[128.4075,36.78558],[128.40776,36.78522],[128.40872,36.78494],[128.40964,36.78488],[128.41119,36.7843],[128.41101,36.78315],[128.41115,36.7828],[128.41288,36.78219],[128.41333,36.78151],[128.41441,36.78172]]]}},{"type":"Feature","id":"TN_RIVER_BNDRY:WTR01000000012Y0I","properties":{"NF_ID":"WTR01000000012Y0I","source_layer":"TN_RIVER_BNDRY","semantic":"zone","river_class":"지방하천","river_class_source":"중심선 공간조인","river_name":"용두천","river_code":"2021030","survey_method":"사진측량","admin_code":"47900"},"geometry":{"type":"Polygon","coordinates":[[[128.41458,36.78166],[128.41448,36.78159],[128.41441,36.78172],[128.41458,36.78166]]]}},{"type":"Feature","id":"TN_RIVER_BNDRY:WTR01000000012Y1J","properties":{"NF_ID":"WTR01000000012Y1J","source_layer":"TN_RIVER_BNDRY","semantic":"zone","river_class":"지방하천","river_class_source":"중심선 공간조인","river_name":"한천","river_code":"2021020","survey_method":"사진측량","admin_code":"47900"},"geometry":{"type":"Polygon","coordinates":[[[128.45983,36.829],[128.45985,36.82888],[128.45969,36.82889],[128.45983,36.829]]]}},{"type":"Feature","id":"TN_RIVER_BNDRY:WTR01000000012Y2K","properties":{"NF_ID":"WTR01000000012Y2K","source_layer":"TN_RIVER_BNDRY","semantic":"zone","river_class":"지방하천","river_class_source":"중심선 공간조인","river_name":"한천","river_code":"2021020","survey_method":"사진측량","admin_code":"47900"},"geometry":{"type":"Polygon","coordinates":[[[128.44882,36.7617],[128.44763,36.76136],[128.44754,36.76155],[128.44877,36.76191],[128.44882,36.7617]]]}},{"type":"Feature","id":"TN_RIVER_BNDRY:WTR01000000012Y3L","properties":{"NF_ID":"WTR01000000012Y3L","source_layer":"TN_RIVER_BNDRY","semantic":"zone","river_class":"지방하천","river_class_source":"중심선 공간조인","river_name":"한천","river_code":"2021020","survey_method":"사진측량","admin_code":"47900"},"geometry":{"type":"Polygon","coordinates":[[[128.44894,36.76175],[128.44882,36.7617],[128.44877,36.76191],[128.44888,36.76198],[128.44894,36.76175]]]}},{"type":"Feature","id":"TN_RIVER_BNDRY:WTR01000000012Y4M","properties":{"NF_ID":"WTR01000000012Y4M","source_layer":"TN_RIVER_BNDRY","semantic":"zone","river_class":"지방하천","river_class_source":"중심선 공간조인","river_name":"한천","river_code":"2021020","survey_method":"사진측량","admin_code":"47900"},"geometry":{"type":"Polygon","coordinates":[[[128.44894,36.76175],[128.44888,36.76198],[128.44969,36.76237],[128.4507,36.76371],[128.45197,36.76504],[128.45296,36.76581],[128.45345,36.76649],[128.45395,36.76744],[128.4537,36.76927],[128.45402,36.77026],[128.45578,36.77186],[128.45615,36.77261],[128.45618,36.77317],[128.45504,36.77494],[128.45546,36.77712],[128.45494,36.77785],[128.4545,36.77922],[128.45447,36.77973],[128.45478,36.78065],[128.45376,36.7837],[128.45366,36.78444],[128.45523,36.78575],[128.45566,36.78688],[128.45575,36.78906],[128.45555,36.79029],[128.45527,36.79072],[128.45531,36.79107],[128.45597,36.79184],[128.45743,36.7929],[128.45792,36.79377],[128.45777,36.7945],[128.45695,36.79522],[128.45653,36.79607],[128.4565,36.79664],[128.45688,36.79733],[128.45683,36.7977],[128.455,36.79923],[128.45487,36.79965],[128.45505,36.79978],[128.45454,36.80061],[128.45457,36.80126],[128.45427,36.80159],[128.45446,36.80194],[128.45463,36.80319],[128.45444,36.80368],[128.45483,36.80399],[128.45525,36.80519],[128.45672,36.80673],[128.45681,36.80701],[128.45743,36.807],[128.45682,36.80829],[128.45667,36.81049],[128.45614,36.81168],[128.45751,36.81269],[128.45799,36.81347],[128.45787,36.81457],[128.45838,36.81532],[128.45868,36.81633],[128.45848,36.81724],[128.45882,36.81857],[128.45856,36.81952],[128.45865,36.82104],[128.45887,36.82141],[128.45976,36.8218],[128.45997,36.82225],[128.46013,36.82176],[128.45912,36.8214],[128.45872,36.82073],[128.45868,36.8197],[128.45898,36.81816],[128.4586,36.81729],[128.45895,36.81633],[128.45794,36.81442],[128.45817,36.81342],[128.45758,36.81258],[128.45627,36.81167],[128.45685,36.81038],[128.45691,36.80849],[128.45759,36.80707],[128.45632,36.80472],[128.45641,36.80414],[128.45605,36.80224],[128.45639,36.80148],[128.45619,36.80082],[128.45635,36.80042],[128.45684,36.80025],[128.45724,36.79979],[128.45544,36.79911],[128.45498,36.79967],[128.45523,36.79918],[128.45708,36.79768],[128.4571,36.79722],[128.45682,36.79645],[128.4569,36.79571],[128.4572,36.79522],[128.4581,36.79448],[128.45819,36.79412],[128.45774,36.79284],[128.45673,36.79213],[128.45561,36.79086],[128.45611,36.78824],[128.45587,36.78663],[128.45528,36.78549],[128.45394,36.78459],[128.45382,36.78436],[128.45447,36.78259],[128.4549,36.78075],[128.45472,36.7793],[128.45571,36.77687],[128.45566,36.77625],[128.45538,36.77564],[128.45546,36.77494],[128.45634,36.77338],[128.45643,36.77248],[128.45604,36.77175],[128.45449,36.77048],[128.45418,36.76986],[128.454,36.76915],[128.45428,36.76778],[128.45343,36.76612],[128.45126,36.76377],[128.45109,36.7638],[128.45116,36.76369],[128.44999,36.76238],[128.44894,36.76175]]]}},{"type":"Feature","id":"TN_RIVER_BNDRY:WTR01000000012Y5N","properties":{"NF_ID":"WTR01000000012Y5N","source_layer":"TN_RIVER_BNDRY","semantic":"zone","river_class":"지방하천","river_class_source":"중심선 공간조인","river_name":"한천","river_code":"2021020","survey_method":"사진측량","admin_code":"47900"},"geometry":{"type":"Polygon","coordinates":[[[128.44763,36.76136],[128.44775,36.76133],[128.44756,36.7612],[128.44745,36.76151],[128.44763,36.76136]]]}},{"type":"Feature","id":"TN_RIVER_BNDRY:WTR01000000012Y6O","properties":{"NF_ID":"WTR01000000012Y6O","source_layer":"TN_RIVER_BNDRY","semantic":"zone","river_class":"지방하천","river_class_source":"중심선 공간조인","river_name":"한천","river_code":"2021020","survey_method":"사진측량","admin_code":"47900"},"geometry":{"type":"Polygon","coordinates":[[[128.45991,36.8224],[128.45997,36.82225],[128.45984,36.82221],[128.45974,36.82242],[128.45991,36.8224]]]}},{"type":"Feature","id":"TN_RIVER_BNDRY:WTR01000000012Y7P","properties":{"NF_ID":"WTR01000000012Y7P","source_layer":"TN_RIVER_BNDRY","semantic":"zone","river_class":"지방하천","river_class_source":"중심선 공간조인","river_name":"한천","river_code":"2021020","survey_method":"사진측량","admin_code":"47900"},"geometry":{"type":"Polygon","coordinates":[[[128.45985,36.82888],[128.45974,36.82844],[128.46017,36.82613],[128.46001,36.82513],[128.46017,36.82445],[128.46,36.82435],[128.45992,36.8239],[128.46011,36.82317],[128.45991,36.8224],[128.45974,36.82242],[128.45989,36.82326],[128.45969,36.82403],[128.4599,36.82598],[128.45976,36.82692],[128.45985,36.82741],[128.45963,36.82852],[128.45969,36.82889],[128.45985,36.82888]]]}},{"type":"Feature","id":"TN_RIVER_BNDRY:WTR01000000012Y8Q","properties":{"NF_ID":"WTR01000000012Y8Q","source_layer":"TN_RIVER_BNDRY","semantic":"zone","river_class":"지방하천","river_class_source":"중심선 공간조인","river_name":"한천","river_code":"2021020","survey_method":"사진측량","admin_code":"47900"},"geometry":{"type":"Polygon","coordinates":[[[128.45983,36.829],[128.45952,36.82957],[128.4598,36.82986],[128.45991,36.83043],[128.46035,36.83099],[128.46108,36.831],[128.46123,36.8314],[128.46154,36.83166],[128.46161,36.8325],[128.46244,36.83325],[128.46228,36.83407],[128.46265,36.83468],[128.46295,36.83479],[128.4632,36.83535],[128.46307,36.83644],[128.46338,36.83522],[128.46305,36.83477],[128.46276,36.83465],[128.46241,36.83406],[128.46255,36.83317],[128.46172,36.83244],[128.46166,36.83159],[128.46117,36.83095],[128.46054,36.83094],[128.46026,36.83068],[128.46,36.82982],[128.45969,36.82949],[128.45983,36.829]]]}},{"type":"Feature","id":"TN_RIVER_BNDRY:WTR01000000012Y9R","properties":{"NF_ID":"WTR01000000012Y9R","source_layer":"TN_RIVER_BNDRY","semantic":"zone","river_class":"지방하천","river_class_source":"중심선 공간조인","river_name":"한천","river_code":"2021020","survey_method":"사진측량","admin_code":"47900"},"geometry":{"type":"Polygon","coordinates":[[[128.46298,36.83649],[128.46251,36.83639],[128.46197,36.83647],[128.46127,36.83691],[128.46206,36.83653],[128.46298,36.83649]]]}},{"type":"Feature","id":"TN_RIVER_BNDRY:WTR01000000012YAS","properties":{"NF_ID":"WTR01000000012YAS","source_layer":"TN_RIVER_BNDRY","semantic":"zone","river_class":"지방하천","river_class_source":"중심선 공간조인","river_name":"한천","river_code":"2021020","survey_method":"사진측량","admin_code":"47900"},"geometry":{"type":"Polygon","coordinates":[[[128.46307,36.83644],[128.46301,36.83641],[128.46299,36.83642],[128.46296,36.83643],[128.46298,36.83649],[128.46307,36.83644]]]}},{"type":"Feature","id":"TN_RIVER_BNDRY:WTR01000000012ZEX","properties":{"NF_ID":"WTR01000000012ZEX","source_layer":"TN_RIVER_BNDRY","semantic":"zone","river_class":"소하천","river_class_source":"중심선 공간조인","survey_method":"사진측량","admin_code":"47900"},"geometry":{"type":"Polygon","coordinates":[[[128.46307,36.83644],[128.46298,36.83649],[128.46299,36.8365],[128.46299,36.8365],[128.46299,36.83651],[128.46299,36.83653],[128.46299,36.83656],[128.46298,36.83658],[128.46296,36.83661],[128.46295,36.83662],[128.46296,36.83664],[128.46297,36.83664],[128.46299,36.83664],[128.463,36.83664],[128.46301,36.83662],[128.46304,36.83658],[128.46304,36.83657],[128.46306,36.83652],[128.46307,36.83647],[128.46307,36.83644]]]}},{"type":"Feature","id":"TN_RIVER_BNDRY:WTR01000000012ZFY","properties":{"NF_ID":"WTR01000000012ZFY","source_layer":"TN_RIVER_BNDRY","semantic":"zone","river_class":"소하천","river_class_source":"중심선 공간조인","survey_method":"사진측량","admin_code":"47900"},"geometry":{"type":"Polygon","coordinates":[[[128.45985,36.82888],[128.45984,36.829],[128.4609,36.82904],[128.46191,36.82983],[128.46199,36.82976],[128.46096,36.82898],[128.45985,36.82888]]]}},{"type":"Feature","id":"TN_RIVER_BNDRY:WTR01000000012ZGZ","properties":{"NF_ID":"WTR01000000012ZGZ","source_layer":"TN_RIVER_BNDRY","semantic":"zone","river_class":"소하천","river_class_source":"중심선 공간조인","river_name":"하백천","survey_method":"사진측량","admin_code":"47900"},"geometry":{"type":"Polygon","coordinates":[[[128.44486,36.8035],[128.44576,36.8034],[128.4465,36.80259],[128.44752,36.80206],[128.44807,36.80206],[128.4481,36.8019],[128.44803,36.80201],[128.44743,36.802],[128.44671,36.80245],[128.44629,36.80254],[128.44617,36.8029],[128.44549,36.80342],[128.44437,36.80345],[128.44486,36.8035]]]}},{"type":"Feature","id":"TN_RIVER_BNDRY:WTR01000000012ZI1","properties":{"NF_ID":"WTR01000000012ZI1","source_layer":"TN_RIVER_BNDRY","semantic":"zone","river_class":"소하천","river_class_source":"중심선 공간조인","survey_method":"사진측량","admin_code":"47900"},"geometry":{"type":"Polygon","coordinates":[[[128.38678,36.76089],[128.38644,36.75986],[128.38604,36.75927],[128.3866,36.76076],[128.38678,36.76089]]]}},{"type":"Feature","id":"TN_RIVER_BNDRY:WTR0100000001306R","properties":{"NF_ID":"WTR0100000001306R","source_layer":"TN_RIVER_BNDRY","semantic":"zone","river_class":"소하천","river_class_source":"중심선 공간조인","survey_method":"사진측량","admin_code":"47900"},"geometry":{"type":"Polygon","coordinates":[[[128.45974,36.82242],[128.45984,36.82221],[128.45838,36.82278],[128.4572,36.82391],[128.45696,36.82424],[128.45706,36.82461],[128.45692,36.8247],[128.45632,36.8246],[128.45545,36.82351],[128.45442,36.82303],[128.45402,36.82301],[128.45329,36.82327],[128.45442,36.82322],[128.45524,36.82347],[128.45614,36.82458],[128.45709,36.82488],[128.45734,36.82461],[128.4574,36.82402],[128.4584,36.82289],[128.45898,36.82257],[128.45974,36.82242]]]}},{"type":"Feature","id":"TN_RIVER_BNDRY:WTR0100000001307S","properties":{"NF_ID":"WTR0100000001307S","source_layer":"TN_RIVER_BNDRY","semantic":"zone","river_class":"소하천","river_class_source":"중심선 공간조인","river_name":"흙목천","survey_method":"사진측량","admin_code":"47900"},"geometry":{"type":"Polygon","coordinates":[[[128.41458,36.78166],[128.41441,36.78172],[128.41459,36.78209],[128.41427,36.78277],[128.41481,36.78308],[128.41543,36.78374],[128.41525,36.7842],[128.41561,36.7844],[128.41571,36.78463],[128.41497,36.78552],[128.4149,36.7865],[128.41381,36.78792],[128.41396,36.78841],[128.41362,36.7888],[128.41358,36.78919],[128.41382,36.78939],[128.41384,36.7899],[128.41485,36.79167],[128.41476,36.79304],[128.41532,36.79367],[128.41566,36.79475],[128.41668,36.79581],[128.41641,36.79522],[128.41581,36.79473],[128.41535,36.7935],[128.41488,36.79301],[128.41498,36.79173],[128.41394,36.78989],[128.41392,36.78938],[128.41371,36.78918],[128.41372,36.78884],[128.41405,36.78848],[128.41389,36.78801],[128.41457,36.78717],[128.41467,36.7868],[128.41497,36.7866],[128.41502,36.78553],[128.41577,36.7846],[128.41533,36.78411],[128.41553,36.78367],[128.41485,36.78299],[128.41437,36.78275],[128.41468,36.78211],[128.41458,36.78166]]]}},{"type":"Feature","id":"TN_RIVER_BNDRY:WTR0100000001308T","properties":{"NF_ID":"WTR0100000001308T","source_layer":"TN_RIVER_BNDRY","semantic":"zone","river_class":"소하천","river_class_source":"중심선 공간조인","survey_method":"사진측량","admin_code":"47900"},"geometry":{"type":"Polygon","coordinates":[[[128.44754,36.76155],[128.44745,36.76151],[128.44746,36.76154],[128.44747,36.76156],[128.44748,36.76169],[128.44751,36.76184],[128.44751,36.76188],[128.44752,36.76189],[128.44754,36.76192],[128.44755,36.76192],[128.44757,36.76188],[128.44755,36.76176],[128.44752,36.76157],[128.44752,36.76156],[128.44753,36.76156],[128.44753,36.76155],[128.44753,36.76155],[128.44754,36.76155]]]}},{"type":"Feature","id":"TN_RIVER_BNDRY:WTR0100000001309U","properties":{"NF_ID":"WTR0100000001309U","source_layer":"TN_RIVER_BNDRY","semantic":"zone","river_class":"소하천","river_class_source":"중심선 공간조인","survey_method":"사진측량","admin_code":"47900"},"geometry":{"type":"Polygon","coordinates":[[[128.42866,36.75452],[128.429,36.75427],[128.42806,36.75448],[128.42813,36.75533],[128.42834,36.75476],[128.42866,36.75452]]]}},{"type":"Feature","id":"TN_RIVER_BNDRY:WTR010000000130AV","properties":{"NF_ID":"WTR010000000130AV","source_layer":"TN_RIVER_BNDRY","semantic":"zone","river_class":"소하천","river_class_source":"중심선 공간조인","river_name":"수한천","survey_method":"사진측량","admin_code":"47900"},"geometry":{"type":"Polygon","coordinates":[[[128.4902,36.76827],[128.48956,36.76837],[128.48918,36.76864],[128.48907,36.76892],[128.48882,36.76886],[128.48837,36.76903],[128.48813,36.76982],[128.48731,36.76981],[128.48676,36.77005],[128.4864,36.7699],[128.48607,36.76998],[128.48585,36.77019],[128.48586,36.7705],[128.48597,36.77012],[128.48619,36.76999],[128.48679,36.77008],[128.48748,36.76985],[128.48819,36.76985],[128.48839,36.76908],[128.48912,36.76893],[128.4896,36.76841],[128.4902,36.76827]]]}},{"type":"Feature","id":"TN_RIVER_BNDRY:WTR010000000130BW","properties":{"NF_ID":"WTR010000000130BW","source_layer":"TN_RIVER_BNDRY","semantic":"zone","river_class":"소하천","river_class_source":"중심선 공간조인","river_name":"수한천","survey_method":"사진측량","admin_code":"47900"},"geometry":{"type":"Polygon","coordinates":[[[128.49024,36.76824],[128.49018,36.76824],[128.4902,36.76827],[128.49021,36.76827],[128.49025,36.76827],[128.49024,36.76824]]]}},{"type":"Feature","id":"TN_RIVER_BNDRY:WTR010000000130CX","properties":{"NF_ID":"WTR010000000130CX","source_layer":"TN_RIVER_BNDRY","semantic":"zone","river_class":"소하천","river_class_source":"중심선 공간조인","survey_method":"사진측량","admin_code":"47900"},"geometry":{"type":"Polygon","coordinates":[[[128.49024,36.76824],[128.48971,36.76754],[128.48856,36.76734],[128.48814,36.76685],[128.48748,36.76677],[128.48712,36.76626],[128.48702,36.76572],[128.48562,36.76549],[128.48536,36.7651],[128.48495,36.76484],[128.48561,36.76558],[128.48695,36.76574],[128.48703,36.76631],[128.48744,36.7668],[128.48808,36.76691],[128.48851,36.76735],[128.48967,36.76759],[128.49024,36.76824]]]}},{"type":"Feature","id":"TN_RIVER_BNDRY:WTR010000000130DY","properties":{"NF_ID":"WTR010000000130DY","source_layer":"TN_RIVER_BNDRY","semantic":"zone","river_class":"소하천","river_class_source":"중심선 공간조인","river_name":"보곡천","survey_method":"사진측량","admin_code":"47900"},"geometry":{"type":"Polygon","coordinates":[[[128.44888,36.76198],[128.44877,36.76191],[128.44879,36.76244],[128.44853,36.76301],[128.44866,36.76407],[128.44896,36.76431],[128.44977,36.76447],[128.44994,36.76498],[128.45047,36.7656],[128.45013,36.76633],[128.45055,36.76689],[128.45069,36.76751],[128.45044,36.76818],[128.44979,36.769],[128.44966,36.76963],[128.44922,36.77004],[128.44906,36.77051],[128.4486,36.77078],[128.44839,36.77145],[128.44805,36.77173],[128.44844,36.77151],[128.44864,36.77085],[128.4491,36.77056],[128.44927,36.77005],[128.44973,36.76967],[128.44983,36.76909],[128.45053,36.76815],[128.45077,36.76741],[128.45063,36.76681],[128.45025,36.76635],[128.45058,36.76582],[128.45053,36.76554],[128.45,36.76492],[128.44981,36.76442],[128.44877,36.7641],[128.4486,36.76323],[128.44888,36.76198]]]}},{"type":"Feature","id":"TN_RIVER_BNDRY:WTR010000000130UF","properties":{"NF_ID":"WTR010000000130UF","source_layer":"TN_RIVER_BNDRY","semantic":"zone","river_class":"소하천","river_class_source":"중심선 공간조인","survey_method":"사진측량","admin_code":"47900"},"geometry":{"type":"Polygon","coordinates":[[[128.46027,36.82449],[128.46014,36.82522],[128.46032,36.82498],[128.46027,36.82449]]]}},{"type":"Feature","id":"TN_RIVER_BNDRY:WTR0100000001325S","properties":{"NF_ID":"WTR0100000001325S","source_layer":"TN_RIVER_BNDRY","semantic":"zone","river_class":"지방하천","river_class_source":"중심선 공간조인","river_name":"석관천","river_code":"2021010","survey_method":"사진측량","admin_code":"47900"},"geometry":{"type":"Polygon","coordinates":[[[128.49815,36.75149],[128.49844,36.75157],[128.49929,36.75],[128.49891,36.75],[128.49815,36.75149]]]}},{"type":"Feature","id":"TN_RIVER_BNDRY:WTR0100000001327U","properties":{"NF_ID":"WTR0100000001327U","source_layer":"TN_RIVER_BNDRY","semantic":"zone","river_class":"지방하천","river_class_source":"중심선 공간조인","river_name":"용두천","river_code":"2021030","survey_method":"사진측량","admin_code":"47900"},"geometry":{"type":"Polygon","coordinates":[[[128.429,36.75427],[128.42918,36.75444],[128.43067,36.75367],[128.43317,36.75274],[128.43374,36.75233],[128.43457,36.75132],[128.43518,36.75103],[128.4356,36.75108],[128.43647,36.75168],[128.43636,36.75178],[128.43717,36.75208],[128.4381,36.75188],[128.43889,36.75057],[128.43955,36.75],[128.43911,36.75],[128.43785,36.75183],[128.43704,36.75188],[128.43581,36.75096],[128.43499,36.75085],[128.43431,36.7512],[128.43361,36.75232],[128.43316,36.75266],[128.429,36.75427]]]}},{"type":"Feature","id":"TN_RIVER_BNDRY:WTR0100000001328V","properties":{"NF_ID":"WTR0100000001328V","source_layer":"TN_RIVER_BNDRY","semantic":"zone","river_class":"지방하천","river_class_source":"중심선 공간조인","river_name":"한천","river_code":"2021020","survey_method":"사진측량","admin_code":"47900"},"geometry":{"type":"Polygon","coordinates":[[[128.44756,36.7612],[128.44664,36.76051],[128.44639,36.75956],[128.44644,36.75702],[128.44662,36.7562],[128.44809,36.75364],[128.44846,36.75262],[128.44846,36.75196],[128.4478,36.75],[128.44746,36.75],[128.44798,36.75142],[128.44813,36.75235],[128.44779,36.75348],[128.44667,36.75515],[128.44633,36.75612],[128.44602,36.7595],[128.44624,36.76041],[128.44659,36.76103],[128.44745,36.76151],[128.44756,36.7612]]]}},{"type":"Feature","id":"TN_RIVER_BNDRY:WTR0100000001329W","properties":{"NF_ID":"WTR0100000001329W","source_layer":"TN_RIVER_BNDRY","semantic":"zone","river_class":"소하천","river_class_source":"중심선 공간조인","river_name":"수한천","survey_method":"사진측량","admin_code":"47900"},"geometry":{"type":"Polygon","coordinates":[[[128.49919,36.76488],[128.49945,36.76459],[128.5,36.76481],[128.49966,36.76454],[128.49939,36.76452],[128.49904,36.76495],[128.49755,36.76577],[128.49588,36.76635],[128.49515,36.76701],[128.49387,36.76748],[128.49308,36.7674],[128.49205,36.76801],[128.49162,36.76809],[128.49106,36.76795],[128.49025,36.76827],[128.49106,36.76799],[128.49174,36.76814],[128.49254,36.76789],[128.49311,36.76745],[128.49392,36.76752],[128.49432,36.76727],[128.49523,36.76706],[128.49588,36.76644],[128.49758,36.76582],[128.49919,36.76488]]]}},{"type":"Feature","id":"TN_RIVER_BNDRY:WTR010000000132BY","properties":{"NF_ID":"WTR010000000132BY","source_layer":"TN_RIVER_BNDRY","semantic":"zone","river_class":"지방하천","river_class_source":"중심선 공간조인","river_name":"석관천","river_code":"2021010","survey_method":"사진측량","admin_code":"47900"},"geometry":{"type":"Polygon","coordinates":[[[128.5,36.76031],[128.4978,36.75835],[128.49743,36.75761],[128.49736,36.75711],[128.49756,36.75617],[128.49738,36.75455],[128.49782,36.75303],[128.49747,36.75296],[128.49705,36.75471],[128.49721,36.75608],[128.4971,36.75765],[128.49759,36.75859],[128.5,36.76077],[128.5,36.76031]]]}}]}