{"type":"FeatureCollection","features":[{"type":"Feature","id":"TN_RIVER_BT:WTR0200000000HNF1","properties":{"NF_ID":"WTR0200000000HNF1","source_layer":"TN_RIVER_BT","semantic":"channel","river_class":"소하천","river_class_source":"중심선 공간조인","survey_method":"사진측량","admin_code":"52790"},"geometry":{"type":"Polygon","coordinates":[[[126.7502,35.47728],[126.75151,35.47649],[126.75054,35.47675],[126.7502,35.47728]],[[126.75087,35.47658],[126.75102,35.47673],[126.7502,35.47725],[126.75087,35.47658]]]}},{"type":"Feature","id":"TN_RIVER_BT:WTR0200000000HNG2","properties":{"NF_ID":"WTR0200000000HNG2","source_layer":"TN_RIVER_BT","semantic":"channel","river_class":"소하천","river_class_source":"중심선 공간조인","survey_method":"사진측량","admin_code":"52790"},"geometry":{"type":"Polygon","coordinates":[[[126.75135,35.47808],[126.75242,35.47755],[126.75263,35.47716],[126.75129,35.47805],[126.75,35.47777],[126.75135,35.47808]]]}},{"type":"Feature","id":"TN_RIVER_BT:WTR0200000000HNH3","properties":{"NF_ID":"WTR0200000000HNH3","source_layer":"TN_RIVER_BT","semantic":"channel","river_class":"지방하천","river_class_source":"중심선 공간조인","river_name":"갈곡천","river_code":"5221550","survey_method":"사진측량","admin_code":"52790"},"geometry":{"type":"Polygon","coordinates":[[[126.75392,35.48116],[126.7558,35.47976],[126.75641,35.4801],[126.75668,35.4799],[126.75642,35.47974],[126.75583,35.47972],[126.75375,35.48114],[126.75254,35.48041],[126.7516,35.48047],[126.75166,35.47963],[126.75,35.47926],[126.75151,35.47971],[126.75156,35.48052],[126.75252,35.48043],[126.75392,35.48116]]]}},{"type":"Feature","id":"TN_RIVER_BT:WTR0200000000HNWI","properties":{"NF_ID":"WTR0200000000HNWI","source_layer":"TN_RIVER_BT","semantic":"channel","river_class":"소하천","river_class_source":"중심선 공간조인","survey_method":"사진측량","admin_code":"52790"},"geometry":{"type":"Polygon","coordinates":[[[126.75273,35.49899],[126.75297,35.49848],[126.7527,35.49895],[126.75226,35.49897],[126.75273,35.49899]]]}},{"type":"Feature","id":"TN_RIVER_BT:WTR0200000000HQ8X","properties":{"NF_ID":"WTR0200000000HQ8X","source_layer":"TN_RIVER_BT","semantic":"channel","river_class":"등급미확인","survey_method":"사진측량","admin_code":"52790"},"geometry":{"type":"Polygon","coordinates":[[[126.57815,35.31353],[126.57814,35.31353],[126.57812,35.31353],[126.57811,35.31355],[126.5781,35.31356],[126.57809,35.31357],[126.57809,35.31359],[126.57822,35.31365],[126.57823,35.31364],[126.57825,35.31362],[126.57826,35.3136],[126.57826,35.31359],[126.57826,35.31359],[126.57823,35.31357],[126.57815,35.31353]]]}},{"type":"Feature","id":"TN_RIVER_BT:WTR0200000000HQ9Y","properties":{"NF_ID":"WTR0200000000HQ9Y","source_layer":"TN_RIVER_BT","semantic":"channel","river_class":"등급미확인","survey_method":"사진측량","admin_code":"52790"},"geometry":{"type":"Polygon","coordinates":[[[126.57848,35.31372],[126.57842,35.31369],[126.5784,35.31369],[126.57833,35.31371],[126.57832,35.31372],[126.57833,35.31374],[126.57844,35.31381],[126.57847,35.3138],[126.57849,35.31378],[126.5785,35.31377],[126.5785,35.31375],[126.57848,35.31372]]]}},{"type":"Feature","id":"TN_RIVER_BT:WTR0200000000HQAZ","properties":{"NF_ID":"WTR0200000000HQAZ","source_layer":"TN_RIVER_BT","semantic":"channel","river_class":"등급미확인","survey_method":"사진측량","admin_code":"52790"},"geometry":{"type":"Polygon","coordinates":[[[126.57902,35.31407],[126.579,35.31406],[126.57899,35.31407],[126.57898,35.31409],[126.57898,35.31411],[126.579,35.31419],[126.57907,35.31427],[126.5791,35.31427],[126.57911,35.31427],[126.57913,35.31426],[126.57913,35.31423],[126.57912,35.3142],[126.5791,35.31415],[126.57902,35.31407]]]}},{"type":"Feature","id":"TN_RIVER_BT:WTR0200000000HQB0","properties":{"NF_ID":"WTR0200000000HQB0","source_layer":"TN_RIVER_BT","semantic":"channel","river_class":"등급미확인","survey_method":"사진측량","admin_code":"52790"},"geometry":{"type":"Polygon","coordinates":[[[126.57916,35.31444],[126.57914,35.31443],[126.57911,35.31443],[126.57909,35.31445],[126.57908,35.31447],[126.57909,35.31451],[126.57912,35.31455],[126.57914,35.31456],[126.57918,35.31456],[126.5792,35.31455],[126.57921,35.31452],[126.57921,35.3145],[126.5792,35.31448],[126.57918,35.31446],[126.57916,35.31444]]]}},{"type":"Feature","id":"TN_RIVER_BT:WTR0200000000HQC1","properties":{"NF_ID":"WTR0200000000HQC1","source_layer":"TN_RIVER_BT","semantic":"channel","river_class":"등급미확인","survey_method":"사진측량","admin_code":"52790"},"geometry":{"type":"Polygon","coordinates":[[[126.57903,35.31481],[126.57901,35.3148],[126.57899,35.31481],[126.57903,35.31502],[126.57904,35.31504],[126.57904,35.31504],[126.57905,35.31504],[126.57907,35.31504],[126.57909,35.31504],[126.57911,35.31502],[126.57906,35.31485],[126.57905,35.31481],[126.57903,35.31481]]]}},{"type":"Feature","id":"TN_RIVER_BT:WTR0200000000HQD2","properties":{"NF_ID":"WTR0200000000HQD2","source_layer":"TN_RIVER_BT","semantic":"channel","river_class":"등급미확인","survey_method":"사진측량","admin_code":"52790"},"geometry":{"type":"Polygon","coordinates":[[[126.57943,35.31589],[126.57938,35.31588],[126.57936,35.31588],[126.57934,35.31589],[126.57934,35.31589],[126.57933,35.3159],[126.57933,35.31591],[126.57933,35.31592],[126.57934,35.31593],[126.57935,35.31594],[126.57936,35.31595],[126.57939,35.31597],[126.57949,35.316],[126.57951,35.31601],[126.57953,35.31601],[126.57955,35.31601],[126.57956,35.31599],[126.57957,35.31598],[126.57957,35.31596],[126.57956,35.31594],[126.57956,35.31593],[126.57954,35.31593],[126.57951,35.31592],[126.57943,35.31589]]]}},{"type":"Feature","id":"TN_RIVER_BT:WTR0200000000HQE3","properties":{"NF_ID":"WTR0200000000HQE3","source_layer":"TN_RIVER_BT","semantic":"channel","river_class":"등급미확인","survey_method":"사진측량","admin_code":"52790"},"geometry":{"type":"Polygon","coordinates":[[[126.58049,35.31597],[126.58048,35.31596],[126.58048,35.31595],[126.58047,35.31594],[126.58046,35.31593],[126.58045,35.31593],[126.58044,35.31593],[126.58042,35.31594],[126.58041,35.31594],[126.58038,35.31595],[126.58033,35.31596],[126.5803,35.31597],[126.58028,35.31596],[126.58025,35.31596],[126.58023,35.31597],[126.58022,35.31598],[126.58021,35.31598],[126.58021,35.316],[126.58022,35.31601],[126.58022,35.31603],[126.58023,35.31604],[126.58025,35.31604],[126.58027,35.31605],[126.5803,35.31605],[126.58035,35.31604],[126.5804,35.31603],[126.58046,35.31602],[126.58048,35.31601],[126.5805,35.316],[126.5805,35.316],[126.5805,35.31599],[126.5805,35.31598],[126.5805,35.31598],[126.58049,35.31597]]]}},{"type":"Feature","id":"TN_RIVER_BT:WTR0200000000HQF4","properties":{"NF_ID":"WTR0200000000HQF4","source_layer":"TN_RIVER_BT","semantic":"channel","river_class":"등급미확인","survey_method":"사진측량","admin_code":"52790"},"geometry":{"type":"Polygon","coordinates":[[[126.57993,35.31597],[126.5799,35.31597],[126.57988,35.31597],[126.57985,35.31598],[126.57984,35.31599],[126.57983,35.31601],[126.57982,35.31602],[126.57982,35.31604],[126.57982,35.31605],[126.57983,35.31606],[126.57984,35.31607],[126.57986,35.31608],[126.57987,35.31609],[126.57989,35.31609],[126.57993,35.31609],[126.58,35.31609],[126.58003,35.31609],[126.58004,35.31608],[126.58006,35.31607],[126.58006,35.31606],[126.58006,35.31604],[126.58007,35.31602],[126.58006,35.31601],[126.58006,35.31599],[126.58005,35.31598],[126.58003,35.31598],[126.58001,35.31597],[126.57997,35.31597],[126.57993,35.31597]]]}},{"type":"Feature","id":"TN_RIVER_BT:WTR0200000000HQJ8","properties":{"NF_ID":"WTR0200000000HQJ8","source_layer":"TN_RIVER_BT","semantic":"channel","river_class":"지방하천","river_class_source":"중심선 공간조인","river_name":"영광천","river_code":"5220780","survey_method":"사진측량","admin_code":"52790"},"geometry":{"type":"MultiPolygon","coordinates":[[[[126.52448,35.31356],[126.52438,35.31349],[126.52435,35.31364],[126.52438,35.31365],[126.52443,35.31366],[126.52448,35.31368],[126.52458,35.31369],[126.52465,35.3137],[126.5247,35.3137],[126.52471,35.3137],[126.52448,35.31356]]],[[[126.52712,35.3127],[126.52543,35.31323],[126.52511,35.31369],[126.52667,35.31327],[126.52748,35.31269],[126.52712,35.3127]]],[[[126.53422,35.30732],[126.53357,35.30702],[126.53294,35.30703],[126.53436,35.30758],[126.53422,35.30732]]],[[[126.53842,35.30954],[126.53612,35.30891],[126.53291,35.30738],[126.53232,35.30728],[126.53236,35.30706],[126.53288,35.30702],[126.53232,35.30674],[126.52977,35.30873],[126.52967,35.30926],[126.52991,35.30964],[126.53026,35.30895],[126.53131,35.30821],[126.5326,35.30791],[126.53413,35.30824],[126.53859,35.30979],[126.53842,35.30954]]],[[[126.54339,35.30982],[126.54268,35.30985],[126.54261,35.30986],[126.54262,35.30986],[126.54266,35.30986],[126.54269,35.30986],[126.54273,35.30986],[126.54276,35.30986],[126.54279,35.30986],[126.54283,35.30986],[126.54287,35.30987],[126.54292,35.30987],[126.54296,35.30988],[126.54299,35.30988],[126.54303,35.30989],[126.54307,35.3099],[126.54311,35.3099],[126.54313,35.3099],[126.54315,35.30991],[126.54319,35.30991],[126.54323,35.30992],[126.54327,35.30992],[126.54329,35.30992],[126.5433,35.30992],[126.5433,35.30992],[126.54331,35.30992],[126.54332,35.30992],[126.54332,35.30991],[126.54335,35.30989],[126.54336,35.30989],[126.54338,35.30988],[126.54339,35.30988],[126.5434,35.30988],[126.54343,35.30988],[126.54346,35.30988],[126.5435,35.30988],[126.54354,35.30988],[126.54355,35.30988],[126.54339,35.30982]]],[[[126.54461,35.31058],[126.54448,35.31041],[126.54424,35.31022],[126.54403,35.31005],[126.54369,35.30993],[126.54369,35.30995],[126.54367,35.30998],[126.54366,35.31],[126.54366,35.31002],[126.54366,35.31003],[126.54366,35.31004],[126.54366,35.31004],[126.54366,35.31004],[126.54366,35.31005],[126.54366,35.31005],[126.54366,35.31005],[126.54367,35.31005],[126.54369,35.31006],[126.54372,35.31007],[126.54372,35.31007],[126.54373,35.31007],[126.54373,35.31007],[126.54373,35.31007],[126.54374,35.31007],[126.54377,35.31006],[126.54378,35.31006],[126.54378,35.31006],[126.54379,35.31006],[126.5438,35.31006],[126.54381,35.31006],[126.54382,35.31006],[126.54385,35.31007],[126.54385,35.31007],[126.54389,35.31009],[126.54392,35.31011],[126.54395,35.31013],[126.54399,35.31015],[126.54402,35.31017],[126.54405,35.31019],[126.54408,35.31021],[126.54411,35.31023],[126.54415,35.31025],[126.54417,35.31027],[126.54419,35.31029],[126.54422,35.31031],[126.54424,35.31033],[126.54427,35.31035],[126.5443,35.31038],[126.54433,35.3104],[126.54435,35.31043],[126.54438,35.31046],[126.54441,35.31048],[126.54444,35.3105],[126.54446,35.31053],[126.54449,35.31055],[126.54451,35.31057],[126.54454,35.31059],[126.54456,35.3106],[126.54457,35.31061],[126.54458,35.31061],[126.54462,35.31063],[126.54465,35.31064],[126.54465,35.31064],[126.54461,35.31058]]],[[[126.5456,35.3112],[126.5456,35.3112],[126.54561,35.3112],[126.5456,35.3112]]],[[[126.5477,35.31314],[126.54684,35.31206],[126.54566,35.31133],[126.54725,35.31284],[126.55129,35.31833],[126.55108,35.32133],[126.55138,35.31841],[126.54754,35.3133],[126.54738,35.31298],[126.5477,35.31314]]],[[[126.55077,35.31362],[126.54947,35.31337],[126.54846,35.31344],[126.55077,35.31362]]],[[[126.55477,35.31231],[126.5548,35.31233],[126.55491,35.31239],[126.55492,35.31239],[126.55494,35.31239],[126.55495,35.31239],[126.55493,35.31236],[126.55491,35.31235],[126.55477,35.31231]]],[[[126.55546,35.31252],[126.55312,35.31216],[126.55206,35.31257],[126.55181,35.31315],[126.55306,35.31229],[126.55546,35.31252]]],[[[126.55553,35.31254],[126.55553,35.31255],[126.55553,35.31256],[126.55553,35.31257],[126.55554,35.31257],[126.5556,35.31256],[126.55553,35.31254]]],[[[126.55609,35.31255],[126.55584,35.3126],[126.55847,35.31398],[126.56245,35.3169],[126.56431,35.32041],[126.5664,35.32288],[126.56702,35.32348],[126.56892,35.32455],[126.56952,35.32459],[126.56892,35.32453],[126.56702,35.32345],[126.56641,35.32286],[126.5643,35.32037],[126.5625,35.31687],[126.55848,35.31394],[126.55609,35.31255]]],[[[126.5595,35.31154],[126.55768,35.31159],[126.55778,35.31174],[126.55723,35.31214],[126.5595,35.31154]]],[[[126.56192,35.31068],[126.56173,35.31079],[126.56146,35.31096],[126.56139,35.31113],[126.56137,35.31116],[126.56138,35.31115],[126.5614,35.31114],[126.56142,35.31113],[126.56145,35.31113],[126.56146,35.31114],[126.56148,35.31114],[126.5615,35.31114],[126.56152,35.31114],[126.56152,35.31114],[126.56153,35.31114],[126.56152,35.31113],[126.56152,35.31112],[126.56152,35.31111],[126.56152,35.3111],[126.56153,35.31109],[126.56156,35.31108],[126.56159,35.31106],[126.56161,35.31104],[126.56162,35.31102],[126.56162,35.311],[126.5616,35.31099],[126.56158,35.31098],[126.56159,35.31096],[126.56161,35.31093],[126.56164,35.31092],[126.56168,35.3109],[126.56171,35.31088],[126.56175,35.31084],[126.56178,35.31081],[126.56181,35.31078],[126.56185,35.31075],[126.56188,35.31072],[126.56191,35.3107],[126.56195,35.31068],[126.56198,35.31065],[126.56202,35.31062],[126.56203,35.31061],[126.56192,35.31068]]],[[[126.564,35.30953],[126.56399,35.30951],[126.56398,35.30951],[126.56395,35.3095],[126.56391,35.3095],[126.56387,35.30949],[126.56384,35.3095],[126.5638,35.3095],[126.56377,35.30951],[126.56374,35.30952],[126.56371,35.30953],[126.56369,35.30953],[126.56367,35.30954],[126.56364,35.30955],[126.56361,35.30955],[126.56352,35.30955],[126.5635,35.30955],[126.56346,35.30956],[126.56343,35.30956],[126.56339,35.30957],[126.56335,35.30957],[126.56331,35.30958],[126.56328,35.30959],[126.56324,35.3096],[126.56321,35.30961],[126.56317,35.30962],[126.56314,35.30964],[126.56311,35.30965],[126.56307,35.30966],[126.56306,35.30967],[126.56305,35.30974],[126.56304,35.30975],[126.56307,35.30974],[126.56315,35.30972],[126.56317,35.30971],[126.56319,35.30971],[126.56323,35.3097],[126.56328,35.30969],[126.56332,35.30969],[126.56335,35.30969],[126.56338,35.30968],[126.5634,35.30968],[126.5634,35.30967],[126.56336,35.30967],[126.56334,35.30966],[126.56333,35.30966],[126.56336,35.30965],[126.5634,35.30963],[126.56345,35.30962],[126.5635,35.30961],[126.56355,35.3096],[126.56359,35.3096],[126.56362,35.3096],[126.56364,35.30961],[126.56367,35.30962],[126.56371,35.30962],[126.56376,35.30962],[126.56381,35.30962],[126.56385,35.30961],[126.5639,35.30962],[126.56395,35.30961],[126.56401,35.30961],[126.56405,35.30962],[126.564,35.30953]]],[[[126.56629,35.31036],[126.56538,35.31002],[126.56589,35.3104],[126.5659,35.31022],[126.56629,35.31036]]],[[[126.56899,35.31106],[126.56898,35.31106],[126.56898,35.31106],[126.56899,35.31107],[126.56901,35.31108],[126.56903,35.31108],[126.56907,35.31107],[126.56912,35.31106],[126.56914,35.31105],[126.56916,35.31104],[126.56915,35.31102],[126.56899,35.31106]]],[[[126.58798,35.3176],[126.58816,35.31766],[126.58842,35.31774],[126.58872,35.31772],[126.58888,35.31771],[126.58889,35.31771],[126.58886,35.31771],[126.58881,35.3177],[126.58876,35.3177],[126.58872,35.3177],[126.58867,35.3177],[126.58862,35.3177],[126.58858,35.3177],[126.58853,35.31769],[126.58849,35.31769],[126.58845,35.31768],[126.5884,35.31768],[126.58836,35.31767],[126.58834,35.31766],[126.5883,35.31767],[126.58827,35.31766],[126.58824,35.31765],[126.58822,35.31763],[126.5882,35.31762],[126.58818,35.31761],[126.58815,35.31761],[126.5881,35.3176],[126.58807,35.31759],[126.58804,35.31758],[126.58801,35.31757],[126.58798,35.31756],[126.58794,35.31755],[126.5879,35.31755],[126.58786,35.31755],[126.58783,35.31754],[126.58778,35.31754],[126.58774,35.31753],[126.58772,35.31753],[126.58798,35.3176]]],[[[126.5873,35.31759],[126.58741,35.31752],[126.58752,35.31751],[126.5875,35.3175],[126.58746,35.3175],[126.58742,35.3175],[126.58739,35.31751],[126.58735,35.31752],[126.58733,35.31753],[126.58731,35.31753],[126.58729,35.31754],[126.58727,35.31756],[126.58726,35.31758],[126.58725,35.31759],[126.58726,35.3176],[126.58726,35.31761],[126.5873,35.31759]]],[[[126.58693,35.31776],[126.587,35.31776],[126.58705,35.31773],[126.58707,35.31772],[126.58707,35.31772],[126.58704,35.31772],[126.587,35.31773],[126.58696,35.31775],[126.58693,35.31776],[126.58693,35.31776]]],[[[126.58279,35.31574],[126.58357,35.316],[126.58448,35.31687],[126.58321,35.31559],[126.57944,35.31572],[126.57874,35.31367],[126.57708,35.31292],[126.57671,35.31217],[126.57554,35.31126],[126.576,35.31097],[126.57629,35.31032],[126.5775,35.30997],[126.57846,35.3092],[126.57908,35.30713],[126.57887,35.30584],[126.58064,35.30496],[126.57884,35.30583],[126.57906,35.30717],[126.57865,35.30876],[126.57784,35.30971],[126.57627,35.31031],[126.5759,35.31102],[126.5755,35.3112],[126.57507,35.31112],[126.57274,35.31014],[126.57119,35.3105],[126.57212,35.31021],[126.57224,35.31035],[126.57296,35.31025],[126.57546,35.31124],[126.57708,35.31303],[126.57861,35.31372],[126.57925,35.31508],[126.5792,35.31547],[126.57918,35.31517],[126.57905,35.31541],[126.57946,35.31585],[126.58279,35.31574]],[[126.57654,35.31215],[126.57653,35.31216],[126.57653,35.31216],[126.57652,35.31217],[126.57651,35.31222],[126.57649,35.31224],[126.57648,35.31224],[126.57647,35.31223],[126.57645,35.31222],[126.57642,35.3122],[126.5764,35.31219],[126.57637,35.31217],[126.57634,35.31214],[126.57632,35.31213],[126.5763,35.31211],[126.57628,35.31209],[126.57625,35.31207],[126.57622,35.31205],[126.57619,35.31203],[126.57615,35.312],[126.57612,35.31199],[126.5761,35.31197],[126.57608,35.31196],[126.57606,35.31194],[126.57605,35.31191],[126.57605,35.31189],[126.57604,35.31187],[126.57602,35.31185],[126.57601,35.31183],[126.57601,35.31181],[126.57602,35.3118],[126.57602,35.3118],[126.57603,35.3118],[126.57605,35.3118],[126.57609,35.3118],[126.57611,35.3118],[126.57614,35.31181],[126.57615,35.31181],[126.57617,35.31182],[126.57618,35.31183],[126.5762,35.31184],[126.57622,35.31185],[126.57624,35.31186],[126.57626,35.31186],[126.57627,35.31187],[126.57628,35.31188],[126.57629,35.31188],[126.5763,35.3119],[126.57632,35.31192],[126.57632,35.31194],[126.57635,35.31196],[126.57637,35.31197],[126.5764,35.31199],[126.57643,35.31201],[126.57646,35.31204],[126.57649,35.31206],[126.57651,35.31208],[126.57652,35.3121],[126.57653,35.31211],[126.57654,35.31212],[126.57654,35.31213],[126.57654,35.31214],[126.57654,35.31215]]]]}},{"type":"Feature","id":"TN_RIVER_BT:WTR0200000000HQMB","properties":{"NF_ID":"WTR0200000000HQMB","source_layer":"TN_RIVER_BT","semantic":"channel","river_class":"소하천","river_class_source":"중심선 공간조인","survey_method":"사진측량","admin_code":"52790"},"geometry":{"type":"Polygon","coordinates":[[[126.55243,35.3275],[126.55242,35.3275],[126.5524,35.3275],[126.5524,35.32751],[126.55243,35.32759],[126.55243,35.32762],[126.55246,35.3276],[126.55248,35.3276],[126.55249,35.3276],[126.55245,35.32753],[126.55244,35.32751],[126.55243,35.3275]]]}},{"type":"Feature","id":"TN_RIVER_BT:WTR0200000000HQQF","properties":{"NF_ID":"WTR0200000000HQQF","source_layer":"TN_RIVER_BT","semantic":"channel","river_class":"소하천","river_class_source":"중심선 공간조인","survey_method":"사진측량","admin_code":"52790"},"geometry":{"type":"Polygon","coordinates":[[[126.61304,35.329],[126.61362,35.32996],[126.61533,35.3312],[126.61681,35.33343],[126.61874,35.33436],[126.61698,35.33351],[126.61536,35.33119],[126.61371,35.33],[126.61304,35.329]]]}},{"type":"Feature","id":"TN_RIVER_BT:WTR0200000000HQSH","properties":{"NF_ID":"WTR0200000000HQSH","source_layer":"TN_RIVER_BT","semantic":"channel","river_class":"지방하천","river_class_source":"중심선 공간조인","river_name":"유촌천","river_code":"5220810","survey_method":"사진측량","admin_code":"52790"},"geometry":{"type":"Polygon","coordinates":[[[126.62405,35.33826],[126.62441,35.33816],[126.6251,35.33725],[126.62569,35.33693],[126.62979,35.33529],[126.63026,35.33527],[126.62974,35.33519],[126.6273,35.33639],[126.62569,35.3369],[126.62508,35.33722],[126.62435,35.33813],[126.62392,35.33823],[126.62368,35.33801],[126.62405,35.33826]]]}},{"type":"Feature","id":"TN_RIVER_BT:WTR0200000000HQTI","properties":{"NF_ID":"WTR0200000000HQTI","source_layer":"TN_RIVER_BT","semantic":"channel","river_class":"소하천","river_class_source":"중심선 공간조인","survey_method":"사진측량","admin_code":"52790"},"geometry":{"type":"Polygon","coordinates":[[[126.5282,35.33688],[126.52819,35.33688],[126.52817,35.33689],[126.52814,35.33697],[126.52811,35.33717],[126.52807,35.33746],[126.52804,35.33761],[126.52801,35.33772],[126.52799,35.3378],[126.52798,35.33783],[126.52798,35.33786],[126.52798,35.33789],[126.52799,35.33792],[126.528,35.33794],[126.52801,35.33795],[126.52802,35.33795],[126.52802,35.33794],[126.52803,35.33785],[126.52806,35.33767],[126.5281,35.33755],[126.52813,35.33727],[126.52817,35.33704],[126.52818,35.33697],[126.52819,35.33694],[126.5282,35.33692],[126.52821,35.3369],[126.52821,35.33689],[126.5282,35.33688]]]}},{"type":"Feature","id":"TN_RIVER_BT:WTR0200000000HQUJ","properties":{"NF_ID":"WTR0200000000HQUJ","source_layer":"TN_RIVER_BT","semantic":"channel","river_class":"지방하천","river_class_source":"중심선 공간조인","river_name":"유촌천","river_code":"5220810","survey_method":"사진측량","admin_code":"52790"},"geometry":{"type":"Polygon","coordinates":[[[126.62343,35.33799],[126.62136,35.33915],[126.62288,35.33847],[126.62343,35.33799]]]}},{"type":"Feature","id":"TN_RIVER_BT:WTR0200000000HQVK","properties":{"NF_ID":"WTR0200000000HQVK","source_layer":"TN_RIVER_BT","semantic":"channel","river_class":"지방하천","river_class_source":"중심선 공간조인","river_name":"산정천","river_code":"5220850","survey_method":"사진측량","admin_code":"52790"},"geometry":{"type":"Polygon","coordinates":[[[126.58291,35.34001],[126.58477,35.33918],[126.58655,35.33806],[126.58291,35.34001]]]}},{"type":"Feature","id":"TN_RIVER_BT:WTR0200000000HQWL","properties":{"NF_ID":"WTR0200000000HQWL","source_layer":"TN_RIVER_BT","semantic":"channel","river_class":"소하천","river_class_source":"중심선 공간조인","survey_method":"사진측량","admin_code":"52790"},"geometry":{"type":"Polygon","coordinates":[[[126.54984,35.34056],[126.54979,35.3405],[126.54974,35.34054],[126.54977,35.34055],[126.54983,35.34061],[126.54984,35.34062],[126.54984,35.34064],[126.54977,35.34065],[126.54974,35.34067],[126.54967,35.3407],[126.54966,35.34071],[126.54965,35.34072],[126.54965,35.34077],[126.54964,35.34081],[126.5496,35.34088],[126.54957,35.34093],[126.54958,35.34093],[126.54962,35.3409],[126.54963,35.34088],[126.54965,35.34084],[126.54967,35.34077],[126.54969,35.34072],[126.5497,35.3407],[126.54977,35.34067],[126.5498,35.34067],[126.54983,35.34067],[126.54987,35.34066],[126.54989,35.34066],[126.5499,35.34066],[126.54992,35.34066],[126.54992,35.34065],[126.54992,35.34064],[126.54984,35.34056]]]}},{"type":"Feature","id":"TN_RIVER_BT:WTR0200000000HQXM","properties":{"NF_ID":"WTR0200000000HQXM","source_layer":"TN_RIVER_BT","semantic":"channel","river_class":"소하천","river_class_source":"중심선 공간조인","survey_method":"사진측량","admin_code":"52790"},"geometry":{"type":"Polygon","coordinates":[[[126.52967,35.3393],[126.52965,35.33929],[126.52963,35.3393],[126.52963,35.33931],[126.52963,35.33933],[126.52963,35.33934],[126.53017,35.33992],[126.53072,35.34052],[126.53111,35.34095],[126.53111,35.34095],[126.53136,35.34123],[126.53143,35.34131],[126.5315,35.34136],[126.53156,35.34138],[126.53159,35.3414],[126.53161,35.34138],[126.53153,35.34134],[126.53145,35.34127],[126.53135,35.34116],[126.53116,35.34093],[126.53116,35.34093],[126.53115,35.34091],[126.53089,35.34062],[126.53046,35.34015],[126.53015,35.33982],[126.52985,35.3395],[126.52977,35.3394],[126.52969,35.33932],[126.52967,35.3393]]]}},{"type":"Feature","id":"TN_RIVER_BT:WTR0200000000HQZO","properties":{"NF_ID":"WTR0200000000HQZO","source_layer":"TN_RIVER_BT","semantic":"channel","river_class":"소하천","river_class_source":"중심선 공간조인","survey_method":"사진측량","admin_code":"52790"},"geometry":{"type":"Polygon","coordinates":[[[126.65362,35.35189],[126.65362,35.35188],[126.65362,35.35188],[126.65359,35.3519],[126.65356,35.35193],[126.65352,35.35194],[126.65348,35.35196],[126.65343,35.35199],[126.65351,35.35197],[126.65357,35.35194],[126.6536,35.35194],[126.65364,35.35192],[126.65365,35.35192],[126.65362,35.35189]]]}},{"type":"Feature","id":"TN_RIVER_BT:WTR0200000000HR1R","properties":{"NF_ID":"WTR0200000000HR1R","source_layer":"TN_RIVER_BT","semantic":"channel","river_class":"소하천","river_class_source":"중심선 공간조인","survey_method":"사진측량","admin_code":"52790"},"geometry":{"type":"Polygon","coordinates":[[[126.68331,35.35277],[126.68353,35.35199],[126.68305,35.35293],[126.68296,35.35346],[126.68331,35.35277]]]}},{"type":"Feature","id":"TN_RIVER_BT:WTR0200000000HR2S","properties":{"NF_ID":"WTR0200000000HR2S","source_layer":"TN_RIVER_BT","semantic":"channel","river_class":"소하천","river_class_source":"중심선 공간조인","survey_method":"사진측량","admin_code":"52790"},"geometry":{"type":"Polygon","coordinates":[[[126.6821,35.35317],[126.682,35.35316],[126.682,35.35326],[126.682,35.35328],[126.682,35.35333],[126.682,35.35339],[126.68199,35.35343],[126.68199,35.35347],[126.68199,35.35352],[126.68198,35.35354],[126.68197,35.35357],[126.68195,35.35359],[126.68194,35.35362],[126.68193,35.35365],[126.68192,35.35369],[126.68192,35.35371],[126.68192,35.35373],[126.68192,35.35373],[126.68193,35.35375],[126.68194,35.35376],[126.68195,35.35379],[126.68196,35.35383],[126.68197,35.35386],[126.68197,35.35388],[126.68197,35.35388],[126.68196,35.35392],[126.68195,35.35398],[126.68194,35.35406],[126.68193,35.3541],[126.6819,35.35419],[126.6819,35.35419],[126.68188,35.35424],[126.68187,35.35427],[126.68187,35.35431],[126.68188,35.35434],[126.68187,35.35436],[126.68187,35.35439],[126.68188,35.35439],[126.68189,35.35439],[126.6819,35.35436],[126.6819,35.35432],[126.6819,35.35429],[126.6819,35.35425],[126.68193,35.3542],[126.68194,35.35415],[126.68195,35.35412],[126.68196,35.3541],[126.68196,35.35408],[126.68196,35.35401],[126.68198,35.35397],[126.68198,35.35391],[126.68199,35.35388],[126.68199,35.35386],[126.68199,35.35385],[126.68198,35.35382],[126.68195,35.35374],[126.68195,35.35372],[126.68195,35.35369],[126.68195,35.35367],[126.68196,35.35366],[126.68197,35.35363],[126.68198,35.35361],[126.68199,35.35358],[126.68201,35.35354],[126.68202,35.35349],[126.68203,35.35347],[126.68203,35.35345],[126.68204,35.3534],[126.68205,35.35333],[126.68205,35.3533],[126.68206,35.35327],[126.6821,35.35317]]]}},{"type":"Feature","id":"TN_RIVER_BT:WTR0200000000HR3T","properties":{"NF_ID":"WTR0200000000HR3T","source_layer":"TN_RIVER_BT","semantic":"channel","river_class":"소하천","river_class_source":"중심선 공간조인","survey_method":"사진측량","admin_code":"52790"},"geometry":{"type":"Polygon","coordinates":[[[126.68172,35.35526],[126.68157,35.35441],[126.68147,35.35514],[126.6817,35.35556],[126.68172,35.35526]]]}},{"type":"Feature","id":"TN_RIVER_BT:WTR0200000000HR4U","properties":{"NF_ID":"WTR0200000000HR4U","source_layer":"TN_RIVER_BT","semantic":"channel","river_class":"소하천","river_class_source":"중심선 공간조인","survey_method":"사진측량","admin_code":"52790"},"geometry":{"type":"Polygon","coordinates":[[[126.68258,35.356],[126.68263,35.35598],[126.68266,35.35598],[126.68267,35.35597],[126.68267,35.35597],[126.68268,35.35596],[126.68267,35.35594],[126.68264,35.35594],[126.68261,35.35595],[126.68257,35.35595],[126.68252,35.35597],[126.68247,35.35598],[126.68246,35.35598],[126.68243,35.35598],[126.68241,35.35597],[126.68238,35.35596],[126.68235,35.35594],[126.68232,35.35593],[126.68227,35.35588],[126.68221,35.35584],[126.68216,35.3558],[126.68213,35.35578],[126.68211,35.35577],[126.68203,35.35571],[126.68199,35.35568],[126.68196,35.35566],[126.68194,35.35563],[126.68192,35.3556],[126.6819,35.35556],[126.68188,35.35552],[126.68185,35.35548],[126.68176,35.35556],[126.68174,35.35556],[126.68183,35.35563],[126.68187,35.35565],[126.68193,35.3557],[126.68198,35.35574],[126.68204,35.35578],[126.68211,35.35583],[126.68217,35.35587],[126.68227,35.35595],[126.68233,35.35598],[126.68237,35.356],[126.68241,35.35602],[126.68246,35.35602],[126.68249,35.35603],[126.68252,35.35602],[126.68255,35.35601],[126.68258,35.356]]]}},{"type":"Feature","id":"TN_RIVER_BT:WTR0200000000HR6W","properties":{"NF_ID":"WTR0200000000HR6W","source_layer":"TN_RIVER_BT","semantic":"channel","river_class":"소하천","river_class_source":"중심선 공간조인","survey_method":"사진측량","admin_code":"52790"},"geometry":{"type":"Polygon","coordinates":[[[126.6854,35.35728],[126.68534,35.35725],[126.6853,35.35726],[126.68526,35.35736],[126.68524,35.3574],[126.68522,35.35744],[126.68521,35.35747],[126.68519,35.35752],[126.68519,35.35757],[126.68517,35.35761],[126.68516,35.35765],[126.68514,35.35768],[126.68511,35.35771],[126.68509,35.35773],[126.68506,35.35776],[126.685,35.35781],[126.68493,35.35786],[126.68489,35.35787],[126.68487,35.35789],[126.68484,35.35792],[126.68481,35.35796],[126.6848,35.35798],[126.68484,35.35795],[126.68487,35.35792],[126.68491,35.35789],[126.68493,35.35788],[126.68494,35.35787],[126.68502,35.35782],[126.68507,35.35778],[126.68512,35.35774],[126.68515,35.3577],[126.68517,35.35767],[126.68519,35.35762],[126.6852,35.35759],[126.68522,35.35754],[126.68522,35.35751],[126.68524,35.35747],[126.68525,35.35744],[126.6853,35.35738],[126.68537,35.35731],[126.6854,35.35728]]]}},{"type":"Feature","id":"TN_RIVER_BT:WTR0200000000HR9Z","properties":{"NF_ID":"WTR0200000000HR9Z","source_layer":"TN_RIVER_BT","semantic":"channel","river_class":"소하천","river_class_source":"중심선 공간조인","survey_method":"사진측량","admin_code":"52790"},"geometry":{"type":"Polygon","coordinates":[[[126.6639,35.35995],[126.6639,35.35994],[126.66393,35.35993],[126.66394,35.35995],[126.66396,35.35998],[126.66401,35.35995],[126.66403,35.35993],[126.66404,35.35993],[126.66404,35.35992],[126.66404,35.35991],[126.66403,35.35989],[126.66402,35.35986],[126.66401,35.35986],[126.664,35.35985],[126.66399,35.35985],[126.66398,35.35985],[126.66397,35.35985],[126.66391,35.35986],[126.66392,35.35989],[126.66388,35.3599],[126.66387,35.35989],[126.66383,35.35991],[126.6638,35.35992],[126.66378,35.35993],[126.66373,35.35993],[126.66366,35.35994],[126.66363,35.35994],[126.66361,35.35994],[126.66359,35.35993],[126.66357,35.35993],[126.66356,35.35994],[126.66346,35.35997],[126.6634,35.35999],[126.66336,35.36001],[126.66327,35.36007],[126.6633,35.36011],[126.66341,35.36008],[126.66345,35.36008],[126.66353,35.36005],[126.66358,35.36003],[126.66362,35.36002],[126.66366,35.35999],[126.66368,35.35998],[126.66372,35.35997],[126.66377,35.35996],[126.6638,35.35996],[126.6639,35.35995]]]}},{"type":"Feature","id":"TN_RIVER_BT:WTR0200000000HRA0","properties":{"NF_ID":"WTR0200000000HRA0","source_layer":"TN_RIVER_BT","semantic":"channel","river_class":"소하천","river_class_source":"중심선 공간조인","survey_method":"사진측량","admin_code":"52790"},"geometry":{"type":"Polygon","coordinates":[[[126.69461,35.35842],[126.69495,35.35962],[126.69445,35.36053],[126.69354,35.36104],[126.69444,35.36064],[126.69501,35.3599],[126.69506,35.35941],[126.69461,35.35842]]]}},{"type":"Feature","id":"TN_RIVER_BT:WTR0200000000HRB1","properties":{"NF_ID":"WTR0200000000HRB1","source_layer":"TN_RIVER_BT","semantic":"channel","river_class":"소하천","river_class_source":"중심선 공간조인","survey_method":"사진측량","admin_code":"52790"},"geometry":{"type":"Polygon","coordinates":[[[126.66131,35.36115],[126.66134,35.36113],[126.66135,35.36114],[126.6614,35.36119],[126.66143,35.36115],[126.66148,35.36111],[126.66152,35.36107],[126.66155,35.36103],[126.66157,35.361],[126.66159,35.36098],[126.66161,35.36096],[126.66163,35.36095],[126.66164,35.36094],[126.66166,35.36094],[126.66167,35.36093],[126.66167,35.36093],[126.66167,35.36092],[126.66166,35.36092],[126.66164,35.36092],[126.66162,35.36092],[126.6616,35.36093],[126.66158,35.36093],[126.66151,35.36094],[126.66144,35.36096],[126.66139,35.36098],[126.66134,35.361],[126.66129,35.36102],[126.66125,35.36105],[126.6613,35.36109],[126.66127,35.36111],[126.66125,35.36111],[126.66119,35.36117],[126.66123,35.36121],[126.66132,35.36117],[126.66131,35.36115]]]}},{"type":"Feature","id":"TN_RIVER_BT:WTR0200000000HRC2","properties":{"NF_ID":"WTR0200000000HRC2","source_layer":"TN_RIVER_BT","semantic":"channel","river_class":"소하천","river_class_source":"중심선 공간조인","survey_method":"사진측량","admin_code":"52790"},"geometry":{"type":"Polygon","coordinates":[[[126.67163,35.36469],[126.6715,35.36468],[126.67149,35.36472],[126.67146,35.36482],[126.67143,35.36491],[126.67141,35.36497],[126.67139,35.36502],[126.67138,35.36507],[126.67137,35.36511],[126.67137,35.36515],[126.67138,35.36518],[126.6714,35.36524],[126.67143,35.36534],[126.67145,35.36524],[126.67148,35.36511],[126.67149,35.36507],[126.67151,35.365],[126.67153,35.36496],[126.67155,35.36492],[126.67157,35.36489],[126.67158,35.36486],[126.67159,35.36483],[126.6716,35.36479],[126.67162,35.36478],[126.67163,35.36469]]]}},{"type":"Feature","id":"TN_RIVER_BT:WTR0200000000HRD3","properties":{"NF_ID":"WTR0200000000HRD3","source_layer":"TN_RIVER_BT","semantic":"channel","river_class":"소하천","river_class_source":"중심선 공간조인","survey_method":"사진측량","admin_code":"52790"},"geometry":{"type":"Polygon","coordinates":[[[126.67231,35.36905],[126.67204,35.36888],[126.67127,35.36934],[126.6721,35.369],[126.67252,35.3693],[126.67272,35.37004],[126.67231,35.36905]]]}},{"type":"Feature","id":"TN_RIVER_BT:WTR0200000000HRF5","properties":{"NF_ID":"WTR0200000000HRF5","source_layer":"TN_RIVER_BT","semantic":"channel","river_class":"지방하천","river_class_source":"중심선 공간조인","river_name":"두평천","river_code":"5221440","survey_method":"사진측량","admin_code":"52790"},"geometry":{"type":"Polygon","coordinates":[[[126.68972,35.36775],[126.68902,35.36617],[126.68958,35.36564],[126.68969,35.3645],[126.69038,35.36372],[126.69159,35.36343],[126.69203,35.36243],[126.69314,35.36159],[126.69209,35.36222],[126.69147,35.36338],[126.6901,35.36382],[126.68956,35.3646],[126.68951,35.36558],[126.68895,35.36609],[126.68729,35.36278],[126.68639,35.36162],[126.68455,35.36068],[126.68404,35.35965],[126.68421,35.35876],[126.68342,35.35775],[126.68415,35.35733],[126.68392,35.35733],[126.68366,35.35667],[126.68335,35.35654],[126.68386,35.3572],[126.68334,35.35782],[126.68412,35.35876],[126.68396,35.35967],[126.68453,35.3608],[126.68633,35.36169],[126.68718,35.36279],[126.68892,35.36629],[126.69081,35.37073],[126.69088,35.37324],[126.69102,35.3709],[126.68972,35.36775]]]}},{"type":"Feature","id":"TN_RIVER_BT:WTR0200000000HRG6","properties":{"NF_ID":"WTR0200000000HRG6","source_layer":"TN_RIVER_BT","semantic":"channel","river_class":"소하천","river_class_source":"중심선 공간조인","survey_method":"사진측량","admin_code":"52790"},"geometry":{"type":"Polygon","coordinates":[[[126.69184,35.37473],[126.69188,35.3747],[126.69198,35.37462],[126.69204,35.37457],[126.69208,35.37455],[126.69211,35.37454],[126.69216,35.37451],[126.69216,35.3745],[126.69216,35.37449],[126.69212,35.37449],[126.6921,35.37449],[126.69205,35.37451],[126.69201,35.37453],[126.69197,35.37455],[126.69196,35.37456],[126.69178,35.3747],[126.69173,35.37471],[126.69171,35.37471],[126.69177,35.37476],[126.6918,35.37475],[126.69184,35.37473]]]}},{"type":"Feature","id":"TN_RIVER_BT:WTR0200000000HRJ9","properties":{"NF_ID":"WTR0200000000HRJ9","source_layer":"TN_RIVER_BT","semantic":"channel","river_class":"소하천","river_class_source":"중심선 공간조인","survey_method":"사진측량","admin_code":"52790"},"geometry":{"type":"Polygon","coordinates":[[[126.55706,35.37821],[126.55702,35.3782],[126.55703,35.37822],[126.55719,35.37835],[126.55722,35.37838],[126.55722,35.37852],[126.5572,35.37863],[126.5573,35.37867],[126.5573,35.37866],[126.5573,35.37866],[126.5573,35.37866],[126.55723,35.37862],[126.55726,35.37854],[126.55727,35.37846],[126.55726,35.37839],[126.55725,35.37837],[126.55717,35.37829],[126.55706,35.37821]]]}},{"type":"Feature","id":"TN_RIVER_BT:WTR0200000000HRKA","properties":{"NF_ID":"WTR0200000000HRKA","source_layer":"TN_RIVER_BT","semantic":"channel","river_class":"소하천","river_class_source":"중심선 공간조인","survey_method":"사진측량","admin_code":"52790"},"geometry":{"type":"Polygon","coordinates":[[[126.6049,35.38046],[126.60556,35.38016],[126.60492,35.38037],[126.60462,35.37924],[126.6049,35.38046]]]}},{"type":"Feature","id":"TN_RIVER_BT:WTR0200000000HRLB","properties":{"NF_ID":"WTR0200000000HRLB","source_layer":"TN_RIVER_BT","semantic":"channel","river_class":"소하천","river_class_source":"중심선 공간조인","survey_method":"사진측량","admin_code":"52790"},"geometry":{"type":"Polygon","coordinates":[[[126.51656,35.37971],[126.51654,35.37971],[126.51648,35.37975],[126.51641,35.37981],[126.5164,35.37984],[126.5164,35.37985],[126.51641,35.37986],[126.51645,35.37994],[126.51647,35.38],[126.51648,35.38004],[126.51648,35.38008],[126.51648,35.3801],[126.51647,35.38016],[126.51647,35.38017],[126.51651,35.3802],[126.51651,35.3802],[126.51649,35.38017],[126.51649,35.38016],[126.51651,35.3801],[126.51651,35.38008],[126.51651,35.38006],[126.51651,35.38003],[126.51649,35.37996],[126.51646,35.37988],[126.51646,35.37985],[126.51646,35.37984],[126.51646,35.37984],[126.51649,35.37981],[126.51651,35.37978],[126.51656,35.37971]]]}},{"type":"Feature","id":"TN_RIVER_BT:WTR0200000000HRMC","properties":{"NF_ID":"WTR0200000000HRMC","source_layer":"TN_RIVER_BT","semantic":"channel","river_class":"지방하천","river_class_source":"중심선 공간조인","river_name":"장곡천","river_code":"5221000","survey_method":"사진측량","admin_code":"52790"},"geometry":{"type":"Polygon","coordinates":[[[126.50003,35.36514],[126.50002,35.36513],[126.5,35.36514],[126.5,35.36518],[126.50003,35.36515],[126.50003,35.36514]]]}},{"type":"Feature","id":"TN_RIVER_BT:WTR0200000000HRND","properties":{"NF_ID":"WTR0200000000HRND","source_layer":"TN_RIVER_BT","semantic":"channel","river_class":"지방하천","river_class_source":"중심선 공간조인","river_name":"칠암천","river_code":"5220990","survey_method":"사진측량","admin_code":"52790"},"geometry":{"type":"Polygon","coordinates":[[[126.51784,35.38207],[126.51807,35.38209],[126.51783,35.3816],[126.51704,35.38102],[126.51741,35.38042],[126.51624,35.37858],[126.51397,35.37677],[126.5146,35.37667],[126.51529,35.3769],[126.51728,35.3764],[126.51817,35.37646],[126.52098,35.37787],[126.52208,35.37886],[126.52107,35.37789],[126.51812,35.37642],[126.51737,35.37636],[126.51528,35.37687],[126.51478,35.37664],[126.51364,35.37666],[126.51214,35.37474],[126.51184,35.37456],[126.51085,35.37463],[126.51049,35.37356],[126.51195,35.37302],[126.51239,35.37262],[126.51381,35.3726],[126.51397,35.37207],[126.5152,35.37105],[126.51761,35.3704],[126.51885,35.36942],[126.51755,35.37039],[126.51665,35.37047],[126.51511,35.37107],[126.51398,35.37202],[126.51377,35.37259],[126.51246,35.37256],[126.51059,35.37345],[126.51078,35.37467],[126.50858,35.37514],[126.50791,35.3734],[126.50796,35.37093],[126.50878,35.37081],[126.51081,35.36906],[126.5131,35.36849],[126.51334,35.36825],[126.51321,35.36844],[126.51079,35.36904],[126.50873,35.37081],[126.50792,35.37093],[126.50787,35.37338],[126.50838,35.37515],[126.50811,35.37525],[126.50608,35.37566],[126.50548,35.37559],[126.5,35.37329],[126.50564,35.37576],[126.50779,35.37695],[126.5057,35.37575],[126.51048,35.37477],[126.51194,35.37468],[126.51331,35.37648],[126.51592,35.37836],[126.51654,35.37905],[126.51736,35.38042],[126.517,35.38101],[126.51782,35.38165],[126.51795,35.38198],[126.51764,35.38212],[126.51784,35.38207]]]}},{"type":"Feature","id":"TN_RIVER_BT:WTR0200000000HROE","properties":{"NF_ID":"WTR0200000000HROE","source_layer":"TN_RIVER_BT","semantic":"channel","river_class":"지방하천","river_class_source":"중심선 공간조인","river_name":"고수천","river_code":"5221430","survey_method":"사진측량","admin_code":"52790"},"geometry":{"type":"Polygon","coordinates":[[[126.71346,35.38171],[126.71189,35.38171],[126.71108,35.38088],[126.71023,35.38044],[126.70967,35.38068],[126.70886,35.3815],[126.70741,35.38103],[126.70577,35.38108],[126.7072,35.38006],[126.70689,35.37932],[126.7075,35.37716],[126.70815,35.37684],[126.70924,35.37679],[126.70852,35.37662],[126.7095,35.37579],[126.70963,35.37455],[126.70945,35.37581],[126.70846,35.37678],[126.70777,35.37693],[126.70739,35.37726],[126.70684,35.37931],[126.70714,35.38007],[126.70472,35.38159],[126.70418,35.38156],[126.70288,35.38098],[126.70193,35.38134],[126.70109,35.38139],[126.69903,35.38069],[126.69826,35.37985],[126.69734,35.37929],[126.69638,35.37916],[126.69735,35.37932],[126.69909,35.38076],[126.7012,35.38144],[126.70289,35.38101],[126.70449,35.38166],[126.70668,35.38102],[126.70871,35.38158],[126.70998,35.38054],[126.71032,35.38052],[126.71181,35.38177],[126.71327,35.38172],[126.71406,35.38206],[126.71438,35.3845],[126.71501,35.38491],[126.71442,35.38439],[126.71419,35.3821],[126.71346,35.38171]]]}},{"type":"Feature","id":"TN_RIVER_BT:WTR0200000000HRPF","properties":{"NF_ID":"WTR0200000000HRPF","source_layer":"TN_RIVER_BT","semantic":"channel","river_class":"지방하천","river_class_source":"중심선 공간조인","river_name":"고수천","river_code":"5221430","survey_method":"사진측량","admin_code":"52790"},"geometry":{"type":"Polygon","coordinates":[[[126.71521,35.385],[126.71773,35.38679],[126.71573,35.38511],[126.71521,35.385]]]}},{"type":"Feature","id":"TN_RIVER_BT:WTR0200000000HRQG","properties":{"NF_ID":"WTR0200000000HRQG","source_layer":"TN_RIVER_BT","semantic":"channel","river_class":"소하천","river_class_source":"중심선 공간조인","survey_method":"사진측량","admin_code":"52790"},"geometry":{"type":"Polygon","coordinates":[[[126.59884,35.38632],[126.59902,35.38618],[126.59902,35.38618],[126.599,35.38617],[126.59901,35.38615],[126.59898,35.38618],[126.59895,35.38621],[126.59847,35.38648],[126.59827,35.38657],[126.59801,35.3867],[126.59791,35.38675],[126.59781,35.38679],[126.59773,35.3868],[126.5976,35.38685],[126.59756,35.38687],[126.59756,35.38689],[126.59756,35.38689],[126.59765,35.38684],[126.59773,35.38681],[126.59786,35.3868],[126.59794,35.38677],[126.59812,35.38667],[126.59832,35.38657],[126.59851,35.3865],[126.59876,35.38637],[126.59884,35.38632]]]}},{"type":"Feature","id":"TN_RIVER_BT:WTR0200000000HRRH","properties":{"NF_ID":"WTR0200000000HRRH","source_layer":"TN_RIVER_BT","semantic":"channel","river_class":"지방하천","river_class_source":"중심선 공간조인","river_name":"고수천","river_code":"5221430","survey_method":"사진측량","admin_code":"52790"},"geometry":{"type":"Polygon","coordinates":[[[126.72036,35.38791],[126.72069,35.38781],[126.72004,35.38788],[126.71976,35.38745],[126.71898,35.38747],[126.71807,35.38685],[126.71893,35.38748],[126.71968,35.38746],[126.71997,35.38788],[126.72036,35.38791]]]}},{"type":"Feature","id":"TN_RIVER_BT:WTR0200000000HRSI","properties":{"NF_ID":"WTR0200000000HRSI","source_layer":"TN_RIVER_BT","semantic":"channel","river_class":"소하천","river_class_source":"중심선 공간조인","survey_method":"사진측량","admin_code":"52790"},"geometry":{"type":"Polygon","coordinates":[[[126.66354,35.389],[126.66449,35.38791],[126.66467,35.3871],[126.66563,35.38549],[126.6668,35.38449],[126.66649,35.38345],[126.66674,35.38446],[126.66551,35.38554],[126.66437,35.388],[126.66354,35.38897],[126.66229,35.38971],[126.66137,35.39074],[126.66232,35.38972],[126.66354,35.389]]]}},{"type":"Feature","id":"TN_RIVER_BT:WTR0200000000HRTJ","properties":{"NF_ID":"WTR0200000000HRTJ","source_layer":"TN_RIVER_BT","semantic":"channel","river_class":"지방하천","river_class_source":"중심선 공간조인","river_name":"석교천","river_code":"5221010","survey_method":"사진측량","admin_code":"52790"},"geometry":{"type":"Polygon","coordinates":[[[126.50164,35.38998],[126.50062,35.38991],[126.5,35.38962],[126.50072,35.38997],[126.50164,35.38998]]]}},{"type":"Feature","id":"TN_RIVER_BT:WTR0200000000HRVL","properties":{"NF_ID":"WTR0200000000HRVL","source_layer":"TN_RIVER_BT","semantic":"channel","river_class":"지방하천","river_class_source":"중심선 공간조인","river_name":"대산천","river_code":"5220790","survey_method":"사진측량","admin_code":"52790"},"geometry":{"type":"Polygon","coordinates":[[[126.5162,35.33127],[126.5163,35.33151],[126.51783,35.33074],[126.51861,35.33084],[126.52059,35.33196],[126.52698,35.3345],[126.52769,35.33516],[126.52751,35.33457],[126.52784,35.3347],[126.52834,35.33681],[126.52912,35.33839],[126.52932,35.33859],[126.52946,35.33844],[126.53214,35.34155],[126.52725,35.3463],[126.53188,35.34182],[126.53498,35.34526],[126.53604,35.34588],[126.53335,35.34866],[126.53609,35.34593],[126.53691,35.34665],[126.5377,35.34937],[126.53898,35.35088],[126.53944,35.3529],[126.54045,35.35464],[126.53599,35.35594],[126.54077,35.3546],[126.54144,35.35644],[126.54074,35.35814],[126.53894,35.35979],[126.53817,35.36094],[126.53815,35.36184],[126.53903,35.36458],[126.53885,35.36488],[126.539,35.36528],[126.53934,35.36485],[126.53878,35.36374],[126.53832,35.36099],[126.53913,35.3597],[126.54069,35.35835],[126.54149,35.3567],[126.54227,35.35767],[126.54571,35.35869],[126.54745,35.36143],[126.54873,35.36256],[126.54947,35.36402],[126.55029,35.36507],[126.55107,35.36562],[126.55122,35.3667],[126.55401,35.37031],[126.55436,35.37111],[126.55396,35.37355],[126.55453,35.37465],[126.55368,35.37684],[126.55342,35.3787],[126.55628,35.3828],[126.55483,35.38693],[126.55509,35.38981],[126.55386,35.38992],[126.55271,35.39102],[126.55157,35.3915],[126.55271,35.39106],[126.55409,35.3899],[126.55511,35.38986],[126.55553,35.39069],[126.55513,35.38979],[126.55493,35.38686],[126.55642,35.38284],[126.55352,35.37872],[126.55376,35.37687],[126.55461,35.37451],[126.55405,35.3736],[126.55448,35.37099],[126.55127,35.36668],[126.55132,35.36559],[126.55223,35.36594],[126.55415,35.36531],[126.55878,35.36551],[126.56578,35.37055],[126.56611,35.37164],[126.56808,35.37267],[126.56871,35.37342],[126.57051,35.37472],[126.57029,35.38218],[126.57076,35.38218],[126.56876,35.38473],[126.57085,35.38219],[126.57031,35.38217],[126.57055,35.37475],[126.57212,35.37582],[126.57465,35.37637],[126.575,35.37668],[126.57578,35.38617],[126.575,35.38692],[126.5744,35.38808],[126.57497,35.38702],[126.57584,35.3862],[126.57654,35.38632],[126.5779,35.38708],[126.57898,35.38731],[126.58002,35.38805],[126.58159,35.38795],[126.58278,35.38714],[126.5816,35.3879],[126.57999,35.38802],[126.57894,35.38726],[126.57795,35.38706],[126.57656,35.38628],[126.57581,35.38617],[126.57499,35.37657],[126.57474,35.37635],[126.57202,35.3757],[126.56885,35.37344],[126.56814,35.3726],[126.56634,35.3717],[126.5659,35.37054],[126.55884,35.36544],[126.55418,35.36523],[126.55222,35.36585],[126.55036,35.36502],[126.54907,35.3633],[126.54888,35.36262],[126.54748,35.36136],[126.5458,35.35865],[126.54249,35.35763],[126.54183,35.35717],[126.54101,35.35451],[126.53991,35.35279],[126.53943,35.35078],[126.53791,35.34892],[126.53773,35.34726],[126.53724,35.34583],[126.53968,35.34614],[126.54175,35.34699],[126.54256,35.34705],[126.54266,35.34722],[126.54233,35.34711],[126.54279,35.34734],[126.54475,35.34765],[126.54573,35.34814],[126.55076,35.34948],[126.55453,35.35168],[126.55668,35.35176],[126.56135,35.35087],[126.56213,35.3509],[126.563,35.35129],[126.56411,35.35217],[126.56599,35.35487],[126.56611,35.35917],[126.5662,35.35958],[126.56674,35.36009],[126.56761,35.36043],[126.57783,35.35991],[126.57908,35.36022],[126.58162,35.36184],[126.58217,35.36244],[126.58341,35.36461],[126.58329,35.36534],[126.58362,35.36592],[126.58306,35.36669],[126.58365,35.36594],[126.58332,35.36536],[126.58344,35.36477],[126.5841,35.3648],[126.58462,35.36519],[126.58751,35.37039],[126.59024,35.37293],[126.59041,35.37339],[126.59031,35.37292],[126.58754,35.37034],[126.58466,35.36516],[126.5835,35.36463],[126.58186,35.36197],[126.57913,35.36017],[126.57791,35.35985],[126.56758,35.36041],[126.56718,35.36034],[126.56623,35.35958],[126.56602,35.35478],[126.56405,35.35204],[126.56228,35.35084],[126.56786,35.34759],[126.5698,35.34747],[126.57353,35.34857],[126.57558,35.34963],[126.57729,35.34967],[126.57907,35.35001],[126.5821,35.35146],[126.58178,35.35145],[126.58168,35.35178],[126.58258,35.35276],[126.58691,35.35601],[126.59165,35.36142],[126.59231,35.36325],[126.59168,35.3614],[126.58707,35.35611],[126.58376,35.35342],[126.58272,35.35283],[126.58183,35.3518],[126.58196,35.35161],[126.58399,35.35169],[126.58938,35.3522],[126.59204,35.352],[126.59519,35.35305],[126.59685,35.35333],[126.59821,35.35442],[126.59855,35.36054],[126.60055,35.36457],[126.60122,35.36545],[126.60381,35.36587],[126.60551,35.36715],[126.6061,35.36701],[126.60549,35.36712],[126.60384,35.36584],[126.60125,35.36541],[126.6004,35.36425],[126.59856,35.36045],[126.59824,35.35433],[126.59689,35.35327],[126.59501,35.3529],[126.59384,35.35237],[126.59552,35.35099],[126.59694,35.35081],[126.60028,35.35128],[126.6004,35.35153],[126.60662,35.3527],[126.6091,35.35336],[126.61013,35.35287],[126.6112,35.35179],[126.61207,35.35184],[126.61495,35.35287],[126.61852,35.35323],[126.61917,35.35263],[126.61865,35.35065],[126.62015,35.35024],[126.62177,35.35044],[126.62313,35.35116],[126.62474,35.35161],[126.62678,35.35155],[126.62831,35.35195],[126.62933,35.35188],[126.6339,35.35337],[126.63608,35.35516],[126.63865,35.35556],[126.64103,35.35503],[126.64118,35.35454],[126.6452,35.35463],[126.64551,35.3544],[126.64519,35.3546],[126.64119,35.35452],[126.64284,35.35349],[126.643,35.35159],[126.64367,35.35118],[126.64442,35.34981],[126.64638,35.34853],[126.64698,35.34748],[126.64783,35.34668],[126.64626,35.34851],[126.64421,35.34993],[126.64371,35.35095],[126.64286,35.3516],[126.64297,35.35276],[126.64269,35.35355],[126.64113,35.35437],[126.6409,35.355],[126.63871,35.35545],[126.63609,35.35503],[126.63374,35.35318],[126.62961,35.35185],[126.63198,35.34867],[126.62953,35.35182],[126.62827,35.35188],[126.62681,35.35148],[126.62443,35.35147],[126.62184,35.35039],[126.6199,35.3502],[126.61861,35.35064],[126.61854,35.35108],[126.61902,35.35216],[126.61866,35.35314],[126.61482,35.3528],[126.6122,35.3518],[126.61111,35.35176],[126.61044,35.35241],[126.61054,35.35148],[126.6127,35.34772],[126.61402,35.34673],[126.61769,35.34516],[126.61968,35.34266],[126.61936,35.34074],[126.6205,35.34],[126.62055,35.33964],[126.62087,35.33946],[126.61932,35.34073],[126.6193,35.3418],[126.6196,35.34265],[126.61771,35.34511],[126.61402,35.34668],[126.61262,35.34776],[126.61058,35.35126],[126.61019,35.35277],[126.60913,35.35329],[126.60795,35.35295],[126.60726,35.35297],[126.60662,35.35266],[126.6056,35.3526],[126.60446,35.35224],[126.60553,35.35242],[126.60097,35.35145],[126.60212,35.34784],[126.60272,35.34733],[126.60427,35.34676],[126.60404,35.34665],[126.60564,35.3458],[126.60686,35.34551],[126.60883,35.3438],[126.60935,35.34292],[126.61008,35.34245],[126.61354,35.33897],[126.61377,35.33832],[126.61349,35.33886],[126.60978,35.34264],[126.60929,35.34288],[126.60903,35.34351],[126.60684,35.3454],[126.60557,35.34577],[126.60223,35.34755],[126.60086,35.35142],[126.59715,35.35078],[126.59591,35.35077],[126.595,35.35119],[126.59359,35.35227],[126.59352,35.35207],[126.59247,35.3519],[126.589,35.35205],[126.58278,35.35148],[126.58106,35.35102],[126.57903,35.3499],[126.57743,35.34957],[126.57569,35.3495],[126.57365,35.34845],[126.56929,35.34727],[126.56835,35.34732],[126.56701,35.34789],[126.56667,35.34831],[126.56229,35.35073],[126.56061,35.35085],[126.55663,35.35171],[126.55528,35.35176],[126.55354,35.35123],[126.5509,35.34948],[126.54889,35.34898],[126.54938,35.34901],[126.5496,35.34578],[126.54994,35.34545],[126.56674,35.34597],[126.56683,35.34773],[126.56693,35.34598],[126.57966,35.34644],[126.57983,35.3439],[126.57916,35.34321],[126.57896,35.34191],[126.57911,35.34322],[126.57977,35.34404],[126.57946,35.34646],[126.55755,35.34557],[126.55775,35.34151],[126.56295,35.33509],[126.57402,35.33538],[126.56294,35.33503],[126.5577,35.3415],[126.55745,35.34555],[126.54985,35.3454],[126.5495,35.34578],[126.54935,35.34851],[126.5491,35.34897],[126.53539,35.34486],[126.52992,35.33858],[126.5303,35.33853],[126.53592,35.34476],[126.5409,35.34617],[126.53587,35.34467],[126.53034,35.33852],[126.52989,35.33855],[126.52961,35.33828],[126.52887,35.33718],[126.52891,35.33697],[126.52904,35.33709],[126.5281,35.33454],[126.52104,35.33147],[126.51869,35.33068],[126.51749,35.33059],[126.5162,35.33127]],[[126.54054,35.35462],[126.53943,35.35269],[126.53905,35.35092],[126.53762,35.34907],[126.53701,35.34678],[126.53651,35.34609],[126.53583,35.34569],[126.53592,35.34551],[126.53712,35.34599],[126.53776,35.34782],[126.53781,35.34885],[126.53909,35.35037],[126.53983,35.35293],[126.54076,35.35445],[126.54054,35.35462]],[[126.53763,35.34737],[126.53767,35.34737],[126.53768,35.34737],[126.53769,35.34737],[126.53769,35.34737],[126.53769,35.34739],[126.53769,35.34741],[126.53769,35.34745],[126.5377,35.34748],[126.5377,35.3475],[126.53774,35.34758],[126.53775,35.34763],[126.53775,35.34765],[126.53776,35.34769],[126.53776,35.3477],[126.53776,35.34772],[126.53776,35.34772],[126.53775,35.34772],[126.53765,35.34765],[126.53763,35.34763],[126.53761,35.3476],[126.5376,35.34758],[126.53758,35.34754],[126.53756,35.34748],[126.53755,35.34744],[126.53755,35.34742],[126.53755,35.34741],[126.53756,35.3474],[126.53756,35.34739],[126.53757,35.34737],[126.53757,35.34737],[126.53759,35.34737],[126.53763,35.34737]],[[126.53713,35.34573],[126.5371,35.34571],[126.53708,35.3457],[126.53703,35.34565],[126.53703,35.34563],[126.53704,35.34563],[126.53706,35.34563],[126.53708,35.34563],[126.53715,35.34564],[126.5372,35.34565],[126.5373,35.34569],[126.53731,35.3457],[126.53731,35.34571],[126.53731,35.34571],[126.53729,35.34573],[126.53725,35.34574],[126.53723,35.34574],[126.53719,35.34574],[126.53715,35.34574],[126.53713,35.34573]],[[126.53699,35.34551],[126.53696,35.3455],[126.53693,35.34549],[126.53689,35.34548],[126.53679,35.34546],[126.53674,35.34546],[126.5367,35.34546],[126.53667,35.34545],[126.53659,35.34543],[126.53657,35.34542],[126.53656,35.34541],[126.53656,35.3454],[126.53656,35.3454],[126.53657,35.3454],[126.53658,35.3454],[126.53665,35.34541],[126.53681,35.34545],[126.53693,35.34547],[126.53698,35.34548],[126.53704,35.3455],[126.53706,35.3455],[126.53711,35.34551],[126.53713,35.34551],[126.53717,35.34553],[126.5372,35.34554],[126.53721,35.34555],[126.53721,35.34555],[126.53721,35.34556],[126.53721,35.34556],[126.5372,35.34556],[126.53719,35.34556],[126.53716,35.34554],[126.53712,35.34553],[126.53709,35.34552],[126.53704,35.34552],[126.53702,35.34552],[126.53699,35.34551]],[[126.537,35.34546],[126.53698,35.34546],[126.53696,35.34545],[126.53694,35.34545],[126.5369,35.34543],[126.53684,35.34541],[126.53684,35.3454],[126.53685,35.3454],[126.53686,35.3454],[126.53689,35.34541],[126.537,35.34544],[126.53707,35.34547],[126.53707,35.34547],[126.53707,35.34547],[126.53706,35.34547],[126.53705,35.34547],[126.53701,35.34546],[126.537,35.34546]],[[126.53598,35.3454],[126.5357,35.34512],[126.53608,35.34523],[126.53598,35.3454]],[[126.53588,35.34541],[126.5358,35.34567],[126.53495,35.34518],[126.53192,35.34176],[126.53233,35.34169],[126.53431,35.34396],[126.53427,35.3436],[126.53504,35.34477],[126.53588,35.34541]],[[126.53534,35.34498],[126.53535,35.34498],[126.53537,35.34499],[126.5354,35.345],[126.53542,35.34501],[126.53543,35.34502],[126.53557,35.34508],[126.53558,35.34509],[126.53558,35.34509],[126.53558,35.34509],[126.53557,35.34509],[126.53556,35.34509],[126.53555,35.34509],[126.53553,35.3451],[126.53551,35.34511],[126.5355,35.34511],[126.53547,35.3451],[126.53545,35.34509],[126.5354,35.34506],[126.53534,35.34499],[126.53534,35.34499],[126.53534,35.34498]],[[126.53276,35.34198],[126.53277,35.34198],[126.53278,35.34199],[126.5328,35.342],[126.53285,35.34207],[126.53286,35.34208],[126.53298,35.34215],[126.53299,35.34218],[126.53299,35.34222],[126.53298,35.34224],[126.53298,35.34226],[126.53299,35.34226],[126.533,35.34228],[126.5331,35.34234],[126.53313,35.34237],[126.5332,35.34244],[126.53321,35.34246],[126.53322,35.34247],[126.53323,35.34251],[126.53324,35.34253],[126.53327,35.34255],[126.5333,35.34258],[126.5333,35.34259],[126.5333,35.3426],[126.5333,35.34263],[126.5333,35.34264],[126.53329,35.34264],[126.53328,35.34264],[126.5332,35.34258],[126.53317,35.34257],[126.53314,35.34257],[126.53313,35.34256],[126.53311,35.34255],[126.5331,35.34255],[126.53309,35.34253],[126.53308,35.34251],[126.53301,35.34243],[126.53299,35.34242],[126.53297,35.34241],[126.53295,35.34239],[126.53293,35.34236],[126.5329,35.34229],[126.53289,35.34227],[126.53288,35.34224],[126.53284,35.34216],[126.53281,35.34211],[126.53276,35.34202],[126.53275,35.342],[126.53275,35.34198],[126.53275,35.34198],[126.53276,35.34198]],[[126.53252,35.34167],[126.53249,35.34161],[126.53248,35.34159],[126.53247,35.34157],[126.53246,35.34156],[126.53246,35.34154],[126.53241,35.3415],[126.53238,35.34147],[126.53234,35.34142],[126.53234,35.34141],[126.53234,35.3414],[126.53234,35.3414],[126.53234,35.3414],[126.53235,35.3414],[126.53242,35.34146],[126.53244,35.34147],[126.53245,35.34147],[126.53246,35.34147],[126.53248,35.34148],[126.53253,35.34154],[126.53254,35.34155],[126.53255,35.34155],[126.53255,35.34155],[126.53256,35.34158],[126.53256,35.34159],[126.53263,35.34168],[126.53264,35.34169],[126.53264,35.34169],[126.53263,35.34169],[126.53263,35.34169],[126.5326,35.34169],[126.53258,35.34169],[126.53257,35.34169],[126.53257,35.3417],[126.53256,35.3417],[126.53255,35.3417],[126.53254,35.34169],[126.53252,35.34167]],[[126.5319,35.34103],[126.53191,35.34103],[126.53192,35.34105],[126.53194,35.34106],[126.53196,35.34108],[126.53197,35.34111],[126.53199,35.34113],[126.532,35.34115],[126.53201,35.34118],[126.532,35.34119],[126.532,35.34119],[126.53199,35.3412],[126.53199,35.34121],[126.53199,35.34122],[126.532,35.34123],[126.53201,35.34124],[126.53201,35.34125],[126.53201,35.34126],[126.53199,35.34125],[126.53197,35.34124],[126.53194,35.34122],[126.53193,35.34122],[126.53192,35.34121],[126.53191,35.3412],[126.53191,35.34119],[126.53189,35.34117],[126.53188,35.34115],[126.53187,35.34112],[126.53187,35.3411],[126.53187,35.34109],[126.53187,35.34107],[126.53187,35.34105],[126.53188,35.34104],[126.53188,35.34103],[126.5319,35.34103]],[[126.51974,35.33133],[126.52096,35.33151],[126.52067,35.33198],[126.51974,35.33133]],[[126.51915,35.33111],[126.51918,35.33111],[126.5192,35.33112],[126.51922,35.33112],[126.51924,35.33113],[126.51937,35.3312],[126.51943,35.33123],[126.51948,35.33124],[126.5195,35.33125],[126.5195,35.33126],[126.51949,35.33126],[126.51947,35.33125],[126.51946,35.33125],[126.51945,35.33125],[126.51944,35.33126],[126.51942,35.33126],[126.51941,35.33126],[126.5194,35.33126],[126.51939,35.33125],[126.51938,35.33125],[126.51937,35.33125],[126.51936,35.33125],[126.51935,35.33125],[126.51935,35.33126],[126.51933,35.33126],[126.51932,35.33126],[126.5193,35.33125],[126.51928,35.33125],[126.51926,35.33124],[126.51925,35.33124],[126.51922,35.33122],[126.5192,35.33121],[126.51912,35.33112],[126.51911,35.33112],[126.51912,35.33111],[126.51912,35.33111],[126.51913,35.33111],[126.51915,35.33111]],[[126.5433,35.34735],[126.54329,35.34735],[126.54328,35.34735],[126.54326,35.34735],[126.54323,35.34734],[126.54321,35.34734],[126.54316,35.34732],[126.54311,35.3473],[126.54304,35.34726],[126.54301,35.34725],[126.54298,35.34724],[126.54293,35.34722],[126.54283,35.34715],[126.5428,35.34713],[126.54277,35.34711],[126.54274,35.3471],[126.54271,35.34708],[126.54269,35.34706],[126.54269,35.34705],[126.5427,35.34705],[126.54271,35.34705],[126.54276,35.34706],[126.54288,35.34708],[126.54294,35.34709],[126.54299,35.3471],[126.543,35.34711],[126.54303,35.34713],[126.54314,35.34721],[126.54329,35.34731],[126.54331,35.34733],[126.54331,35.34734],[126.54331,35.34734],[126.5433,35.34735]],[[126.61903,35.35244],[126.61914,35.35264],[126.61893,35.35271],[126.61903,35.35244]]]}},{"type":"Feature","id":"TN_RIVER_BT:WTR0200000000HRWM","properties":{"NF_ID":"WTR0200000000HRWM","source_layer":"TN_RIVER_BT","semantic":"channel","river_class":"소하천","river_class_source":"중심선 공간조인","survey_method":"사진측량","admin_code":"52790"},"geometry":{"type":"Polygon","coordinates":[[[126.56931,35.38783],[126.56916,35.38927],[126.56955,35.39011],[126.56944,35.39223],[126.56958,35.39007],[126.56919,35.38929],[126.56931,35.38783]]]}},{"type":"Feature","id":"TN_RIVER_BT:WTR0200000000HRXN","properties":{"NF_ID":"WTR0200000000HRXN","source_layer":"TN_RIVER_BT","semantic":"channel","river_class":"소하천","river_class_source":"중심선 공간조인","survey_method":"사진측량","admin_code":"52790"},"geometry":{"type":"Polygon","coordinates":[[[126.70547,35.39439],[126.70639,35.39367],[126.70587,35.39403],[126.70611,35.39332],[126.70583,35.39401],[126.7052,35.39436],[126.70547,35.39439]]]}},{"type":"Feature","id":"TN_RIVER_BT:WTR0200000000HRYO","properties":{"NF_ID":"WTR0200000000HRYO","source_layer":"TN_RIVER_BT","semantic":"channel","river_class":"소하천","river_class_source":"중심선 공간조인","survey_method":"사진측량","admin_code":"52790"},"geometry":{"type":"Polygon","coordinates":[[[126.7038,35.39439],[126.7047,35.39439],[126.70373,35.39436],[126.70314,35.39471],[126.7038,35.39439]]]}},{"type":"Feature","id":"TN_RIVER_BT:WTR0200000000HRZP","properties":{"NF_ID":"WTR0200000000HRZP","source_layer":"TN_RIVER_BT","semantic":"channel","river_class":"등급미확인","survey_method":"사진측량","admin_code":"52790"},"geometry":{"type":"Polygon","coordinates":[[[126.70287,35.39496],[126.70276,35.39482],[126.7024,35.39493],[126.70287,35.39496]]]}},{"type":"Feature","id":"TN_RIVER_BT:WTR0200000000HS1S","properties":{"NF_ID":"WTR0200000000HS1S","source_layer":"TN_RIVER_BT","semantic":"channel","river_class":"소하천","river_class_source":"중심선 공간조인","survey_method":"사진측량","admin_code":"52790"},"geometry":{"type":"Polygon","coordinates":[[[126.50734,35.39449],[126.50653,35.39518],[126.50727,35.39475],[126.50734,35.39449]]]}},{"type":"Feature","id":"TN_RIVER_BT:WTR0200000000HS3U","properties":{"NF_ID":"WTR0200000000HS3U","source_layer":"TN_RIVER_BT","semantic":"channel","river_class":"지방하천","river_class_source":"중심선 공간조인","river_name":"용수천","river_code":"5220880","survey_method":"사진측량","admin_code":"52790"},"geometry":{"type":"Polygon","coordinates":[[[126.53478,35.39808],[126.53918,35.39751],[126.53971,35.39538],[126.5412,35.3931],[126.54163,35.39279],[126.54583,35.39332],[126.54777,35.39431],[126.55,35.39439],[126.55148,35.3953],[126.55288,35.39539],[126.55383,35.39615],[126.55463,35.39748],[126.55377,35.39604],[126.55288,35.39535],[126.55147,35.39525],[126.54993,35.39432],[126.54774,35.39426],[126.54586,35.39328],[126.54172,35.39267],[126.54075,35.39169],[126.54034,35.39064],[126.53916,35.38984],[126.53866,35.3891],[126.53677,35.38859],[126.53531,35.38719],[126.53529,35.38649],[126.53573,35.38595],[126.53607,35.38478],[126.53597,35.38266],[126.53557,35.38181],[126.53307,35.37871],[126.53251,35.37459],[126.53271,35.37231],[126.53309,35.37127],[126.53289,35.37124],[126.53229,35.37427],[126.53286,35.3786],[126.53299,35.37904],[126.53488,35.3812],[126.53439,35.38177],[126.53494,35.38126],[126.53552,35.38196],[126.53584,35.38271],[126.53604,35.38479],[126.53549,35.38626],[126.53456,35.38683],[126.53392,35.38755],[126.53382,35.38794],[126.5345,35.3882],[126.53382,35.38887],[126.53364,35.38971],[126.53285,35.39047],[126.53249,35.39154],[126.53136,35.39257],[126.53258,35.39147],[126.5329,35.39045],[126.53361,35.38976],[126.53386,35.38886],[126.53452,35.38823],[126.53389,35.38794],[126.53396,35.38757],[126.53514,35.38651],[126.53531,35.38726],[126.53677,35.38861],[126.53864,35.38911],[126.53903,35.38982],[126.5403,35.39077],[126.54065,35.39168],[126.54152,35.39264],[126.53967,35.39536],[126.53942,35.39699],[126.53908,35.39752],[126.53755,35.39755],[126.5367,35.39788],[126.53567,35.3978],[126.53495,35.39804],[126.53292,35.39802],[126.53229,35.39766],[126.53175,35.39683],[126.53031,35.39642],[126.53176,35.39686],[126.53237,35.39779],[126.53285,35.39806],[126.53478,35.39808]]]}},{"type":"Feature","id":"TN_RIVER_BT:WTR0200000000HS4V","properties":{"NF_ID":"WTR0200000000HS4V","source_layer":"TN_RIVER_BT","semantic":"channel","river_class":"소하천","river_class_source":"중심선 공간조인","survey_method":"사진측량","admin_code":"52790"},"geometry":{"type":"Polygon","coordinates":[[[126.58549,35.39969],[126.58533,35.39947],[126.58529,35.39948],[126.58531,35.39951],[126.58531,35.39951],[126.58531,35.39951],[126.5853,35.39952],[126.58531,35.39953],[126.58536,35.3996],[126.58554,35.39986],[126.58563,35.4],[126.58567,35.40006],[126.58579,35.40023],[126.5859,35.40039],[126.58591,35.40039],[126.58592,35.40039],[126.58593,35.4004],[126.58593,35.4004],[126.58599,35.40048],[126.586,35.40053],[126.58608,35.40065],[126.5862,35.40084],[126.58633,35.40103],[126.58648,35.40124],[126.5866,35.40142],[126.5866,35.40143],[126.5866,35.40143],[126.58667,35.40139],[126.58666,35.40139],[126.58662,35.40134],[126.58652,35.4012],[126.5864,35.40103],[126.58625,35.40081],[126.5861,35.40059],[126.58604,35.4005],[126.586,35.40047],[126.58596,35.4004],[126.58595,35.40037],[126.58585,35.40022],[126.58573,35.40005],[126.58569,35.4],[126.58559,35.39985],[126.58549,35.39969]]]}},{"type":"Feature","id":"TN_RIVER_BT:WTR0200000000HS5W","properties":{"NF_ID":"WTR0200000000HS5W","source_layer":"TN_RIVER_BT","semantic":"channel","river_class":"지방하천","river_class_source":"중심선 공간조인","river_name":"장동천","river_code":"5220980","survey_method":"사진측량","admin_code":"52790"},"geometry":{"type":"Polygon","coordinates":[[[126.51251,35.40227],[126.51304,35.40193],[126.51238,35.40227],[126.5116,35.40205],[126.50871,35.40089],[126.50511,35.39898],[126.50408,35.39906],[126.50353,35.39854],[126.50341,35.39787],[126.50312,35.39766],[126.50101,35.39704],[126.50045,35.3972],[126.50031,35.39758],[126.5,35.39745],[126.50038,35.39763],[126.50048,35.3972],[126.50109,35.39709],[126.50307,35.39769],[126.50334,35.39782],[126.50355,35.3986],[126.50412,35.39911],[126.50514,35.39903],[126.50867,35.40089],[126.51251,35.40227]]]}},{"type":"Feature","id":"TN_RIVER_BT:WTR0200000000HS6X","properties":{"NF_ID":"WTR0200000000HS6X","source_layer":"TN_RIVER_BT","semantic":"channel","river_class":"소하천","river_class_source":"중심선 공간조인","survey_method":"사진측량","admin_code":"52790"},"geometry":{"type":"Polygon","coordinates":[[[126.58029,35.4053],[126.58185,35.40495],[126.58242,35.40526],[126.58401,35.40466],[126.58271,35.40513],[126.5818,35.40492],[126.58021,35.40526],[126.5769,35.405],[126.57545,35.40347],[126.57484,35.40181],[126.57356,35.40064],[126.57334,35.4],[126.5722,35.39861],[126.57331,35.4],[126.57357,35.40069],[126.57479,35.40183],[126.57523,35.40325],[126.57667,35.4049],[126.57742,35.4052],[126.58029,35.4053]]]}},{"type":"Feature","id":"TN_RIVER_BT:WTR0200000000HS7Y","properties":{"NF_ID":"WTR0200000000HS7Y","source_layer":"TN_RIVER_BT","semantic":"channel","river_class":"소하천","river_class_source":"중심선 공간조인","survey_method":"사진측량","admin_code":"52790"},"geometry":{"type":"Polygon","coordinates":[[[126.70756,35.40568],[126.70745,35.40638],[126.70703,35.40681],[126.70749,35.40638],[126.70756,35.40568]]]}},{"type":"Feature","id":"TN_RIVER_BT:WTR0200000000HS8Z","properties":{"NF_ID":"WTR0200000000HS8Z","source_layer":"TN_RIVER_BT","semantic":"channel","river_class":"소하천","river_class_source":"중심선 공간조인","survey_method":"사진측량","admin_code":"52790"},"geometry":{"type":"Polygon","coordinates":[[[126.7019,35.41051],[126.70187,35.41069],[126.70238,35.41095],[126.7019,35.41051]]]}},{"type":"Feature","id":"TN_RIVER_BT:WTR0200000000HS90","properties":{"NF_ID":"WTR0200000000HS90","source_layer":"TN_RIVER_BT","semantic":"channel","river_class":"지방하천","river_class_source":"중심선 공간조인","river_name":"구암천","river_code":"5220940","survey_method":"사진측량","admin_code":"52790"},"geometry":{"type":"Polygon","coordinates":[[[126.50401,35.40996],[126.50409,35.40965],[126.50365,35.40936],[126.50226,35.40941],[126.50068,35.40757],[126.5,35.40725],[126.50109,35.40805],[126.50187,35.40941],[126.50241,35.40968],[126.50349,35.40953],[126.50401,35.40996]]]}},{"type":"Feature","id":"TN_RIVER_BT:WTR0200000000HSA1","properties":{"NF_ID":"WTR0200000000HSA1","source_layer":"TN_RIVER_BT","semantic":"channel","river_class":"지방하천","river_class_source":"중심선 공간조인","river_name":"노동천","river_code":"5221380","survey_method":"사진측량","admin_code":"52790"},"geometry":{"type":"Polygon","coordinates":[[[126.70577,35.41083],[126.70635,35.41011],[126.70697,35.40986],[126.70606,35.4084],[126.70625,35.40752],[126.70662,35.40733],[126.70624,35.40747],[126.70602,35.40804],[126.70602,35.40845],[126.70691,35.40987],[126.70633,35.41005],[126.70541,35.41128],[126.70457,35.41559],[126.70463,35.41645],[126.70424,35.41733],[126.70427,35.41865],[126.7046,35.41856],[126.70429,35.41814],[126.70436,35.41726],[126.70551,35.41114],[126.70577,35.41083]]]}},{"type":"Feature","id":"TN_RIVER_BT:WTR0200000000HSB2","properties":{"NF_ID":"WTR0200000000HSB2","source_layer":"TN_RIVER_BT","semantic":"channel","river_class":"지방하천","river_class_source":"중심선 공간조인","river_name":"구암천","river_code":"5220940","survey_method":"사진측량","admin_code":"52790"},"geometry":{"type":"Polygon","coordinates":[[[126.51506,35.41848],[126.51437,35.41738],[126.51445,35.41596],[126.51707,35.41699],[126.51743,35.41693],[126.51913,35.41557],[126.51891,35.41465],[126.51926,35.41416],[126.52026,35.41375],[126.52171,35.41353],[126.52273,35.4124],[126.52313,35.41155],[126.52636,35.41075],[126.52717,35.40988],[126.52944,35.40857],[126.53427,35.40818],[126.53477,35.41183],[126.53564,35.41381],[126.53487,35.41189],[126.53434,35.40816],[126.5398,35.40761],[126.54116,35.40782],[126.54364,35.40744],[126.54098,35.4078],[126.53978,35.4075],[126.52939,35.40854],[126.52708,35.40988],[126.52648,35.41062],[126.52312,35.41147],[126.52276,35.41178],[126.52253,35.41253],[126.52164,35.41346],[126.5193,35.41397],[126.51873,35.41473],[126.51905,35.41553],[126.51726,35.41686],[126.51428,35.41578],[126.51345,35.41479],[126.51332,35.41488],[126.5144,35.41603],[126.5143,35.41726],[126.5148,35.41839],[126.51535,35.41863],[126.51642,35.41979],[126.51704,35.42007],[126.51673,35.42089],[126.51744,35.42158],[126.51717,35.42255],[126.51747,35.42163],[126.51676,35.42086],[126.5171,35.42011],[126.51637,35.41972],[126.51506,35.41848]]]}},{"type":"Feature","id":"TN_RIVER_BT:WTR0200000000HSC3","properties":{"NF_ID":"WTR0200000000HSC3","source_layer":"TN_RIVER_BT","semantic":"channel","river_class":"소하천","river_class_source":"중심선 공간조인","survey_method":"사진측량","admin_code":"52790"},"geometry":{"type":"Polygon","coordinates":[[[126.66625,35.42383],[126.66683,35.42383],[126.66683,35.42383],[126.66684,35.42383],[126.66684,35.42383],[126.66684,35.42382],[126.66684,35.42382],[126.66683,35.42382],[126.66591,35.42382],[126.66556,35.42381],[126.66404,35.42381],[126.66316,35.42381],[126.66258,35.4238],[126.66258,35.4238],[126.66258,35.4238],[126.66258,35.42381],[126.66258,35.42381],[126.66258,35.42381],[126.66258,35.42382],[126.66259,35.42382],[126.66339,35.42382],[126.66444,35.42383],[126.66529,35.42383],[126.66556,35.42383],[126.66625,35.42383]]]}},{"type":"Feature","id":"TN_RIVER_BT:WTR0200000000HSD4","properties":{"NF_ID":"WTR0200000000HSD4","source_layer":"TN_RIVER_BT","semantic":"channel","river_class":"소하천","river_class_source":"중심선 공간조인","survey_method":"사진측량","admin_code":"52790"},"geometry":{"type":"Polygon","coordinates":[[[126.69417,35.42398],[126.69414,35.42398],[126.69411,35.42397],[126.69407,35.42397],[126.69405,35.42397],[126.69401,35.42396],[126.69393,35.42397],[126.69377,35.42397],[126.69374,35.42397],[126.69368,35.42397],[126.69365,35.42397],[126.69365,35.42397],[126.69365,35.42398],[126.69365,35.42398],[126.69365,35.42398],[126.69366,35.42399],[126.69367,35.42399],[126.6937,35.42399],[126.69382,35.42398],[126.69399,35.42398],[126.69401,35.42398],[126.69404,35.42398],[126.69407,35.42398],[126.69409,35.42398],[126.69412,35.42399],[126.69415,35.42399],[126.69418,35.424],[126.69421,35.42401],[126.69427,35.42403],[126.69438,35.42406],[126.6944,35.42407],[126.69443,35.42408],[126.69447,35.42409],[126.69456,35.42411],[126.69472,35.42414],[126.69491,35.42418],[126.69506,35.42421],[126.6952,35.42424],[126.69535,35.42428],[126.69555,35.4243],[126.69569,35.42432],[126.69572,35.42433],[126.69576,35.42433],[126.6958,35.42433],[126.69583,35.42434],[126.69589,35.42435],[126.69592,35.42435],[126.69595,35.42436],[126.69597,35.42436],[126.696,35.42436],[126.69614,35.42441],[126.69622,35.42443],[126.69624,35.42444],[126.69629,35.42445],[126.69631,35.42446],[126.69634,35.42446],[126.69637,35.42447],[126.69641,35.42447],[126.69645,35.42447],[126.69652,35.42448],[126.69655,35.42449],[126.69661,35.4245],[126.69665,35.42451],[126.6967,35.42452],[126.69671,35.42452],[126.69671,35.42452],[126.69671,35.42452],[126.69672,35.42452],[126.69671,35.42451],[126.69668,35.4245],[126.69667,35.4245],[126.6966,35.42448],[126.69657,35.42447],[126.69655,35.42447],[126.69652,35.42447],[126.6965,35.42446],[126.69647,35.42446],[126.69644,35.42446],[126.69641,35.42446],[126.69638,35.42446],[126.69636,35.42445],[126.69633,35.42444],[126.69629,35.42444],[126.69627,35.42443],[126.69618,35.4244],[126.69614,35.42439],[126.69611,35.42438],[126.69605,35.42436],[126.69602,35.42435],[126.69599,35.42435],[126.69595,35.42434],[126.69592,35.42433],[126.69589,35.42433],[126.69579,35.42432],[126.69567,35.4243],[126.69551,35.42428],[126.69532,35.42425],[126.69516,35.42422],[126.695,35.42418],[126.69487,35.42415],[126.69472,35.42413],[126.69461,35.42411],[126.69454,35.42409],[126.69443,35.42407],[126.69441,35.42406],[126.69438,35.42405],[126.69429,35.42401],[126.69426,35.42401],[126.69423,35.424],[126.6942,35.42399],[126.69417,35.42398]]]}},{"type":"Feature","id":"TN_RIVER_BT:WTR0200000000HSE5","properties":{"NF_ID":"WTR0200000000HSE5","source_layer":"TN_RIVER_BT","semantic":"channel","river_class":"지방하천","river_class_source":"중심선 공간조인","river_name":"신흥천","river_code":"5220970","survey_method":"사진측량","admin_code":"52790"},"geometry":{"type":"Polygon","coordinates":[[[126.50957,35.4166],[126.50938,35.41658],[126.51035,35.41898],[126.51039,35.42459],[126.5104,35.41905],[126.50957,35.4166]]]}},{"type":"Feature","id":"TN_RIVER_BT:WTR0200000000HSF6","properties":{"NF_ID":"WTR0200000000HSF6","source_layer":"TN_RIVER_BT","semantic":"channel","river_class":"소하천","river_class_source":"중심선 공간조인","survey_method":"사진측량","admin_code":"52790"},"geometry":{"type":"Polygon","coordinates":[[[126.54037,35.42497],[126.54002,35.42489],[126.54049,35.42519],[126.54037,35.42497]]]}},{"type":"Feature","id":"TN_RIVER_BT:WTR0200000000HSG7","properties":{"NF_ID":"WTR0200000000HSG7","source_layer":"TN_RIVER_BT","semantic":"channel","river_class":"소하천","river_class_source":"중심선 공간조인","survey_method":"사진측량","admin_code":"52790"},"geometry":{"type":"Polygon","coordinates":[[[126.69062,35.4294],[126.69062,35.4294],[126.69062,35.4294],[126.69067,35.43016],[126.69072,35.43073],[126.69076,35.43126],[126.69078,35.43157],[126.6908,35.43185],[126.69083,35.43217],[126.69086,35.43254],[126.69089,35.43275],[126.69089,35.43284],[126.69091,35.43284],[126.6909,35.43273],[126.69086,35.43234],[126.69083,35.43199],[126.6908,35.43163],[126.69078,35.43129],[126.69077,35.43125],[126.69076,35.43101],[126.69073,35.43074],[126.6907,35.43028],[126.69068,35.43007],[126.69067,35.42984],[126.69064,35.4296],[126.69063,35.4294],[126.69062,35.4294]]]}},{"type":"Feature","id":"TN_RIVER_BT:WTR0200000000HSH8","properties":{"NF_ID":"WTR0200000000HSH8","source_layer":"TN_RIVER_BT","semantic":"channel","river_class":"지방하천","river_class_source":"중심선 공간조인","river_name":"송계천","river_code":"5221100","survey_method":"사진측량","admin_code":"52790"},"geometry":{"type":"Polygon","coordinates":[[[126.53725,35.43175],[126.53725,35.43173],[126.53723,35.43173],[126.53721,35.43177],[126.53717,35.43182],[126.53716,35.43184],[126.53715,35.43188],[126.53715,35.4319],[126.53715,35.43192],[126.53713,35.43199],[126.53713,35.43203],[126.53713,35.43204],[126.53714,35.43204],[126.53716,35.43206],[126.53716,35.43207],[126.53719,35.43215],[126.53722,35.43205],[126.53723,35.43203],[126.53721,35.43198],[126.53721,35.43194],[126.53723,35.43188],[126.53724,35.43185],[126.53725,35.43182],[126.53725,35.43175]]]}},{"type":"Feature","id":"TN_RIVER_BT:WTR0200000000HSI9","properties":{"NF_ID":"WTR0200000000HSI9","source_layer":"TN_RIVER_BT","semantic":"channel","river_class":"소하천","river_class_source":"중심선 공간조인","survey_method":"사진측량","admin_code":"52790"},"geometry":{"type":"Polygon","coordinates":[[[126.55843,35.43253],[126.55828,35.4325],[126.55828,35.43249],[126.55821,35.43248],[126.55819,35.43247],[126.55819,35.43249],[126.55827,35.43251],[126.55828,35.43251],[126.55839,35.43253],[126.55846,35.43256],[126.55847,35.43257],[126.55848,35.43255],[126.55848,35.43253],[126.55843,35.43253]]]}},{"type":"Feature","id":"TN_RIVER_BT:WTR0200000000HSJA","properties":{"NF_ID":"WTR0200000000HSJA","source_layer":"TN_RIVER_BT","semantic":"channel","river_class":"소하천","river_class_source":"중심선 공간조인","survey_method":"사진측량","admin_code":"52790"},"geometry":{"type":"Polygon","coordinates":[[[126.5894,35.43399],[126.58906,35.43514],[126.58911,35.43544],[126.58959,35.43562],[126.58931,35.43627],[126.58963,35.43561],[126.58911,35.43535],[126.5894,35.43399]]]}},{"type":"Feature","id":"TN_RIVER_BT:WTR0200000000HSKB","properties":{"NF_ID":"WTR0200000000HSKB","source_layer":"TN_RIVER_BT","semantic":"channel","river_class":"소하천","river_class_source":"중심선 공간조인","survey_method":"사진측량","admin_code":"52790"},"geometry":{"type":"Polygon","coordinates":[[[126.57325,35.43659],[126.57331,35.43658],[126.57331,35.43658],[126.57331,35.43655],[126.5733,35.43653],[126.5733,35.43652],[126.5733,35.43651],[126.57331,35.4365],[126.57332,35.43649],[126.57333,35.43649],[126.57343,35.43648],[126.57344,35.43647],[126.57345,35.43647],[126.57346,35.43645],[126.57345,35.43645],[126.57344,35.43644],[126.57343,35.43644],[126.57335,35.43645],[126.5733,35.43647],[126.57328,35.43647],[126.57327,35.43648],[126.57324,35.43652],[126.57323,35.43654],[126.57323,35.43656],[126.57324,35.43659],[126.57325,35.43659]]]}},{"type":"Feature","id":"TN_RIVER_BT:WTR0200000000HSLC","properties":{"NF_ID":"WTR0200000000HSLC","source_layer":"TN_RIVER_BT","semantic":"channel","river_class":"소하천","river_class_source":"중심선 공간조인","survey_method":"사진측량","admin_code":"52790"},"geometry":{"type":"Polygon","coordinates":[[[126.65198,35.44288],[126.65238,35.44271],[126.65182,35.44258],[126.65174,35.44279],[126.65198,35.44288]],[[126.65187,35.44258],[126.65236,35.44281],[126.65181,35.44285],[126.65187,35.44258]]]}},{"type":"Feature","id":"TN_RIVER_BT:WTR0200000000HSMD","properties":{"NF_ID":"WTR0200000000HSMD","source_layer":"TN_RIVER_BT","semantic":"channel","river_class":"소하천","river_class_source":"중심선 공간조인","survey_method":"사진측량","admin_code":"52790"},"geometry":{"type":"Polygon","coordinates":[[[126.72123,35.44352],[126.72125,35.44349],[126.72127,35.44349],[126.7213,35.4435],[126.72133,35.44343],[126.72127,35.44342],[126.72127,35.44341],[126.72117,35.4434],[126.72111,35.4434],[126.721,35.44337],[126.72099,35.44337],[126.72098,35.44336],[126.72097,35.44335],[126.72095,35.44334],[126.7209,35.44328],[126.72085,35.44323],[126.72084,35.44323],[126.72077,35.44323],[126.72076,35.44323],[126.72075,35.44324],[126.72075,35.44324],[126.72077,35.44325],[126.72084,35.44327],[126.72086,35.44328],[126.72088,35.44331],[126.72091,35.44335],[126.72096,35.44339],[126.721,35.44343],[126.72111,35.44347],[126.72117,35.44349],[126.72123,35.44352]]]}},{"type":"Feature","id":"TN_RIVER_BT:WTR0200000000HSOF","properties":{"NF_ID":"WTR0200000000HSOF","source_layer":"TN_RIVER_BT","semantic":"channel","river_class":"지방하천","river_class_source":"중심선 공간조인","river_name":"송곡천","river_code":"5221150","survey_method":"사진측량","admin_code":"52790"},"geometry":{"type":"Polygon","coordinates":[[[126.52036,35.44341],[126.52149,35.44358],[126.52206,35.44343],[126.52237,35.44326],[126.5215,35.44354],[126.52035,35.44339],[126.51712,35.44448],[126.51674,35.44503],[126.51455,35.44553],[126.51434,35.44581],[126.51315,35.44631],[126.51249,35.44864],[126.51316,35.44918],[126.51335,35.45064],[126.51325,35.44918],[126.51252,35.44861],[126.51317,35.44632],[126.51438,35.44585],[126.51458,35.44556],[126.51676,35.44505],[126.51719,35.4445],[126.52036,35.44341]]]}},{"type":"Feature","id":"TN_RIVER_BT:WTR0200000000HSPG","properties":{"NF_ID":"WTR0200000000HSPG","source_layer":"TN_RIVER_BT","semantic":"channel","river_class":"소하천","river_class_source":"중심선 공간조인","survey_method":"사진측량","admin_code":"52790"},"geometry":{"type":"Polygon","coordinates":[[[126.70715,35.45207],[126.70591,35.45154],[126.70504,35.45091],[126.70486,35.45047],[126.70365,35.44967],[126.7021,35.44899],[126.70481,35.45048],[126.70499,35.45091],[126.70662,35.45201],[126.70724,35.45213],[126.70757,35.45251],[126.70715,35.45207]]]}},{"type":"Feature","id":"TN_RIVER_BT:WTR0200000000HSQH","properties":{"NF_ID":"WTR0200000000HSQH","source_layer":"TN_RIVER_BT","semantic":"channel","river_class":"소하천","river_class_source":"중심선 공간조인","survey_method":"사진측량","admin_code":"52790"},"geometry":{"type":"Polygon","coordinates":[[[126.71565,35.45527],[126.71496,35.45673],[126.71464,35.4584],[126.71498,35.45672],[126.71565,35.45527]]]}},{"type":"Feature","id":"TN_RIVER_BT:WTR0200000000HSRI","properties":{"NF_ID":"WTR0200000000HSRI","source_layer":"TN_RIVER_BT","semantic":"channel","river_class":"지방하천","river_class_source":"중심선 공간조인","river_name":"세곡천","river_code":"5221580","survey_method":"사진측량","admin_code":"52790"},"geometry":{"type":"Polygon","coordinates":[[[126.7148,35.46331],[126.71667,35.46074],[126.71735,35.46085],[126.71887,35.4605],[126.72105,35.46156],[126.72193,35.4623],[126.7234,35.4628],[126.72459,35.46246],[126.72467,35.46188],[126.72539,35.46172],[126.72609,35.46061],[126.72675,35.46033],[126.72608,35.46057],[126.72539,35.46171],[126.72461,35.46188],[126.72459,35.46243],[126.72337,35.46277],[126.72193,35.46225],[126.72116,35.46156],[126.71893,35.46043],[126.71934,35.4602],[126.71986,35.46045],[126.72018,35.46037],[126.72051,35.45981],[126.71995,35.4604],[126.71928,35.46017],[126.71854,35.46057],[126.71728,35.46083],[126.71657,35.4607],[126.71457,35.4633],[126.71398,35.46466],[126.71399,35.46494],[126.71431,35.46495],[126.7148,35.46331]]]}},{"type":"Feature","id":"TN_RIVER_BT:WTR0200000000HSSJ","properties":{"NF_ID":"WTR0200000000HSSJ","source_layer":"TN_RIVER_BT","semantic":"channel","river_class":"소하천","river_class_source":"중심선 공간조인","survey_method":"사진측량","admin_code":"52790"},"geometry":{"type":"Polygon","coordinates":[[[126.54591,35.46644],[126.54619,35.46635],[126.54614,35.46613],[126.54433,35.46528],[126.54282,35.46251],[126.54286,35.46199],[126.5428,35.46253],[126.5443,35.4653],[126.54612,35.46613],[126.54591,35.46644]]]}},{"type":"Feature","id":"TN_RIVER_BT:WTR0200000000HSTK","properties":{"NF_ID":"WTR0200000000HSTK","source_layer":"TN_RIVER_BT","semantic":"channel","river_class":"소하천","river_class_source":"중심선 공간조인","survey_method":"사진측량","admin_code":"52790"},"geometry":{"type":"Polygon","coordinates":[[[126.65206,35.46774],[126.65352,35.46762],[126.65202,35.46742],[126.6526,35.46759],[126.65206,35.46774]]]}},{"type":"Feature","id":"TN_RIVER_BT:WTR0200000000HSUL","properties":{"NF_ID":"WTR0200000000HSUL","source_layer":"TN_RIVER_BT","semantic":"channel","river_class":"소하천","river_class_source":"중심선 공간조인","survey_method":"사진측량","admin_code":"52790"},"geometry":{"type":"Polygon","coordinates":[[[126.72585,35.46493],[126.72673,35.46454],[126.72676,35.46412],[126.72794,35.4632],[126.72795,35.46295],[126.72945,35.46228],[126.72799,35.46288],[126.7279,35.46318],[126.72673,35.4641],[126.72666,35.4645],[126.725,35.46553],[126.72155,35.46997],[126.72001,35.47115],[126.7216,35.46999],[126.72496,35.46563],[126.72585,35.46493]],[[126.7259,35.46483],[126.72592,35.46482],[126.72594,35.46482],[126.72595,35.46483],[126.72595,35.46483],[126.72595,35.46484],[126.72595,35.46485],[126.72594,35.46486],[126.72593,35.46486],[126.72591,35.46488],[126.7259,35.46488],[126.72589,35.46488],[126.72588,35.46487],[126.72588,35.46487],[126.72588,35.46486],[126.72589,35.46484],[126.7259,35.46483]]]}},{"type":"Feature","id":"TN_RIVER_BT:WTR0200000000HSVM","properties":{"NF_ID":"WTR0200000000HSVM","source_layer":"TN_RIVER_BT","semantic":"channel","river_class":"소하천","river_class_source":"중심선 공간조인","survey_method":"사진측량","admin_code":"52790"},"geometry":{"type":"Polygon","coordinates":[[[126.64613,35.46962],[126.64607,35.46951],[126.64606,35.46952],[126.646,35.46952],[126.64605,35.46966],[126.64612,35.4698],[126.64615,35.46986],[126.6462,35.46994],[126.64625,35.47006],[126.6463,35.47027],[126.64635,35.47047],[126.64643,35.47068],[126.64654,35.47083],[126.64646,35.47061],[126.64637,35.47028],[126.64635,35.47018],[126.64634,35.47007],[126.64635,35.47004],[126.64636,35.47001],[126.64634,35.46995],[126.64628,35.46986],[126.64623,35.4698],[126.64613,35.46962]]]}},{"type":"Feature","id":"TN_RIVER_BT:WTR0200000000HSWN","properties":{"NF_ID":"WTR0200000000HSWN","source_layer":"TN_RIVER_BT","semantic":"channel","river_class":"지방하천","river_class_source":"중심선 공간조인","river_name":"운곡천","river_code":"5221460","survey_method":"사진측량","admin_code":"52790"},"geometry":{"type":"Polygon","coordinates":[[[126.66076,35.47043],[126.66015,35.47031],[126.66024,35.46991],[126.65976,35.47051],[126.65947,35.47052],[126.65932,35.47036],[126.65966,35.47012],[126.65933,35.47027],[126.65919,35.46962],[126.65888,35.46984],[126.65932,35.47007],[126.65893,35.47007],[126.65809,35.46969],[126.65785,35.46912],[126.65721,35.46914],[126.65787,35.46932],[126.65788,35.46953],[126.65701,35.46926],[126.65696,35.46902],[126.65725,35.46893],[126.65707,35.46884],[126.65652,35.46964],[126.65607,35.46955],[126.65598,35.4691],[126.65514,35.46882],[126.65593,35.46941],[126.65574,35.46968],[126.65439,35.46863],[126.65401,35.46863],[126.65346,35.46911],[126.65296,35.4692],[126.65166,35.46847],[126.65292,35.46929],[126.65414,35.46895],[126.655,35.46973],[126.65613,35.46988],[126.65724,35.46959],[126.65833,35.46982],[126.6595,35.47059],[126.66029,35.47042],[126.66194,35.47075],[126.66286,35.47161],[126.66227,35.47082],[126.66076,35.47043]],[[126.65623,35.46984],[126.65588,35.46975],[126.65644,35.46964],[126.65623,35.46984]],[[126.65549,35.46974],[126.65546,35.46974],[126.65544,35.46974],[126.65543,35.46973],[126.65542,35.46972],[126.65541,35.46971],[126.65542,35.46969],[126.65542,35.46966],[126.65543,35.46965],[126.65546,35.46963],[126.65548,35.46963],[126.6555,35.46963],[126.65554,35.46965],[126.65557,35.46967],[126.65558,35.46968],[126.65558,35.4697],[126.65558,35.46972],[126.65556,35.46973],[126.65553,35.46974],[126.65549,35.46974]],[[126.65533,35.46968],[126.65531,35.46969],[126.65529,35.46968],[126.65527,35.46967],[126.65524,35.46965],[126.65523,35.46964],[126.65521,35.46961],[126.6552,35.46957],[126.6552,35.46954],[126.6552,35.46952],[126.65521,35.46951],[126.65523,35.46949],[126.65525,35.46948],[126.65528,35.46947],[126.65531,35.46946],[126.65533,35.46946],[126.65536,35.46948],[126.65539,35.4695],[126.65541,35.46953],[126.65542,35.46955],[126.65543,35.46956],[126.65542,35.46959],[126.65541,35.46961],[126.65538,35.46965],[126.65534,35.46967],[126.65533,35.46968]],[[126.65485,35.46953],[126.65484,35.46954],[126.65483,35.46954],[126.65481,35.46955],[126.65479,35.46954],[126.65478,35.46954],[126.65477,35.46952],[126.65476,35.4695],[126.65475,35.46949],[126.65473,35.46949],[126.65472,35.46948],[126.65471,35.46947],[126.65471,35.46946],[126.65472,35.46945],[126.65473,35.46945],[126.65475,35.46944],[126.65476,35.46945],[126.65477,35.46945],[126.65478,35.46946],[126.65479,35.46947],[126.65482,35.46948],[126.65483,35.46948],[126.65484,35.46949],[126.65485,35.46952],[126.65485,35.46953]],[[126.65497,35.46954],[126.655,35.46954],[126.65503,35.46954],[126.65508,35.46956],[126.65513,35.46957],[126.65516,35.46958],[126.65517,35.46959],[126.65518,35.46961],[126.6552,35.46965],[126.65521,35.46966],[126.65521,35.46967],[126.65521,35.46969],[126.6552,35.46971],[126.65519,35.46972],[126.65517,35.46973],[126.65514,35.46973],[126.65511,35.46973],[126.65508,35.46973],[126.65503,35.46971],[126.65498,35.46969],[126.65491,35.46965],[126.65487,35.46962],[126.65486,35.4696],[126.65486,35.46959],[126.65488,35.46957],[126.6549,35.46955],[126.65492,35.46954],[126.65494,35.46954],[126.65497,35.46954]],[[126.65467,35.46922],[126.65469,35.46921],[126.65471,35.46921],[126.65472,35.46921],[126.65473,35.46922],[126.65474,35.46922],[126.65474,35.46923],[126.65474,35.46925],[126.65474,35.46926],[126.65473,35.46927],[126.65471,35.46927],[126.65469,35.46927],[126.65467,35.46927],[126.65466,35.46925],[126.65466,35.46924],[126.65466,35.46922],[126.65467,35.46922]],[[126.65424,35.46895],[126.65367,35.46905],[126.65419,35.46872],[126.65489,35.46915],[126.65424,35.46895]],[[126.65317,35.46926],[126.65316,35.46926],[126.65315,35.46926],[126.65314,35.46925],[126.65313,35.46923],[126.65313,35.46922],[126.65314,35.46921],[126.65316,35.4692],[126.65318,35.46919],[126.6532,35.46919],[126.65322,35.4692],[126.65323,35.46921],[126.65323,35.46922],[126.65323,35.46923],[126.65323,35.46925],[126.65322,35.46925],[126.6532,35.46926],[126.65317,35.46926]],[[126.65699,35.46932],[126.65734,35.46953],[126.65688,35.46956],[126.65699,35.46932]]]}},{"type":"Feature","id":"TN_RIVER_BT:WTR0200000000HSXO","properties":{"NF_ID":"WTR0200000000HSXO","source_layer":"TN_RIVER_BT","semantic":"channel","river_class":"소하천","river_class_source":"중심선 공간조인","survey_method":"사진측량","admin_code":"52790"},"geometry":{"type":"Polygon","coordinates":[[[126.58819,35.47307],[126.58808,35.47294],[126.58799,35.47303],[126.58817,35.47311],[126.58836,35.47324],[126.58842,35.4733],[126.58843,35.47331],[126.58844,35.47331],[126.58845,35.47331],[126.58846,35.47332],[126.58847,35.47332],[126.58847,35.47332],[126.58848,35.47332],[126.58849,35.47331],[126.58849,35.47331],[126.58849,35.4733],[126.58849,35.4733],[126.58849,35.47329],[126.58848,35.47329],[126.58847,35.47327],[126.58842,35.47322],[126.58835,35.47318],[126.58819,35.47307]]]}},{"type":"Feature","id":"TN_RIVER_BT:WTR0200000000HSYP","properties":{"NF_ID":"WTR0200000000HSYP","source_layer":"TN_RIVER_BT","semantic":"channel","river_class":"지방하천","river_class_source":"중심선 공간조인","river_name":"군보천","river_code":"5221140","survey_method":"사진측량","admin_code":"52790"},"geometry":{"type":"Polygon","coordinates":[[[126.52882,35.47322],[126.52877,35.47235],[126.52998,35.46926],[126.53012,35.46786],[126.53325,35.46364],[126.53822,35.45794],[126.53986,35.45722],[126.54081,35.45646],[126.54234,35.45677],[126.54306,35.45863],[126.54219,35.45983],[126.54245,35.46056],[126.5424,35.46155],[126.54264,35.46182],[126.54224,35.4598],[126.54311,35.45861],[126.54253,35.45665],[126.55729,35.45014],[126.55857,35.45005],[126.55698,35.45025],[126.54238,35.45666],[126.54069,35.45641],[126.53976,35.45719],[126.53815,35.45771],[126.53803,35.4556],[126.53935,35.45402],[126.53978,35.4537],[126.54107,35.45365],[126.54279,35.45293],[126.5447,35.45164],[126.54488,35.44544],[126.5456,35.44459],[126.54624,35.44218],[126.54917,35.43587],[126.5526,35.43254],[126.55289,35.43154],[126.55298,35.43092],[126.55263,35.43021],[126.54883,35.42528],[126.54883,35.4247],[126.5496,35.4237],[126.5492,35.42298],[126.54922,35.422],[126.54865,35.42154],[126.54811,35.4206],[126.54728,35.41997],[126.54621,35.41967],[126.54728,35.42001],[126.54914,35.42196],[126.54939,35.42407],[126.54877,35.42472],[126.54873,35.4252],[126.54787,35.42547],[126.54707,35.42532],[126.54554,35.42578],[126.54476,35.42641],[126.54474,35.42683],[126.54416,35.42711],[126.5429,35.42742],[126.54247,35.42725],[126.54194,35.42735],[126.5417,35.42685],[126.54183,35.4273],[126.54294,35.42747],[126.54418,35.42713],[126.54485,35.42678],[126.54481,35.42642],[126.54555,35.42583],[126.54706,35.42535],[126.54779,35.42551],[126.54875,35.42532],[126.55274,35.4305],[126.55291,35.43098],[126.55269,35.43221],[126.5513,35.43381],[126.54912,35.43584],[126.54896,35.43577],[126.54603,35.44246],[126.54551,35.44458],[126.54484,35.44529],[126.5418,35.44284],[126.54135,35.44045],[126.54158,35.43632],[126.54101,35.43568],[126.53801,35.43358],[126.53763,35.43272],[126.5379,35.43356],[126.54151,35.43631],[126.54128,35.44047],[126.54168,35.44272],[126.54475,35.44544],[126.54467,35.45153],[126.54264,35.45291],[126.541,35.4536],[126.54003,35.45358],[126.53946,35.45381],[126.53808,35.45532],[126.53802,35.45791],[126.53782,35.45814],[126.53738,35.4579],[126.53776,35.45819],[126.53321,35.46347],[126.53009,35.46752],[126.5294,35.47007],[126.52902,35.47017],[126.52866,35.46953],[126.52873,35.47105],[126.52756,35.4732],[126.5252,35.47259],[126.52278,35.47085],[126.51785,35.46809],[126.51894,35.46191],[126.51689,35.45732],[126.51649,35.45566],[126.51693,35.45515],[126.51644,35.45563],[126.51687,35.4574],[126.51892,35.46188],[126.51773,35.46809],[126.51311,35.46558],[126.51219,35.46558],[126.5071,35.46654],[126.50422,35.46624],[126.50133,35.46703],[126.5,35.4671],[126.50151,35.46705],[126.50424,35.46629],[126.50708,35.46658],[126.51212,35.46564],[126.51313,35.46563],[126.52267,35.4709],[126.52331,35.4717],[126.5258,35.47337],[126.5284,35.47435],[126.52902,35.47413],[126.52882,35.47322]]]}},{"type":"Feature","id":"TN_RIVER_BT:WTR0200000000HSZQ","properties":{"NF_ID":"WTR0200000000HSZQ","source_layer":"TN_RIVER_BT","semantic":"channel","river_class":"소하천","river_class_source":"중심선 공간조인","survey_method":"사진측량","admin_code":"52790"},"geometry":{"type":"Polygon","coordinates":[[[126.5339,35.47583],[126.53402,35.47568],[126.53378,35.47582],[126.5316,35.47553],[126.5339,35.47583]]]}},{"type":"Feature","id":"TN_RIVER_BT:WTR0200000000HT0S","properties":{"NF_ID":"WTR0200000000HT0S","source_layer":"TN_RIVER_BT","semantic":"channel","river_class":"등급미확인","survey_method":"사진측량","admin_code":"52790"},"geometry":{"type":"Polygon","coordinates":[[[126.60557,35.48017],[126.60556,35.48017],[126.60555,35.48017],[126.60554,35.48017],[126.60553,35.48018],[126.60552,35.48018],[126.60551,35.48019],[126.6055,35.48019],[126.60549,35.4802],[126.60546,35.48023],[126.60544,35.48023],[126.60543,35.48024],[126.60542,35.48025],[126.6054,35.48026],[126.60539,35.48026],[126.60538,35.48027],[126.60535,35.48029],[126.60533,35.48029],[126.60532,35.4803],[126.60529,35.48032],[126.60527,35.48033],[126.60526,35.48034],[126.60525,35.48035],[126.60524,35.48035],[126.60523,35.48036],[126.60522,35.48037],[126.60521,35.48038],[126.6052,35.48038],[126.60518,35.48041],[126.60518,35.48042],[126.60517,35.48043],[126.60516,35.48044],[126.60515,35.48044],[126.60514,35.48045],[126.60513,35.48046],[126.60513,35.48046],[126.60513,35.48047],[126.60513,35.48047],[126.60513,35.48048],[126.60514,35.48048],[126.60514,35.48048],[126.60515,35.48048],[126.60516,35.48047],[126.60517,35.48047],[126.60517,35.48047],[126.60518,35.48046],[126.60519,35.48046],[126.6052,35.48045],[126.60523,35.48043],[126.60525,35.48041],[126.60527,35.4804],[126.60545,35.48028],[126.60546,35.48028],[126.60547,35.48027],[126.60549,35.48027],[126.60552,35.48025],[126.60553,35.48025],[126.60555,35.48024],[126.60555,35.48023],[126.60556,35.48023],[126.60557,35.48022],[126.60558,35.48021],[126.60558,35.48021],[126.60558,35.4802],[126.60558,35.48019],[126.60558,35.48018],[126.60558,35.48018],[126.60558,35.48017],[126.60557,35.48017]]]}},{"type":"Feature","id":"TN_RIVER_BT:WTR0200000000HT1T","properties":{"NF_ID":"WTR0200000000HT1T","source_layer":"TN_RIVER_BT","semantic":"channel","river_class":"등급미확인","survey_method":"사진측량","admin_code":"52790"},"geometry":{"type":"Polygon","coordinates":[[[126.60357,35.48339],[126.60356,35.48339],[126.60354,35.48339],[126.60353,35.48339],[126.60352,35.48339],[126.6035,35.48339],[126.60349,35.4834],[126.60348,35.4834],[126.60348,35.48341],[126.60347,35.48341],[126.60347,35.48342],[126.60347,35.48343],[126.60346,35.48344],[126.60346,35.48345],[126.60346,35.48346],[126.60345,35.48347],[126.60345,35.4835],[126.60345,35.48351],[126.60345,35.48352],[126.60345,35.48353],[126.60346,35.48353],[126.60346,35.48354],[126.60347,35.48354],[126.60347,35.48354],[126.60349,35.48354],[126.6035,35.48354],[126.60351,35.48354],[126.60352,35.48354],[126.60352,35.48354],[126.6036,35.48354],[126.60361,35.48353],[126.60362,35.48353],[126.60362,35.48353],[126.60362,35.48352],[126.60363,35.48352],[126.60363,35.48351],[126.60363,35.48351],[126.60363,35.4835],[126.60364,35.48346],[126.60364,35.48343],[126.60364,35.48342],[126.60364,35.48341],[126.60364,35.4834],[126.60364,35.4834],[126.60364,35.4834],[126.60363,35.48339],[126.60363,35.48339],[126.60362,35.48339],[126.60359,35.48339],[126.60358,35.48339],[126.60357,35.48339]]]}},{"type":"Feature","id":"TN_RIVER_BT:WTR0200000000HT2U","properties":{"NF_ID":"WTR0200000000HT2U","source_layer":"TN_RIVER_BT","semantic":"channel","river_class":"지방하천","river_class_source":"중심선 공간조인","river_name":"갈곡천","river_code":"5221550","survey_method":"사진측량","admin_code":"52790"},"geometry":{"type":"Polygon","coordinates":[[[126.73324,35.47496],[126.73685,35.47544],[126.73952,35.4764],[126.74143,35.47622],[126.7423,35.47675],[126.74369,35.47691],[126.74493,35.47759],[126.74658,35.47807],[126.74737,35.47867],[126.7485,35.47876],[126.74936,35.47926],[126.75,35.47932],[126.74915,35.47909],[126.74881,35.47878],[126.74938,35.4778],[126.75,35.47781],[126.75,35.47749],[126.74934,35.4778],[126.74878,35.47875],[126.7475,35.47861],[126.74666,35.47801],[126.74512,35.47757],[126.74373,35.47684],[126.7424,35.47668],[126.74126,35.47611],[126.73947,35.47628],[126.73802,35.47561],[126.74009,35.47386],[126.74146,35.47201],[126.73989,35.47401],[126.73782,35.47555],[126.7355,35.47501],[126.73216,35.47473],[126.72844,35.47376],[126.72629,35.47412],[126.72459,35.47406],[126.72257,35.47314],[126.72107,35.4731],[126.72051,35.47265],[126.7202,35.47275],[126.72067,35.47334],[126.72246,35.47332],[126.72446,35.47426],[126.72601,35.47436],[126.72859,35.474],[126.73296,35.47504],[126.73428,35.47668],[126.73529,35.47715],[126.73599,35.47785],[126.73661,35.48011],[126.73806,35.48138],[126.73833,35.48234],[126.73938,35.4833],[126.741,35.48545],[126.7394,35.48323],[126.73843,35.48236],[126.7381,35.48134],[126.73665,35.48],[126.73605,35.47782],[126.73519,35.47698],[126.73422,35.47653],[126.73324,35.47496]]]}},{"type":"Feature","id":"TN_RIVER_BT:WTR0200000000HT3V","properties":{"NF_ID":"WTR0200000000HT3V","source_layer":"TN_RIVER_BT","semantic":"channel","river_class":"소하천","river_class_source":"중심선 공간조인","survey_method":"사진측량","admin_code":"52790"},"geometry":{"type":"Polygon","coordinates":[[[126.5,35.48292],[126.5,35.48292],[126.5,35.48297],[126.5,35.48297],[126.50019,35.48299],[126.5003,35.483],[126.50034,35.483],[126.50036,35.48299],[126.50036,35.48299],[126.50037,35.48299],[126.50037,35.48297],[126.50036,35.48297],[126.50036,35.48297],[126.50035,35.48296],[126.50026,35.48295],[126.5001,35.48294],[126.5,35.48292]]]}},{"type":"Feature","id":"TN_RIVER_BT:WTR0200000000HT4W","properties":{"NF_ID":"WTR0200000000HT4W","source_layer":"TN_RIVER_BT","semantic":"channel","river_class":"소하천","river_class_source":"중심선 공간조인","survey_method":"사진측량","admin_code":"52790"},"geometry":{"type":"Polygon","coordinates":[[[126.63742,35.48876],[126.63606,35.48848],[126.63575,35.48772],[126.63484,35.48678],[126.63493,35.48629],[126.63528,35.48608],[126.63507,35.48588],[126.63534,35.48553],[126.63527,35.48484],[126.635,35.48472],[126.63433,35.48491],[126.634,35.48385],[126.63323,35.48362],[126.63317,35.48312],[126.63352,35.48232],[126.6322,35.47965],[126.63185,35.47767],[126.6312,35.47658],[126.63146,35.47576],[126.63207,35.47515],[126.63226,35.47437],[126.6311,35.47655],[126.63181,35.47771],[126.63206,35.47954],[126.63347,35.48243],[126.63309,35.48313],[126.63319,35.4837],[126.63394,35.48386],[126.63435,35.48494],[126.635,35.48473],[126.63529,35.48494],[126.6348,35.48679],[126.63585,35.48797],[126.63602,35.48859],[126.63757,35.4889],[126.63905,35.48965],[126.64002,35.49108],[126.64209,35.4929],[126.64145,35.49211],[126.64001,35.491],[126.63921,35.48969],[126.63742,35.48876]]]}},{"type":"Feature","id":"TN_RIVER_BT:WTR0200000000HT5X","properties":{"NF_ID":"WTR0200000000HT5X","source_layer":"TN_RIVER_BT","semantic":"channel","river_class":"소하천","river_class_source":"중심선 공간조인","survey_method":"사진측량","admin_code":"52790"},"geometry":{"type":"Polygon","coordinates":[[[126.59868,35.49442],[126.59792,35.49454],[126.59718,35.49408],[126.59489,35.49443],[126.5965,35.49434],[126.59719,35.4941],[126.59792,35.49456],[126.59864,35.49442],[126.60005,35.49537],[126.59868,35.49442]]]}},{"type":"Feature","id":"TN_RIVER_BT:WTR0200000000HT6Y","properties":{"NF_ID":"WTR0200000000HT6Y","source_layer":"TN_RIVER_BT","semantic":"channel","river_class":"소하천","river_class_source":"중심선 공간조인","survey_method":"사진측량","admin_code":"52790"},"geometry":{"type":"Polygon","coordinates":[[[126.72615,35.49755],[126.72655,35.49733],[126.72579,35.49753],[126.72452,35.49704],[126.72352,35.49733],[126.72255,35.49701],[126.71948,35.49463],[126.7166,35.49438],[126.71944,35.49467],[126.72238,35.49695],[126.72315,35.49729],[126.72452,35.49708],[126.72547,35.49751],[126.72615,35.49755]]]}},{"type":"Feature","id":"TN_RIVER_BT:WTR0200000000HT7Z","properties":{"NF_ID":"WTR0200000000HT7Z","source_layer":"TN_RIVER_BT","semantic":"channel","river_class":"소하천","river_class_source":"중심선 공간조인","survey_method":"사진측량","admin_code":"52790"},"geometry":{"type":"Polygon","coordinates":[[[126.6606,35.49953],[126.66188,35.49906],[126.66145,35.49734],[126.66208,35.49634],[126.66137,35.49767],[126.66174,35.49818],[126.66184,35.49904],[126.66139,35.49935],[126.66021,35.49948],[126.66006,35.5],[126.66021,35.49956],[126.6606,35.49953]]]}},{"type":"Feature","id":"TN_RIVER_BT:WTR0200000000HT80","properties":{"NF_ID":"WTR0200000000HT80","source_layer":"TN_RIVER_BT","semantic":"channel","river_class":"소하천","river_class_source":"중심선 공간조인","survey_method":"사진측량","admin_code":"52790"},"geometry":{"type":"Polygon","coordinates":[[[126.61518,35.49991],[126.61517,35.4999],[126.61516,35.49991],[126.61511,35.49996],[126.61509,35.5],[126.61514,35.5],[126.61515,35.49999],[126.61518,35.49993],[126.61518,35.49991]]]}},{"type":"Feature","id":"TN_RIVER_BT:WTR0200000000HT91","properties":{"NF_ID":"WTR0200000000HT91","source_layer":"TN_RIVER_BT","semantic":"channel","river_class":"지방하천","river_class_source":"중심선 공간조인","river_name":"담암천","river_code":"5221160","survey_method":"사진측량","admin_code":"52790"},"geometry":{"type":"Polygon","coordinates":[[[126.53964,35.49364],[126.53858,35.49321],[126.53821,35.4927],[126.53796,35.49122],[126.53816,35.48999],[126.53931,35.48964],[126.54153,35.4883],[126.54184,35.48735],[126.54277,35.48691],[126.54293,35.48657],[126.54397,35.48631],[126.545,35.48566],[126.54607,35.48571],[126.54502,35.48562],[126.54333,35.48651],[126.5429,35.48646],[126.54253,35.48592],[126.54165,35.48359],[126.54213,35.48107],[126.54294,35.47973],[126.54371,35.47933],[126.54453,35.47941],[126.54609,35.47872],[126.54707,35.4788],[126.5476,35.47801],[126.54997,35.47774],[126.55117,35.4771],[126.55285,35.47719],[126.55344,35.47778],[126.55282,35.47714],[126.55105,35.47707],[126.54996,35.47766],[126.54773,35.47791],[126.54695,35.47874],[126.54599,35.47867],[126.54452,35.47934],[126.5437,35.47927],[126.5429,35.47964],[126.54207,35.48095],[126.54156,35.48383],[126.54287,35.48678],[126.54183,35.48735],[126.54142,35.48836],[126.53932,35.48962],[126.53814,35.48987],[126.5379,35.49137],[126.5383,35.4931],[126.53975,35.49371],[126.54066,35.49492],[126.54109,35.49646],[126.54068,35.4983],[126.54088,35.49899],[126.5417,35.5],[126.54069,35.49826],[126.54112,35.49648],[126.5408,35.49507],[126.54017,35.49403],[126.53964,35.49364]]]}},{"type":"Feature","id":"TN_RIVER_BT:WTR0200000000HTA2","properties":{"NF_ID":"WTR0200000000HTA2","source_layer":"TN_RIVER_BT","semantic":"channel","river_class":"지방하천","river_class_source":"중심선 공간조인","river_name":"해리천","river_code":"5221090","survey_method":"사진측량","admin_code":"52790"},"geometry":{"type":"Polygon","coordinates":[[[126.51022,35.5],[126.5128,35.49648],[126.51993,35.49729],[126.51294,35.49638],[126.51453,35.4937],[126.51814,35.49045],[126.51853,35.48981],[126.5191,35.48524],[126.51968,35.48479],[126.51931,35.48441],[126.51896,35.48486],[126.51874,35.48628],[126.51891,35.4867],[126.51833,35.48989],[126.5177,35.49069],[126.5163,35.49134],[126.51517,35.49249],[126.51211,35.49661],[126.51159,35.4978],[126.50972,35.49998],[126.51022,35.5]],[[126.51531,35.49256],[126.51532,35.49256],[126.51532,35.49256],[126.51533,35.49256],[126.51533,35.49256],[126.51534,35.49256],[126.51534,35.49257],[126.51534,35.49257],[126.51534,35.49257],[126.51534,35.49258],[126.51534,35.49258],[126.51533,35.4926],[126.51532,35.4926],[126.51532,35.49261],[126.51532,35.49261],[126.51532,35.49261],[126.51532,35.49262],[126.51532,35.49264],[126.51532,35.49264],[126.51532,35.49264],[126.51532,35.49265],[126.51532,35.49265],[126.51532,35.49266],[126.51532,35.49266],[126.51526,35.49272],[126.51526,35.49272],[126.51525,35.49273],[126.51525,35.49273],[126.51525,35.49274],[126.51524,35.49274],[126.51524,35.49274],[126.51523,35.49274],[126.51523,35.49274],[126.51522,35.49275],[126.51521,35.49275],[126.51521,35.49275],[126.5152,35.49275],[126.5152,35.49275],[126.51519,35.49275],[126.51519,35.49275],[126.51518,35.49275],[126.51518,35.49274],[126.51518,35.49274],[126.51517,35.49274],[126.51517,35.49273],[126.51517,35.49273],[126.51517,35.49272],[126.51516,35.49272],[126.51516,35.49271],[126.51516,35.49271],[126.51516,35.4927],[126.51517,35.49268],[126.51519,35.49265],[126.51519,35.49264],[126.5152,35.49263],[126.5152,35.49262],[126.51521,35.49261],[126.51521,35.49261],[126.51522,35.4926],[126.51522,35.4926],[126.51523,35.49259],[126.51524,35.49259],[126.51526,35.49257],[126.51527,35.49257],[126.51529,35.49256],[126.5153,35.49256],[126.5153,35.49256],[126.51531,35.49256],[126.51531,35.49256]],[[126.5164,35.49146],[126.51644,35.49146],[126.51646,35.49146],[126.5165,35.49147],[126.51651,35.49148],[126.51654,35.49149],[126.51657,35.49149],[126.51659,35.49149],[126.5166,35.49151],[126.51661,35.49152],[126.51662,35.49152],[126.51667,35.49151],[126.51667,35.49151],[126.51669,35.49152],[126.51669,35.49153],[126.51668,35.49155],[126.51667,35.49157],[126.51665,35.49159],[126.51662,35.49161],[126.5166,35.49162],[126.51658,35.49162],[126.51656,35.49162],[126.51654,35.49161],[126.51653,35.4916],[126.5164,35.49149],[126.51639,35.49148],[126.51639,35.49147],[126.5164,35.49146]],[[126.51674,35.49137],[126.51667,35.49119],[126.51708,35.49105],[126.51674,35.49137]]]}},{"type":"Feature","id":"TN_RIVER_BT:WTR0200000000HTB3","properties":{"NF_ID":"WTR0200000000HTB3","source_layer":"TN_RIVER_BT","semantic":"channel","river_class":"지방하천","river_class_source":"중심선 공간조인","river_name":"선운천","river_code":"5221510","survey_method":"사진측량","admin_code":"52790"},"geometry":{"type":"Polygon","coordinates":[[[126.58195,35.49737],[126.58081,35.49711],[126.58003,35.49718],[126.57885,35.49642],[126.57693,35.4958],[126.57512,35.49444],[126.57493,35.49278],[126.57566,35.49025],[126.57564,35.48849],[126.5768,35.48802],[126.57691,35.48752],[126.57665,35.48772],[126.57672,35.48801],[126.57558,35.48841],[126.57558,35.49021],[126.57529,35.49099],[126.57451,35.49055],[126.57246,35.49029],[126.57114,35.4891],[126.57068,35.48898],[126.57241,35.49033],[126.57433,35.49056],[126.57519,35.49097],[126.57482,35.49285],[126.57495,35.49425],[126.57524,35.49472],[126.57714,35.49601],[126.57896,35.49657],[126.57975,35.49715],[126.58203,35.49742],[126.58337,35.49844],[126.58475,35.5],[126.58363,35.4985],[126.58195,35.49737]]]}},{"type":"Feature","id":"TN_RIVER_BT:WTR0200000000HTC4","properties":{"NF_ID":"WTR0200000000HTC4","source_layer":"TN_RIVER_BT","semantic":"channel","river_class":"지방하천","river_class_source":"중심선 공간조인","river_name":"용산천","river_code":"5221490","survey_method":"사진측량","admin_code":"52790"},"geometry":{"type":"Polygon","coordinates":[[[126.63134,35.49941],[126.63333,35.49892],[126.63391,35.49914],[126.63457,35.5],[126.63376,35.49881],[126.63518,35.49858],[126.63746,35.49862],[126.63849,35.49883],[126.63939,35.49944],[126.63966,35.5],[126.63946,35.49927],[126.63829,35.49862],[126.63717,35.49846],[126.63498,35.49843],[126.63185,35.49897],[126.63011,35.5],[126.63134,35.49941]]]}},{"type":"Feature","id":"TN_RIVER_BT:WTR0200000000HTD5","properties":{"NF_ID":"WTR0200000000HTD5","source_layer":"TN_RIVER_BT","semantic":"channel","river_class":"지방하천","river_class_source":"중심선 공간조인","river_name":"주진천","river_code":"5221200","survey_method":"사진측량","admin_code":"52790"},"geometry":{"type":"Polygon","coordinates":[[[126.60698,35.49994],[126.61024,35.49973],[126.6103,35.49947],[126.61089,35.49925],[126.61317,35.5],[126.61401,35.5],[126.61333,35.49954],[126.6126,35.4995],[126.61226,35.49914],[126.61241,35.49928],[126.61206,35.49933],[126.61084,35.49903],[126.60909,35.49915],[126.60742,35.49967],[126.60688,35.4997],[126.6072,35.49947],[126.60485,35.49993],[126.60698,35.49994]],[[126.60907,35.49972],[126.60908,35.49972],[126.60908,35.49972],[126.60908,35.49971],[126.60909,35.49971],[126.6091,35.49971],[126.6091,35.49971],[126.60912,35.49971],[126.60913,35.49971],[126.60913,35.49971],[126.60914,35.49971],[126.60915,35.49971],[126.60916,35.4997],[126.60916,35.4997],[126.60916,35.4997],[126.60916,35.49969],[126.60917,35.49969],[126.60917,35.49969],[126.60918,35.49968],[126.60919,35.49968],[126.60919,35.49968],[126.6092,35.49968],[126.60922,35.49968],[126.60931,35.49967],[126.60932,35.49967],[126.60933,35.49967],[126.60935,35.49967],[126.60936,35.49967],[126.6094,35.49967],[126.60947,35.49967],[126.60952,35.49967],[126.60956,35.49967],[126.60959,35.49967],[126.6096,35.49967],[126.60962,35.49967],[126.60964,35.49967],[126.60965,35.49966],[126.60968,35.49966],[126.60972,35.49966],[126.60973,35.49966],[126.60974,35.49966],[126.60975,35.49966],[126.60977,35.49965],[126.60978,35.49965],[126.60987,35.49961],[126.60988,35.49961],[126.60991,35.49961],[126.60992,35.4996],[126.60992,35.4996],[126.60993,35.4996],[126.60994,35.4996],[126.60995,35.49961],[126.60995,35.49961],[126.60995,35.49961],[126.60995,35.49962],[126.60994,35.49963],[126.60994,35.49964],[126.60993,35.49965],[126.60993,35.49965],[126.60991,35.49966],[126.6099,35.49967],[126.60989,35.49968],[126.60985,35.4997],[126.60984,35.4997],[126.60983,35.49971],[126.60982,35.49971],[126.60981,35.49971],[126.6098,35.49972],[126.60979,35.49972],[126.60977,35.49972],[126.60976,35.49973],[126.60974,35.49973],[126.60971,35.49974],[126.60969,35.49974],[126.60968,35.49974],[126.60967,35.49974],[126.60966,35.49974],[126.60965,35.49975],[126.60963,35.49976],[126.60959,35.49977],[126.60958,35.49977],[126.60957,35.49977],[126.60956,35.49978],[126.60954,35.49978],[126.60951,35.49979],[126.6095,35.49979],[126.60948,35.49979],[126.60947,35.49979],[126.60946,35.4998],[126.60945,35.4998],[126.60944,35.4998],[126.60941,35.4998],[126.60939,35.4998],[126.60935,35.4998],[126.60933,35.4998],[126.6093,35.4998],[126.60929,35.4998],[126.60928,35.4998],[126.60926,35.4998],[126.60924,35.49979],[126.60923,35.49979],[126.60921,35.49979],[126.60919,35.49978],[126.60916,35.49978],[126.60914,35.49978],[126.60912,35.49977],[126.60912,35.49977],[126.60911,35.49977],[126.6091,35.49977],[126.60909,35.49977],[126.60909,35.49976],[126.60908,35.49976],[126.60908,35.49975],[126.60907,35.49975],[126.60907,35.49974],[126.60907,35.49974],[126.60907,35.49973],[126.60907,35.49973],[126.60907,35.49972]],[[126.6095,35.49961],[126.60899,35.49961],[126.60964,35.49932],[126.60989,35.49949],[126.6095,35.49961]],[[126.60998,35.49935],[126.60998,35.49935],[126.60999,35.49935],[126.61001,35.49935],[126.61002,35.49935],[126.61002,35.49935],[126.61004,35.49935],[126.61004,35.49935],[126.61005,35.49935],[126.61008,35.49934],[126.61011,35.49933],[126.61013,35.49933],[126.61014,35.49933],[126.61022,35.4993],[126.61023,35.4993],[126.61025,35.4993],[126.61027,35.49929],[126.61028,35.49929],[126.6103,35.49929],[126.61031,35.49928],[126.61032,35.49928],[126.61032,35.49928],[126.61033,35.49928],[126.61034,35.49929],[126.61034,35.49929],[126.61035,35.49929],[126.61036,35.4993],[126.61037,35.4993],[126.61038,35.49931],[126.6104,35.49931],[126.61041,35.49931],[126.61042,35.49932],[126.61043,35.49932],[126.61043,35.49932],[126.61044,35.49933],[126.61044,35.49933],[126.61044,35.49934],[126.61045,35.49934],[126.61045,35.49935],[126.61044,35.49935],[126.61044,35.49935],[126.61044,35.49936],[126.61043,35.49936],[126.61043,35.49936],[126.61042,35.49936],[126.61041,35.49936],[126.61038,35.49937],[126.61036,35.49937],[126.61035,35.49937],[126.61033,35.49938],[126.61029,35.49938],[126.61028,35.49938],[126.61027,35.49938],[126.61026,35.49938],[126.61025,35.49938],[126.61025,35.49939],[126.61022,35.4994],[126.6102,35.4994],[126.61019,35.4994],[126.61018,35.49941],[126.61017,35.49941],[126.61017,35.49941],[126.61016,35.49942],[126.61014,35.49943],[126.61014,35.49943],[126.61013,35.49944],[126.61012,35.49944],[126.61011,35.49944],[126.61011,35.49945],[126.6101,35.49945],[126.61009,35.49945],[126.61008,35.49945],[126.61007,35.49946],[126.61005,35.49946],[126.61004,35.49946],[126.61004,35.49946],[126.61003,35.49946],[126.61002,35.49946],[126.61001,35.49946],[126.61,35.49946],[126.60999,35.49946],[126.60998,35.49946],[126.60998,35.49946],[126.60997,35.49945],[126.60997,35.49945],[126.60997,35.49945],[126.60996,35.49945],[126.60996,35.49944],[126.60995,35.49944],[126.60995,35.49944],[126.60995,35.49943],[126.60994,35.49943],[126.60994,35.49942],[126.60994,35.49942],[126.60994,35.49941],[126.60994,35.49941],[126.60994,35.4994],[126.60994,35.4994],[126.60994,35.49939],[126.60994,35.49938],[126.60994,35.49938],[126.60994,35.49937],[126.60994,35.49937],[126.60995,35.49936],[126.60995,35.49936],[126.60996,35.49936],[126.60996,35.49935],[126.60997,35.49935],[126.60998,35.49935]],[[126.61015,35.49929],[126.61015,35.49929],[126.61014,35.49929],[126.61014,35.49929],[126.61013,35.49928],[126.61013,35.49928],[126.61012,35.49928],[126.61011,35.49928],[126.61011,35.49927],[126.61011,35.49927],[126.61012,35.49927],[126.61012,35.49927],[126.61013,35.49926],[126.61013,35.49926],[126.61016,35.49924],[126.61017,35.49924],[126.61017,35.49924],[126.61018,35.49924],[126.61018,35.49924],[126.61019,35.49924],[126.61019,35.49924],[126.6102,35.49924],[126.6102,35.49925],[126.6102,35.49925],[126.6102,35.49925],[126.6102,35.49926],[126.6102,35.49926],[126.6102,35.49926],[126.6102,35.49927],[126.61019,35.49927],[126.61019,35.49927],[126.61018,35.49928],[126.61018,35.49928],[126.61017,35.49928],[126.61017,35.49928],[126.61016,35.49928],[126.61015,35.49929]],[[126.61033,35.49924],[126.61029,35.49923],[126.61026,35.49922],[126.61025,35.49921],[126.61025,35.4992],[126.61026,35.49919],[126.61028,35.49919],[126.61031,35.49918],[126.61037,35.49917],[126.61047,35.49917],[126.61059,35.49917],[126.61064,35.49917],[126.61065,35.49917],[126.61066,35.49918],[126.61066,35.49919],[126.61065,35.49919],[126.61063,35.4992],[126.61059,35.49921],[126.61047,35.49923],[126.61037,35.49925],[126.61036,35.49925],[126.61033,35.49924]],[[126.61076,35.49917],[126.61072,35.49916],[126.61068,35.49914],[126.61067,35.49914],[126.61066,35.49913],[126.61066,35.49912],[126.61069,35.49911],[126.61072,35.4991],[126.61075,35.4991],[126.61079,35.49912],[126.61081,35.49913],[126.61083,35.49913],[126.61093,35.49914],[126.61097,35.49915],[126.61102,35.49915],[126.61105,35.49915],[126.61107,35.49915],[126.61111,35.49914],[126.61113,35.49914],[126.61115,35.49915],[126.61117,35.49916],[126.61117,35.49918],[126.61118,35.4992],[126.61117,35.4992],[126.61115,35.49921],[126.61111,35.49921],[126.61104,35.49921],[126.61096,35.4992],[126.61087,35.49919],[126.61079,35.49918],[126.61076,35.49917]],[[126.60902,35.49931],[126.60845,35.49964],[126.60788,35.4996],[126.60902,35.49931]]]}},{"type":"Feature","id":"TN_RIVER_BT:WTR0200000000HTE6","properties":{"NF_ID":"WTR0200000000HTE6","source_layer":"TN_RIVER_BT","semantic":"channel","river_class":"지방하천","river_class_source":"중심선 공간조인","river_name":"강남천","river_code":"5221290","survey_method":"사진측량","admin_code":"52790"},"geometry":{"type":"Polygon","coordinates":[[[126.60094,35.49992],[126.60139,35.5],[126.60141,35.49932],[126.60135,35.49965],[126.60183,35.5],[126.60148,35.49962],[126.60135,35.49869],[126.60096,35.49851],[126.60089,35.49817],[126.60101,35.49682],[126.60104,35.49774],[126.60119,35.4974],[126.60105,35.49648],[126.60129,35.49677],[126.60116,35.49545],[126.60145,35.49502],[126.60143,35.49418],[126.60202,35.49382],[126.60353,35.49192],[126.60436,35.49035],[126.60394,35.48872],[126.60297,35.48683],[126.60337,35.48268],[126.6046,35.48075],[126.60483,35.48122],[126.60483,35.48081],[126.60501,35.48087],[126.60842,35.48289],[126.6095,35.48403],[126.61592,35.48909],[126.61661,35.48942],[126.61974,35.49],[126.6202,35.49138],[126.62065,35.49148],[126.6216,35.49233],[126.62227,35.49355],[126.62281,35.49572],[126.62454,35.4983],[126.62506,35.49858],[126.62527,35.49961],[126.62572,35.5],[126.62524,35.49873],[126.6231,35.49583],[126.62252,35.49368],[126.62165,35.49212],[126.62446,35.49128],[126.62514,35.4921],[126.62544,35.49216],[126.62451,35.49126],[126.6246,35.49068],[126.62448,35.49122],[126.62161,35.49207],[126.6206,35.49138],[126.61989,35.48976],[126.61621,35.48904],[126.60937,35.48373],[126.60871,35.48286],[126.60707,35.48174],[126.60483,35.48077],[126.60479,35.48059],[126.6055,35.48003],[126.60649,35.47975],[126.60593,35.47986],[126.60623,35.4796],[126.60958,35.47911],[126.61102,35.47814],[126.61143,35.47722],[126.61217,35.47652],[126.61275,35.47643],[126.6143,35.47558],[126.61569,35.47551],[126.61772,35.47702],[126.61896,35.47716],[126.62095,35.47662],[126.62299,35.47569],[126.62378,35.47465],[126.62412,35.47289],[126.62385,35.47013],[126.62266,35.46804],[126.62257,35.46693],[126.62302,35.46584],[126.62368,35.46529],[126.62498,35.46338],[126.62602,35.46249],[126.62558,35.4627],[126.62618,35.46196],[126.62637,35.46223],[126.62799,35.46235],[126.63025,35.46161],[126.63028,35.46207],[126.63032,35.46156],[126.63198,35.46115],[126.6323,35.46078],[126.63281,35.46066],[126.63336,35.46118],[126.63441,35.46346],[126.63348,35.46113],[126.6329,35.46063],[126.62843,35.46216],[126.62668,35.46209],[126.62623,35.46187],[126.62658,35.46143],[126.62804,35.46083],[126.62957,35.45699],[126.63093,35.45478],[126.63072,35.45373],[126.62941,35.45196],[126.62902,35.451],[126.62966,35.44949],[126.63118,35.44782],[126.63197,35.4463],[126.63308,35.44521],[126.63542,35.44441],[126.63891,35.44492],[126.64298,35.44509],[126.6442,35.44536],[126.64583,35.44607],[126.64693,35.44684],[126.6471,35.44674],[126.64659,35.44641],[126.64773,35.44632],[126.65012,35.44549],[126.65056,35.44462],[126.65142,35.44424],[126.65159,35.44383],[126.65598,35.44393],[126.65669,35.44365],[126.65788,35.44265],[126.65812,35.4429],[126.65815,35.44405],[126.65803,35.44254],[126.65944,35.44207],[126.66025,35.44208],[126.66047,35.44219],[126.66057,35.4477],[126.66052,35.44212],[126.66144,35.44194],[126.66574,35.44374],[126.66856,35.44363],[126.66963,35.44701],[126.6695,35.44796],[126.67195,35.45154],[126.67391,35.45279],[126.67651,35.45535],[126.6814,35.45865],[126.67635,35.45517],[126.67394,35.45273],[126.67184,35.45134],[126.66955,35.44797],[126.66967,35.447],[126.66877,35.44364],[126.67093,35.44291],[126.67107,35.44304],[126.67101,35.44287],[126.67277,35.44207],[126.67491,35.44168],[126.67612,35.44169],[126.67764,35.44633],[126.67844,35.44687],[126.6792,35.44944],[126.67959,35.44986],[126.67924,35.44947],[126.67848,35.44687],[126.67766,35.44626],[126.67619,35.44168],[126.6771,35.44149],[126.67895,35.44154],[126.67707,35.44142],[126.67828,35.43975],[126.67907,35.43924],[126.68102,35.43869],[126.68344,35.43752],[126.68518,35.43545],[126.68656,35.43453],[126.68736,35.43434],[126.68861,35.43453],[126.68855,35.44101],[126.68964,35.44167],[126.69031,35.44241],[126.69228,35.44277],[126.69289,35.44311],[126.69277,35.4447],[126.69454,35.44567],[126.69332,35.44509],[126.69284,35.44461],[126.69304,35.4431],[126.69253,35.44278],[126.69032,35.44232],[126.68989,35.44169],[126.68871,35.44098],[126.68878,35.43452],[126.69075,35.43503],[126.69518,35.43411],[126.69857,35.43473],[126.69993,35.43455],[126.70299,35.43365],[126.70482,35.43391],[126.70688,35.43354],[126.70905,35.43398],[126.71026,35.43344],[126.71144,35.43257],[126.71531,35.43353],[126.71714,35.43371],[126.71819,35.43587],[126.71746,35.43646],[126.71773,35.4379],[126.71709,35.43902],[126.71758,35.44101],[126.71716,35.43902],[126.71779,35.43789],[126.71753,35.43648],[126.71825,35.43587],[126.71751,35.4346],[126.71738,35.43383],[126.71127,35.43262],[126.71195,35.4317],[126.71361,35.43124],[126.7141,35.43163],[126.71615,35.43204],[126.71993,35.43109],[126.72317,35.43406],[126.7236,35.43411],[126.72407,35.43385],[126.7256,35.43397],[126.7256,35.43428],[126.72513,35.43467],[126.72562,35.43486],[126.72522,35.43469],[126.72571,35.43425],[126.72555,35.43389],[126.7231,35.43396],[126.71994,35.43107],[126.72055,35.43039],[126.72159,35.42992],[126.72242,35.4298],[126.72385,35.42997],[126.72457,35.42913],[126.72479,35.42727],[126.72568,35.4269],[126.72656,35.42688],[126.72744,35.4264],[126.72885,35.42708],[126.72956,35.42834],[126.73032,35.42867],[126.7314,35.42878],[126.73248,35.43042],[126.73317,35.43104],[126.7336,35.43107],[126.73322,35.43103],[126.73246,35.43027],[126.73141,35.42871],[126.73039,35.42861],[126.72947,35.42818],[126.72903,35.42719],[126.72909,35.42698],[126.73046,35.42688],[126.73154,35.42618],[126.73201,35.42553],[126.73199,35.42513],[126.73273,35.42458],[126.732,35.42503],[126.73156,35.42605],[126.73079,35.42661],[126.73028,35.42687],[126.72891,35.42694],[126.72761,35.42628],[126.7265,35.42681],[126.72481,35.42706],[126.72488,35.4249],[126.72616,35.42445],[126.72662,35.42407],[126.72663,35.42274],[126.72843,35.42206],[126.7296,35.42102],[126.73237,35.42013],[126.73336,35.41948],[126.73528,35.41994],[126.736,35.41953],[126.73646,35.41968],[126.7373,35.4192],[126.73798,35.41826],[126.73723,35.4192],[126.73645,35.41963],[126.73581,35.41949],[126.73525,35.4199],[126.73339,35.41943],[126.73242,35.42005],[126.73049,35.42078],[126.73028,35.42066],[126.73041,35.42009],[126.7302,35.42063],[126.72806,35.42214],[126.72808,35.42089],[126.72781,35.42036],[126.72734,35.42041],[126.72723,35.41985],[126.72738,35.41931],[126.72798,35.41921],[126.72804,35.41899],[126.72733,35.41766],[126.72621,35.41716],[126.72547,35.41547],[126.72485,35.41516],[126.72546,35.41554],[126.72617,35.41716],[126.72733,35.4177],[126.72801,35.41906],[126.72733,35.41932],[126.72727,35.42031],[126.72746,35.42051],[126.72777,35.42039],[126.72808,35.42111],[126.72784,35.42186],[126.72799,35.42214],[126.72642,35.42281],[126.72654,35.42404],[126.72482,35.42484],[126.72446,35.42894],[126.7237,35.42986],[126.72185,35.42974],[126.72058,35.43014],[126.7194,35.43126],[126.71621,35.43197],[126.71506,35.43183],[126.71312,35.43086],[126.71211,35.43086],[126.71045,35.42962],[126.70911,35.42813],[126.70845,35.42644],[126.70838,35.4253],[126.70827,35.42589],[126.70684,35.42536],[126.7068,35.42554],[126.70828,35.4261],[126.70928,35.4285],[126.71165,35.43056],[126.712,35.43111],[126.71129,35.43255],[126.70995,35.43353],[126.70854,35.43387],[126.70662,35.43334],[126.70477,35.43384],[126.703,35.43357],[126.69849,35.43458],[126.6953,35.43397],[126.69131,35.43475],[126.68732,35.43417],[126.68583,35.43473],[126.68477,35.43548],[126.6846,35.43599],[126.68326,35.43728],[126.68336,35.43741],[126.68114,35.43856],[126.67937,35.43888],[126.67847,35.43944],[126.67672,35.44138],[126.67281,35.44185],[126.66957,35.44325],[126.66671,35.44356],[126.665,35.44323],[126.66171,35.4419],[126.66171,35.44124],[126.66309,35.43952],[126.66512,35.43827],[126.66558,35.43762],[126.66571,35.4369],[126.66535,35.43433],[126.66558,35.43214],[126.66821,35.43146],[126.66899,35.43079],[126.66975,35.43092],[126.67139,35.43051],[126.67257,35.4291],[126.67366,35.42897],[126.67443,35.42848],[126.67678,35.42773],[126.67835,35.42562],[126.68357,35.42397],[126.68624,35.42156],[126.68671,35.42086],[126.68683,35.41987],[126.68899,35.41711],[126.68935,35.41362],[126.69002,35.4133],[126.69033,35.4121],[126.68999,35.41326],[126.6893,35.41359],[126.68922,35.41515],[126.68885,35.41609],[126.68896,35.41704],[126.6885,35.4174],[126.68777,35.41883],[126.68678,35.41983],[126.68671,35.42079],[126.68632,35.42142],[126.68352,35.42381],[126.67819,35.42556],[126.67664,35.42763],[126.67433,35.42835],[126.67363,35.42884],[126.67248,35.42905],[126.67132,35.43042],[126.66983,35.43076],[126.66898,35.43067],[126.66811,35.43137],[126.66552,35.43199],[126.66561,35.42766],[126.6662,35.42634],[126.66713,35.42515],[126.66761,35.42262],[126.66725,35.42092],[126.66648,35.41909],[126.66636,35.4177],[126.66684,35.41571],[126.6676,35.41502],[126.66861,35.41342],[126.67186,35.4113],[126.67511,35.40997],[126.67604,35.40911],[126.67821,35.40849],[126.67861,35.40809],[126.67941,35.40804],[126.68073,35.40759],[126.68168,35.40759],[126.68216,35.40733],[126.68517,35.40806],[126.68566,35.40724],[126.68664,35.40752],[126.6876,35.40739],[126.68839,35.40755],[126.68564,35.40722],[126.68519,35.40804],[126.68215,35.40728],[126.67874,35.40806],[126.68101,35.40602],[126.68126,35.40605],[126.68328,35.40468],[126.68403,35.4039],[126.68447,35.40283],[126.68441,35.40008],[126.6854,35.39841],[126.68569,35.39667],[126.68711,35.39628],[126.68894,35.39517],[126.69032,35.39615],[126.69105,35.39637],[126.69187,35.39627],[126.69359,35.39733],[126.69424,35.39739],[126.69507,35.39835],[126.6962,35.39844],[126.69771,35.39813],[126.69511,35.39831],[126.69434,35.39741],[126.69357,35.39729],[126.69187,35.39626],[126.69105,35.39636],[126.69029,35.39609],[126.68961,35.39575],[126.689,35.39508],[126.6902,35.39382],[126.69095,35.39107],[126.69282,35.38875],[126.69098,35.385],[126.69232,35.38301],[126.69091,35.3847],[126.69019,35.38408],[126.69268,35.3887],[126.69091,35.39106],[126.68994,35.39418],[126.68766,35.39576],[126.68551,35.3967],[126.68516,35.39846],[126.68428,35.39988],[126.68419,35.40299],[126.68361,35.40396],[126.68129,35.40558],[126.68152,35.40562],[126.6814,35.40586],[126.68091,35.40593],[126.67943,35.40696],[126.67949,35.40713],[126.67827,35.40826],[126.67759,35.4086],[126.67587,35.40886],[126.67324,35.41059],[126.67137,35.41126],[126.67127,35.41154],[126.66855,35.41327],[126.66747,35.41201],[126.66749,35.41148],[126.66744,35.41201],[126.6684,35.41338],[126.66706,35.41497],[126.66608,35.41719],[126.66622,35.419],[126.66719,35.42182],[126.66726,35.42324],[126.66686,35.42496],[126.66556,35.42716],[126.66539,35.42808],[126.66523,35.43573],[126.66546,35.43732],[126.66487,35.43828],[126.6636,35.43872],[126.66104,35.44161],[126.66022,35.44187],[126.65795,35.44205],[126.65636,35.44332],[126.65553,35.44368],[126.65221,35.44329],[126.65108,35.44347],[126.65051,35.44391],[126.65077,35.44406],[126.6495,35.44565],[126.64746,35.44626],[126.64649,35.44627],[126.64458,35.44537],[126.6429,35.44498],[126.64301,35.44339],[126.64281,35.44496],[126.63918,35.44483],[126.63576,35.44435],[126.63376,35.44462],[126.63244,35.44542],[126.63157,35.44641],[126.63071,35.44797],[126.62979,35.44859],[126.62978,35.44897],[126.62925,35.44949],[126.62989,35.44358],[126.62965,35.44237],[126.62992,35.44009],[126.62975,35.43959],[126.6289,35.43861],[126.62494,35.43691],[126.62511,35.43661],[126.62226,35.43502],[126.61947,35.4323],[126.61893,35.43141],[126.61886,35.42878],[126.61841,35.42723],[126.61868,35.42626],[126.62183,35.42621],[126.61868,35.42622],[126.62034,35.42233],[126.62529,35.42226],[126.62797,35.42153],[126.62528,35.42223],[126.62031,35.42228],[126.61833,35.42714],[126.61877,35.42857],[126.61885,35.43132],[126.61912,35.43193],[126.62206,35.43494],[126.625,35.43665],[126.62487,35.43687],[126.62221,35.43559],[126.61887,35.4325],[126.6184,35.43122],[126.61869,35.43104],[126.61861,35.42892],[126.6181,35.427],[126.62133,35.41914],[126.62216,35.41581],[126.62533,35.41514],[126.62748,35.4141],[126.63022,35.41071],[126.6326,35.41188],[126.63397,35.41179],[126.6373,35.41376],[126.63877,35.41377],[126.63948,35.41421],[126.64402,35.41555],[126.64466,35.41667],[126.64526,35.41707],[126.64859,35.41704],[126.65091,35.41728],[126.65192,35.41708],[126.65336,35.4161],[126.65508,35.41611],[126.6565,35.41445],[126.65652,35.41368],[126.65696,35.41326],[126.65649,35.41368],[126.65651,35.4144],[126.65505,35.41608],[126.65346,35.41605],[126.6519,35.41706],[126.65091,35.41723],[126.64877,35.41699],[126.64545,35.41706],[126.64478,35.4167],[126.64404,35.41547],[126.63969,35.4142],[126.63886,35.41373],[126.63738,35.41372],[126.63404,35.41175],[126.63269,35.41184],[126.63021,35.41059],[126.63499,35.40416],[126.64286,35.40337],[126.64854,35.40161],[126.64262,35.40337],[126.63503,35.40405],[126.63624,35.40239],[126.63679,35.39872],[126.64012,35.39712],[126.64115,35.39598],[126.65716,35.3929],[126.66255,35.39405],[126.66579,35.39348],[126.66848,35.3927],[126.67064,35.39015],[126.67213,35.38784],[126.67319,35.3849],[126.67548,35.3823],[126.67594,35.38075],[126.67577,35.37899],[126.67611,35.37662],[126.6752,35.37413],[126.67509,35.37308],[126.67491,35.37283],[126.67512,35.37409],[126.67606,35.37669],[126.67568,35.379],[126.67585,35.38071],[126.67538,35.38225],[126.6731,35.38487],[126.67186,35.38806],[126.67044,35.39028],[126.6684,35.3926],[126.66562,35.39345],[126.6626,35.39393],[126.65721,35.3928],[126.64109,35.39591],[126.6401,35.39706],[126.63893,35.39742],[126.63663,35.39862],[126.63587,35.40267],[126.62741,35.41389],[126.62531,35.41494],[126.62228,35.41554],[126.62194,35.4159],[126.62135,35.41791],[126.62093,35.41512],[126.61535,35.40427],[126.61285,35.40071],[126.61298,35.39804],[126.61384,35.39707],[126.61846,35.3949],[126.61953,35.39327],[126.62074,35.39229],[126.62113,35.39063],[126.62082,35.38962],[126.62106,35.38912],[126.62359,35.38856],[126.62495,35.38609],[126.62546,35.38557],[126.62903,35.3839],[126.63082,35.3841],[126.63303,35.38365],[126.63572,35.3814],[126.63713,35.38101],[126.63796,35.38046],[126.63846,35.37833],[126.63808,35.37339],[126.64713,35.373],[126.64928,35.37272],[126.64941,35.37216],[126.6496,35.37257],[126.65016,35.37264],[126.65119,35.37226],[126.65015,35.37261],[126.64964,35.37256],[126.6496,35.37216],[126.64941,35.37215],[126.64924,35.37271],[126.64722,35.37297],[126.63807,35.37336],[126.638,35.3722],[126.64878,35.36585],[126.64962,35.36663],[126.65029,35.3666],[126.65225,35.36549],[126.65505,35.36338],[126.65577,35.36263],[126.65223,35.36544],[126.65022,35.36659],[126.64959,35.36656],[126.6488,35.36569],[126.64882,35.36486],[126.65005,35.36394],[126.65109,35.36223],[126.65337,35.36051],[126.65383,35.35957],[126.65455,35.35906],[126.65453,35.35874],[126.6545,35.35906],[126.65377,35.35961],[126.65328,35.36052],[126.65105,35.3622],[126.65002,35.36389],[126.64873,35.36486],[126.64872,35.36577],[126.63802,35.37212],[126.63743,35.36365],[126.63869,35.36175],[126.64026,35.36002],[126.63742,35.36344],[126.63746,35.36532],[126.635,35.36539],[126.63425,35.36357],[126.63227,35.36279],[126.63168,35.3628],[126.63226,35.36282],[126.63421,35.36361],[126.63471,35.36517],[126.63502,35.36543],[126.63747,35.36536],[126.63833,35.37844],[126.63792,35.38031],[126.63705,35.38096],[126.63568,35.38136],[126.6331,35.38358],[126.63086,35.38406],[126.62901,35.38386],[126.62877,35.38317],[126.62872,35.38076],[126.62874,35.38316],[126.62898,35.38394],[126.62529,35.38562],[126.62339,35.38864],[126.62102,35.38899],[126.61978,35.38844],[126.62096,35.38903],[126.62074,35.38969],[126.62091,35.39078],[126.62046,35.3925],[126.61933,35.39331],[126.61812,35.39508],[126.61382,35.39696],[126.613,35.39769],[126.60873,35.39416],[126.60609,35.39268],[126.60496,35.39119],[126.60592,35.39259],[126.60862,35.39413],[126.61295,35.39765],[126.61259,35.39933],[126.60136,35.3997],[126.59923,35.39912],[126.59558,35.39746],[126.59134,35.39419],[126.59029,35.39356],[126.58949,35.39344],[126.59036,35.39363],[126.5926,35.39505],[126.59514,35.39726],[126.59923,35.39916],[126.60123,35.39969],[126.6019,35.39982],[126.61258,35.39946],[126.61265,35.40088],[126.6153,35.40454],[126.62099,35.41561],[126.62114,35.41908],[126.61782,35.42703],[126.61496,35.42619],[126.6124,35.4224],[126.61155,35.42188],[126.61015,35.4217],[126.60345,35.42201],[126.60266,35.42182],[126.59943,35.41965],[126.59839,35.41781],[126.59761,35.4102],[126.59585,35.40772],[126.59514,35.40737],[126.58913,35.40695],[126.58802,35.40596],[126.58884,35.40521],[126.58875,35.40481],[126.58873,35.40521],[126.58796,35.40598],[126.58913,35.40703],[126.59516,35.40745],[126.59584,35.40782],[126.59752,35.41023],[126.59829,35.41779],[126.59931,35.41959],[126.59825,35.41924],[126.59389,35.41853],[126.59247,35.41868],[126.59157,35.41906],[126.58973,35.42067],[126.58612,35.42129],[126.58474,35.42318],[126.58218,35.42463],[126.58042,35.4253],[126.57904,35.4253],[126.57428,35.42116],[126.57383,35.41493],[126.57218,35.41347],[126.56941,35.41274],[126.56939,35.41194],[126.57028,35.41128],[126.56928,35.41205],[126.56935,35.41275],[126.57016,35.4131],[126.56938,35.41385],[126.56773,35.41261],[126.56441,35.41277],[126.5625,35.41366],[126.56051,35.41343],[126.56019,35.41368],[126.5605,35.41346],[126.56251,35.4137],[126.56435,35.41283],[126.5678,35.41265],[126.5692,35.41388],[126.56956,35.41382],[126.57034,35.4131],[126.57211,35.41355],[126.57371,35.41499],[126.57411,35.42112],[126.5777,35.42445],[126.57195,35.42696],[126.56994,35.42698],[126.56947,35.42681],[126.56755,35.42379],[126.56705,35.42385],[126.56752,35.42384],[126.56942,35.42683],[126.56977,35.42701],[126.57192,35.42702],[126.57754,35.42453],[126.5782,35.4248],[126.5786,35.4253],[126.57658,35.43023],[126.57664,35.43938],[126.57497,35.44263],[126.57603,35.44472],[126.57503,35.44262],[126.57671,35.43937],[126.57665,35.43016],[126.57859,35.42561],[126.57884,35.42542],[126.58051,35.42542],[126.58235,35.42471],[126.58496,35.4232],[126.58637,35.4213],[126.58933,35.42095],[126.59029,35.4205],[126.59171,35.4192],[126.59313,35.41867],[126.5983,35.41943],[126.60121,35.42118],[126.59922,35.42219],[126.59368,35.42703],[126.59321,35.42812],[126.59242,35.42893],[126.59179,35.43059],[126.59107,35.43119],[126.59037,35.4327],[126.58845,35.43318],[126.59042,35.43269],[126.59109,35.4312],[126.59181,35.4306],[126.59244,35.42894],[126.59324,35.42813],[126.59371,35.42704],[126.59941,35.42214],[126.6013,35.42124],[126.60254,35.42201],[126.60376,35.42215],[126.61099,35.42187],[126.61227,35.42248],[126.6147,35.4262],[126.6158,35.4268],[126.61685,35.4269],[126.61768,35.42728],[126.61812,35.42871],[126.61806,35.43104],[126.6186,35.43231],[126.62149,35.43522],[126.62264,35.43598],[126.62287,35.43584],[126.6231,35.43625],[126.625,35.43723],[126.62874,35.43883],[126.62947,35.43972],[126.6293,35.44214],[126.62953,35.44445],[126.62905,35.44977],[126.62876,35.44997],[126.62862,35.4511],[126.62918,35.4525],[126.63041,35.45442],[126.63038,35.45486],[126.62877,35.45685],[126.62789,35.45939],[126.62351,35.464],[126.62352,35.4643],[126.62222,35.46579],[126.62178,35.467],[126.62058,35.46631],[126.61933,35.46466],[126.6183,35.46419],[126.6171,35.46397],[126.61567,35.46459],[126.6126,35.46433],[126.6108,35.46345],[126.60946,35.46241],[126.60753,35.46163],[126.60638,35.4608],[126.60489,35.46058],[126.60366,35.46],[126.60292,35.45839],[126.6011,35.45805],[126.6005,35.45723],[126.59852,35.457],[126.59729,35.4563],[126.59668,35.45537],[126.59639,35.45047],[126.59565,35.44789],[126.60091,35.44718],[126.60185,35.44726],[126.60202,35.44707],[126.59553,35.44782],[126.59633,35.45049],[126.59666,35.4556],[126.59773,35.4567],[126.59873,35.45709],[126.59988,35.45712],[126.60068,35.45742],[126.60114,35.45811],[126.60042,35.45907],[126.59954,35.45915],[126.59916,35.45842],[126.59799,35.45835],[126.59694,35.45861],[126.59574,35.45932],[126.59389,35.45878],[126.59187,35.45867],[126.59064,35.45888],[126.58736,35.45856],[126.58536,35.4577],[126.58428,35.45752],[126.5834,35.45796],[126.58241,35.45895],[126.58194,35.45839],[126.58034,35.45494],[126.5819,35.45843],[126.58239,35.45899],[126.58345,35.45798],[126.58426,35.45756],[126.58544,35.45777],[126.58746,35.45863],[126.58822,35.45855],[126.59085,35.45894],[126.59178,35.45871],[126.59372,35.45883],[126.59552,35.4594],[126.59796,35.45845],[126.59909,35.45846],[126.59944,35.45917],[126.60032,35.45913],[126.60118,35.45824],[126.60213,35.45826],[126.60282,35.45856],[126.60353,35.46008],[126.60543,35.46083],[126.60409,35.46245],[126.60251,35.46389],[126.60269,35.46394],[126.60416,35.46248],[126.60553,35.46085],[126.60642,35.46107],[126.60771,35.46187],[126.60935,35.46252],[126.61063,35.46352],[126.61263,35.46454],[126.61582,35.46475],[126.61707,35.46407],[126.61882,35.46445],[126.61948,35.465],[126.62042,35.46637],[126.62176,35.46729],[126.62286,35.46994],[126.62328,35.47025],[126.6235,35.47094],[126.62372,35.47107],[126.62372,35.47081],[126.62387,35.47357],[126.623,35.47525],[126.6222,35.47585],[126.62006,35.47674],[126.61842,35.47697],[126.61755,35.47672],[126.61579,35.47532],[126.61369,35.47559],[126.61278,35.47635],[126.61233,35.47579],[126.61232,35.47617],[126.61149,35.47679],[126.60967,35.47888],[126.60658,35.47933],[126.60481,35.4802],[126.60348,35.48194],[126.6029,35.48356],[126.60209,35.48235],[126.6019,35.47999],[126.59973,35.48034],[126.59859,35.48003],[126.59748,35.47906],[126.59751,35.47838],[126.59627,35.47751],[126.59448,35.47684],[126.59426,35.47626],[126.59315,35.47605],[126.5925,35.47539],[126.59031,35.47482],[126.5897,35.47433],[126.59026,35.47483],[126.59242,35.47542],[126.59313,35.47609],[126.59419,35.47626],[126.59449,35.4769],[126.59633,35.4776],[126.59744,35.4784],[126.59746,35.47913],[126.59856,35.48005],[126.59978,35.48036],[126.60185,35.48006],[126.60203,35.48235],[126.60296,35.48373],[126.60263,35.48645],[126.6036,35.48905],[126.60335,35.48897],[126.60371,35.48983],[126.60367,35.4908],[126.60365,35.49036],[126.60318,35.49023],[126.60275,35.48936],[126.60191,35.48847],[126.6006,35.48805],[126.59964,35.48821],[126.59902,35.48797],[126.59802,35.48636],[126.59809,35.4846],[126.59775,35.48345],[126.59593,35.48325],[126.59505,35.48287],[126.59413,35.48338],[126.5937,35.48338],[126.59406,35.48346],[126.59506,35.4829],[126.59594,35.4833],[126.5977,35.48345],[126.59804,35.48466],[126.59804,35.48653],[126.59904,35.48806],[126.59964,35.48824],[126.60041,35.48805],[126.60184,35.48848],[126.60349,35.49052],[126.60308,35.49103],[126.60336,35.49043],[126.60282,35.49128],[126.60263,35.49187],[126.60235,35.49188],[126.6018,35.49262],[126.6018,35.49281],[126.60204,35.49253],[126.60162,35.49297],[126.6017,35.49327],[126.60125,35.49342],[126.60124,35.49415],[126.6007,35.49526],[126.6003,35.49542],[126.60069,35.49531],[126.60075,35.49547],[126.60049,35.49618],[126.60052,35.49871],[126.60072,35.49875],[126.60063,35.49965],[126.60094,35.49992]],[[126.60087,35.49913],[126.60092,35.49858],[126.6013,35.499],[126.60131,35.49871],[126.60122,35.49976],[126.60087,35.49913]],[[126.60075,35.49867],[126.60074,35.49867],[126.60074,35.49866],[126.60074,35.49866],[126.60073,35.49864],[126.60073,35.49864],[126.60073,35.49863],[126.60074,35.49863],[126.60075,35.49863],[126.60076,35.49863],[126.60078,35.49863],[126.60079,35.49863],[126.60079,35.49864],[126.60079,35.49864],[126.60079,35.49865],[126.60078,35.49865],[126.60077,35.49866],[126.60076,35.49867],[126.60075,35.49867]],[[126.60084,35.49881],[126.60081,35.49881],[126.60081,35.49881],[126.6008,35.4988],[126.6008,35.49879],[126.6008,35.49878],[126.60079,35.49877],[126.60079,35.49876],[126.60078,35.49875],[126.60077,35.49873],[126.60077,35.49871],[126.60077,35.4987],[126.60077,35.4987],[126.60078,35.4987],[126.60079,35.4987],[126.6008,35.49871],[126.6008,35.49871],[126.6008,35.49871],[126.6008,35.49872],[126.6008,35.49872],[126.60081,35.49873],[126.60082,35.49873],[126.60082,35.49874],[126.60082,35.49874],[126.60082,35.49875],[126.60083,35.49876],[126.60083,35.49876],[126.60085,35.49877],[126.60086,35.49877],[126.60087,35.49878],[126.60088,35.49879],[126.60088,35.4988],[126.60088,35.4988],[126.60088,35.49881],[126.60087,35.49881],[126.60085,35.49881],[126.60084,35.49881]],[[126.60088,35.49891],[126.60087,35.49891],[126.60086,35.49889],[126.60085,35.49888],[126.60083,35.49886],[126.60083,35.49884],[126.60082,35.49883],[126.60082,35.49883],[126.60083,35.49883],[126.60084,35.49883],[126.60085,35.49884],[126.60087,35.49884],[126.60088,35.49885],[126.60088,35.49886],[126.60089,35.49887],[126.60089,35.49888],[126.60089,35.4989],[126.60088,35.49891],[126.60088,35.49891]],[[126.60145,35.49366],[126.60164,35.49374],[126.60142,35.49381],[126.60145,35.49366]],[[126.60134,35.49366],[126.60133,35.49366],[126.60133,35.49365],[126.60133,35.49365],[126.60133,35.49364],[126.60133,35.49364],[126.60133,35.49363],[126.60133,35.49361],[126.60133,35.4936],[126.60134,35.49359],[126.60134,35.49358],[126.60134,35.49358],[126.60134,35.49357],[126.60135,35.49357],[126.60135,35.49357],[126.60135,35.49357],[126.60136,35.49357],[126.60136,35.49358],[126.60137,35.49358],[126.60137,35.49359],[126.60138,35.49359],[126.6014,35.4936],[126.6014,35.49361],[126.6014,35.49361],[126.6014,35.49361],[126.6014,35.49362],[126.60141,35.49362],[126.6014,35.49362],[126.6014,35.49363],[126.6014,35.49363],[126.60138,35.49364],[126.60137,35.49365],[126.60137,35.49365],[126.60136,35.49365],[126.60135,35.49366],[126.60134,35.49366],[126.60134,35.49366]],[[126.60307,35.49143],[126.60308,35.49144],[126.60309,35.49144],[126.6031,35.49144],[126.6031,35.49143],[126.60311,35.49143],[126.60312,35.49143],[126.60312,35.49144],[126.60313,35.49143],[126.60314,35.49143],[126.60314,35.49142],[126.60315,35.49141],[126.60316,35.49141],[126.60316,35.49141],[126.60311,35.49141],[126.60309,35.49141],[126.60308,35.49141],[126.60308,35.49141],[126.60308,35.4914],[126.60307,35.49139],[126.60308,35.49138],[126.60308,35.49137],[126.60308,35.49136],[126.60308,35.49136],[126.60309,35.49135],[126.60309,35.49135],[126.60309,35.49134],[126.60309,35.49133],[126.60309,35.49132],[126.60309,35.49131],[126.6031,35.4913],[126.60314,35.49125],[126.60316,35.49123],[126.60316,35.49123],[126.60316,35.49121],[126.60316,35.49118],[126.60316,35.49117],[126.60315,35.49117],[126.60314,35.49116],[126.60314,35.49115],[126.60315,35.49115],[126.60318,35.49114],[126.60319,35.49114],[126.6032,35.49115],[126.6032,35.49118],[126.60321,35.49119],[126.60321,35.49119],[126.60322,35.49119],[126.60323,35.49119],[126.60324,35.49119],[126.60325,35.49119],[126.60325,35.49118],[126.60326,35.49116],[126.60326,35.49115],[126.60326,35.49113],[126.60326,35.49111],[126.60326,35.49109],[126.60327,35.49107],[126.60327,35.49106],[126.60328,35.49105],[126.60328,35.49105],[126.6033,35.49105],[126.60331,35.49105],[126.60331,35.49105],[126.60332,35.49106],[126.60335,35.49108],[126.60336,35.49108],[126.60338,35.49108],[126.60339,35.49109],[126.60339,35.4911],[126.60339,35.49113],[126.60339,35.49115],[126.60337,35.49118],[126.60338,35.49119],[126.60338,35.49119],[126.60339,35.49119],[126.6034,35.49118],[126.60341,35.49118],[126.60341,35.49119],[126.60341,35.49119],[126.60341,35.4912],[126.6034,35.4912],[126.60339,35.4912],[126.60338,35.4912],[126.60338,35.4912],[126.60337,35.49123],[126.60336,35.49124],[126.60335,35.49124],[126.60333,35.49125],[126.60332,35.49125],[126.60332,35.49125],[126.60332,35.49125],[126.60332,35.49127],[126.60332,35.49128],[126.60332,35.49129],[126.60333,35.49129],[126.60333,35.4913],[126.60333,35.49131],[126.60333,35.49132],[126.60332,35.49133],[126.60332,35.49135],[126.60331,35.49135],[126.60331,35.49136],[126.6033,35.49135],[126.6033,35.49134],[126.6033,35.49134],[126.60331,35.49133],[126.60331,35.49132],[126.6033,35.49132],[126.6033,35.49132],[126.60329,35.49132],[126.60328,35.49133],[126.60327,35.49134],[126.60327,35.49136],[126.60326,35.49137],[126.60324,35.49139],[126.60323,35.4914],[126.60322,35.49139],[126.60321,35.49138],[126.60321,35.49137],[126.6032,35.49138],[126.60319,35.49138],[126.60319,35.49139],[126.60318,35.49139],[126.60318,35.49141],[126.60318,35.49142],[126.60317,35.49143],[126.60317,35.49144],[126.60316,35.49146],[126.60316,35.49147],[126.60315,35.49148],[126.60312,35.49148],[126.6031,35.49148],[126.60309,35.49148],[126.60308,35.49147],[126.60307,35.49146],[126.60306,35.49145],[126.60306,35.49144],[126.60306,35.49143],[126.60307,35.49143]],[[126.60357,35.49078],[126.60357,35.49078],[126.60357,35.49079],[126.60358,35.49079],[126.60358,35.49081],[126.60358,35.49082],[126.60358,35.49084],[126.60358,35.49085],[126.60359,35.49086],[126.60359,35.49086],[126.6036,35.49086],[126.6036,35.49085],[126.6036,35.49083],[126.6036,35.49081],[126.6036,35.4908],[126.60361,35.4908],[126.60362,35.49081],[126.60362,35.49082],[126.60363,35.49082],[126.60364,35.49086],[126.60364,35.49087],[126.60364,35.49088],[126.60364,35.49089],[126.60362,35.4909],[126.60359,35.49091],[126.60358,35.49092],[126.60356,35.49092],[126.60356,35.49091],[126.60355,35.49089],[126.60354,35.49087],[126.60353,35.49086],[126.60353,35.49084],[126.60355,35.49082],[126.60356,35.49081],[126.60356,35.4908],[126.60356,35.49079],[126.60356,35.49078],[126.60357,35.49078]],[[126.60401,35.48955],[126.60402,35.48956],[126.60402,35.48956],[126.60403,35.48956],[126.60403,35.48956],[126.60404,35.48956],[126.60404,35.48957],[126.60404,35.48957],[126.60404,35.48958],[126.60404,35.48958],[126.60404,35.48959],[126.60404,35.4896],[126.60404,35.4896],[126.60404,35.48963],[126.60404,35.48964],[126.60404,35.48965],[126.60404,35.48967],[126.60404,35.48967],[126.60404,35.48968],[126.60403,35.4897],[126.60403,35.48971],[126.60403,35.48971],[126.60402,35.48972],[126.60402,35.48973],[126.60402,35.48973],[126.60401,35.48974],[126.60401,35.48974],[126.604,35.48974],[126.604,35.48974],[126.60399,35.48974],[126.60399,35.48973],[126.60399,35.48973],[126.60398,35.48972],[126.60398,35.48972],[126.60398,35.48971],[126.60398,35.4897],[126.60398,35.48969],[126.60398,35.48969],[126.60397,35.48968],[126.60397,35.48967],[126.60396,35.48967],[126.60396,35.48966],[126.60396,35.48965],[126.60395,35.48965],[126.60395,35.48963],[126.60395,35.48963],[126.60395,35.48962],[126.60396,35.48961],[126.60396,35.48961],[126.60396,35.48959],[126.60396,35.48959],[126.60397,35.48958],[126.60397,35.48958],[126.60398,35.48957],[126.60398,35.48957],[126.60399,35.48956],[126.60399,35.48956],[126.604,35.48956],[126.60401,35.48956],[126.60401,35.48955]],[[126.60394,35.48949],[126.60394,35.48949],[126.60395,35.4895],[126.60396,35.4895],[126.60396,35.4895],[126.60396,35.48951],[126.60396,35.48951],[126.60396,35.48952],[126.60395,35.48953],[126.60395,35.48953],[126.60395,35.48954],[126.60395,35.48954],[126.60395,35.48954],[126.60394,35.48954],[126.60394,35.48954],[126.60393,35.48954],[126.60393,35.48954],[126.60393,35.48954],[126.60392,35.48954],[126.60392,35.48953],[126.60392,35.48953],[126.60391,35.48952],[126.60391,35.48952],[126.60391,35.48952],[126.60391,35.48951],[126.60391,35.48951],[126.60391,35.4895],[126.60392,35.4895],[126.60392,35.4895],[126.60392,35.48949],[126.60393,35.48949],[126.60393,35.48949],[126.60394,35.48949]],[[126.6037,35.48855],[126.60371,35.48855],[126.60371,35.48855],[126.60372,35.48855],[126.60372,35.48855],[126.60373,35.48855],[126.60374,35.48856],[126.60374,35.48856],[126.60375,35.48857],[126.60375,35.48857],[126.60378,35.4886],[126.60378,35.48861],[126.60379,35.48862],[126.6038,35.48863],[126.6038,35.48864],[126.60381,35.48865],[126.60381,35.48865],[126.60381,35.48866],[126.60381,35.48866],[126.60381,35.48867],[126.60381,35.48867],[126.6038,35.48867],[126.6038,35.48867],[126.60378,35.48868],[126.60377,35.48868],[126.60377,35.48868],[126.60376,35.48869],[126.60376,35.48869],[126.60375,35.4887],[126.60374,35.48871],[126.60374,35.48871],[126.60373,35.48871],[126.60373,35.48871],[126.60372,35.48872],[126.60372,35.48871],[126.60371,35.48871],[126.6037,35.48871],[126.6037,35.48871],[126.6037,35.4887],[126.60369,35.4887],[126.60369,35.48868],[126.60369,35.48868],[126.60368,35.48867],[126.60367,35.48866],[126.60367,35.48866],[126.60366,35.48865],[126.60365,35.48864],[126.60364,35.48863],[126.60364,35.48863],[126.60363,35.48862],[126.60363,35.48862],[126.60363,35.48861],[126.60363,35.4886],[126.60364,35.4886],[126.60364,35.48859],[126.60364,35.48858],[126.60364,35.48858],[126.60365,35.48857],[126.60365,35.48857],[126.60366,35.48856],[126.60366,35.48856],[126.60367,35.48856],[126.60367,35.48855],[126.60368,35.48855],[126.60369,35.48855],[126.60369,35.48855],[126.6037,35.48855]],[[126.60291,35.48415],[126.60291,35.48415],[126.60292,35.48416],[126.60292,35.48416],[126.60292,35.48416],[126.60292,35.48417],[126.60293,35.48418],[126.60294,35.48419],[126.60294,35.4842],[126.60294,35.4842],[126.60294,35.4842],[126.60294,35.48421],[126.60293,35.48422],[126.60293,35.48422],[126.60293,35.48422],[126.60292,35.48424],[126.60291,35.48424],[126.60291,35.48424],[126.6029,35.48424],[126.6029,35.48424],[126.60289,35.48424],[126.60289,35.48424],[126.60288,35.48424],[126.60288,35.48424],[126.60287,35.48423],[126.60287,35.48423],[126.60287,35.48422],[126.60287,35.48422],[126.60287,35.48421],[126.60287,35.48421],[126.60287,35.4842],[126.60287,35.4842],[126.60287,35.48419],[126.60287,35.48419],[126.60287,35.48418],[126.60288,35.48417],[126.60288,35.48417],[126.60288,35.48416],[126.60288,35.48416],[126.60289,35.48416],[126.60289,35.48416],[126.6029,35.48415],[126.60291,35.48415]],[[126.60335,35.48248],[126.60336,35.48248],[126.60337,35.48248],[126.60337,35.48249],[126.60337,35.48249],[126.60337,35.4825],[126.60337,35.4825],[126.60337,35.48251],[126.60337,35.48252],[126.60337,35.48253],[126.60336,35.48255],[126.60336,35.48256],[126.60335,35.48256],[126.60335,35.48258],[126.60334,35.48259],[126.60334,35.48259],[126.60333,35.48261],[126.60333,35.48262],[126.60332,35.48263],[126.60331,35.48265],[126.60331,35.48266],[126.6033,35.48267],[126.6033,35.48269],[126.60329,35.48271],[126.60329,35.48272],[126.60329,35.48273],[126.60329,35.48273],[126.60328,35.48274],[126.60328,35.48275],[126.60328,35.48276],[126.60327,35.48277],[126.60327,35.48278],[126.60327,35.48278],[126.60321,35.48291],[126.6032,35.48292],[126.6032,35.48293],[126.6032,35.48295],[126.6032,35.48296],[126.60319,35.48297],[126.60319,35.48299],[126.60319,35.48301],[126.60319,35.48302],[126.60319,35.48302],[126.60318,35.48303],[126.60318,35.48303],[126.60318,35.48303],[126.60318,35.48302],[126.60317,35.48302],[126.60317,35.48301],[126.60317,35.483],[126.60316,35.48299],[126.60316,35.48299],[126.60316,35.48298],[126.60316,35.48297],[126.60316,35.48295],[126.60316,35.48294],[126.60317,35.48293],[126.60317,35.48292],[126.60317,35.48291],[126.60318,35.48291],[126.6032,35.48287],[126.6032,35.48286],[126.60321,35.48285],[126.60321,35.48284],[126.60322,35.48282],[126.60322,35.48279],[126.60323,35.48278],[126.60323,35.48277],[126.60324,35.48274],[126.60324,35.48273],[126.60324,35.48272],[126.60324,35.48269],[126.60324,35.48266],[126.60324,35.48265],[126.60324,35.48264],[126.60324,35.48263],[126.60325,35.48261],[126.60325,35.4826],[126.60325,35.4826],[126.60326,35.48259],[126.60326,35.48258],[126.60327,35.48256],[126.60328,35.48255],[126.60328,35.48253],[126.60329,35.48252],[126.60329,35.48252],[126.60329,35.4825],[126.60329,35.4825],[126.60329,35.48249],[126.60329,35.48249],[126.6033,35.48249],[126.6033,35.48248],[126.60331,35.48248],[126.60332,35.48248],[126.60332,35.48248],[126.60335,35.48248]],[[126.60459,35.48064],[126.6046,35.48064],[126.60464,35.48064],[126.60465,35.48065],[126.60466,35.48065],[126.60467,35.48065],[126.60468,35.48065],[126.60469,35.48065],[126.6047,35.48066],[126.60471,35.48066],[126.60472,35.48066],[126.60472,35.48067],[126.60473,35.48067],[126.60473,35.48068],[126.60474,35.48069],[126.60474,35.48069],[126.60474,35.4807],[126.60474,35.4807],[126.60474,35.48071],[126.60473,35.48072],[126.60473,35.48072],[126.60472,35.48073],[126.60472,35.48073],[126.60471,35.48073],[126.6047,35.48073],[126.6047,35.48073],[126.60469,35.48073],[126.60468,35.48073],[126.60458,35.48072],[126.60456,35.48072],[126.60456,35.48071],[126.60455,35.48071],[126.60454,35.48071],[126.60454,35.48071],[126.60453,35.4807],[126.60453,35.4807],[126.60453,35.48069],[126.60453,35.48069],[126.60453,35.48068],[126.60453,35.48067],[126.60453,35.48067],[126.60454,35.48066],[126.60454,35.48066],[126.60455,35.48065],[126.60456,35.48065],[126.60456,35.48064],[126.60457,35.48064],[126.60458,35.48064],[126.60459,35.48064]],[[126.60684,35.47932],[126.60685,35.47932],[126.60686,35.47932],[126.60687,35.47932],[126.60687,35.47932],[126.60688,35.47932],[126.60689,35.47933],[126.60689,35.47933],[126.6069,35.47934],[126.6069,35.47934],[126.6069,35.47935],[126.6069,35.47935],[126.6069,35.47936],[126.6069,35.47936],[126.6069,35.47937],[126.6069,35.47938],[126.60689,35.47938],[126.60689,35.47938],[126.60688,35.47939],[126.60687,35.47939],[126.60684,35.4794],[126.60684,35.47941],[126.60683,35.47941],[126.60682,35.47941],[126.60679,35.47943],[126.60678,35.47944],[126.60677,35.47944],[126.60677,35.47944],[126.60676,35.47945],[126.60674,35.47945],[126.60673,35.47945],[126.60672,35.47945],[126.60671,35.47945],[126.6067,35.47945],[126.60669,35.47945],[126.60668,35.47945],[126.60666,35.47946],[126.60665,35.47946],[126.60664,35.47946],[126.60662,35.47947],[126.60661,35.47947],[126.6066,35.47947],[126.60659,35.47948],[126.60658,35.47948],[126.60656,35.47949],[126.60655,35.4795],[126.60655,35.4795],[126.60654,35.4795],[126.60652,35.47951],[126.60651,35.47951],[126.60651,35.47951],[126.6065,35.47952],[126.6065,35.47952],[126.6065,35.47952],[126.60649,35.47953],[126.60649,35.47953],[126.60644,35.47955],[126.60643,35.47955],[126.60643,35.47955],[126.60642,35.47956],[126.60641,35.47956],[126.6064,35.47956],[126.60639,35.47956],[126.60638,35.47956],[126.60637,35.47956],[126.60636,35.47956],[126.60635,35.47956],[126.60634,35.47956],[126.60633,35.47955],[126.60633,35.47955],[126.60632,35.47955],[126.60631,35.47954],[126.60631,35.47954],[126.6063,35.47954],[126.6063,35.47953],[126.6063,35.47953],[126.60631,35.47952],[126.60631,35.47951],[126.60632,35.47951],[126.60635,35.47949],[126.60637,35.47948],[126.60639,35.47947],[126.60641,35.47945],[126.60642,35.47944],[126.60643,35.47944],[126.60646,35.47943],[126.60648,35.47942],[126.60649,35.47942],[126.6065,35.47941],[126.60651,35.47941],[126.60652,35.4794],[126.60654,35.4794],[126.60655,35.4794],[126.60656,35.4794],[126.60657,35.4794],[126.6066,35.47939],[126.60661,35.47939],[126.60662,35.47939],[126.60663,35.47939],[126.60665,35.47938],[126.60666,35.47938],[126.60667,35.47938],[126.60668,35.47937],[126.6067,35.47936],[126.60672,35.47935],[126.60673,35.47935],[126.60674,35.47934],[126.60675,35.47934],[126.60676,35.47933],[126.60677,35.47933],[126.60678,35.47933],[126.60679,35.47932],[126.6068,35.47932],[126.60681,35.47932],[126.60682,35.47932],[126.60683,35.47932],[126.60684,35.47932]],[[126.60695,35.47932],[126.60695,35.47931],[126.60696,35.47931],[126.60696,35.47931],[126.60699,35.4793],[126.607,35.4793],[126.607,35.4793],[126.60701,35.4793],[126.60702,35.4793],[126.60702,35.4793],[126.60703,35.4793],[126.60704,35.4793],[126.60704,35.4793],[126.60705,35.47931],[126.60706,35.47931],[126.60706,35.47931],[126.60706,35.47932],[126.60707,35.47932],[126.60707,35.47932],[126.60707,35.47933],[126.60708,35.47933],[126.60708,35.47934],[126.60708,35.47934],[126.60707,35.47935],[126.60707,35.47935],[126.60707,35.47936],[126.60706,35.47936],[126.60706,35.47936],[126.60705,35.47936],[126.607,35.47937],[126.607,35.47937],[126.60699,35.47937],[126.60698,35.47937],[126.60698,35.47937],[126.60697,35.47937],[126.60697,35.47936],[126.60696,35.47936],[126.60696,35.47936],[126.60695,35.47935],[126.60695,35.47935],[126.60695,35.47934],[126.60694,35.47933],[126.60694,35.47933],[126.60694,35.47932],[126.60695,35.47932]],[[126.6092,35.47907],[126.60922,35.47907],[126.60922,35.47906],[126.60923,35.47906],[126.60924,35.47906],[126.60924,35.47905],[126.60926,35.47904],[126.60927,35.47904],[126.60928,35.47903],[126.60929,35.47903],[126.6093,35.47903],[126.60931,35.47902],[126.60932,35.47902],[126.60932,35.47902],[126.60933,35.47901],[126.60933,35.47901],[126.60934,35.47901],[126.60934,35.47902],[126.60935,35.47902],[126.60935,35.47902],[126.60935,35.47902],[126.60935,35.47903],[126.60935,35.47903],[126.60935,35.47904],[126.60935,35.47904],[126.60934,35.47904],[126.60934,35.47905],[126.60934,35.47905],[126.60933,35.47906],[126.60934,35.47906],[126.60934,35.47906],[126.60934,35.47907],[126.60934,35.47907],[126.60935,35.47907],[126.60935,35.47908],[126.60935,35.47908],[126.60935,35.47909],[126.60935,35.47909],[126.60934,35.4791],[126.60932,35.47912],[126.60932,35.47912],[126.60931,35.47913],[126.60931,35.47913],[126.6093,35.47913],[126.6093,35.47913],[126.60929,35.47914],[126.60928,35.47914],[126.60927,35.47914],[126.60927,35.47914],[126.60926,35.47913],[126.60924,35.47913],[126.60923,35.47913],[126.60923,35.47913],[126.60922,35.47913],[126.60921,35.47912],[126.6092,35.47912],[126.60919,35.47912],[126.60918,35.47911],[126.60918,35.47911],[126.60918,35.47911],[126.60917,35.4791],[126.60917,35.4791],[126.60917,35.47909],[126.60917,35.47909],[126.60917,35.47909],[126.60918,35.47908],[126.60918,35.47908],[126.60919,35.47908],[126.6092,35.47907],[126.6092,35.47907]],[[126.60938,35.47908],[126.60939,35.47908],[126.60939,35.47908],[126.6094,35.47908],[126.6094,35.47909],[126.60941,35.47909],[126.60941,35.47909],[126.60941,35.4791],[126.60941,35.4791],[126.60938,35.47912],[126.60938,35.47912],[126.60937,35.47912],[126.60937,35.47912],[126.60936,35.47912],[126.60935,35.47912],[126.60935,35.47912],[126.60935,35.47912],[126.60935,35.47911],[126.60935,35.47911],[126.60936,35.4791],[126.60936,35.47909],[126.60936,35.47909],[126.60937,35.47908],[126.60937,35.47908],[126.60938,35.47908]],[[126.60914,35.47907],[126.60896,35.47897],[126.60943,35.47895],[126.60914,35.47907]],[[126.60949,35.47892],[126.60949,35.47892],[126.60948,35.47891],[126.60947,35.4789],[126.60947,35.4789],[126.60948,35.47889],[126.60948,35.47889],[126.60949,35.47889],[126.60949,35.47889],[126.6095,35.47889],[126.60952,35.47889],[126.60952,35.47889],[126.60953,35.47889],[126.60953,35.47889],[126.60954,35.47889],[126.60955,35.47888],[126.60955,35.47888],[126.60956,35.47888],[126.60956,35.47887],[126.60957,35.47887],[126.60957,35.47887],[126.60958,35.47887],[126.60959,35.47887],[126.60959,35.47888],[126.6096,35.47888],[126.6096,35.47888],[126.60961,35.47889],[126.60961,35.47889],[126.60962,35.4789],[126.60963,35.4789],[126.60963,35.47891],[126.60963,35.47891],[126.60963,35.47892],[126.60963,35.47892],[126.60962,35.47892],[126.60962,35.47892],[126.60961,35.47893],[126.60959,35.47893],[126.60959,35.47894],[126.60958,35.47894],[126.60958,35.47894],[126.60957,35.47894],[126.60954,35.47894],[126.60953,35.47894],[126.60951,35.47893],[126.6095,35.47892],[126.60949,35.47892]],[[126.61073,35.47813],[126.61074,35.47813],[126.61074,35.47813],[126.61075,35.47814],[126.61075,35.47814],[126.61075,35.47814],[126.61075,35.47815],[126.61075,35.47815],[126.61075,35.47816],[126.61075,35.47816],[126.61075,35.47817],[126.61075,35.47817],[126.61074,35.47819],[126.61072,35.47823],[126.61072,35.47823],[126.61071,35.47824],[126.61071,35.47825],[126.6107,35.47825],[126.6107,35.47826],[126.6107,35.47827],[126.6107,35.47828],[126.6107,35.47829],[126.6107,35.4783],[126.61069,35.4783],[126.61069,35.4783],[126.61068,35.4783],[126.61068,35.47831],[126.61066,35.47831],[126.61065,35.47831],[126.61064,35.47831],[126.61064,35.4783],[126.61064,35.4783],[126.61063,35.4783],[126.61063,35.47829],[126.61063,35.47829],[126.61064,35.47828],[126.61064,35.47827],[126.61063,35.47826],[126.61063,35.47826],[126.61063,35.47826],[126.61062,35.47826],[126.61061,35.47826],[126.61061,35.47825],[126.6106,35.47825],[126.6106,35.47825],[126.6106,35.47824],[126.6106,35.47824],[126.61061,35.47824],[126.61061,35.47823],[126.61062,35.47822],[126.61063,35.47821],[126.61064,35.47821],[126.61064,35.4782],[126.61066,35.47818],[126.61067,35.47817],[126.61068,35.47816],[126.61069,35.47815],[126.6107,35.47814],[126.6107,35.47814],[126.61071,35.47814],[126.61072,35.47813],[126.61072,35.47813],[126.61073,35.47813],[126.61073,35.47813]],[[126.61243,35.47639],[126.61254,35.47616],[126.61274,35.47637],[126.61243,35.47639]],[[126.62399,35.4723],[126.624,35.47276],[126.62382,35.47247],[126.62399,35.4723]],[[126.62381,35.47177],[126.6238,35.47177],[126.62378,35.47177],[126.62378,35.47177],[126.62377,35.47175],[126.62377,35.47172],[126.62376,35.47168],[126.62375,35.47153],[126.62373,35.47149],[126.62371,35.47146],[126.6237,35.47144],[126.6237,35.47142],[126.6237,35.47139],[126.6237,35.47137],[126.6237,35.47134],[126.6237,35.47132],[126.62371,35.47131],[126.62371,35.47129],[126.62373,35.47126],[126.62374,35.47123],[126.62375,35.47121],[126.62376,35.4712],[126.62377,35.4712],[126.62378,35.4712],[126.62379,35.47119],[126.6238,35.47119],[126.62381,35.4712],[126.62381,35.4712],[126.62381,35.47121],[126.62382,35.47122],[126.62382,35.47123],[126.62383,35.47124],[126.62385,35.47126],[126.62386,35.47127],[126.62388,35.47127],[126.62389,35.47128],[126.62391,35.47129],[126.62393,35.4713],[126.62393,35.47131],[126.62394,35.47133],[126.62394,35.47135],[126.62394,35.47137],[126.62394,35.47139],[126.62394,35.47141],[126.62394,35.47142],[126.62394,35.47144],[126.62393,35.47145],[126.62393,35.47147],[126.62392,35.47149],[126.62392,35.47151],[126.62392,35.47155],[126.62391,35.47159],[126.62391,35.47161],[126.6239,35.47163],[126.6239,35.47164],[126.6239,35.47166],[126.6239,35.47168],[126.6239,35.4717],[126.6239,35.47172],[126.6239,35.47173],[126.6239,35.47175],[126.62389,35.47176],[126.62389,35.47177],[126.62388,35.47177],[126.62387,35.47177],[126.62387,35.47177],[126.62386,35.47178],[126.62385,35.47178],[126.62383,35.47178],[126.62382,35.47177],[126.62381,35.47177]],[[126.62364,35.46979],[126.62365,35.4698],[126.62367,35.46981],[126.62368,35.46982],[126.62368,35.46984],[126.62368,35.46986],[126.62368,35.46989],[126.62369,35.46995],[126.62368,35.46996],[126.62366,35.46996],[126.62364,35.46995],[126.62363,35.46993],[126.62363,35.4699],[126.62363,35.46987],[126.62363,35.46982],[126.62363,35.4698],[126.62364,35.46979]],[[126.62396,35.46458],[126.62396,35.46457],[126.62396,35.46456],[126.62395,35.46456],[126.62393,35.46457],[126.62392,35.46458],[126.6239,35.46459],[126.62389,35.46459],[126.62389,35.46458],[126.62389,35.46457],[126.62392,35.46455],[126.62393,35.46455],[126.62393,35.46453],[126.62394,35.46451],[126.62395,35.4645],[126.62396,35.46449],[126.62398,35.46449],[126.62399,35.46449],[126.624,35.4645],[126.62401,35.46451],[126.62401,35.46453],[126.624,35.46454],[126.624,35.46457],[126.624,35.46459],[126.62399,35.4646],[126.62397,35.46463],[126.62397,35.46464],[126.62395,35.46464],[126.62394,35.46463],[126.62394,35.46461],[126.62395,35.4646],[126.62396,35.46458]],[[126.62739,35.46031],[126.62767,35.46029],[126.6277,35.46053],[126.62751,35.46044],[126.62649,35.46126],[126.62739,35.46031]],[[126.62742,35.46029],[126.62763,35.45991],[126.62742,35.45989],[126.62772,35.4597],[126.62771,35.46008],[126.62742,35.46029]],[[126.63035,35.44829],[126.63037,35.4483],[126.63038,35.4483],[126.63039,35.4483],[126.63039,35.4483],[126.63039,35.44831],[126.63039,35.44831],[126.63036,35.44834],[126.63021,35.44848],[126.62995,35.44871],[126.62993,35.44872],[126.62991,35.44873],[126.6299,35.44872],[126.6299,35.44867],[126.6299,35.44866],[126.62991,35.44865],[126.62992,35.44864],[126.62993,35.44863],[126.63,35.44858],[126.63011,35.4485],[126.63019,35.44842],[126.63029,35.44831],[126.63032,35.4483],[126.63035,35.44829]],[[126.65027,35.44484],[126.65017,35.44532],[126.64966,35.44558],[126.65027,35.44484]],[[126.65095,35.44417],[126.65107,35.44439],[126.65061,35.44456],[126.65095,35.44417]],[[126.65317,35.44353],[126.65318,35.44354],[126.6532,35.44355],[126.65321,35.44356],[126.65322,35.44357],[126.65322,35.44359],[126.65322,35.4436],[126.65321,35.44361],[126.6532,35.44362],[126.6532,35.44363],[126.65318,35.44363],[126.65314,35.44364],[126.65312,35.44364],[126.65309,35.44363],[126.65306,35.44362],[126.65304,35.44361],[126.65304,35.4436],[126.65303,35.44358],[126.65304,35.44356],[126.65304,35.44355],[126.65306,35.44354],[126.65308,35.44353],[126.65311,35.44353],[126.65314,35.44353],[126.65317,35.44353]],[[126.65808,35.44235],[126.65809,35.44236],[126.6581,35.44236],[126.65811,35.44237],[126.65812,35.44237],[126.65812,35.44238],[126.65812,35.44239],[126.65812,35.4424],[126.65811,35.44241],[126.6581,35.44242],[126.6581,35.44243],[126.65807,35.44245],[126.658,35.44249],[126.65797,35.44253],[126.65796,35.44255],[126.65795,35.44256],[126.65795,35.44258],[126.65795,35.44259],[126.65795,35.44262],[126.65795,35.44264],[126.65795,35.44264],[126.65795,35.44265],[126.65794,35.44265],[126.65793,35.44264],[126.65788,35.4426],[126.65787,35.4426],[126.65785,35.4426],[126.65784,35.4426],[126.65782,35.4426],[126.6578,35.44261],[126.65762,35.44281],[126.6576,35.44283],[126.65759,35.44284],[126.65757,35.44285],[126.65755,35.44285],[126.65753,35.44284],[126.65752,35.44283],[126.65752,35.44281],[126.65752,35.4428],[126.65753,35.44277],[126.65763,35.44265],[126.65765,35.44263],[126.65766,35.44261],[126.6577,35.44258],[126.65779,35.44253],[126.65791,35.44244],[126.65798,35.4424],[126.65805,35.44236],[126.65807,35.44235],[126.65808,35.44235]],[[126.65814,35.44233],[126.65813,35.44231],[126.65814,35.44231],[126.65817,35.44229],[126.6582,35.44228],[126.65838,35.44219],[126.65855,35.44211],[126.65861,35.44209],[126.65867,35.44209],[126.65882,35.44207],[126.65898,35.44206],[126.65912,35.44206],[126.65917,35.44206],[126.65918,35.44206],[126.65918,35.44207],[126.65918,35.44207],[126.65918,35.44208],[126.65917,35.44209],[126.65914,35.44211],[126.65912,35.44211],[126.6591,35.44211],[126.65907,35.44211],[126.65904,35.4421],[126.65894,35.44211],[126.65882,35.44213],[126.65864,35.44217],[126.65853,35.44219],[126.65849,35.44219],[126.65847,35.4422],[126.65845,35.4422],[126.65844,35.44221],[126.65842,35.44222],[126.65834,35.44229],[126.65827,35.44235],[126.65825,35.44236],[126.65824,35.44236],[126.65822,35.44236],[126.6582,35.44236],[126.65814,35.44233]],[[126.66056,35.44206],[126.66098,35.44181],[126.66126,35.44191],[126.66056,35.44206]],[[126.66133,35.4418],[126.66161,35.44146],[126.66166,35.4419],[126.66133,35.4418]],[[126.67909,35.40764],[126.6791,35.40763],[126.6791,35.40764],[126.67905,35.40769],[126.67896,35.40774],[126.67891,35.40775],[126.67891,35.40775],[126.67891,35.40775],[126.67891,35.40774],[126.67897,35.40769],[126.679,35.40767],[126.67903,35.40766],[126.67909,35.40764]],[[126.67903,35.40764],[126.67902,35.40764],[126.67902,35.40764],[126.67902,35.40763],[126.67907,35.40758],[126.67911,35.40752],[126.67917,35.40746],[126.67921,35.40742],[126.67925,35.40737],[126.67928,35.40732],[126.67932,35.40729],[126.67944,35.4072],[126.67946,35.4072],[126.67946,35.4072],[126.67946,35.40721],[126.67945,35.40723],[126.67941,35.40732],[126.67934,35.40741],[126.67927,35.40749],[126.67922,35.40751],[126.67914,35.40757],[126.67909,35.40761],[126.67909,35.40761],[126.67903,35.40764],[126.67903,35.40764]],[[126.68176,35.40552],[126.68181,35.40551],[126.68185,35.4055],[126.6819,35.40549],[126.68191,35.40549],[126.68192,35.40549],[126.68192,35.4055],[126.68192,35.4055],[126.68192,35.4055],[126.68188,35.40558],[126.68187,35.40558],[126.68184,35.4056],[126.68183,35.4056],[126.68182,35.4056],[126.68181,35.4056],[126.68181,35.4056],[126.68182,35.40558],[126.68183,35.40558],[126.68182,35.40558],[126.68177,35.40557],[126.68172,35.40555],[126.68172,35.40554],[126.68172,35.40554],[126.68172,35.40553],[126.68176,35.40552]],[[126.68182,35.40533],[126.68183,35.40533],[126.68184,35.40533],[126.68184,35.40534],[126.68183,35.40539],[126.68182,35.40541],[126.68181,35.40542],[126.68177,35.40544],[126.68177,35.40545],[126.68174,35.40545],[126.68166,35.40549],[126.68166,35.40549],[126.68165,35.40549],[126.68165,35.40549],[126.68163,35.40547],[126.68163,35.40546],[126.68165,35.40542],[126.68167,35.40539],[126.6817,35.40536],[126.68174,35.40534],[126.68177,35.40533],[126.68178,35.40533],[126.68182,35.40533]],[[126.67456,35.44171],[126.67458,35.44171],[126.6746,35.44169],[126.67461,35.44169],[126.67462,35.44169],[126.67463,35.44169],[126.67465,35.44169],[126.67466,35.44169],[126.67468,35.44169],[126.67475,35.44168],[126.67476,35.44168],[126.67478,35.44168],[126.67478,35.44168],[126.67479,35.44169],[126.6748,35.44169],[126.6748,35.44169],[126.6748,35.4417],[126.6748,35.44171],[126.6748,35.44171],[126.6748,35.44172],[126.6748,35.44173],[126.6748,35.44173],[126.67479,35.44174],[126.67479,35.44175],[126.67478,35.44175],[126.67477,35.44175],[126.67476,35.44176],[126.67475,35.44176],[126.67473,35.44176],[126.67471,35.44176],[126.67463,35.44177],[126.6746,35.44177],[126.67455,35.44177],[126.67454,35.44177],[126.67453,35.44177],[126.67451,35.44176],[126.6745,35.44176],[126.67449,35.44176],[126.67448,35.44176],[126.67447,35.44176],[126.67446,35.44175],[126.67446,35.44175],[126.67446,35.44175],[126.67447,35.44175],[126.67447,35.44174],[126.67448,35.44174],[126.67449,35.44173],[126.6745,35.44173],[126.6745,35.44173],[126.67452,35.44173],[126.67455,35.44172],[126.67455,35.44172],[126.67456,35.44171]],[[126.67609,35.44156],[126.67615,35.44154],[126.67643,35.44153],[126.67644,35.44154],[126.67644,35.44156],[126.67641,35.44157],[126.67636,35.4416],[126.6763,35.44162],[126.67623,35.44164],[126.67613,35.44166],[126.67604,35.44167],[126.67597,35.44166],[126.67593,35.44166],[126.67583,35.44165],[126.67582,35.44165],[126.67582,35.44164],[126.67582,35.44164],[126.67609,35.44156]],[[126.71258,35.43092],[126.71296,35.43087],[126.71351,35.43121],[126.71191,35.43165],[126.71216,35.4311],[126.71258,35.43092]]]}},{"type":"Feature","id":"TN_RIVER_BT:WTR0200000000HTF7","properties":{"NF_ID":"WTR0200000000HTF7","source_layer":"TN_RIVER_BT","semantic":"channel","river_class":"지방하천","river_class_source":"중심선 공간조인","river_name":"운양천","river_code":"5221610","survey_method":"사진측량","admin_code":"52790"},"geometry":{"type":"Polygon","coordinates":[[[126.67989,35.49884],[126.68283,35.49571],[126.68322,35.49588],[126.68441,35.4958],[126.68577,35.49758],[126.68159,35.5],[126.69303,35.49351],[126.68581,35.49755],[126.68441,35.49579],[126.68322,35.49586],[126.68288,35.49565],[126.68654,35.49202],[126.68741,35.48917],[126.69368,35.48643],[126.69626,35.4863],[126.69723,35.48592],[126.69777,35.48544],[126.69991,35.4796],[126.70188,35.47767],[126.70184,35.47484],[126.70273,35.47264],[126.70602,35.47067],[126.70719,35.47028],[126.71087,35.47156],[126.71227,35.47176],[126.71248,35.47158],[126.71174,35.47115],[126.71151,35.47144],[126.71024,35.47116],[126.70756,35.47007],[126.70607,35.47036],[126.70275,35.47234],[126.70226,35.47287],[126.70159,35.47471],[126.70168,35.47727],[126.70148,35.4778],[126.69993,35.47909],[126.69831,35.47892],[126.69795,35.47844],[126.69775,35.47742],[126.69835,35.47337],[126.69773,35.47164],[126.69828,35.46996],[126.69881,35.46667],[126.69885,35.46353],[126.69877,35.46668],[126.69818,35.47023],[126.69766,35.47139],[126.69827,35.47345],[126.69766,35.47741],[126.69813,35.47889],[126.69852,35.47915],[126.69934,35.47924],[126.69955,35.47954],[126.69774,35.48497],[126.69741,35.4855],[126.69668,35.48596],[126.69345,35.48623],[126.68742,35.4889],[126.68704,35.48886],[126.68637,35.48335],[126.6873,35.48339],[126.68633,35.48335],[126.68689,35.48857],[126.68345,35.48565],[126.68095,35.4795],[126.68057,35.47376],[126.67939,35.47137],[126.68054,35.47383],[126.68085,35.47951],[126.68323,35.48536],[126.6852,35.48735],[126.68672,35.48847],[126.68687,35.48908],[126.68619,35.49173],[126.68187,35.49645],[126.67837,35.49423],[126.67718,35.49403],[126.67602,35.49329],[126.67542,35.49239],[126.67468,35.49243],[126.67408,35.49129],[126.67334,35.49081],[126.67404,35.49129],[126.67467,35.49247],[126.67543,35.49243],[126.67601,35.49334],[126.67724,35.4941],[126.67838,35.49428],[126.68171,35.49641],[126.67842,35.5],[126.67874,35.5],[126.67989,35.49884]]]}},{"type":"Feature","id":"TN_RIVER_BT:WTR0200000000HTG8","properties":{"NF_ID":"WTR0200000000HTG8","source_layer":"TN_RIVER_BT","semantic":"channel","river_class":"지방하천","river_class_source":"중심선 공간조인","river_name":"고부천","river_code":"3320600","survey_method":"사진측량","admin_code":"52790"},"geometry":{"type":"Polygon","coordinates":[[[126.71214,35.49549],[126.71104,35.49471],[126.7101,35.49329],[126.70989,35.49202],[126.71074,35.49112],[126.71067,35.49083],[126.70974,35.48942],[126.70706,35.48677],[126.70835,35.48557],[126.71051,35.48436],[126.7169,35.48424],[126.71803,35.48482],[126.72593,35.49208],[126.72796,35.49302],[126.73234,35.49242],[126.73616,35.49479],[126.73793,35.49775],[126.73618,35.49479],[126.73242,35.4924],[126.72798,35.49298],[126.72598,35.49203],[126.71803,35.48475],[126.71702,35.48422],[126.71049,35.48432],[126.70801,35.48575],[126.70699,35.48682],[126.70976,35.48952],[126.7107,35.491],[126.70986,35.49185],[126.71007,35.49334],[126.71106,35.49483],[126.71204,35.49563],[126.71193,35.49641],[126.71251,35.4973],[126.71134,35.5],[126.71191,35.49925],[126.71265,35.4973],[126.71208,35.49643],[126.71214,35.49549]]]}},{"type":"Feature","id":"TN_RIVER_BT:WTR0200000000HW72","properties":{"NF_ID":"WTR0200000000HW72","source_layer":"TN_RIVER_BT","semantic":"channel","river_class":"소하천","river_class_source":"중심선 공간조인","survey_method":"사진측량","admin_code":"52790"},"geometry":{"type":"MultiPolygon","coordinates":[[[[126.4869,35.39185],[126.48871,35.39311],[126.48979,35.3935],[126.48969,35.39417],[126.49061,35.39521],[126.49039,35.39552],[126.49094,35.39905],[126.49043,35.39557],[126.49062,35.39517],[126.48972,35.39415],[126.48981,35.39346],[126.48868,35.39307],[126.4869,35.39185]]],[[[126.48665,35.39168],[126.48666,35.39169],[126.48666,35.39169],[126.48665,35.39168],[126.48665,35.39168]]],[[[126.48656,35.39161],[126.48656,35.39161],[126.48656,35.39161],[126.48656,35.39161]]],[[[126.4859,35.39121],[126.48603,35.39126],[126.4861,35.3913],[126.48631,35.3914],[126.48637,35.39143],[126.48636,35.39143],[126.48634,35.39141],[126.48633,35.3914],[126.48632,35.3914],[126.4863,35.39139],[126.48629,35.39137],[126.48627,35.39136],[126.48625,35.39136],[126.48622,35.39134],[126.48619,35.39133],[126.48615,35.39131],[126.48612,35.39129],[126.48609,35.39128],[126.48605,35.39126],[126.48602,35.39125],[126.48599,35.39124],[126.48596,35.39123],[126.48593,35.39121],[126.4859,35.3912],[126.48587,35.39118],[126.48584,35.39117],[126.4858,35.39115],[126.48578,35.39114],[126.4859,35.39121]]],[[[126.48555,35.39101],[126.48555,35.39101],[126.48555,35.39101],[126.48555,35.39101]]],[[[126.48511,35.39076],[126.48541,35.39091],[126.48541,35.39091],[126.48538,35.39089],[126.48537,35.39088],[126.48535,35.39087],[126.48533,35.39086],[126.48531,35.39085],[126.4853,35.39084],[126.48528,35.39083],[126.48526,35.39082],[126.48524,35.39082],[126.48524,35.39081],[126.48523,35.39081],[126.48523,35.39081],[126.48523,35.39081],[126.48523,35.39081],[126.48513,35.39076],[126.48509,35.39074],[126.48511,35.39076]]],[[[126.48499,35.39053],[126.48498,35.3905],[126.48496,35.3905],[126.48499,35.39053]]]]}},{"type":"Feature","id":"TN_RIVER_BT:WTR0200000000HWB6","properties":{"NF_ID":"WTR0200000000HWB6","source_layer":"TN_RIVER_BT","semantic":"channel","river_class":"지방하천","river_class_source":"중심선 공간조인","river_name":"구암천","river_code":"4021750","survey_method":"사진측량","admin_code":"52790"},"geometry":{"type":"MultiPolygon","coordinates":[[[[126.48482,35.39028],[126.48628,35.39047],[126.49324,35.39387],[126.49466,35.40348],[126.49443,35.40452],[126.5,35.40728],[126.49514,35.40457],[126.4944,35.40202],[126.49332,35.39381],[126.4955,35.39361],[126.49735,35.39532],[126.49798,35.3966],[126.5,35.39745],[126.49799,35.39657],[126.49742,35.39533],[126.4955,35.39352],[126.49333,35.3937],[126.48627,35.39042],[126.48482,35.39028]]],[[[126.48125,35.38567],[126.47738,35.38618],[126.47753,35.38644],[126.48101,35.38849],[126.48273,35.39054],[126.48416,35.38992],[126.48463,35.39012],[126.48421,35.38986],[126.48301,35.39025],[126.48251,35.39021],[126.4809,35.38832],[126.47773,35.38631],[126.48059,35.386],[126.48195,35.38538],[126.48641,35.38809],[126.48205,35.38538],[126.48125,35.38567]]],[[[126.48318,35.38319],[126.48289,35.38463],[126.4822,35.38513],[126.48291,35.38471],[126.48732,35.38444],[126.4953,35.38528],[126.49617,35.38595],[126.49644,35.38657],[126.4981,35.38842],[126.5,35.38966],[126.49814,35.38839],[126.49645,35.3865],[126.49618,35.38589],[126.49533,35.38526],[126.48794,35.38439],[126.48295,35.38463],[126.48319,35.38425],[126.48318,35.38319]]],[[[126.48311,35.38179],[126.48319,35.38229],[126.48319,35.38226],[126.4832,35.38219],[126.48321,35.38211],[126.48321,35.38203],[126.48321,35.38195],[126.48324,35.38165],[126.48324,35.3816],[126.48324,35.38156],[126.48324,35.38153],[126.48323,35.38151],[126.48322,35.38147],[126.48322,35.38146],[126.48315,35.38127],[126.48314,35.38122],[126.48311,35.38179]]],[[[126.48455,35.37932],[126.48451,35.37935],[126.48435,35.37951],[126.48416,35.3797],[126.48371,35.38008],[126.48356,35.38022],[126.4835,35.38028],[126.48328,35.38057],[126.48325,35.38068],[126.48333,35.38054],[126.4834,35.38047],[126.48348,35.38039],[126.4835,35.38037],[126.48356,35.38031],[126.48361,35.38027],[126.48363,35.38026],[126.48366,35.38024],[126.48367,35.38023],[126.48371,35.38021],[126.48373,35.3802],[126.48375,35.38019],[126.48376,35.38019],[126.48377,35.38019],[126.4838,35.38017],[126.48443,35.37959],[126.48444,35.37957],[126.48449,35.37949],[126.48453,35.37942],[126.48458,35.37933],[126.48467,35.37924],[126.48455,35.37932]]],[[[126.48622,35.37758],[126.48621,35.37758],[126.48595,35.37781],[126.48585,35.37799],[126.48574,35.3782],[126.4857,35.37828],[126.48561,35.37845],[126.4855,35.37856],[126.48557,35.37853],[126.48564,35.37845],[126.48572,35.37834],[126.48611,35.37779],[126.48616,35.37772],[126.48619,35.37765],[126.48624,35.37758],[126.48626,35.37756],[126.48629,35.37754],[126.48622,35.37758]]],[[[126.49736,35.37328],[126.49729,35.37373],[126.49624,35.37419],[126.49415,35.37379],[126.49311,35.37392],[126.48946,35.37637],[126.48634,35.37751],[126.4893,35.37656],[126.49324,35.37397],[126.49409,35.37385],[126.49628,35.37424],[126.4975,35.37369],[126.5,35.37335],[126.49745,35.37364],[126.49736,35.37328]]],[[[126.49737,35.37267],[126.49735,35.37277],[126.49735,35.37282],[126.49737,35.37295],[126.4974,35.3731],[126.49741,35.37319],[126.49741,35.37318],[126.49739,35.37276],[126.49739,35.37267],[126.49741,35.37262],[126.49741,35.37261],[126.49737,35.37267]]],[[[126.49752,35.37248],[126.49823,35.37088],[126.4991,35.3697],[126.49867,35.36754],[126.5,35.36514],[126.49864,35.36754],[126.49907,35.36969],[126.49819,35.37087],[126.49752,35.37248]]]]}},{"type":"Feature","id":"TN_RIVER_BT:WTR0200000000HWGB","properties":{"NF_ID":"WTR0200000000HWGB","source_layer":"TN_RIVER_BT","semantic":"channel","river_class":"지방하천","river_class_source":"중심선 공간조인","river_name":"용대천","river_code":"5221040","survey_method":"사진측량","admin_code":"52790"},"geometry":{"type":"Polygon","coordinates":[[[126.48899,35.42066],[126.49433,35.42068],[126.49729,35.4248],[126.49443,35.42063],[126.48866,35.42059],[126.48925,35.42],[126.48946,35.41881],[126.49018,35.41771],[126.49104,35.41769],[126.49029,35.4176],[126.49118,35.41639],[126.48952,35.41859],[126.48923,35.42],[126.48478,35.42475],[126.48853,35.42073],[126.48899,35.42066]]]}},{"type":"Feature","id":"TN_RIVER_BT:WTR0200000000HWJE","properties":{"NF_ID":"WTR0200000000HWJE","source_layer":"TN_RIVER_BT","semantic":"channel","river_class":"등급미확인","survey_method":"사진측량","admin_code":"52790"},"geometry":{"type":"MultiPolygon","coordinates":[[[[126.45705,35.42666],[126.45706,35.42666],[126.45707,35.42667],[126.45708,35.42666],[126.45709,35.42665],[126.45705,35.42666]]],[[[126.45729,35.42662],[126.45729,35.42664],[126.4573,35.42665],[126.45739,35.42669],[126.45739,35.4267],[126.4574,35.42669],[126.45741,35.42669],[126.45741,35.42668],[126.45744,35.4266],[126.45729,35.42662]]]]}},{"type":"Feature","id":"TN_RIVER_BT:WTR0200000000HWKF","properties":{"NF_ID":"WTR0200000000HWKF","source_layer":"TN_RIVER_BT","semantic":"channel","river_class":"등급미확인","survey_method":"사진측량","admin_code":"52790"},"geometry":{"type":"MultiPolygon","coordinates":[[[[126.45083,35.42763],[126.45084,35.42763],[126.45084,35.42763],[126.45085,35.42763],[126.45087,35.42762],[126.45088,35.42761],[126.45083,35.42763]]],[[[126.45099,35.42756],[126.45093,35.42759],[126.45094,35.42759],[126.45095,35.42759],[126.45096,35.42759],[126.45098,35.42759],[126.45098,35.42759],[126.451,35.42759],[126.45101,35.42759],[126.45101,35.42759],[126.45102,35.42759],[126.45102,35.42758],[126.45102,35.42757],[126.45102,35.42757],[126.45102,35.42756],[126.45103,35.42756],[126.45104,35.42755],[126.45104,35.42755],[126.45105,35.42754],[126.45099,35.42756]]],[[[126.45107,35.42753],[126.45108,35.42753],[126.45111,35.42754],[126.45111,35.42754],[126.45112,35.42753],[126.45112,35.42753],[126.45112,35.42751],[126.45107,35.42753]]],[[[126.4512,35.42748],[126.4512,35.42748],[126.45121,35.42748],[126.45122,35.42748],[126.45123,35.42748],[126.45123,35.42748],[126.45123,35.42747],[126.45123,35.42747],[126.4512,35.42748]]]]}},{"type":"Feature","id":"TN_RIVER_BT:WTR0200000000HWLG","properties":{"NF_ID":"WTR0200000000HWLG","source_layer":"TN_RIVER_BT","semantic":"channel","river_class":"소하천","river_class_source":"중심선 공간조인","survey_method":"사진측량","admin_code":"52790"},"geometry":{"type":"Polygon","coordinates":[[[126.49346,35.42833],[126.49106,35.4268],[126.4864,35.42629],[126.49111,35.42686],[126.49315,35.42831],[126.49346,35.42833]]]}},{"type":"Feature","id":"TN_RIVER_BT:WTR0200000000HWMH","properties":{"NF_ID":"WTR0200000000HWMH","source_layer":"TN_RIVER_BT","semantic":"channel","river_class":"소하천","river_class_source":"중심선 공간조인","survey_method":"사진측량","admin_code":"52790"},"geometry":{"type":"Polygon","coordinates":[[[126.47961,35.42637],[126.4805,35.42574],[126.48103,35.42591],[126.48147,35.42571],[126.48242,35.42354],[126.48145,35.4257],[126.48099,35.42589],[126.48049,35.42572],[126.47961,35.42637]]]}},{"type":"Feature","id":"TN_RIVER_BT:WTR0200000000HWNI","properties":{"NF_ID":"WTR0200000000HWNI","source_layer":"TN_RIVER_BT","semantic":"channel","river_class":"등급미확인","survey_method":"사진측량","admin_code":"52790"},"geometry":{"type":"MultiPolygon","coordinates":[[[[126.44972,35.42823],[126.44973,35.42823],[126.44974,35.42823],[126.44974,35.42822],[126.44972,35.42823]]],[[[126.44988,35.42812],[126.4499,35.42812],[126.44991,35.42811],[126.44994,35.42811],[126.44995,35.42811],[126.44997,35.42811],[126.44998,35.4281],[126.44999,35.4281],[126.45,35.42809],[126.45,35.42809],[126.45001,35.42808],[126.45001,35.42807],[126.45,35.42806],[126.45,35.42806],[126.45,35.42805],[126.44999,35.42804],[126.44999,35.42804],[126.44988,35.42812]]],[[[126.45022,35.42788],[126.45007,35.42799],[126.45008,35.42799],[126.4501,35.42799],[126.45011,35.42799],[126.45013,35.42798],[126.4502,35.42798],[126.45023,35.42797],[126.45028,35.42793],[126.45029,35.42793],[126.4503,35.42792],[126.4503,35.42792],[126.4503,35.42791],[126.45029,35.4279],[126.45029,35.42789],[126.4503,35.42788],[126.4503,35.42788],[126.45033,35.42788],[126.45034,35.42788],[126.45035,35.42789],[126.45037,35.42789],[126.45038,35.42789],[126.45039,35.42788],[126.45039,35.42787],[126.4504,35.42784],[126.4504,35.42783],[126.4504,35.42781],[126.45022,35.42788]]]]}},{"type":"Feature","id":"TN_RIVER_BT:WTR0200000000HWOJ","properties":{"NF_ID":"WTR0200000000HWOJ","source_layer":"TN_RIVER_BT","semantic":"channel","river_class":"소하천","river_class_source":"중심선 공간조인","survey_method":"사진측량","admin_code":"52790"},"geometry":{"type":"Polygon","coordinates":[[[126.44187,35.43593],[126.44651,35.43563],[126.44746,35.4352],[126.44655,35.43558],[126.44482,35.43583],[126.44403,35.43584],[126.44407,35.43566],[126.44617,35.43553],[126.44783,35.43502],[126.44583,35.43553],[126.44399,35.43564],[126.4438,35.4355],[126.44375,35.43586],[126.44187,35.43593]]]}},{"type":"Feature","id":"TN_RIVER_BT:WTR0200000000HWPK","properties":{"NF_ID":"WTR0200000000HWPK","source_layer":"TN_RIVER_BT","semantic":"channel","river_class":"소하천","river_class_source":"중심선 공간조인","survey_method":"사진측량","admin_code":"52790"},"geometry":{"type":"Polygon","coordinates":[[[126.44926,35.43444],[126.4494,35.43349],[126.4492,35.43441],[126.44803,35.43488],[126.4479,35.43525],[126.44726,35.43556],[126.44795,35.43525],[126.4481,35.4349],[126.44922,35.43444],[126.44928,35.43684],[126.44946,35.43637],[126.44926,35.43444]]]}},{"type":"Feature","id":"TN_RIVER_BT:WTR0200000000HWQL","properties":{"NF_ID":"WTR0200000000HWQL","source_layer":"TN_RIVER_BT","semantic":"channel","river_class":"소하천","river_class_source":"중심선 공간조인","survey_method":"사진측량","admin_code":"52790"},"geometry":{"type":"Polygon","coordinates":[[[126.44504,35.43819],[126.44623,35.43803],[126.44816,35.43732],[126.44616,35.43802],[126.4444,35.43821],[126.44225,35.43716],[126.44129,35.43713],[126.44009,35.43636],[126.43935,35.43558],[126.43952,35.4349],[126.43922,35.43542],[126.43854,35.43569],[126.43743,35.43556],[126.43849,35.43573],[126.43921,35.43551],[126.44006,35.4364],[126.44127,35.43716],[126.44231,35.43724],[126.44408,35.43817],[126.44504,35.43819]]]}},{"type":"Feature","id":"TN_RIVER_BT:WTR0200000000HWRM","properties":{"NF_ID":"WTR0200000000HWRM","source_layer":"TN_RIVER_BT","semantic":"channel","river_class":"지방하천","river_class_source":"중심선 공간조인","river_name":"하장천","river_code":"5221030","survey_method":"사진측량","admin_code":"52790"},"geometry":{"type":"Polygon","coordinates":[[[126.4879,35.44077],[126.49018,35.43916],[126.49415,35.43811],[126.49009,35.43914],[126.48823,35.44065],[126.48744,35.44061],[126.4879,35.44077]]]}},{"type":"Feature","id":"TN_RIVER_BT:WTR0200000000HWSN","properties":{"NF_ID":"WTR0200000000HWSN","source_layer":"TN_RIVER_BT","semantic":"channel","river_class":"지방하천","river_class_source":"중심선 공간조인","river_name":"자룡천","river_code":"5221020","survey_method":"사진측량","admin_code":"52790"},"geometry":{"type":"MultiPolygon","coordinates":[[[[126.44812,35.42938],[126.44812,35.42938],[126.44815,35.42938],[126.4482,35.42933],[126.44824,35.42929],[126.44825,35.42929],[126.44812,35.42938]]],[[[126.44838,35.42919],[126.44785,35.42994],[126.44823,35.4297],[126.44805,35.42963],[126.44838,35.42919]]],[[[126.46499,35.42535],[126.46502,35.42563],[126.46159,35.42601],[126.45205,35.42771],[126.4503,35.4292],[126.45059,35.43103],[126.44958,35.43064],[126.44908,35.42946],[126.45126,35.42786],[126.45111,35.42766],[126.45065,35.42779],[126.44845,35.42914],[126.44858,35.42978],[126.44833,35.4298],[126.44873,35.4299],[126.44901,35.43047],[126.44921,35.43041],[126.44934,35.43077],[126.44957,35.43084],[126.4495,35.43066],[126.44988,35.43097],[126.44995,35.4314],[126.44973,35.43156],[126.45001,35.43161],[126.45006,35.43104],[126.45073,35.43107],[126.45043,35.42912],[126.45205,35.42779],[126.46151,35.42608],[126.46504,35.42569],[126.46597,35.43327],[126.46572,35.44085],[126.46601,35.4333],[126.46508,35.42572],[126.46796,35.42554],[126.46881,35.43252],[126.4692,35.43346],[126.47233,35.43552],[126.47855,35.43864],[126.48289,35.44358],[126.47864,35.43863],[126.4725,35.4355],[126.47416,35.43408],[126.47639,35.43517],[126.47415,35.43404],[126.47248,35.43548],[126.46934,35.43345],[126.46893,35.43259],[126.46806,35.42544],[126.46523,35.42561],[126.46499,35.42535]]]]}},{"type":"Feature","id":"TN_RIVER_BT:WTR0200000000HWTO","properties":{"NF_ID":"WTR0200000000HWTO","source_layer":"TN_RIVER_BT","semantic":"channel","river_class":"지방하천","river_class_source":"중심선 공간조인","river_name":"내곡천","river_code":"5221070","survey_method":"사진측량","admin_code":"52790"},"geometry":{"type":"Polygon","coordinates":[[[126.4454,35.44644],[126.44651,35.44699],[126.44549,35.4464],[126.44483,35.44674],[126.4444,35.44732],[126.4454,35.44644]]]}},{"type":"Feature","id":"TN_RIVER_BT:WTR0200000000HWUP","properties":{"NF_ID":"WTR0200000000HWUP","source_layer":"TN_RIVER_BT","semantic":"channel","river_class":"지방하천","river_class_source":"중심선 공간조인","river_name":"내곡천","river_code":"5221070","survey_method":"사진측량","admin_code":"52790"},"geometry":{"type":"Polygon","coordinates":[[[126.44451,35.44766],[126.44427,35.44738],[126.44276,35.44762],[126.4443,35.44758],[126.44474,35.44803],[126.44451,35.44766]]]}},{"type":"Feature","id":"TN_RIVER_BT:WTR0200000000HWVQ","properties":{"NF_ID":"WTR0200000000HWVQ","source_layer":"TN_RIVER_BT","semantic":"channel","river_class":"지방하천","river_class_source":"중심선 공간조인","river_name":"자룡천","river_code":"5221020","survey_method":"사진측량","admin_code":"52790"},"geometry":{"type":"Polygon","coordinates":[[[126.48337,35.43754],[126.48294,35.43708],[126.48249,35.4354],[126.4823,35.43541],[126.48306,35.43744],[126.48798,35.44337],[126.48982,35.44397],[126.49119,35.44589],[126.49532,35.44785],[126.49685,35.44902],[126.49522,35.44773],[126.49122,35.44586],[126.48965,35.4438],[126.48805,35.44332],[126.48337,35.43754]]]}},{"type":"Feature","id":"TN_RIVER_BT:WTR0200000000HWWR","properties":{"NF_ID":"WTR0200000000HWWR","source_layer":"TN_RIVER_BT","semantic":"channel","river_class":"소하천","river_class_source":"중심선 공간조인","survey_method":"사진측량","admin_code":"52790"},"geometry":{"type":"Polygon","coordinates":[[[126.446,35.45071],[126.44768,35.45192],[126.44873,35.45234],[126.446,35.45071]]]}},{"type":"Feature","id":"TN_RIVER_BT:WTR0200000000HWXS","properties":{"NF_ID":"WTR0200000000HWXS","source_layer":"TN_RIVER_BT","semantic":"channel","river_class":"소하천","river_class_source":"중심선 공간조인","survey_method":"사진측량","admin_code":"52790"},"geometry":{"type":"Polygon","coordinates":[[[126.44733,35.45212],[126.45147,35.45372],[126.45299,35.45544],[126.45171,35.45375],[126.4501,35.453],[126.44823,35.45256],[126.44733,35.45212]]]}},{"type":"Feature","id":"TN_RIVER_BT:WTR0200000000HWYT","properties":{"NF_ID":"WTR0200000000HWYT","source_layer":"TN_RIVER_BT","semantic":"channel","river_class":"지방하천","river_class_source":"중심선 공간조인","river_name":"내곡천","river_code":"5221070","survey_method":"사진측량","admin_code":"52790"},"geometry":{"type":"Polygon","coordinates":[[[126.45776,35.46025],[126.45423,35.45574],[126.45296,35.45497],[126.45192,35.45362],[126.45003,35.45275],[126.44811,35.45234],[126.44629,35.45122],[126.44474,35.44987],[126.44316,35.44955],[126.44471,35.44988],[126.44638,35.45131],[126.44803,35.45233],[126.45006,35.45279],[126.45223,35.45393],[126.45325,35.45524],[126.4532,35.45553],[126.45397,35.45588],[126.45434,35.45637],[126.4538,35.45848],[126.45298,35.45971],[126.45374,35.4588],[126.45437,35.45642],[126.45396,35.45582],[126.45329,35.45543],[126.45407,35.45574],[126.45762,35.46028],[126.45761,35.46045],[126.4517,35.46159],[126.45782,35.46056],[126.46094,35.46449],[126.45776,35.46025]]]}},{"type":"Feature","id":"TN_RIVER_BT:WTR0200000000HWZU","properties":{"NF_ID":"WTR0200000000HWZU","source_layer":"TN_RIVER_BT","semantic":"channel","river_class":"소하천","river_class_source":"중심선 공간조인","survey_method":"사진측량","admin_code":"52790"},"geometry":{"type":"Polygon","coordinates":[[[126.45622,35.4665],[126.45625,35.46645],[126.45624,35.46643],[126.45621,35.46643],[126.45615,35.46645],[126.45609,35.46645],[126.45606,35.46642],[126.45596,35.46603],[126.45571,35.46504],[126.45569,35.46498],[126.45552,35.46431],[126.45543,35.46396],[126.45542,35.46396],[126.45542,35.46396],[126.45541,35.46396],[126.45541,35.46397],[126.45546,35.46418],[126.45552,35.46444],[126.45561,35.46479],[126.45568,35.46502],[126.45588,35.46584],[126.45593,35.46604],[126.456,35.46633],[126.45603,35.46644],[126.45605,35.46647],[126.45609,35.46651],[126.45613,35.46652],[126.45618,35.46652],[126.45622,35.4665]]]}},{"type":"Feature","id":"TN_RIVER_BT:WTR0200000000HX0W","properties":{"NF_ID":"WTR0200000000HX0W","source_layer":"TN_RIVER_BT","semantic":"channel","river_class":"지방하천","river_class_source":"중심선 공간조인","river_name":"군보천","river_code":"5221140","survey_method":"사진측량","admin_code":"52790"},"geometry":{"type":"Polygon","coordinates":[[[126.5,35.46713],[126.5,35.4671],[126.49947,35.46711],[126.49809,35.46715],[126.49698,35.4672],[126.49527,35.46727],[126.49419,35.46728],[126.49414,35.46728],[126.49413,35.46729],[126.49413,35.46729],[126.49412,35.46729],[126.49412,35.46729],[126.49412,35.4673],[126.49412,35.46731],[126.49412,35.46731],[126.49413,35.46732],[126.49413,35.46732],[126.49414,35.46732],[126.49523,35.4673],[126.49736,35.46723],[126.49866,35.46717],[126.49964,35.46715],[126.5,35.46713]]]}},{"type":"Feature","id":"TN_RIVER_BT:WTR0200000000HX1X","properties":{"NF_ID":"WTR0200000000HX1X","source_layer":"TN_RIVER_BT","semantic":"channel","river_class":"소하천","river_class_source":"중심선 공간조인","survey_method":"사진측량","admin_code":"52790"},"geometry":{"type":"Polygon","coordinates":[[[126.4767,35.4653],[126.4751,35.46596],[126.47526,35.46667],[126.47677,35.4674],[126.4774,35.46806],[126.47681,35.46737],[126.47532,35.46664],[126.47519,35.46596],[126.4767,35.4653]]]}},{"type":"Feature","id":"TN_RIVER_BT:WTR0200000000HX2Y","properties":{"NF_ID":"WTR0200000000HX2Y","source_layer":"TN_RIVER_BT","semantic":"channel","river_class":"소하천","river_class_source":"중심선 공간조인","survey_method":"사진측량","admin_code":"52790"},"geometry":{"type":"Polygon","coordinates":[[[126.47766,35.46826],[126.47765,35.46826],[126.47764,35.46826],[126.47763,35.46826],[126.47763,35.46826],[126.47762,35.46826],[126.47762,35.46827],[126.47762,35.46827],[126.47761,35.46828],[126.47761,35.46828],[126.47761,35.46829],[126.47761,35.46829],[126.47762,35.46829],[126.47762,35.4683],[126.47775,35.46845],[126.47796,35.46867],[126.47821,35.46893],[126.47841,35.46914],[126.47871,35.46944],[126.47895,35.46969],[126.47904,35.46979],[126.47907,35.46982],[126.47908,35.46983],[126.47909,35.46985],[126.4791,35.46987],[126.47911,35.46987],[126.47912,35.46988],[126.47913,35.46989],[126.47913,35.46989],[126.47914,35.4699],[126.47914,35.4699],[126.47915,35.4699],[126.47916,35.4699],[126.47916,35.46991],[126.47917,35.4699],[126.47917,35.4699],[126.47918,35.4699],[126.47919,35.46989],[126.47921,35.46987],[126.47921,35.46986],[126.4792,35.46986],[126.47919,35.46985],[126.47918,35.46985],[126.47918,35.46984],[126.47917,35.46984],[126.47903,35.46968],[126.47876,35.4694],[126.47843,35.46907],[126.4783,35.46893],[126.47803,35.46866],[126.47769,35.4683],[126.47766,35.46826]]]}},{"type":"Feature","id":"TN_RIVER_BT:WTR0200000000HX3Z","properties":{"NF_ID":"WTR0200000000HX3Z","source_layer":"TN_RIVER_BT","semantic":"channel","river_class":"지방하천","river_class_source":"중심선 공간조인","river_name":"법장천","river_code":"5221080","survey_method":"사진측량","admin_code":"52790"},"geometry":{"type":"Polygon","coordinates":[[[126.4954,35.48496],[126.49573,35.4839],[126.49567,35.48295],[126.49608,35.48234],[126.5,35.48292],[126.49621,35.48232],[126.49435,35.48025],[126.49382,35.47994],[126.48831,35.47863],[126.48758,35.47881],[126.48768,35.47899],[126.48828,35.4787],[126.49422,35.48025],[126.49605,35.4823],[126.49563,35.48293],[126.49565,35.48407],[126.49512,35.48608],[126.49547,35.48707],[126.49515,35.48612],[126.4954,35.48496]]]}},{"type":"Feature","id":"TN_RIVER_BT:WTR0200000000HX40","properties":{"NF_ID":"WTR0200000000HX40","source_layer":"TN_RIVER_BT","semantic":"channel","river_class":"소하천","river_class_source":"중심선 공간조인","survey_method":"사진측량","admin_code":"52790"},"geometry":{"type":"Polygon","coordinates":[[[126.49061,35.49525],[126.49063,35.49518],[126.49063,35.49518],[126.49062,35.49518],[126.4906,35.49518],[126.49057,35.49518],[126.49058,35.4952],[126.49058,35.49522],[126.49057,35.49523],[126.49057,35.49523],[126.49053,35.49528],[126.49052,35.49529],[126.49048,35.49535],[126.49047,35.49537],[126.49047,35.49538],[126.49047,35.49538],[126.49047,35.49538],[126.49048,35.49538],[126.49053,35.49534],[126.49056,35.49531],[126.49061,35.49526],[126.49061,35.49525]]]}},{"type":"Feature","id":"TN_RIVER_BT:WTR0200000000HX51","properties":{"NF_ID":"WTR0200000000HX51","source_layer":"TN_RIVER_BT","semantic":"channel","river_class":"지방하천","river_class_source":"중심선 공간조인","river_name":"법장천","river_code":"5221080","survey_method":"사진측량","admin_code":"52790"},"geometry":{"type":"Polygon","coordinates":[[[126.47036,35.48609],[126.47401,35.48575],[126.47465,35.4843],[126.47386,35.48361],[126.46887,35.484],[126.46727,35.48173],[126.46753,35.48162],[126.46905,35.48212],[126.47013,35.48196],[126.47051,35.48137],[126.47178,35.47646],[126.47171,35.47258],[126.47189,35.4723],[126.47297,35.47208],[126.47426,35.47265],[126.47557,35.47498],[126.47534,35.47603],[126.47578,35.47765],[126.47989,35.47883],[126.48204,35.47901],[126.48131,35.47868],[126.47982,35.47876],[126.47572,35.47752],[126.47541,35.47582],[126.47563,35.47496],[126.47454,35.47297],[126.47418,35.47248],[126.47328,35.47211],[126.47154,35.47213],[126.47142,35.47058],[126.4705,35.46854],[126.46756,35.46342],[126.47,35.46769],[126.47137,35.47068],[126.47153,35.47637],[126.47049,35.48078],[126.47005,35.48169],[126.46891,35.48186],[126.46686,35.48111],[126.46547,35.48015],[126.46572,35.47508],[126.46362,35.47501],[126.46368,35.47318],[126.46359,35.47504],[126.46567,35.47514],[126.46542,35.48014],[126.46472,35.47997],[126.46497,35.48103],[126.46565,35.48157],[126.46678,35.48165],[126.46811,35.48321],[126.46855,35.48412],[126.46664,35.48434],[126.46857,35.48421],[126.46926,35.48885],[126.47538,35.4921],[126.47541,35.49329],[126.47603,35.49364],[126.47665,35.49499],[126.4779,35.49519],[126.47945,35.49603],[126.47794,35.49517],[126.4767,35.49496],[126.47603,35.49356],[126.47543,35.49322],[126.47535,35.492],[126.46933,35.48879],[126.46895,35.48625],[126.47036,35.48609]],[[126.46867,35.4842],[126.47388,35.48367],[126.47453,35.48431],[126.47401,35.48566],[126.46896,35.48617],[126.46867,35.4842]]]}},{"type":"Feature","id":"TN_RIVER_BT:WTR0200000000HX62","properties":{"NF_ID":"WTR0200000000HX62","source_layer":"TN_RIVER_BT","semantic":"channel","river_class":"소하천","river_class_source":"중심선 공간조인","survey_method":"사진측량","admin_code":"52790"},"geometry":{"type":"Polygon","coordinates":[[[126.48914,35.49698],[126.48913,35.49698],[126.48912,35.49699],[126.48912,35.49701],[126.4891,35.49717],[126.48909,35.49729],[126.48906,35.49739],[126.48905,35.49747],[126.48905,35.49756],[126.48905,35.49764],[126.48905,35.49774],[126.48907,35.49786],[126.48908,35.49795],[126.4891,35.49806],[126.48912,35.49817],[126.48914,35.49832],[126.48917,35.49847],[126.48919,35.4986],[126.48921,35.49874],[126.48922,35.49887],[126.48924,35.499],[126.48927,35.49914],[126.4893,35.49932],[126.48932,35.49947],[126.48935,35.49959],[126.48938,35.4998],[126.48939,35.49983],[126.48939,35.49984],[126.48939,35.49986],[126.48939,35.49987],[126.48939,35.49989],[126.48938,35.49992],[126.48935,35.49997],[126.48934,35.5],[126.48937,35.5],[126.48939,35.49997],[126.4894,35.49994],[126.48941,35.4999],[126.48942,35.49988],[126.48942,35.49987],[126.48941,35.49978],[126.48939,35.49965],[126.48936,35.49952],[126.48934,35.49938],[126.48929,35.49912],[126.48927,35.49901],[126.48926,35.49887],[126.48924,35.49874],[126.48922,35.49859],[126.4892,35.49846],[126.48918,35.49834],[126.48915,35.4982],[126.48914,35.49809],[126.48911,35.49794],[126.48909,35.49783],[126.48908,35.49775],[126.48908,35.49771],[126.48908,35.49767],[126.48908,35.49765],[126.48908,35.49761],[126.48908,35.49756],[126.48909,35.49744],[126.48911,35.49733],[126.48913,35.49723],[126.48916,35.49702],[126.48916,35.497],[126.48916,35.49699],[126.48914,35.49698]]]}},{"type":"Feature","id":"TN_RIVER_BT:WTR0200000000HXEA","properties":{"NF_ID":"WTR0200000000HXEA","source_layer":"TN_RIVER_BT","semantic":"channel","river_class":"소하천","river_class_source":"중심선 공간조인","survey_method":"사진측량","admin_code":"52790"},"geometry":{"type":"Polygon","coordinates":[[[126.75082,35.50632],[126.75095,35.50625],[126.75097,35.50623],[126.75098,35.50623],[126.75105,35.50621],[126.75106,35.50621],[126.75107,35.5062],[126.75107,35.5062],[126.75107,35.5062],[126.75106,35.50619],[126.75104,35.50618],[126.751,35.50618],[126.75098,35.50619],[126.75091,35.50621],[126.75089,35.50621],[126.75066,35.5063],[126.75061,35.50631],[126.75059,35.50631],[126.75057,35.50631],[126.75054,35.50631],[126.75051,35.50631],[126.75041,35.50632],[126.75039,35.50633],[126.75039,35.50633],[126.75038,35.50634],[126.75038,35.50634],[126.75038,35.50634],[126.75038,35.50635],[126.75039,35.50636],[126.75039,35.50636],[126.7504,35.50636],[126.7504,35.50637],[126.75041,35.50637],[126.75042,35.50637],[126.75045,35.50638],[126.75051,35.50638],[126.75061,35.50637],[126.7508,35.50633],[126.75082,35.50632]]]}},{"type":"Feature","id":"TN_RIVER_BT:WTR0200000000HXOK","properties":{"NF_ID":"WTR0200000000HXOK","source_layer":"TN_RIVER_BT","semantic":"channel","river_class":"지방하천","river_class_source":"중심선 공간조인","river_name":"용교천","river_code":"3320620","survey_method":"사진측량","admin_code":"52790"},"geometry":{"type":"Polygon","coordinates":[[[126.75455,35.51289],[126.75944,35.50792],[126.75988,35.50661],[126.75959,35.50613],[126.75957,35.50512],[126.75993,35.50472],[126.75967,35.50403],[126.75905,35.50383],[126.75891,35.50324],[126.75923,35.50281],[126.75914,35.50224],[126.75968,35.50181],[126.7591,35.50221],[126.75916,35.50286],[126.75889,35.50329],[126.75908,35.50393],[126.75963,35.50405],[126.75982,35.50476],[126.75954,35.50516],[126.75981,35.50669],[126.75937,35.50791],[126.75433,35.51295],[126.75356,35.51242],[126.75386,35.5113],[126.75323,35.50948],[126.75435,35.50818],[126.75333,35.50644],[126.752,35.50498],[126.75051,35.50218],[126.75191,35.50495],[126.75338,35.50656],[126.75428,35.50819],[126.75322,35.5095],[126.75382,35.51127],[126.7535,35.51255],[126.75424,35.51281],[126.75406,35.51371],[126.75408,35.51324],[126.75455,35.51289]]]}},{"type":"Feature","id":"TN_RIVER_BT:WTR0200000000HXQM","properties":{"NF_ID":"WTR0200000000HXQM","source_layer":"TN_RIVER_BT","semantic":"channel","river_class":"소하천","river_class_source":"중심선 공간조인","survey_method":"사진측량","admin_code":"52790"},"geometry":{"type":"Polygon","coordinates":[[[126.7599,35.51128],[126.75829,35.51226],[126.75555,35.51504],[126.75827,35.51231],[126.7599,35.51128]]]}},{"type":"Feature","id":"TN_RIVER_BT:WTR0200000000HY0X","properties":{"NF_ID":"WTR0200000000HY0X","source_layer":"TN_RIVER_BT","semantic":"channel","river_class":"지방하천","river_class_source":"중심선 공간조인","river_name":"용교천","river_code":"3320620","survey_method":"사진측량","admin_code":"52790"},"geometry":{"type":"Polygon","coordinates":[[[126.75015,35.5309],[126.75201,35.53065],[126.75334,35.52966],[126.75604,35.52519],[126.75615,35.52459],[126.75583,35.52421],[126.75583,35.52272],[126.75554,35.52211],[126.75611,35.52186],[126.75734,35.52176],[126.75767,35.52145],[126.75715,35.52171],[126.7553,35.52193],[126.75462,35.52123],[126.75201,35.52053],[126.75457,35.52127],[126.75519,35.52193],[126.75563,35.522],[126.75578,35.5242],[126.75608,35.52461],[126.75585,35.52463],[126.75585,35.52539],[126.75327,35.52966],[126.75204,35.53054],[126.75015,35.5309]]]}},{"type":"Feature","id":"TN_RIVER_BT:WTR0200000000HY85","properties":{"NF_ID":"WTR0200000000HY85","source_layer":"TN_RIVER_BT","semantic":"channel","river_class":"소하천","river_class_source":"중심선 공간조인","survey_method":"사진측량","admin_code":"52790"},"geometry":{"type":"Polygon","coordinates":[[[126.75069,35.54066],[126.75353,35.54017],[126.75561,35.5394],[126.75705,35.53852],[126.75357,35.54012],[126.75203,35.54051],[126.75057,35.54064],[126.75,35.54047],[126.75069,35.54066]]]}},{"type":"Feature","id":"TN_RIVER_BT:WTR0200000000HZCA","properties":{"NF_ID":"WTR0200000000HZCA","source_layer":"TN_RIVER_BT","semantic":"channel","river_class":"지방하천","river_class_source":"중심선 공간조인","river_name":"소성천","river_code":"3320630","survey_method":"사진측량","admin_code":"52790"},"geometry":{"type":"MultiPolygon","coordinates":[[[[126.76483,35.5298],[126.76534,35.52953],[126.76487,35.52977],[126.76475,35.5296],[126.76497,35.52845],[126.7643,35.5274],[126.7653,35.52618],[126.76486,35.52537],[126.76482,35.52337],[126.76303,35.521],[126.76477,35.52333],[126.7648,35.52534],[126.76525,35.52614],[126.76426,35.52743],[126.7649,35.52849],[126.76464,35.52934],[126.76483,35.5298]]],[[[126.76755,35.56292],[126.76884,35.56136],[126.76919,35.56044],[126.76755,35.56292]]],[[[126.7658,35.56532],[126.76581,35.56531],[126.76589,35.56517],[126.76599,35.56507],[126.76612,35.56499],[126.76614,35.56498],[126.7662,35.56493],[126.76622,35.56488],[126.76624,35.56485],[126.76626,35.56483],[126.76629,35.56482],[126.76631,35.56481],[126.76632,35.5648],[126.76648,35.56446],[126.76662,35.56414],[126.76664,35.56408],[126.76655,35.56417],[126.7665,35.56429],[126.76648,35.56434],[126.76638,35.56452],[126.76638,35.56454],[126.76639,35.56457],[126.76639,35.56462],[126.76638,35.56467],[126.76632,35.56475],[126.76618,35.56487],[126.76602,35.56497],[126.76586,35.56512],[126.76576,35.56527],[126.76574,35.56529],[126.76574,35.56529],[126.76573,35.56531],[126.7657,35.56533],[126.7657,35.56533],[126.76569,35.56538],[126.7658,35.56532]]],[[[126.7568,35.57252],[126.7591,35.57045],[126.76041,35.56963],[126.75905,35.57045],[126.7568,35.57252]]],[[[126.7556,35.57311],[126.75456,35.57401],[126.75441,35.57442],[126.75483,35.57425],[126.75481,35.57399],[126.756,35.57289],[126.7562,35.57297],[126.75602,35.57277],[126.7589,35.57015],[126.76206,35.56857],[126.76355,35.56812],[126.76455,35.56717],[126.76453,35.56699],[126.76347,35.56812],[126.7614,35.56881],[126.76091,35.56404],[126.75997,35.56238],[126.75974,35.56102],[126.75809,35.55857],[126.75732,35.55652],[126.75803,35.55856],[126.75971,35.56105],[126.7599,35.56235],[126.76084,35.56405],[126.76124,35.56872],[126.75893,35.57],[126.7556,35.57311]]]]}},{"type":"Feature","id":"TN_RIVER_BT:WTR0200000000I2SU","properties":{"NF_ID":"WTR0200000000I2SU","source_layer":"TN_RIVER_BT","semantic":"channel","river_class":"소하천","river_class_source":"중심선 공간조인","survey_method":"사진측량","admin_code":"52790"},"geometry":{"type":"Polygon","coordinates":[[[126.66004,35.50063],[126.65999,35.5],[126.65985,35.50033],[126.66004,35.50063]]]}},{"type":"Feature","id":"TN_RIVER_BT:WTR0200000000I2TV","properties":{"NF_ID":"WTR0200000000I2TV","source_layer":"TN_RIVER_BT","semantic":"channel","river_class":"소하천","river_class_source":"중심선 공간조인","survey_method":"사진측량","admin_code":"52790"},"geometry":{"type":"Polygon","coordinates":[[[126.61514,35.5],[126.61514,35.5],[126.61509,35.5],[126.61509,35.5],[126.61507,35.50003],[126.61506,35.50006],[126.61505,35.50009],[126.61504,35.50012],[126.61503,35.50013],[126.61502,35.50016],[126.61501,35.5002],[126.61499,35.50023],[126.61498,35.50026],[126.61513,35.5004],[126.61506,35.50071],[126.61506,35.50071],[126.61505,35.50071],[126.61504,35.50072],[126.61504,35.50072],[126.61504,35.50073],[126.61504,35.50074],[126.61505,35.50076],[126.61506,35.50076],[126.61506,35.50076],[126.61507,35.50076],[126.61507,35.50076],[126.61509,35.50075],[126.6151,35.50073],[126.61516,35.5004],[126.61516,35.50038],[126.61502,35.50027],[126.61502,35.50023],[126.61502,35.50022],[126.61505,35.50016],[126.61507,35.50012],[126.61511,35.50006],[126.61514,35.5]]]}},{"type":"Feature","id":"TN_RIVER_BT:WTR0200000000I2UW","properties":{"NF_ID":"WTR0200000000I2UW","source_layer":"TN_RIVER_BT","semantic":"channel","river_class":"등급미확인","survey_method":"사진측량","admin_code":"52790"},"geometry":{"type":"Polygon","coordinates":[[[126.5417,35.5],[126.54166,35.50051],[126.54184,35.50047],[126.5417,35.5]]]}},{"type":"Feature","id":"TN_RIVER_BT:WTR0200000000I2VX","properties":{"NF_ID":"WTR0200000000I2VX","source_layer":"TN_RIVER_BT","semantic":"channel","river_class":"소하천","river_class_source":"중심선 공간조인","survey_method":"사진측량","admin_code":"52790"},"geometry":{"type":"Polygon","coordinates":[[[126.58378,35.50181],[126.58414,35.50162],[126.58372,35.50179],[126.58323,35.50161],[126.58378,35.50181]]]}},{"type":"Feature","id":"TN_RIVER_BT:WTR0200000000I2WY","properties":{"NF_ID":"WTR0200000000I2WY","source_layer":"TN_RIVER_BT","semantic":"channel","river_class":"소하천","river_class_source":"중심선 공간조인","survey_method":"사진측량","admin_code":"52790"},"geometry":{"type":"Polygon","coordinates":[[[126.62639,35.50322],[126.62639,35.50322],[126.6264,35.50322],[126.62641,35.50323],[126.62642,35.50323],[126.62643,35.50323],[126.62643,35.50323],[126.62645,35.5032],[126.62648,35.50315],[126.62654,35.50309],[126.62665,35.50301],[126.62676,35.50294],[126.62683,35.50288],[126.62687,35.50284],[126.62688,35.50283],[126.62688,35.50283],[126.62688,35.50282],[126.62688,35.50281],[126.62687,35.5028],[126.62687,35.5028],[126.62687,35.5028],[126.62686,35.5028],[126.62686,35.5028],[126.62686,35.5028],[126.62686,35.5028],[126.62685,35.50281],[126.62685,35.50281],[126.62685,35.50283],[126.62684,35.50284],[126.62666,35.50297],[126.62656,35.50305],[126.62648,35.5031],[126.62646,35.50311],[126.62644,35.50312],[126.62644,35.50312],[126.62642,35.50313],[126.62638,35.50314],[126.62635,35.50316],[126.62632,35.50319],[126.62632,35.50319],[126.62632,35.50319],[126.62632,35.5032],[126.62634,35.5032],[126.62634,35.50321],[126.62634,35.50321],[126.62634,35.50322],[126.62633,35.50324],[126.62638,35.50325],[126.62639,35.50322]]]}},{"type":"Feature","id":"TN_RIVER_BT:WTR0200000000I2XZ","properties":{"NF_ID":"WTR0200000000I2XZ","source_layer":"TN_RIVER_BT","semantic":"channel","river_class":"소하천","river_class_source":"중심선 공간조인","survey_method":"사진측량","admin_code":"52790"},"geometry":{"type":"Polygon","coordinates":[[[126.64222,35.50355],[126.64216,35.50345],[126.64215,35.50348],[126.64214,35.50348],[126.64213,35.50348],[126.6422,35.50356],[126.6422,35.50357],[126.64228,35.50362],[126.64254,35.50378],[126.64274,35.5039],[126.64286,35.50398],[126.643,35.50413],[126.64306,35.5042],[126.64311,35.50431],[126.64315,35.50436],[126.64319,35.50442],[126.64322,35.50447],[126.64323,35.50449],[126.64324,35.50452],[126.64326,35.50454],[126.64327,35.50455],[126.6433,35.50453],[126.64329,35.50452],[126.64323,35.50442],[126.64316,35.50434],[126.64312,35.5043],[126.64308,35.50421],[126.64303,35.50413],[126.64294,35.50403],[126.64283,35.50393],[126.64263,35.5038],[126.64224,35.50356],[126.64222,35.50355]]]}},{"type":"Feature","id":"TN_RIVER_BT:WTR0200000000I2Y0","properties":{"NF_ID":"WTR0200000000I2Y0","source_layer":"TN_RIVER_BT","semantic":"channel","river_class":"소하천","river_class_source":"중심선 공간조인","river_name":"충촌천","survey_method":"사진측량","admin_code":"52790"},"geometry":{"type":"Polygon","coordinates":[[[126.58288,35.50658],[126.5833,35.50654],[126.58361,35.50572],[126.58446,35.50547],[126.5848,35.50486],[126.58624,35.50417],[126.58751,35.50306],[126.58604,35.50423],[126.58474,35.50484],[126.58442,35.50545],[126.58356,35.50571],[126.58321,35.50656],[126.58268,35.50662],[126.58164,35.50766],[126.58288,35.50658]]]}},{"type":"Feature","id":"TN_RIVER_BT:WTR0200000000I2Z1","properties":{"NF_ID":"WTR0200000000I2Z1","source_layer":"TN_RIVER_BT","semantic":"channel","river_class":"지방하천","river_class_source":"중심선 공간조인","river_name":"용산천","river_code":"5221490","survey_method":"사진측량","admin_code":"52790"},"geometry":{"type":"Polygon","coordinates":[[[126.62734,35.50129],[126.63011,35.5],[126.62721,35.50114],[126.62636,35.50091],[126.62557,35.5],[126.62629,35.50098],[126.62734,35.50129]]]}},{"type":"Feature","id":"TN_RIVER_BT:WTR0200000000I303","properties":{"NF_ID":"WTR0200000000I303","source_layer":"TN_RIVER_BT","semantic":"channel","river_class":"소하천","river_class_source":"중심선 공간조인","survey_method":"사진측량","admin_code":"52790"},"geometry":{"type":"Polygon","coordinates":[[[126.65314,35.505],[126.65624,35.50411],[126.65728,35.50276],[126.65774,35.50261],[126.6582,35.50205],[126.65724,35.50279],[126.65623,35.50407],[126.65281,35.50489],[126.65201,35.50474],[126.65061,35.50403],[126.64139,35.50272],[126.63961,35.5019],[126.6395,35.5],[126.63942,35.502],[126.64155,35.50306],[126.64148,35.50286],[126.64524,35.50349],[126.64868,35.50377],[126.6507,35.50415],[126.65209,35.50489],[126.65314,35.505]]]}},{"type":"Feature","id":"TN_RIVER_BT:WTR0200000000I314","properties":{"NF_ID":"WTR0200000000I314","source_layer":"TN_RIVER_BT","semantic":"channel","river_class":"지방하천","river_class_source":"중심선 공간조인","river_name":"용산천","river_code":"5221490","survey_method":"사진측량","admin_code":"52790"},"geometry":{"type":"Polygon","coordinates":[[[126.63292,35.50859],[126.63309,35.5084],[126.63335,35.50855],[126.63451,35.50772],[126.6351,35.50768],[126.63597,35.50725],[126.63695,35.50626],[126.63673,35.50476],[126.63733,35.50281],[126.63696,35.50249],[126.63622,35.50257],[126.63566,35.50136],[126.63501,35.50137],[126.63457,35.5],[126.63501,35.50142],[126.63563,35.50139],[126.63622,35.50261],[126.63691,35.50252],[126.63729,35.5028],[126.63667,35.50476],[126.63692,35.50619],[126.63591,35.50725],[126.63446,35.5077],[126.63386,35.50818],[126.63286,35.50842],[126.63292,35.50859]]]}},{"type":"Feature","id":"TN_RIVER_BT:WTR0200000000I325","properties":{"NF_ID":"WTR0200000000I325","source_layer":"TN_RIVER_BT","semantic":"channel","river_class":"소하천","river_class_source":"중심선 공간조인","survey_method":"사진측량","admin_code":"52790"},"geometry":{"type":"Polygon","coordinates":[[[126.72702,35.50052],[126.72479,35.50157],[126.72215,35.50352],[126.7207,35.50557],[126.71919,35.50685],[126.71674,35.50774],[126.71623,35.50872],[126.71423,35.50968],[126.71628,35.50872],[126.7167,35.5078],[126.71926,35.50685],[126.7207,35.5056],[126.72218,35.50353],[126.72482,35.50157],[126.72702,35.50052]]]}},{"type":"Feature","id":"TN_RIVER_BT:WTR0200000000I336","properties":{"NF_ID":"WTR0200000000I336","source_layer":"TN_RIVER_BT","semantic":"channel","river_class":"지방하천","river_class_source":"중심선 공간조인","river_name":"월산천","river_code":"5221170","survey_method":"사진측량","admin_code":"52790"},"geometry":{"type":"Polygon","coordinates":[[[126.55268,35.50955],[126.5531,35.50931],[126.5535,35.50831],[126.55445,35.50707],[126.55449,35.50633],[126.55439,35.50711],[126.55268,35.50955]]]}},{"type":"Feature","id":"TN_RIVER_BT:WTR0200000000I347","properties":{"NF_ID":"WTR0200000000I347","source_layer":"TN_RIVER_BT","semantic":"channel","river_class":"지방하천","river_class_source":"중심선 공간조인","river_name":"용선천","river_code":"5221500","survey_method":"사진측량","admin_code":"52790"},"geometry":{"type":"Polygon","coordinates":[[[126.62094,35.5168],[126.62057,35.51663],[126.6207,35.5169],[126.62095,35.51697],[126.62094,35.5168]]]}},{"type":"Feature","id":"TN_RIVER_BT:WTR0200000000I358","properties":{"NF_ID":"WTR0200000000I358","source_layer":"TN_RIVER_BT","semantic":"channel","river_class":"소하천","river_class_source":"중심선 공간조인","survey_method":"사진측량","admin_code":"52790"},"geometry":{"type":"Polygon","coordinates":[[[126.68818,35.51781],[126.69063,35.51734],[126.68796,35.5178],[126.68518,35.51735],[126.68818,35.51781]]]}},{"type":"Feature","id":"TN_RIVER_BT:WTR0200000000I369","properties":{"NF_ID":"WTR0200000000I369","source_layer":"TN_RIVER_BT","semantic":"channel","river_class":"소하천","river_class_source":"중심선 공간조인","survey_method":"사진측량","admin_code":"52790"},"geometry":{"type":"Polygon","coordinates":[[[126.73762,35.50912],[126.73828,35.51151],[126.73783,35.51387],[126.73825,35.51515],[126.73926,35.51649],[126.73979,35.51673],[126.7401,35.5176],[126.74101,35.51833],[126.7421,35.52026],[126.74144,35.51889],[126.7383,35.51514],[126.73787,35.51394],[126.73832,35.5115],[126.73762,35.50912]]]}},{"type":"Feature","id":"TN_RIVER_BT:WTR0200000000I37A","properties":{"NF_ID":"WTR0200000000I37A","source_layer":"TN_RIVER_BT","semantic":"channel","river_class":"소하천","river_class_source":"중심선 공간조인","survey_method":"사진측량","admin_code":"52790"},"geometry":{"type":"Polygon","coordinates":[[[126.74351,35.52095],[126.74452,35.51865],[126.74545,35.51511],[126.74573,35.51508],[126.74543,35.51505],[126.74445,35.51873],[126.74351,35.52095]]]}},{"type":"Feature","id":"TN_RIVER_BT:WTR0200000000I38B","properties":{"NF_ID":"WTR0200000000I38B","source_layer":"TN_RIVER_BT","semantic":"channel","river_class":"지방하천","river_class_source":"중심선 공간조인","river_name":"오룡천","river_code":"5221620","survey_method":"사진측량","admin_code":"52790"},"geometry":{"type":"Polygon","coordinates":[[[126.64568,35.52085],[126.64559,35.52015],[126.64701,35.51916],[126.64864,35.51868],[126.64872,35.5185],[126.64695,35.51912],[126.64555,35.52012],[126.64519,35.52111],[126.6446,35.52156],[126.64222,35.52142],[126.64168,35.52162],[126.64223,35.52145],[126.6445,35.52166],[126.64555,35.52074],[126.64658,35.52205],[126.64667,35.52256],[126.64663,35.52207],[126.64568,35.52085]]]}},{"type":"Feature","id":"TN_RIVER_BT:WTR0200000000I39C","properties":{"NF_ID":"WTR0200000000I39C","source_layer":"TN_RIVER_BT","semantic":"channel","river_class":"소하천","river_class_source":"중심선 공간조인","survey_method":"사진측량","admin_code":"52790"},"geometry":{"type":"Polygon","coordinates":[[[126.58736,35.52358],[126.58717,35.52366],[126.58756,35.52374],[126.58736,35.52358]]]}},{"type":"Feature","id":"TN_RIVER_BT:WTR0200000000I3AD","properties":{"NF_ID":"WTR0200000000I3AD","source_layer":"TN_RIVER_BT","semantic":"channel","river_class":"소하천","river_class_source":"중심선 공간조인","survey_method":"사진측량","admin_code":"52790"},"geometry":{"type":"Polygon","coordinates":[[[126.59297,35.52464],[126.59339,35.52441],[126.5937,35.5245],[126.59342,35.52439],[126.59287,35.52463],[126.5914,35.5242],[126.59024,35.5244],[126.58961,35.5242],[126.59008,35.52442],[126.59138,35.52422],[126.59297,35.52464]]]}},{"type":"Feature","id":"TN_RIVER_BT:WTR0200000000I3BE","properties":{"NF_ID":"WTR0200000000I3BE","source_layer":"TN_RIVER_BT","semantic":"channel","river_class":"소하천","river_class_source":"중심선 공간조인","survey_method":"사진측량","admin_code":"52790"},"geometry":{"type":"Polygon","coordinates":[[[126.54184,35.52554],[126.54187,35.52553],[126.54197,35.52555],[126.54209,35.52557],[126.54213,35.52557],[126.54224,35.52552],[126.5423,35.52549],[126.54241,35.52542],[126.54241,35.52538],[126.54229,35.52545],[126.54219,35.5255],[126.54214,35.52552],[126.54201,35.52552],[126.54188,35.5255],[126.54184,35.5255],[126.54168,35.52556],[126.54153,35.52564],[126.54139,35.5257],[126.54134,35.52571],[126.54123,35.52571],[126.5412,35.52571],[126.54121,35.52574],[126.54121,35.52574],[126.54124,35.52574],[126.54128,35.52575],[126.54135,35.52574],[126.54143,35.52573],[126.54157,35.52567],[126.54182,35.52555],[126.54184,35.52554]]]}},{"type":"Feature","id":"TN_RIVER_BT:WTR0200000000I3CF","properties":{"NF_ID":"WTR0200000000I3CF","source_layer":"TN_RIVER_BT","semantic":"channel","river_class":"지방하천","river_class_source":"중심선 공간조인","river_name":"담암천","river_code":"5221160","survey_method":"사진측량","admin_code":"52790"},"geometry":{"type":"Polygon","coordinates":[[[126.54433,35.52711],[126.54433,35.52627],[126.54375,35.52431],[126.5427,35.52225],[126.54352,35.52137],[126.54501,35.51485],[126.5447,35.51423],[126.54386,35.51397],[126.54418,35.51285],[126.54386,35.51217],[126.54511,35.51037],[126.54375,35.51212],[126.54402,35.51288],[126.54366,35.51393],[126.54468,35.51434],[126.54489,35.51487],[126.54336,35.5213],[126.54259,35.52186],[126.5424,35.52248],[126.5435,35.52401],[126.54433,35.52711]]]}},{"type":"Feature","id":"TN_RIVER_BT:WTR0200000000I3DG","properties":{"NF_ID":"WTR0200000000I3DG","source_layer":"TN_RIVER_BT","semantic":"channel","river_class":"지방하천","river_class_source":"중심선 공간조인","river_name":"고부천","river_code":"3320600","survey_method":"사진측량","admin_code":"52790"},"geometry":{"type":"Polygon","coordinates":[[[126.71785,35.52725],[126.71559,35.52579],[126.71572,35.52499],[126.7155,35.52432],[126.71308,35.52139],[126.71318,35.51846],[126.71198,35.5157],[126.71124,35.51491],[126.70947,35.51376],[126.709,35.5093],[126.70827,35.5074],[126.70818,35.50323],[126.70927,35.50163],[126.71044,35.50132],[126.71134,35.5],[126.7104,35.50118],[126.7091,35.50159],[126.70809,35.50314],[126.70812,35.50746],[126.70885,35.5092],[126.7092,35.51315],[126.70948,35.51397],[126.7107,35.51469],[126.71177,35.51568],[126.71309,35.51867],[126.71288,35.52135],[126.71556,35.52468],[126.71566,35.52514],[126.71554,35.52535],[126.71529,35.52528],[126.71557,35.5258],[126.71861,35.52797],[126.71891,35.53034],[126.71881,35.5281],[126.71785,35.52725]]]}},{"type":"Feature","id":"TN_RIVER_BT:WTR0200000000I3EH","properties":{"NF_ID":"WTR0200000000I3EH","source_layer":"TN_RIVER_BT","semantic":"channel","river_class":"등급미확인","survey_method":"사진측량","admin_code":"52790"},"geometry":{"type":"Polygon","coordinates":[[[126.61325,35.50001],[126.61326,35.5],[126.61328,35.5],[126.61329,35.50001],[126.6133,35.5],[126.6133,35.5],[126.61331,35.5],[126.61317,35.5],[126.61317,35.5],[126.61318,35.50001],[126.61321,35.50004],[126.61322,35.50004],[126.61323,35.50004],[126.61323,35.50003],[126.61324,35.50003],[126.61324,35.50002],[126.61325,35.50001]]]}},{"type":"Feature","id":"TN_RIVER_BT:WTR0200000000I3FI","properties":{"NF_ID":"WTR0200000000I3FI","source_layer":"TN_RIVER_BT","semantic":"channel","river_class":"지방하천","river_class_source":"중심선 공간조인","river_name":"주진천","river_code":"5221200","survey_method":"사진측량","admin_code":"52790"},"geometry":{"type":"Polygon","coordinates":[[[126.60372,35.50095],[126.60345,35.50087],[126.60353,35.50057],[126.60387,35.50061],[126.60372,35.50079],[126.60398,35.50071],[126.60395,35.50085],[126.60463,35.50079],[126.60633,35.5],[126.60481,35.5],[126.60312,35.50042],[126.60244,35.50029],[126.6028,35.50043],[126.60273,35.50068],[126.60207,35.50038],[126.60183,35.5],[126.60117,35.5],[126.60144,35.50041],[126.60078,35.50005],[126.60119,35.50046],[126.60263,35.50098],[126.60338,35.50111],[126.60372,35.50095]],[[126.60208,35.50062],[126.60206,35.5006],[126.60206,35.50059],[126.60206,35.50057],[126.60206,35.50056],[126.60208,35.50053],[126.60209,35.50052],[126.6021,35.50052],[126.60211,35.50052],[126.60215,35.50054],[126.60217,35.50056],[126.60218,35.50056],[126.60219,35.50056],[126.60219,35.50057],[126.6022,35.50058],[126.6022,35.50059],[126.6022,35.5006],[126.6022,35.5006],[126.60221,35.50061],[126.60225,35.50062],[126.60227,35.50062],[126.6023,35.50062],[126.60232,35.50062],[126.60234,35.50063],[126.60236,35.50063],[126.6024,35.50065],[126.60244,35.50067],[126.60248,35.50069],[126.60249,35.5007],[126.60254,35.50071],[126.60261,35.50074],[126.6027,35.50077],[126.60277,35.50079],[126.60283,35.50081],[126.60284,35.50082],[126.60286,35.50082],[126.60288,35.50082],[126.60288,35.50082],[126.60288,35.50083],[126.60291,35.50084],[126.60299,35.50087],[126.60304,35.50087],[126.60306,35.50087],[126.60309,35.50087],[126.60311,35.50087],[126.60313,35.50087],[126.60315,35.50087],[126.60317,35.50087],[126.60319,35.50087],[126.60321,35.50087],[126.60322,35.50087],[126.60323,35.50086],[126.60325,35.50085],[126.60329,35.5008],[126.60331,35.50076],[126.60332,35.50075],[126.60333,35.50074],[126.60333,35.50074],[126.60334,35.50074],[126.60335,35.50074],[126.60335,35.50075],[126.60335,35.50076],[126.60336,35.50079],[126.60336,35.50084],[126.60335,35.50087],[126.60335,35.50087],[126.60334,35.50088],[126.60331,35.5009],[126.60331,35.50091],[126.6033,35.50091],[126.6033,35.50092],[126.60328,35.50093],[126.60326,35.50094],[126.60324,35.50094],[126.60321,35.50094],[126.60319,35.50094],[126.60317,35.50094],[126.60312,35.50093],[126.60309,35.50092],[126.60307,35.50091],[126.60303,35.50091],[126.603,35.50091],[126.60296,35.5009],[126.6029,35.50089],[126.60284,35.50087],[126.60272,35.50084],[126.60263,35.50082],[126.60256,35.5008],[126.60251,35.50079],[126.60251,35.50078],[126.60247,35.50075],[126.60242,35.50073],[126.60239,35.50071],[126.60237,35.5007],[126.60233,35.50068],[126.60225,35.50067],[126.60218,35.50065],[126.60211,35.50064],[126.60208,35.50062]],[[126.60314,35.50076],[126.60313,35.50076],[126.60312,35.50076],[126.60307,35.50075],[126.60305,35.50075],[126.60304,35.50075],[126.60302,35.50075],[126.60297,35.50073],[126.60294,35.50072],[126.60288,35.50071],[126.60287,35.5007],[126.60287,35.5007],[126.60288,35.5007],[126.60289,35.5007],[126.60291,35.5007],[126.60295,35.50071],[126.603,35.50071],[126.60301,35.50071],[126.60303,35.50071],[126.60304,35.50072],[126.60304,35.50073],[126.60304,35.50073],[126.60305,35.50074],[126.60307,35.50074],[126.60311,35.50073],[126.60313,35.50073],[126.60314,35.50073],[126.60315,35.50073],[126.60316,35.50073],[126.60317,35.50073],[126.60317,35.50073],[126.60316,35.50074],[126.60316,35.50074],[126.60315,35.50075],[126.60314,35.50076]],[[126.60186,35.50055],[126.60187,35.50055],[126.60189,35.50055],[126.60191,35.50055],[126.60191,35.50055],[126.60192,35.50056],[126.60193,35.50058],[126.60193,35.5006],[126.60192,35.50061],[126.60192,35.50061],[126.6019,35.50061],[126.60188,35.50061],[126.60186,35.5006],[126.60183,35.50059],[126.60181,35.50059],[126.6018,35.50058],[126.60178,35.50058],[126.60175,35.50057],[126.60171,35.50056],[126.60166,35.50054],[126.60155,35.50048],[126.60154,35.50047],[126.60155,35.50045],[126.60156,35.50045],[126.60158,35.50045],[126.60159,35.50045],[126.60166,35.50047],[126.60178,35.50053],[126.60183,35.50054],[126.60186,35.50055]],[[126.60204,35.50045],[126.60201,35.50044],[126.60198,35.50044],[126.60191,35.5004],[126.60184,35.50037],[126.60183,35.50036],[126.60181,35.50036],[126.60178,35.50036],[126.60176,35.50036],[126.60173,35.50035],[126.60171,35.50033],[126.60167,35.5003],[126.60164,35.50024],[126.60162,35.5002],[126.60162,35.50019],[126.60162,35.50018],[126.60162,35.50017],[126.60163,35.50016],[126.60164,35.50015],[126.60166,35.50014],[126.60167,35.50014],[126.60168,35.50014],[126.60169,35.50014],[126.6017,35.50014],[126.60171,35.50013],[126.60172,35.50012],[126.60173,35.50012],[126.60175,35.50012],[126.60176,35.50012],[126.60177,35.50013],[126.60177,35.50014],[126.60177,35.50016],[126.60178,35.50017],[126.60178,35.50018],[126.6018,35.5002],[126.6018,35.5002],[126.60181,35.5002],[126.60181,35.5002],[126.60181,35.5002],[126.6018,35.50018],[126.60179,35.50017],[126.6018,35.50017],[126.6018,35.50017],[126.60181,35.50017],[126.60181,35.50018],[126.60184,35.50022],[126.60185,35.50022],[126.60185,35.50023],[126.60186,35.50024],[126.60187,35.50025],[126.60192,35.50027],[126.60197,35.50029],[126.60198,35.5003],[126.60199,35.5003],[126.602,35.50031],[126.60201,35.50032],[126.60202,35.50033],[126.60203,35.50034],[126.60203,35.50035],[126.60204,35.50036],[126.60204,35.50038],[126.60204,35.50039],[126.60205,35.5004],[126.60206,35.5004],[126.60206,35.50041],[126.60207,35.50042],[126.60206,35.50042],[126.60206,35.50043],[126.60206,35.50043],[126.60206,35.50044],[126.60207,35.50044],[126.60207,35.50045],[126.60207,35.50045],[126.60204,35.50045]],[[126.60158,35.50013],[126.60157,35.50013],[126.60157,35.50013],[126.60157,35.50013],[126.60157,35.50012],[126.60157,35.50011],[126.60157,35.50011],[126.60158,35.50011],[126.6016,35.5001],[126.60161,35.50009],[126.60163,35.50009],[126.60165,35.50009],[126.60166,35.5001],[126.60166,35.5001],[126.60166,35.50011],[126.60165,35.50012],[126.60164,35.50012],[126.60162,35.50012],[126.60159,35.50013],[126.60158,35.50013]],[[126.6047,35.50043],[126.6051,35.50006],[126.60557,35.5001],[126.60521,35.50049],[126.6042,35.50075],[126.6047,35.50043]],[[126.60451,35.5007],[126.60452,35.5007],[126.60452,35.50071],[126.60453,35.50071],[126.60453,35.50071],[126.60454,35.50072],[126.60454,35.50072],[126.60455,35.50073],[126.60455,35.50073],[126.60455,35.50074],[126.60455,35.50074],[126.60455,35.50075],[126.60455,35.50075],[126.60455,35.50076],[126.60455,35.50077],[126.60455,35.50077],[126.60454,35.50078],[126.60454,35.50078],[126.60453,35.50078],[126.60452,35.50079],[126.60451,35.50079],[126.6045,35.50079],[126.60449,35.5008],[126.60448,35.5008],[126.60447,35.5008],[126.60446,35.5008],[126.60445,35.5008],[126.60444,35.50081],[126.60443,35.50081],[126.60442,35.50081],[126.60441,35.50081],[126.6044,35.50081],[126.60439,35.50081],[126.60438,35.5008],[126.60438,35.5008],[126.60436,35.5008],[126.60436,35.5008],[126.60435,35.5008],[126.60434,35.5008],[126.60433,35.5008],[126.60432,35.5008],[126.60432,35.5008],[126.60431,35.5008],[126.60431,35.5008],[126.6043,35.50079],[126.6043,35.50079],[126.6043,35.50079],[126.6043,35.50078],[126.60431,35.50078],[126.60431,35.50077],[126.60432,35.50077],[126.60432,35.50076],[126.60433,35.50076],[126.60434,35.50075],[126.60434,35.50075],[126.60435,35.50075],[126.60436,35.50075],[126.60437,35.50074],[126.60437,35.50074],[126.60438,35.50074],[126.60447,35.50072],[126.60447,35.50071],[126.60448,35.50071],[126.60448,35.50071],[126.60449,35.50071],[126.6045,35.50071],[126.60451,35.5007]]]}},{"type":"Feature","id":"TN_RIVER_BT:WTR0200000000I3GJ","properties":{"NF_ID":"WTR0200000000I3GJ","source_layer":"TN_RIVER_BT","semantic":"channel","river_class":"지방하천","river_class_source":"중심선 공간조인","river_name":"선운천","river_code":"5221510","survey_method":"사진측량","admin_code":"52790"},"geometry":{"type":"Polygon","coordinates":[[[126.59954,35.52307],[126.59921,35.51978],[126.59667,35.51591],[126.59636,35.51477],[126.59697,35.51147],[126.59857,35.50973],[126.60021,35.50919],[126.6024,35.50885],[126.60263,35.50911],[126.60223,35.5111],[126.60262,35.51156],[126.60427,35.51208],[126.60594,35.51209],[126.60676,35.51257],[126.60878,35.51276],[126.60933,35.51365],[126.60883,35.51278],[126.60931,35.51286],[126.61082,35.51227],[126.61143,35.51277],[126.61156,35.5126],[126.61089,35.5122],[126.60919,35.51277],[126.60694,35.51255],[126.60597,35.51207],[126.60445,35.51205],[126.60263,35.51151],[126.60229,35.51087],[126.60265,35.50893],[126.60631,35.50855],[126.6125,35.50612],[126.61311,35.5055],[126.61359,35.50442],[126.6135,35.5031],[126.61482,35.50202],[126.615,35.5013],[126.61473,35.50052],[126.61401,35.5],[126.61353,35.5],[126.61418,35.50043],[126.6145,35.50098],[126.61455,35.50204],[126.61334,35.50292],[126.61317,35.50474],[126.61152,35.50614],[126.61064,35.50646],[126.61025,35.50685],[126.60588,35.50838],[126.60243,35.50843],[126.60028,35.50874],[126.59841,35.50935],[126.5985,35.50855],[126.5994,35.50682],[126.59906,35.50573],[126.59854,35.50517],[126.59654,35.50414],[126.59234,35.50461],[126.59056,35.50349],[126.5893,35.50319],[126.5873,35.50231],[126.58611,35.50095],[126.58475,35.5],[126.58615,35.50112],[126.58737,35.50249],[126.58926,35.50326],[126.59044,35.50348],[126.59216,35.5047],[126.59282,35.50481],[126.59661,35.50417],[126.59889,35.50582],[126.59925,35.50674],[126.59843,35.50856],[126.59839,35.50928],[126.5981,35.5099],[126.59799,35.50959],[126.59748,35.51007],[126.59666,35.51154],[126.59585,35.5147],[126.59631,35.51632],[126.59723,35.51732],[126.59891,35.51995],[126.59918,35.52305],[126.59601,35.5231],[126.59513,35.52416],[126.59412,35.52447],[126.59511,35.5242],[126.59603,35.52314],[126.5992,35.52309],[126.59905,35.52496],[126.59851,35.52629],[126.59708,35.52866],[126.59562,35.53007],[126.59586,35.5304],[126.59717,35.52927],[126.59865,35.52677],[126.59954,35.52473],[126.59954,35.52307]],[[126.59762,35.5174],[126.59762,35.5174],[126.59763,35.5174],[126.59763,35.51741],[126.59764,35.51741],[126.59764,35.51742],[126.59764,35.51742],[126.59765,35.51743],[126.59765,35.51744],[126.59765,35.51744],[126.59765,35.51745],[126.59766,35.51746],[126.59766,35.51746],[126.59766,35.51747],[126.59767,35.51747],[126.59767,35.51747],[126.59768,35.51748],[126.59768,35.51748],[126.59769,35.51748],[126.59769,35.51749],[126.5977,35.51749],[126.5977,35.51749],[126.59771,35.51749],[126.59772,35.5175],[126.59772,35.5175],[126.59773,35.5175],[126.59775,35.51752],[126.59775,35.51753],[126.59776,35.51753],[126.59776,35.51754],[126.59777,35.51754],[126.59777,35.51755],[126.59778,35.51755],[126.59778,35.51756],[126.59779,35.51757],[126.59779,35.51757],[126.5978,35.51758],[126.5978,35.51758],[126.5978,35.51759],[126.59781,35.5176],[126.59781,35.5176],[126.59781,35.51761],[126.5978,35.51761],[126.5978,35.51761],[126.5978,35.51762],[126.59779,35.51762],[126.59779,35.51762],[126.59778,35.51762],[126.59778,35.51762],[126.59777,35.51762],[126.59777,35.51762],[126.59776,35.51762],[126.59776,35.51762],[126.59776,35.51762],[126.59776,35.51761],[126.59776,35.51761],[126.59776,35.5176],[126.59776,35.5176],[126.59777,35.51759],[126.59777,35.51759],[126.59777,35.51758],[126.59776,35.51758],[126.59776,35.51757],[126.59776,35.51757],[126.59775,35.51756],[126.59775,35.51756],[126.59774,35.51755],[126.59774,35.51755],[126.59773,35.51754],[126.59773,35.51754],[126.59772,35.51754],[126.59771,35.51753],[126.59771,35.51753],[126.5977,35.51752],[126.59769,35.51752],[126.59768,35.51752],[126.59768,35.51751],[126.59767,35.51751],[126.59766,35.51751],[126.59765,35.5175],[126.59765,35.5175],[126.59764,35.5175],[126.59763,35.51749],[126.59763,35.51749],[126.59763,35.51749],[126.59762,35.51748],[126.59762,35.51747],[126.59762,35.51747],[126.59761,35.51746],[126.59761,35.51745],[126.59761,35.51745],[126.59761,35.51744],[126.59761,35.51743],[126.59761,35.51742],[126.59761,35.51742],[126.59761,35.51741],[126.59761,35.51741],[126.59761,35.5174],[126.59761,35.5174],[126.59762,35.5174]],[[126.59666,35.51639],[126.59667,35.51639],[126.59668,35.51639],[126.59669,35.51639],[126.59669,35.51639],[126.5968,35.51645],[126.5968,35.51645],[126.59681,35.51645],[126.59681,35.51646],[126.59682,35.51646],[126.59683,35.51647],[126.59684,35.51647],[126.59685,35.51648],[126.59685,35.51648],[126.59686,35.51649],[126.59686,35.5165],[126.59686,35.51651],[126.59686,35.51652],[126.59686,35.51653],[126.59686,35.51654],[126.59686,35.51655],[126.59686,35.51656],[126.59686,35.51657],[126.59685,35.51658],[126.59685,35.51659],[126.59685,35.5166],[126.59684,35.51661],[126.59684,35.51662],[126.59683,35.51663],[126.59682,35.51663],[126.5968,35.51662],[126.5968,35.51662],[126.59679,35.51661],[126.59678,35.51661],[126.59677,35.5166],[126.59676,35.5166],[126.59675,35.51659],[126.59674,35.51658],[126.59673,35.51658],[126.59672,35.51657],[126.59671,35.51657],[126.5967,35.51656],[126.59669,35.51655],[126.59668,35.51655],[126.59666,35.51653],[126.59665,35.51653],[126.59663,35.51651],[126.59662,35.5165],[126.59661,35.51649],[126.59661,35.51649],[126.5966,35.51648],[126.5966,35.51647],[126.5966,35.51646],[126.5966,35.51646],[126.5966,35.51645],[126.59661,35.51644],[126.59661,35.51643],[126.59662,35.51642],[126.59662,35.51641],[126.59663,35.5164],[126.59664,35.5164],[126.59665,35.51639],[126.59666,35.51639],[126.59666,35.51639]],[[126.60285,35.50879],[126.60286,35.50879],[126.60287,35.50879],[126.60288,35.50879],[126.6029,35.50879],[126.60291,35.50879],[126.60292,35.5088],[126.60294,35.5088],[126.60295,35.5088],[126.60295,35.50881],[126.60296,35.50881],[126.60296,35.50882],[126.60296,35.50882],[126.60296,35.50883],[126.60295,35.50883],[126.60294,35.50884],[126.60293,35.50884],[126.60292,35.50884],[126.6029,35.50885],[126.60288,35.50885],[126.60286,35.50885],[126.60284,35.50885],[126.60282,35.50886],[126.6028,35.50886],[126.60278,35.50886],[126.60276,35.50886],[126.60275,35.50886],[126.60273,35.50886],[126.60271,35.50886],[126.6027,35.50886],[126.60268,35.50886],[126.60266,35.50886],[126.60264,35.50885],[126.60263,35.50885],[126.60262,35.50885],[126.60261,35.50885],[126.6026,35.50885],[126.60259,35.50885],[126.60259,35.50885],[126.60259,35.50884],[126.60258,35.50884],[126.60258,35.50884],[126.60258,35.50883],[126.60258,35.50883],[126.60257,35.50882],[126.60258,35.50882],[126.60258,35.50881],[126.60258,35.5088],[126.60259,35.5088],[126.6026,35.5088],[126.60261,35.50879],[126.60262,35.50879],[126.60263,35.50879],[126.60264,35.50879],[126.60265,35.50879],[126.60266,35.50879],[126.60267,35.50879],[126.60269,35.50879],[126.6027,35.50879],[126.60271,35.50879],[126.60285,35.50879]],[[126.61315,35.50484],[126.61238,35.50597],[126.61037,35.50681],[126.61161,35.50612],[126.61315,35.50484]]]}},{"type":"Feature","id":"TN_RIVER_BT:WTR0200000000I3HK","properties":{"NF_ID":"WTR0200000000I3HK","source_layer":"TN_RIVER_BT","semantic":"channel","river_class":"소하천","river_class_source":"중심선 공간조인","survey_method":"사진측량","admin_code":"52790"},"geometry":{"type":"Polygon","coordinates":[[[126.5672,35.53056],[126.56943,35.52989],[126.56872,35.52986],[126.56846,35.53018],[126.5672,35.53056]]]}},{"type":"Feature","id":"TN_RIVER_BT:WTR0200000000I3IL","properties":{"NF_ID":"WTR0200000000I3IL","source_layer":"TN_RIVER_BT","semantic":"channel","river_class":"지방하천","river_class_source":"중심선 공간조인","river_name":"해리천","river_code":"5221090","survey_method":"사진측량","admin_code":"52790"},"geometry":{"type":"Polygon","coordinates":[[[126.51359,35.53044],[126.51529,35.52324],[126.51843,35.52371],[126.51947,35.51885],[126.52071,35.51901],[126.52098,35.51772],[126.51688,35.51701],[126.51865,35.50935],[126.51225,35.5084],[126.51323,35.50385],[126.51956,35.5048],[126.51869,35.50889],[126.52341,35.50962],[126.5239,35.5108],[126.52616,35.51396],[126.52425,35.51123],[126.52485,35.51031],[126.52522,35.51064],[126.52696,35.51101],[126.52513,35.51057],[126.52487,35.51014],[126.52423,35.51121],[126.52386,35.51066],[126.52458,35.51036],[126.52384,35.5106],[126.5234,35.50957],[126.5188,35.5088],[126.51962,35.50475],[126.52104,35.50485],[126.52876,35.50439],[126.53155,35.5066],[126.53314,35.50825],[126.53125,35.5063],[126.52878,35.50434],[126.52064,35.5048],[126.51099,35.50337],[126.50974,35.50388],[126.5072,35.50426],[126.51022,35.5],[126.50971,35.5],[126.50695,35.50397],[126.50746,35.50541],[126.50741,35.50497],[126.50798,35.50578],[126.50782,35.50665],[126.50641,35.50841],[126.50535,35.50861],[126.50573,35.5083],[126.50474,35.50866],[126.50664,35.50749],[126.50722,35.50655],[126.50656,35.50746],[126.5056,35.50809],[126.50365,35.50448],[126.50327,35.50127],[126.50281,35.50071],[126.50234,35.50057],[126.50026,35.50125],[126.50246,35.50059],[126.50324,35.5013],[126.50365,35.50459],[126.50555,35.50815],[126.50309,35.50931],[126.50142,35.51087],[126.50108,35.51081],[126.5,35.51122],[126.50108,35.5109],[126.50128,35.511],[126.50096,35.51173],[126.5,35.51189],[126.5,35.51203],[126.50203,35.51183],[126.50112,35.51181],[126.50209,35.51038],[126.50462,35.50888],[126.50649,35.50848],[126.50714,35.5078],[126.51217,35.50844],[126.50946,35.52106],[126.50919,35.52149],[126.50809,35.52748],[126.51055,35.51617],[126.52096,35.51767],[126.5207,35.5189],[126.51935,35.51872],[126.51831,35.52357],[126.51517,35.52312],[126.51341,35.53038],[126.51359,35.53044]],[[126.51068,35.51617],[126.51224,35.50844],[126.51856,35.50935],[126.51684,35.51702],[126.51068,35.51617]],[[126.50765,35.50773],[126.50713,35.50775],[126.50795,35.50658],[126.50808,35.50575],[126.50725,35.50465],[126.50724,35.50427],[126.50973,35.5042],[126.51097,35.50357],[126.51315,35.50383],[126.51216,35.50838],[126.50765,35.50773]],[[126.50294,35.50962],[126.50293,35.50962],[126.50293,35.50962],[126.50293,35.50961],[126.50293,35.50961],[126.50293,35.5096],[126.50293,35.50959],[126.50294,35.50958],[126.50295,35.50958],[126.50296,35.50957],[126.50296,35.50956],[126.50297,35.50955],[126.50298,35.50954],[126.503,35.50953],[126.50301,35.50952],[126.50302,35.50951],[126.50303,35.5095],[126.50305,35.50947],[126.50306,35.50946],[126.50307,35.50945],[126.50309,35.50944],[126.50311,35.50942],[126.50312,35.50941],[126.50313,35.5094],[126.50314,35.50939],[126.50316,35.50938],[126.50317,35.50937],[126.50318,35.50936],[126.50319,35.50935],[126.5032,35.50934],[126.50322,35.50933],[126.50323,35.50932],[126.50324,35.50931],[126.50325,35.5093],[126.50327,35.5093],[126.50328,35.50929],[126.50329,35.50928],[126.50331,35.50927],[126.50332,35.50926],[126.50333,35.50925],[126.50335,35.50924],[126.50336,35.50923],[126.50338,35.50923],[126.50339,35.50922],[126.50341,35.50921],[126.50342,35.5092],[126.50344,35.50919],[126.50345,35.50919],[126.50347,35.50918],[126.50348,35.50917],[126.50349,35.50917],[126.50351,35.50916],[126.50351,35.50916],[126.50352,35.50916],[126.50389,35.50905],[126.5039,35.50905],[126.50391,35.50905],[126.50392,35.50905],[126.50394,35.50905],[126.50395,35.50905],[126.50396,35.50905],[126.50397,35.50905],[126.50397,35.50905],[126.50398,35.50906],[126.50398,35.50906],[126.50398,35.50907],[126.50398,35.50907],[126.50398,35.50908],[126.50397,35.50909],[126.50397,35.5091],[126.50396,35.50911],[126.50395,35.50911],[126.50394,35.50912],[126.50393,35.50913],[126.50392,35.50914],[126.50391,35.50914],[126.5039,35.50915],[126.50388,35.50916],[126.50387,35.50916],[126.50386,35.50917],[126.50384,35.50918],[126.50383,35.50918],[126.50381,35.50919],[126.5038,35.5092],[126.50378,35.50921],[126.50377,35.50921],[126.50375,35.50922],[126.50374,35.50923],[126.50372,35.50924],[126.50371,35.50924],[126.50369,35.50925],[126.50368,35.50926],[126.50366,35.50926],[126.50365,35.50927],[126.50363,35.50928],[126.50361,35.50928],[126.5036,35.50929],[126.50358,35.5093],[126.50357,35.5093],[126.50355,35.50931],[126.50352,35.50933],[126.50351,35.50933],[126.50349,35.50934],[126.50348,35.50935],[126.50346,35.50936],[126.50344,35.50937],[126.50343,35.50937],[126.50341,35.50938],[126.5034,35.50939],[126.50338,35.5094],[126.50337,35.5094],[126.50336,35.50941],[126.50334,35.50942],[126.50333,35.50943],[126.50331,35.50943],[126.5033,35.50944],[126.50327,35.50946],[126.50325,35.50946],[126.50324,35.50947],[126.50322,35.50948],[126.50321,35.50949],[126.50319,35.50949],[126.50318,35.5095],[126.50316,35.50951],[126.50315,35.50952],[126.50313,35.50952],[126.50312,35.50953],[126.50311,35.50954],[126.50309,35.50955],[126.50308,35.50956],[126.50307,35.50956],[126.50305,35.50957],[126.50304,35.50958],[126.50302,35.50959],[126.50301,35.50959],[126.503,35.5096],[126.50299,35.50961],[126.50297,35.50961],[126.50296,35.50961],[126.50295,35.50962],[126.50294,35.50962],[126.50294,35.50962]]]}},{"type":"Feature","id":"TN_RIVER_BT:WTR0200000000I3JM","properties":{"NF_ID":"WTR0200000000I3JM","source_layer":"TN_RIVER_BT","semantic":"channel","river_class":"소하천","river_class_source":"중심선 공간조인","survey_method":"사진측량","admin_code":"52790"},"geometry":{"type":"Polygon","coordinates":[[[126.71638,35.5315],[126.71445,35.5319],[126.71628,35.53149],[126.71665,35.53247],[126.71638,35.5315]]]}},{"type":"Feature","id":"TN_RIVER_BT:WTR0200000000I3KN","properties":{"NF_ID":"WTR0200000000I3KN","source_layer":"TN_RIVER_BT","semantic":"channel","river_class":"지방하천","river_class_source":"중심선 공간조인","river_name":"월산천","river_code":"5221170","survey_method":"사진측량","admin_code":"52790"},"geometry":{"type":"Polygon","coordinates":[[[126.55608,35.52855],[126.55632,35.52843],[126.55807,35.53077],[126.56268,35.5303],[126.56414,35.53139],[126.56647,35.53129],[126.56419,35.53138],[126.56257,35.53025],[126.55811,35.53071],[126.55634,35.52838],[126.55607,35.52848],[126.55362,35.52587],[126.55617,35.52368],[126.55628,35.5231],[126.5553,35.52143],[126.55522,35.52068],[126.55659,35.51894],[126.55768,35.51844],[126.55772,35.5179],[126.55705,35.517],[126.55733,35.51564],[126.55845,35.51508],[126.55937,35.51405],[126.56022,35.51369],[126.562,35.5139],[126.56343,35.51461],[126.56423,35.5145],[126.56751,35.51477],[126.56807,35.5146],[126.56345,35.51458],[126.56204,35.51387],[126.56062,35.5138],[126.56088,35.5132],[126.5607,35.51321],[126.56057,35.51369],[126.55929,35.51403],[126.5585,35.51498],[126.55718,35.51571],[126.55696,35.51699],[126.55656,35.51657],[126.55644,35.51581],[126.55553,35.51539],[126.5564,35.51588],[126.55651,35.51665],[126.55764,35.51787],[126.5577,35.51826],[126.55645,35.51898],[126.55512,35.52078],[126.55516,35.52129],[126.55607,35.5228],[126.55603,35.52374],[126.55345,35.52584],[126.55585,35.52863],[126.55538,35.53004],[126.55386,35.53136],[126.55537,35.53026],[126.55608,35.52855]]]}},{"type":"Feature","id":"TN_RIVER_BT:WTR0200000000I3LO","properties":{"NF_ID":"WTR0200000000I3LO","source_layer":"TN_RIVER_BT","semantic":"channel","river_class":"소하천","river_class_source":"중심선 공간조인","survey_method":"사진측량","admin_code":"52790"},"geometry":{"type":"Polygon","coordinates":[[[126.53543,35.53137],[126.53606,35.531],[126.53542,35.53133],[126.53505,35.53078],[126.53543,35.53137]]]}},{"type":"Feature","id":"TN_RIVER_BT:WTR0200000000I3MP","properties":{"NF_ID":"WTR0200000000I3MP","source_layer":"TN_RIVER_BT","semantic":"channel","river_class":"소하천","river_class_source":"중심선 공간조인","survey_method":"사진측량","admin_code":"52790"},"geometry":{"type":"Polygon","coordinates":[[[126.52675,35.52993],[126.52743,35.52992],[126.52807,35.52933],[126.52963,35.52922],[126.53058,35.52983],[126.53216,35.53037],[126.5323,35.5311],[126.53222,35.53034],[126.53063,35.52977],[126.53072,35.52624],[126.53057,35.52979],[126.52966,35.5292],[126.52805,35.52932],[126.52742,35.5299],[126.52668,35.52994],[126.52607,35.53075],[126.52471,35.53111],[126.52451,35.53183],[126.5247,35.53114],[126.52609,35.53077],[126.52675,35.52993]]]}},{"type":"Feature","id":"TN_RIVER_BT:WTR0200000000I3NQ","properties":{"NF_ID":"WTR0200000000I3NQ","source_layer":"TN_RIVER_BT","semantic":"channel","river_class":"소하천","river_class_source":"중심선 공간조인","survey_method":"사진측량","admin_code":"52790"},"geometry":{"type":"Polygon","coordinates":[[[126.72356,35.53286],[126.72232,35.53233],[126.72345,35.53282],[126.72378,35.53336],[126.72356,35.53286]]]}},{"type":"Feature","id":"TN_RIVER_BT:WTR0200000000I3OR","properties":{"NF_ID":"WTR0200000000I3OR","source_layer":"TN_RIVER_BT","semantic":"channel","river_class":"소하천","river_class_source":"중심선 공간조인","survey_method":"사진측량","admin_code":"52790"},"geometry":{"type":"Polygon","coordinates":[[[126.54728,35.53345],[126.5472,35.53327],[126.5485,35.53237],[126.54725,35.53322],[126.54648,35.53221],[126.54525,35.53136],[126.54453,35.53044],[126.54422,35.52956],[126.54424,35.52913],[126.54478,35.52877],[126.54425,35.52907],[126.54419,35.52964],[126.54376,35.52978],[126.54423,35.52967],[126.54445,35.53032],[126.54425,35.53035],[126.54446,35.53036],[126.54524,35.53143],[126.54661,35.5324],[126.54691,35.53279],[126.54688,35.5335],[126.5472,35.53371],[126.54728,35.53345]],[[126.54696,35.53283],[126.54699,35.53287],[126.54708,35.53303],[126.54717,35.53318],[126.54718,35.53319],[126.54717,35.53321],[126.54716,35.53321],[126.54714,35.5332],[126.5471,35.53318],[126.54706,35.53317],[126.54702,35.53317],[126.54701,35.53317],[126.54701,35.53316],[126.54701,35.53313],[126.54702,35.53312],[126.54701,35.53309],[126.547,35.53305],[126.54696,35.53303],[126.5469,35.53299],[126.54686,35.53297],[126.54685,35.53295],[126.54686,35.53292],[126.54688,35.53287],[126.54689,35.53286],[126.54691,35.53284],[126.54693,35.53283],[126.54696,35.53283]]]}},{"type":"Feature","id":"TN_RIVER_BT:WTR0200000000I3PS","properties":{"NF_ID":"WTR0200000000I3PS","source_layer":"TN_RIVER_BT","semantic":"channel","river_class":"지방하천","river_class_source":"중심선 공간조인","river_name":"강정천","river_code":"3320610","survey_method":"사진측량","admin_code":"52790"},"geometry":{"type":"Polygon","coordinates":[[[126.72086,35.53551],[126.72188,35.5354],[126.72258,35.53426],[126.72562,35.53278],[126.7329,35.52604],[126.72553,35.53277],[126.72236,35.5343],[126.72165,35.5354],[126.72086,35.53551]]]}},{"type":"Feature","id":"TN_RIVER_BT:WTR0200000000I3QT","properties":{"NF_ID":"WTR0200000000I3QT","source_layer":"TN_RIVER_BT","semantic":"channel","river_class":"소하천","river_class_source":"중심선 공간조인","survey_method":"사진측량","admin_code":"52790"},"geometry":{"type":"Polygon","coordinates":[[[126.58699,35.53581],[126.58717,35.53577],[126.58725,35.53575],[126.58729,35.53573],[126.58731,35.53571],[126.58725,35.53568],[126.58719,35.53574],[126.58716,35.53575],[126.58701,35.53578],[126.587,35.53578],[126.58698,35.53578],[126.58693,35.53579],[126.58691,35.53579],[126.5869,35.5358],[126.5869,35.53582],[126.58697,35.53581],[126.58699,35.53581]]]}},{"type":"Feature","id":"TN_RIVER_BT:WTR0200000000I3RU","properties":{"NF_ID":"WTR0200000000I3RU","source_layer":"TN_RIVER_BT","semantic":"channel","river_class":"소하천","river_class_source":"중심선 공간조인","survey_method":"사진측량","admin_code":"52790"},"geometry":{"type":"Polygon","coordinates":[[[126.59703,35.53714],[126.59994,35.53517],[126.60118,35.53596],[126.60199,35.5362],[126.6026,35.53603],[126.60437,35.53667],[126.60256,35.53598],[126.60204,35.53618],[126.60115,35.53593],[126.59994,35.53514],[126.59703,35.53714]]]}},{"type":"Feature","id":"TN_RIVER_BT:WTR0200000000I3SV","properties":{"NF_ID":"WTR0200000000I3SV","source_layer":"TN_RIVER_BT","semantic":"channel","river_class":"소하천","river_class_source":"중심선 공간조인","survey_method":"사진측량","admin_code":"52790"},"geometry":{"type":"Polygon","coordinates":[[[126.58506,35.53379],[126.58465,35.53447],[126.58476,35.5359],[126.58526,35.53708],[126.58752,35.53926],[126.58529,35.53707],[126.5848,35.53589],[126.5847,35.53448],[126.58506,35.53379]]]}},{"type":"Feature","id":"TN_RIVER_BT:WTR0200000000I3TW","properties":{"NF_ID":"WTR0200000000I3TW","source_layer":"TN_RIVER_BT","semantic":"channel","river_class":"소하천","river_class_source":"중심선 공간조인","survey_method":"사진측량","admin_code":"52790"},"geometry":{"type":"Polygon","coordinates":[[[126.66098,35.53762],[126.6594,35.53763],[126.65914,35.53727],[126.65869,35.53713],[126.65788,35.53771],[126.65686,35.53722],[126.6579,35.53774],[126.65876,35.53716],[126.65938,35.53767],[126.66026,35.53754],[126.66151,35.53783],[126.66187,35.53817],[126.66185,35.53946],[126.66229,35.54021],[126.66308,35.54058],[126.66436,35.54075],[126.66234,35.54021],[126.66187,35.53932],[126.66187,35.53806],[126.66098,35.53762]]]}},{"type":"Feature","id":"TN_RIVER_BT:WTR0200000000I3UX","properties":{"NF_ID":"WTR0200000000I3UX","source_layer":"TN_RIVER_BT","semantic":"channel","river_class":"지방하천","river_class_source":"중심선 공간조인","river_name":"마파천","river_code":"5221520","survey_method":"사진측량","admin_code":"52790"},"geometry":{"type":"Polygon","coordinates":[[[126.60336,35.54262],[126.6103,35.53786],[126.61433,35.53642],[126.61614,35.5352],[126.61719,35.53397],[126.61786,35.53377],[126.61917,35.53394],[126.61832,35.53373],[126.61717,35.53392],[126.61611,35.53514],[126.61428,35.53636],[126.61026,35.53777],[126.608,35.53923],[126.60818,35.53592],[126.60891,35.53495],[126.60958,35.53479],[126.60975,35.5337],[126.60953,35.5348],[126.60887,35.53494],[126.60813,35.53591],[126.60789,35.53938],[126.60336,35.54262]]]}},{"type":"Feature","id":"TN_RIVER_BT:WTR0200000000I3VY","properties":{"NF_ID":"WTR0200000000I3VY","source_layer":"TN_RIVER_BT","semantic":"channel","river_class":"소하천","river_class_source":"중심선 공간조인","survey_method":"사진측량","admin_code":"52790"},"geometry":{"type":"Polygon","coordinates":[[[126.60091,35.54185],[126.60036,35.54243],[126.6009,35.54287],[126.60044,35.54244],[126.60091,35.54185]]]}},{"type":"Feature","id":"TN_RIVER_BT:WTR0200000000I3WZ","properties":{"NF_ID":"WTR0200000000I3WZ","source_layer":"TN_RIVER_BT","semantic":"channel","river_class":"소하천","river_class_source":"중심선 공간조인","survey_method":"사진측량","admin_code":"52790"},"geometry":{"type":"Polygon","coordinates":[[[126.57707,35.54124],[126.57706,35.54124],[126.57705,35.54124],[126.57704,35.54125],[126.57702,35.54126],[126.57701,35.54127],[126.577,35.54129],[126.57698,35.54135],[126.57697,35.54139],[126.57697,35.5414],[126.57683,35.54168],[126.57666,35.54204],[126.57649,35.54239],[126.57637,35.54271],[126.57637,35.54273],[126.57632,35.54282],[126.57627,35.54292],[126.57629,35.54293],[126.5763,35.54292],[126.57633,35.54288],[126.57636,35.54284],[126.57637,35.54282],[126.57644,35.54274],[126.57647,35.5427],[126.57648,35.54267],[126.57651,35.54264],[126.57652,35.54261],[126.57655,35.54253],[126.57657,35.54249],[126.5766,35.54243],[126.57661,35.5424],[126.57663,35.54232],[126.57664,35.5423],[126.57665,35.54227],[126.57669,35.54222],[126.5767,35.54219],[126.57671,35.54216],[126.57673,35.54209],[126.57675,35.54206],[126.57678,35.54201],[126.5768,35.54196],[126.57682,35.54192],[126.57685,35.54183],[126.57688,35.54174],[126.57691,35.54169],[126.57692,35.54166],[126.57697,35.54159],[126.57699,35.54154],[126.57702,35.5415],[126.57704,35.54146],[126.57706,35.54138],[126.57708,35.54134],[126.57709,35.54132],[126.57709,35.54131],[126.57709,35.54126],[126.57709,35.54125],[126.57708,35.54125],[126.57707,35.54124]]]}},{"type":"Feature","id":"TN_RIVER_BT:WTR0200000000I3X0","properties":{"NF_ID":"WTR0200000000I3X0","source_layer":"TN_RIVER_BT","semantic":"channel","river_class":"소하천","river_class_source":"중심선 공간조인","survey_method":"사진측량","admin_code":"52790"},"geometry":{"type":"Polygon","coordinates":[[[126.65593,35.54344],[126.65593,35.54344],[126.65593,35.54344],[126.65593,35.54345],[126.65593,35.54345],[126.65593,35.54346],[126.65593,35.54346],[126.65593,35.54347],[126.65594,35.54349],[126.65595,35.5435],[126.65596,35.54354],[126.65597,35.54355],[126.65597,35.54356],[126.65598,35.5436],[126.656,35.54362],[126.656,35.54363],[126.65602,35.54366],[126.65603,35.54367],[126.65604,35.5437],[126.65604,35.54371],[126.65605,35.54372],[126.65606,35.54373],[126.65606,35.54374],[126.65607,35.54375],[126.65608,35.54376],[126.65608,35.54377],[126.65609,35.54378],[126.6561,35.5438],[126.65611,35.54381],[126.65615,35.54386],[126.65617,35.54389],[126.65617,35.5439],[126.65619,35.54392],[126.6562,35.54393],[126.65621,35.54394],[126.65622,35.54396],[126.65624,35.54397],[126.65625,35.54398],[126.65627,35.544],[126.65628,35.54402],[126.65629,35.54403],[126.6563,35.54403],[126.65631,35.54404],[126.65632,35.54405],[126.65635,35.54407],[126.65637,35.54409],[126.65639,35.54411],[126.65642,35.54414],[126.65643,35.54415],[126.65644,35.54416],[126.65644,35.54417],[126.65645,35.54417],[126.65645,35.54418],[126.65646,35.5442],[126.65647,35.54422],[126.65648,35.54423],[126.65648,35.54424],[126.65648,35.54424],[126.65648,35.54425],[126.65648,35.54426],[126.65647,35.54426],[126.65647,35.54427],[126.65647,35.54427],[126.65646,35.54429],[126.65645,35.5443],[126.65645,35.5443],[126.65646,35.54431],[126.65646,35.54432],[126.65646,35.54432],[126.65647,35.54433],[126.65647,35.54433],[126.65648,35.54434],[126.65649,35.54435],[126.6565,35.54436],[126.65651,35.54436],[126.65652,35.54437],[126.65653,35.54438],[126.65654,35.54438],[126.65654,35.54438],[126.65655,35.54438],[126.65656,35.54438],[126.65656,35.54438],[126.65656,35.54437],[126.65657,35.54437],[126.65657,35.54436],[126.65657,35.54436],[126.65656,35.54435],[126.65656,35.54434],[126.65656,35.54433],[126.65656,35.54433],[126.65655,35.54432],[126.65653,35.54423],[126.65653,35.54423],[126.65652,35.54422],[126.65652,35.54422],[126.65651,35.54421],[126.6565,35.54419],[126.6565,35.54419],[126.65649,35.54417],[126.65647,35.54415],[126.65646,35.54415],[126.65644,35.54413],[126.65643,35.54412],[126.65641,35.5441],[126.6564,35.54409],[126.65638,35.54407],[126.65637,35.54406],[126.65635,35.54404],[126.65632,35.54401],[126.65631,35.54399],[126.6563,35.54398],[126.65628,35.54396],[126.65626,35.54395],[126.65625,35.54394],[126.65622,35.5439],[126.65621,35.54389],[126.6562,35.54388],[126.65619,35.54387],[126.65618,35.54386],[126.65615,35.54382],[126.65613,35.5438],[126.65612,35.54378],[126.65611,35.54376],[126.65609,35.54374],[126.65608,35.54372],[126.65605,35.54366],[126.65604,35.54365],[126.65604,35.54364],[126.65603,35.54363],[126.65602,35.54362],[126.65602,35.5436],[126.656,35.54356],[126.65598,35.54352],[126.65596,35.54348],[126.65596,35.54347],[126.65595,35.54347],[126.65595,35.54346],[126.65594,35.54345],[126.65594,35.54345],[126.65593,35.54344]]]}},{"type":"Feature","id":"TN_RIVER_BT:WTR0200000000I3Y1","properties":{"NF_ID":"WTR0200000000I3Y1","source_layer":"TN_RIVER_BT","semantic":"channel","river_class":"지방하천","river_class_source":"중심선 공간조인","river_name":"용교천","river_code":"3320620","survey_method":"사진측량","admin_code":"52790"},"geometry":{"type":"Polygon","coordinates":[[[126.7274,35.54651],[126.72823,35.54605],[126.72865,35.54616],[126.7294,35.54582],[126.7346,35.54577],[126.73643,35.5461],[126.73906,35.54438],[126.73934,35.54376],[126.73944,35.54182],[126.7402,35.54148],[126.7407,35.54135],[126.74504,35.5417],[126.75,35.5405],[126.74498,35.54168],[126.74068,35.54129],[126.73945,35.54165],[126.73957,35.53969],[126.74079,35.53742],[126.74029,35.53496],[126.74054,35.53418],[126.74397,35.53323],[126.74691,35.53133],[126.75,35.53091],[126.74679,35.53122],[126.74383,35.5331],[126.74044,35.53401],[126.74369,35.52704],[126.74258,35.52234],[126.74187,35.52214],[126.74174,35.52177],[126.74183,35.52216],[126.74253,35.52249],[126.74363,35.527],[126.74008,35.53478],[126.74056,35.53738],[126.73933,35.5398],[126.73904,35.54408],[126.73855,35.54464],[126.73633,35.54596],[126.73459,35.54561],[126.72974,35.54568],[126.72938,35.54422],[126.73252,35.5429],[126.73321,35.54245],[126.73364,35.54167],[126.73309,35.54243],[126.73246,35.54283],[126.72852,35.5446],[126.72834,35.54503],[126.72918,35.54435],[126.72953,35.54574],[126.72863,35.54613],[126.72779,35.54614],[126.7272,35.54649],[126.7274,35.54651]]]}},{"type":"Feature","id":"TN_RIVER_BT:WTR0200000000I3Z2","properties":{"NF_ID":"WTR0200000000I3Z2","source_layer":"TN_RIVER_BT","semantic":"channel","river_class":"소하천","river_class_source":"중심선 공간조인","survey_method":"사진측량","admin_code":"52790"},"geometry":{"type":"Polygon","coordinates":[[[126.72942,35.54805],[126.732,35.54768],[126.73312,35.54705],[126.73373,35.54699],[126.72942,35.54805]]]}},{"type":"Feature","id":"TN_RIVER_BT:WTR0200000000I404","properties":{"NF_ID":"WTR0200000000I404","source_layer":"TN_RIVER_BT","semantic":"channel","river_class":"소하천","river_class_source":"중심선 공간조인","river_name":"용기천","survey_method":"사진측량","admin_code":"52790"},"geometry":{"type":"Polygon","coordinates":[[[126.67812,35.54811],[126.67874,35.54815],[126.67966,35.54765],[126.6809,35.54752],[126.6834,35.54593],[126.68573,35.54554],[126.68705,35.54565],[126.68719,35.54613],[126.68791,35.54605],[126.68718,35.54612],[126.6871,35.54561],[126.68585,35.54554],[126.6834,35.54591],[126.68075,35.54747],[126.67956,35.54759],[126.67861,35.54798],[126.67646,35.54802],[126.67641,35.54828],[126.67742,35.54834],[126.67812,35.54811]]]}},{"type":"Feature","id":"TN_RIVER_BT:WTR0200000000I415","properties":{"NF_ID":"WTR0200000000I415","source_layer":"TN_RIVER_BT","semantic":"channel","river_class":"지방하천","river_class_source":"중심선 공간조인","river_name":"장사천","river_code":"5221530","survey_method":"사진측량","admin_code":"52790"},"geometry":{"type":"Polygon","coordinates":[[[126.60919,35.54834],[126.61213,35.54817],[126.61666,35.54882],[126.61962,35.54884],[126.62523,35.54701],[126.62878,35.5471],[126.62989,35.54634],[126.62911,35.54666],[126.62875,35.54706],[126.62521,35.54695],[126.61982,35.54873],[126.61705,35.54877],[126.61208,35.54806],[126.60941,35.54816],[126.60741,35.54879],[126.60703,35.54566],[126.60552,35.54457],[126.60367,35.54261],[126.60605,35.54503],[126.60186,35.54886],[126.60609,35.54505],[126.60703,35.54578],[126.60722,35.54896],[126.60919,35.54834]]]}},{"type":"Feature","id":"TN_RIVER_BT:WTR0200000000I426","properties":{"NF_ID":"WTR0200000000I426","source_layer":"TN_RIVER_BT","semantic":"channel","river_class":"소하천","river_class_source":"중심선 공간조인","survey_method":"사진측량","admin_code":"52790"},"geometry":{"type":"Polygon","coordinates":[[[126.6069,35.54704],[126.60644,35.54712],[126.60528,35.54835],[126.60572,35.54923],[126.60537,35.54839],[126.60638,35.54726],[126.6069,35.54704]]]}},{"type":"Feature","id":"TN_RIVER_BT:WTR0200000000I437","properties":{"NF_ID":"WTR0200000000I437","source_layer":"TN_RIVER_BT","semantic":"channel","river_class":"지방하천","river_class_source":"중심선 공간조인","river_name":"오룡천","river_code":"5221620","survey_method":"사진측량","admin_code":"52790"},"geometry":{"type":"MultiPolygon","coordinates":[[[[126.6747,35.54626],[126.67471,35.54625],[126.6747,35.54625],[126.6747,35.54626]]],[[[126.67469,35.54625],[126.67479,35.54559],[126.67418,35.54422],[126.6742,35.54331],[126.67506,35.54101],[126.67511,35.54026],[126.67665,35.53827],[126.67764,35.53758],[126.67815,35.53773],[126.67646,35.53973],[126.67579,35.54183],[126.67509,35.54263],[126.67487,35.5434],[126.67534,35.54569],[126.67617,35.54685],[126.67661,35.54672],[126.67685,35.54702],[126.67701,35.5468],[126.67615,35.54669],[126.67534,35.54565],[126.67492,35.54323],[126.67524,35.54242],[126.6758,35.54186],[126.67649,35.53972],[126.67818,35.53773],[126.67927,35.53799],[126.68031,35.53782],[126.68401,35.53923],[126.68028,35.53778],[126.67927,35.53797],[126.67823,35.53768],[126.67915,35.53543],[126.67977,35.53251],[126.68195,35.53266],[126.68207,35.532],[126.68281,35.53144],[126.6839,35.53148],[126.6828,35.53142],[126.68205,35.53197],[126.6819,35.53264],[126.67978,35.53247],[126.68056,35.52506],[126.68025,35.52419],[126.67877,35.52213],[126.67875,35.52109],[126.67927,35.52008],[126.68134,35.51988],[126.682,35.51943],[126.68244,35.51982],[126.68209,35.52089],[126.68229,35.52119],[126.68294,35.52143],[126.68378,35.52137],[126.68487,35.52087],[126.68378,35.52134],[126.68302,35.5214],[126.68214,35.52094],[126.6826,35.51973],[126.68413,35.51841],[126.68441,35.5172],[126.68407,35.51844],[126.68274,35.51961],[126.68248,35.51971],[126.68203,35.51939],[126.68082,35.51994],[126.67899,35.5199],[126.67969,35.51847],[126.68116,35.51677],[126.68131,35.51529],[126.68169,35.51463],[126.68135,35.51283],[126.67946,35.51054],[126.68294,35.5086],[126.67977,35.51036],[126.67945,35.51048],[126.67926,35.51029],[126.67901,35.50833],[126.67923,35.50711],[126.67898,35.50657],[126.67926,35.50519],[126.67893,35.50427],[126.67789,35.50307],[126.67779,35.50228],[126.68159,35.5],[126.67811,35.50195],[126.67798,35.50095],[126.67874,35.5],[126.67842,35.5],[126.67775,35.50075],[126.67754,35.50196],[126.67714,35.50195],[126.67765,35.50206],[126.67784,35.50306],[126.67887,35.5043],[126.67924,35.50551],[126.67908,35.50601],[126.67202,35.5056],[126.67221,35.50482],[126.67193,35.50561],[126.67898,35.50598],[126.67919,35.50726],[126.6789,35.50824],[126.67901,35.50997],[126.67935,35.51087],[126.68052,35.51192],[126.68,35.51175],[126.6807,35.51227],[126.68031,35.51223],[126.67632,35.51356],[126.67387,35.51265],[126.67144,35.51274],[126.66843,35.51176],[126.6674,35.5111],[126.66668,35.51109],[126.66468,35.51175],[126.66235,35.51139],[126.66046,35.51206],[126.6593,35.5118],[126.65705,35.51315],[126.65523,35.51571],[126.65372,35.515],[126.65348,35.51515],[126.65525,35.51584],[126.65703,35.5134],[126.65858,35.51266],[126.65919,35.51197],[126.66072,35.51212],[126.66234,35.51147],[126.66463,35.51182],[126.66704,35.51123],[126.67154,35.51285],[126.6739,35.51272],[126.67645,35.51367],[126.68024,35.51236],[126.68086,35.51263],[126.68131,35.51369],[126.68098,35.5146],[126.68115,35.51495],[126.68093,35.51666],[126.67948,35.51821],[126.67907,35.51897],[126.67871,35.5189],[126.67924,35.51785],[126.68052,35.51644],[126.6808,35.51437],[126.68047,35.51652],[126.67922,35.51784],[126.6787,35.51889],[126.67444,35.5188],[126.67867,35.51892],[126.67772,35.52053],[126.67751,35.52166],[126.67905,35.52524],[126.67889,35.52757],[126.66987,35.52524],[126.66877,35.52474],[126.66594,35.52218],[126.6688,35.52481],[126.66968,35.5252],[126.67888,35.52768],[126.67787,35.53483],[126.67691,35.53717],[126.67626,35.53789],[126.67471,35.53855],[126.67377,35.53866],[126.6717,35.53791],[126.67468,35.53236],[126.66979,35.54126],[126.6658,35.53981],[126.66468,35.54072],[126.66554,35.54008],[126.66951,35.54154],[126.66481,35.5504],[126.66128,35.54911],[126.66094,35.54972],[126.66127,35.54921],[126.66477,35.55047],[126.66378,35.55234],[126.65886,35.55065],[126.66372,35.5524],[126.66268,35.55432],[126.66441,35.55462],[126.66577,35.55399],[126.66648,35.55401],[126.66775,35.55269],[126.66789,35.55216],[126.6683,35.55201],[126.66853,35.55226],[126.67067,35.55181],[126.67109,35.55144],[126.67248,35.55106],[126.67308,35.55059],[126.67414,35.548],[126.674,35.54599],[126.67373,35.54568],[126.67314,35.54285],[126.67398,35.54337],[126.67419,35.54473],[126.67468,35.54533],[126.67431,35.54557],[126.67426,35.54608],[126.67442,35.54632],[126.67469,35.54625]],[[126.66386,35.55237],[126.66597,35.55315],[126.66615,35.55392],[126.66442,35.55458],[126.66281,35.55433],[126.66386,35.55237]],[[126.66387,35.55233],[126.66487,35.55051],[126.66881,35.55197],[126.66813,35.55182],[126.66785,35.55197],[126.66738,35.55312],[126.66626,35.5539],[126.666,35.55311],[126.66387,35.55233]],[[126.66511,35.55045],[126.66496,35.55035],[126.66547,35.54935],[126.66972,35.54159],[126.67308,35.54283],[126.67369,35.54569],[126.67395,35.54601],[126.6741,35.54808],[126.67292,35.55068],[126.67211,35.55116],[126.67105,35.55142],[126.67068,35.55177],[126.669,35.5521],[126.66871,35.55177],[126.66511,35.55045]],[[126.67337,35.54233],[126.6739,35.54118],[126.6735,35.53959],[126.67368,35.53884],[126.67403,35.53853],[126.67544,35.53843],[126.67636,35.53787],[126.67767,35.53557],[126.67893,35.52771],[126.67919,35.52773],[126.67945,35.52789],[126.67956,35.5287],[126.67922,35.5295],[126.67879,35.53391],[126.67835,35.53584],[126.67752,35.53751],[126.67597,35.53877],[126.675,35.54021],[126.67483,35.5409],[126.67418,35.54003],[126.67399,35.53889],[126.67414,35.54014],[126.67485,35.5411],[126.674,35.54327],[126.67317,35.54279],[126.67337,35.54233]],[[126.67895,35.53272],[126.67975,35.53251],[126.67916,35.53532],[126.67812,35.53764],[126.67768,35.5375],[126.67851,35.5357],[126.67895,35.53272]],[[126.67898,35.53265],[126.67929,35.53028],[126.68006,35.52976],[126.67975,35.53245],[126.67898,35.53265]],[[126.67944,35.5301],[126.67921,35.53029],[126.67922,35.5298],[126.67961,35.5287],[126.6799,35.52512],[126.6792,35.52406],[126.67931,35.52369],[126.67864,35.52305],[126.67801,35.52146],[126.67847,35.52118],[126.67836,35.52084],[126.67904,35.52008],[126.67921,35.52011],[126.67871,35.52113],[126.67869,35.52201],[126.68014,35.52408],[126.68055,35.52518],[126.68009,35.52971],[126.67944,35.5301]],[[126.67826,35.52044],[126.67779,35.52106],[126.67824,35.52177],[126.67855,35.52303],[126.67925,35.52367],[126.67915,35.52408],[126.67983,35.52514],[126.67955,35.52817],[126.67899,35.52722],[126.67916,35.52564],[126.67894,35.52467],[126.67755,35.52189],[126.67781,35.5204],[126.67871,35.51893],[126.67895,35.51925],[126.67826,35.52044]],[[126.67926,35.51894],[126.67926,35.51894],[126.67927,35.51893],[126.67928,35.51893],[126.67928,35.51894],[126.67929,35.51894],[126.67929,35.51894],[126.67929,35.51895],[126.67929,35.51896],[126.67929,35.51896],[126.67928,35.51897],[126.67928,35.51898],[126.67927,35.51898],[126.67927,35.51899],[126.67927,35.51899],[126.67926,35.51901],[126.67925,35.51903],[126.67924,35.51903],[126.67924,35.51904],[126.67924,35.51905],[126.67924,35.51906],[126.67923,35.51906],[126.67923,35.51907],[126.67923,35.51908],[126.67924,35.51909],[126.67924,35.51909],[126.67924,35.5191],[126.67925,35.51911],[126.67925,35.51912],[126.67926,35.51912],[126.67926,35.51913],[126.67926,35.51914],[126.67926,35.51914],[126.67926,35.51915],[126.67925,35.51915],[126.67925,35.51916],[126.67924,35.51916],[126.67923,35.51916],[126.67922,35.51916],[126.67922,35.51916],[126.67921,35.51916],[126.6792,35.51916],[126.67919,35.51915],[126.67918,35.51915],[126.67917,35.51915],[126.67917,35.51914],[126.67917,35.51914],[126.67916,35.51913],[126.67917,35.51913],[126.67917,35.51912],[126.67918,35.51911],[126.67918,35.5191],[126.67918,35.5191],[126.67918,35.51909],[126.67919,35.51907],[126.6792,35.51904],[126.6792,35.51903],[126.6792,35.51903],[126.6792,35.51902],[126.67921,35.51901],[126.67921,35.51901],[126.67926,35.51894]],[[126.67916,35.52763],[126.67893,35.52757],[126.67897,35.5273],[126.67916,35.52763]],[[126.67964,35.52727],[126.67964,35.52727],[126.67965,35.52727],[126.67966,35.52727],[126.67966,35.52728],[126.67967,35.52728],[126.67967,35.52728],[126.67968,35.52728],[126.67968,35.52729],[126.67968,35.52729],[126.67968,35.5273],[126.67968,35.5273],[126.67968,35.52731],[126.67967,35.52731],[126.67966,35.52733],[126.67966,35.52734],[126.67966,35.52735],[126.67965,35.52735],[126.67965,35.52737],[126.67965,35.52737],[126.67964,35.52738],[126.67964,35.52739],[126.67964,35.52739],[126.67964,35.5274],[126.67964,35.52741],[126.67964,35.52744],[126.67964,35.52745],[126.67964,35.52745],[126.67963,35.52745],[126.67962,35.52745],[126.67962,35.52745],[126.67961,35.52745],[126.67961,35.52744],[126.6796,35.52744],[126.6796,35.52743],[126.6796,35.52743],[126.67959,35.52742],[126.67959,35.52741],[126.67959,35.5274],[126.67959,35.52739],[126.67959,35.52738],[126.67959,35.52736],[126.67959,35.52734],[126.6796,35.52733],[126.6796,35.52732],[126.6796,35.52732],[126.6796,35.52731],[126.6796,35.5273],[126.67961,35.5273],[126.67961,35.52729],[126.67962,35.52728],[126.67962,35.52728],[126.67962,35.52727],[126.67963,35.52727],[126.67964,35.52727]],[[126.67795,35.52121],[126.6782,35.52115],[126.67811,35.52133],[126.67795,35.52121]],[[126.67791,35.52112],[126.67791,35.52112],[126.67791,35.52112],[126.67791,35.52113],[126.67791,35.52114],[126.67791,35.52115],[126.67791,35.52116],[126.67791,35.52117],[126.67791,35.52118],[126.67791,35.52118],[126.6779,35.52119],[126.6779,35.52119],[126.6779,35.5212],[126.6779,35.52121],[126.6779,35.52121],[126.6779,35.52122],[126.67789,35.52122],[126.67789,35.52122],[126.67788,35.52121],[126.67788,35.52121],[126.67788,35.52121],[126.67787,35.52121],[126.67787,35.5212],[126.67787,35.5212],[126.67787,35.52119],[126.67787,35.52119],[126.67787,35.52118],[126.67786,35.52117],[126.67787,35.52112],[126.67786,35.52112],[126.67787,35.52112],[126.67787,35.52111],[126.67787,35.52111],[126.67787,35.52111],[126.67788,35.5211],[126.67788,35.5211],[126.67788,35.5211],[126.67789,35.52111],[126.67789,35.52111],[126.6779,35.52111],[126.6779,35.52111],[126.67791,35.52112]],[[126.67921,35.53052],[126.6792,35.53052],[126.6792,35.53051],[126.6792,35.53051],[126.67919,35.5305],[126.67919,35.5305],[126.67919,35.53049],[126.67919,35.53049],[126.67919,35.53048],[126.67918,35.53042],[126.67918,35.53041],[126.67918,35.5304],[126.67919,35.53039],[126.67919,35.53039],[126.67919,35.53037],[126.67919,35.53036],[126.6792,35.53036],[126.6792,35.53035],[126.6792,35.53035],[126.67921,35.53034],[126.67921,35.53034],[126.67922,35.53033],[126.67922,35.53033],[126.67923,35.53033],[126.67924,35.53033],[126.67924,35.53033],[126.67925,35.53034],[126.67925,35.53034],[126.67926,35.53034],[126.67926,35.53035],[126.67927,35.53035],[126.67927,35.53036],[126.67927,35.53037],[126.67927,35.53037],[126.67927,35.53038],[126.67927,35.53039],[126.67926,35.53039],[126.67926,35.5304],[126.67925,35.53041],[126.67924,35.53042],[126.67924,35.53043],[126.67924,35.53044],[126.67923,35.53044],[126.67923,35.53045],[126.67923,35.53046],[126.67923,35.53047],[126.67922,35.53049],[126.67922,35.5305],[126.67922,35.5305],[126.67921,35.53051],[126.67921,35.53051],[126.67921,35.53052],[126.67921,35.53052]],[[126.6789,35.53267],[126.6789,35.53267],[126.67889,35.53269],[126.67889,35.5327],[126.67888,35.5327],[126.67888,35.53271],[126.67887,35.53271],[126.67886,35.53272],[126.67886,35.53272],[126.67885,35.53272],[126.67884,35.53272],[126.67884,35.53272],[126.67884,35.53272],[126.67883,35.53272],[126.67883,35.53271],[126.67883,35.5327],[126.67883,35.53269],[126.67883,35.53268],[126.67883,35.53266],[126.67883,35.53265],[126.67884,35.53258],[126.67885,35.53255],[126.67885,35.53253],[126.67885,35.53252],[126.67885,35.53251],[126.67886,35.53247],[126.67887,35.53245],[126.67887,35.53244],[126.67887,35.53243],[126.67888,35.53242],[126.67888,35.53242],[126.67889,35.53241],[126.6789,35.53241],[126.67891,35.5324],[126.67891,35.5324],[126.67892,35.5324],[126.67893,35.5324],[126.67893,35.5324],[126.67894,35.5324],[126.67894,35.5324],[126.67895,35.53241],[126.67895,35.53241],[126.67895,35.53242],[126.67895,35.53243],[126.67895,35.53244],[126.67894,35.53245],[126.67894,35.53245],[126.67894,35.53247],[126.67893,35.53249],[126.67893,35.53251],[126.67892,35.53253],[126.67892,35.53254],[126.67892,35.53255],[126.67892,35.53256],[126.67892,35.53257],[126.67892,35.53259],[126.67892,35.5326],[126.67892,35.53262],[126.6789,35.53267]],[[126.67316,35.54251],[126.66986,35.54132],[126.67169,35.53797],[126.67372,35.53872],[126.67346,35.53954],[126.67384,35.54131],[126.67316,35.54251]],[[126.67905,35.50934],[126.67906,35.50934],[126.67906,35.50934],[126.67906,35.50934],[126.67907,35.50935],[126.67907,35.50936],[126.67907,35.50938],[126.67907,35.50939],[126.67907,35.50941],[126.67907,35.50942],[126.67907,35.50942],[126.67907,35.50943],[126.67907,35.50943],[126.67907,35.50943],[126.67907,35.50944],[126.67906,35.50944],[126.67906,35.50943],[126.67905,35.50943],[126.67905,35.50943],[126.67905,35.50943],[126.67902,35.5094],[126.67902,35.50939],[126.67902,35.50938],[126.67902,35.50938],[126.67902,35.50937],[126.67902,35.50937],[126.67902,35.50936],[126.67902,35.50936],[126.67902,35.50936],[126.67902,35.50935],[126.67902,35.50935],[126.67903,35.50935],[126.67903,35.50934],[126.67904,35.50934],[126.67904,35.50934],[126.67905,35.50934],[126.67905,35.50934],[126.67905,35.50934]],[[126.67918,35.50891],[126.67918,35.50891],[126.67919,35.50891],[126.67919,35.50891],[126.67919,35.50891],[126.67919,35.50892],[126.67919,35.50892],[126.6792,35.50893],[126.6792,35.50893],[126.6792,35.50894],[126.67919,35.50895],[126.67919,35.50895],[126.67918,35.50897],[126.67918,35.50897],[126.67918,35.50898],[126.67917,35.50898],[126.67917,35.50899],[126.67916,35.50899],[126.67916,35.50899],[126.67916,35.50898],[126.67916,35.50898],[126.67915,35.50898],[126.67915,35.50897],[126.67915,35.50896],[126.67915,35.50896],[126.67915,35.50895],[126.67915,35.50894],[126.67915,35.50894],[126.67915,35.50893],[126.67916,35.50893],[126.67916,35.50892],[126.67916,35.50892],[126.67916,35.50891],[126.67917,35.50891],[126.67917,35.50891],[126.67918,35.50891]],[[126.67451,35.54599],[126.67438,35.54573],[126.6747,35.54547],[126.67451,35.54599]]]]}},{"type":"Feature","id":"TN_RIVER_BT:WTR0200000000I448","properties":{"NF_ID":"WTR0200000000I448","source_layer":"TN_RIVER_BT","semantic":"channel","river_class":"소하천","river_class_source":"중심선 공간조인","survey_method":"사진측량","admin_code":"52790"},"geometry":{"type":"Polygon","coordinates":[[[126.61519,35.55601],[126.61506,35.55586],[126.6136,35.55602],[126.61501,35.5559],[126.61533,35.55623],[126.61648,35.55667],[126.61519,35.55601]]]}},{"type":"Feature","id":"TN_RIVER_BT:WTR0200000000I459","properties":{"NF_ID":"WTR0200000000I459","source_layer":"TN_RIVER_BT","semantic":"channel","river_class":"소하천","river_class_source":"중심선 공간조인","survey_method":"사진측량","admin_code":"52790"},"geometry":{"type":"Polygon","coordinates":[[[126.67799,35.55722],[126.67682,35.55685],[126.67581,35.55612],[126.67418,35.55424],[126.67537,35.55352],[126.67676,35.55361],[126.67986,35.55428],[126.68019,35.5547],[126.68104,35.55512],[126.68216,35.55532],[126.68261,35.55666],[126.68367,35.5567],[126.68798,35.55803],[126.68831,35.55792],[126.68664,35.55761],[126.68377,35.55663],[126.68267,35.55656],[126.68236,35.55506],[126.68293,35.55475],[126.6843,35.55493],[126.6865,35.55423],[126.68927,35.5542],[126.69024,35.55396],[126.68923,35.55419],[126.68662,35.55413],[126.68431,35.55487],[126.68289,35.55469],[126.68188,35.55518],[126.68078,35.55488],[126.67993,35.55425],[126.67727,35.55372],[126.6764,35.55261],[126.67203,35.55532],[126.6722,35.55546],[126.67409,35.55428],[126.67573,35.55619],[126.67677,35.55693],[126.67767,35.55722],[126.67756,35.55892],[126.6777,35.55723],[126.67834,35.55738],[126.67847,35.55912],[126.67844,35.55731],[126.67799,35.55722]]]}},{"type":"Feature","id":"TN_RIVER_BT:WTR0200000000I46A","properties":{"NF_ID":"WTR0200000000I46A","source_layer":"TN_RIVER_BT","semantic":"channel","river_class":"소하천","river_class_source":"중심선 공간조인","survey_method":"사진측량","admin_code":"52790"},"geometry":{"type":"Polygon","coordinates":[[[126.61759,35.56094],[126.61865,35.5608],[126.61922,35.56034],[126.62013,35.56046],[126.62301,35.55918],[126.6245,35.55807],[126.62708,35.5573],[126.62452,35.55801],[126.62299,35.55914],[126.6201,35.56043],[126.61916,35.56028],[126.61835,35.56073],[126.61772,35.56011],[126.61714,35.55757],[126.61741,35.55736],[126.61626,35.55736],[126.61142,35.5586],[126.61623,35.5575],[126.61708,35.55751],[126.61766,35.56008],[126.61824,35.56064],[126.61238,35.56221],[126.61753,35.56098],[126.61777,35.56235],[126.61713,35.56395],[126.6178,35.56241],[126.61759,35.56094]]]}},{"type":"Feature","id":"TN_RIVER_BT:WTR0200000000I47B","properties":{"NF_ID":"WTR0200000000I47B","source_layer":"TN_RIVER_BT","semantic":"channel","river_class":"소하천","river_class_source":"중심선 공간조인","survey_method":"사진측량","admin_code":"52790"},"geometry":{"type":"Polygon","coordinates":[[[126.61747,35.56969],[126.61728,35.56961],[126.61687,35.56657],[126.61725,35.56969],[126.61747,35.56969]]]}},{"type":"Feature","id":"TN_RIVER_BT:WTR0200000000I48C","properties":{"NF_ID":"WTR0200000000I48C","source_layer":"TN_RIVER_BT","semantic":"channel","river_class":"지방하천","river_class_source":"중심선 공간조인","river_name":"원당천","river_code":"5221540","survey_method":"사진측량","admin_code":"52790"},"geometry":{"type":"Polygon","coordinates":[[[126.63856,35.54642],[126.63832,35.54664],[126.63872,35.54808],[126.64053,35.55256],[126.64099,35.55345],[126.64257,35.55519],[126.64269,35.55717],[126.64331,35.559],[126.64509,35.56068],[126.64564,35.56149],[126.64625,35.56493],[126.64578,35.56733],[126.64589,35.5686],[126.64561,35.56997],[126.643,35.57092],[126.64291,35.57124],[126.64288,35.57108],[126.64604,35.56997],[126.64592,35.56735],[126.64636,35.56477],[126.64568,35.56145],[126.64332,35.55882],[126.64275,35.55708],[126.64261,35.55514],[126.64063,35.55268],[126.63878,35.5481],[126.63838,35.54664],[126.63856,35.54642]]]}},{"type":"Feature","id":"TN_RIVER_BT:WTR0200000000I49D","properties":{"NF_ID":"WTR0200000000I49D","source_layer":"TN_RIVER_BT","semantic":"channel","river_class":"소하천","river_class_source":"중심선 공간조인","survey_method":"사진측량","admin_code":"52790"},"geometry":{"type":"Polygon","coordinates":[[[126.63589,35.57152],[126.636,35.57123],[126.63746,35.57129],[126.63686,35.56921],[126.63597,35.56721],[126.63314,35.56384],[126.63323,35.56261],[126.63304,35.56382],[126.63602,35.56745],[126.63727,35.57117],[126.63592,35.57114],[126.63589,35.57152]]]}},{"type":"Feature","id":"TN_RIVER_BT:WTR0200000000I4AE","properties":{"NF_ID":"WTR0200000000I4AE","source_layer":"TN_RIVER_BT","semantic":"channel","river_class":"소하천","river_class_source":"중심선 공간조인","survey_method":"사진측량","admin_code":"52790"},"geometry":{"type":"Polygon","coordinates":[[[126.62979,35.57183],[126.62977,35.57183],[126.62975,35.57183],[126.62972,35.57183],[126.62966,35.57182],[126.62957,35.5718],[126.62956,35.5718],[126.62953,35.57179],[126.62946,35.57178],[126.62944,35.57178],[126.6294,35.57178],[126.62939,35.57178],[126.62938,35.57178],[126.62937,35.57178],[126.62936,35.57177],[126.62935,35.57177],[126.62934,35.57177],[126.62931,35.57176],[126.62926,35.57176],[126.62919,35.57175],[126.62911,35.57175],[126.62903,35.57174],[126.62894,35.57173],[126.62885,35.57172],[126.62875,35.57171],[126.6287,35.5717],[126.62864,35.5717],[126.62862,35.57169],[126.62861,35.57169],[126.62854,35.57168],[126.62845,35.57167],[126.62842,35.57167],[126.62842,35.57167],[126.62831,35.57165],[126.6282,35.57163],[126.62812,35.57161],[126.62806,35.57158],[126.62798,35.57155],[126.62797,35.57154],[126.62797,35.57154],[126.62797,35.57154],[126.62797,35.57153],[126.62797,35.57151],[126.62797,35.5715],[126.62797,35.57148],[126.62797,35.57147],[126.62797,35.57146],[126.62797,35.57146],[126.62797,35.57146],[126.62797,35.57146],[126.62796,35.57146],[126.62796,35.57146],[126.62795,35.57147],[126.62795,35.57148],[126.62795,35.5715],[126.62794,35.57154],[126.62794,35.57155],[126.62794,35.57156],[126.62794,35.57156],[126.62794,35.57157],[126.62794,35.57157],[126.62795,35.57157],[126.62795,35.57157],[126.62796,35.57158],[126.62802,35.5716],[126.62809,35.57163],[126.62815,35.57165],[126.62823,35.57166],[126.62832,35.57168],[126.62841,35.57169],[126.62852,35.57171],[126.62861,35.57172],[126.62871,35.57173],[126.62877,35.57174],[126.62887,35.57175],[126.62903,35.57177],[126.62913,35.57178],[126.62923,35.57178],[126.62932,35.57179],[126.62942,35.57181],[126.62949,35.57182],[126.62954,35.57182],[126.62955,35.57182],[126.62957,35.57183],[126.62958,35.57183],[126.62966,35.57185],[126.62974,35.57186],[126.62985,35.57187],[126.6302,35.57192],[126.63034,35.57194],[126.63044,35.57196],[126.63055,35.57197],[126.63063,35.57197],[126.63069,35.57198],[126.63073,35.57199],[126.63075,35.57199],[126.63077,35.572],[126.63078,35.572],[126.63078,35.572],[126.63079,35.572],[126.63079,35.572],[126.63079,35.57199],[126.63079,35.57199],[126.63079,35.57198],[126.63079,35.57198],[126.63077,35.57196],[126.63074,35.57195],[126.63073,35.57194],[126.63072,35.57194],[126.6307,35.57194],[126.6307,35.57194],[126.63065,35.57194],[126.63062,35.57193],[126.63057,35.57193],[126.63051,35.57193],[126.63047,35.57193],[126.63039,35.57191],[126.63036,35.57191],[126.63029,35.5719],[126.63018,35.57188],[126.63015,35.57188],[126.63015,35.57188],[126.63011,35.57187],[126.63008,35.57187],[126.63002,35.57187],[126.63002,35.57186],[126.62995,35.57186],[126.62988,35.57185],[126.62981,35.57184],[126.62979,35.57183]]]}},{"type":"Feature","id":"TN_RIVER_BT:WTR0200000000I4BF","properties":{"NF_ID":"WTR0200000000I4BF","source_layer":"TN_RIVER_BT","semantic":"channel","river_class":"소하천","river_class_source":"중심선 공간조인","survey_method":"사진측량","admin_code":"52790"},"geometry":{"type":"Polygon","coordinates":[[[126.67353,35.56978],[126.67402,35.56999],[126.67396,35.57017],[126.67762,35.57183],[126.67856,35.57158],[126.68006,35.57055],[126.68429,35.57026],[126.68504,35.56987],[126.68402,35.57013],[126.6802,35.57043],[126.67848,35.57145],[126.67759,35.57168],[126.67665,35.57114],[126.6765,35.56908],[126.67721,35.56864],[126.67663,35.56724],[126.67711,35.56867],[126.67641,35.56904],[126.67655,35.5711],[126.67362,35.56965],[126.67353,35.56978]]]}},{"type":"Feature","id":"TN_RIVER_BT:WTR0200000000I7LS","properties":{"NF_ID":"WTR0200000000I7LS","source_layer":"TN_RIVER_BT","semantic":"channel","river_class":"지방하천","river_class_source":"중심선 공간조인","river_name":"운흥천","river_code":"3320690","survey_method":"사진측량","admin_code":"52790"},"geometry":{"type":"MultiPolygon","coordinates":[[[[126.72362,35.57446],[126.72346,35.55985],[126.72536,35.55878],[126.7262,35.5578],[126.72648,35.55637],[126.72609,35.55618],[126.72575,35.5578],[126.72503,35.55861],[126.7232,35.55981],[126.72362,35.57446]]],[[[126.71842,35.57324],[126.71906,35.5722],[126.71783,35.57134],[126.71774,35.56662],[126.71648,35.5653],[126.71604,35.56419],[126.71689,35.56285],[126.71755,35.56049],[126.71664,35.5585],[126.71646,35.55753],[126.71661,35.55852],[126.7175,35.56041],[126.71687,35.56278],[126.71599,35.56422],[126.71643,35.56529],[126.71767,35.56651],[126.71779,35.57133],[126.71901,35.57218],[126.71842,35.57324]]]]}},{"type":"Feature","id":"TN_RIVER_BT:WTR0200000000I8V3","properties":{"NF_ID":"WTR0200000000I8V3","source_layer":"TN_RIVER_BT","semantic":"channel","river_class":"소하천","river_class_source":"중심선 공간조인","survey_method":"사진측량","admin_code":"52790"},"geometry":{"type":"Polygon","coordinates":[[[126.48937,35.5],[126.48937,35.5],[126.48934,35.5],[126.48934,35.5],[126.48933,35.50001],[126.48932,35.50003],[126.48924,35.50013],[126.48927,35.50014],[126.48934,35.50006],[126.48937,35.50001],[126.48937,35.50001],[126.48937,35.5]]]}},{"type":"Feature","id":"TN_RIVER_BT:WTR0200000000I8W4","properties":{"NF_ID":"WTR0200000000I8W4","source_layer":"TN_RIVER_BT","semantic":"channel","river_class":"소하천","river_class_source":"중심선 공간조인","survey_method":"사진측량","admin_code":"52790"},"geometry":{"type":"Polygon","coordinates":[[[126.49788,35.5095],[126.49799,35.50867],[126.49647,35.50571],[126.4968,35.50411],[126.49776,35.50316],[126.4972,35.50232],[126.49727,35.50165],[126.49862,35.50085],[126.49724,35.50165],[126.49718,35.5023],[126.49774,35.50315],[126.49678,35.50411],[126.4964,35.50578],[126.49311,35.50514],[126.49656,35.50591],[126.49797,35.50866],[126.49753,35.5095],[126.49788,35.5095]]]}},{"type":"Feature","id":"TN_RIVER_BT:WTR0200000000I8X5","properties":{"NF_ID":"WTR0200000000I8X5","source_layer":"TN_RIVER_BT","semantic":"channel","river_class":"소하천","river_class_source":"중심선 공간조인","survey_method":"사진측량","admin_code":"52790"},"geometry":{"type":"Polygon","coordinates":[[[126.48182,35.51005],[126.48478,35.50908],[126.48488,35.50871],[126.48445,35.50776],[126.48508,35.50514],[126.4892,35.50023],[126.48508,35.50506],[126.48436,35.50778],[126.48482,35.50877],[126.4846,35.50917],[126.4815,35.51],[126.48078,35.50957],[126.48082,35.50868],[126.48036,35.50865],[126.48074,35.50876],[126.48056,35.50967],[126.48138,35.5101],[126.48182,35.51005]]]}},{"type":"Feature","id":"TN_RIVER_BT:WTR0200000000I8Y6","properties":{"NF_ID":"WTR0200000000I8Y6","source_layer":"TN_RIVER_BT","semantic":"channel","river_class":"지방하천","river_class_source":"중심선 공간조인","river_name":"해리천","river_code":"5221090","survey_method":"사진측량","admin_code":"52790"},"geometry":{"type":"Polygon","coordinates":[[[126.4967,35.50974],[126.49682,35.50994],[126.49751,35.50983],[126.49795,35.51039],[126.49838,35.51127],[126.49788,35.51159],[126.4981,35.51194],[126.49885,35.51168],[126.5,35.51203],[126.49845,35.51088],[126.49958,35.51127],[126.5,35.51122],[126.49869,35.51073],[126.49792,35.50955],[126.49772,35.50968],[126.49719,35.50947],[126.4967,35.50974]]]}}]}