{"type":"FeatureCollection","features":[{"type":"Feature","id":"TN_RIVER_BNDRY:WTR01000000004FYY","properties":{"NF_ID":"WTR01000000004FYY","admin_code":"51150","source_layer":"TN_RIVER_BNDRY","semantic":"zone","river_class":"소하천","river_class_source":"중심선 공간조인","survey_method":"사진측량"},"geometry":{"type":"Polygon","coordinates":[[[129.01896,37.66002],[129.01843,37.66023],[129.01728,37.65999],[129.01514,37.66071],[129.01324,37.66049],[129.01215,37.66064],[129.01174,37.6602],[129.01024,37.65936],[129.00903,37.65935],[129.00759,37.65904],[129.00705,37.65916],[129.00585,37.65808],[129.0051,37.65787],[129.00444,37.65716],[129.00292,37.65655],[129.00247,37.65605],[129.00187,37.65574],[129.00282,37.65657],[129.00432,37.65717],[129.00501,37.65794],[129.00596,37.65833],[129.00697,37.65923],[129.00813,37.65913],[129.00905,37.65944],[129.01012,37.65947],[129.01164,37.6603],[129.01211,37.66074],[129.01326,37.66057],[129.01515,37.6608],[129.0173,37.66008],[129.01839,37.6603],[129.01879,37.66022],[129.01896,37.66002]]]}},{"type":"Feature","id":"TN_RIVER_BNDRY:WTR01000000004FZZ","properties":{"NF_ID":"WTR01000000004FZZ","admin_code":"51150","source_layer":"TN_RIVER_BNDRY","semantic":"zone","river_class":"소하천","river_class_source":"중심선 공간조인","survey_method":"사진측량"},"geometry":{"type":"Polygon","coordinates":[[[129.01733,37.67501],[129.01719,37.675],[129.01688,37.6756],[129.01463,37.67387],[129.01348,37.67358],[129.01232,37.67365],[129.01,37.67418],[129.00932,37.67497],[129.00802,37.67531],[129.0074,37.67532],[129.00542,37.676],[129.00467,37.67595],[129.00348,37.67654],[129.00484,37.67598],[129.00545,37.67607],[129.00733,37.67539],[129.00803,37.67538],[129.00923,37.67509],[129.00959,37.6749],[129.01002,37.67429],[129.01213,37.67376],[129.0134,37.67365],[129.01459,37.67394],[129.01688,37.67574],[129.01733,37.67501]]]}},{"type":"Feature","id":"TN_RIVER_BNDRY:WTR01000000004G01","properties":{"NF_ID":"WTR01000000004G01","admin_code":"51150","source_layer":"TN_RIVER_BNDRY","semantic":"zone","river_class":"소하천","river_class_source":"중심선 공간조인","survey_method":"사진측량"},"geometry":{"type":"Polygon","coordinates":[[[129.00139,37.66265],[129.00137,37.66254],[129.00137,37.66234],[129.00137,37.66223],[129.00137,37.66223],[129.00137,37.66223],[129.00136,37.66222],[129.00136,37.66222],[129.00128,37.66235],[129.00128,37.66236],[129.0013,37.66248],[129.0013,37.66258],[129.00131,37.66266],[129.00131,37.66266],[129.00139,37.66265]]]}},{"type":"Feature","id":"TN_RIVER_BNDRY:WTR01000000004G12","properties":{"NF_ID":"WTR01000000004G12","admin_code":"51150","source_layer":"TN_RIVER_BNDRY","semantic":"zone","river_class":"소하천","river_class_source":"중심선 공간조인","survey_method":"사진측량"},"geometry":{"type":"Polygon","coordinates":[[[129.0014,37.66271],[129.00139,37.66265],[129.00131,37.66266],[129.00133,37.66272],[129.0014,37.66271]]]}},{"type":"Feature","id":"TN_RIVER_BNDRY:WTR01000000004G23","properties":{"NF_ID":"WTR01000000004G23","admin_code":"51150","source_layer":"TN_RIVER_BNDRY","semantic":"zone","river_class":"소하천","river_class_source":"중심선 공간조인","survey_method":"사진측량"},"geometry":{"type":"Polygon","coordinates":[[[129.00139,37.66265],[129.00211,37.66273],[129.00335,37.66354],[129.00369,37.66399],[129.00445,37.66436],[129.00464,37.66492],[129.00534,37.66582],[129.00531,37.66603],[129.00551,37.66604],[129.00481,37.66498],[129.00463,37.66442],[129.00376,37.66395],[129.00332,37.66344],[129.00221,37.66268],[129.00139,37.66265]]]}},{"type":"Feature","id":"TN_RIVER_BNDRY:WTR01000000004G34","properties":{"NF_ID":"WTR01000000004G34","admin_code":"51150","source_layer":"TN_RIVER_BNDRY","semantic":"zone","river_class":"지방하천","river_class_source":"중심선 공간조인","river_name":"정동진천","river_code":"1620320","survey_method":"사진측량"},"geometry":{"type":"Polygon","coordinates":[[[129.01782,37.65118],[129.01759,37.65054],[129.0169,37.64995],[129.01477,37.64902],[129.01277,37.64766],[129.01176,37.64744],[129.0111,37.64692],[129.00918,37.64649],[129.00838,37.64587],[129.00768,37.64556],[129.00582,37.645],[129.00496,37.64504],[129.00371,37.64386],[129.00232,37.64393],[129.00238,37.64407],[129.00333,37.64399],[129.00375,37.64412],[129.00448,37.64495],[129.00495,37.64519],[129.00582,37.64517],[129.00744,37.64558],[129.00845,37.64652],[129.0095,37.64713],[129.01092,37.64697],[129.01178,37.64759],[129.01263,37.64774],[129.01493,37.64928],[129.0165,37.64993],[129.01701,37.65036],[129.0173,37.65121],[129.01782,37.65118]]]}},{"type":"Feature","id":"TN_RIVER_BNDRY:WTR01000000004G45","properties":{"NF_ID":"WTR01000000004G45","admin_code":"51150","source_layer":"TN_RIVER_BNDRY","semantic":"zone","river_class":"지방하천","river_class_source":"중심선 공간조인","river_name":"정동진천","river_code":"1620320","survey_method":"사진측량"},"geometry":{"type":"Polygon","coordinates":[[[129.00238,37.64407],[129.00232,37.64393],[129.00214,37.64394],[129.00215,37.64407],[129.00238,37.64407]]]}},{"type":"Feature","id":"TN_RIVER_BNDRY:WTR01000000004G56","properties":{"NF_ID":"WTR01000000004G56","admin_code":"51150","source_layer":"TN_RIVER_BNDRY","semantic":"zone","river_class":"소하천","river_class_source":"중심선 공간조인","survey_method":"사진측량"},"geometry":{"type":"Polygon","coordinates":[[[129.00232,37.64393],[129.00154,37.64351],[129.00166,37.6437],[129.00232,37.64393]]]}},{"type":"Feature","id":"TN_RIVER_BNDRY:WTR01000000004G67","properties":{"NF_ID":"WTR01000000004G67","admin_code":"51150","source_layer":"TN_RIVER_BNDRY","semantic":"zone","river_class":"소하천","river_class_source":"중심선 공간조인","survey_method":"사진측량"},"geometry":{"type":"Polygon","coordinates":[[[129.00133,37.66272],[129.00078,37.66282],[129.00051,37.6627],[129.00073,37.66285],[129.00133,37.66272]]]}},{"type":"Feature","id":"TN_RIVER_BNDRY:WTR01000000004G78","properties":{"NF_ID":"WTR01000000004G78","admin_code":"51150","source_layer":"TN_RIVER_BNDRY","semantic":"zone","river_class":"소하천","river_class_source":"중심선 공간조인","survey_method":"사진측량"},"geometry":{"type":"Polygon","coordinates":[[[129.00394,37.56064],[129.00403,37.56067],[129.00399,37.5606],[129.00395,37.56049],[129.00391,37.56041],[129.00381,37.56029],[129.00379,37.56027],[129.00377,37.56027],[129.00376,37.56027],[129.00375,37.56029],[129.00375,37.56031],[129.00376,37.56033],[129.00377,37.56035],[129.00378,37.56037],[129.00384,37.56041],[129.00387,37.56043],[129.00388,37.56045],[129.00388,37.56048],[129.00387,37.56051],[129.00387,37.56052],[129.00388,37.56054],[129.0039,37.56057],[129.00393,37.56059],[129.00394,37.56061],[129.00394,37.56063],[129.00394,37.56064]]]}},{"type":"Feature","id":"TN_RIVER_BNDRY:WTR01000000004G89","properties":{"NF_ID":"WTR01000000004G89","admin_code":"51150","source_layer":"TN_RIVER_BNDRY","semantic":"zone","river_class":"소하천","river_class_source":"중심선 공간조인","survey_method":"사진측량"},"geometry":{"type":"Polygon","coordinates":[[[129.00394,37.56064],[129.00334,37.56016],[129.00158,37.55963],[129.00156,37.55758],[129.00161,37.55814],[129.00134,37.55921],[129.00152,37.55974],[129.002,37.55994],[129.00267,37.55997],[129.00355,37.56033],[129.00394,37.56064]]]}},{"type":"Feature","id":"TN_RIVER_BNDRY:WTR01000000004G9A","properties":{"NF_ID":"WTR01000000004G9A","admin_code":"51150","source_layer":"TN_RIVER_BNDRY","semantic":"zone","river_class":"소하천","river_class_source":"중심선 공간조인","survey_method":"사진측량"},"geometry":{"type":"Polygon","coordinates":[[[129.00403,37.56067],[129.00394,37.56064],[129.00394,37.56071],[129.004,37.56072],[129.00403,37.56067]]]}},{"type":"Feature","id":"TN_RIVER_BNDRY:WTR01000000004GAB","properties":{"NF_ID":"WTR01000000004GAB","admin_code":"51150","source_layer":"TN_RIVER_BNDRY","semantic":"zone","river_class":"소하천","river_class_source":"중심선 공간조인","survey_method":"사진측량"},"geometry":{"type":"Polygon","coordinates":[[[129.0132,37.5663],[129.01303,37.56604],[129.01148,37.56648],[129.01014,37.56669],[129.00962,37.56663],[129.00915,37.56641],[129.00826,37.56541],[129.00788,37.56526],[129.00776,37.56498],[129.0049,37.56379],[129.0043,37.56378],[129.00417,37.56316],[129.00488,37.5619],[129.00464,37.56116],[129.00403,37.56067],[129.00449,37.56119],[129.0047,37.56206],[129.00411,37.56303],[129.00417,37.56381],[129.00494,37.56387],[129.00747,37.56498],[129.00779,37.56535],[129.00821,37.56545],[129.00934,37.56667],[129.01013,37.56677],[129.0132,37.5663]]]}},{"type":"Feature","id":"TN_RIVER_BNDRY:WTR01000000004GBC","properties":{"NF_ID":"WTR01000000004GBC","admin_code":"51150","source_layer":"TN_RIVER_BNDRY","semantic":"zone","river_class":"소하천","river_class_source":"중심선 공간조인","survey_method":"사진측량"},"geometry":{"type":"Polygon","coordinates":[[[129.00162,37.55758],[129.00162,37.55756],[129.00162,37.5575],[129.00162,37.55748],[129.00157,37.55748],[129.00156,37.55758],[129.00162,37.55758]]]}},{"type":"Feature","id":"TN_RIVER_BNDRY:WTR01000000004GCD","properties":{"NF_ID":"WTR01000000004GCD","admin_code":"51150","source_layer":"TN_RIVER_BNDRY","semantic":"zone","river_class":"지방하천","river_class_source":"중심선 공간조인","river_name":"남양천","river_code":"1620340","survey_method":"사진측량"},"geometry":{"type":"Polygon","coordinates":[[[129.01644,37.57467],[129.01533,37.57467],[129.01507,37.57496],[129.01643,37.57499],[129.01644,37.57467]]]}},{"type":"Feature","id":"TN_RIVER_BNDRY:WTR01000000004GDE","properties":{"NF_ID":"WTR01000000004GDE","admin_code":"51150","source_layer":"TN_RIVER_BNDRY","semantic":"zone","river_class":"지방하천","river_class_source":"중심선 공간조인","river_name":"남양천","river_code":"1620340","survey_method":"사진측량"},"geometry":{"type":"Polygon","coordinates":[[[129.0169,37.5748],[129.01644,37.57467],[129.01643,37.57499],[129.01678,37.575],[129.0169,37.5748]]]}},{"type":"Feature","id":"TN_RIVER_BNDRY:WTR01000000004GEF","properties":{"NF_ID":"WTR01000000004GEF","admin_code":"51150","source_layer":"TN_RIVER_BNDRY","semantic":"zone","river_class":"지방하천","river_class_source":"중심선 공간조인","river_name":"남양천","river_code":"1620340","survey_method":"사진측량"},"geometry":{"type":"Polygon","coordinates":[[[129.01556,37.57236],[129.01551,37.57263],[129.016,37.5741],[129.01644,37.57467],[129.0169,37.5748],[129.01614,37.57403],[129.01556,37.57236]]]}},{"type":"Feature","id":"TN_RIVER_BNDRY:WTR01000000004GFG","properties":{"NF_ID":"WTR01000000004GFG","admin_code":"51150","source_layer":"TN_RIVER_BNDRY","semantic":"zone","river_class":"지방하천","river_class_source":"중심선 공간조인","river_name":"남양천","river_code":"1620340","survey_method":"사진측량"},"geometry":{"type":"Polygon","coordinates":[[[129.01501,37.57458],[129.01454,37.57414],[129.01438,37.5735],[129.01513,37.57256],[129.01548,37.5725],[129.01504,37.57232],[129.01411,37.57339],[129.01453,37.57476],[129.01501,37.57458]]]}},{"type":"Feature","id":"TN_RIVER_BNDRY:WTR01000000004GGH","properties":{"NF_ID":"WTR01000000004GGH","admin_code":"51150","source_layer":"TN_RIVER_BNDRY","semantic":"zone","river_class":"지방하천","river_class_source":"중심선 공간조인","river_name":"남양천","river_code":"1620340","survey_method":"사진측량"},"geometry":{"type":"Polygon","coordinates":[[[129.01533,37.57467],[129.01501,37.57458],[129.01453,37.57476],[129.01507,37.57496],[129.01533,37.57467]]]}},{"type":"Feature","id":"TN_RIVER_BNDRY:WTR01000000004GRS","properties":{"NF_ID":"WTR01000000004GRS","admin_code":"51150","source_layer":"TN_RIVER_BNDRY","semantic":"zone","river_class":"소하천","river_class_source":"중심선 공간조인","survey_method":"사진측량"},"geometry":{"type":"Polygon","coordinates":[[[129.0111,37.55727],[129.0104,37.55703],[129.01076,37.55602],[129.01074,37.55559],[129.01129,37.55496],[129.01118,37.55428],[129.01083,37.55367],[129.01143,37.5532],[129.01366,37.55204],[129.01381,37.55137],[129.01328,37.55048],[129.01347,37.54993],[129.01336,37.54845],[129.01354,37.54828],[129.01457,37.54807],[129.01362,37.54812],[129.01328,37.54837],[129.01339,37.55002],[129.01321,37.55052],[129.01371,37.55144],[129.01359,37.55199],[129.01141,37.55314],[129.01076,37.55365],[129.01122,37.55491],[129.01063,37.55562],[129.01068,37.55603],[129.01031,37.5571],[129.0111,37.55727]]]}},{"type":"Feature","id":"TN_RIVER_BNDRY:WTR01000000004GST","properties":{"NF_ID":"WTR01000000004GST","admin_code":"51150","source_layer":"TN_RIVER_BNDRY","semantic":"zone","river_class":"지방하천","river_class_source":"중심선 공간조인","river_name":"남양천","river_code":"1620340","survey_method":"사진측량"},"geometry":{"type":"Polygon","coordinates":[[[129.01556,37.57236],[129.01504,37.57232],[129.01548,37.5725],[129.01556,37.57236]]]}},{"type":"Feature","id":"TN_RIVER_BNDRY:WTR01000000004GTU","properties":{"NF_ID":"WTR01000000004GTU","admin_code":"51150","source_layer":"TN_RIVER_BNDRY","semantic":"zone","river_class":"소하천","river_class_source":"중심선 공간조인","survey_method":"사진측량"},"geometry":{"type":"Polygon","coordinates":[[[129.01513,37.5723],[129.01437,37.57181],[129.01387,37.57171],[129.01328,37.57183],[129.01159,37.57142],[129.01319,37.57188],[129.01385,37.57176],[129.01443,37.57187],[129.01513,37.5723]]]}},{"type":"Feature","id":"TN_RIVER_BNDRY:WTR01000000004GUV","properties":{"NF_ID":"WTR01000000004GUV","admin_code":"51150","source_layer":"TN_RIVER_BNDRY","semantic":"zone","river_class":"지방하천","river_class_source":"중심선 공간조인","river_name":"남양천","river_code":"1620340","survey_method":"사진측량"},"geometry":{"type":"Polygon","coordinates":[[[129.01346,37.56622],[129.0132,37.5663],[129.01427,37.56803],[129.0147,37.5696],[129.01561,37.5707],[129.01513,37.5723],[129.01556,37.57236],[129.01598,37.57063],[129.015,37.56933],[129.01514,37.56835],[129.014,37.5672],[129.0139,37.56654],[129.01346,37.56622]]]}},{"type":"Feature","id":"TN_RIVER_BNDRY:WTR01000000004GVW","properties":{"NF_ID":"WTR01000000004GVW","admin_code":"51150","source_layer":"TN_RIVER_BNDRY","semantic":"zone","river_class":"지방하천","river_class_source":"중심선 공간조인","river_name":"남양천","river_code":"1620340","survey_method":"사진측량"},"geometry":{"type":"Polygon","coordinates":[[[129.01346,37.56622],[129.01322,37.56599],[129.01303,37.56604],[129.0132,37.5663],[129.01346,37.56622]]]}},{"type":"Feature","id":"TN_RIVER_BNDRY:WTR01000000004GWX","properties":{"NF_ID":"WTR01000000004GWX","admin_code":"51150","source_layer":"TN_RIVER_BNDRY","semantic":"zone","river_class":"소하천","river_class_source":"중심선 공간조인","survey_method":"사진측량"},"geometry":{"type":"Polygon","coordinates":[[[129.01122,37.55735],[129.0111,37.55727],[129.01106,37.55731],[129.0111,37.55733],[129.01116,37.55738],[129.01116,37.55739],[129.01122,37.55735]]]}},{"type":"Feature","id":"TN_RIVER_BNDRY:WTR01000000004GXY","properties":{"NF_ID":"WTR01000000004GXY","admin_code":"51150","source_layer":"TN_RIVER_BNDRY","semantic":"zone","river_class":"소하천","river_class_source":"중심선 공간조인","survey_method":"사진측량"},"geometry":{"type":"Polygon","coordinates":[[[129.0111,37.55727],[129.01122,37.55735],[129.01121,37.55688],[129.01191,37.55689],[129.01186,37.55607],[129.01231,37.55592],[129.01343,37.55452],[129.01229,37.55583],[129.0118,37.55607],[129.0119,37.55685],[129.01111,37.55681],[129.0111,37.55727]]]}},{"type":"Feature","id":"TN_RIVER_BNDRY:WTR01000000004GYZ","properties":{"NF_ID":"WTR01000000004GYZ","admin_code":"51150","source_layer":"TN_RIVER_BNDRY","semantic":"zone","river_class":"소하천","river_class_source":"중심선 공간조인","survey_method":"사진측량"},"geometry":{"type":"Polygon","coordinates":[[[129.01322,37.56599],[129.01226,37.56509],[129.01179,37.5642],[129.01129,37.56383],[129.0108,37.56247],[129.01102,37.56159],[129.01079,37.56123],[129.0109,37.56078],[129.01065,37.56014],[129.01117,37.55926],[129.01101,37.55864],[129.01128,37.55788],[129.01122,37.55735],[129.01089,37.55857],[129.01104,37.55933],[129.01054,37.56018],[129.01079,37.56069],[129.01067,37.56095],[129.0109,37.56175],[129.01074,37.56245],[129.01092,37.56326],[129.01128,37.56392],[129.0118,37.56427],[129.01215,37.56509],[129.01303,37.56604],[129.01322,37.56599]]]}},{"type":"Feature","id":"TN_RIVER_BNDRY:WTR01000000004GZ0","properties":{"NF_ID":"WTR01000000004GZ0","admin_code":"51150","source_layer":"TN_RIVER_BNDRY","semantic":"zone","river_class":"소하천","river_class_source":"중심선 공간조인","survey_method":"사진측량"},"geometry":{"type":"Polygon","coordinates":[[[129.02109,37.6296],[129.02092,37.62965],[129.02222,37.63013],[129.02231,37.63002],[129.02109,37.6296]]]}},{"type":"Feature","id":"TN_RIVER_BNDRY:WTR01000000004H02","properties":{"NF_ID":"WTR01000000004H02","admin_code":"51150","source_layer":"TN_RIVER_BNDRY","semantic":"zone","river_class":"소하천","river_class_source":"중심선 공간조인","survey_method":"사진측량"},"geometry":{"type":"Polygon","coordinates":[[[129.01769,37.6392],[129.01833,37.63811],[129.01794,37.63832],[129.01775,37.63863],[129.01769,37.6392]]]}},{"type":"Feature","id":"TN_RIVER_BNDRY:WTR01000000004H13","properties":{"NF_ID":"WTR01000000004H13","admin_code":"51150","source_layer":"TN_RIVER_BNDRY","semantic":"zone","river_class":"등급미확인","survey_method":"사진측량"},"geometry":{"type":"Polygon","coordinates":[[[129.01756,37.63928],[129.01758,37.63921],[129.01747,37.63926],[129.01747,37.63926],[129.01747,37.63927],[129.01747,37.63929],[129.01748,37.63929],[129.01756,37.63928]]]}},{"type":"Feature","id":"TN_RIVER_BNDRY:WTR01000000004H24","properties":{"NF_ID":"WTR01000000004H24","admin_code":"51150","source_layer":"TN_RIVER_BNDRY","semantic":"zone","river_class":"소하천","river_class_source":"중심선 공간조인","survey_method":"사진측량"},"geometry":{"type":"Polygon","coordinates":[[[129.01769,37.6392],[129.01758,37.63921],[129.01756,37.63928],[129.01768,37.6393],[129.01768,37.63924],[129.01769,37.6392]]]}},{"type":"Feature","id":"TN_RIVER_BNDRY:WTR01000000004H35","properties":{"NF_ID":"WTR01000000004H35","admin_code":"51150","source_layer":"TN_RIVER_BNDRY","semantic":"zone","river_class":"소하천","river_class_source":"중심선 공간조인","survey_method":"사진측량"},"geometry":{"type":"Polygon","coordinates":[[[129.01768,37.6393],[129.0177,37.63998],[129.01835,37.64044],[129.01829,37.64025],[129.01779,37.63995],[129.01768,37.6393]]]}},{"type":"Feature","id":"TN_RIVER_BNDRY:WTR01000000004H46","properties":{"NF_ID":"WTR01000000004H46","admin_code":"51150","source_layer":"TN_RIVER_BNDRY","semantic":"zone","river_class":"소하천","river_class_source":"중심선 공간조인","survey_method":"사진측량"},"geometry":{"type":"Polygon","coordinates":[[[129.01964,37.66636],[129.01957,37.66577],[129.01833,37.66514],[129.01566,37.6655],[129.01411,37.66653],[129.01346,37.66669],[129.01289,37.66668],[129.01147,37.66618],[129.0103,37.66609],[129.00903,37.66601],[129.00796,37.66621],[129.00551,37.66604],[129.00554,37.66621],[129.00606,37.66627],[129.00772,37.66632],[129.00902,37.66613],[129.01142,37.66629],[129.01335,37.66688],[129.01376,37.6668],[129.01558,37.66563],[129.01671,37.6654],[129.01845,37.66532],[129.01964,37.66636]]]}},{"type":"Feature","id":"TN_RIVER_BNDRY:WTR01000000004H57","properties":{"NF_ID":"WTR01000000004H57","admin_code":"51150","source_layer":"TN_RIVER_BNDRY","semantic":"zone","river_class":"소하천","river_class_source":"중심선 공간조인","survey_method":"사진측량"},"geometry":{"type":"Polygon","coordinates":[[[129.00551,37.66604],[129.00531,37.66603],[129.00529,37.66616],[129.00554,37.66621],[129.00551,37.66604]]]}},{"type":"Feature","id":"TN_RIVER_BNDRY:WTR01000000004H68","properties":{"NF_ID":"WTR01000000004H68","admin_code":"51150","source_layer":"TN_RIVER_BNDRY","semantic":"zone","river_class":"소하천","river_class_source":"중심선 공간조인","survey_method":"사진측량"},"geometry":{"type":"Polygon","coordinates":[[[129.01792,37.6567],[129.01769,37.65675],[129.01709,37.65642],[129.01569,37.65617],[129.01478,37.65619],[129.01242,37.65663],[129.01116,37.65634],[129.0126,37.65677],[129.01313,37.6565],[129.01381,37.65654],[129.01481,37.65623],[129.01591,37.65621],[129.01708,37.65645],[129.01768,37.65677],[129.01792,37.6567]]]}},{"type":"Feature","id":"TN_RIVER_BNDRY:WTR01000000004H79","properties":{"NF_ID":"WTR01000000004H79","admin_code":"51150","source_layer":"TN_RIVER_BNDRY","semantic":"zone","river_class":"지방하천","river_class_source":"중심선 공간조인","river_name":"정동진천","river_code":"1620320","survey_method":"사진측량"},"geometry":{"type":"Polygon","coordinates":[[[129.02019,37.66633],[129.02007,37.66569],[129.01957,37.66577],[129.01964,37.66636],[129.02019,37.66633]]]}},{"type":"Feature","id":"TN_RIVER_BNDRY:WTR01000000004H8A","properties":{"NF_ID":"WTR01000000004H8A","admin_code":"51150","source_layer":"TN_RIVER_BNDRY","semantic":"zone","river_class":"소하천","river_class_source":"중심선 공간조인","survey_method":"사진측량"},"geometry":{"type":"Polygon","coordinates":[[[129.01729,37.65124],[129.01638,37.65119],[129.01541,37.65172],[129.01455,37.65176],[129.01277,37.65231],[129.01463,37.65179],[129.01546,37.65177],[129.0164,37.65121],[129.01729,37.65124]]]}},{"type":"Feature","id":"TN_RIVER_BNDRY:WTR01000000004H9B","properties":{"NF_ID":"WTR01000000004H9B","admin_code":"51150","source_layer":"TN_RIVER_BNDRY","semantic":"zone","river_class":"지방하천","river_class_source":"중심선 공간조인","river_name":"정동진천","river_code":"1620320","survey_method":"사진측량"},"geometry":{"type":"Polygon","coordinates":[[[129.01816,37.65669],[129.01813,37.65665],[129.01792,37.6567],[129.01796,37.65677],[129.01816,37.65669]]]}},{"type":"Feature","id":"TN_RIVER_BNDRY:WTR01000000004HAC","properties":{"NF_ID":"WTR01000000004HAC","admin_code":"51150","source_layer":"TN_RIVER_BNDRY","semantic":"zone","river_class":"지방하천","river_class_source":"중심선 공간조인","river_name":"정동진천","river_code":"1620320","survey_method":"사진측량"},"geometry":{"type":"Polygon","coordinates":[[[129.01813,37.65665],[129.01798,37.65616],[129.01854,37.65464],[129.01853,37.65347],[129.01786,37.65129],[129.01729,37.65124],[129.0171,37.65171],[129.01723,37.65202],[129.01825,37.65274],[129.0183,37.65293],[129.01834,37.65442],[129.01768,37.65568],[129.01784,37.65576],[129.01792,37.6567],[129.01813,37.65665]]]}},{"type":"Feature","id":"TN_RIVER_BNDRY:WTR01000000004HBD","properties":{"NF_ID":"WTR01000000004HBD","admin_code":"51150","source_layer":"TN_RIVER_BNDRY","semantic":"zone","river_class":"지방하천","river_class_source":"중심선 공간조인","river_name":"정동진천","river_code":"1620320","survey_method":"사진측량"},"geometry":{"type":"Polygon","coordinates":[[[129.01782,37.65118],[129.01729,37.65124],[129.01786,37.65129],[129.01782,37.65118]]]}},{"type":"Feature","id":"TN_RIVER_BNDRY:WTR01000000004HCE","properties":{"NF_ID":"WTR01000000004HCE","admin_code":"51150","source_layer":"TN_RIVER_BNDRY","semantic":"zone","river_class":"지방하천","river_class_source":"중심선 공간조인","river_name":"정동진천","river_code":"1620320","survey_method":"사진측량"},"geometry":{"type":"Polygon","coordinates":[[[129.01772,37.67481],[129.01763,37.67464],[129.01727,37.67494],[129.01772,37.67481]]]}},{"type":"Feature","id":"TN_RIVER_BNDRY:WTR01000000004HDF","properties":{"NF_ID":"WTR01000000004HDF","admin_code":"51150","source_layer":"TN_RIVER_BNDRY","semantic":"zone","river_class":"지방하천","river_class_source":"중심선 공간조인","river_name":"정동진천","river_code":"1620320","survey_method":"사진측량"},"geometry":{"type":"Polygon","coordinates":[[[129.01763,37.67464],[129.01698,37.67375],[129.01727,37.67347],[129.01748,37.67358],[129.01732,37.67343],[129.01811,37.67281],[129.01897,37.67149],[129.01905,37.67089],[129.01865,37.66979],[129.01976,37.66957],[129.02044,37.66873],[129.02002,37.66718],[129.02019,37.66633],[129.01964,37.66636],[129.01993,37.66788],[129.01983,37.66828],[129.01803,37.66937],[129.01788,37.66988],[129.01821,37.67029],[129.01839,37.67097],[129.01816,37.67232],[129.01773,37.67272],[129.01725,37.67288],[129.01664,37.67353],[129.01727,37.67494],[129.01763,37.67464]]]}},{"type":"Feature","id":"TN_RIVER_BNDRY:WTR01000000004HEG","properties":{"NF_ID":"WTR01000000004HEG","admin_code":"51150","source_layer":"TN_RIVER_BNDRY","semantic":"zone","river_class":"소하천","river_class_source":"중심선 공간조인","survey_method":"사진측량"},"geometry":{"type":"Polygon","coordinates":[[[129.04117,37.65382],[129.04172,37.65381],[129.04234,37.65347],[129.0449,37.65277],[129.04619,37.65367],[129.04691,37.6537],[129.04675,37.65354],[129.04619,37.65355],[129.04492,37.65273],[129.0443,37.65296],[129.04349,37.65305],[129.04184,37.65372],[129.04117,37.65382]]]}},{"type":"Feature","id":"TN_RIVER_BNDRY:WTR01000000004HFH","properties":{"NF_ID":"WTR01000000004HFH","admin_code":"51150","source_layer":"TN_RIVER_BNDRY","semantic":"zone","river_class":"소하천","river_class_source":"중심선 공간조인","survey_method":"사진측량"},"geometry":{"type":"Polygon","coordinates":[[[129.04753,37.66399],[129.04786,37.66396],[129.04787,37.66383],[129.04497,37.66366],[129.04408,37.66399],[129.04302,37.66393],[129.04407,37.66403],[129.04486,37.66369],[129.04753,37.66399]]]}},{"type":"Feature","id":"TN_RIVER_BNDRY:WTR01000000004HGI","properties":{"NF_ID":"WTR01000000004HGI","admin_code":"51150","source_layer":"TN_RIVER_BNDRY","semantic":"zone","river_class":"소하천","river_class_source":"중심선 공간조인","survey_method":"사진측량"},"geometry":{"type":"Polygon","coordinates":[[[129.05038,37.66529],[129.04905,37.66543],[129.04834,37.66584],[129.04743,37.66567],[129.04691,37.66617],[129.04608,37.66645],[129.04538,37.66621],[129.04493,37.6665],[129.04428,37.66663],[129.04401,37.66696],[129.04341,37.66713],[129.04293,37.66761],[129.04356,37.66712],[129.04407,37.66705],[129.0448,37.66671],[129.04536,37.66627],[129.04609,37.6665],[129.04701,37.66619],[129.04744,37.66573],[129.0484,37.66593],[129.04906,37.66545],[129.05038,37.66529]]]}},{"type":"Feature","id":"TN_RIVER_BNDRY:WTR01000000004HHJ","properties":{"NF_ID":"WTR01000000004HHJ","admin_code":"51150","source_layer":"TN_RIVER_BNDRY","semantic":"zone","river_class":"소하천","river_class_source":"중심선 공간조인","survey_method":"사진측량"},"geometry":{"type":"Polygon","coordinates":[[[129.04666,37.65429],[129.04637,37.65434],[129.04556,37.6552],[129.04447,37.65577],[129.0445,37.65649],[129.04407,37.65658],[129.04227,37.65858],[129.04112,37.65853],[129.04009,37.65887],[129.03893,37.65863],[129.03887,37.65882],[129.03778,37.65883],[129.03742,37.65922],[129.03668,37.65903],[129.03612,37.65936],[129.03558,37.65929],[129.0347,37.65963],[129.03554,37.65935],[129.03604,37.65945],[129.03668,37.65907],[129.03734,37.65929],[129.03778,37.65888],[129.03884,37.65887],[129.03898,37.65869],[129.04006,37.6589],[129.04114,37.65857],[129.04226,37.65865],[129.04404,37.65669],[129.04454,37.65652],[129.04455,37.6558],[129.04559,37.65529],[129.04666,37.65429]]]}},{"type":"Feature","id":"TN_RIVER_BNDRY:WTR01000000004HIK","properties":{"NF_ID":"WTR01000000004HIK","admin_code":"51150","source_layer":"TN_RIVER_BNDRY","semantic":"zone","river_class":"소하천","river_class_source":"중심선 공간조인","survey_method":"사진측량"},"geometry":{"type":"Polygon","coordinates":[[[129.01045,37.69319],[129.01023,37.69313],[129.01022,37.69319],[129.01044,37.69325],[129.01048,37.69325],[129.01051,37.69325],[129.01053,37.69325],[129.01056,37.69324],[129.01049,37.6932],[129.01045,37.69319]]]}},{"type":"Feature","id":"TN_RIVER_BNDRY:WTR01000000004HJL","properties":{"NF_ID":"WTR01000000004HJL","admin_code":"51150","source_layer":"TN_RIVER_BNDRY","semantic":"zone","river_class":"소하천","river_class_source":"중심선 공간조인","survey_method":"사진측량"},"geometry":{"type":"Polygon","coordinates":[[[129.01991,37.68071],[129.01977,37.6806],[129.01885,37.68103],[129.01782,37.68186],[129.01613,37.68204],[129.0142,37.68259],[129.01314,37.68263],[129.01034,37.6824],[129.0091,37.68274],[129.00847,37.68263],[129.00754,37.68284],[129.00772,37.68296],[129.00859,37.68272],[129.00926,37.68286],[129.01032,37.68256],[129.01333,37.68277],[129.01463,37.68262],[129.0162,37.68212],[129.01779,37.68198],[129.01903,37.6811],[129.01991,37.68071]]]}},{"type":"Feature","id":"TN_RIVER_BNDRY:WTR01000000004HKM","properties":{"NF_ID":"WTR01000000004HKM","admin_code":"51150","source_layer":"TN_RIVER_BNDRY","semantic":"zone","river_class":"소하천","river_class_source":"중심선 공간조인","survey_method":"사진측량"},"geometry":{"type":"Polygon","coordinates":[[[129.00762,37.68295],[129.00754,37.68284],[129.00752,37.68285],[129.00756,37.68297],[129.00762,37.68295]]]}},{"type":"Feature","id":"TN_RIVER_BNDRY:WTR01000000004HLN","properties":{"NF_ID":"WTR01000000004HLN","admin_code":"51150","source_layer":"TN_RIVER_BNDRY","semantic":"zone","river_class":"소하천","river_class_source":"중심선 공간조인","survey_method":"사진측량"},"geometry":{"type":"Polygon","coordinates":[[[129.00522,37.68364],[129.00503,37.68372],[129.00518,37.68378],[129.00522,37.68364]]]}},{"type":"Feature","id":"TN_RIVER_BNDRY:WTR01000000004HMO","properties":{"NF_ID":"WTR01000000004HMO","admin_code":"51150","source_layer":"TN_RIVER_BNDRY","semantic":"zone","river_class":"소하천","river_class_source":"중심선 공간조인","survey_method":"사진측량"},"geometry":{"type":"Polygon","coordinates":[[[129.00756,37.68297],[129.00752,37.68285],[129.00706,37.68308],[129.00629,37.68378],[129.00522,37.68364],[129.00518,37.68378],[129.00625,37.68391],[129.00756,37.68297]]]}},{"type":"Feature","id":"TN_RIVER_BNDRY:WTR01000000004HNP","properties":{"NF_ID":"WTR01000000004HNP","admin_code":"51150","source_layer":"TN_RIVER_BNDRY","semantic":"zone","river_class":"소하천","river_class_source":"중심선 공간조인","survey_method":"사진측량"},"geometry":{"type":"Polygon","coordinates":[[[129.00754,37.68284],[129.00717,37.68255],[129.00691,37.68255],[129.00754,37.68284]]]}},{"type":"Feature","id":"TN_RIVER_BNDRY:WTR01000000004HOQ","properties":{"NF_ID":"WTR01000000004HOQ","admin_code":"51150","source_layer":"TN_RIVER_BNDRY","semantic":"zone","river_class":"소하천","river_class_source":"중심선 공간조인","survey_method":"사진측량"},"geometry":{"type":"Polygon","coordinates":[[[129.01468,37.70111],[129.01461,37.70114],[129.01468,37.70122],[129.01471,37.70122],[129.01472,37.70123],[129.0149,37.70131],[129.01468,37.70111]]]}},{"type":"Feature","id":"TN_RIVER_BNDRY:WTR01000000004HPR","properties":{"NF_ID":"WTR01000000004HPR","admin_code":"51150","source_layer":"TN_RIVER_BNDRY","semantic":"zone","river_class":"소하천","river_class_source":"중심선 공간조인","survey_method":"사진측량"},"geometry":{"type":"Polygon","coordinates":[[[129.01456,37.70103],[129.01468,37.70111],[129.01464,37.70061],[129.01413,37.70053],[129.01443,37.70058],[129.01456,37.70103]]]}},{"type":"Feature","id":"TN_RIVER_BNDRY:WTR01000000004HQS","properties":{"NF_ID":"WTR01000000004HQS","admin_code":"51150","source_layer":"TN_RIVER_BNDRY","semantic":"zone","river_class":"소하천","river_class_source":"중심선 공간조인","survey_method":"사진측량"},"geometry":{"type":"Polygon","coordinates":[[[129.01468,37.70111],[129.01456,37.70103],[129.01455,37.70111],[129.01461,37.70114],[129.01468,37.70111]]]}},{"type":"Feature","id":"TN_RIVER_BNDRY:WTR01000000004HRT","properties":{"NF_ID":"WTR01000000004HRT","admin_code":"51150","source_layer":"TN_RIVER_BNDRY","semantic":"zone","river_class":"소하천","river_class_source":"중심선 공간조인","survey_method":"사진측량"},"geometry":{"type":"Polygon","coordinates":[[[129.01455,37.70111],[129.01456,37.70103],[129.01447,37.70103],[129.01431,37.70104],[129.01419,37.70103],[129.0141,37.70102],[129.01404,37.70102],[129.01397,37.701],[129.0139,37.70102],[129.01386,37.70101],[129.01379,37.701],[129.01395,37.70106],[129.01411,37.70112],[129.01414,37.70112],[129.01417,37.70112],[129.0142,37.70113],[129.01432,37.70111],[129.0144,37.7011],[129.01449,37.70109],[129.01455,37.70111]]]}},{"type":"Feature","id":"TN_RIVER_BNDRY:WTR01000000004HSU","properties":{"NF_ID":"WTR01000000004HSU","admin_code":"51150","source_layer":"TN_RIVER_BNDRY","semantic":"zone","river_class":"소하천","river_class_source":"중심선 공간조인","survey_method":"사진측량"},"geometry":{"type":"Polygon","coordinates":[[[129.01795,37.69352],[129.01631,37.69295],[129.01601,37.69271],[129.0149,37.69265],[129.01593,37.69275],[129.01795,37.69352]]]}},{"type":"Feature","id":"TN_RIVER_BNDRY:WTR01000000004HTV","properties":{"NF_ID":"WTR01000000004HTV","admin_code":"51150","source_layer":"TN_RIVER_BNDRY","semantic":"zone","river_class":"소하천","river_class_source":"중심선 공간조인","survey_method":"사진측량"},"geometry":{"type":"Polygon","coordinates":[[[129.01989,37.68053],[129.01849,37.68038],[129.01759,37.68045],[129.01989,37.68053]]]}},{"type":"Feature","id":"TN_RIVER_BNDRY:WTR01000000004HUW","properties":{"NF_ID":"WTR01000000004HUW","admin_code":"51150","source_layer":"TN_RIVER_BNDRY","semantic":"zone","river_class":"소하천","river_class_source":"중심선 공간조인","survey_method":"사진측량"},"geometry":{"type":"Polygon","coordinates":[[[129.02003,37.68068],[129.01989,37.68053],[129.01977,37.6806],[129.02003,37.68068]]]}},{"type":"Feature","id":"TN_RIVER_BNDRY:WTR01000000004HVX","properties":{"NF_ID":"WTR01000000004HVX","admin_code":"51150","source_layer":"TN_RIVER_BNDRY","semantic":"zone","river_class":"소하천","river_class_source":"중심선 공간조인","survey_method":"사진측량"},"geometry":{"type":"Polygon","coordinates":[[[129.0238,37.69458],[129.0246,37.69484],[129.02539,37.69553],[129.02467,37.69481],[129.0238,37.69458]]]}},{"type":"Feature","id":"TN_RIVER_BNDRY:WTR01000000004HWY","properties":{"NF_ID":"WTR01000000004HWY","admin_code":"51150","source_layer":"TN_RIVER_BNDRY","semantic":"zone","river_class":"소하천","river_class_source":"중심선 공간조인","survey_method":"사진측량"},"geometry":{"type":"Polygon","coordinates":[[[129.02106,37.7006],[129.02012,37.70015],[129.02024,37.70034],[129.02094,37.70058],[129.02122,37.70085],[129.02106,37.7006]]]}},{"type":"Feature","id":"TN_RIVER_BNDRY:WTR01000000004HXZ","properties":{"NF_ID":"WTR01000000004HXZ","admin_code":"51150","source_layer":"TN_RIVER_BNDRY","semantic":"zone","river_class":"소하천","river_class_source":"중심선 공간조인","survey_method":"사진측량"},"geometry":{"type":"Polygon","coordinates":[[[129.03924,37.68367],[129.03949,37.68329],[129.03952,37.68269],[129.03899,37.6818],[129.039,37.68091],[129.03838,37.67862],[129.03739,37.67756],[129.03673,37.67755],[129.03619,37.67719],[129.03786,37.67816],[129.03832,37.67877],[129.03888,37.6809],[129.03891,37.68188],[129.03949,37.68273],[129.03924,37.68367]]]}},{"type":"Feature","id":"TN_RIVER_BNDRY:WTR01000000004HY0","properties":{"NF_ID":"WTR01000000004HY0","admin_code":"51150","source_layer":"TN_RIVER_BNDRY","semantic":"zone","river_class":"지방하천","river_class_source":"중심선 공간조인","river_name":"정동진천","river_code":"1620320","survey_method":"사진측량"},"geometry":{"type":"Polygon","coordinates":[[[129.03255,37.68775],[129.03278,37.68684],[129.03207,37.68751],[129.03223,37.68781],[129.03255,37.68775]]]}},{"type":"Feature","id":"TN_RIVER_BNDRY:WTR01000000004HZ1","properties":{"NF_ID":"WTR01000000004HZ1","admin_code":"51150","source_layer":"TN_RIVER_BNDRY","semantic":"zone","river_class":"지방하천","river_class_source":"중심선 공간조인","river_name":"정동진천","river_code":"1620320","survey_method":"사진측량"},"geometry":{"type":"Polygon","coordinates":[[[129.03255,37.68775],[129.03214,37.68795],[129.03254,37.68824],[129.03255,37.68775]]]}},{"type":"Feature","id":"TN_RIVER_BNDRY:WTR01000000004I03","properties":{"NF_ID":"WTR01000000004I03","admin_code":"51150","source_layer":"TN_RIVER_BNDRY","semantic":"zone","river_class":"소하천","river_class_source":"중심선 공간조인","survey_method":"사진측량"},"geometry":{"type":"Polygon","coordinates":[[[129.01979,37.70193],[129.01974,37.7019],[129.01971,37.70188],[129.01968,37.70186],[129.01965,37.70186],[129.01961,37.70186],[129.01957,37.70187],[129.01951,37.70189],[129.01946,37.70194],[129.01954,37.70193],[129.0196,37.70192],[129.01961,37.70191],[129.01963,37.70191],[129.01963,37.70192],[129.01969,37.70195],[129.01969,37.70195],[129.0197,37.70196],[129.0197,37.70198],[129.0197,37.70199],[129.01971,37.702],[129.01972,37.702],[129.01974,37.702],[129.01977,37.70198],[129.0198,37.70195],[129.01981,37.70194],[129.01979,37.70193]]]}},{"type":"Feature","id":"TN_RIVER_BNDRY:WTR01000000004I14","properties":{"NF_ID":"WTR01000000004I14","admin_code":"51150","source_layer":"TN_RIVER_BNDRY","semantic":"zone","river_class":"소하천","river_class_source":"중심선 공간조인","survey_method":"사진측량"},"geometry":{"type":"Polygon","coordinates":[[[129.02278,37.68056],[129.02149,37.68033],[129.01989,37.68053],[129.02003,37.68068],[129.02178,37.68051],[129.02274,37.68073],[129.02278,37.68056]]]}},{"type":"Feature","id":"TN_RIVER_BNDRY:WTR01000000004I25","properties":{"NF_ID":"WTR01000000004I25","admin_code":"51150","source_layer":"TN_RIVER_BNDRY","semantic":"zone","river_class":"소하천","river_class_source":"중심선 공간조인","survey_method":"사진측량"},"geometry":{"type":"Polygon","coordinates":[[[129.0257,37.68362],[129.02559,37.68352],[129.02316,37.68434],[129.02193,37.68507],[129.0211,37.68591],[129.01906,37.68619],[129.0153,37.68776],[129.01409,37.68784],[129.01246,37.68844],[129.01222,37.68857],[129.01174,37.68932],[129.01255,37.68846],[129.01401,37.6879],[129.01536,37.68778],[129.01791,37.68679],[129.01849,37.6867],[129.01938,37.68615],[129.02112,37.68595],[129.02202,37.68503],[129.02316,37.68439],[129.0257,37.68362]]]}},{"type":"Feature","id":"TN_RIVER_BNDRY:WTR01000000004I36","properties":{"NF_ID":"WTR01000000004I36","admin_code":"51150","source_layer":"TN_RIVER_BNDRY","semantic":"zone","river_class":"지방하천","river_class_source":"중심선 공간조인","river_name":"정동진천","river_code":"1620320","survey_method":"사진측량"},"geometry":{"type":"Polygon","coordinates":[[[129.03223,37.68781],[129.03077,37.68684],[129.02996,37.68532],[129.02953,37.68486],[129.02863,37.68449],[129.02694,37.68433],[129.02612,37.68336],[129.0257,37.68362],[129.02668,37.68465],[129.02872,37.68489],[129.02925,37.68511],[129.03032,37.687],[129.0311,37.68762],[129.03214,37.68795],[129.03223,37.68781]]]}},{"type":"Feature","id":"TN_RIVER_BNDRY:WTR01000000004I47","properties":{"NF_ID":"WTR01000000004I47","admin_code":"51150","source_layer":"TN_RIVER_BNDRY","semantic":"zone","river_class":"지방하천","river_class_source":"중심선 공간조인","river_name":"정동진천","river_code":"1620320","survey_method":"사진측량"},"geometry":{"type":"Polygon","coordinates":[[[129.02612,37.68336],[129.02602,37.68323],[129.02559,37.68352],[129.0257,37.68362],[129.02612,37.68336]]]}},{"type":"Feature","id":"TN_RIVER_BNDRY:WTR01000000004I58","properties":{"NF_ID":"WTR01000000004I58","admin_code":"51150","source_layer":"TN_RIVER_BNDRY","semantic":"zone","river_class":"지방하천","river_class_source":"중심선 공간조인","river_name":"정동진천","river_code":"1620320","survey_method":"사진측량"},"geometry":{"type":"Polygon","coordinates":[[[129.01919,37.65974],[129.01861,37.65726],[129.01816,37.65669],[129.01796,37.65677],[129.01849,37.6579],[129.01891,37.65998],[129.01919,37.65974]]]}},{"type":"Feature","id":"TN_RIVER_BNDRY:WTR01000000004I69","properties":{"NF_ID":"WTR01000000004I69","admin_code":"51150","source_layer":"TN_RIVER_BNDRY","semantic":"zone","river_class":"지방하천","river_class_source":"중심선 공간조인","river_name":"정동진천","river_code":"1620320","survey_method":"사진측량"},"geometry":{"type":"Polygon","coordinates":[[[129.01932,37.65978],[129.01919,37.65974],[129.01893,37.66],[129.01932,37.65978]]]}},{"type":"Feature","id":"TN_RIVER_BNDRY:WTR01000000004I7A","properties":{"NF_ID":"WTR01000000004I7A","admin_code":"51150","source_layer":"TN_RIVER_BNDRY","semantic":"zone","river_class":"지방하천","river_class_source":"중심선 공간조인","river_name":"정동진천","river_code":"1620320","survey_method":"사진측량"},"geometry":{"type":"Polygon","coordinates":[[[129.02007,37.66569],[129.01988,37.66489],[129.01986,37.66253],[129.02098,37.66194],[129.02122,37.6611],[129.02086,37.66044],[129.01932,37.65978],[129.01896,37.66002],[129.02018,37.66048],[129.02049,37.66101],[129.02044,37.66134],[129.01937,37.66221],[129.01954,37.66242],[129.01957,37.66577],[129.02007,37.66569]]]}},{"type":"Feature","id":"TN_RIVER_BNDRY:WTR01000000004I8B","properties":{"NF_ID":"WTR01000000004I8B","admin_code":"51150","source_layer":"TN_RIVER_BNDRY","semantic":"zone","river_class":"지방하천","river_class_source":"중심선 공간조인","river_name":"정동진천","river_code":"1620320","survey_method":"사진측량"},"geometry":{"type":"Polygon","coordinates":[[[129.02325,37.68055],[129.02336,37.67936],[129.02416,37.67829],[129.02449,37.67735],[129.0245,37.67646],[129.02402,37.67597],[129.02311,37.67567],[129.02246,37.67575],[129.02175,37.67606],[129.02138,37.67603],[129.02116,37.67623],[129.0208,37.67611],[129.02039,37.67625],[129.01976,37.67622],[129.01822,37.67557],[129.01772,37.67481],[129.01733,37.67501],[129.01781,37.67572],[129.0203,37.67685],[129.02307,37.67603],[129.02381,37.67622],[129.02402,37.67662],[129.02405,37.67794],[129.02379,37.67831],[129.02351,37.67837],[129.02277,37.67958],[129.02278,37.68056],[129.02325,37.68055]]]}},{"type":"Feature","id":"TN_RIVER_BNDRY:WTR01000000004I9C","properties":{"NF_ID":"WTR01000000004I9C","admin_code":"51150","source_layer":"TN_RIVER_BNDRY","semantic":"zone","river_class":"지방하천","river_class_source":"중심선 공간조인","river_name":"정동진천","river_code":"1620320","survey_method":"사진측량"},"geometry":{"type":"Polygon","coordinates":[[[129.02602,37.68323],[129.02528,37.68232],[129.0233,37.68069],[129.02274,37.68073],[129.02325,37.68138],[129.0249,37.68265],[129.02559,37.68352],[129.02602,37.68323]]]}},{"type":"Feature","id":"TN_RIVER_BNDRY:WTR01000000004IAD","properties":{"NF_ID":"WTR01000000004IAD","admin_code":"51150","source_layer":"TN_RIVER_BNDRY","semantic":"zone","river_class":"지방하천","river_class_source":"중심선 공간조인","river_name":"정동진천","river_code":"1620320","survey_method":"사진측량"},"geometry":{"type":"Polygon","coordinates":[[[129.0233,37.68069],[129.02325,37.68055],[129.02278,37.68056],[129.02274,37.68073],[129.0233,37.68069]]]}},{"type":"Feature","id":"TN_RIVER_BNDRY:WTR01000000004IBE","properties":{"NF_ID":"WTR01000000004IBE","admin_code":"51150","source_layer":"TN_RIVER_BNDRY","semantic":"zone","river_class":"소하천","river_class_source":"중심선 공간조인","survey_method":"지적측량"},"geometry":{"type":"Polygon","coordinates":[[[129.03928,37.68368],[129.03932,37.68443],[129.03998,37.68561],[129.04064,37.68602],[129.04006,37.68562],[129.03938,37.68441],[129.03928,37.68368]]]}},{"type":"Feature","id":"TN_RIVER_BNDRY:WTR01000000004ICF","properties":{"NF_ID":"WTR01000000004ICF","admin_code":"51150","source_layer":"TN_RIVER_BNDRY","semantic":"zone","river_class":"소하천","river_class_source":"중심선 공간조인","survey_method":"지적측량"},"geometry":{"type":"Polygon","coordinates":[[[129.04663,37.65424],[129.04695,37.65414],[129.04743,37.6536],[129.04822,37.65323],[129.0495,37.65151],[129.04831,37.65304],[129.04727,37.65361],[129.04663,37.65424]]]}},{"type":"Feature","id":"TN_RIVER_BNDRY:WTR01000000004IDG","properties":{"NF_ID":"WTR01000000004IDG","admin_code":"51150","source_layer":"TN_RIVER_BNDRY","semantic":"zone","river_class":"소하천","river_class_source":"중심선 공간조인","survey_method":"지적측량"},"geometry":{"type":"Polygon","coordinates":[[[129.05032,37.66523],[129.05114,37.66501],[129.05321,37.66528],[129.05114,37.66496],[129.05032,37.66523]]]}},{"type":"Feature","id":"TN_RIVER_BNDRY:WTR01000000004IEH","properties":{"NF_ID":"WTR01000000004IEH","admin_code":"51150","source_layer":"TN_RIVER_BNDRY","semantic":"zone","river_class":"지방하천","river_class_source":"중심선 공간조인","river_name":"정동진천","river_code":"1620320","survey_method":"사진측량"},"geometry":{"type":"Polygon","coordinates":[[[129.03255,37.68775],[129.03254,37.68824],[129.03325,37.68864],[129.03613,37.68894],[129.03665,37.68868],[129.03723,37.68808],[129.03749,37.68698],[129.03801,37.68637],[129.03843,37.68631],[129.03891,37.68687],[129.03933,37.68692],[129.03935,37.68714],[129.03953,37.68706],[129.0394,37.68664],[129.03887,37.68605],[129.03842,37.68584],[129.03786,37.68581],[129.03733,37.68597],[129.03684,37.68758],[129.03633,37.68828],[129.03356,37.6884],[129.03255,37.68775]]]}},{"type":"Feature","id":"TN_RIVER_BNDRY:WTR01000000004IGJ","properties":{"NF_ID":"WTR01000000004IGJ","admin_code":"51150","source_layer":"TN_RIVER_BNDRY","semantic":"zone","river_class":"소하천","river_class_source":"중심선 공간조인","survey_method":"사진측량"},"geometry":{"type":"Polygon","coordinates":[[[129.00949,37.59642],[129.00878,37.59819],[129.00806,37.59859],[129.00777,37.59907],[129.00822,37.59865],[129.00883,37.5984],[129.00949,37.59642]]]}},{"type":"Feature","id":"TN_RIVER_BNDRY:WTR01000000004IHK","properties":{"NF_ID":"WTR01000000004IHK","admin_code":"51150","source_layer":"TN_RIVER_BNDRY","semantic":"zone","river_class":"소하천","river_class_source":"중심선 공간조인","survey_method":"사진측량"},"geometry":{"type":"Polygon","coordinates":[[[129.00921,37.60189],[129.00949,37.60151],[129.01014,37.60157],[129.01039,37.60145],[129.01041,37.60109],[129.01076,37.60083],[129.01078,37.60048],[129.01189,37.59897],[129.01144,37.59928],[129.0107,37.6005],[129.0107,37.60082],[129.01035,37.60108],[129.01034,37.6014],[129.01004,37.60152],[129.00945,37.60148],[129.00921,37.60189]]]}},{"type":"Feature","id":"TN_RIVER_BNDRY:WTR01000000004IIL","properties":{"NF_ID":"WTR01000000004IIL","admin_code":"51150","source_layer":"TN_RIVER_BNDRY","semantic":"zone","river_class":"소하천","river_class_source":"중심선 공간조인","survey_method":"사진측량"},"geometry":{"type":"Polygon","coordinates":[[[129.00904,37.58596],[129.00966,37.58534],[129.00915,37.58567],[129.00904,37.58596]]]}},{"type":"Feature","id":"TN_RIVER_BNDRY:WTR01000000004IJM","properties":{"NF_ID":"WTR01000000004IJM","admin_code":"51150","source_layer":"TN_RIVER_BNDRY","semantic":"zone","river_class":"소하천","river_class_source":"중심선 공간조인","survey_method":"사진측량"},"geometry":{"type":"Polygon","coordinates":[[[129.00913,37.58599],[129.00904,37.58596],[129.00902,37.58603],[129.00909,37.58606],[129.00913,37.58599]]]}},{"type":"Feature","id":"TN_RIVER_BNDRY:WTR01000000004IKN","properties":{"NF_ID":"WTR01000000004IKN","admin_code":"51150","source_layer":"TN_RIVER_BNDRY","semantic":"zone","river_class":"소하천","river_class_source":"중심선 공간조인","survey_method":"사진측량"},"geometry":{"type":"Polygon","coordinates":[[[129.00874,37.58584],[129.00781,37.58464],[129.00784,37.58372],[129.00773,37.58465],[129.00815,37.58535],[129.00874,37.58584]]]}},{"type":"Feature","id":"TN_RIVER_BNDRY:WTR01000000004ILO","properties":{"NF_ID":"WTR01000000004ILO","admin_code":"51150","source_layer":"TN_RIVER_BNDRY","semantic":"zone","river_class":"소하천","river_class_source":"중심선 공간조인","survey_method":"사진측량"},"geometry":{"type":"Polygon","coordinates":[[[129.00884,37.58589],[129.00874,37.58584],[129.00865,37.58589],[129.0088,37.58595],[129.00884,37.58589]]]}},{"type":"Feature","id":"TN_RIVER_BNDRY:WTR01000000004IMP","properties":{"NF_ID":"WTR01000000004IMP","admin_code":"51150","source_layer":"TN_RIVER_BNDRY","semantic":"zone","river_class":"소하천","river_class_source":"중심선 공간조인","survey_method":"사진측량"},"geometry":{"type":"Polygon","coordinates":[[[129.00904,37.58596],[129.00903,37.58596],[129.00884,37.58589],[129.0088,37.58595],[129.00888,37.58597],[129.00899,37.58602],[129.00902,37.58603],[129.00904,37.58596]]]}},{"type":"Feature","id":"TN_RIVER_BNDRY:WTR01000000004INQ","properties":{"NF_ID":"WTR01000000004INQ","admin_code":"51150","source_layer":"TN_RIVER_BNDRY","semantic":"zone","river_class":"소하천","river_class_source":"중심선 공간조인","survey_method":"사진측량"},"geometry":{"type":"Polygon","coordinates":[[[129.0088,37.58595],[129.00865,37.58589],[129.00864,37.5859],[129.00849,37.58593],[129.00848,37.58594],[129.00848,37.58595],[129.00848,37.58595],[129.0085,37.58596],[129.00852,37.58596],[129.00855,37.58596],[129.00869,37.58595],[129.00873,37.58594],[129.00876,37.58594],[129.0088,37.58595]]]}},{"type":"Feature","id":"TN_RIVER_BNDRY:WTR01000000004IOR","properties":{"NF_ID":"WTR01000000004IOR","admin_code":"51150","source_layer":"TN_RIVER_BNDRY","semantic":"zone","river_class":"소하천","river_class_source":"중심선 공간조인","survey_method":"사진측량"},"geometry":{"type":"Polygon","coordinates":[[[129.00783,37.58366],[129.00784,37.58372],[129.00796,37.58362],[129.00797,37.5836],[129.00798,37.58353],[129.00797,37.58352],[129.00796,37.58351],[129.00795,37.58351],[129.00793,37.5835],[129.00789,37.58359],[129.00785,37.58365],[129.00783,37.58366]]]}},{"type":"Feature","id":"TN_RIVER_BNDRY:WTR01000000004IPS","properties":{"NF_ID":"WTR01000000004IPS","admin_code":"51150","source_layer":"TN_RIVER_BNDRY","semantic":"zone","river_class":"소하천","river_class_source":"중심선 공간조인","survey_method":"사진측량"},"geometry":{"type":"Polygon","coordinates":[[[129.00784,37.58372],[129.00783,37.58366],[129.00777,37.5837],[129.00777,37.58371],[129.00779,37.58375],[129.00784,37.58372]]]}},{"type":"Feature","id":"TN_RIVER_BNDRY:WTR01000000004IQT","properties":{"NF_ID":"WTR01000000004IQT","admin_code":"51150","source_layer":"TN_RIVER_BNDRY","semantic":"zone","river_class":"소하천","river_class_source":"중심선 공간조인","survey_method":"사진측량"},"geometry":{"type":"Polygon","coordinates":[[[129.00783,37.58366],[129.0074,37.58264],[129.00733,37.58286],[129.00716,37.58285],[129.00745,37.58303],[129.00783,37.58366]]]}},{"type":"Feature","id":"TN_RIVER_BNDRY:WTR01000000004IRU","properties":{"NF_ID":"WTR01000000004IRU","admin_code":"51150","source_layer":"TN_RIVER_BNDRY","semantic":"zone","river_class":"소하천","river_class_source":"중심선 공간조인","survey_method":"사진측량"},"geometry":{"type":"Polygon","coordinates":[[[129.01352,37.6156],[129.01282,37.61515],[129.01217,37.61519],[129.01151,37.61495],[129.01114,37.61423],[129.01127,37.61379],[129.01108,37.61317],[129.01027,37.61253],[129.01101,37.61326],[129.01119,37.61382],[129.01109,37.61428],[129.01142,37.61492],[129.01178,37.61515],[129.01282,37.61522],[129.01352,37.6156]]]}},{"type":"Feature","id":"TN_RIVER_BNDRY:WTR01000000004ISV","properties":{"NF_ID":"WTR01000000004ISV","admin_code":"51150","source_layer":"TN_RIVER_BNDRY","semantic":"zone","river_class":"소하천","river_class_source":"중심선 공간조인","survey_method":"사진측량"},"geometry":{"type":"Polygon","coordinates":[[[129.00913,37.58599],[129.00941,37.58637],[129.00935,37.58715],[129.01031,37.58846],[129.01028,37.58897],[129.00997,37.58942],[129.00998,37.59028],[129.01068,37.59072],[129.01019,37.5903],[129.01005,37.58991],[129.01039,37.58891],[129.01036,37.58835],[129.00943,37.58711],[129.0095,37.58642],[129.00913,37.58599]]]}},{"type":"Feature","id":"TN_RIVER_BNDRY:WTR01000000004IUX","properties":{"NF_ID":"WTR01000000004IUX","admin_code":"51150","source_layer":"TN_RIVER_BNDRY","semantic":"zone","river_class":"지방하천","river_class_source":"중심선 공간조인","river_name":"낙풍천","river_code":"1620350","survey_method":"사진측량"},"geometry":{"type":"Polygon","coordinates":[[[129.02266,37.61618],[129.02234,37.61586],[129.02239,37.61621],[129.02266,37.61618]]]}},{"type":"Feature","id":"TN_RIVER_BNDRY:WTR01000000004J9D","properties":{"NF_ID":"WTR01000000004J9D","admin_code":"51150","source_layer":"TN_RIVER_BNDRY","semantic":"zone","river_class":"지방하천","river_class_source":"중심선 공간조인","river_name":"낙풍천","river_code":"1620350","survey_method":"사진측량"},"geometry":{"type":"Polygon","coordinates":[[[129.03887,37.6224],[129.03834,37.62241],[129.03766,37.6228],[129.03784,37.62285],[129.03887,37.6224]]]}},{"type":"Feature","id":"TN_RIVER_BNDRY:WTR01000000004JBF","properties":{"NF_ID":"WTR01000000004JBF","admin_code":"51150","source_layer":"TN_RIVER_BNDRY","semantic":"zone","river_class":"소하천","river_class_source":"중심선 공간조인","survey_method":"사진측량"},"geometry":{"type":"Polygon","coordinates":[[[129.03067,37.59445],[129.02893,37.59395],[129.02844,37.59397],[129.02943,37.59416],[129.03012,37.59448],[129.03033,37.5944],[129.03136,37.59464],[129.03067,37.59445]]]}},{"type":"Feature","id":"TN_RIVER_BNDRY:WTR01000000004JCG","properties":{"NF_ID":"WTR01000000004JCG","admin_code":"51150","source_layer":"TN_RIVER_BNDRY","semantic":"zone","river_class":"소하천","river_class_source":"중심선 공간조인","survey_method":"사진측량"},"geometry":{"type":"Polygon","coordinates":[[[129.06278,37.60636],[129.06294,37.60606],[129.06235,37.60567],[129.06289,37.60607],[129.06278,37.60636]]]}},{"type":"Feature","id":"TN_RIVER_BNDRY:WTR01000000004JDH","properties":{"NF_ID":"WTR01000000004JDH","admin_code":"51150","source_layer":"TN_RIVER_BNDRY","semantic":"zone","river_class":"지방하천","river_class_source":"중심선 공간조인","river_name":"낙풍천","river_code":"1620350","survey_method":"사진측량"},"geometry":{"type":"Polygon","coordinates":[[[129.02239,37.61621],[129.02234,37.61586],[129.02217,37.61586],[129.0166,37.61666],[129.01535,37.61605],[129.01352,37.6156],[129.01425,37.61644],[129.01483,37.61638],[129.01558,37.61681],[129.0167,37.61709],[129.02239,37.61621]]]}},{"type":"Feature","id":"TN_RIVER_BNDRY:WTR01000000004JEI","properties":{"NF_ID":"WTR01000000004JEI","admin_code":"51150","source_layer":"TN_RIVER_BNDRY","semantic":"zone","river_class":"소하천","river_class_source":"중심선 공간조인","survey_method":"사진측량"},"geometry":{"type":"Polygon","coordinates":[[[129.01847,37.6146],[129.01781,37.61457],[129.01785,37.61376],[129.01765,37.6133],[129.0178,37.61376],[129.01775,37.61449],[129.0178,37.6146],[129.01842,37.61461],[129.01828,37.61503],[129.01837,37.61562],[129.01885,37.61625],[129.0184,37.61558],[129.01832,37.615],[129.01847,37.6146]]]}},{"type":"Feature","id":"TN_RIVER_BNDRY:WTR01000000004JVZ","properties":{"NF_ID":"WTR01000000004JVZ","admin_code":"51150","source_layer":"TN_RIVER_BNDRY","semantic":"zone","river_class":"소하천","river_class_source":"중심선 공간조인","survey_method":"사진측량"},"geometry":{"type":"Polygon","coordinates":[[[129.04583,37.58465],[129.0463,37.58433],[129.0475,37.58418],[129.04787,37.58427],[129.04878,37.584],[129.04783,37.58423],[129.04751,37.58414],[129.04638,37.58429],[129.04569,37.58464],[129.04537,37.58456],[129.04534,37.58434],[129.04533,37.58459],[129.04583,37.58465]]]}},{"type":"Feature","id":"TN_RIVER_BNDRY:WTR01000000004JW0","properties":{"NF_ID":"WTR01000000004JW0","admin_code":"51150","source_layer":"TN_RIVER_BNDRY","semantic":"zone","river_class":"소하천","river_class_source":"중심선 공간조인","survey_method":"사진측량"},"geometry":{"type":"Polygon","coordinates":[[[129.03274,37.58427],[129.0325,37.58418],[129.03246,37.58418],[129.03247,37.5842],[129.03248,37.5842],[129.03263,37.58426],[129.03285,37.58435],[129.03289,37.58436],[129.03307,37.58438],[129.03325,37.58439],[129.03325,37.58438],[129.03319,37.58436],[129.03306,37.58435],[129.03295,37.58434],[129.03291,37.58433],[129.03277,37.58428],[129.03276,37.58428],[129.03274,37.58427]]]}},{"type":"Feature","id":"TN_RIVER_BNDRY:WTR01000000004JX1","properties":{"NF_ID":"WTR01000000004JX1","admin_code":"51150","source_layer":"TN_RIVER_BNDRY","semantic":"zone","river_class":"소하천","river_class_source":"중심선 공간조인","survey_method":"사진측량"},"geometry":{"type":"Polygon","coordinates":[[[129.0404,37.59218],[129.04034,37.59216],[129.04035,37.59217],[129.04037,37.59221],[129.04039,37.59223],[129.0405,37.59241],[129.04058,37.59252],[129.04066,37.59262],[129.04078,37.59275],[129.04092,37.59289],[129.04099,37.59298],[129.04106,37.59308],[129.04112,37.59319],[129.04113,37.59321],[129.04115,37.59324],[129.04128,37.59333],[129.04142,37.59344],[129.04144,37.59343],[129.04121,37.59323],[129.04118,37.5932],[129.04117,37.59319],[129.04115,37.59316],[129.04107,37.59302],[129.04101,37.59292],[129.04097,37.59287],[129.04082,37.59272],[129.04068,37.59257],[129.04062,37.59248],[129.04049,37.5923],[129.04045,37.59223],[129.04043,37.5922],[129.0404,37.59218]]]}},{"type":"Feature","id":"TN_RIVER_BNDRY:WTR01000000004JY2","properties":{"NF_ID":"WTR01000000004JY2","admin_code":"51150","source_layer":"TN_RIVER_BNDRY","semantic":"zone","river_class":"소하천","river_class_source":"중심선 공간조인","survey_method":"사진측량"},"geometry":{"type":"Polygon","coordinates":[[[129.04052,37.59211],[129.0403,37.59206],[129.04031,37.59209],[129.04049,37.59215],[129.04074,37.59221],[129.04094,37.5923],[129.04114,37.59241],[129.04124,37.59246],[129.04126,37.59247],[129.04141,37.59254],[129.04156,37.59265],[129.04162,37.5927],[129.04165,37.59271],[129.04167,37.59272],[129.04168,37.5927],[129.04165,37.59269],[129.04164,37.59268],[129.0415,37.59253],[129.04145,37.59249],[129.04142,37.59248],[129.0414,37.59248],[129.04134,37.59245],[129.04114,37.59236],[129.04089,37.59223],[129.04084,37.5922],[129.04078,37.59218],[129.04071,37.59216],[129.04056,37.59212],[129.04052,37.59211]]]}},{"type":"Feature","id":"TN_RIVER_BNDRY:WTR01000000004JZ3","properties":{"NF_ID":"WTR01000000004JZ3","admin_code":"51150","source_layer":"TN_RIVER_BNDRY","semantic":"zone","river_class":"지방하천","river_class_source":"중심선 공간조인","river_name":"남양천","river_code":"1620340","survey_method":"사진측량"},"geometry":{"type":"Polygon","coordinates":[[[129.03404,37.58317],[129.03327,37.58313],[129.03327,37.58318],[129.03404,37.5832],[129.03404,37.58317]]]}},{"type":"Feature","id":"TN_RIVER_BNDRY:WTR01000000004K05","properties":{"NF_ID":"WTR01000000004K05","admin_code":"51150","source_layer":"TN_RIVER_BNDRY","semantic":"zone","river_class":"지방하천","river_class_source":"중심선 공간조인","river_name":"남양천","river_code":"1620340","survey_method":"사진측량"},"geometry":{"type":"Polygon","coordinates":[[[129.03405,37.58572],[129.03337,37.58579],[129.03337,37.58592],[129.03405,37.58572]]]}},{"type":"Feature","id":"TN_RIVER_BNDRY:WTR01000000004K16","properties":{"NF_ID":"WTR01000000004K16","admin_code":"51150","source_layer":"TN_RIVER_BNDRY","semantic":"zone","river_class":"지방하천","river_class_source":"중심선 공간조인","river_name":"남양천","river_code":"1620340","survey_method":"사진측량"},"geometry":{"type":"Polygon","coordinates":[[[129.03461,37.5916],[129.03363,37.59129],[129.03341,37.59159],[129.03427,37.59179],[129.03461,37.5916]]]}},{"type":"Feature","id":"TN_RIVER_BNDRY:WTR01000000004K27","properties":{"NF_ID":"WTR01000000004K27","admin_code":"51150","source_layer":"TN_RIVER_BNDRY","semantic":"zone","river_class":"소하천","river_class_source":"중심선 공간조인","river_name":"예림천","survey_method":"사진측량"},"geometry":{"type":"Polygon","coordinates":[[[129.03404,37.58317],[129.03404,37.5832],[129.03416,37.58317],[129.03475,37.58298],[129.03475,37.58296],[129.03473,37.58294],[129.03471,37.58294],[129.03433,37.58307],[129.03415,37.58314],[129.03404,37.58317]]]}},{"type":"Feature","id":"TN_RIVER_BNDRY:WTR01000000004K38","properties":{"NF_ID":"WTR01000000004K38","admin_code":"51150","source_layer":"TN_RIVER_BNDRY","semantic":"zone","river_class":"지방하천","river_class_source":"중심선 공간조인","river_name":"남양천","river_code":"1620340","survey_method":"사진측량"},"geometry":{"type":"Polygon","coordinates":[[[129.03405,37.58567],[129.03404,37.5832],[129.03327,37.58318],[129.03337,37.58579],[129.03405,37.58567]]]}},{"type":"Feature","id":"TN_RIVER_BNDRY:WTR01000000004K49","properties":{"NF_ID":"WTR01000000004K49","admin_code":"51150","source_layer":"TN_RIVER_BNDRY","semantic":"zone","river_class":"소하천","river_class_source":"중심선 공간조인","survey_method":"사진측량"},"geometry":{"type":"Polygon","coordinates":[[[129.03405,37.58567],[129.03459,37.58472],[129.03505,37.58458],[129.03449,37.58471],[129.03405,37.58567]]]}},{"type":"Feature","id":"TN_RIVER_BNDRY:WTR01000000004K5A","properties":{"NF_ID":"WTR01000000004K5A","admin_code":"51150","source_layer":"TN_RIVER_BNDRY","semantic":"zone","river_class":"소하천","river_class_source":"중심선 공간조인","river_name":"칠재천","survey_method":"사진측량"},"geometry":{"type":"Polygon","coordinates":[[[129.03618,37.59066],[129.03612,37.59063],[129.03608,37.59069],[129.03615,37.59071],[129.03618,37.59066]]]}},{"type":"Feature","id":"TN_RIVER_BNDRY:WTR01000000004K6B","properties":{"NF_ID":"WTR01000000004K6B","admin_code":"51150","source_layer":"TN_RIVER_BNDRY","semantic":"zone","river_class":"소하천","river_class_source":"중심선 공간조인","survey_method":"사진측량"},"geometry":{"type":"Polygon","coordinates":[[[129.03618,37.59066],[129.03666,37.59076],[129.03738,37.59062],[129.03767,37.59075],[129.03741,37.59059],[129.03673,37.59074],[129.03618,37.59066]]]}},{"type":"Feature","id":"TN_RIVER_BNDRY:WTR01000000004K7C","properties":{"NF_ID":"WTR01000000004K7C","admin_code":"51150","source_layer":"TN_RIVER_BNDRY","semantic":"zone","river_class":"소하천","river_class_source":"중심선 공간조인","river_name":"칠재천","survey_method":"사진측량"},"geometry":{"type":"Polygon","coordinates":[[[129.03615,37.59071],[129.03532,37.59155],[129.03461,37.5916],[129.03427,37.59179],[129.03535,37.59161],[129.03615,37.59071]]]}},{"type":"Feature","id":"TN_RIVER_BNDRY:WTR01000000004K8D","properties":{"NF_ID":"WTR01000000004K8D","admin_code":"51150","source_layer":"TN_RIVER_BNDRY","semantic":"zone","river_class":"소하천","river_class_source":"중심선 공간조인","survey_method":"사진측량"},"geometry":{"type":"Polygon","coordinates":[[[129.03327,37.58313],[129.03159,37.58194],[129.03062,37.5809],[129.02964,37.58053],[129.03059,37.58091],[129.03153,37.58195],[129.03327,37.58313]]]}},{"type":"Feature","id":"TN_RIVER_BNDRY:WTR01000000004K9E","properties":{"NF_ID":"WTR01000000004K9E","admin_code":"51150","source_layer":"TN_RIVER_BNDRY","semantic":"zone","river_class":"지방하천","river_class_source":"중심선 공간조인","river_name":"남양천","river_code":"1620340","survey_method":"사진측량"},"geometry":{"type":"Polygon","coordinates":[[[129.03356,37.58155],[129.03298,37.5818],[129.03327,37.58313],[129.03404,37.58317],[129.03356,37.58155]]]}},{"type":"Feature","id":"TN_RIVER_BNDRY:WTR01000000004KAF","properties":{"NF_ID":"WTR01000000004KAF","admin_code":"51150","source_layer":"TN_RIVER_BNDRY","semantic":"zone","river_class":"지방하천","river_class_source":"중심선 공간조인","river_name":"남양천","river_code":"1620340","survey_method":"사진측량"},"geometry":{"type":"Polygon","coordinates":[[[129.03356,37.58155],[129.03343,37.58138],[129.0329,37.58153],[129.03298,37.5818],[129.03356,37.58155]]]}},{"type":"Feature","id":"TN_RIVER_BNDRY:WTR01000000004KBG","properties":{"NF_ID":"WTR01000000004KBG","admin_code":"51150","source_layer":"TN_RIVER_BNDRY","semantic":"zone","river_class":"소하천","river_class_source":"중심선 공간조인","river_name":"양지천","survey_method":"사진측량"},"geometry":{"type":"Polygon","coordinates":[[[129.02245,37.61584],[129.02242,37.61527],[129.02259,37.61504],[129.02234,37.61362],[129.0216,37.61284],[129.02169,37.61185],[129.02135,37.61059],[129.01979,37.6088],[129.01889,37.60828],[129.01879,37.60791],[129.01887,37.60835],[129.0197,37.60875],[129.02134,37.61071],[129.02163,37.61178],[129.02155,37.61286],[129.02228,37.6136],[129.02252,37.61504],[129.02232,37.61574],[129.02245,37.61584]]]}},{"type":"Feature","id":"TN_RIVER_BNDRY:WTR01000000004KEJ","properties":{"NF_ID":"WTR01000000004KEJ","admin_code":"51150","source_layer":"TN_RIVER_BNDRY","semantic":"zone","river_class":"소하천","river_class_source":"중심선 공간조인","river_name":"흑시골천","survey_method":"사진측량"},"geometry":{"type":"Polygon","coordinates":[[[129.02958,37.55825],[129.03001,37.55852],[129.03062,37.55848],[129.03118,37.55818],[129.03126,37.55755],[129.0311,37.55811],[129.03072,37.55835],[129.03025,37.55842],[129.02958,37.55825]]]}},{"type":"Feature","id":"TN_RIVER_BNDRY:WTR01000000004KIN","properties":{"NF_ID":"WTR01000000004KIN","admin_code":"51150","source_layer":"TN_RIVER_BNDRY","semantic":"zone","river_class":"소하천","river_class_source":"중심선 공간조인","survey_method":"사진측량"},"geometry":{"type":"Polygon","coordinates":[[[129.01494,37.60053],[129.01536,37.60011],[129.01574,37.59933],[129.01532,37.5989],[129.0153,37.59848],[129.01547,37.59956],[129.01355,37.60166],[129.01321,37.60286],[129.01327,37.60346],[129.01352,37.60378],[129.01325,37.60422],[129.0136,37.60382],[129.01334,37.60337],[129.01332,37.60286],[129.01375,37.60161],[129.01494,37.60053]]]}},{"type":"Feature","id":"TN_RIVER_BNDRY:WTR01000000004KPU","properties":{"NF_ID":"WTR01000000004KPU","admin_code":"51150","source_layer":"TN_RIVER_BNDRY","semantic":"zone","river_class":"소하천","river_class_source":"중심선 공간조인","survey_method":"사진측량"},"geometry":{"type":"Polygon","coordinates":[[[129.05062,37.6206],[129.05412,37.61944],[129.05244,37.61976],[129.05062,37.6206]]]}},{"type":"Feature","id":"TN_RIVER_BNDRY:WTR01000000004KQV","properties":{"NF_ID":"WTR01000000004KQV","admin_code":"51150","source_layer":"TN_RIVER_BNDRY","semantic":"zone","river_class":"소하천","river_class_source":"중심선 공간조인","survey_method":"사진측량"},"geometry":{"type":"Polygon","coordinates":[[[129.05062,37.6206],[129.05036,37.62038],[129.05017,37.62046],[129.05045,37.6207],[129.05062,37.6206]]]}},{"type":"Feature","id":"TN_RIVER_BNDRY:WTR01000000004KRW","properties":{"NF_ID":"WTR01000000004KRW","admin_code":"51150","source_layer":"TN_RIVER_BNDRY","semantic":"zone","river_class":"소하천","river_class_source":"중심선 공간조인","survey_method":"사진측량"},"geometry":{"type":"Polygon","coordinates":[[[129.05066,37.62066],[129.05062,37.6206],[129.05045,37.6207],[129.05048,37.62073],[129.0505,37.62075],[129.05066,37.62066]]]}},{"type":"Feature","id":"TN_RIVER_BNDRY:WTR01000000004KSX","properties":{"NF_ID":"WTR01000000004KSX","admin_code":"51150","source_layer":"TN_RIVER_BNDRY","semantic":"zone","river_class":"소하천","river_class_source":"중심선 공간조인","survey_method":"사진측량"},"geometry":{"type":"Polygon","coordinates":[[[129.05066,37.62066],[129.0505,37.62075],[129.05059,37.62105],[129.05085,37.6212],[129.05101,37.6218],[129.05077,37.62221],[129.05098,37.62214],[129.05112,37.62172],[129.05066,37.62066]]]}},{"type":"Feature","id":"TN_RIVER_BNDRY:WTR01000000004KTY","properties":{"NF_ID":"WTR01000000004KTY","admin_code":"51150","source_layer":"TN_RIVER_BNDRY","semantic":"zone","river_class":"지방하천","river_class_source":"중심선 공간조인","river_name":"주수천","river_code":"1620330","survey_method":"사진측량"},"geometry":{"type":"Polygon","coordinates":[[[129.05077,37.62221],[129.04864,37.6229],[129.04862,37.62305],[129.05077,37.62221]]]}},{"type":"Feature","id":"TN_RIVER_BNDRY:WTR01000000004KY3","properties":{"NF_ID":"WTR01000000004KY3","admin_code":"51150","source_layer":"TN_RIVER_BNDRY","semantic":"zone","river_class":"지방하천","river_class_source":"중심선 공간조인","river_name":"남양천","river_code":"1620340","survey_method":"사진측량"},"geometry":{"type":"Polygon","coordinates":[[[129.03405,37.58572],[129.03337,37.58592],[129.03342,37.58686],[129.03428,37.58991],[129.03417,37.59048],[129.03363,37.59129],[129.03461,37.5916],[129.03455,37.59134],[129.0349,37.5911],[129.03472,37.59105],[129.03493,37.5909],[129.03496,37.58987],[129.03412,37.58672],[129.03405,37.58572]]]}},{"type":"Feature","id":"TN_RIVER_BNDRY:WTR01000000004KZ4","properties":{"NF_ID":"WTR01000000004KZ4","admin_code":"51150","source_layer":"TN_RIVER_BNDRY","semantic":"zone","river_class":"지방하천","river_class_source":"중심선 공간조인","river_name":"낙풍천","river_code":"1620350","survey_method":"사진측량"},"geometry":{"type":"Polygon","coordinates":[[[129.01425,37.61644],[129.01345,37.61561],[129.0141,37.61653],[129.01425,37.61644]]]}},{"type":"Feature","id":"TN_RIVER_BNDRY:WTR01000000004L06","properties":{"NF_ID":"WTR01000000004L06","admin_code":"51150","source_layer":"TN_RIVER_BNDRY","semantic":"zone","river_class":"지방하천","river_class_source":"중심선 공간조인","river_name":"주수천","river_code":"1620330","survey_method":"사진측량"},"geometry":{"type":"Polygon","coordinates":[[[129.01068,37.59072],[129.01041,37.59058],[129.01039,37.59106],[129.01095,37.59108],[129.01068,37.59072]]]}},{"type":"Feature","id":"TN_RIVER_BNDRY:WTR01000000004L17","properties":{"NF_ID":"WTR01000000004L17","admin_code":"51150","source_layer":"TN_RIVER_BNDRY","semantic":"zone","river_class":"소하천","river_class_source":"중심선 공간조인","survey_method":"사진측량"},"geometry":{"type":"Polygon","coordinates":[[[129.05417,37.61184],[129.05421,37.61181],[129.05427,37.61181],[129.05423,37.61178],[129.0542,37.61174],[129.05418,37.6117],[129.05415,37.61176],[129.05416,37.61179],[129.05414,37.61183],[129.05417,37.61184]]]}},{"type":"Feature","id":"TN_RIVER_BNDRY:WTR01000000004L28","properties":{"NF_ID":"WTR01000000004L28","admin_code":"51150","source_layer":"TN_RIVER_BNDRY","semantic":"zone","river_class":"소하천","river_class_source":"중심선 공간조인","survey_method":"사진측량"},"geometry":{"type":"Polygon","coordinates":[[[129.03752,37.60837],[129.03753,37.60858],[129.03781,37.60837],[129.04047,37.60775],[129.04145,37.60792],[129.04046,37.60772],[129.03752,37.60837]]]}},{"type":"Feature","id":"TN_RIVER_BNDRY:WTR01000000004L39","properties":{"NF_ID":"WTR01000000004L39","admin_code":"51150","source_layer":"TN_RIVER_BNDRY","semantic":"zone","river_class":"지방하천","river_class_source":"중심선 공간조인","river_name":"주수천","river_code":"1620330","survey_method":"사진측량"},"geometry":{"type":"Polygon","coordinates":[[[129.03752,37.60837],[129.03453,37.6051],[129.03245,37.60309],[129.03167,37.60139],[129.03089,37.60262],[129.03309,37.60546],[129.03444,37.60675],[129.03652,37.60931],[129.03752,37.60837]]]}},{"type":"Feature","id":"TN_RIVER_BNDRY:WTR01000000004L4A","properties":{"NF_ID":"WTR01000000004L4A","admin_code":"51150","source_layer":"TN_RIVER_BNDRY","semantic":"zone","river_class":"지방하천","river_class_source":"중심선 공간조인","river_name":"주수천","river_code":"1620330","survey_method":"사진측량"},"geometry":{"type":"Polygon","coordinates":[[[129.03753,37.60858],[129.03752,37.60837],[129.03652,37.60931],[129.03667,37.60949],[129.03753,37.60858]]]}},{"type":"Feature","id":"TN_RIVER_BNDRY:WTR01000000004L5B","properties":{"NF_ID":"WTR01000000004L5B","admin_code":"51150","source_layer":"TN_RIVER_BNDRY","semantic":"zone","river_class":"지방하천","river_class_source":"중심선 공간조인","river_name":"남양천","river_code":"1620340","survey_method":"사진측량"},"geometry":{"type":"Polygon","coordinates":[[[129.03167,37.60139],[129.0313,37.6013],[129.03066,37.60227],[129.03089,37.60262],[129.03167,37.60139]]]}},{"type":"Feature","id":"TN_RIVER_BNDRY:WTR01000000004L6C","properties":{"NF_ID":"WTR01000000004L6C","admin_code":"51150","source_layer":"TN_RIVER_BNDRY","semantic":"zone","river_class":"지방하천","river_class_source":"중심선 공간조인","river_name":"주수천","river_code":"1620330","survey_method":"사진측량"},"geometry":{"type":"Polygon","coordinates":[[[129.05075,37.62217],[129.05006,37.62085],[129.04943,37.62013],[129.04778,37.61877],[129.04559,37.61736],[129.04448,37.61612],[129.04313,37.61429],[129.04334,37.61418],[129.04252,37.61352],[129.04241,37.61314],[129.04013,37.61097],[129.03989,37.61102],[129.03971,37.61089],[129.03753,37.60858],[129.03667,37.60949],[129.04089,37.61336],[129.04114,37.61418],[129.04196,37.61538],[129.04236,37.61538],[129.04226,37.6156],[129.0427,37.6163],[129.04371,37.61674],[129.0447,37.61773],[129.0478,37.62025],[129.04848,37.62151],[129.04864,37.6229],[129.05075,37.62217]]]}},{"type":"Feature","id":"TN_RIVER_BNDRY:WTR01000000004L8E","properties":{"NF_ID":"WTR01000000004L8E","admin_code":"51150","source_layer":"TN_RIVER_BNDRY","semantic":"zone","river_class":"소하천","river_class_source":"중심선 공간조인","river_name":"예림천","survey_method":"사진측량"},"geometry":{"type":"Polygon","coordinates":[[[129.03974,37.57542],[129.04081,37.57497],[129.03916,37.57567],[129.03911,37.57613],[129.03965,37.57672],[129.03961,37.57686],[129.03772,37.57764],[129.03785,37.57833],[129.03869,37.57887],[129.03846,37.5794],[129.03792,37.58007],[129.03703,37.58072],[129.03659,37.58135],[129.0356,37.58206],[129.0366,37.58142],[129.03708,37.58075],[129.03815,37.5799],[129.03874,37.57906],[129.03878,37.57881],[129.03786,37.57821],[129.03777,37.57765],[129.03974,37.57686],[129.03917,37.57597],[129.03929,37.57558],[129.03974,37.57542]]]}},{"type":"Feature","id":"TN_RIVER_BNDRY:WTR01000000004LQW","properties":{"NF_ID":"WTR01000000004LQW","admin_code":"51150","source_layer":"TN_RIVER_BNDRY","semantic":"zone","river_class":"지방하천","river_class_source":"중심선 공간조인","river_name":"남양천","river_code":"1620340","survey_method":"사진측량"},"geometry":{"type":"Polygon","coordinates":[[[129.03427,37.59179],[129.03341,37.59159],[129.03214,37.59303],[129.03207,37.59375],[129.03153,37.59474],[129.03098,37.59917],[129.0313,37.6013],[129.03167,37.60139],[129.03184,37.60133],[129.03176,37.60074],[129.03194,37.59965],[129.03169,37.59838],[129.03188,37.59622],[129.03244,37.59397],[129.03427,37.59179]]]}},{"type":"Feature","id":"TN_RIVER_BNDRY:WTR01000000004LZ5","properties":{"NF_ID":"WTR01000000004LZ5","admin_code":"51150","source_layer":"TN_RIVER_BNDRY","semantic":"zone","river_class":"지방하천","river_class_source":"중심선 공간조인","river_name":"주수천","river_code":"1620330","survey_method":"사진측량"},"geometry":{"type":"Polygon","coordinates":[[[129.03064,37.60081],[129.03041,37.60055],[129.02956,37.60091],[129.02978,37.6011],[129.03064,37.60081]]]}},{"type":"Feature","id":"TN_RIVER_BNDRY:WTR01000000004M07","properties":{"NF_ID":"WTR01000000004M07","admin_code":"51150","source_layer":"TN_RIVER_BNDRY","semantic":"zone","river_class":"지방하천","river_class_source":"중심선 공간조인","river_name":"주수천","river_code":"1620330","survey_method":"사진측량"},"geometry":{"type":"Polygon","coordinates":[[[129.0313,37.6013],[129.03097,37.60119],[129.03064,37.60081],[129.02978,37.6011],[129.03066,37.60227],[129.0313,37.6013]]]}},{"type":"Feature","id":"TN_RIVER_BNDRY:WTR01000000004M18","properties":{"NF_ID":"WTR01000000004M18","admin_code":"51150","source_layer":"TN_RIVER_BNDRY","semantic":"zone","river_class":"지방하천","river_class_source":"중심선 공간조인","river_name":"주수천","river_code":"1620330","survey_method":"사진측량"},"geometry":{"type":"Polygon","coordinates":[[[129.03041,37.60055],[129.02913,37.59967],[129.02547,37.59846],[129.02423,37.5982],[129.02,37.5966],[129.01795,37.5952],[129.0165,37.59392],[129.01507,37.59228],[129.0137,37.59121],[129.01259,37.5907],[129.01068,37.59072],[129.01095,37.59108],[129.01216,37.59112],[129.01306,37.59143],[129.01767,37.59552],[129.01975,37.59697],[129.02185,37.59788],[129.02826,37.60001],[129.02956,37.60091],[129.03041,37.60055]]]}},{"type":"Feature","id":"TN_RIVER_BNDRY:WTR01000000004M6D","properties":{"NF_ID":"WTR01000000004M6D","admin_code":"51150","source_layer":"TN_RIVER_BNDRY","semantic":"zone","river_class":"소하천","river_class_source":"중심선 공간조인","survey_method":"사진측량"},"geometry":{"type":"Polygon","coordinates":[[[129.03342,37.61203],[129.03512,37.61225],[129.03336,37.61202],[129.03255,37.61322],[129.03342,37.61203]]]}},{"type":"Feature","id":"TN_RIVER_BNDRY:WTR01000000004M7E","properties":{"NF_ID":"WTR01000000004M7E","admin_code":"51150","source_layer":"TN_RIVER_BNDRY","semantic":"zone","river_class":"소하천","river_class_source":"중심선 공간조인","river_name":"평촌골천","survey_method":"사진측량"},"geometry":{"type":"Polygon","coordinates":[[[129.03343,37.58138],[129.03356,37.58155],[129.03491,37.58061],[129.03508,37.58029],[129.03505,37.5798],[129.03428,37.57802],[129.03437,37.57692],[129.03605,37.57396],[129.03646,37.57266],[129.03643,37.57147],[129.03664,37.57085],[129.03781,37.56954],[129.03781,37.56786],[129.03817,37.56756],[129.03931,37.56758],[129.03981,37.56733],[129.03993,37.56589],[129.04023,37.56568],[129.04126,37.56562],[129.04123,37.56481],[129.04225,37.56436],[129.04229,37.56385],[129.04303,37.56377],[129.04344,37.5631],[129.0438,37.56201],[129.04373,37.56137],[129.04393,37.5608],[129.04365,37.56034],[129.04315,37.56002],[129.04241,37.55987],[129.04202,37.55942],[129.04213,37.55863],[129.04192,37.55817],[129.04204,37.558],[129.04267,37.55812],[129.0429,37.55781],[129.04295,37.55605],[129.0426,37.55545],[129.04316,37.55489],[129.04286,37.5543],[129.04267,37.55235],[129.04289,37.55181],[129.04331,37.55145],[129.04338,37.55069],[129.04395,37.55015],[129.04322,37.55069],[129.04319,37.55137],[129.04255,37.55235],[129.04285,37.5539],[129.0427,37.55436],[129.04302,37.55487],[129.04245,37.55555],[129.04286,37.55607],[129.04272,37.55788],[129.04255,37.55802],[129.04196,37.55796],[129.04181,37.55817],[129.04201,37.55875],[129.04183,37.55912],[129.04189,37.55946],[129.04265,37.56014],[129.04346,37.56031],[129.04377,37.56081],[129.04361,37.56138],[129.04366,37.56206],[129.04332,37.56309],[129.04298,37.56362],[129.04216,37.56381],[129.04209,37.5644],[129.04113,37.5648],[129.04118,37.56549],[129.04034,37.56557],[129.03985,37.56583],[129.03966,37.56638],[129.03977,37.56726],[129.0393,37.56748],[129.03815,37.56748],[129.03769,37.56785],[129.03772,37.56951],[129.03634,37.57096],[129.03621,37.57206],[129.03637,37.57255],[129.03602,37.57361],[129.03585,37.57408],[129.0356,37.57425],[129.0352,37.57553],[129.03426,37.57695],[129.03413,37.57808],[129.03492,37.57992],[129.03492,37.58026],[129.03455,37.58068],[129.03343,37.58138]]]}},{"type":"Feature","id":"TN_RIVER_BNDRY:WTR01000000004M8F","properties":{"NF_ID":"WTR01000000004M8F","admin_code":"51150","source_layer":"TN_RIVER_BNDRY","semantic":"zone","river_class":"소하천","river_class_source":"중심선 공간조인","survey_method":"사진측량"},"geometry":{"type":"Polygon","coordinates":[[[129.06278,37.60636],[129.06226,37.60606],[129.06157,37.60592],[129.06055,37.60614],[129.0619,37.60602],[129.06278,37.60636]]]}},{"type":"Feature","id":"TN_RIVER_BNDRY:WTR01000000004M9G","properties":{"NF_ID":"WTR01000000004M9G","admin_code":"51150","source_layer":"TN_RIVER_BNDRY","semantic":"zone","river_class":"소하천","river_class_source":"중심선 공간조인","survey_method":"사진측량"},"geometry":{"type":"Polygon","coordinates":[[[129.06284,37.6064],[129.06278,37.60636],[129.06273,37.60641],[129.06281,37.60646],[129.06284,37.6064]]]}},{"type":"Feature","id":"TN_RIVER_BNDRY:WTR01000000004MAH","properties":{"NF_ID":"WTR01000000004MAH","admin_code":"51150","source_layer":"TN_RIVER_BNDRY","semantic":"zone","river_class":"소하천","river_class_source":"중심선 공간조인","survey_method":"사진측량"},"geometry":{"type":"Polygon","coordinates":[[[129.06426,37.6069],[129.06406,37.60673],[129.06332,37.60682],[129.06319,37.60651],[129.06284,37.6064],[129.06335,37.6069],[129.06405,37.60679],[129.06426,37.6069]]]}},{"type":"Feature","id":"TN_RIVER_BNDRY:WTR01000000004MBI","properties":{"NF_ID":"WTR01000000004MBI","admin_code":"51150","source_layer":"TN_RIVER_BNDRY","semantic":"zone","river_class":"소하천","river_class_source":"중심선 공간조인","survey_method":"사진측량"},"geometry":{"type":"Polygon","coordinates":[[[129.06429,37.60696],[129.06426,37.6069],[129.06425,37.60692],[129.06424,37.60692],[129.06413,37.60696],[129.064,37.607],[129.06391,37.60702],[129.06385,37.60704],[129.06374,37.60706],[129.06367,37.60708],[129.06355,37.60714],[129.06353,37.60715],[129.06353,37.60716],[129.06353,37.60716],[129.06353,37.60717],[129.06355,37.60717],[129.06364,37.60717],[129.06374,37.60714],[129.06377,37.60713],[129.06388,37.60708],[129.06403,37.60704],[129.06415,37.607],[129.06429,37.60696]]]}},{"type":"Feature","id":"TN_RIVER_BNDRY:WTR01000000004MCJ","properties":{"NF_ID":"WTR01000000004MCJ","admin_code":"51150","source_layer":"TN_RIVER_BNDRY","semantic":"zone","river_class":"소하천","river_class_source":"중심선 공간조인","survey_method":"사진측량"},"geometry":{"type":"Polygon","coordinates":[[[129.06437,37.60692],[129.06433,37.60686],[129.06426,37.6069],[129.06429,37.60696],[129.06437,37.60692]]]}},{"type":"Feature","id":"TN_RIVER_BNDRY:WTR01000000004MDK","properties":{"NF_ID":"WTR01000000004MDK","admin_code":"51150","source_layer":"TN_RIVER_BNDRY","semantic":"zone","river_class":"소하천","river_class_source":"중심선 공간조인","survey_method":"사진측량"},"geometry":{"type":"Polygon","coordinates":[[[129.06437,37.60692],[129.06462,37.60735],[129.06526,37.60748],[129.06555,37.60804],[129.06649,37.60793],[129.06679,37.60804],[129.06746,37.60896],[129.0672,37.60945],[129.06751,37.60975],[129.06776,37.60976],[129.06728,37.60942],[129.06759,37.60905],[129.06698,37.60813],[129.06648,37.60788],[129.06558,37.608],[129.06537,37.60777],[129.06541,37.60735],[129.06468,37.60729],[129.06437,37.60692]]]}},{"type":"Feature","id":"TN_RIVER_BNDRY:WTR01000000004MHO","properties":{"NF_ID":"WTR01000000004MHO","admin_code":"51150","source_layer":"TN_RIVER_BNDRY","semantic":"zone","river_class":"소하천","river_class_source":"중심선 공간조인","survey_method":"사진측량"},"geometry":{"type":"Polygon","coordinates":[[[129.02386,37.60033],[129.02284,37.60024],[129.01939,37.59942],[129.019,37.59945],[129.0196,37.59981],[129.01962,37.59971],[129.02063,37.59975],[129.02311,37.60035],[129.02383,37.60044],[129.02386,37.60033]]]}},{"type":"Feature","id":"TN_RIVER_BNDRY:WTR01000000004MIP","properties":{"NF_ID":"WTR01000000004MIP","admin_code":"51150","source_layer":"TN_RIVER_BNDRY","semantic":"zone","river_class":"소하천","river_class_source":"중심선 공간조인","survey_method":"사진측량"},"geometry":{"type":"Polygon","coordinates":[[[129.02978,37.6011],[129.02956,37.60091],[129.02867,37.60124],[129.028,37.60086],[129.02643,37.6008],[129.02537,37.60063],[129.0253,37.6005],[129.02399,37.60035],[129.02396,37.60046],[129.02694,37.60103],[129.02846,37.60147],[129.02883,37.60126],[129.02978,37.6011]]]}},{"type":"Feature","id":"TN_RIVER_BNDRY:WTR01000000004MJQ","properties":{"NF_ID":"WTR01000000004MJQ","admin_code":"51150","source_layer":"TN_RIVER_BNDRY","semantic":"zone","river_class":"소하천","river_class_source":"중심선 공간조인","survey_method":"사진측량"},"geometry":{"type":"Polygon","coordinates":[[[129.02399,37.60035],[129.02386,37.60033],[129.02383,37.60044],[129.02386,37.60045],[129.02396,37.60046],[129.02399,37.60035]]]}},{"type":"Feature","id":"TN_RIVER_BNDRY:WTR01000000004MKR","properties":{"NF_ID":"WTR01000000004MKR","admin_code":"51150","source_layer":"TN_RIVER_BNDRY","semantic":"zone","river_class":"소하천","river_class_source":"중심선 공간조인","survey_method":"사진측량"},"geometry":{"type":"Polygon","coordinates":[[[129.02386,37.60033],[129.02512,37.60045],[129.02525,37.60011],[129.02399,37.5999],[129.02386,37.60033]]]}},{"type":"Feature","id":"TN_RIVER_BNDRY:WTR01000000004MLS","properties":{"NF_ID":"WTR01000000004MLS","admin_code":"51150","source_layer":"TN_RIVER_BNDRY","semantic":"zone","river_class":"지방하천","river_class_source":"중심선 공간조인","river_name":"주수천","river_code":"1620330","survey_method":"사진측량"},"geometry":{"type":"Polygon","coordinates":[[[129.05044,37.62592],[129.05005,37.62637],[129.05053,37.62637],[129.05172,37.6267],[129.05201,37.62656],[129.05128,37.62621],[129.0505,37.6261],[129.05044,37.62592]]]}},{"type":"Feature","id":"TN_RIVER_BNDRY:WTR01000000004MMT","properties":{"NF_ID":"WTR01000000004MMT","admin_code":"51150","source_layer":"TN_RIVER_BNDRY","semantic":"zone","river_class":"소하천","river_class_source":"중심선 공간조인","river_name":"소림천","survey_method":"사진측량"},"geometry":{"type":"Polygon","coordinates":[[[129.03881,37.64329],[129.03863,37.64318],[129.03715,37.64421],[129.03547,37.64464],[129.03523,37.64493],[129.0356,37.64465],[129.03695,37.64434],[129.03881,37.64329]]]}},{"type":"Feature","id":"TN_RIVER_BNDRY:WTR01000000004MNU","properties":{"NF_ID":"WTR01000000004MNU","admin_code":"51150","source_layer":"TN_RIVER_BNDRY","semantic":"zone","river_class":"소하천","river_class_source":"중심선 공간조인","survey_method":"사진측량"},"geometry":{"type":"Polygon","coordinates":[[[129.03873,37.64312],[129.03767,37.64226],[129.03705,37.64226],[129.03761,37.64235],[129.03833,37.64303],[129.03873,37.64312]]]}},{"type":"Feature","id":"TN_RIVER_BNDRY:WTR01000000004MOV","properties":{"NF_ID":"WTR01000000004MOV","admin_code":"51150","source_layer":"TN_RIVER_BNDRY","semantic":"zone","river_class":"소하천","river_class_source":"중심선 공간조인","river_name":"소림천","survey_method":"사진측량"},"geometry":{"type":"Polygon","coordinates":[[[129.03887,37.64327],[129.03875,37.64314],[129.03873,37.64312],[129.03869,37.64315],[129.03881,37.64329],[129.03887,37.64327]]]}},{"type":"Feature","id":"TN_RIVER_BNDRY:WTR01000000004MPW","properties":{"NF_ID":"WTR01000000004MPW","admin_code":"51150","source_layer":"TN_RIVER_BNDRY","semantic":"zone","river_class":"소하천","river_class_source":"중심선 공간조인","river_name":"소림천","survey_method":"사진측량"},"geometry":{"type":"Polygon","coordinates":[[[129.03873,37.64312],[129.03887,37.64327],[129.04141,37.64285],[129.04343,37.64231],[129.04387,37.64276],[129.04389,37.64265],[129.04325,37.64221],[129.04177,37.64264],[129.03873,37.64312]]]}},{"type":"Feature","id":"TN_RIVER_BNDRY:WTR01000000004MQX","properties":{"NF_ID":"WTR01000000004MQX","admin_code":"51150","source_layer":"TN_RIVER_BNDRY","semantic":"zone","river_class":"소하천","river_class_source":"중심선 공간조인","river_name":"밤재천","survey_method":"사진측량"},"geometry":{"type":"Polygon","coordinates":[[[129.03784,37.62285],[129.03766,37.6228],[129.03622,37.62338],[129.03518,37.62461],[129.03441,37.62495],[129.03214,37.62673],[129.02872,37.62791],[129.03188,37.62698],[129.03444,37.62504],[129.03527,37.62468],[129.03631,37.62349],[129.03784,37.62285]]]}},{"type":"Feature","id":"TN_RIVER_BNDRY:WTR01000000004MRY","properties":{"NF_ID":"WTR01000000004MRY","admin_code":"51150","source_layer":"TN_RIVER_BNDRY","semantic":"zone","river_class":"지방하천","river_class_source":"중심선 공간조인","river_name":"주수천","river_code":"1620330","survey_method":"사진측량"},"geometry":{"type":"Polygon","coordinates":[[[129.05077,37.62221],[129.04862,37.62305],[129.04839,37.62396],[129.04775,37.62503],[129.05044,37.62592],[129.05085,37.62291],[129.05077,37.62221]]]}},{"type":"Feature","id":"TN_RIVER_BNDRY:WTR01000000004MSZ","properties":{"NF_ID":"WTR01000000004MSZ","admin_code":"51150","source_layer":"TN_RIVER_BNDRY","semantic":"zone","river_class":"지방하천","river_class_source":"중심선 공간조인","river_name":"낙풍천","river_code":"1620350","survey_method":"사진측량"},"geometry":{"type":"Polygon","coordinates":[[[129.0473,37.62579],[129.04775,37.62503],[129.04749,37.62521],[129.04694,37.62526],[129.04514,37.62513],[129.04467,37.62477],[129.04376,37.62359],[129.04251,37.62293],[129.04022,37.6225],[129.03887,37.6224],[129.03784,37.62285],[129.04063,37.62313],[129.0423,37.62348],[129.04346,37.62418],[129.0443,37.62527],[129.04474,37.62559],[129.04701,37.62588],[129.0473,37.62579]]]}},{"type":"Feature","id":"TN_RIVER_BNDRY:WTR01000000004MT0","properties":{"NF_ID":"WTR01000000004MT0","admin_code":"51150","source_layer":"TN_RIVER_BNDRY","semantic":"zone","river_class":"지방하천","river_class_source":"중심선 공간조인","river_name":"낙풍천","river_code":"1620350","survey_method":"사진측량"},"geometry":{"type":"Polygon","coordinates":[[[129.05005,37.62637],[129.05044,37.62592],[129.04775,37.62503],[129.0473,37.62579],[129.04903,37.62596],[129.05005,37.62637]]]}},{"type":"Feature","id":"TN_RIVER_BNDRY:WTR01000000004MU1","properties":{"NF_ID":"WTR01000000004MU1","admin_code":"51150","source_layer":"TN_RIVER_BNDRY","semantic":"zone","river_class":"소하천","river_class_source":"중심선 공간조인","survey_method":"사진측량"},"geometry":{"type":"Polygon","coordinates":[[[129.02712,37.57845],[129.02631,37.57878],[129.02583,37.57928],[129.02514,37.57961],[129.02586,37.5793],[129.02626,37.57884],[129.02712,37.57845]]]}},{"type":"Feature","id":"TN_RIVER_BNDRY:WTR01000000004MV2","properties":{"NF_ID":"WTR01000000004MV2","admin_code":"51150","source_layer":"TN_RIVER_BNDRY","semantic":"zone","river_class":"지방하천","river_class_source":"중심선 공간조인","river_name":"남양천","river_code":"1620340","survey_method":"사진측량"},"geometry":{"type":"Polygon","coordinates":[[[129.02742,37.57818],[129.02731,37.57814],[129.02708,37.57844],[129.02742,37.57818]]]}},{"type":"Feature","id":"TN_RIVER_BNDRY:WTR01000000004MW3","properties":{"NF_ID":"WTR01000000004MW3","admin_code":"51150","source_layer":"TN_RIVER_BNDRY","semantic":"zone","river_class":"지방하천","river_class_source":"중심선 공간조인","river_name":"남양천","river_code":"1620340","survey_method":"사진측량"},"geometry":{"type":"Polygon","coordinates":[[[129.03343,37.58138],[129.03232,37.57999],[129.03135,37.57931],[129.03031,37.57887],[129.02742,37.57818],[129.02712,37.57845],[129.03071,37.57962],[129.03194,37.58038],[129.0329,37.58153],[129.03343,37.58138]]]}},{"type":"Feature","id":"TN_RIVER_BNDRY:WTR01000000004MX4","properties":{"NF_ID":"WTR01000000004MX4","admin_code":"51150","source_layer":"TN_RIVER_BNDRY","semantic":"zone","river_class":"지방하천","river_class_source":"중심선 공간조인","river_name":"남양천","river_code":"1620340","survey_method":"사진측량"},"geometry":{"type":"Polygon","coordinates":[[[129.02731,37.57814],[129.02633,37.57778],[129.02625,37.57756],[129.02604,37.57764],[129.0238,37.57701],[129.02384,37.57754],[129.02708,37.57844],[129.02731,37.57814]]]}},{"type":"Feature","id":"TN_RIVER_BNDRY:WTR01000000004MY5","properties":{"NF_ID":"WTR01000000004MY5","admin_code":"51150","source_layer":"TN_RIVER_BNDRY","semantic":"zone","river_class":"지방하천","river_class_source":"중심선 공간조인","river_name":"남양천","river_code":"1620340","survey_method":"사진측량"},"geometry":{"type":"Polygon","coordinates":[[[129.0238,37.57701],[129.02367,37.57751],[129.02384,37.57754],[129.0238,37.57701]]]}},{"type":"Feature","id":"TN_RIVER_BNDRY:WTR01000000004MZ6","properties":{"NF_ID":"WTR01000000004MZ6","admin_code":"51150","source_layer":"TN_RIVER_BNDRY","semantic":"zone","river_class":"지방하천","river_class_source":"중심선 공간조인","river_name":"낙풍천","river_code":"1620350","survey_method":"사진측량"},"geometry":{"type":"Polygon","coordinates":[[[129.03834,37.62241],[129.03734,37.62169],[129.03617,37.61989],[129.03542,37.61948],[129.03451,37.61942],[129.0328,37.61984],[129.03076,37.61974],[129.02957,37.61914],[129.02888,37.61786],[129.02844,37.61751],[129.02675,37.61717],[129.02428,37.61569],[129.02365,37.61561],[129.02245,37.61584],[129.02266,37.61618],[129.02415,37.61613],[129.02604,37.61748],[129.02797,37.61792],[129.02833,37.61825],[129.02885,37.61931],[129.02974,37.61997],[129.03104,37.62033],[129.03261,37.6205],[129.03447,37.61998],[129.03512,37.62002],[129.03582,37.62032],[129.03675,37.62195],[129.03766,37.6228],[129.03834,37.62241]]]}},{"type":"Feature","id":"TN_RIVER_BNDRY:WTR01000000004N08","properties":{"NF_ID":"WTR01000000004N08","admin_code":"51150","source_layer":"TN_RIVER_BNDRY","semantic":"zone","river_class":"소하천","river_class_source":"중심선 공간조인","survey_method":"사진측량"},"geometry":{"type":"Polygon","coordinates":[[[129.04419,37.59349],[129.04412,37.59345],[129.04412,37.59346],[129.04413,37.5935],[129.04415,37.59359],[129.04417,37.59364],[129.04419,37.59369],[129.04421,37.59375],[129.04422,37.59375],[129.04423,37.59374],[129.04424,37.59373],[129.04423,37.5937],[129.04421,37.59363],[129.0442,37.59361],[129.04419,37.59358],[129.04419,37.59356],[129.04417,37.59351],[129.04417,37.5935],[129.04418,37.59349],[129.04419,37.59349]]]}},{"type":"Feature","id":"TN_RIVER_BNDRY:WTR01000000004N19","properties":{"NF_ID":"WTR01000000004N19","admin_code":"51150","source_layer":"TN_RIVER_BNDRY","semantic":"zone","river_class":"소하천","river_class_source":"중심선 공간조인","survey_method":"사진측량"},"geometry":{"type":"Polygon","coordinates":[[[129.0442,37.59346],[129.04419,37.59349],[129.04425,37.59353],[129.04431,37.59357],[129.04441,37.59364],[129.04448,37.59369],[129.04457,37.59374],[129.0447,37.59379],[129.04475,37.59382],[129.04487,37.59387],[129.04492,37.59388],[129.04494,37.59388],[129.04498,37.59392],[129.04503,37.59396],[129.04507,37.59401],[129.04508,37.59401],[129.04509,37.594],[129.04508,37.59399],[129.04506,37.59397],[129.04504,37.59394],[129.04497,37.59387],[129.04496,37.59385],[129.04495,37.59383],[129.04494,37.59381],[129.04476,37.59374],[129.04473,37.59374],[129.0446,37.59371],[129.0445,37.59366],[129.04448,37.59365],[129.04442,37.59359],[129.0443,37.59352],[129.0442,37.59346]]]}},{"type":"Feature","id":"TN_RIVER_BNDRY:WTR01000000004N2A","properties":{"NF_ID":"WTR01000000004N2A","admin_code":"51150","source_layer":"TN_RIVER_BNDRY","semantic":"zone","river_class":"소하천","river_class_source":"중심선 공간조인","survey_method":"사진측량"},"geometry":{"type":"Polygon","coordinates":[[[129.0442,37.59346],[129.04419,37.59346],[129.04413,37.59342],[129.04412,37.59345],[129.04419,37.59349],[129.0442,37.59346]]]}},{"type":"Feature","id":"TN_RIVER_BNDRY:WTR01000000004N3B","properties":{"NF_ID":"WTR01000000004N3B","admin_code":"51150","source_layer":"TN_RIVER_BNDRY","semantic":"zone","river_class":"소하천","river_class_source":"중심선 공간조인","survey_method":"사진측량"},"geometry":{"type":"Polygon","coordinates":[[[129.04372,37.59308],[129.04413,37.59304],[129.04458,37.5927],[129.04372,37.59308]]]}},{"type":"Feature","id":"TN_RIVER_BNDRY:WTR01000000004N4C","properties":{"NF_ID":"WTR01000000004N4C","admin_code":"51150","source_layer":"TN_RIVER_BNDRY","semantic":"zone","river_class":"소하천","river_class_source":"중심선 공간조인","survey_method":"사진측량"},"geometry":{"type":"Polygon","coordinates":[[[129.04413,37.59342],[129.044,37.59335],[129.04385,37.59327],[129.0438,37.59322],[129.04379,37.5932],[129.04379,37.59318],[129.04379,37.59316],[129.04373,37.59319],[129.04374,37.59321],[129.04378,37.59326],[129.04381,37.59329],[129.0439,37.59334],[129.04406,37.59343],[129.04412,37.59345],[129.04413,37.59342]]]}},{"type":"Feature","id":"TN_RIVER_BNDRY:WTR01000000004N5D","properties":{"NF_ID":"WTR01000000004N5D","admin_code":"51150","source_layer":"TN_RIVER_BNDRY","semantic":"zone","river_class":"소하천","river_class_source":"중심선 공간조인","survey_method":"사진측량"},"geometry":{"type":"Polygon","coordinates":[[[129.04372,37.59308],[129.04363,37.59304],[129.0435,37.59297],[129.0434,37.59291],[129.0433,37.59283],[129.04317,37.5927],[129.04304,37.59258],[129.04299,37.59254],[129.04281,37.59244],[129.04265,37.59235],[129.04257,37.59232],[129.04256,37.59237],[129.04265,37.59241],[129.04284,37.59252],[129.04297,37.59258],[129.04303,37.59263],[129.04314,37.59275],[129.04326,37.59286],[129.04331,37.59291],[129.04334,37.59294],[129.04347,37.59301],[129.04357,37.59307],[129.04367,37.59312],[129.04372,37.59308]]]}},{"type":"Feature","id":"TN_RIVER_BNDRY:WTR01000000004N6E","properties":{"NF_ID":"WTR01000000004N6E","admin_code":"51150","source_layer":"TN_RIVER_BNDRY","semantic":"zone","river_class":"소하천","river_class_source":"중심선 공간조인","survey_method":"사진측량"},"geometry":{"type":"Polygon","coordinates":[[[129.04379,37.59316],[129.04372,37.59308],[129.04367,37.59312],[129.0437,37.59315],[129.04371,37.59316],[129.04373,37.59319],[129.04379,37.59316]]]}},{"type":"Feature","id":"TN_RIVER_BNDRY:WTR01000000004N7F","properties":{"NF_ID":"WTR01000000004N7F","admin_code":"51150","source_layer":"TN_RIVER_BNDRY","semantic":"zone","river_class":"소하천","river_class_source":"중심선 공간조인","river_name":"칠재천","survey_method":"사진측량"},"geometry":{"type":"Polygon","coordinates":[[[129.03612,37.59063],[129.03655,37.59026],[129.03912,37.58929],[129.03899,37.58866],[129.03971,37.58769],[129.04019,37.58736],[129.04094,37.58728],[129.04135,37.58709],[129.04178,37.58666],[129.04191,37.58617],[129.04328,37.58581],[129.04403,37.58537],[129.04435,37.58543],[129.04443,37.58576],[129.04512,37.58621],[129.04522,37.58745],[129.04574,37.58823],[129.04611,37.58834],[129.04625,37.58871],[129.04801,37.58904],[129.0486,37.58878],[129.04799,37.58902],[129.04629,37.58869],[129.04618,37.58835],[129.04575,37.58817],[129.04526,37.58745],[129.04514,37.58621],[129.04445,37.58576],[129.04441,37.58531],[129.04408,37.5853],[129.04322,37.58577],[129.04181,37.58618],[129.04169,37.58669],[129.04126,37.58709],[129.04012,37.58733],[129.03937,37.58788],[129.03896,37.58863],[129.03902,37.58928],[129.03652,37.59021],[129.03612,37.59063]]]}},{"type":"Feature","id":"TN_RIVER_BNDRY:WTR01000000004NDL","properties":{"NF_ID":"WTR01000000004NDL","admin_code":"51150","source_layer":"TN_RIVER_BNDRY","semantic":"zone","river_class":"소하천","river_class_source":"중심선 공간조인","survey_method":"사진측량"},"geometry":{"type":"Polygon","coordinates":[[[129.02958,37.55825],[129.02942,37.55781],[129.02891,37.55738],[129.02811,37.55707],[129.02775,37.55677],[129.02802,37.55714],[129.02889,37.55749],[129.02921,37.55778],[129.02939,37.55826],[129.02958,37.55825]]]}},{"type":"Feature","id":"TN_RIVER_BNDRY:WTR01000000004NEM","properties":{"NF_ID":"WTR01000000004NEM","admin_code":"51150","source_layer":"TN_RIVER_BNDRY","semantic":"zone","river_class":"소하천","river_class_source":"중심선 공간조인","river_name":"흑시골천","survey_method":"사진측량"},"geometry":{"type":"Polygon","coordinates":[[[129.02964,37.55837],[129.02939,37.55826],[129.02942,37.55841],[129.02964,37.55837]]]}},{"type":"Feature","id":"TN_RIVER_BNDRY:WTR01000000004NFN","properties":{"NF_ID":"WTR01000000004NFN","admin_code":"51150","source_layer":"TN_RIVER_BNDRY","semantic":"zone","river_class":"소하천","river_class_source":"중심선 공간조인","river_name":"샘골천","survey_method":"사진측량"},"geometry":{"type":"Polygon","coordinates":[[[129.00207,37.61626],[129.00175,37.61679],[129.00231,37.61754],[129.00242,37.61801],[129.00211,37.6189],[129.0022,37.61959],[129.00205,37.62052],[129.00176,37.62103],[129.00212,37.62146],[129.00206,37.62198],[129.00165,37.62285],[129.00171,37.62323],[129.00219,37.62174],[129.00217,37.62133],[129.00182,37.621],[129.00211,37.6205],[129.00217,37.61881],[129.00244,37.61805],[129.00235,37.61754],[129.00181,37.61682],[129.00207,37.61626]]]}},{"type":"Feature","id":"TN_RIVER_BNDRY:WTR01000000004NGO","properties":{"NF_ID":"WTR01000000004NGO","admin_code":"51150","source_layer":"TN_RIVER_BNDRY","semantic":"zone","river_class":"지방하천","river_class_source":"중심선 공간조인","river_name":"낙풍천","river_code":"1620350","survey_method":"사진측량"},"geometry":{"type":"Polygon","coordinates":[[[129.00207,37.61626],[129.00175,37.61578],[129.00163,37.61581],[129.00197,37.61631],[129.00207,37.61626]]]}},{"type":"Feature","id":"TN_RIVER_BNDRY:WTR01000000004NHP","properties":{"NF_ID":"WTR01000000004NHP","admin_code":"51150","source_layer":"TN_RIVER_BNDRY","semantic":"zone","river_class":"지방하천","river_class_source":"중심선 공간조인","river_name":"낙풍천","river_code":"1620350","survey_method":"사진측량"},"geometry":{"type":"Polygon","coordinates":[[[129.01345,37.61561],[129.01029,37.61598],[129.00881,37.61579],[129.00475,37.6148],[129.00306,37.61509],[129.00236,37.61558],[129.00175,37.61578],[129.00207,37.61626],[129.00377,37.61531],[129.00457,37.61527],[129.00966,37.61652],[129.01163,37.61637],[129.0141,37.61653],[129.01345,37.61561]]]}},{"type":"Feature","id":"TN_RIVER_BNDRY:WTR01000000004NJR","properties":{"NF_ID":"WTR01000000004NJR","admin_code":"51150","source_layer":"TN_RIVER_BNDRY","semantic":"zone","river_class":"소하천","river_class_source":"중심선 공간조인","survey_method":"사진측량"},"geometry":{"type":"Polygon","coordinates":[[[129.01507,37.57496],[129.01453,37.57476],[129.01417,37.57585],[129.01119,37.57547],[129.01083,37.57555],[129.01418,37.57592],[129.0145,37.5756],[129.01462,37.57505],[129.01507,37.57496]]]}},{"type":"Feature","id":"TN_RIVER_BNDRY:WTR01000000004NKS","properties":{"NF_ID":"WTR01000000004NKS","admin_code":"51150","source_layer":"TN_RIVER_BNDRY","semantic":"zone","river_class":"소하천","river_class_source":"중심선 공간조인","river_name":"흑시골천","survey_method":"사진측량"},"geometry":{"type":"Polygon","coordinates":[[[129.0238,37.57701],[129.02397,37.5757],[129.02518,37.57367],[129.02536,37.57229],[129.02509,37.57088],[129.02353,37.56871],[129.02409,37.56695],[129.02449,37.56683],[129.02479,37.56641],[129.02451,37.56533],[129.025,37.56478],[129.02624,37.56474],[129.02642,37.56373],[129.0274,37.5637],[129.02795,37.56343],[129.02816,37.56255],[129.02856,37.56206],[129.0283,37.56142],[129.02891,37.56057],[129.02857,37.56005],[129.0286,37.55968],[129.02964,37.55837],[129.02942,37.55841],[129.02925,37.55881],[129.02849,37.55963],[129.02843,37.56003],[129.02874,37.56044],[129.02819,37.56133],[129.02844,37.56199],[129.02794,37.56242],[129.02788,37.56331],[129.02729,37.56358],[129.02629,37.56373],[129.02627,37.5645],[129.02588,37.56477],[129.02502,37.56468],[129.02458,37.56498],[129.02443,37.56536],[129.02472,37.56637],[129.0245,37.56671],[129.02398,37.56694],[129.02354,37.56799],[129.02342,37.56873],[129.025,37.57095],[129.02526,37.57225],[129.02509,37.57365],[129.02382,37.57583],[129.0238,37.57701]]]}},{"type":"Feature","id":"TN_RIVER_BNDRY:WTR01000000004NLT","properties":{"NF_ID":"WTR01000000004NLT","admin_code":"51150","source_layer":"TN_RIVER_BNDRY","semantic":"zone","river_class":"지방하천","river_class_source":"중심선 공간조인","river_name":"남양천","river_code":"1620340","survey_method":"사진측량"},"geometry":{"type":"Polygon","coordinates":[[[129.02371,37.57707],[129.02263,37.57675],[129.0208,37.57582],[129.01968,37.57545],[129.0169,37.5748],[129.01678,37.575],[129.01706,37.57522],[129.02021,37.57611],[129.02219,37.57721],[129.02367,37.57751],[129.02371,37.57707]]]}},{"type":"Feature","id":"TN_RIVER_BNDRY:WTR01000000004NS0","properties":{"NF_ID":"WTR01000000004NS0","admin_code":"51150","source_layer":"TN_RIVER_BNDRY","semantic":"zone","river_class":"소하천","river_class_source":"중심선 공간조인","survey_method":"사진측량"},"geometry":{"type":"Polygon","coordinates":[[[129.00157,37.55748],[129.00156,37.55692],[129.00097,37.55627],[129.001,37.55473],[129.0005,37.55336],[129.0,37.55251],[129.00096,37.55479],[129.00091,37.55631],[129.00146,37.55688],[129.00157,37.55748]]]}},{"type":"Feature","id":"TN_RIVER_BNDRY:WTR01000000004NT1","properties":{"NF_ID":"WTR01000000004NT1","admin_code":"51150","source_layer":"TN_RIVER_BNDRY","semantic":"zone","river_class":"소하천","river_class_source":"중심선 공간조인","survey_method":"사진측량"},"geometry":{"type":"Polygon","coordinates":[[[129.00157,37.55748],[129.00142,37.55724],[129.00104,37.55715],[129.0,37.55745],[129.0,37.55759],[129.001,37.55724],[129.00156,37.55758],[129.00157,37.55748]]]}},{"type":"Feature","id":"TN_RIVER_BNDRY:WTR01000000004NU2","properties":{"NF_ID":"WTR01000000004NU2","admin_code":"51150","source_layer":"TN_RIVER_BNDRY","semantic":"zone","river_class":"지방하천","river_class_source":"중심선 공간조인","river_name":"주수천","river_code":"1620330","survey_method":"사진측량"},"geometry":{"type":"Polygon","coordinates":[[[129.01039,37.59106],[129.01041,37.59058],[129.00884,37.59093],[129.00654,37.59203],[129.00507,37.59248],[129.00391,37.5931],[129.00332,37.59313],[129.00255,37.59347],[129.00057,37.59553],[129.0,37.5957],[129.0,37.59649],[129.00047,37.59637],[129.00203,37.59544],[129.0029,37.59444],[129.00466,37.59336],[129.00908,37.59125],[129.01039,37.59106]]]}},{"type":"Feature","id":"TN_RIVER_BNDRY:WTR01000000004NV3","properties":{"NF_ID":"WTR01000000004NV3","admin_code":"51150","source_layer":"TN_RIVER_BNDRY","semantic":"zone","river_class":"지방하천","river_class_source":"중심선 공간조인","river_name":"낙풍천","river_code":"1620350","survey_method":"사진측량"},"geometry":{"type":"Polygon","coordinates":[[[129.00197,37.61631],[129.00163,37.61581],[129.0,37.61603],[129.0,37.61666],[129.00197,37.61631]]]}},{"type":"Feature","id":"TN_RIVER_BNDRY:WTR01000000004NW4","properties":{"NF_ID":"WTR01000000004NW4","admin_code":"51150","source_layer":"TN_RIVER_BNDRY","semantic":"zone","river_class":"지방하천","river_class_source":"중심선 공간조인","river_name":"정동진천","river_code":"1620320","survey_method":"사진측량"},"geometry":{"type":"Polygon","coordinates":[[[129.00215,37.64407],[129.00214,37.64394],[129.00079,37.64385],[129.00016,37.64411],[129.0,37.64431],[129.00095,37.64401],[129.00215,37.64407]]]}},{"type":"Feature","id":"TN_RIVER_BNDRY:WTR01000000004NX5","properties":{"NF_ID":"WTR01000000004NX5","admin_code":"51150","source_layer":"TN_RIVER_BNDRY","semantic":"zone","river_class":"소하천","river_class_source":"중심선 공간조인","survey_method":"사진측량"},"geometry":{"type":"Polygon","coordinates":[[[129.00529,37.66616],[129.00531,37.66603],[129.00497,37.66594],[129.00411,37.66587],[129.0037,37.66601],[129.00322,37.6665],[129.00096,37.66641],[129.0,37.66662],[129.0,37.66672],[129.00157,37.6665],[129.00326,37.6666],[129.00394,37.66601],[129.00529,37.66616]]]}},{"type":"Feature","id":"TN_RIVER_BNDRY:WTR01000000004NY6","properties":{"NF_ID":"WTR01000000004NY6","admin_code":"51150","source_layer":"TN_RIVER_BNDRY","semantic":"zone","river_class":"소하천","river_class_source":"중심선 공간조인","survey_method":"사진측량"},"geometry":{"type":"Polygon","coordinates":[[[129.00506,37.68361],[129.00522,37.68364],[129.00505,37.6833],[129.00475,37.68305],[129.00343,37.68301],[129.00272,37.68263],[129.0022,37.68253],[129.00142,37.68257],[129.0006,37.68318],[129.0,37.68324],[129.0007,37.68324],[129.0015,37.68259],[129.00204,37.6826],[129.00352,37.6831],[129.00471,37.68309],[129.00499,37.68329],[129.00506,37.68361]]]}},{"type":"Feature","id":"TN_RIVER_BNDRY:WTR01000000004NZ7","properties":{"NF_ID":"WTR01000000004NZ7","admin_code":"51150","source_layer":"TN_RIVER_BNDRY","semantic":"zone","river_class":"소하천","river_class_source":"중심선 공간조인","survey_method":"사진측량"},"geometry":{"type":"Polygon","coordinates":[[[129.00503,37.68372],[129.00506,37.68361],[129.00382,37.68384],[129.00322,37.68431],[129.0026,37.68443],[129.00222,37.68489],[129.00103,37.68543],[129.00054,37.68588],[129.00044,37.68644],[129.0,37.68706],[129.0,37.6875],[129.00005,37.68705],[129.0005,37.68647],[129.00066,37.68584],[129.00115,37.68545],[129.00232,37.68494],[129.00265,37.68451],[129.00321,37.68436],[129.00388,37.68389],[129.00503,37.68372]]]}},{"type":"Feature","id":"TN_RIVER_BNDRY:WTR01000000004O09","properties":{"NF_ID":"WTR01000000004O09","admin_code":"51150","source_layer":"TN_RIVER_BNDRY","semantic":"zone","river_class":"소하천","river_class_source":"중심선 공간조인","survey_method":"사진측량"},"geometry":{"type":"Polygon","coordinates":[[[129.00009,37.68834],[129.0,37.68778],[129.0,37.68857],[129.00009,37.68834]]]}},{"type":"Feature","id":"TN_RIVER_BNDRY:WTR01000000004O1A","properties":{"NF_ID":"WTR01000000004O1A","admin_code":"51150","source_layer":"TN_RIVER_BNDRY","semantic":"zone","river_class":"등급미확인","survey_method":"사진측량"},"geometry":{"type":"Polygon","coordinates":[[[129.00012,37.68992],[129.0,37.68974],[129.0,37.68982],[129.00012,37.68997],[129.00013,37.68997],[129.00013,37.68997],[129.00013,37.68996],[129.00012,37.68992]]]}},{"type":"Feature","id":"TN_RIVER_BNDRY:WTR010000000089TR","properties":{"NF_ID":"WTR010000000089TR","admin_code":"51150","source_layer":"TN_RIVER_BNDRY","semantic":"zone","river_class":"소하천","river_class_source":"중심선 공간조인","survey_method":"사진측량"},"geometry":{"type":"Polygon","coordinates":[[[128.99119,37.61779],[128.99121,37.6183],[128.99193,37.61882],[128.99235,37.61983],[128.99347,37.62067],[128.99372,37.62147],[128.99373,37.62206],[128.99303,37.6231],[128.99318,37.62372],[128.99298,37.62438],[128.99323,37.62538],[128.99294,37.62578],[128.9933,37.62534],[128.99308,37.6244],[128.99325,37.62376],[128.99313,37.62302],[128.99379,37.62215],[128.99381,37.62135],[128.99355,37.62062],[128.99239,37.61979],[128.99203,37.61879],[128.99131,37.61827],[128.99119,37.61779]]]}},{"type":"Feature","id":"TN_RIVER_BNDRY:WTR010000000089US","properties":{"NF_ID":"WTR010000000089US","admin_code":"51150","source_layer":"TN_RIVER_BNDRY","semantic":"zone","river_class":"지방하천","river_class_source":"중심선 공간조인","river_name":"주수천","river_code":"1620330","survey_method":"사진측량"},"geometry":{"type":"Polygon","coordinates":[[[128.99643,37.59041],[128.99368,37.58924],[128.98728,37.58716],[128.98449,37.58558],[128.98348,37.58457],[128.98183,37.58329],[128.97948,37.58262],[128.97785,37.58272],[128.97685,37.58226],[128.97615,37.5814],[128.97684,37.58011],[128.9767,37.57967],[128.97626,37.57915],[128.97463,37.57887],[128.97343,37.57933],[128.9725,37.57937],[128.97186,37.57901],[128.97156,37.57835],[128.9707,37.57782],[128.96973,37.57764],[128.96872,37.57802],[128.96796,37.5777],[128.96757,37.57726],[128.96775,37.57649],[128.96765,37.5759],[128.9671,37.57551],[128.96572,37.57534],[128.96503,37.57557],[128.96409,37.57615],[128.96287,37.576],[128.9625,37.57572],[128.96237,37.57493],[128.962,37.57426],[128.96191,37.57415],[128.96172,37.57439],[128.96203,37.57517],[128.96205,37.57585],[128.96238,37.57618],[128.96387,37.57649],[128.96499,37.57598],[128.9655,37.57595],[128.96781,37.57807],[128.96864,37.57834],[128.96973,37.57809],[128.97028,37.57817],[128.97126,37.57879],[128.97198,37.57948],[128.9728,37.57983],[128.97355,37.57973],[128.9747,37.57917],[128.97573,37.57935],[128.97601,37.57952],[128.97619,37.57991],[128.9757,37.5815],[128.97638,37.58244],[128.97788,37.58323],[128.9789,37.58353],[128.98041,37.58322],[128.9812,37.5834],[128.98295,37.58495],[128.98276,37.58509],[128.98536,37.58634],[128.98702,37.58771],[128.98851,37.58853],[128.98959,37.58884],[128.99251,37.58915],[128.9947,37.59014],[128.99475,37.59044],[128.99564,37.59114],[128.99643,37.59041]]]}},{"type":"Feature","id":"TN_RIVER_BNDRY:WTR010000000089VT","properties":{"NF_ID":"WTR010000000089VT","admin_code":"51150","source_layer":"TN_RIVER_BNDRY","semantic":"zone","river_class":"소하천","river_class_source":"중심선 공간조인","survey_method":"사진측량"},"geometry":{"type":"Polygon","coordinates":[[[128.99643,37.59041],[128.99653,37.59047],[128.99663,37.58992],[128.99612,37.589],[128.99644,37.5872],[128.99684,37.58646],[128.99673,37.58577],[128.99675,37.58651],[128.99637,37.58721],[128.99605,37.58903],[128.99654,37.58995],[128.99643,37.59041]]]}},{"type":"Feature","id":"TN_RIVER_BNDRY:WTR010000000089WU","properties":{"NF_ID":"WTR010000000089WU","admin_code":"51150","source_layer":"TN_RIVER_BNDRY","semantic":"zone","river_class":"지방하천","river_class_source":"중심선 공간조인","river_name":"주수천","river_code":"1620330","survey_method":"사진측량"},"geometry":{"type":"Polygon","coordinates":[[[128.99653,37.59047],[128.99643,37.59041],[128.99564,37.59114],[128.9959,37.59133],[128.99653,37.59047]]]}},{"type":"Feature","id":"TN_RIVER_BNDRY:WTR010000000089XV","properties":{"NF_ID":"WTR010000000089XV","admin_code":"51150","source_layer":"TN_RIVER_BNDRY","semantic":"zone","river_class":"소하천","river_class_source":"중심선 공간조인","survey_method":"사진측량"},"geometry":{"type":"Polygon","coordinates":[[[128.9967,37.66724],[128.99681,37.66712],[128.99535,37.66709],[128.99479,37.66728],[128.99486,37.66744],[128.9952,37.66718],[128.9967,37.66724]]]}},{"type":"Feature","id":"TN_RIVER_BNDRY:WTR010000000089YW","properties":{"NF_ID":"WTR010000000089YW","admin_code":"51150","source_layer":"TN_RIVER_BNDRY","semantic":"zone","river_class":"소하천","river_class_source":"중심선 공간조인","survey_method":"사진측량"},"geometry":{"type":"Polygon","coordinates":[[[128.99687,37.66726],[128.9967,37.66724],[128.9967,37.66724],[128.99669,37.66725],[128.99653,37.6673],[128.99641,37.66731],[128.99637,37.66731],[128.99634,37.66731],[128.99628,37.66732],[128.99631,37.66734],[128.99636,37.66734],[128.99642,37.66735],[128.99646,37.66734],[128.99658,37.66733],[128.99674,37.66729],[128.99687,37.66726]]]}},{"type":"Feature","id":"TN_RIVER_BNDRY:WTR010000000089ZX","properties":{"NF_ID":"WTR010000000089ZX","admin_code":"51150","source_layer":"TN_RIVER_BNDRY","semantic":"zone","river_class":"소하천","river_class_source":"중심선 공간조인","survey_method":"사진측량"},"geometry":{"type":"Polygon","coordinates":[[[128.99703,37.66712],[128.99697,37.66712],[128.99681,37.66712],[128.9967,37.66724],[128.99687,37.66726],[128.99703,37.66712]]]}},{"type":"Feature","id":"TN_RIVER_BNDRY:WTR01000000008A0Z","properties":{"NF_ID":"WTR01000000008A0Z","admin_code":"51150","source_layer":"TN_RIVER_BNDRY","semantic":"zone","river_class":"소하천","river_class_source":"중심선 공간조인","survey_method":"사진측량"},"geometry":{"type":"Polygon","coordinates":[[[128.99486,37.66744],[128.99479,37.66728],[128.99467,37.66736],[128.99486,37.66744]]]}},{"type":"Feature","id":"TN_RIVER_BNDRY:WTR01000000008A10","properties":{"NF_ID":"WTR01000000008A10","admin_code":"51150","source_layer":"TN_RIVER_BNDRY","semantic":"zone","river_class":"소하천","river_class_source":"중심선 공간조인","survey_method":"사진측량"},"geometry":{"type":"Polygon","coordinates":[[[128.99486,37.66744],[128.99479,37.66746],[128.9948,37.66746],[128.99481,37.66756],[128.99483,37.66765],[128.99485,37.66766],[128.99486,37.66766],[128.99488,37.66766],[128.99488,37.66764],[128.99488,37.66763],[128.99486,37.66751],[128.99485,37.66748],[128.99485,37.66746],[128.99486,37.66744]]]}},{"type":"Feature","id":"TN_RIVER_BNDRY:WTR01000000008A21","properties":{"NF_ID":"WTR01000000008A21","admin_code":"51150","source_layer":"TN_RIVER_BNDRY","semantic":"zone","river_class":"소하천","river_class_source":"중심선 공간조인","survey_method":"사진측량"},"geometry":{"type":"Polygon","coordinates":[[[128.99479,37.66746],[128.99467,37.66736],[128.9939,37.66761],[128.99312,37.66726],[128.99175,37.66728],[128.99048,37.66691],[128.99185,37.66738],[128.993,37.66731],[128.99397,37.6677],[128.99479,37.66746]]]}},{"type":"Feature","id":"TN_RIVER_BNDRY:WTR01000000008A32","properties":{"NF_ID":"WTR01000000008A32","admin_code":"51150","source_layer":"TN_RIVER_BNDRY","semantic":"zone","river_class":"소하천","river_class_source":"중심선 공간조인","survey_method":"사진측량"},"geometry":{"type":"Polygon","coordinates":[[[128.99632,37.68259],[128.9964,37.68179],[128.99605,37.68135],[128.99557,37.68119],[128.99604,37.68141],[128.99636,37.68184],[128.9964,37.68223],[128.99617,37.68247],[128.99632,37.68259]]]}},{"type":"Feature","id":"TN_RIVER_BNDRY:WTR01000000008A43","properties":{"NF_ID":"WTR01000000008A43","admin_code":"51150","source_layer":"TN_RIVER_BNDRY","semantic":"zone","river_class":"소하천","river_class_source":"중심선 공간조인","survey_method":"사진측량"},"geometry":{"type":"Polygon","coordinates":[[[128.99632,37.68259],[128.99618,37.68267],[128.99641,37.68268],[128.99632,37.68259]]]}},{"type":"Feature","id":"TN_RIVER_BNDRY:WTR01000000008A54","properties":{"NF_ID":"WTR01000000008A54","admin_code":"51150","source_layer":"TN_RIVER_BNDRY","semantic":"zone","river_class":"소하천","river_class_source":"중심선 공간조인","survey_method":"사진측량"},"geometry":{"type":"Polygon","coordinates":[[[128.9936,37.67836],[128.99338,37.67795],[128.9935,37.67759],[128.99334,37.67745],[128.99332,37.67828],[128.99387,37.67875],[128.9936,37.67836]]]}},{"type":"Feature","id":"TN_RIVER_BNDRY:WTR01000000008A65","properties":{"NF_ID":"WTR01000000008A65","admin_code":"51150","source_layer":"TN_RIVER_BNDRY","semantic":"zone","river_class":"소하천","river_class_source":"중심선 공간조인","survey_method":"사진측량"},"geometry":{"type":"Polygon","coordinates":[[[128.99619,37.68259],[128.99549,37.68226],[128.99463,37.68232],[128.99397,37.68205],[128.99335,37.68216],[128.99408,37.68218],[128.99468,37.68237],[128.99552,37.6823],[128.99584,37.68256],[128.99619,37.68259]]]}},{"type":"Feature","id":"TN_RIVER_BNDRY:WTR01000000008A76","properties":{"NF_ID":"WTR01000000008A76","admin_code":"51150","source_layer":"TN_RIVER_BNDRY","semantic":"zone","river_class":"지방하천","river_class_source":"중심선 공간조인","river_name":"어단천","river_code":"1420050","survey_method":"사진측량"},"geometry":{"type":"Polygon","coordinates":[[[128.89234,37.69001],[128.89308,37.68977],[128.89431,37.68799],[128.89353,37.68742],[128.89325,37.68741],[128.89306,37.68757],[128.89245,37.68755],[128.89103,37.68683],[128.89074,37.68686],[128.88984,37.68748],[128.89038,37.68811],[128.89193,37.68854],[128.89222,37.68904],[128.89223,37.68952],[128.89186,37.68995],[128.89208,37.69013],[128.89234,37.69001]]]}},{"type":"Feature","id":"TN_RIVER_BNDRY:WTR01000000008A87","properties":{"NF_ID":"WTR01000000008A87","admin_code":"51150","source_layer":"TN_RIVER_BNDRY","semantic":"zone","river_class":"소하천","river_class_source":"중심선 공간조인","survey_method":"사진측량"},"geometry":{"type":"Polygon","coordinates":[[[128.83868,37.73941],[128.83853,37.73992],[128.83856,37.74178],[128.83797,37.74242],[128.8381,37.74286],[128.83798,37.7435],[128.83848,37.74484],[128.83818,37.74546],[128.83801,37.74563],[128.83762,37.74562],[128.8371,37.74529],[128.83621,37.74512],[128.83518,37.74559],[128.83448,37.7456],[128.83515,37.74564],[128.83622,37.74517],[128.83708,37.74533],[128.83768,37.74573],[128.83807,37.74571],[128.83823,37.74555],[128.83856,37.74488],[128.83806,37.74354],[128.83818,37.74285],[128.83804,37.74246],[128.83863,37.74175],[128.83868,37.73941]]]}},{"type":"Feature","id":"TN_RIVER_BNDRY:WTR01000000008A98","properties":{"NF_ID":"WTR01000000008A98","admin_code":"51150","source_layer":"TN_RIVER_BNDRY","semantic":"zone","river_class":"소하천","river_class_source":"중심선 공간조인","survey_method":"사진측량"},"geometry":{"type":"Polygon","coordinates":[[[128.82968,37.74517],[128.82967,37.74517],[128.82964,37.74516],[128.82959,37.74512],[128.82954,37.74509],[128.82951,37.74507],[128.82939,37.74503],[128.82925,37.74499],[128.82914,37.74498],[128.82906,37.74497],[128.82899,37.74496],[128.82892,37.74495],[128.82884,37.74491],[128.82879,37.7449],[128.82876,37.74489],[128.82875,37.7449],[128.82876,37.74491],[128.82876,37.74492],[128.82884,37.74495],[128.82891,37.74498],[128.82896,37.74499],[128.82902,37.745],[128.8291,37.74501],[128.82919,37.74502],[128.82924,37.74502],[128.82932,37.74504],[128.82941,37.74506],[128.8295,37.7451],[128.82959,37.74515],[128.82964,37.74518],[128.82964,37.74519],[128.82968,37.74517]]]}},{"type":"Feature","id":"TN_RIVER_BNDRY:WTR01000000008AA9","properties":{"NF_ID":"WTR01000000008AA9","admin_code":"51150","source_layer":"TN_RIVER_BNDRY","semantic":"zone","river_class":"소하천","river_class_source":"중심선 공간조인","survey_method":"사진측량"},"geometry":{"type":"Polygon","coordinates":[[[128.82971,37.74518],[128.82968,37.74517],[128.82964,37.74519],[128.82967,37.74522],[128.82969,37.7452],[128.82971,37.74518]]]}},{"type":"Feature","id":"TN_RIVER_BNDRY:WTR01000000008ABA","properties":{"NF_ID":"WTR01000000008ABA","admin_code":"51150","source_layer":"TN_RIVER_BNDRY","semantic":"zone","river_class":"소하천","river_class_source":"중심선 공간조인","survey_method":"사진측량"},"geometry":{"type":"Polygon","coordinates":[[[128.82968,37.74517],[128.83009,37.74463],[128.83106,37.74444],[128.83225,37.74454],[128.83279,37.74434],[128.83337,37.74464],[128.83422,37.7448],[128.83458,37.74505],[128.83423,37.74474],[128.83343,37.74461],[128.8328,37.74429],[128.8323,37.74449],[128.83186,37.74435],[128.83105,37.74436],[128.83004,37.74457],[128.82968,37.74517]]]}},{"type":"Feature","id":"TN_RIVER_BNDRY:WTR01000000008ACB","properties":{"NF_ID":"WTR01000000008ACB","admin_code":"51150","source_layer":"TN_RIVER_BNDRY","semantic":"zone","river_class":"소하천","river_class_source":"중심선 공간조인","survey_method":"사진측량"},"geometry":{"type":"Polygon","coordinates":[[[128.82967,37.74522],[128.82908,37.74548],[128.82875,37.74592],[128.82912,37.7455],[128.82967,37.74522]]]}},{"type":"Feature","id":"TN_RIVER_BNDRY:WTR01000000008ADC","properties":{"NF_ID":"WTR01000000008ADC","admin_code":"51150","source_layer":"TN_RIVER_BNDRY","semantic":"zone","river_class":"소하천","river_class_source":"중심선 공간조인","survey_method":"사진측량"},"geometry":{"type":"Polygon","coordinates":[[[128.80161,37.57332],[128.80165,37.57341],[128.80189,37.57324],[128.80204,37.57278],[128.8031,37.57204],[128.80265,37.57219],[128.80161,37.57332]]]}},{"type":"Feature","id":"TN_RIVER_BNDRY:WTR01000000008AED","properties":{"NF_ID":"WTR01000000008AED","admin_code":"51150","source_layer":"TN_RIVER_BNDRY","semantic":"zone","river_class":"소하천","river_class_source":"중심선 공간조인","survey_method":"사진측량"},"geometry":{"type":"Polygon","coordinates":[[[128.75386,37.6625],[128.75315,37.66207],[128.75234,37.66206],[128.75147,37.66172],[128.75038,37.66154],[128.75016,37.66162],[128.75132,37.6618],[128.75219,37.66222],[128.75313,37.66217],[128.75386,37.6625]]]}},{"type":"Feature","id":"TN_RIVER_BNDRY:WTR01000000008AFE","properties":{"NF_ID":"WTR01000000008AFE","admin_code":"51150","source_layer":"TN_RIVER_BNDRY","semantic":"zone","river_class":"소하천","river_class_source":"중심선 공간조인","survey_method":"사진측량"},"geometry":{"type":"Polygon","coordinates":[[[128.75026,37.62203],[128.7502,37.62175],[128.75004,37.62176],[128.75008,37.62205],[128.75026,37.62203]]]}},{"type":"Feature","id":"TN_RIVER_BNDRY:WTR01000000008AGF","properties":{"NF_ID":"WTR01000000008AGF","admin_code":"51150","source_layer":"TN_RIVER_BNDRY","semantic":"zone","river_class":"소하천","river_class_source":"중심선 공간조인","survey_method":"사진측량"},"geometry":{"type":"Polygon","coordinates":[[[128.82114,37.55728],[128.82008,37.55744],[128.81963,37.55766],[128.82008,37.55748],[128.82092,37.55743],[128.82114,37.55728]]]}},{"type":"Feature","id":"TN_RIVER_BNDRY:WTR01000000008AHG","properties":{"NF_ID":"WTR01000000008AHG","admin_code":"51150","source_layer":"TN_RIVER_BNDRY","semantic":"zone","river_class":"소하천","river_class_source":"중심선 공간조인","survey_method":"사진측량"},"geometry":{"type":"Polygon","coordinates":[[[128.93819,37.56352],[128.93801,37.56267],[128.93808,37.56207],[128.93793,37.56173],[128.93721,37.56131],[128.9369,37.56091],[128.9365,37.55895],[128.93665,37.55769],[128.93709,37.55729],[128.93761,37.55715],[128.93776,37.55667],[128.93768,37.55635],[128.93727,37.55604],[128.93769,37.55521],[128.93685,37.55431],[128.93682,37.55366],[128.93707,37.55321],[128.93749,37.55302],[128.93816,37.55235],[128.93882,37.55204],[128.93909,37.55216],[128.93878,37.55174],[128.93746,37.55293],[128.93698,37.55314],[128.93672,37.55362],[128.9368,37.55439],[128.9376,37.55529],[128.93719,37.55602],[128.93768,37.5566],[128.93752,37.55709],[128.93697,37.55725],[128.9366,37.55757],[128.93638,37.55888],[128.93679,37.56099],[128.93791,37.56189],[128.93789,37.56311],[128.938,37.56357],[128.93819,37.56352]]]}},{"type":"Feature","id":"TN_RIVER_BNDRY:WTR01000000008AIH","properties":{"NF_ID":"WTR01000000008AIH","admin_code":"51150","source_layer":"TN_RIVER_BNDRY","semantic":"zone","river_class":"지방하천","river_class_source":"중심선 공간조인","river_name":"군선천","river_code":"1620300","survey_method":"사진측량"},"geometry":{"type":"Polygon","coordinates":[[[128.92285,37.66058],[128.92307,37.66007],[128.92389,37.65915],[128.92408,37.65854],[128.92357,37.65774],[128.92246,37.65705],[128.92251,37.65651],[128.92305,37.65622],[128.92236,37.65615],[128.92175,37.65541],[128.92136,37.65451],[128.92159,37.65566],[128.92149,37.65647],[128.92164,37.65747],[128.92133,37.65768],[128.92266,37.65831],[128.92288,37.65886],[128.92188,37.66014],[128.92116,37.66072],[128.92068,37.66147],[128.92033,37.66165],[128.92034,37.66189],[128.91927,37.66195],[128.91967,37.66223],[128.91946,37.6623],[128.91957,37.66289],[128.92119,37.66293],[128.92143,37.66226],[128.92253,37.66076],[128.92285,37.66058]]]}},{"type":"Feature","id":"TN_RIVER_BNDRY:WTR01000000008AJI","properties":{"NF_ID":"WTR01000000008AJI","admin_code":"51150","source_layer":"TN_RIVER_BNDRY","semantic":"zone","river_class":"지방하천","river_class_source":"중심선 공간조인","river_name":"금광천","river_code":"1420060","survey_method":"사진측량"},"geometry":{"type":"Polygon","coordinates":[[[128.91509,37.69354],[128.91555,37.69228],[128.91595,37.69212],[128.91556,37.69185],[128.9159,37.69158],[128.91623,37.69154],[128.91597,37.69137],[128.91621,37.69112],[128.91603,37.69111],[128.91575,37.69066],[128.91575,37.69033],[128.91597,37.69007],[128.91559,37.68989],[128.91588,37.68938],[128.91566,37.68947],[128.91545,37.68938],[128.91465,37.68972],[128.91417,37.68944],[128.91441,37.69016],[128.9143,37.69036],[128.914,37.69035],[128.9134,37.69076],[128.91341,37.69136],[128.91301,37.69124],[128.91274,37.69144],[128.91113,37.69082],[128.9109,37.69046],[128.91069,37.6907],[128.91073,37.6909],[128.91131,37.69137],[128.91155,37.69241],[128.91244,37.6933],[128.91463,37.69375],[128.91509,37.69354]]]}},{"type":"Feature","id":"TN_RIVER_BNDRY:WTR01000000008AKJ","properties":{"NF_ID":"WTR01000000008AKJ","admin_code":"51150","source_layer":"TN_RIVER_BNDRY","semantic":"zone","river_class":"소하천","river_class_source":"중심선 공간조인","survey_method":"사진측량"},"geometry":{"type":"Polygon","coordinates":[[[128.94013,37.55164],[128.93878,37.55175],[128.93919,37.55218],[128.94013,37.55164]]]}},{"type":"Feature","id":"TN_RIVER_BNDRY:WTR01000000008ALK","properties":{"NF_ID":"WTR01000000008ALK","admin_code":"51150","source_layer":"TN_RIVER_BNDRY","semantic":"zone","river_class":"지방하천","river_class_source":"중심선 공간조인","river_name":"낙풍천","river_code":"1620350","survey_method":"사진측량"},"geometry":{"type":"Polygon","coordinates":[[[128.98943,37.61974],[128.98989,37.61904],[128.98905,37.61732],[128.98783,37.61749],[128.98328,37.61755],[128.98244,37.61732],[128.98162,37.61683],[128.98089,37.61617],[128.98063,37.61557],[128.98025,37.61574],[128.98066,37.61595],[128.98009,37.61585],[128.98008,37.61598],[128.9797,37.61603],[128.97955,37.61582],[128.97936,37.61596],[128.97936,37.61642],[128.97872,37.61704],[128.97978,37.61808],[128.9811,37.61844],[128.98145,37.61867],[128.98128,37.61938],[128.98149,37.62021],[128.98103,37.62028],[128.98039,37.62134],[128.98071,37.62186],[128.98244,37.62141],[128.98447,37.61947],[128.98669,37.61977],[128.98855,37.61965],[128.98911,37.61949],[128.98943,37.61974]]]}},{"type":"Feature","id":"TN_RIVER_BNDRY:WTR01000000008AON","properties":{"NF_ID":"WTR01000000008AON","admin_code":"51150","source_layer":"TN_RIVER_BNDRY","semantic":"zone","river_class":"소하천","river_class_source":"중심선 공간조인","survey_method":"사진측량"},"geometry":{"type":"Polygon","coordinates":[[[128.87519,37.64522],[128.8752,37.64514],[128.87509,37.64513],[128.87508,37.64523],[128.87508,37.64522],[128.8751,37.64521],[128.87513,37.64521],[128.87517,37.64522],[128.87519,37.64522]]]}},{"type":"Feature","id":"TN_RIVER_BNDRY:WTR01000000008APO","properties":{"NF_ID":"WTR01000000008APO","admin_code":"51150","source_layer":"TN_RIVER_BNDRY","semantic":"zone","river_class":"소하천","river_class_source":"중심선 공간조인","survey_method":"사진측량"},"geometry":{"type":"Polygon","coordinates":[[[128.8752,37.64514],[128.87698,37.64554],[128.87746,37.64624],[128.87781,37.64642],[128.87828,37.64635],[128.87889,37.64699],[128.8784,37.64626],[128.87781,37.6463],[128.87756,37.64616],[128.87714,37.64542],[128.8752,37.64514]]]}},{"type":"Feature","id":"TN_RIVER_BNDRY:WTR01000000008AQP","properties":{"NF_ID":"WTR01000000008AQP","admin_code":"51150","source_layer":"TN_RIVER_BNDRY","semantic":"zone","river_class":"소하천","river_class_source":"중심선 공간조인","survey_method":"사진측량"},"geometry":{"type":"Polygon","coordinates":[[[128.87509,37.64513],[128.8752,37.64514],[128.8752,37.64513],[128.8752,37.64513],[128.87521,37.6451],[128.87523,37.64509],[128.87525,37.64507],[128.8753,37.64504],[128.87545,37.645],[128.87552,37.64495],[128.87551,37.64494],[128.87549,37.64493],[128.87545,37.64494],[128.87541,37.64495],[128.87537,37.64496],[128.87528,37.64498],[128.87524,37.64499],[128.8752,37.645],[128.87515,37.64502],[128.87513,37.64504],[128.87511,37.64507],[128.8751,37.6451],[128.87509,37.64513]]]}},{"type":"Feature","id":"TN_RIVER_BNDRY:WTR01000000008ARQ","properties":{"NF_ID":"WTR01000000008ARQ","admin_code":"51150","source_layer":"TN_RIVER_BNDRY","semantic":"zone","river_class":"소하천","river_class_source":"중심선 공간조인","survey_method":"사진측량"},"geometry":{"type":"Polygon","coordinates":[[[128.87513,37.61975],[128.87515,37.61937],[128.87606,37.61836],[128.87775,37.61691],[128.87801,37.61543],[128.87858,37.61454],[128.87958,37.6138],[128.87953,37.61293],[128.87996,37.61252],[128.88102,37.61227],[128.8818,37.61168],[128.88195,37.61087],[128.88295,37.60977],[128.8829,37.60817],[128.88253,37.60743],[128.88299,37.6068],[128.88314,37.60484],[128.88363,37.60413],[128.88385,37.60294],[128.88358,37.60238],[128.88352,37.60085],[128.8832,37.59968],[128.88286,37.5992],[128.88285,37.59829],[128.88276,37.59912],[128.88315,37.59977],[128.88346,37.60121],[128.88345,37.60248],[128.8837,37.60302],[128.88358,37.60393],[128.88304,37.60475],[128.88286,37.6068],[128.8824,37.60745],[128.88277,37.60822],[128.88273,37.60979],[128.88191,37.61066],[128.88166,37.61163],[128.88089,37.61218],[128.88001,37.61236],[128.87945,37.61279],[128.87932,37.61309],[128.87943,37.61374],[128.87854,37.61443],[128.87816,37.61518],[128.87735,37.61601],[128.87746,37.61709],[128.87623,37.61796],[128.87505,37.61919],[128.87513,37.61975]]]}},{"type":"Feature","id":"TN_RIVER_BNDRY:WTR01000000008ASR","properties":{"NF_ID":"WTR01000000008ASR","admin_code":"51150","source_layer":"TN_RIVER_BNDRY","semantic":"zone","river_class":"소하천","river_class_source":"중심선 공간조인","survey_method":"사진측량"},"geometry":{"type":"Polygon","coordinates":[[[128.87516,37.61986],[128.87506,37.61991],[128.87553,37.62012],[128.87576,37.6205],[128.87737,37.6201],[128.87567,37.62031],[128.87516,37.61986]]]}},{"type":"Feature","id":"TN_RIVER_BNDRY:WTR01000000008ATS","properties":{"NF_ID":"WTR01000000008ATS","admin_code":"51150","source_layer":"TN_RIVER_BNDRY","semantic":"zone","river_class":"소하천","river_class_source":"중심선 공간조인","survey_method":"사진측량"},"geometry":{"type":"Polygon","coordinates":[[[128.87516,37.61986],[128.87502,37.61976],[128.87506,37.61991],[128.87516,37.61986]]]}},{"type":"Feature","id":"TN_RIVER_BNDRY:WTR01000000008AUT","properties":{"NF_ID":"WTR01000000008AUT","admin_code":"51150","source_layer":"TN_RIVER_BNDRY","semantic":"zone","river_class":"소하천","river_class_source":"중심선 공간조인","survey_method":"사진측량"},"geometry":{"type":"Polygon","coordinates":[[[128.97324,37.62451],[128.97273,37.62443],[128.97241,37.62384],[128.9717,37.62376],[128.97234,37.62385],[128.97254,37.62398],[128.97265,37.62441],[128.97324,37.62451]]]}},{"type":"Feature","id":"TN_RIVER_BNDRY:WTR01000000008AVU","properties":{"NF_ID":"WTR01000000008AVU","admin_code":"51150","source_layer":"TN_RIVER_BNDRY","semantic":"zone","river_class":"소하천","river_class_source":"중심선 공간조인","survey_method":"사진측량"},"geometry":{"type":"Polygon","coordinates":[[[128.97349,37.62451],[128.97325,37.62445],[128.97324,37.6245],[128.97324,37.62451],[128.97349,37.62457],[128.97349,37.62451]]]}},{"type":"Feature","id":"TN_RIVER_BNDRY:WTR01000000008AWV","properties":{"NF_ID":"WTR01000000008AWV","admin_code":"51150","source_layer":"TN_RIVER_BNDRY","semantic":"zone","river_class":"소하천","river_class_source":"중심선 공간조인","survey_method":"사진측량"},"geometry":{"type":"Polygon","coordinates":[[[128.87508,37.64523],[128.87468,37.64537],[128.87383,37.64533],[128.87262,37.64499],[128.87089,37.64532],[128.86987,37.64514],[128.86961,37.64474],[128.86915,37.64459],[128.8664,37.64485],[128.86573,37.64505],[128.86412,37.64415],[128.86464,37.64468],[128.86574,37.64515],[128.86661,37.64491],[128.86787,37.64489],[128.86914,37.64467],[128.86946,37.64476],[128.8699,37.64523],[128.87099,37.64542],[128.87235,37.64511],[128.87316,37.64515],[128.87367,37.64538],[128.87456,37.64548],[128.87508,37.64523]]]}},{"type":"Feature","id":"TN_RIVER_BNDRY:WTR01000000008AXW","properties":{"NF_ID":"WTR01000000008AXW","admin_code":"51150","source_layer":"TN_RIVER_BNDRY","semantic":"zone","river_class":"소하천","river_class_source":"중심선 공간조인","survey_method":"사진측량"},"geometry":{"type":"Polygon","coordinates":[[[128.78645,37.65313],[128.78672,37.65321],[128.78682,37.65124],[128.78672,37.6509],[128.78583,37.64987],[128.78614,37.64904],[128.78583,37.64791],[128.7848,37.64773],[128.78356,37.64633],[128.78314,37.6456],[128.78366,37.645],[128.78399,37.64396],[128.78392,37.64369],[128.78343,37.64337],[128.78343,37.64249],[128.7832,37.64189],[128.78255,37.64131],[128.78211,37.64126],[128.78132,37.64028],[128.78055,37.63975],[128.78014,37.63893],[128.78044,37.63833],[128.78012,37.63801],[128.77946,37.63785],[128.77925,37.6366],[128.77794,37.63606],[128.7779,37.63556],[128.77823,37.63434],[128.77808,37.63386],[128.77754,37.63319],[128.77743,37.63246],[128.77644,37.63199],[128.77624,37.63061],[128.77567,37.63011],[128.77547,37.6297],[128.77435,37.62885],[128.77458,37.62817],[128.77332,37.62706],[128.77337,37.62594],[128.77199,37.62516],[128.77231,37.62433],[128.77224,37.62395],[128.77172,37.62336],[128.77144,37.62336],[128.77113,37.62303],[128.76899,37.62296],[128.76871,37.62322],[128.76887,37.62388],[128.76865,37.62444],[128.76899,37.62413],[128.76882,37.62324],[128.76905,37.62302],[128.77046,37.62317],[128.77106,37.62308],[128.77205,37.62394],[128.77184,37.62517],[128.77226,37.62555],[128.77324,37.62598],[128.77318,37.62698],[128.77445,37.62826],[128.77422,37.62889],[128.77536,37.62973],[128.77553,37.63013],[128.77611,37.63065],[128.77636,37.63205],[128.7773,37.63278],[128.77733,37.63329],[128.77795,37.63396],[128.77779,37.63609],[128.77921,37.63673],[128.77935,37.63789],[128.77985,37.63805],[128.78018,37.63835],[128.78003,37.63892],[128.78042,37.63976],[128.78142,37.64052],[128.78153,37.64099],[128.78204,37.64139],[128.78263,37.64148],[128.78321,37.64222],[128.78313,37.643],[128.78335,37.64348],[128.78366,37.64362],[128.78388,37.644],[128.783,37.64549],[128.78349,37.64635],[128.78471,37.64779],[128.78572,37.64803],[128.78594,37.64898],[128.78571,37.64988],[128.7866,37.65092],[128.7867,37.65132],[128.78645,37.65313]]]}},{"type":"Feature","id":"TN_RIVER_BNDRY:WTR01000000008AYX","properties":{"NF_ID":"WTR01000000008AYX","admin_code":"51150","source_layer":"TN_RIVER_BNDRY","semantic":"zone","river_class":"지방하천","river_class_source":"중심선 공간조인","river_name":"도마천","river_code":"1420020","survey_method":"사진측량"},"geometry":{"type":"Polygon","coordinates":[[[128.86161,37.62595],[128.86046,37.624],[128.85987,37.62336],[128.85976,37.62292],[128.85998,37.62227],[128.85947,37.62205],[128.86052,37.62118],[128.86085,37.62069],[128.86093,37.61973],[128.86051,37.61865],[128.86058,37.61707],[128.8586,37.61534],[128.85848,37.61492],[128.85815,37.61486],[128.85892,37.61595],[128.86024,37.61702],[128.86005,37.61833],[128.86077,37.62025],[128.86063,37.62073],[128.85948,37.62165],[128.85919,37.62208],[128.8596,37.62252],[128.85948,37.62355],[128.86029,37.62404],[128.86138,37.62608],[128.86161,37.62595]]]}},{"type":"Feature","id":"TN_RIVER_BNDRY:WTR01000000008AZY","properties":{"NF_ID":"WTR01000000008AZY","admin_code":"51150","source_layer":"TN_RIVER_BNDRY","semantic":"zone","river_class":"소하천","river_class_source":"중심선 공간조인","survey_method":"사진측량"},"geometry":{"type":"Polygon","coordinates":[[[128.97349,37.62457],[128.97322,37.62457],[128.97333,37.62519],[128.97381,37.62556],[128.97382,37.62573],[128.9724,37.62574],[128.97139,37.62634],[128.97057,37.6263],[128.97024,37.6275],[128.97,37.62768],[128.96881,37.62797],[128.96889,37.62828],[128.96948,37.62877],[128.96826,37.62889],[128.96801,37.62903],[128.96809,37.63001],[128.96562,37.63082],[128.96441,37.63045],[128.96281,37.63055],[128.96186,37.63149],[128.9611,37.63137],[128.96061,37.63151],[128.9602,37.63141],[128.96003,37.63145],[128.96008,37.63156],[128.96034,37.63177],[128.96104,37.63153],[128.96163,37.63172],[128.96221,37.63148],[128.96272,37.63076],[128.96445,37.63055],[128.96563,37.6309],[128.96817,37.6301],[128.9683,37.62991],[128.96824,37.62904],[128.96975,37.62887],[128.96972,37.62866],[128.96898,37.62806],[128.97027,37.62762],[128.97068,37.62638],[128.97146,37.62646],[128.97234,37.62587],[128.97368,37.62596],[128.97393,37.62587],[128.97399,37.62556],[128.9735,37.62499],[128.97349,37.62457]]]}},{"type":"Feature","id":"TN_RIVER_BNDRY:WTR01000000008B22","properties":{"NF_ID":"WTR01000000008B22","admin_code":"51150","source_layer":"TN_RIVER_BNDRY","semantic":"zone","river_class":"소하천","river_class_source":"중심선 공간조인","survey_method":"사진측량"},"geometry":{"type":"Polygon","coordinates":[[[128.87506,37.61991],[128.87502,37.61976],[128.87455,37.62005],[128.87284,37.62138],[128.8716,37.62143],[128.87056,37.62226],[128.86853,37.62291],[128.86765,37.62339],[128.8674,37.62376],[128.86654,37.62395],[128.86608,37.62444],[128.86419,37.62446],[128.86342,37.62462],[128.86244,37.6251],[128.86165,37.62606],[128.86246,37.6253],[128.86393,37.62459],[128.86612,37.62455],[128.86727,37.62401],[128.8678,37.62345],[128.86855,37.62306],[128.87074,37.6223],[128.87133,37.62197],[128.87174,37.6215],[128.87292,37.6215],[128.87506,37.61991]]]}},{"type":"Feature","id":"TN_RIVER_BNDRY:WTR01000000008B33","properties":{"NF_ID":"WTR01000000008B33","admin_code":"51150","source_layer":"TN_RIVER_BNDRY","semantic":"zone","river_class":"소하천","river_class_source":"중심선 공간조인","survey_method":"사진측량"},"geometry":{"type":"Polygon","coordinates":[[[128.87396,37.69563],[128.87404,37.69571],[128.87415,37.69557],[128.87423,37.695],[128.87539,37.69395],[128.8755,37.69322],[128.87578,37.69292],[128.87614,37.69183],[128.87634,37.69095],[128.87625,37.69063],[128.87668,37.68925],[128.87578,37.68726],[128.87462,37.68666],[128.87442,37.68566],[128.87456,37.68668],[128.87573,37.6873],[128.87659,37.68932],[128.87616,37.69062],[128.87625,37.69097],[128.87566,37.69289],[128.87534,37.69328],[128.87528,37.69385],[128.87465,37.69425],[128.87415,37.6949],[128.87396,37.69563]]]}},{"type":"Feature","id":"TN_RIVER_BNDRY:WTR01000000008B44","properties":{"NF_ID":"WTR01000000008B44","admin_code":"51150","source_layer":"TN_RIVER_BNDRY","semantic":"zone","river_class":"소하천","river_class_source":"중심선 공간조인","survey_method":"사진측량"},"geometry":{"type":"Polygon","coordinates":[[[128.7871,37.65425],[128.78716,37.65438],[128.78744,37.65428],[128.78792,37.65389],[128.78846,37.65243],[128.78867,37.65212],[128.78923,37.65186],[128.78945,37.65113],[128.79,37.6505],[128.791,37.64992],[128.79129,37.64947],[128.79369,37.64719],[128.79437,37.647],[128.79594,37.64586],[128.7956,37.64486],[128.7958,37.64392],[128.79655,37.64331],[128.79716,37.64248],[128.79824,37.64203],[128.79919,37.64132],[128.79992,37.63948],[128.79983,37.63819],[128.80041,37.63664],[128.8009,37.63381],[128.80192,37.63251],[128.80196,37.63205],[128.80241,37.63116],[128.80196,37.6317],[128.80183,37.63244],[128.80077,37.63389],[128.8003,37.63657],[128.79973,37.63814],[128.7998,37.63948],[128.79912,37.64117],[128.79825,37.64191],[128.79712,37.64236],[128.79644,37.64324],[128.79581,37.6437],[128.79549,37.64479],[128.7958,37.64578],[128.79443,37.64684],[128.79359,37.64711],[128.79084,37.64994],[128.78959,37.65075],[128.78911,37.65186],[128.78837,37.65224],[128.78784,37.65382],[128.78731,37.65426],[128.7871,37.65425]]]}},{"type":"Feature","id":"TN_RIVER_BNDRY:WTR01000000008B55","properties":{"NF_ID":"WTR01000000008B55","admin_code":"51150","source_layer":"TN_RIVER_BNDRY","semantic":"zone","river_class":"소하천","river_class_source":"중심선 공간조인","survey_method":"사진측량"},"geometry":{"type":"Polygon","coordinates":[[[128.82871,37.65863],[128.82848,37.65761],[128.82867,37.65651],[128.82979,37.65558],[128.83048,37.65465],[128.83064,37.65358],[128.83052,37.65288],[128.8307,37.65226],[128.83033,37.65187],[128.82894,37.65165],[128.82884,37.65113],[128.82808,37.65077],[128.82677,37.65041],[128.8259,37.65056],[128.82553,37.65031],[128.82577,37.64957],[128.82568,37.64871],[128.82509,37.64781],[128.82372,37.64678],[128.82374,37.64604],[128.82252,37.64409],[128.82244,37.64354],[128.82164,37.64178],[128.82114,37.64022],[128.82069,37.63961],[128.82032,37.63811],[128.81905,37.63598],[128.82034,37.63849],[128.8205,37.63964],[128.82097,37.64023],[128.82119,37.64117],[128.8221,37.64301],[128.82242,37.64418],[128.82359,37.64609],[128.82359,37.64686],[128.82491,37.64779],[128.82557,37.6488],[128.82546,37.65036],[128.82593,37.65065],[128.82692,37.65053],[128.8282,37.6509],[128.82874,37.65116],[128.82885,37.65173],[128.82974,37.65184],[128.83037,37.65207],[128.83061,37.65233],[128.83038,37.65246],[128.83049,37.65353],[128.83034,37.65466],[128.82956,37.65564],[128.82885,37.65607],[128.82854,37.65656],[128.82834,37.6577],[128.82853,37.65868],[128.82871,37.65863]]]}},{"type":"Feature","id":"TN_RIVER_BNDRY:WTR01000000008B66","properties":{"NF_ID":"WTR01000000008B66","admin_code":"51150","source_layer":"TN_RIVER_BNDRY","semantic":"zone","river_class":"소하천","river_class_source":"중심선 공간조인","survey_method":"사진측량"},"geometry":{"type":"Polygon","coordinates":[[[128.80876,37.65278],[128.8087,37.65201],[128.80893,37.65165],[128.80876,37.65063],[128.80831,37.65014],[128.80884,37.64977],[128.80875,37.64958],[128.80839,37.64998],[128.80791,37.65012],[128.80867,37.65054],[128.80884,37.65159],[128.8086,37.652],[128.80876,37.65278]]]}},{"type":"Feature","id":"TN_RIVER_BNDRY:WTR01000000008B77","properties":{"NF_ID":"WTR01000000008B77","admin_code":"51150","source_layer":"TN_RIVER_BNDRY","semantic":"zone","river_class":"소하천","river_class_source":"중심선 공간조인","survey_method":"사진측량"},"geometry":{"type":"Polygon","coordinates":[[[128.84086,37.64749],[128.84114,37.64823],[128.84096,37.64869],[128.84134,37.64901],[128.8415,37.64951],[128.84137,37.65018],[128.84153,37.65057],[128.84163,37.6495],[128.84108,37.64861],[128.84123,37.64819],[128.84086,37.64749]]]}},{"type":"Feature","id":"TN_RIVER_BNDRY:WTR01000000008B88","properties":{"NF_ID":"WTR01000000008B88","admin_code":"51150","source_layer":"TN_RIVER_BNDRY","semantic":"zone","river_class":"소하천","river_class_source":"중심선 공간조인","survey_method":"사진측량"},"geometry":{"type":"Polygon","coordinates":[[[128.85863,37.63517],[128.85727,37.63461],[128.85566,37.63447],[128.85496,37.63462],[128.85443,37.63444],[128.85381,37.63388],[128.85283,37.634],[128.85208,37.63377],[128.85213,37.63277],[128.85118,37.63156],[128.85116,37.63017],[128.84977,37.62938],[128.84969,37.62852],[128.84927,37.62739],[128.85007,37.62695],[128.85022,37.6266],[128.85009,37.62659],[128.84993,37.6269],[128.8491,37.62733],[128.84955,37.62861],[128.84958,37.62932],[128.8498,37.62965],[128.85103,37.63019],[128.85103,37.63173],[128.85197,37.63274],[128.85198,37.6338],[128.85251,37.63406],[128.85361,37.63406],[128.85481,37.63471],[128.85593,37.63462],[128.85818,37.63496],[128.85873,37.63552],[128.85863,37.63517]]]}},{"type":"Feature","id":"TN_RIVER_BNDRY:WTR01000000008B99","properties":{"NF_ID":"WTR01000000008B99","admin_code":"51150","source_layer":"TN_RIVER_BNDRY","semantic":"zone","river_class":"지방하천","river_class_source":"중심선 공간조인","river_name":"도마천","river_code":"1420020","survey_method":"사진측량"},"geometry":{"type":"Polygon","coordinates":[[[128.85944,37.63652],[128.85846,37.63661],[128.85829,37.63719],[128.85661,37.63856],[128.85626,37.63923],[128.85632,37.64045],[128.85559,37.64093],[128.85589,37.64128],[128.85639,37.64095],[128.85665,37.64038],[128.85671,37.63936],[128.85722,37.63861],[128.85782,37.63806],[128.85904,37.63745],[128.85944,37.63652]]]}},{"type":"Feature","id":"TN_RIVER_BNDRY:WTR01000000008BAA","properties":{"NF_ID":"WTR01000000008BAA","admin_code":"51150","source_layer":"TN_RIVER_BNDRY","semantic":"zone","river_class":"소하천","river_class_source":"중심선 공간조인","survey_method":"사진측량"},"geometry":{"type":"Polygon","coordinates":[[[128.8586,37.63359],[128.86058,37.63347],[128.86139,37.63298],[128.86112,37.63297],[128.86039,37.63342],[128.8586,37.63359]]]}},{"type":"Feature","id":"TN_RIVER_BNDRY:WTR01000000008BBB","properties":{"NF_ID":"WTR01000000008BBB","admin_code":"51150","source_layer":"TN_RIVER_BNDRY","semantic":"zone","river_class":"지방하천","river_class_source":"중심선 공간조인","river_name":"도마천","river_code":"1420020","survey_method":"사진측량"},"geometry":{"type":"Polygon","coordinates":[[[128.85545,37.65131],[128.85465,37.64911],[128.8542,37.64903],[128.85494,37.65142],[128.85545,37.65131]]]}},{"type":"Feature","id":"TN_RIVER_BNDRY:WTR01000000008BCC","properties":{"NF_ID":"WTR01000000008BCC","admin_code":"51150","source_layer":"TN_RIVER_BNDRY","semantic":"zone","river_class":"지방하천","river_class_source":"중심선 공간조인","river_name":"도마천","river_code":"1420020","survey_method":"사진측량"},"geometry":{"type":"Polygon","coordinates":[[[128.85589,37.64128],[128.8556,37.64117],[128.85584,37.64141],[128.85589,37.64128]]]}},{"type":"Feature","id":"TN_RIVER_BNDRY:WTR01000000008BDD","properties":{"NF_ID":"WTR01000000008BDD","admin_code":"51150","source_layer":"TN_RIVER_BNDRY","semantic":"zone","river_class":"지방하천","river_class_source":"중심선 공간조인","river_name":"도마천","river_code":"1420020","survey_method":"사진측량"},"geometry":{"type":"Polygon","coordinates":[[[128.85483,37.64441],[128.85496,37.64249],[128.85577,37.64156],[128.85584,37.64141],[128.8556,37.64117],[128.85466,37.64241],[128.85455,37.64445],[128.85483,37.64441]]]}},{"type":"Feature","id":"TN_RIVER_BNDRY:WTR01000000008BEE","properties":{"NF_ID":"WTR01000000008BEE","admin_code":"51150","source_layer":"TN_RIVER_BNDRY","semantic":"zone","river_class":"소하천","river_class_source":"중심선 공간조인","survey_method":"사진측량"},"geometry":{"type":"Polygon","coordinates":[[[128.8556,37.64117],[128.85536,37.64084],[128.85497,37.64067],[128.8556,37.64117]]]}},{"type":"Feature","id":"TN_RIVER_BNDRY:WTR01000000008BFF","properties":{"NF_ID":"WTR01000000008BFF","admin_code":"51150","source_layer":"TN_RIVER_BNDRY","semantic":"zone","river_class":"지방하천","river_class_source":"중심선 공간조인","river_name":"도마천","river_code":"1420020","survey_method":"사진측량"},"geometry":{"type":"Polygon","coordinates":[[[128.86165,37.62606],[128.86161,37.62595],[128.86138,37.62608],[128.86141,37.62627],[128.86165,37.62606]]]}},{"type":"Feature","id":"TN_RIVER_BNDRY:WTR01000000008BGG","properties":{"NF_ID":"WTR01000000008BGG","admin_code":"51150","source_layer":"TN_RIVER_BNDRY","semantic":"zone","river_class":"지방하천","river_class_source":"중심선 공간조인","river_name":"도마천","river_code":"1420020","survey_method":"사진측량"},"geometry":{"type":"Polygon","coordinates":[[[128.85942,37.63585],[128.85873,37.63552],[128.85851,37.63648],[128.85947,37.63647],[128.85942,37.63585]]]}},{"type":"Feature","id":"TN_RIVER_BNDRY:WTR01000000008BHH","properties":{"NF_ID":"WTR01000000008BHH","admin_code":"51150","source_layer":"TN_RIVER_BNDRY","semantic":"zone","river_class":"지방하천","river_class_source":"중심선 공간조인","river_name":"도마천","river_code":"1420020","survey_method":"사진측량"},"geometry":{"type":"Polygon","coordinates":[[[128.85944,37.63652],[128.85851,37.63648],[128.85846,37.63661],[128.85944,37.63652]]]}},{"type":"Feature","id":"TN_RIVER_BNDRY:WTR01000000008BII","properties":{"NF_ID":"WTR01000000008BII","admin_code":"51150","source_layer":"TN_RIVER_BNDRY","semantic":"zone","river_class":"지방하천","river_class_source":"중심선 공간조인","river_name":"도마천","river_code":"1420020","survey_method":"사진측량"},"geometry":{"type":"Polygon","coordinates":[[[128.8549,37.64458],[128.85483,37.64441],[128.85455,37.64445],[128.85454,37.64466],[128.8549,37.64458]]]}},{"type":"Feature","id":"TN_RIVER_BNDRY:WTR01000000008BJJ","properties":{"NF_ID":"WTR01000000008BJJ","admin_code":"51150","source_layer":"TN_RIVER_BNDRY","semantic":"zone","river_class":"지방하천","river_class_source":"중심선 공간조인","river_name":"도마천","river_code":"1420020","survey_method":"사진측량"},"geometry":{"type":"Polygon","coordinates":[[[128.8549,37.64458],[128.85454,37.64466],[128.85424,37.64736],[128.85424,37.64783],[128.85467,37.64904],[128.8549,37.64458]]]}},{"type":"Feature","id":"TN_RIVER_BNDRY:WTR01000000008BKK","properties":{"NF_ID":"WTR01000000008BKK","admin_code":"51150","source_layer":"TN_RIVER_BNDRY","semantic":"zone","river_class":"지방하천","river_class_source":"중심선 공간조인","river_name":"도마천","river_code":"1420020","survey_method":"사진측량"},"geometry":{"type":"Polygon","coordinates":[[[128.85467,37.64904],[128.85424,37.64783],[128.8542,37.64903],[128.85467,37.64904]]]}},{"type":"Feature","id":"TN_RIVER_BNDRY:WTR01000000008BLL","properties":{"NF_ID":"WTR01000000008BLL","admin_code":"51150","source_layer":"TN_RIVER_BNDRY","semantic":"zone","river_class":"소하천","river_class_source":"중심선 공간조인","survey_method":"사진측량"},"geometry":{"type":"Polygon","coordinates":[[[128.85467,37.64904],[128.85505,37.64899],[128.85548,37.64864],[128.85614,37.64853],[128.85669,37.64868],[128.85623,37.64851],[128.85556,37.64854],[128.85505,37.64894],[128.85467,37.64904]]]}},{"type":"Feature","id":"TN_RIVER_BNDRY:WTR01000000008BMM","properties":{"NF_ID":"WTR01000000008BMM","admin_code":"51150","source_layer":"TN_RIVER_BNDRY","semantic":"zone","river_class":"지방하천","river_class_source":"중심선 공간조인","river_name":"도마천","river_code":"1420020","survey_method":"사진측량"},"geometry":{"type":"Polygon","coordinates":[[[128.85932,37.63548],[128.85863,37.63517],[128.85873,37.63552],[128.85942,37.63585],[128.85932,37.63548]]]}},{"type":"Feature","id":"TN_RIVER_BNDRY:WTR01000000008BNN","properties":{"NF_ID":"WTR01000000008BNN","admin_code":"51150","source_layer":"TN_RIVER_BNDRY","semantic":"zone","river_class":"지방하천","river_class_source":"중심선 공간조인","river_name":"도마천","river_code":"1420020","survey_method":"사진측량"},"geometry":{"type":"Polygon","coordinates":[[[128.8586,37.63363],[128.85822,37.63373],[128.85863,37.63517],[128.85932,37.63548],[128.8586,37.63363]]]}},{"type":"Feature","id":"TN_RIVER_BNDRY:WTR01000000008BOO","properties":{"NF_ID":"WTR01000000008BOO","admin_code":"51150","source_layer":"TN_RIVER_BNDRY","semantic":"zone","river_class":"지방하천","river_class_source":"중심선 공간조인","river_name":"도마천","river_code":"1420020","survey_method":"사진측량"},"geometry":{"type":"Polygon","coordinates":[[[128.8586,37.63363],[128.85819,37.63364],[128.85822,37.63373],[128.8586,37.63363]]]}},{"type":"Feature","id":"TN_RIVER_BNDRY:WTR01000000008BPP","properties":{"NF_ID":"WTR01000000008BPP","admin_code":"51150","source_layer":"TN_RIVER_BNDRY","semantic":"zone","river_class":"지방하천","river_class_source":"중심선 공간조인","river_name":"도마천","river_code":"1420020","survey_method":"사진측량"},"geometry":{"type":"Polygon","coordinates":[[[128.8586,37.63359],[128.85837,37.63277],[128.85844,37.63219],[128.85991,37.63042],[128.86013,37.63],[128.85991,37.62985],[128.85892,37.63081],[128.85813,37.632],[128.85805,37.63317],[128.85819,37.63364],[128.8586,37.63359]]]}},{"type":"Feature","id":"TN_RIVER_BNDRY:WTR01000000008BQQ","properties":{"NF_ID":"WTR01000000008BQQ","admin_code":"51150","source_layer":"TN_RIVER_BNDRY","semantic":"zone","river_class":"소하천","river_class_source":"중심선 공간조인","survey_method":"사진측량"},"geometry":{"type":"Polygon","coordinates":[[[128.86002,37.62978],[128.85956,37.62947],[128.85934,37.62875],[128.85863,37.6284],[128.85932,37.62882],[128.85948,37.62949],[128.85991,37.62985],[128.86002,37.62978]]]}},{"type":"Feature","id":"TN_RIVER_BNDRY:WTR01000000008BRR","properties":{"NF_ID":"WTR01000000008BRR","admin_code":"51150","source_layer":"TN_RIVER_BNDRY","semantic":"zone","river_class":"소하천","river_class_source":"중심선 공간조인","survey_method":"사진측량"},"geometry":{"type":"Polygon","coordinates":[[[128.85944,37.63649],[128.85995,37.63651],[128.8605,37.63677],[128.86109,37.63667],[128.85944,37.63649]]]}},{"type":"Feature","id":"TN_RIVER_BNDRY:WTR01000000008BSS","properties":{"NF_ID":"WTR01000000008BSS","admin_code":"51150","source_layer":"TN_RIVER_BNDRY","semantic":"zone","river_class":"지방하천","river_class_source":"중심선 공간조인","river_name":"도마천","river_code":"1420020","survey_method":"사진측량"},"geometry":{"type":"Polygon","coordinates":[[[128.86165,37.62606],[128.86141,37.62627],[128.86111,37.62747],[128.86002,37.62978],[128.86021,37.62987],[128.86141,37.62762],[128.86145,37.62706],[128.86168,37.62669],[128.86165,37.62606]]]}},{"type":"Feature","id":"TN_RIVER_BNDRY:WTR01000000008BTT","properties":{"NF_ID":"WTR01000000008BTT","admin_code":"51150","source_layer":"TN_RIVER_BNDRY","semantic":"zone","river_class":"지방하천","river_class_source":"중심선 공간조인","river_name":"도마천","river_code":"1420020","survey_method":"사진측량"},"geometry":{"type":"Polygon","coordinates":[[[128.86021,37.62987],[128.85991,37.62985],[128.86013,37.63],[128.86021,37.62987]]]}},{"type":"Feature","id":"TN_RIVER_BNDRY:WTR01000000008BUU","properties":{"NF_ID":"WTR01000000008BUU","admin_code":"51150","source_layer":"TN_RIVER_BNDRY","semantic":"zone","river_class":"소하천","river_class_source":"중심선 공간조인","survey_method":"사진측량"},"geometry":{"type":"Polygon","coordinates":[[[128.86399,37.64386],[128.86391,37.64381],[128.86379,37.64392],[128.86381,37.64394],[128.86387,37.64398],[128.86399,37.64386]]]}},{"type":"Feature","id":"TN_RIVER_BNDRY:WTR01000000008BVV","properties":{"NF_ID":"WTR01000000008BVV","admin_code":"51150","source_layer":"TN_RIVER_BNDRY","semantic":"zone","river_class":"소하천","river_class_source":"중심선 공간조인","survey_method":"사진측량"},"geometry":{"type":"Polygon","coordinates":[[[128.86414,37.64401],[128.86399,37.64386],[128.86387,37.64398],[128.86407,37.64411],[128.86414,37.64401]]]}},{"type":"Feature","id":"TN_RIVER_BNDRY:WTR01000000008BWW","properties":{"NF_ID":"WTR01000000008BWW","admin_code":"51150","source_layer":"TN_RIVER_BNDRY","semantic":"zone","river_class":"소하천","river_class_source":"중심선 공간조인","survey_method":"사진측량"},"geometry":{"type":"Polygon","coordinates":[[[128.86416,37.64407],[128.86414,37.64401],[128.86407,37.64411],[128.86412,37.64415],[128.86416,37.64407]]]}},{"type":"Feature","id":"TN_RIVER_BNDRY:WTR01000000008BXX","properties":{"NF_ID":"WTR01000000008BXX","admin_code":"51150","source_layer":"TN_RIVER_BNDRY","semantic":"zone","river_class":"소하천","river_class_source":"중심선 공간조인","survey_method":"사진측량"},"geometry":{"type":"Polygon","coordinates":[[[128.86391,37.64381],[128.86399,37.64386],[128.86401,37.64381],[128.86407,37.64376],[128.86411,37.64372],[128.86415,37.64368],[128.86419,37.64368],[128.86422,37.64367],[128.86416,37.64362],[128.86414,37.64362],[128.86414,37.64363],[128.86413,37.64367],[128.86409,37.6437],[128.86407,37.6437],[128.86402,37.64372],[128.86391,37.64381]]]}},{"type":"Feature","id":"TN_RIVER_BNDRY:WTR01000000008BYY","properties":{"NF_ID":"WTR01000000008BYY","admin_code":"51150","source_layer":"TN_RIVER_BNDRY","semantic":"zone","river_class":"소하천","river_class_source":"중심선 공간조인","survey_method":"사진측량"},"geometry":{"type":"Polygon","coordinates":[[[128.86414,37.64401],[128.86443,37.64377],[128.8645,37.64317],[128.86509,37.64247],[128.86472,37.64269],[128.86441,37.64316],[128.86443,37.64356],[128.86414,37.64401]]]}},{"type":"Feature","id":"TN_RIVER_BNDRY:WTR01000000008BZZ","properties":{"NF_ID":"WTR01000000008BZZ","admin_code":"51150","source_layer":"TN_RIVER_BNDRY","semantic":"zone","river_class":"소하천","river_class_source":"중심선 공간조인","survey_method":"사진측량"},"geometry":{"type":"Polygon","coordinates":[[[128.75984,37.6603],[128.75966,37.66038],[128.76023,37.66083],[128.76034,37.66128],[128.75982,37.66204],[128.75988,37.66295],[128.75895,37.66388],[128.758,37.66543],[128.75693,37.66623],[128.7576,37.6659],[128.7581,37.66543],[128.75898,37.664],[128.75999,37.66295],[128.75994,37.66221],[128.76042,37.66133],[128.76037,37.6609],[128.75984,37.6603]]]}},{"type":"Feature","id":"TN_RIVER_BNDRY:WTR01000000008C01","properties":{"NF_ID":"WTR01000000008C01","admin_code":"51150","source_layer":"TN_RIVER_BNDRY","semantic":"zone","river_class":"지방하천","river_class_source":"중심선 공간조인","river_name":"왕산천","river_code":"1420030","survey_method":"사진측량"},"geometry":{"type":"Polygon","coordinates":[[[128.76599,37.65612],[128.76598,37.65598],[128.76501,37.65598],[128.76415,37.65573],[128.76368,37.65619],[128.76252,37.65562],[128.76267,37.65544],[128.76204,37.65523],[128.76142,37.65442],[128.75936,37.65354],[128.75855,37.65267],[128.75767,37.65272],[128.75706,37.65329],[128.75739,37.65319],[128.75777,37.65275],[128.7585,37.65271],[128.7593,37.65357],[128.76136,37.65444],[128.76205,37.65536],[128.76246,37.65545],[128.76242,37.65565],[128.76281,37.65575],[128.76308,37.65607],[128.76372,37.65626],[128.76421,37.6558],[128.76496,37.65605],[128.76528,37.65597],[128.76599,37.65612]]]}},{"type":"Feature","id":"TN_RIVER_BNDRY:WTR01000000008C12","properties":{"NF_ID":"WTR01000000008C12","admin_code":"51150","source_layer":"TN_RIVER_BNDRY","semantic":"zone","river_class":"소하천","river_class_source":"중심선 공간조인","survey_method":"사진측량"},"geometry":{"type":"Polygon","coordinates":[[[128.75391,37.6625],[128.75393,37.66239],[128.75387,37.66239],[128.75383,37.66237],[128.75386,37.6625],[128.75391,37.6625]]]}},{"type":"Feature","id":"TN_RIVER_BNDRY:WTR01000000008C23","properties":{"NF_ID":"WTR01000000008C23","admin_code":"51150","source_layer":"TN_RIVER_BNDRY","semantic":"zone","river_class":"소하천","river_class_source":"중심선 공간조인","survey_method":"사진측량"},"geometry":{"type":"Polygon","coordinates":[[[128.75391,37.6625],[128.75374,37.66356],[128.75305,37.66444],[128.75378,37.66355],[128.75391,37.6625]]]}},{"type":"Feature","id":"TN_RIVER_BNDRY:WTR01000000008C34","properties":{"NF_ID":"WTR01000000008C34","admin_code":"51150","source_layer":"TN_RIVER_BNDRY","semantic":"zone","river_class":"소하천","river_class_source":"중심선 공간조인","survey_method":"사진측량"},"geometry":{"type":"Polygon","coordinates":[[[128.7591,37.65996],[128.7588,37.65993],[128.75746,37.66036],[128.75731,37.66059],[128.75646,37.66098],[128.75537,37.6621],[128.75393,37.66239],[128.75391,37.6625],[128.7553,37.66218],[128.75654,37.66107],[128.7576,37.66055],[128.75776,37.66033],[128.7591,37.65996]]]}},{"type":"Feature","id":"TN_RIVER_BNDRY:WTR01000000008C45","properties":{"NF_ID":"WTR01000000008C45","admin_code":"51150","source_layer":"TN_RIVER_BNDRY","semantic":"zone","river_class":"지방하천","river_class_source":"중심선 공간조인","river_name":"왕산천","river_code":"1420030","survey_method":"사진측량"},"geometry":{"type":"Polygon","coordinates":[[[128.78638,37.65332],[128.78645,37.65313],[128.78565,37.65293],[128.78492,37.65252],[128.78335,37.65245],[128.78275,37.65292],[128.78264,37.65455],[128.78217,37.65451],[128.78113,37.65499],[128.77963,37.65538],[128.77902,37.65581],[128.77833,37.65547],[128.77771,37.6554],[128.77732,37.65515],[128.77677,37.65574],[128.77495,37.65529],[128.77331,37.65525],[128.77248,37.65533],[128.77202,37.65566],[128.77256,37.65548],[128.77374,37.65539],[128.7744,37.6555],[128.77491,37.65536],[128.7753,37.65561],[128.77635,37.65567],[128.77679,37.65589],[128.77733,37.65529],[128.77767,37.65553],[128.77826,37.65555],[128.77875,37.65587],[128.77908,37.65589],[128.77995,37.65538],[128.7812,37.65515],[128.78272,37.65465],[128.7829,37.65434],[128.78285,37.65297],[128.78322,37.65258],[128.78489,37.65261],[128.78638,37.65332]]]}},{"type":"Feature","id":"TN_RIVER_BNDRY:WTR01000000008C56","properties":{"NF_ID":"WTR01000000008C56","admin_code":"51150","source_layer":"TN_RIVER_BNDRY","semantic":"zone","river_class":"지방하천","river_class_source":"중심선 공간조인","river_name":"왕산천","river_code":"1420030","survey_method":"사진측량"},"geometry":{"type":"Polygon","coordinates":[[[128.77215,37.65551],[128.77201,37.65546],[128.77192,37.6556],[128.77215,37.65551]]]}},{"type":"Feature","id":"TN_RIVER_BNDRY:WTR01000000008C67","properties":{"NF_ID":"WTR01000000008C67","admin_code":"51150","source_layer":"TN_RIVER_BNDRY","semantic":"zone","river_class":"소하천","river_class_source":"중심선 공간조인","survey_method":"사진측량"},"geometry":{"type":"Polygon","coordinates":[[[128.77202,37.65566],[128.77195,37.65592],[128.77077,37.65641],[128.77199,37.65594],[128.77202,37.65566]]]}},{"type":"Feature","id":"TN_RIVER_BNDRY:WTR01000000008C78","properties":{"NF_ID":"WTR01000000008C78","admin_code":"51150","source_layer":"TN_RIVER_BNDRY","semantic":"zone","river_class":"지방하천","river_class_source":"중심선 공간조인","river_name":"왕산천","river_code":"1420030","survey_method":"사진측량"},"geometry":{"type":"Polygon","coordinates":[[[128.76616,37.65593],[128.76598,37.65598],[128.76599,37.65612],[128.76616,37.65593]]]}},{"type":"Feature","id":"TN_RIVER_BNDRY:WTR01000000008C89","properties":{"NF_ID":"WTR01000000008C89","admin_code":"51150","source_layer":"TN_RIVER_BNDRY","semantic":"zone","river_class":"지방하천","river_class_source":"중심선 공간조인","river_name":"왕산천","river_code":"1420030","survey_method":"사진측량"},"geometry":{"type":"Polygon","coordinates":[[[128.77192,37.6556],[128.77201,37.65546],[128.77177,37.65537],[128.77082,37.65543],[128.76907,37.6551],[128.76873,37.65532],[128.76795,37.65535],[128.76741,37.65575],[128.76678,37.65574],[128.76616,37.65593],[128.7661,37.65612],[128.76751,37.65586],[128.76798,37.6555],[128.76907,37.65535],[128.76913,37.65521],[128.77087,37.6555],[128.77169,37.65542],[128.77192,37.6556]]]}},{"type":"Feature","id":"TN_RIVER_BNDRY:WTR01000000008C9A","properties":{"NF_ID":"WTR01000000008C9A","admin_code":"51150","source_layer":"TN_RIVER_BNDRY","semantic":"zone","river_class":"소하천","river_class_source":"중심선 공간조인","survey_method":"사진측량"},"geometry":{"type":"Polygon","coordinates":[[[128.7661,37.65612],[128.76538,37.65643],[128.76401,37.65644],[128.76366,37.65677],[128.76316,37.65689],[128.76243,37.65773],[128.76171,37.65807],[128.76127,37.65809],[128.76046,37.6584],[128.75989,37.65883],[128.7594,37.65948],[128.75949,37.65958],[128.76028,37.65864],[128.76263,37.6577],[128.76321,37.65693],[128.76368,37.65685],[128.76405,37.6565],[128.76537,37.65652],[128.76599,37.65633],[128.7661,37.65612]]]}},{"type":"Feature","id":"TN_RIVER_BNDRY:WTR01000000008CAB","properties":{"NF_ID":"WTR01000000008CAB","admin_code":"51150","source_layer":"TN_RIVER_BNDRY","semantic":"zone","river_class":"소하천","river_class_source":"중심선 공간조인","survey_method":"사진측량"},"geometry":{"type":"Polygon","coordinates":[[[128.75949,37.65958],[128.7594,37.65948],[128.75942,37.65971],[128.75949,37.65958]]]}},{"type":"Feature","id":"TN_RIVER_BNDRY:WTR01000000008CBC","properties":{"NF_ID":"WTR01000000008CBC","admin_code":"51150","source_layer":"TN_RIVER_BNDRY","semantic":"zone","river_class":"소하천","river_class_source":"중심선 공간조인","survey_method":"사진측량"},"geometry":{"type":"Polygon","coordinates":[[[128.75942,37.65971],[128.75934,37.6596],[128.75921,37.65998],[128.75942,37.65971]]]}},{"type":"Feature","id":"TN_RIVER_BNDRY:WTR01000000008CCD","properties":{"NF_ID":"WTR01000000008CCD","admin_code":"51150","source_layer":"TN_RIVER_BNDRY","semantic":"zone","river_class":"소하천","river_class_source":"중심선 공간조인","survey_method":"사진측량"},"geometry":{"type":"Polygon","coordinates":[[[128.75922,37.65984],[128.75918,37.65987],[128.75912,37.65988],[128.7591,37.65996],[128.75921,37.65998],[128.75922,37.65984]]]}},{"type":"Feature","id":"TN_RIVER_BNDRY:WTR01000000008CDE","properties":{"NF_ID":"WTR01000000008CDE","admin_code":"51150","source_layer":"TN_RIVER_BNDRY","semantic":"zone","river_class":"소하천","river_class_source":"중심선 공간조인","survey_method":"사진측량"},"geometry":{"type":"Polygon","coordinates":[[[128.75921,37.65998],[128.7591,37.65996],[128.75907,37.66004],[128.75907,37.66009],[128.75907,37.66011],[128.75907,37.66017],[128.75904,37.66024],[128.75899,37.66028],[128.75899,37.66029],[128.75899,37.66031],[128.75903,37.66031],[128.75907,37.66028],[128.75913,37.66023],[128.75916,37.66015],[128.75917,37.6601],[128.75919,37.66001],[128.75921,37.65998]]]}},{"type":"Feature","id":"TN_RIVER_BNDRY:WTR01000000008CEF","properties":{"NF_ID":"WTR01000000008CEF","admin_code":"51150","source_layer":"TN_RIVER_BNDRY","semantic":"zone","river_class":"소하천","river_class_source":"중심선 공간조인","survey_method":"사진측량"},"geometry":{"type":"Polygon","coordinates":[[[128.75971,37.66019],[128.75949,37.65958],[128.75956,37.66028],[128.75971,37.66019]]]}},{"type":"Feature","id":"TN_RIVER_BNDRY:WTR01000000008CFG","properties":{"NF_ID":"WTR01000000008CFG","admin_code":"51150","source_layer":"TN_RIVER_BNDRY","semantic":"zone","river_class":"소하천","river_class_source":"중심선 공간조인","survey_method":"사진측량"},"geometry":{"type":"Polygon","coordinates":[[[128.75966,37.66038],[128.75956,37.66028],[128.7592,37.66071],[128.75966,37.66038]]]}},{"type":"Feature","id":"TN_RIVER_BNDRY:WTR01000000008CGH","properties":{"NF_ID":"WTR01000000008CGH","admin_code":"51150","source_layer":"TN_RIVER_BNDRY","semantic":"zone","river_class":"소하천","river_class_source":"중심선 공간조인","survey_method":"사진측량"},"geometry":{"type":"Polygon","coordinates":[[[128.75984,37.6603],[128.75971,37.66019],[128.75956,37.66028],[128.75966,37.66038],[128.75984,37.6603]]]}},{"type":"Feature","id":"TN_RIVER_BNDRY:WTR01000000008CHI","properties":{"NF_ID":"WTR01000000008CHI","admin_code":"51150","source_layer":"TN_RIVER_BNDRY","semantic":"zone","river_class":"소하천","river_class_source":"중심선 공간조인","survey_method":"사진측량"},"geometry":{"type":"Polygon","coordinates":[[[128.80875,37.65292],[128.80823,37.65374],[128.80824,37.65544],[128.80793,37.65603],[128.80747,37.65633],[128.8066,37.65635],[128.80636,37.65649],[128.80571,37.6572],[128.80574,37.65815],[128.8054,37.65851],[128.80412,37.6587],[128.80374,37.6589],[128.80345,37.66053],[128.80108,37.66122],[128.7994,37.66263],[128.79884,37.66336],[128.79843,37.66461],[128.79704,37.66564],[128.7968,37.66598],[128.79666,37.66672],[128.79626,37.66721],[128.79488,37.66796],[128.79494,37.6681],[128.79591,37.66764],[128.79675,37.66679],[128.79712,37.66574],[128.79857,37.66462],[128.79872,37.66392],[128.7997,37.66254],[128.80115,37.66129],[128.80351,37.66062],[128.80378,37.66021],[128.8039,37.65898],[128.80566,37.65851],[128.80587,37.65813],[128.80576,37.65733],[128.8065,37.65648],[128.80753,37.6564],[128.80802,37.65611],[128.80834,37.65542],[128.80833,37.65369],[128.80875,37.65292]]]}},{"type":"Feature","id":"TN_RIVER_BNDRY:WTR01000000008CIJ","properties":{"NF_ID":"WTR01000000008CIJ","admin_code":"51150","source_layer":"TN_RIVER_BNDRY","semantic":"zone","river_class":"소하천","river_class_source":"중심선 공간조인","survey_method":"사진측량"},"geometry":{"type":"Polygon","coordinates":[[[128.80141,37.67343],[128.79961,37.67445],[128.79957,37.67468],[128.79898,37.67501],[128.79879,37.67583],[128.79744,37.67656],[128.79628,37.67667],[128.79523,37.67614],[128.79382,37.67614],[128.7952,37.67618],[128.79622,37.67671],[128.79745,37.6766],[128.79884,37.67589],[128.79906,37.67505],[128.79964,37.67472],[128.79967,37.67448],[128.80107,37.67381],[128.80141,37.67343]]]}},{"type":"Feature","id":"TN_RIVER_BNDRY:WTR01000000008CJK","properties":{"NF_ID":"WTR01000000008CJK","admin_code":"51150","source_layer":"TN_RIVER_BNDRY","semantic":"zone","river_class":"지방하천","river_class_source":"중심선 공간조인","river_name":"왕산천","river_code":"1420030","survey_method":"사진측량"},"geometry":{"type":"Polygon","coordinates":[[[128.80152,37.67323],[128.80026,37.6727],[128.79839,37.67099],[128.79592,37.67023],[128.79494,37.6681],[128.79469,37.66821],[128.79533,37.66993],[128.79567,37.67024],[128.79673,37.67081],[128.79826,37.67113],[128.79897,37.67196],[128.80012,37.6728],[128.80134,37.67338],[128.80152,37.67323]]]}},{"type":"Feature","id":"TN_RIVER_BNDRY:WTR01000000008CKL","properties":{"NF_ID":"WTR01000000008CKL","admin_code":"51150","source_layer":"TN_RIVER_BNDRY","semantic":"zone","river_class":"지방하천","river_class_source":"중심선 공간조인","river_name":"왕산천","river_code":"1420030","survey_method":"사진측량"},"geometry":{"type":"Polygon","coordinates":[[[128.79494,37.6681],[128.79488,37.66796],[128.79465,37.66805],[128.79469,37.66821],[128.79494,37.6681]]]}},{"type":"Feature","id":"TN_RIVER_BNDRY:WTR01000000008CLM","properties":{"NF_ID":"WTR01000000008CLM","admin_code":"51150","source_layer":"TN_RIVER_BNDRY","semantic":"zone","river_class":"소하천","river_class_source":"중심선 공간조인","survey_method":"사진측량"},"geometry":{"type":"Polygon","coordinates":[[[128.79259,37.6614],[128.79254,37.6613],[128.79228,37.66148],[128.79159,37.66211],[128.79077,37.66223],[128.78978,37.66216],[128.78889,37.66189],[128.78839,37.6621],[128.78817,37.6624],[128.78855,37.66204],[128.78894,37.66193],[128.78983,37.66221],[128.79081,37.66227],[128.79163,37.66214],[128.79259,37.6614]]]}},{"type":"Feature","id":"TN_RIVER_BNDRY:WTR01000000008CMN","properties":{"NF_ID":"WTR01000000008CMN","admin_code":"51150","source_layer":"TN_RIVER_BNDRY","semantic":"zone","river_class":"지방하천","river_class_source":"중심선 공간조인","river_name":"왕산천","river_code":"1420030","survey_method":"사진측량"},"geometry":{"type":"Polygon","coordinates":[[[128.79262,37.66123],[128.79141,37.65928],[128.78979,37.65811],[128.78861,37.6566],[128.78749,37.65618],[128.78756,37.65577],[128.78716,37.65438],[128.78694,37.65448],[128.78709,37.65573],[128.78737,37.65618],[128.7883,37.6565],[128.78861,37.65676],[128.7896,37.65843],[128.79128,37.65929],[128.79254,37.6613],[128.79262,37.66123]]]}},{"type":"Feature","id":"TN_RIVER_BNDRY:WTR01000000008CNO","properties":{"NF_ID":"WTR01000000008CNO","admin_code":"51150","source_layer":"TN_RIVER_BNDRY","semantic":"zone","river_class":"지방하천","river_class_source":"중심선 공간조인","river_name":"왕산천","river_code":"1420030","survey_method":"사진측량"},"geometry":{"type":"Polygon","coordinates":[[[128.78716,37.65438],[128.7871,37.65425],[128.78688,37.65432],[128.78694,37.65448],[128.78716,37.65438]]]}},{"type":"Feature","id":"TN_RIVER_BNDRY:WTR01000000008COP","properties":{"NF_ID":"WTR01000000008COP","admin_code":"51150","source_layer":"TN_RIVER_BNDRY","semantic":"zone","river_class":"지방하천","river_class_source":"중심선 공간조인","river_name":"왕산천","river_code":"1420030","survey_method":"사진측량"},"geometry":{"type":"Polygon","coordinates":[[[128.7871,37.65425],[128.78672,37.65321],[128.78657,37.65361],[128.78688,37.65432],[128.7871,37.65425]]]}},{"type":"Feature","id":"TN_RIVER_BNDRY:WTR01000000008CPQ","properties":{"NF_ID":"WTR01000000008CPQ","admin_code":"51150","source_layer":"TN_RIVER_BNDRY","semantic":"zone","river_class":"지방하천","river_class_source":"중심선 공간조인","river_name":"왕산천","river_code":"1420030","survey_method":"사진측량"},"geometry":{"type":"Polygon","coordinates":[[[128.78672,37.65321],[128.78645,37.65313],[128.78638,37.65332],[128.78654,37.6535],[128.78672,37.65321]]]}},{"type":"Feature","id":"TN_RIVER_BNDRY:WTR01000000008CQR","properties":{"NF_ID":"WTR01000000008CQR","admin_code":"51150","source_layer":"TN_RIVER_BNDRY","semantic":"zone","river_class":"지방하천","river_class_source":"중심선 공간조인","river_name":"왕산천","river_code":"1420030","survey_method":"사진측량"},"geometry":{"type":"Polygon","coordinates":[[[128.79265,37.66132],[128.79264,37.6613],[128.79264,37.66126],[128.79262,37.66123],[128.79254,37.6613],[128.79259,37.6614],[128.79265,37.66132]]]}},{"type":"Feature","id":"TN_RIVER_BNDRY:WTR01000000008CRS","properties":{"NF_ID":"WTR01000000008CRS","admin_code":"51150","source_layer":"TN_RIVER_BNDRY","semantic":"zone","river_class":"지방하천","river_class_source":"중심선 공간조인","river_name":"왕산천","river_code":"1420030","survey_method":"사진측량"},"geometry":{"type":"Polygon","coordinates":[[[128.79488,37.66796],[128.79449,37.66724],[128.79436,37.66624],[128.79397,37.66551],[128.7938,37.66529],[128.79314,37.6653],[128.79299,37.66517],[128.793,37.66474],[128.79336,37.66395],[128.79336,37.66299],[128.79265,37.66132],[128.793,37.66228],[128.79316,37.66343],[128.79279,37.66455],[128.79279,37.66514],[128.79306,37.66546],[128.79394,37.66589],[128.79443,37.66758],[128.79465,37.66805],[128.79488,37.66796]]]}},{"type":"Feature","id":"TN_RIVER_BNDRY:WTR01000000008CST","properties":{"NF_ID":"WTR01000000008CST","admin_code":"51150","source_layer":"TN_RIVER_BNDRY","semantic":"zone","river_class":"지방하천","river_class_source":"중심선 공간조인","river_name":"왕산천","river_code":"1420030","survey_method":"사진측량"},"geometry":{"type":"Polygon","coordinates":[[[128.80826,37.69051],[128.8078,37.6898],[128.80774,37.68879],[128.80823,37.68817],[128.80811,37.68802],[128.80827,37.68771],[128.80862,37.6874],[128.80908,37.68725],[128.80914,37.68678],[128.80842,37.68617],[128.80643,37.68551],[128.80517,37.68443],[128.80465,37.68352],[128.80478,37.68307],[128.8053,37.68243],[128.80615,37.6821],[128.80732,37.68213],[128.80755,37.68201],[128.80756,37.68179],[128.80691,37.68103],[128.80755,37.67994],[128.80745,37.6794],[128.80617,37.67865],[128.8048,37.67824],[128.8038,37.67718],[128.8029,37.67655],[128.80305,37.67504],[128.80295,37.67436],[128.80265,37.67385],[128.80166,37.67329],[128.80141,37.67343],[128.80243,37.67413],[128.80277,37.67477],[128.80259,37.67613],[128.80272,37.67657],[128.80369,37.67733],[128.80454,37.67841],[128.80608,37.6788],[128.80675,37.67915],[128.80714,37.67959],[128.80654,37.68114],[128.80669,37.6815],[128.80717,37.68168],[128.8073,37.68191],[128.80616,37.68195],[128.80517,37.68229],[128.80448,37.68329],[128.80444,37.68361],[128.80484,37.68452],[128.8056,37.6853],[128.80845,37.6864],[128.80855,37.68706],[128.80727,37.68887],[128.80728,37.69011],[128.80801,37.69062],[128.80826,37.69051]]]}},{"type":"Feature","id":"TN_RIVER_BNDRY:WTR01000000008CTU","properties":{"NF_ID":"WTR01000000008CTU","admin_code":"51150","source_layer":"TN_RIVER_BNDRY","semantic":"zone","river_class":"소하천","river_class_source":"중심선 공간조인","survey_method":"사진측량"},"geometry":{"type":"Polygon","coordinates":[[[128.80876,37.65278],[128.80875,37.65292],[128.80965,37.65278],[128.80876,37.65278]]]}},{"type":"Feature","id":"TN_RIVER_BNDRY:WTR01000000008CUV","properties":{"NF_ID":"WTR01000000008CUV","admin_code":"51150","source_layer":"TN_RIVER_BNDRY","semantic":"zone","river_class":"소하천","river_class_source":"중심선 공간조인","survey_method":"사진측량"},"geometry":{"type":"Polygon","coordinates":[[[128.80875,37.65292],[128.80876,37.65278],[128.80866,37.65278],[128.80866,37.65283],[128.80866,37.65285],[128.80865,37.65288],[128.80865,37.6529],[128.80864,37.65293],[128.80875,37.65292]]]}},{"type":"Feature","id":"TN_RIVER_BNDRY:WTR01000000008CVW","properties":{"NF_ID":"WTR01000000008CVW","admin_code":"51150","source_layer":"TN_RIVER_BNDRY","semantic":"zone","river_class":"지방하천","river_class_source":"중심선 공간조인","river_name":"왕산천","river_code":"1420030","survey_method":"사진측량"},"geometry":{"type":"Polygon","coordinates":[[[128.80166,37.67329],[128.80152,37.67323],[128.80134,37.67338],[128.80166,37.67329]]]}},{"type":"Feature","id":"TN_RIVER_BNDRY:WTR01000000008CWX","properties":{"NF_ID":"WTR01000000008CWX","admin_code":"51150","source_layer":"TN_RIVER_BNDRY","semantic":"zone","river_class":"지방하천","river_class_source":"중심선 공간조인","river_name":"도마천","river_code":"1420020","survey_method":"사진측량"},"geometry":{"type":"Polygon","coordinates":[[[128.8484,37.65795],[128.84816,37.65768],[128.8461,37.66026],[128.84659,37.6607],[128.8481,37.65866],[128.8484,37.65795]]]}},{"type":"Feature","id":"TN_RIVER_BNDRY:WTR01000000008CXY","properties":{"NF_ID":"WTR01000000008CXY","admin_code":"51150","source_layer":"TN_RIVER_BNDRY","semantic":"zone","river_class":"지방하천","river_class_source":"중심선 공간조인","river_name":"도마천","river_code":"1420020","survey_method":"사진측량"},"geometry":{"type":"Polygon","coordinates":[[[128.84648,37.66076],[128.84586,37.66053],[128.84439,37.66247],[128.84376,37.66473],[128.84116,37.66806],[128.84041,37.66887],[128.84025,37.66882],[128.83998,37.66907],[128.83919,37.67057],[128.84008,37.67088],[128.84159,37.66887],[128.84137,37.66871],[128.84097,37.66889],[128.84132,37.66867],[128.84167,37.66871],[128.84249,37.66772],[128.8433,37.66709],[128.84403,37.66591],[128.84525,37.66272],[128.84648,37.66076]]]}},{"type":"Feature","id":"TN_RIVER_BNDRY:WTR01000000008CYZ","properties":{"NF_ID":"WTR01000000008CYZ","admin_code":"51150","source_layer":"TN_RIVER_BNDRY","semantic":"zone","river_class":"소하천","river_class_source":"중심선 공간조인","survey_method":"사진측량"},"geometry":{"type":"Polygon","coordinates":[[[128.84355,37.66927],[128.84408,37.66916],[128.84493,37.66828],[128.84546,37.668],[128.84596,37.66806],[128.84689,37.66779],[128.84719,37.66807],[128.84807,37.66808],[128.84838,37.66831],[128.84815,37.66805],[128.84721,37.66801],[128.84685,37.66766],[128.84598,37.668],[128.84537,37.66799],[128.84378,37.66921],[128.8424,37.66926],[128.84165,37.66894],[128.84233,37.66931],[128.84355,37.66927]]]}},{"type":"Feature","id":"TN_RIVER_BNDRY:WTR01000000008CZ0","properties":{"NF_ID":"WTR01000000008CZ0","admin_code":"51150","source_layer":"TN_RIVER_BNDRY","semantic":"zone","river_class":"지방하천","river_class_source":"중심선 공간조인","river_name":"도마천","river_code":"1420020","survey_method":"사진측량"},"geometry":{"type":"Polygon","coordinates":[[[128.85363,37.65521],[128.85303,37.65453],[128.85088,37.656],[128.84917,37.65666],[128.84823,37.65762],[128.84851,37.65779],[128.84964,37.65693],[128.85071,37.65648],[128.85174,37.65555],[128.85249,37.65551],[128.85363,37.65521]]]}},{"type":"Feature","id":"TN_RIVER_BNDRY:WTR01000000008D02","properties":{"NF_ID":"WTR01000000008D02","admin_code":"51150","source_layer":"TN_RIVER_BNDRY","semantic":"zone","river_class":"지방하천","river_class_source":"중심선 공간조인","river_name":"도마천","river_code":"1420020","survey_method":"사진측량"},"geometry":{"type":"Polygon","coordinates":[[[128.83928,37.67411],[128.83827,37.67386],[128.83803,37.67452],[128.83691,37.67621],[128.8357,37.67698],[128.83561,37.67807],[128.83644,37.67776],[128.83739,37.67703],[128.83928,37.67411]]]}},{"type":"Feature","id":"TN_RIVER_BNDRY:WTR01000000008D13","properties":{"NF_ID":"WTR01000000008D13","admin_code":"51150","source_layer":"TN_RIVER_BNDRY","semantic":"zone","river_class":"소하천","river_class_source":"중심선 공간조인","survey_method":"사진측량"},"geometry":{"type":"Polygon","coordinates":[[[128.84659,37.6607],[128.84648,37.66076],[128.84682,37.66092],[128.84879,37.66156],[128.84907,37.66147],[128.84935,37.66105],[128.84963,37.66101],[128.84998,37.66132],[128.85062,37.66144],[128.85128,37.6619],[128.8521,37.6618],[128.85287,37.66217],[128.85349,37.66228],[128.85393,37.66191],[128.8544,37.66188],[128.85474,37.6623],[128.85536,37.66256],[128.85569,37.66252],[128.85475,37.66225],[128.85447,37.66185],[128.85388,37.66187],[128.85337,37.66217],[128.85211,37.66176],[128.85123,37.66183],[128.85063,37.66135],[128.85007,37.66128],[128.84969,37.66094],[128.84928,37.661],[128.84878,37.66147],[128.84659,37.6607]]]}},{"type":"Feature","id":"TN_RIVER_BNDRY:WTR01000000008D24","properties":{"NF_ID":"WTR01000000008D24","admin_code":"51150","source_layer":"TN_RIVER_BNDRY","semantic":"zone","river_class":"소하천","river_class_source":"중심선 공간조인","survey_method":"사진측량"},"geometry":{"type":"Polygon","coordinates":[[[128.84066,37.67335],[128.84061,37.67331],[128.8405,37.67339],[128.84033,37.67353],[128.84012,37.67362],[128.84001,37.67367],[128.83992,37.67372],[128.83977,37.67382],[128.83963,37.67388],[128.83946,37.67396],[128.83941,37.67399],[128.83938,37.67403],[128.83937,37.67405],[128.83935,37.67406],[128.83933,37.67406],[128.83931,37.67407],[128.83928,37.67411],[128.83932,37.67411],[128.83935,37.6741],[128.83942,37.67407],[128.83948,37.67401],[128.83952,37.67398],[128.83956,37.67396],[128.83974,37.67389],[128.83981,37.67386],[128.83997,37.67374],[128.83999,37.67372],[128.84033,37.67359],[128.84041,37.67355],[128.84045,37.67352],[128.84061,37.67337],[128.84063,37.67335],[128.84066,37.67335]]]}},{"type":"Feature","id":"TN_RIVER_BNDRY:WTR01000000008D35","properties":{"NF_ID":"WTR01000000008D35","admin_code":"51150","source_layer":"TN_RIVER_BNDRY","semantic":"zone","river_class":"지방하천","river_class_source":"중심선 공간조인","river_name":"도마천","river_code":"1420020","survey_method":"사진측량"},"geometry":{"type":"Polygon","coordinates":[[[128.83931,37.67407],[128.83833,37.67356],[128.83827,37.67385],[128.83931,37.67407]]]}},{"type":"Feature","id":"TN_RIVER_BNDRY:WTR01000000008D46","properties":{"NF_ID":"WTR01000000008D46","admin_code":"51150","source_layer":"TN_RIVER_BNDRY","semantic":"zone","river_class":"지방하천","river_class_source":"중심선 공간조인","river_name":"도마천","river_code":"1420020","survey_method":"사진측량"},"geometry":{"type":"Polygon","coordinates":[[[128.83987,37.67119],[128.83918,37.67087],[128.83833,37.67356],[128.83931,37.67407],[128.83911,37.67291],[128.83943,37.67189],[128.83987,37.67119]]]}},{"type":"Feature","id":"TN_RIVER_BNDRY:WTR01000000008D57","properties":{"NF_ID":"WTR01000000008D57","admin_code":"51150","source_layer":"TN_RIVER_BNDRY","semantic":"zone","river_class":"지방하천","river_class_source":"중심선 공간조인","river_name":"도마천","river_code":"1420020","survey_method":"사진측량"},"geometry":{"type":"Polygon","coordinates":[[[128.84008,37.67088],[128.83919,37.67057],[128.83918,37.67087],[128.83987,37.67119],[128.84008,37.67088]]]}},{"type":"Feature","id":"TN_RIVER_BNDRY:WTR01000000008D68","properties":{"NF_ID":"WTR01000000008D68","admin_code":"51150","source_layer":"TN_RIVER_BNDRY","semantic":"zone","river_class":"소하천","river_class_source":"중심선 공간조인","survey_method":"사진측량"},"geometry":{"type":"Polygon","coordinates":[[[128.82853,37.65868],[128.82754,37.65819],[128.82829,37.65867],[128.82853,37.65868]]]}},{"type":"Feature","id":"TN_RIVER_BNDRY:WTR01000000008D79","properties":{"NF_ID":"WTR01000000008D79","admin_code":"51150","source_layer":"TN_RIVER_BNDRY","semantic":"zone","river_class":"소하천","river_class_source":"중심선 공간조인","survey_method":"사진측량"},"geometry":{"type":"Polygon","coordinates":[[[128.82871,37.65863],[128.82859,37.65875],[128.82876,37.65875],[128.82871,37.65863]]]}},{"type":"Feature","id":"TN_RIVER_BNDRY:WTR01000000008D8A","properties":{"NF_ID":"WTR01000000008D8A","admin_code":"51150","source_layer":"TN_RIVER_BNDRY","semantic":"zone","river_class":"지방하천","river_class_source":"중심선 공간조인","river_name":"도마천","river_code":"1420020","survey_method":"사진측량"},"geometry":{"type":"Polygon","coordinates":[[[128.84851,37.65779],[128.84816,37.65768],[128.8484,37.65795],[128.84851,37.65779]]]}},{"type":"Feature","id":"TN_RIVER_BNDRY:WTR01000000008D9B","properties":{"NF_ID":"WTR01000000008D9B","admin_code":"51150","source_layer":"TN_RIVER_BNDRY","semantic":"zone","river_class":"소하천","river_class_source":"중심선 공간조인","survey_method":"사진측량"},"geometry":{"type":"Polygon","coordinates":[[[128.8407,37.67332],[128.84111,37.67361],[128.84207,37.67341],[128.84427,37.67384],[128.84295,37.67337],[128.84206,37.67335],[128.84112,37.67356],[128.8407,37.67332]]]}},{"type":"Feature","id":"TN_RIVER_BNDRY:WTR01000000008DAC","properties":{"NF_ID":"WTR01000000008DAC","admin_code":"51150","source_layer":"TN_RIVER_BNDRY","semantic":"zone","river_class":"소하천","river_class_source":"중심선 공간조인","survey_method":"사진측량"},"geometry":{"type":"Polygon","coordinates":[[[128.84066,37.67327],[128.84139,37.67247],[128.84157,37.67144],[128.84205,37.67121],[128.84293,37.67111],[128.84466,37.67163],[128.84566,37.67178],[128.84604,37.67199],[128.84882,37.67206],[128.84978,37.67277],[128.85099,37.67311],[128.85182,37.67302],[128.85107,37.67307],[128.84982,37.67273],[128.84885,37.67201],[128.84802,37.67207],[128.84622,37.67189],[128.84287,37.67107],[128.84156,37.67137],[128.84125,37.67169],[128.84139,37.67188],[128.8413,37.67247],[128.84066,37.67327]]]}},{"type":"Feature","id":"TN_RIVER_BNDRY:WTR01000000008DBD","properties":{"NF_ID":"WTR01000000008DBD","admin_code":"51150","source_layer":"TN_RIVER_BNDRY","semantic":"zone","river_class":"소하천","river_class_source":"중심선 공간조인","survey_method":"사진측량"},"geometry":{"type":"Polygon","coordinates":[[[128.8407,37.67332],[128.84066,37.67327],[128.84062,37.6733],[128.84061,37.67331],[128.84066,37.67335],[128.8407,37.67332]]]}},{"type":"Feature","id":"TN_RIVER_BNDRY:WTR01000000008DCE","properties":{"NF_ID":"WTR01000000008DCE","admin_code":"51150","source_layer":"TN_RIVER_BNDRY","semantic":"zone","river_class":"지방하천","river_class_source":"중심선 공간조인","river_name":"도마천","river_code":"1420020","survey_method":"사진측량"},"geometry":{"type":"Polygon","coordinates":[[[128.84659,37.6607],[128.8461,37.66026],[128.84586,37.66053],[128.84659,37.6607]]]}},{"type":"Feature","id":"TN_RIVER_BNDRY:WTR01000000008DDF","properties":{"NF_ID":"WTR01000000008DDF","admin_code":"51150","source_layer":"TN_RIVER_BNDRY","semantic":"zone","river_class":"소하천","river_class_source":"중심선 공간조인","survey_method":"사진측량"},"geometry":{"type":"Polygon","coordinates":[[[128.84823,37.65762],[128.84763,37.65695],[128.84769,37.65655],[128.8469,37.65623],[128.84609,37.65629],[128.84537,37.65607],[128.84504,37.65479],[128.84528,37.65611],[128.84596,37.65634],[128.84676,37.65626],[128.84761,37.65658],[128.84756,37.65699],[128.84823,37.65762]]]}},{"type":"Feature","id":"TN_RIVER_BNDRY:WTR01000000008DEG","properties":{"NF_ID":"WTR01000000008DEG","admin_code":"51150","source_layer":"TN_RIVER_BNDRY","semantic":"zone","river_class":"소하천","river_class_source":"중심선 공간조인","survey_method":"사진측량"},"geometry":{"type":"Polygon","coordinates":[[[128.8538,37.65513],[128.85364,37.65523],[128.85425,37.65636],[128.85521,37.65668],[128.85613,37.65673],[128.85636,37.65703],[128.85786,37.65739],[128.8579,37.65815],[128.85806,37.65835],[128.85959,37.65888],[128.85806,37.65827],[128.85788,37.65732],[128.85678,37.65708],[128.85596,37.65661],[128.85444,37.65636],[128.8538,37.65513]]]}},{"type":"Feature","id":"TN_RIVER_BNDRY:WTR01000000008DFH","properties":{"NF_ID":"WTR01000000008DFH","admin_code":"51150","source_layer":"TN_RIVER_BNDRY","semantic":"zone","river_class":"소하천","river_class_source":"중심선 공간조인","survey_method":"사진측량"},"geometry":{"type":"Polygon","coordinates":[[[128.85545,37.65131],[128.85655,37.65111],[128.8569,37.65089],[128.85545,37.65131]]]}},{"type":"Feature","id":"TN_RIVER_BNDRY:WTR01000000008DGI","properties":{"NF_ID":"WTR01000000008DGI","admin_code":"51150","source_layer":"TN_RIVER_BNDRY","semantic":"zone","river_class":"지방하천","river_class_source":"중심선 공간조인","river_name":"도마천","river_code":"1420020","survey_method":"사진측량"},"geometry":{"type":"Polygon","coordinates":[[[128.8538,37.65513],[128.85366,37.65443],[128.85325,37.65434],[128.85303,37.65453],[128.85363,37.65521],[128.8538,37.65513]]]}},{"type":"Feature","id":"TN_RIVER_BNDRY:WTR01000000008DHJ","properties":{"NF_ID":"WTR01000000008DHJ","admin_code":"51150","source_layer":"TN_RIVER_BNDRY","semantic":"zone","river_class":"지방하천","river_class_source":"중심선 공간조인","river_name":"도마천","river_code":"1420020","survey_method":"사진측량"},"geometry":{"type":"Polygon","coordinates":[[[128.85547,37.65135],[128.85495,37.65163],[128.85465,37.65371],[128.85409,37.65434],[128.85366,37.65443],[128.8538,37.65513],[128.85468,37.65441],[128.85585,37.65274],[128.85581,37.65185],[128.85547,37.65135]]]}},{"type":"Feature","id":"TN_RIVER_BNDRY:WTR01000000008DIK","properties":{"NF_ID":"WTR01000000008DIK","admin_code":"51150","source_layer":"TN_RIVER_BNDRY","semantic":"zone","river_class":"지방하천","river_class_source":"중심선 공간조인","river_name":"도마천","river_code":"1420020","survey_method":"사진측량"},"geometry":{"type":"Polygon","coordinates":[[[128.85547,37.65135],[128.85494,37.65142],[128.85495,37.65163],[128.85547,37.65135]]]}},{"type":"Feature","id":"TN_RIVER_BNDRY:WTR01000000008DJL","properties":{"NF_ID":"WTR01000000008DJL","admin_code":"51150","source_layer":"TN_RIVER_BNDRY","semantic":"zone","river_class":"지방하천","river_class_source":"중심선 공간조인","river_name":"도마천","river_code":"1420020","survey_method":"사진측량"},"geometry":{"type":"Polygon","coordinates":[[[128.82637,37.68211],[128.82573,37.68172],[128.8254,37.68278],[128.82533,37.6838],[128.82479,37.68508],[128.82416,37.68593],[128.82343,37.68627],[128.82412,37.68737],[128.82496,37.68658],[128.82567,37.68554],[128.82604,37.6826],[128.82637,37.68211]]]}},{"type":"Feature","id":"TN_RIVER_BNDRY:WTR01000000008DKM","properties":{"NF_ID":"WTR01000000008DKM","admin_code":"51150","source_layer":"TN_RIVER_BNDRY","semantic":"zone","river_class":"지방하천","river_class_source":"중심선 공간조인","river_name":"도마천","river_code":"1420020","survey_method":"사진측량"},"geometry":{"type":"Polygon","coordinates":[[[128.83545,37.67808],[128.8353,37.67708],[128.83418,37.67712],[128.83254,37.67796],[128.82946,37.67903],[128.8307,37.67967],[128.83237,37.67856],[128.83415,37.67814],[128.83545,37.67808]]]}},{"type":"Feature","id":"TN_RIVER_BNDRY:WTR01000000008DLN","properties":{"NF_ID":"WTR01000000008DLN","admin_code":"51150","source_layer":"TN_RIVER_BNDRY","semantic":"zone","river_class":"소하천","river_class_source":"중심선 공간조인","survey_method":"사진측량"},"geometry":{"type":"Polygon","coordinates":[[[128.83561,37.67807],[128.83453,37.67894],[128.83437,37.6788],[128.83277,37.67909],[128.82987,37.67996],[128.83286,37.67917],[128.83384,37.67919],[128.83453,37.679],[128.83561,37.67807]]]}},{"type":"Feature","id":"TN_RIVER_BNDRY:WTR01000000008DMO","properties":{"NF_ID":"WTR01000000008DMO","admin_code":"51150","source_layer":"TN_RIVER_BNDRY","semantic":"zone","river_class":"지방하천","river_class_source":"중심선 공간조인","river_name":"도마천","river_code":"1420020","survey_method":"사진측량"},"geometry":{"type":"Polygon","coordinates":[[[128.83561,37.67807],[128.8357,37.67698],[128.8353,37.67708],[128.83545,37.67808],[128.83561,37.67807]]]}},{"type":"Feature","id":"TN_RIVER_BNDRY:WTR01000000008DNP","properties":{"NF_ID":"WTR01000000008DNP","admin_code":"51150","source_layer":"TN_RIVER_BNDRY","semantic":"zone","river_class":"지방하천","river_class_source":"중심선 공간조인","river_name":"도마천","river_code":"1420020","survey_method":"사진측량"},"geometry":{"type":"Polygon","coordinates":[[[128.82987,37.67996],[128.82846,37.67932],[128.82776,37.67955],[128.82719,37.67994],[128.82588,37.68154],[128.82656,37.68175],[128.82737,37.68063],[128.82849,37.68015],[128.82987,37.67996]]]}},{"type":"Feature","id":"TN_RIVER_BNDRY:WTR01000000008DOQ","properties":{"NF_ID":"WTR01000000008DOQ","admin_code":"51150","source_layer":"TN_RIVER_BNDRY","semantic":"zone","river_class":"지방하천","river_class_source":"중심선 공간조인","river_name":"도마천","river_code":"1420020","survey_method":"사진측량"},"geometry":{"type":"Polygon","coordinates":[[[128.8307,37.67967],[128.82946,37.67903],[128.82846,37.67932],[128.82987,37.67996],[128.8307,37.67967]]]}},{"type":"Feature","id":"TN_RIVER_BNDRY:WTR01000000008DPR","properties":{"NF_ID":"WTR01000000008DPR","admin_code":"51150","source_layer":"TN_RIVER_BNDRY","semantic":"zone","river_class":"지방하천","river_class_source":"중심선 공간조인","river_name":"도마천","river_code":"1420020","survey_method":"사진측량"},"geometry":{"type":"Polygon","coordinates":[[[128.82656,37.68175],[128.82588,37.68154],[128.82579,37.68168],[128.82637,37.68211],[128.82656,37.68175]]]}},{"type":"Feature","id":"TN_RIVER_BNDRY:WTR01000000008DQS","properties":{"NF_ID":"WTR01000000008DQS","admin_code":"51150","source_layer":"TN_RIVER_BNDRY","semantic":"zone","river_class":"소하천","river_class_source":"중심선 공간조인","survey_method":"사진측량"},"geometry":{"type":"Polygon","coordinates":[[[128.87396,37.69563],[128.87361,37.69543],[128.87388,37.69572],[128.87396,37.69563]]]}},{"type":"Feature","id":"TN_RIVER_BNDRY:WTR01000000008DRT","properties":{"NF_ID":"WTR01000000008DRT","admin_code":"51150","source_layer":"TN_RIVER_BNDRY","semantic":"zone","river_class":"소하천","river_class_source":"중심선 공간조인","survey_method":"사진측량"},"geometry":{"type":"Polygon","coordinates":[[[128.7952,37.72181],[128.79462,37.72183],[128.79315,37.72259],[128.79217,37.72256],[128.79152,37.7228],[128.79084,37.72395],[128.79071,37.72461],[128.78962,37.725],[128.78974,37.72547],[128.78957,37.72591],[128.7892,37.72627],[128.78859,37.72646],[128.78899,37.7265],[128.78962,37.72612],[128.78984,37.72552],[128.78969,37.72506],[128.79078,37.72464],[128.7916,37.72286],[128.79224,37.72263],[128.79325,37.72268],[128.79453,37.72197],[128.7952,37.72181]]]}},{"type":"Feature","id":"TN_RIVER_BNDRY:WTR01000000008DSU","properties":{"NF_ID":"WTR01000000008DSU","admin_code":"51150","source_layer":"TN_RIVER_BNDRY","semantic":"zone","river_class":"소하천","river_class_source":"중심선 공간조인","survey_method":"사진측량"},"geometry":{"type":"Polygon","coordinates":[[[128.8016,37.71548],[128.80152,37.7154],[128.80136,37.71557],[128.80125,37.71602],[128.8005,37.71638],[128.80033,37.71659],[128.80039,37.71687],[128.80015,37.71695],[128.79807,37.71657],[128.79703,37.71674],[128.79643,37.71616],[128.79246,37.71591],[128.79315,37.71612],[128.79429,37.71606],[128.79503,37.71625],[128.79641,37.71625],[128.79698,37.71687],[128.7981,37.71666],[128.80023,37.71703],[128.8005,37.71691],[128.80051,37.71657],[128.80135,37.71607],[128.8016,37.71548]]]}},{"type":"Feature","id":"TN_RIVER_BNDRY:WTR01000000008DTV","properties":{"NF_ID":"WTR01000000008DTV","admin_code":"51150","source_layer":"TN_RIVER_BNDRY","semantic":"zone","river_class":"소하천","river_class_source":"중심선 공간조인","survey_method":"사진측량"},"geometry":{"type":"Polygon","coordinates":[[[128.80605,37.71583],[128.80593,37.71577],[128.80559,37.71668],[128.8051,37.71679],[128.80449,37.71671],[128.80314,37.71777],[128.80315,37.7183],[128.80284,37.71891],[128.80361,37.7197],[128.80374,37.71996],[128.80358,37.72019],[128.80124,37.7202],[128.79992,37.71979],[128.79922,37.71994],[128.79841,37.71922],[128.79738,37.71904],[128.79667,37.7199],[128.79554,37.72059],[128.79521,37.72168],[128.79531,37.72176],[128.79549,37.72151],[128.79566,37.72063],[128.79673,37.71995],[128.79752,37.71914],[128.7983,37.7193],[128.79924,37.72003],[128.79988,37.71994],[128.80115,37.72028],[128.80369,37.72027],[128.80387,37.71996],[128.80299,37.71891],[128.80333,37.71824],[128.80333,37.71776],[128.80439,37.71688],[128.80562,37.71674],[128.80605,37.71583]]]}},{"type":"Feature","id":"TN_RIVER_BNDRY:WTR01000000008DUW","properties":{"NF_ID":"WTR01000000008DUW","admin_code":"51150","source_layer":"TN_RIVER_BNDRY","semantic":"zone","river_class":"소하천","river_class_source":"중심선 공간조인","survey_method":"사진측량"},"geometry":{"type":"Polygon","coordinates":[[[128.79531,37.72176],[128.79521,37.72168],[128.79514,37.72172],[128.7951,37.72173],[128.79508,37.72173],[128.7952,37.72181],[128.79531,37.72176]]]}},{"type":"Feature","id":"TN_RIVER_BNDRY:WTR01000000008DVX","properties":{"NF_ID":"WTR01000000008DVX","admin_code":"51150","source_layer":"TN_RIVER_BNDRY","semantic":"zone","river_class":"소하천","river_class_source":"중심선 공간조인","survey_method":"사진측량"},"geometry":{"type":"Polygon","coordinates":[[[128.79531,37.72176],[128.7952,37.72181],[128.79561,37.722],[128.79554,37.72215],[128.79569,37.72195],[128.79531,37.72176]]]}},{"type":"Feature","id":"TN_RIVER_BNDRY:WTR01000000008DWY","properties":{"NF_ID":"WTR01000000008DWY","admin_code":"51150","source_layer":"TN_RIVER_BNDRY","semantic":"zone","river_class":"소하천","river_class_source":"중심선 공간조인","survey_method":"사진측량"},"geometry":{"type":"Polygon","coordinates":[[[128.82676,37.71409],[128.82632,37.71398],[128.82486,37.71483],[128.8234,37.71541],[128.82314,37.7159],[128.82282,37.71775],[128.82244,37.7183],[128.82138,37.71912],[128.82003,37.7198],[128.81865,37.72002],[128.81711,37.72051],[128.81678,37.72094],[128.81966,37.72037],[128.8202,37.71989],[128.82187,37.71912],[128.82318,37.71789],[128.82362,37.71609],[128.82506,37.71493],[128.826,37.71444],[128.8264,37.71448],[128.82676,37.71409]]]}},{"type":"Feature","id":"TN_RIVER_BNDRY:WTR01000000008DXZ","properties":{"NF_ID":"WTR01000000008DXZ","admin_code":"51150","source_layer":"TN_RIVER_BNDRY","semantic":"zone","river_class":"소하천","river_class_source":"중심선 공간조인","survey_method":"사진측량"},"geometry":{"type":"Polygon","coordinates":[[[128.81678,37.72094],[128.8164,37.72097],[128.81581,37.72157],[128.8158,37.7221],[128.81599,37.72169],[128.81678,37.72094]]]}},{"type":"Feature","id":"TN_RIVER_BNDRY:WTR01000000008DY0","properties":{"NF_ID":"WTR01000000008DY0","admin_code":"51150","source_layer":"TN_RIVER_BNDRY","semantic":"zone","river_class":"소하천","river_class_source":"중심선 공간조인","survey_method":"사진측량"},"geometry":{"type":"Polygon","coordinates":[[[128.81678,37.72053],[128.81598,37.72027],[128.81504,37.72035],[128.8144,37.72015],[128.81298,37.71911],[128.81129,37.71824],[128.81057,37.71762],[128.81009,37.71689],[128.80873,37.71632],[128.80615,37.71562],[128.80605,37.71583],[128.80758,37.7161],[128.80971,37.71688],[128.81051,37.7178],[128.81152,37.71864],[128.81256,37.71913],[128.81444,37.72035],[128.81593,37.72055],[128.81629,37.72072],[128.8164,37.72097],[128.81678,37.72053]]]}},{"type":"Feature","id":"TN_RIVER_BNDRY:WTR01000000008DZ1","properties":{"NF_ID":"WTR01000000008DZ1","admin_code":"51150","source_layer":"TN_RIVER_BNDRY","semantic":"zone","river_class":"지방하천","river_class_source":"중심선 공간조인","river_name":"강릉남대천","river_code":"1410010","survey_method":"사진측량"},"geometry":{"type":"Polygon","coordinates":[[[128.81964,37.70238],[128.81806,37.70028],[128.81734,37.7002],[128.81923,37.70258],[128.81964,37.70238]]]}},{"type":"Feature","id":"TN_RIVER_BNDRY:WTR01000000008E03","properties":{"NF_ID":"WTR01000000008E03","admin_code":"51150","source_layer":"TN_RIVER_BNDRY","semantic":"zone","river_class":"지방하천","river_class_source":"중심선 공간조인","river_name":"강릉남대천","river_code":"1410010","survey_method":"사진측량"},"geometry":{"type":"Polygon","coordinates":[[[128.82299,37.70539],[128.82162,37.70456],[128.82035,37.7032],[128.81998,37.70336],[128.82142,37.70489],[128.82178,37.70509],[128.82215,37.70569],[128.82299,37.70539]]]}},{"type":"Feature","id":"TN_RIVER_BNDRY:WTR01000000008E14","properties":{"NF_ID":"WTR01000000008E14","admin_code":"51150","source_layer":"TN_RIVER_BNDRY","semantic":"zone","river_class":"소하천","river_class_source":"중심선 공간조인","survey_method":"사진측량"},"geometry":{"type":"Polygon","coordinates":[[[128.82299,37.70539],[128.82311,37.70556],[128.82331,37.70504],[128.823,37.70399],[128.82236,37.70323],[128.82221,37.70332],[128.82288,37.70423],[128.82318,37.70506],[128.82299,37.70539]]]}},{"type":"Feature","id":"TN_RIVER_BNDRY:WTR01000000008E25","properties":{"NF_ID":"WTR01000000008E25","admin_code":"51150","source_layer":"TN_RIVER_BNDRY","semantic":"zone","river_class":"지방하천","river_class_source":"중심선 공간조인","river_name":"강릉남대천","river_code":"1410010","survey_method":"사진측량"},"geometry":{"type":"Polygon","coordinates":[[[128.82035,37.7032],[128.81964,37.70238],[128.81917,37.70262],[128.81998,37.70336],[128.82035,37.7032]]]}},{"type":"Feature","id":"TN_RIVER_BNDRY:WTR01000000008E36","properties":{"NF_ID":"WTR01000000008E36","admin_code":"51150","source_layer":"TN_RIVER_BNDRY","semantic":"zone","river_class":"소하천","river_class_source":"중심선 공간조인","survey_method":"사진측량"},"geometry":{"type":"Polygon","coordinates":[[[128.81964,37.70238],[128.82035,37.7032],[128.82072,37.70137],[128.81964,37.70238]]]}},{"type":"Feature","id":"TN_RIVER_BNDRY:WTR01000000008E47","properties":{"NF_ID":"WTR01000000008E47","admin_code":"51150","source_layer":"TN_RIVER_BNDRY","semantic":"zone","river_class":"지방하천","river_class_source":"중심선 공간조인","river_name":"강릉남대천","river_code":"1410010","survey_method":"사진측량"},"geometry":{"type":"Polygon","coordinates":[[[128.82694,37.71331],[128.82588,37.71287],[128.82458,37.71156],[128.82382,37.70984],[128.82314,37.70754],[128.82341,37.70666],[128.82311,37.70556],[128.82223,37.70601],[128.82264,37.70678],[128.82252,37.70677],[128.82266,37.7073],[128.82251,37.70873],[128.82293,37.70925],[128.82372,37.71141],[128.825,37.71294],[128.82578,37.71337],[128.82632,37.71398],[128.82694,37.71331]]]}},{"type":"Feature","id":"TN_RIVER_BNDRY:WTR01000000008E58","properties":{"NF_ID":"WTR01000000008E58","admin_code":"51150","source_layer":"TN_RIVER_BNDRY","semantic":"zone","river_class":"소하천","river_class_source":"중심선 공간조인","survey_method":"사진측량"},"geometry":{"type":"Polygon","coordinates":[[[128.81432,37.72373],[128.81438,37.72303],[128.81471,37.72302],[128.81544,37.72222],[128.8157,37.72213],[128.81553,37.72185],[128.81429,37.723],[128.81417,37.72387],[128.81432,37.72373]]]}},{"type":"Feature","id":"TN_RIVER_BNDRY:WTR01000000008E69","properties":{"NF_ID":"WTR01000000008E69","admin_code":"51150","source_layer":"TN_RIVER_BNDRY","semantic":"zone","river_class":"소하천","river_class_source":"중심선 공간조인","survey_method":"사진측량"},"geometry":{"type":"Polygon","coordinates":[[[128.8158,37.7221],[128.81581,37.72157],[128.81553,37.72185],[128.8158,37.7221]]]}},{"type":"Feature","id":"TN_RIVER_BNDRY:WTR01000000008E7A","properties":{"NF_ID":"WTR01000000008E7A","admin_code":"51150","source_layer":"TN_RIVER_BNDRY","semantic":"zone","river_class":"소하천","river_class_source":"중심선 공간조인","survey_method":"사진측량"},"geometry":{"type":"Polygon","coordinates":[[[128.81678,37.72094],[128.81711,37.72051],[128.81678,37.72053],[128.8164,37.72097],[128.81678,37.72094]]]}},{"type":"Feature","id":"TN_RIVER_BNDRY:WTR01000000008E8B","properties":{"NF_ID":"WTR01000000008E8B","admin_code":"51150","source_layer":"TN_RIVER_BNDRY","semantic":"zone","river_class":"소하천","river_class_source":"중심선 공간조인","survey_method":"사진측량"},"geometry":{"type":"Polygon","coordinates":[[[128.81455,37.72395],[128.81432,37.72373],[128.81417,37.72387],[128.81428,37.72414],[128.81455,37.72395]]]}},{"type":"Feature","id":"TN_RIVER_BNDRY:WTR01000000008E9C","properties":{"NF_ID":"WTR01000000008E9C","admin_code":"51150","source_layer":"TN_RIVER_BNDRY","semantic":"zone","river_class":"소하천","river_class_source":"중심선 공간조인","survey_method":"사진측량"},"geometry":{"type":"Polygon","coordinates":[[[128.80615,37.71562],[128.80595,37.71557],[128.80593,37.71577],[128.80605,37.71583],[128.80615,37.71562]]]}},{"type":"Feature","id":"TN_RIVER_BNDRY:WTR01000000008EAD","properties":{"NF_ID":"WTR01000000008EAD","admin_code":"51150","source_layer":"TN_RIVER_BNDRY","semantic":"zone","river_class":"소하천","river_class_source":"중심선 공간조인","survey_method":"사진측량"},"geometry":{"type":"Polygon","coordinates":[[[128.80178,37.71535],[128.80152,37.7154],[128.8016,37.71548],[128.80178,37.71535]]]}},{"type":"Feature","id":"TN_RIVER_BNDRY:WTR01000000008EBE","properties":{"NF_ID":"WTR01000000008EBE","admin_code":"51150","source_layer":"TN_RIVER_BNDRY","semantic":"zone","river_class":"소하천","river_class_source":"중심선 공간조인","survey_method":"사진측량"},"geometry":{"type":"Polygon","coordinates":[[[128.80593,37.71577],[128.80589,37.71556],[128.80508,37.71564],[128.80423,37.71614],[128.80178,37.71535],[128.8016,37.71548],[128.80446,37.71636],[128.8051,37.71574],[128.80593,37.71577]]]}},{"type":"Feature","id":"TN_RIVER_BNDRY:WTR01000000008ECF","properties":{"NF_ID":"WTR01000000008ECF","admin_code":"51150","source_layer":"TN_RIVER_BNDRY","semantic":"zone","river_class":"소하천","river_class_source":"중심선 공간조인","survey_method":"사진측량"},"geometry":{"type":"Polygon","coordinates":[[[128.8158,37.7221],[128.81522,37.72295],[128.81432,37.72373],[128.81455,37.72395],[128.81561,37.72269],[128.8158,37.7221]]]}},{"type":"Feature","id":"TN_RIVER_BNDRY:WTR01000000008EDG","properties":{"NF_ID":"WTR01000000008EDG","admin_code":"51150","source_layer":"TN_RIVER_BNDRY","semantic":"zone","river_class":"지방하천","river_class_source":"중심선 공간조인","river_name":"강릉남대천","river_code":"1410010","survey_method":"사진측량"},"geometry":{"type":"Polygon","coordinates":[[[128.82311,37.70556],[128.82299,37.70539],[128.82215,37.70569],[128.82223,37.70601],[128.82311,37.70556]]]}},{"type":"Feature","id":"TN_RIVER_BNDRY:WTR01000000008EEH","properties":{"NF_ID":"WTR01000000008EEH","admin_code":"51150","source_layer":"TN_RIVER_BNDRY","semantic":"zone","river_class":"지방하천","river_class_source":"중심선 공간조인","river_name":"강릉남대천","river_code":"1410010","survey_method":"사진측량"},"geometry":{"type":"Polygon","coordinates":[[[128.82722,37.71337],[128.82694,37.71331],[128.82632,37.71398],[128.82676,37.71409],[128.82722,37.71337]]]}},{"type":"Feature","id":"TN_RIVER_BNDRY:WTR01000000008EFI","properties":{"NF_ID":"WTR01000000008EFI","admin_code":"51150","source_layer":"TN_RIVER_BNDRY","semantic":"zone","river_class":"지방하천","river_class_source":"중심선 공간조인","river_name":"강릉남대천","river_code":"1410010","survey_method":"사진측량"},"geometry":{"type":"Polygon","coordinates":[[[128.83181,37.71389],[128.83183,37.71424],[128.83337,37.71473],[128.83413,37.7153],[128.83477,37.717],[128.83508,37.71737],[128.83503,37.71804],[128.83469,37.71827],[128.83512,37.71869],[128.83533,37.71743],[128.83515,37.71722],[128.83519,37.7165],[128.83487,37.71567],[128.83433,37.7149],[128.83378,37.71456],[128.83232,37.71385],[128.83181,37.71389]]]}},{"type":"Feature","id":"TN_RIVER_BNDRY:WTR01000000008EGJ","properties":{"NF_ID":"WTR01000000008EGJ","admin_code":"51150","source_layer":"TN_RIVER_BNDRY","semantic":"zone","river_class":"지방하천","river_class_source":"중심선 공간조인","river_name":"강릉남대천","river_code":"1410010","survey_method":"사진측량"},"geometry":{"type":"Polygon","coordinates":[[[128.84076,37.72625],[128.83988,37.72602],[128.8383,37.72467],[128.83754,37.72377],[128.83674,37.7233],[128.83608,37.72238],[128.83548,37.72111],[128.83516,37.71996],[128.83512,37.71869],[128.8345,37.71963],[128.83462,37.72163],[128.83505,37.72235],[128.83703,37.72488],[128.83789,37.72545],[128.83808,37.7259],[128.83859,37.72632],[128.83955,37.72679],[128.84076,37.72625]]]}},{"type":"Feature","id":"TN_RIVER_BNDRY:WTR01000000008EHK","properties":{"NF_ID":"WTR01000000008EHK","admin_code":"51150","source_layer":"TN_RIVER_BNDRY","semantic":"zone","river_class":"소하천","river_class_source":"중심선 공간조인","survey_method":"사진측량"},"geometry":{"type":"Polygon","coordinates":[[[128.84076,37.72625],[128.84184,37.72576],[128.8429,37.72505],[128.84076,37.72625]]]}},{"type":"Feature","id":"TN_RIVER_BNDRY:WTR01000000008EIL","properties":{"NF_ID":"WTR01000000008EIL","admin_code":"51150","source_layer":"TN_RIVER_BNDRY","semantic":"zone","river_class":"소하천","river_class_source":"중심선 공간조인","survey_method":"사진측량"},"geometry":{"type":"Polygon","coordinates":[[[128.83932,37.70949],[128.83988,37.7094],[128.83985,37.70857],[128.84046,37.70726],[128.84187,37.70694],[128.84284,37.70706],[128.84306,37.70687],[128.84262,37.70703],[128.84179,37.70691],[128.84043,37.70724],[128.8398,37.70856],[128.83983,37.70938],[128.83837,37.70946],[128.83932,37.70949]]]}},{"type":"Feature","id":"TN_RIVER_BNDRY:WTR01000000008EJM","properties":{"NF_ID":"WTR01000000008EJM","admin_code":"51150","source_layer":"TN_RIVER_BNDRY","semantic":"zone","river_class":"지방하천","river_class_source":"중심선 공간조인","river_name":"강릉남대천","river_code":"1410010","survey_method":"사진측량"},"geometry":{"type":"Polygon","coordinates":[[[128.83169,37.71387],[128.82956,37.71353],[128.83004,37.71405],[128.83022,37.71392],[128.83165,37.7142],[128.83169,37.71387]]]}},{"type":"Feature","id":"TN_RIVER_BNDRY:WTR01000000008EKN","properties":{"NF_ID":"WTR01000000008EKN","admin_code":"51150","source_layer":"TN_RIVER_BNDRY","semantic":"zone","river_class":"지방하천","river_class_source":"중심선 공간조인","river_name":"강릉남대천","river_code":"1410010","survey_method":"사진측량"},"geometry":{"type":"Polygon","coordinates":[[[128.83181,37.71389],[128.83169,37.71387],[128.83165,37.7142],[128.83183,37.71424],[128.83181,37.71389]]]}},{"type":"Feature","id":"TN_RIVER_BNDRY:WTR01000000008ELO","properties":{"NF_ID":"WTR01000000008ELO","admin_code":"51150","source_layer":"TN_RIVER_BNDRY","semantic":"zone","river_class":"지방하천","river_class_source":"중심선 공간조인","river_name":"강릉남대천","river_code":"1410010","survey_method":"사진측량"},"geometry":{"type":"Polygon","coordinates":[[[128.83469,37.71827],[128.83405,37.71748],[128.83334,37.71604],[128.83004,37.71405],[128.82917,37.7145],[128.83065,37.71515],[128.83219,37.71629],[128.8333,37.7179],[128.83418,37.71886],[128.83469,37.71827]]]}},{"type":"Feature","id":"TN_RIVER_BNDRY:WTR01000000008EMP","properties":{"NF_ID":"WTR01000000008EMP","admin_code":"51150","source_layer":"TN_RIVER_BNDRY","semantic":"zone","river_class":"지방하천","river_class_source":"중심선 공간조인","river_name":"강릉남대천","river_code":"1410010","survey_method":"사진측량"},"geometry":{"type":"Polygon","coordinates":[[[128.83512,37.71869],[128.83469,37.71827],[128.83418,37.71886],[128.8345,37.71963],[128.83512,37.71869]]]}},{"type":"Feature","id":"TN_RIVER_BNDRY:WTR01000000008ENQ","properties":{"NF_ID":"WTR01000000008ENQ","admin_code":"51150","source_layer":"TN_RIVER_BNDRY","semantic":"zone","river_class":"지방하천","river_class_source":"중심선 공간조인","river_name":"강릉남대천","river_code":"1410010","survey_method":"사진측량"},"geometry":{"type":"Polygon","coordinates":[[[128.83004,37.71405],[128.82956,37.71353],[128.82853,37.71425],[128.82917,37.7145],[128.83004,37.71405]]]}},{"type":"Feature","id":"TN_RIVER_BNDRY:WTR01000000008EOR","properties":{"NF_ID":"WTR01000000008EOR","admin_code":"51150","source_layer":"TN_RIVER_BNDRY","semantic":"zone","river_class":"소하천","river_class_source":"중심선 공간조인","survey_method":"사진측량"},"geometry":{"type":"Polygon","coordinates":[[[128.84472,37.72341],[128.8447,37.72341],[128.84458,37.72354],[128.84446,37.72367],[128.84438,37.72377],[128.84432,37.72385],[128.84426,37.72391],[128.84419,37.72397],[128.84419,37.72402],[128.84421,37.72402],[128.84431,37.72395],[128.84436,37.7239],[128.84442,37.72384],[128.84446,37.72379],[128.84451,37.72372],[128.84455,37.72367],[128.84458,37.72362],[128.84463,37.72355],[128.84474,37.72343],[128.84473,37.72342],[128.84472,37.72341]]]}},{"type":"Feature","id":"TN_RIVER_BNDRY:WTR01000000008EPS","properties":{"NF_ID":"WTR01000000008EPS","admin_code":"51150","source_layer":"TN_RIVER_BNDRY","semantic":"zone","river_class":"소하천","river_class_source":"중심선 공간조인","survey_method":"사진측량"},"geometry":{"type":"Polygon","coordinates":[[[128.80802,37.73618],[128.80794,37.73604],[128.80739,37.73618],[128.80419,37.7376],[128.80315,37.73744],[128.80195,37.73779],[128.80051,37.73741],[128.79917,37.73768],[128.79863,37.73722],[128.79704,37.73659],[128.79646,37.73613],[128.79612,37.73608],[128.79545,37.73661],[128.79441,37.73666],[128.79337,37.73719],[128.79168,37.73755],[128.79046,37.73824],[128.78987,37.73841],[128.78916,37.73838],[128.78809,37.73898],[128.78737,37.74017],[128.78675,37.74033],[128.78628,37.74006],[128.78607,37.73869],[128.78511,37.7378],[128.78344,37.73789],[128.78137,37.73865],[128.78034,37.7386],[128.77917,37.73823],[128.77876,37.73743],[128.779,37.73653],[128.77826,37.73604],[128.77776,37.73606],[128.77631,37.73665],[128.77489,37.73661],[128.77421,37.7368],[128.77236,37.73691],[128.77002,37.73635],[128.76937,37.73604],[128.76925,37.73614],[128.77226,37.73709],[128.7734,37.73696],[128.77417,37.73703],[128.77497,37.73676],[128.77653,37.73681],[128.77769,37.7363],[128.7781,37.73626],[128.77863,37.73654],[128.77845,37.73767],[128.77868,37.73808],[128.77913,37.73842],[128.78007,37.73876],[128.78122,37.73881],[128.78408,37.73795],[128.78498,37.73798],[128.7859,37.73876],[128.78617,37.74024],[128.78681,37.74051],[128.78746,37.74034],[128.78815,37.73921],[128.7891,37.73859],[128.79039,37.73842],[128.79229,37.73763],[128.79351,37.73738],[128.79438,37.73683],[128.79556,37.73675],[128.79609,37.73623],[128.79836,37.73729],[128.79917,37.73783],[128.8005,37.73769],[128.80199,37.7379],[128.80292,37.73764],[128.80438,37.73772],[128.80802,37.73618]]]}},{"type":"Feature","id":"TN_RIVER_BNDRY:WTR01000000008EQT","properties":{"NF_ID":"WTR01000000008EQT","admin_code":"51150","source_layer":"TN_RIVER_BNDRY","semantic":"zone","river_class":"소하천","river_class_source":"중심선 공간조인","survey_method":"사진측량"},"geometry":{"type":"Polygon","coordinates":[[[128.76931,37.73599],[128.76928,37.73597],[128.7692,37.7359],[128.76915,37.73585],[128.76913,37.73584],[128.76911,37.73584],[128.7691,37.73584],[128.76909,37.73583],[128.76907,37.73583],[128.76901,37.73584],[128.76899,37.73585],[128.76899,37.73585],[128.76898,37.73586],[128.76898,37.73587],[128.76898,37.73588],[128.76898,37.73589],[128.76902,37.73593],[128.76905,37.73594],[128.76911,37.73594],[128.76915,37.73594],[128.76918,37.73594],[128.76921,37.73597],[128.76924,37.736],[128.76925,37.73602],[128.76925,37.73604],[128.76931,37.73599]]]}},{"type":"Feature","id":"TN_RIVER_BNDRY:WTR01000000008ERU","properties":{"NF_ID":"WTR01000000008ERU","admin_code":"51150","source_layer":"TN_RIVER_BNDRY","semantic":"zone","river_class":"소하천","river_class_source":"중심선 공간조인","survey_method":"사진측량"},"geometry":{"type":"Polygon","coordinates":[[[128.76925,37.73614],[128.76925,37.73604],[128.76881,37.7363],[128.76866,37.73666],[128.76794,37.7367],[128.76869,37.73673],[128.76892,37.73631],[128.76925,37.73614]]]}},{"type":"Feature","id":"TN_RIVER_BNDRY:WTR01000000008ESV","properties":{"NF_ID":"WTR01000000008ESV","admin_code":"51150","source_layer":"TN_RIVER_BNDRY","semantic":"zone","river_class":"소하천","river_class_source":"중심선 공간조인","survey_method":"사진측량"},"geometry":{"type":"Polygon","coordinates":[[[128.76937,37.73604],[128.76935,37.73602],[128.76931,37.73599],[128.76925,37.73604],[128.76925,37.73614],[128.76937,37.73604]]]}},{"type":"Feature","id":"TN_RIVER_BNDRY:WTR01000000008ETW","properties":{"NF_ID":"WTR01000000008ETW","admin_code":"51150","source_layer":"TN_RIVER_BNDRY","semantic":"zone","river_class":"소하천","river_class_source":"중심선 공간조인","survey_method":"사진측량"},"geometry":{"type":"Polygon","coordinates":[[[128.81064,37.7332],[128.81038,37.73319],[128.81027,37.73337],[128.8106,37.7335],[128.81064,37.7332]]]}},{"type":"Feature","id":"TN_RIVER_BNDRY:WTR01000000008EUX","properties":{"NF_ID":"WTR01000000008EUX","admin_code":"51150","source_layer":"TN_RIVER_BNDRY","semantic":"zone","river_class":"소하천","river_class_source":"중심선 공간조인","survey_method":"사진측량"},"geometry":{"type":"Polygon","coordinates":[[[128.81065,37.73198],[128.81049,37.73176],[128.81036,37.7321],[128.81038,37.73319],[128.81064,37.7332],[128.81052,37.73218],[128.81065,37.73198]]]}},{"type":"Feature","id":"TN_RIVER_BNDRY:WTR01000000008EVY","properties":{"NF_ID":"WTR01000000008EVY","admin_code":"51150","source_layer":"TN_RIVER_BNDRY","semantic":"zone","river_class":"소하천","river_class_source":"중심선 공간조인","survey_method":"사진측량"},"geometry":{"type":"Polygon","coordinates":[[[128.81078,37.73185],[128.81049,37.73176],[128.81065,37.73198],[128.81078,37.73185]]]}},{"type":"Feature","id":"TN_RIVER_BNDRY:WTR01000000008EWZ","properties":{"NF_ID":"WTR01000000008EWZ","admin_code":"51150","source_layer":"TN_RIVER_BNDRY","semantic":"zone","river_class":"소하천","river_class_source":"중심선 공간조인","survey_method":"사진측량"},"geometry":{"type":"Polygon","coordinates":[[[128.81078,37.73185],[128.81065,37.73198],[128.8109,37.73235],[128.81095,37.73283],[128.8106,37.7335],[128.81112,37.7327],[128.81078,37.73185]]]}},{"type":"Feature","id":"TN_RIVER_BNDRY:WTR01000000008EX0","properties":{"NF_ID":"WTR01000000008EX0","admin_code":"51150","source_layer":"TN_RIVER_BNDRY","semantic":"zone","river_class":"소하천","river_class_source":"중심선 공간조인","survey_method":"사진측량"},"geometry":{"type":"Polygon","coordinates":[[[128.8083,37.73605],[128.80811,37.73589],[128.80794,37.73604],[128.80802,37.73618],[128.8083,37.73605]]]}},{"type":"Feature","id":"TN_RIVER_BNDRY:WTR01000000008EY1","properties":{"NF_ID":"WTR01000000008EY1","admin_code":"51150","source_layer":"TN_RIVER_BNDRY","semantic":"zone","river_class":"소하천","river_class_source":"중심선 공간조인","survey_method":"사진측량"},"geometry":{"type":"Polygon","coordinates":[[[128.8067,37.73804],[128.80669,37.73804],[128.8066,37.73806],[128.80665,37.73819],[128.80675,37.7382],[128.8067,37.73804]]]}},{"type":"Feature","id":"TN_RIVER_BNDRY:WTR01000000008EZ2","properties":{"NF_ID":"WTR01000000008EZ2","admin_code":"51150","source_layer":"TN_RIVER_BNDRY","semantic":"zone","river_class":"소하천","river_class_source":"중심선 공간조인","survey_method":"사진측량"},"geometry":{"type":"Polygon","coordinates":[[[128.8083,37.73605],[128.80802,37.73618],[128.80851,37.73674],[128.80852,37.7372],[128.8079,37.73765],[128.8067,37.73804],[128.80675,37.7382],[128.8078,37.73795],[128.8086,37.73739],[128.80875,37.73691],[128.8083,37.73605]]]}},{"type":"Feature","id":"TN_RIVER_BNDRY:WTR01000000008F04","properties":{"NF_ID":"WTR01000000008F04","admin_code":"51150","source_layer":"TN_RIVER_BNDRY","semantic":"zone","river_class":"소하천","river_class_source":"중심선 공간조인","survey_method":"사진측량"},"geometry":{"type":"Polygon","coordinates":[[[128.84453,37.73059],[128.84389,37.73043],[128.84294,37.73049],[128.84056,37.72884],[128.83834,37.73056],[128.83779,37.73073],[128.83704,37.73028],[128.83652,37.72963],[128.83594,37.7294],[128.83587,37.72902],[128.83567,37.72889],[128.83457,37.7293],[128.83412,37.72957],[128.83401,37.72981],[128.83338,37.72973],[128.83397,37.7299],[128.83508,37.72913],[128.83557,37.72902],[128.83581,37.72944],[128.83639,37.7297],[128.83695,37.73034],[128.83777,37.7308],[128.83841,37.73061],[128.84048,37.72897],[128.84291,37.73056],[128.84453,37.73059]]]}},{"type":"Feature","id":"TN_RIVER_BNDRY:WTR01000000008F15","properties":{"NF_ID":"WTR01000000008F15","admin_code":"51150","source_layer":"TN_RIVER_BNDRY","semantic":"zone","river_class":"소하천","river_class_source":"중심선 공간조인","survey_method":"사진측량"},"geometry":{"type":"Polygon","coordinates":[[[128.83338,37.72973],[128.83331,37.72966],[128.83296,37.73031],[128.83238,37.73058],[128.83187,37.73049],[128.83175,37.73071],[128.83193,37.73053],[128.83237,37.73062],[128.83308,37.73032],[128.83338,37.72973]]]}},{"type":"Feature","id":"TN_RIVER_BNDRY:WTR01000000008F26","properties":{"NF_ID":"WTR01000000008F26","admin_code":"51150","source_layer":"TN_RIVER_BNDRY","semantic":"zone","river_class":"소하천","river_class_source":"중심선 공간조인","survey_method":"사진측량"},"geometry":{"type":"Polygon","coordinates":[[[128.83868,37.73941],[128.83867,37.73938],[128.83865,37.73932],[128.83864,37.7393],[128.83864,37.73929],[128.83858,37.73931],[128.83863,37.73943],[128.83868,37.73941]]]}},{"type":"Feature","id":"TN_RIVER_BNDRY:WTR01000000008F37","properties":{"NF_ID":"WTR01000000008F37","admin_code":"51150","source_layer":"TN_RIVER_BNDRY","semantic":"zone","river_class":"지방하천","river_class_source":"중심선 공간조인","river_name":"강릉남대천","river_code":"1410010","survey_method":"사진측량"},"geometry":{"type":"Polygon","coordinates":[[[128.8408,37.7263],[128.84076,37.72625],[128.83955,37.72679],[128.83967,37.72682],[128.8408,37.7263]]]}},{"type":"Feature","id":"TN_RIVER_BNDRY:WTR01000000008F48","properties":{"NF_ID":"WTR01000000008F48","admin_code":"51150","source_layer":"TN_RIVER_BNDRY","semantic":"zone","river_class":"소하천","river_class_source":"중심선 공간조인","survey_method":"사진측량"},"geometry":{"type":"Polygon","coordinates":[[[128.83344,37.72966],[128.83337,37.7296],[128.83331,37.72966],[128.83338,37.72973],[128.83344,37.72966]]]}},{"type":"Feature","id":"TN_RIVER_BNDRY:WTR01000000008FBF","properties":{"NF_ID":"WTR01000000008FBF","admin_code":"51150","source_layer":"TN_RIVER_BNDRY","semantic":"zone","river_class":"소하천","river_class_source":"중심선 공간조인","survey_method":"사진측량"},"geometry":{"type":"Polygon","coordinates":[[[128.81219,37.50893],[128.81205,37.50899],[128.81246,37.50939],[128.81286,37.50956],[128.81255,37.51086],[128.81197,37.5115],[128.81153,37.5126],[128.81099,37.51301],[128.81039,37.514],[128.8102,37.5149],[128.80916,37.51529],[128.80915,37.51541],[128.81028,37.51494],[128.81046,37.514],[128.81083,37.51361],[128.81104,37.51303],[128.81153,37.51272],[128.81202,37.51154],[128.81264,37.51081],[128.81293,37.50953],[128.81248,37.50934],[128.81219,37.50893]]]}},{"type":"Feature","id":"TN_RIVER_BNDRY:WTR01000000008FFJ","properties":{"NF_ID":"WTR01000000008FFJ","admin_code":"51150","source_layer":"TN_RIVER_BNDRY","semantic":"zone","river_class":"소하천","river_class_source":"중심선 공간조인","survey_method":"사진측량"},"geometry":{"type":"Polygon","coordinates":[[[128.82274,37.52649],[128.82205,37.52644],[128.82097,37.52536],[128.81987,37.52503],[128.81949,37.52434],[128.81886,37.52396],[128.81741,37.52393],[128.8158,37.52538],[128.81541,37.52643],[128.81471,37.52697],[128.81359,37.52827],[128.81266,37.52961],[128.8111,37.53021],[128.81039,37.5309],[128.81022,37.53133],[128.80956,37.53175],[128.80906,37.53235],[128.80773,37.53283],[128.80905,37.53242],[128.8103,37.53131],[128.81041,37.531],[128.81073,37.53087],[128.81111,37.53035],[128.81272,37.52963],[128.81392,37.52802],[128.81549,37.52646],[128.81594,37.52536],[128.81742,37.52404],[128.81858,37.52401],[128.81902,37.52415],[128.8194,37.52439],[128.81972,37.52502],[128.82091,37.52542],[128.82201,37.52652],[128.82274,37.52649]]]}},{"type":"Feature","id":"TN_RIVER_BNDRY:WTR01000000008FGK","properties":{"NF_ID":"WTR01000000008FGK","admin_code":"51150","source_layer":"TN_RIVER_BNDRY","semantic":"zone","river_class":"소하천","river_class_source":"중심선 공간조인","survey_method":"사진측량"},"geometry":{"type":"Polygon","coordinates":[[[128.80915,37.51541],[128.80916,37.51529],[128.80902,37.51534],[128.80915,37.51541]]]}},{"type":"Feature","id":"TN_RIVER_BNDRY:WTR01000000008FHL","properties":{"NF_ID":"WTR01000000008FHL","admin_code":"51150","source_layer":"TN_RIVER_BNDRY","semantic":"zone","river_class":"소하천","river_class_source":"중심선 공간조인","survey_method":"사진측량"},"geometry":{"type":"Polygon","coordinates":[[[128.80915,37.51541],[128.80833,37.51669],[128.80783,37.51723],[128.80753,37.5173],[128.80741,37.51788],[128.80757,37.51737],[128.8079,37.51726],[128.80862,37.51642],[128.80915,37.51541]]]}},{"type":"Feature","id":"TN_RIVER_BNDRY:WTR01000000008FIM","properties":{"NF_ID":"WTR01000000008FIM","admin_code":"51150","source_layer":"TN_RIVER_BNDRY","semantic":"zone","river_class":"소하천","river_class_source":"중심선 공간조인","survey_method":"사진측량"},"geometry":{"type":"Polygon","coordinates":[[[128.84872,37.52133],[128.84864,37.52119],[128.84612,37.5214],[128.845,37.52084],[128.84407,37.52072],[128.84168,37.52161],[128.84043,37.52176],[128.83943,37.52238],[128.83854,37.52254],[128.838,37.52288],[128.83687,37.52306],[128.83576,37.52385],[128.83591,37.52405],[128.83631,37.52357],[128.83696,37.52316],[128.8382,37.52298],[128.83885,37.52259],[128.83965,37.52245],[128.84048,37.52188],[128.84208,37.52166],[128.84423,37.52084],[128.8448,37.52093],[128.84619,37.52153],[128.84872,37.52133]]]}},{"type":"Feature","id":"TN_RIVER_BNDRY:WTR01000000008FJN","properties":{"NF_ID":"WTR01000000008FJN","admin_code":"51150","source_layer":"TN_RIVER_BNDRY","semantic":"zone","river_class":"지방하천","river_class_source":"중심선 공간조인","river_name":"송현천","river_code":"1020050","survey_method":"사진측량"},"geometry":{"type":"Polygon","coordinates":[[[128.84906,37.5221],[128.84872,37.52218],[128.84849,37.52276],[128.8476,37.52372],[128.84741,37.52436],[128.84755,37.52661],[128.84648,37.52881],[128.84684,37.5303],[128.84641,37.53316],[128.84582,37.53526],[128.84626,37.53694],[128.84596,37.54023],[128.84691,37.54158],[128.84642,37.54319],[128.84632,37.54476],[128.84714,37.54731],[128.84698,37.54834],[128.84746,37.54943],[128.84772,37.55163],[128.84803,37.55168],[128.84778,37.54954],[128.8479,37.54942],[128.84744,37.5487],[128.84736,37.5482],[128.84749,37.54714],[128.84666,37.54487],[128.84683,37.54314],[128.84734,37.54205],[128.84712,37.5412],[128.84642,37.54039],[128.84631,37.53993],[128.84662,37.53713],[128.84638,37.53534],[128.84722,37.53023],[128.84685,37.5288],[128.84788,37.52697],[128.848,37.52615],[128.84786,37.52404],[128.84877,37.52294],[128.84906,37.5221]]]}},{"type":"Feature","id":"TN_RIVER_BNDRY:WTR01000000008FKO","properties":{"NF_ID":"WTR01000000008FKO","admin_code":"51150","source_layer":"TN_RIVER_BNDRY","semantic":"zone","river_class":"소하천","river_class_source":"중심선 공간조인","survey_method":"사진측량"},"geometry":{"type":"Polygon","coordinates":[[[128.8358,37.52414],[128.83567,37.52409],[128.83492,37.52481],[128.83369,37.52492],[128.83292,37.52524],[128.83167,37.52516],[128.83156,37.52503],[128.82971,37.52578],[128.82849,37.52599],[128.82748,37.52572],[128.82659,37.52604],[128.82603,37.52601],[128.8242,37.52636],[128.82348,37.52609],[128.82278,37.52649],[128.82349,37.52619],[128.82419,37.52645],[128.82597,37.52612],[128.82666,37.52612],[128.82755,37.52581],[128.82846,37.5261],[128.82971,37.52588],[128.83139,37.52527],[128.83297,37.52533],[128.83366,37.52502],[128.83499,37.52491],[128.8358,37.52414]]]}},{"type":"Feature","id":"TN_RIVER_BNDRY:WTR01000000008FLP","properties":{"NF_ID":"WTR01000000008FLP","admin_code":"51150","source_layer":"TN_RIVER_BNDRY","semantic":"zone","river_class":"소하천","river_class_source":"중심선 공간조인","survey_method":"사진측량"},"geometry":{"type":"Polygon","coordinates":[[[128.83591,37.52405],[128.8358,37.52414],[128.83611,37.5244],[128.83811,37.52529],[128.83827,37.52572],[128.83792,37.52623],[128.83774,37.52724],[128.83734,37.528],[128.83525,37.52877],[128.83447,37.52939],[128.83448,37.52985],[128.83513,37.53099],[128.83508,37.53177],[128.8345,37.53273],[128.83389,37.53333],[128.83398,37.53338],[128.83491,37.53241],[128.83524,37.53152],[128.83526,37.53098],[128.83457,37.5298],[128.83459,37.52938],[128.83563,37.52871],[128.83742,37.52811],[128.83798,37.52701],[128.83802,37.52627],[128.83839,37.52573],[128.8382,37.52525],[128.83591,37.52405]]]}},{"type":"Feature","id":"TN_RIVER_BNDRY:WTR01000000008FNR","properties":{"NF_ID":"WTR01000000008FNR","admin_code":"51150","source_layer":"TN_RIVER_BNDRY","semantic":"zone","river_class":"소하천","river_class_source":"중심선 공간조인","survey_method":"사진측량"},"geometry":{"type":"Polygon","coordinates":[[[128.83591,37.52405],[128.83576,37.52385],[128.83567,37.52409],[128.83591,37.52405]]]}},{"type":"Feature","id":"TN_RIVER_BNDRY:WTR01000000008FQU","properties":{"NF_ID":"WTR01000000008FQU","admin_code":"51150","source_layer":"TN_RIVER_BNDRY","semantic":"zone","river_class":"지방하천","river_class_source":"중심선 공간조인","river_name":"송현천","river_code":"1020050","survey_method":"사진측량"},"geometry":{"type":"Polygon","coordinates":[[[128.84906,37.5221],[128.84912,37.52201],[128.84877,37.52195],[128.84872,37.52218],[128.84906,37.5221]]]}},{"type":"Feature","id":"TN_RIVER_BNDRY:WTR01000000008FRV","properties":{"NF_ID":"WTR01000000008FRV","admin_code":"51150","source_layer":"TN_RIVER_BNDRY","semantic":"zone","river_class":"소하천","river_class_source":"중심선 공간조인","survey_method":"사진측량"},"geometry":{"type":"Polygon","coordinates":[[[128.80328,37.54458],[128.80277,37.54446],[128.80229,37.54457],[128.80167,37.54424],[128.80083,37.54406],[128.8004,37.54367],[128.79985,37.54346],[128.79879,37.54359],[128.79757,37.54279],[128.79823,37.54351],[128.7987,37.54367],[128.79982,37.54354],[128.80036,37.54372],[128.80078,37.5441],[128.80168,37.5443],[128.80229,37.54463],[128.80317,37.54458],[128.80362,37.54497],[128.80328,37.54458]]]}},{"type":"Feature","id":"TN_RIVER_BNDRY:WTR01000000008FSW","properties":{"NF_ID":"WTR01000000008FSW","admin_code":"51150","source_layer":"TN_RIVER_BNDRY","semantic":"zone","river_class":"소하천","river_class_source":"중심선 공간조인","survey_method":"사진측량"},"geometry":{"type":"Polygon","coordinates":[[[128.81529,37.54048],[128.81371,37.54033],[128.81459,37.54053],[128.81529,37.54048]]]}},{"type":"Feature","id":"TN_RIVER_BNDRY:WTR01000000008FTX","properties":{"NF_ID":"WTR01000000008FTX","admin_code":"51150","source_layer":"TN_RIVER_BNDRY","semantic":"zone","river_class":"소하천","river_class_source":"중심선 공간조인","survey_method":"사진측량"},"geometry":{"type":"Polygon","coordinates":[[[128.81537,37.54126],[128.81549,37.54108],[128.81529,37.54048],[128.81538,37.5411],[128.81525,37.54126],[128.81537,37.54126]]]}},{"type":"Feature","id":"TN_RIVER_BNDRY:WTR01000000008FUY","properties":{"NF_ID":"WTR01000000008FUY","admin_code":"51150","source_layer":"TN_RIVER_BNDRY","semantic":"zone","river_class":"소하천","river_class_source":"중심선 공간조인","survey_method":"사진측량"},"geometry":{"type":"Polygon","coordinates":[[[128.81537,37.54126],[128.81525,37.54126],[128.81521,37.54131],[128.81528,37.54136],[128.81534,37.5413],[128.81537,37.54126]]]}},{"type":"Feature","id":"TN_RIVER_BNDRY:WTR01000000008FVZ","properties":{"NF_ID":"WTR01000000008FVZ","admin_code":"51150","source_layer":"TN_RIVER_BNDRY","semantic":"zone","river_class":"소하천","river_class_source":"중심선 공간조인","survey_method":"사진측량"},"geometry":{"type":"Polygon","coordinates":[[[128.80773,37.53283],[128.80763,37.5328],[128.80763,37.53281],[128.80756,37.53286],[128.80745,37.53296],[128.80736,37.53303],[128.80731,37.53306],[128.80727,37.53312],[128.80727,37.53315],[128.80728,37.53317],[128.80728,37.53318],[128.80729,37.53318],[128.8073,37.53318],[128.80732,37.53317],[128.80735,37.53315],[128.8074,37.53311],[128.80743,37.53308],[128.8075,37.533],[128.8076,37.53292],[128.80769,37.53286],[128.80772,37.53283],[128.80773,37.53283]]]}},{"type":"Feature","id":"TN_RIVER_BNDRY:WTR01000000008FW0","properties":{"NF_ID":"WTR01000000008FW0","admin_code":"51150","source_layer":"TN_RIVER_BNDRY","semantic":"zone","river_class":"소하천","river_class_source":"중심선 공간조인","survey_method":"사진측량"},"geometry":{"type":"Polygon","coordinates":[[[128.83386,37.53352],[128.83185,37.53463],[128.83071,37.53494],[128.82731,37.53684],[128.82596,37.53697],[128.82532,37.53777],[128.8254,37.53849],[128.82477,37.53883],[128.82371,37.53903],[128.82213,37.54047],[128.82152,37.54045],[128.82015,37.54073],[128.8181,37.54077],[128.81659,37.54011],[128.81582,37.54013],[128.81534,37.54041],[128.81581,37.5402],[128.81672,37.5402],[128.81808,37.54085],[128.81989,37.54084],[128.82161,37.54053],[128.82218,37.54059],[128.82258,37.54042],[128.82301,37.53978],[128.82375,37.53913],[128.82471,37.53893],[128.82545,37.53853],[128.82547,37.53775],[128.82595,37.53708],[128.82725,37.53699],[128.83096,37.53489],[128.8317,37.5348],[128.83307,37.53414],[128.83386,37.53352]]]}},{"type":"Feature","id":"TN_RIVER_BNDRY:WTR01000000008FX1","properties":{"NF_ID":"WTR01000000008FX1","admin_code":"51150","source_layer":"TN_RIVER_BNDRY","semantic":"zone","river_class":"소하천","river_class_source":"중심선 공간조인","survey_method":"사진측량"},"geometry":{"type":"Polygon","coordinates":[[[128.81528,37.54136],[128.81512,37.54154],[128.81537,37.54237],[128.81525,37.54291],[128.81485,37.54321],[128.81473,37.54354],[128.81338,37.54402],[128.81327,37.54502],[128.81233,37.54592],[128.81183,37.54606],[128.81133,37.54648],[128.81109,37.54715],[128.81141,37.54648],[128.81189,37.5461],[128.81238,37.54597],[128.81332,37.54507],[128.81343,37.54406],[128.81422,37.54369],[128.81478,37.54362],[128.81542,37.543],[128.81555,37.54251],[128.81522,37.54169],[128.81528,37.54136]]]}},{"type":"Feature","id":"TN_RIVER_BNDRY:WTR01000000008FY2","properties":{"NF_ID":"WTR01000000008FY2","admin_code":"51150","source_layer":"TN_RIVER_BNDRY","semantic":"zone","river_class":"소하천","river_class_source":"중심선 공간조인","survey_method":"사진측량"},"geometry":{"type":"Polygon","coordinates":[[[128.80763,37.5328],[128.80686,37.53277],[128.80623,37.53325],[128.80665,37.53301],[128.80763,37.5328]]]}},{"type":"Feature","id":"TN_RIVER_BNDRY:WTR01000000008FZ3","properties":{"NF_ID":"WTR01000000008FZ3","admin_code":"51150","source_layer":"TN_RIVER_BNDRY","semantic":"zone","river_class":"소하천","river_class_source":"중심선 공간조인","survey_method":"사진측량"},"geometry":{"type":"Polygon","coordinates":[[[128.80779,37.53275],[128.80776,37.53275],[128.80771,37.53274],[128.80768,37.53274],[128.80763,37.5328],[128.80773,37.53283],[128.80779,37.53275]]]}},{"type":"Feature","id":"TN_RIVER_BNDRY:WTR01000000008G05","properties":{"NF_ID":"WTR01000000008G05","admin_code":"51150","source_layer":"TN_RIVER_BNDRY","semantic":"zone","river_class":"소하천","river_class_source":"중심선 공간조인","survey_method":"사진측량"},"geometry":{"type":"Polygon","coordinates":[[[128.82278,37.52649],[128.82295,37.52694],[128.82239,37.5277],[128.82196,37.5278],[128.8217,37.52761],[128.82112,37.5275],[128.81974,37.52758],[128.81925,37.52786],[128.81827,37.52807],[128.81794,37.52833],[128.81702,37.52813],[128.8166,37.52823],[128.81795,37.52837],[128.81831,37.52809],[128.81928,37.5279],[128.81979,37.52763],[128.82111,37.52754],[128.82195,37.52785],[128.82241,37.52774],[128.82299,37.52699],[128.82278,37.52649]]]}},{"type":"Feature","id":"TN_RIVER_BNDRY:WTR01000000008G16","properties":{"NF_ID":"WTR01000000008G16","admin_code":"51150","source_layer":"TN_RIVER_BNDRY","semantic":"zone","river_class":"소하천","river_class_source":"중심선 공간조인","survey_method":"사진측량"},"geometry":{"type":"Polygon","coordinates":[[[128.81521,37.54131],[128.81424,37.54183],[128.81366,37.54158],[128.81293,37.54188],[128.81287,37.54204],[128.81177,37.54206],[128.8112,37.54251],[128.81031,37.54283],[128.81001,37.54318],[128.80932,37.54337],[128.80868,37.54382],[128.80932,37.54341],[128.81004,37.54325],[128.81033,37.54289],[128.81128,37.54252],[128.81175,37.54211],[128.81284,37.5421],[128.81296,37.5419],[128.81365,37.54163],[128.81422,37.54188],[128.81521,37.54131]]]}},{"type":"Feature","id":"TN_RIVER_BNDRY:WTR01000000008G27","properties":{"NF_ID":"WTR01000000008G27","admin_code":"51150","source_layer":"TN_RIVER_BNDRY","semantic":"zone","river_class":"소하천","river_class_source":"중심선 공간조인","survey_method":"사진측량"},"geometry":{"type":"Polygon","coordinates":[[[128.82277,37.52639],[128.82276,37.52639],[128.82273,37.5264],[128.82274,37.52649],[128.82278,37.52649],[128.82277,37.52639]]]}},{"type":"Feature","id":"TN_RIVER_BNDRY:WTR01000000008G38","properties":{"NF_ID":"WTR01000000008G38","admin_code":"51150","source_layer":"TN_RIVER_BNDRY","semantic":"zone","river_class":"소하천","river_class_source":"중심선 공간조인","survey_method":"사진측량"},"geometry":{"type":"Polygon","coordinates":[[[128.81542,37.54042],[128.81534,37.54041],[128.81529,37.54048],[128.8154,37.54049],[128.81541,37.54046],[128.81542,37.54042]]]}},{"type":"Feature","id":"TN_RIVER_BNDRY:WTR01000000008G49","properties":{"NF_ID":"WTR01000000008G49","admin_code":"51150","source_layer":"TN_RIVER_BNDRY","semantic":"zone","river_class":"소하천","river_class_source":"중심선 공간조인","survey_method":"사진측량"},"geometry":{"type":"Polygon","coordinates":[[[128.81394,37.53064],[128.81424,37.53135],[128.81436,37.53124],[128.81394,37.53064]]]}},{"type":"Feature","id":"TN_RIVER_BNDRY:WTR01000000008G5A","properties":{"NF_ID":"WTR01000000008G5A","admin_code":"51150","source_layer":"TN_RIVER_BNDRY","semantic":"zone","river_class":"소하천","river_class_source":"중심선 공간조인","survey_method":"사진측량"},"geometry":{"type":"Polygon","coordinates":[[[128.8061,37.54098],[128.80629,37.54147],[128.80657,37.54159],[128.8061,37.54098]]]}},{"type":"Feature","id":"TN_RIVER_BNDRY:WTR01000000008G6B","properties":{"NF_ID":"WTR01000000008G6B","admin_code":"51150","source_layer":"TN_RIVER_BNDRY","semantic":"zone","river_class":"소하천","river_class_source":"중심선 공간조인","survey_method":"사진측량"},"geometry":{"type":"Polygon","coordinates":[[[128.83398,37.53338],[128.83389,37.53333],[128.83386,37.53336],[128.83381,37.53342],[128.83379,37.53347],[128.83379,37.53347],[128.83386,37.53352],[128.83398,37.53338]]]}},{"type":"Feature","id":"TN_RIVER_BNDRY:WTR01000000008G7C","properties":{"NF_ID":"WTR01000000008G7C","admin_code":"51150","source_layer":"TN_RIVER_BNDRY","semantic":"zone","river_class":"소하천","river_class_source":"중심선 공간조인","survey_method":"사진측량"},"geometry":{"type":"Polygon","coordinates":[[[128.83111,37.54761],[128.83109,37.54821],[128.83082,37.54879],[128.82936,37.54981],[128.82856,37.54995],[128.8282,37.55099],[128.82824,37.55143],[128.82774,37.55213],[128.82827,37.55149],[128.82826,37.55101],[128.8286,37.54999],[128.82939,37.54986],[128.83088,37.54887],[128.83113,37.54821],[128.83111,37.54761]]]}},{"type":"Feature","id":"TN_RIVER_BNDRY:WTR01000000008G8D","properties":{"NF_ID":"WTR01000000008G8D","admin_code":"51150","source_layer":"TN_RIVER_BNDRY","semantic":"zone","river_class":"소하천","river_class_source":"중심선 공간조인","survey_method":"사진측량"},"geometry":{"type":"Polygon","coordinates":[[[128.83194,37.54702],[128.83187,37.54701],[128.83188,37.54704],[128.83193,37.54705],[128.83194,37.54702]]]}},{"type":"Feature","id":"TN_RIVER_BNDRY:WTR01000000008G9E","properties":{"NF_ID":"WTR01000000008G9E","admin_code":"51150","source_layer":"TN_RIVER_BNDRY","semantic":"zone","river_class":"소하천","river_class_source":"중심선 공간조인","survey_method":"사진측량"},"geometry":{"type":"Polygon","coordinates":[[[128.83188,37.54704],[128.83187,37.54701],[128.83182,37.54703],[128.83177,37.54704],[128.83173,37.54704],[128.83166,37.54703],[128.83157,37.54702],[128.83132,37.54705],[128.83124,37.54703],[128.8311,37.54699],[128.83102,37.547],[128.83101,37.547],[128.831,37.54702],[128.83102,37.54703],[128.83107,37.54703],[128.83114,37.54704],[128.83131,37.54708],[128.83145,37.54707],[128.83158,37.54706],[128.83169,37.54707],[128.8318,37.54708],[128.83188,37.54704]]]}},{"type":"Feature","id":"TN_RIVER_BNDRY:WTR01000000008GAF","properties":{"NF_ID":"WTR01000000008GAF","admin_code":"51150","source_layer":"TN_RIVER_BNDRY","semantic":"zone","river_class":"소하천","river_class_source":"중심선 공간조인","survey_method":"사진측량"},"geometry":{"type":"Polygon","coordinates":[[[128.83193,37.54705],[128.83158,37.54747],[128.83111,37.54761],[128.83166,37.5475],[128.83193,37.54705]]]}},{"type":"Feature","id":"TN_RIVER_BNDRY:WTR01000000008GBG","properties":{"NF_ID":"WTR01000000008GBG","admin_code":"51150","source_layer":"TN_RIVER_BNDRY","semantic":"zone","river_class":"소하천","river_class_source":"중심선 공간조인","survey_method":"사진측량"},"geometry":{"type":"Polygon","coordinates":[[[128.83117,37.54751],[128.83107,37.54755],[128.83104,37.5476],[128.83111,37.54761],[128.83117,37.54751]]]}},{"type":"Feature","id":"TN_RIVER_BNDRY:WTR01000000008GCH","properties":{"NF_ID":"WTR01000000008GCH","admin_code":"51150","source_layer":"TN_RIVER_BNDRY","semantic":"zone","river_class":"소하천","river_class_source":"중심선 공간조인","survey_method":"사진측량"},"geometry":{"type":"Polygon","coordinates":[[[128.83107,37.54755],[128.83093,37.54751],[128.83081,37.54747],[128.83067,37.54743],[128.83061,37.54743],[128.83061,37.54743],[128.83061,37.54744],[128.83066,37.54745],[128.83077,37.54749],[128.83091,37.54754],[128.83098,37.54757],[128.83104,37.5476],[128.83107,37.54755]]]}},{"type":"Feature","id":"TN_RIVER_BNDRY:WTR01000000008GGL","properties":{"NF_ID":"WTR01000000008GGL","admin_code":"51150","source_layer":"TN_RIVER_BNDRY","semantic":"zone","river_class":"소하천","river_class_source":"중심선 공간조인","survey_method":"사진측량"},"geometry":{"type":"Polygon","coordinates":[[[128.79581,37.56494],[128.79502,37.56411],[128.7946,37.56401],[128.79383,37.56414],[128.79258,37.56377],[128.79136,37.5639],[128.78989,37.56448],[128.78855,37.56455],[128.78689,37.56398],[128.78551,37.56256],[128.78527,37.56253],[128.78669,37.5639],[128.7883,37.56454],[128.79003,37.56452],[128.79157,37.56395],[128.7927,37.56385],[128.79375,37.56418],[128.79457,37.56407],[128.79501,37.56419],[128.79581,37.56494]]]}},{"type":"Feature","id":"TN_RIVER_BNDRY:WTR01000000008GHM","properties":{"NF_ID":"WTR01000000008GHM","admin_code":"51150","source_layer":"TN_RIVER_BNDRY","semantic":"zone","river_class":"지방하천","river_class_source":"중심선 공간조인","river_name":"대기천","river_code":"1020070","survey_method":"사진측량"},"geometry":{"type":"Polygon","coordinates":[[[128.7989,37.57597],[128.79871,37.57534],[128.79814,37.57448],[128.79798,37.57346],[128.79758,37.57298],[128.79717,37.57193],[128.79635,37.569],[128.79554,37.56768],[128.79574,37.56498],[128.79528,37.56664],[128.79541,37.56812],[128.79667,37.57077],[128.79714,37.5727],[128.79776,37.57364],[128.79816,37.57605],[128.7989,37.57597]]]}},{"type":"Feature","id":"TN_RIVER_BNDRY:WTR01000000008GIN","properties":{"NF_ID":"WTR01000000008GIN","admin_code":"51150","source_layer":"TN_RIVER_BNDRY","semantic":"zone","river_class":"지방하천","river_class_source":"중심선 공간조인","river_name":"대기천","river_code":"1020070","survey_method":"사진측량"},"geometry":{"type":"Polygon","coordinates":[[[128.79592,37.56496],[128.79574,37.56498],[128.79583,37.5652],[128.79592,37.56496]]]}},{"type":"Feature","id":"TN_RIVER_BNDRY:WTR01000000008GJO","properties":{"NF_ID":"WTR01000000008GJO","admin_code":"51150","source_layer":"TN_RIVER_BNDRY","semantic":"zone","river_class":"소하천","river_class_source":"중심선 공간조인","survey_method":"사진측량"},"geometry":{"type":"Polygon","coordinates":[[[128.78151,37.56043],[128.78104,37.56002],[128.77982,37.56014],[128.77924,37.55972],[128.77967,37.56013],[128.78088,37.56004],[128.78151,37.56043]]]}},{"type":"Feature","id":"TN_RIVER_BNDRY:WTR01000000008GKP","properties":{"NF_ID":"WTR01000000008GKP","admin_code":"51150","source_layer":"TN_RIVER_BNDRY","semantic":"zone","river_class":"소하천","river_class_source":"중심선 공간조인","survey_method":"사진측량"},"geometry":{"type":"Polygon","coordinates":[[[128.78447,37.56067],[128.78441,37.56065],[128.78433,37.56067],[128.78446,37.56074],[128.78446,37.56073],[128.78446,37.56071],[128.78447,37.56068],[128.78447,37.56067]]]}},{"type":"Feature","id":"TN_RIVER_BNDRY:WTR01000000008GLQ","properties":{"NF_ID":"WTR01000000008GLQ","admin_code":"51150","source_layer":"TN_RIVER_BNDRY","semantic":"zone","river_class":"소하천","river_class_source":"중심선 공간조인","survey_method":"사진측량"},"geometry":{"type":"Polygon","coordinates":[[[128.78517,37.56235],[128.78464,37.5619],[128.7846,37.5611],[128.78433,37.56067],[128.78455,37.56192],[128.78517,37.56235]]]}},{"type":"Feature","id":"TN_RIVER_BNDRY:WTR01000000008GMR","properties":{"NF_ID":"WTR01000000008GMR","admin_code":"51150","source_layer":"TN_RIVER_BNDRY","semantic":"zone","river_class":"소하천","river_class_source":"중심선 공간조인","survey_method":"사진측량"},"geometry":{"type":"Polygon","coordinates":[[[128.78541,37.56247],[128.78503,37.56236],[128.78527,37.56253],[128.78541,37.56247]]]}},{"type":"Feature","id":"TN_RIVER_BNDRY:WTR01000000008GNS","properties":{"NF_ID":"WTR01000000008GNS","admin_code":"51150","source_layer":"TN_RIVER_BNDRY","semantic":"zone","river_class":"소하천","river_class_source":"중심선 공간조인","survey_method":"사진측량"},"geometry":{"type":"Polygon","coordinates":[[[128.78441,37.56065],[128.78405,37.5603],[128.78382,37.56031],[128.78441,37.56065]]]}},{"type":"Feature","id":"TN_RIVER_BNDRY:WTR01000000008GOT","properties":{"NF_ID":"WTR01000000008GOT","admin_code":"51150","source_layer":"TN_RIVER_BNDRY","semantic":"zone","river_class":"지방하천","river_class_source":"중심선 공간조인","river_name":"대기천","river_code":"1020070","survey_method":"사진측량"},"geometry":{"type":"Polygon","coordinates":[[[128.79506,37.56197],[128.79495,37.56209],[128.79521,37.56209],[128.79506,37.56197]]]}},{"type":"Feature","id":"TN_RIVER_BNDRY:WTR01000000008GPU","properties":{"NF_ID":"WTR01000000008GPU","admin_code":"51150","source_layer":"TN_RIVER_BNDRY","semantic":"zone","river_class":"소하천","river_class_source":"중심선 공간조인","survey_method":"사진측량"},"geometry":{"type":"Polygon","coordinates":[[[128.78503,37.56236],[128.78472,37.56237],[128.78243,37.56125],[128.78164,37.5605],[128.78148,37.56055],[128.78225,37.56125],[128.78453,37.56241],[128.78527,37.56253],[128.78503,37.56236]]]}},{"type":"Feature","id":"TN_RIVER_BNDRY:WTR01000000008GQV","properties":{"NF_ID":"WTR01000000008GQV","admin_code":"51150","source_layer":"TN_RIVER_BNDRY","semantic":"zone","river_class":"소하천","river_class_source":"중심선 공간조인","survey_method":"사진측량"},"geometry":{"type":"Polygon","coordinates":[[[128.78164,37.5605],[128.78155,37.56044],[128.78154,37.56044],[128.78151,37.56043],[128.78145,37.56046],[128.78148,37.56055],[128.78164,37.5605]]]}},{"type":"Feature","id":"TN_RIVER_BNDRY:WTR01000000008GRW","properties":{"NF_ID":"WTR01000000008GRW","admin_code":"51150","source_layer":"TN_RIVER_BNDRY","semantic":"zone","river_class":"소하천","river_class_source":"중심선 공간조인","survey_method":"사진측량"},"geometry":{"type":"Polygon","coordinates":[[[128.79069,37.55971],[128.79055,37.55975],[128.79072,37.55983],[128.79069,37.55971]]]}},{"type":"Feature","id":"TN_RIVER_BNDRY:WTR01000000008GSX","properties":{"NF_ID":"WTR01000000008GSX","admin_code":"51150","source_layer":"TN_RIVER_BNDRY","semantic":"zone","river_class":"소하천","river_class_source":"중심선 공간조인","survey_method":"사진측량"},"geometry":{"type":"Polygon","coordinates":[[[128.79062,37.5597],[128.79031,37.55893],[128.78966,37.55863],[128.78976,37.55797],[128.78961,37.55866],[128.79029,37.55902],[128.79062,37.5597]]]}},{"type":"Feature","id":"TN_RIVER_BNDRY:WTR01000000008GTY","properties":{"NF_ID":"WTR01000000008GTY","admin_code":"51150","source_layer":"TN_RIVER_BNDRY","semantic":"zone","river_class":"소하천","river_class_source":"중심선 공간조인","survey_method":"사진측량"},"geometry":{"type":"Polygon","coordinates":[[[128.78148,37.56055],[128.78118,37.56056],[128.78056,37.56094],[128.77926,37.56107],[128.78062,37.56099],[128.78148,37.56055]]]}},{"type":"Feature","id":"TN_RIVER_BNDRY:WTR01000000008GUZ","properties":{"NF_ID":"WTR01000000008GUZ","admin_code":"51150","source_layer":"TN_RIVER_BNDRY","semantic":"zone","river_class":"소하천","river_class_source":"중심선 공간조인","survey_method":"사진측량"},"geometry":{"type":"Polygon","coordinates":[[[128.79495,37.56209],[128.7936,37.56182],[128.7925,37.5614],[128.79143,37.56044],[128.79108,37.56034],[128.79055,37.55975],[128.79105,37.56036],[128.79133,37.56044],[128.79238,37.56141],[128.79395,37.56197],[128.79495,37.56209]]]}},{"type":"Feature","id":"TN_RIVER_BNDRY:WTR01000000008GV0","properties":{"NF_ID":"WTR01000000008GV0","admin_code":"51150","source_layer":"TN_RIVER_BNDRY","semantic":"zone","river_class":"소하천","river_class_source":"중심선 공간조인","survey_method":"사진측량"},"geometry":{"type":"Polygon","coordinates":[[[128.82175,37.55569],[128.82143,37.55559],[128.82127,37.55568],[128.82175,37.55569]]]}},{"type":"Feature","id":"TN_RIVER_BNDRY:WTR01000000008GW1","properties":{"NF_ID":"WTR01000000008GW1","admin_code":"51150","source_layer":"TN_RIVER_BNDRY","semantic":"zone","river_class":"소하천","river_class_source":"중심선 공간조인","survey_method":"사진측량"},"geometry":{"type":"Polygon","coordinates":[[[128.82175,37.55569],[128.82319,37.55534],[128.82461,37.55465],[128.8257,37.55388],[128.82679,37.5539],[128.82708,37.5533],[128.82693,37.55335],[128.82678,37.55383],[128.82562,37.55384],[128.82464,37.55456],[128.8232,37.5553],[128.82243,37.55541],[128.82175,37.55569]]]}},{"type":"Feature","id":"TN_RIVER_BNDRY:WTR01000000008GX2","properties":{"NF_ID":"WTR01000000008GX2","admin_code":"51150","source_layer":"TN_RIVER_BNDRY","semantic":"zone","river_class":"소하천","river_class_source":"중심선 공간조인","survey_method":"사진측량"},"geometry":{"type":"Polygon","coordinates":[[[128.82179,37.55576],[128.82152,37.55678],[128.82117,37.55721],[128.82156,37.55682],[128.82183,37.55618],[128.82179,37.55576]]]}},{"type":"Feature","id":"TN_RIVER_BNDRY:WTR01000000008GY3","properties":{"NF_ID":"WTR01000000008GY3","admin_code":"51150","source_layer":"TN_RIVER_BNDRY","semantic":"zone","river_class":"지방하천","river_class_source":"중심선 공간조인","river_name":"대기천","river_code":"1020070","survey_method":"사진측량"},"geometry":{"type":"Polygon","coordinates":[[[128.80182,37.56078],[128.80173,37.56068],[128.80155,37.56083],[128.80182,37.56078]]]}},{"type":"Feature","id":"TN_RIVER_BNDRY:WTR01000000008GZ4","properties":{"NF_ID":"WTR01000000008GZ4","admin_code":"51150","source_layer":"TN_RIVER_BNDRY","semantic":"zone","river_class":"소하천","river_class_source":"중심선 공간조인","survey_method":"사진측량"},"geometry":{"type":"Polygon","coordinates":[[[128.80182,37.56078],[128.80162,37.56085],[128.8028,37.56114],[128.80309,37.56133],[128.80365,37.56116],[128.80408,37.56132],[128.80362,37.56111],[128.80315,37.5613],[128.80182,37.56078]]]}},{"type":"Feature","id":"TN_RIVER_BNDRY:WTR01000000008H06","properties":{"NF_ID":"WTR01000000008H06","admin_code":"51150","source_layer":"TN_RIVER_BNDRY","semantic":"zone","river_class":"지방하천","river_class_source":"중심선 공간조인","river_name":"대기천","river_code":"1020070","survey_method":"사진측량"},"geometry":{"type":"Polygon","coordinates":[[[128.80173,37.56068],[128.80182,37.56078],[128.80274,37.55968],[128.80332,37.55966],[128.80431,37.55883],[128.8036,37.55923],[128.80326,37.55962],[128.80274,37.55954],[128.80173,37.56068]]]}},{"type":"Feature","id":"TN_RIVER_BNDRY:WTR01000000008H17","properties":{"NF_ID":"WTR01000000008H17","admin_code":"51150","source_layer":"TN_RIVER_BNDRY","semantic":"zone","river_class":"소하천","river_class_source":"중심선 공간조인","survey_method":"사진측량"},"geometry":{"type":"Polygon","coordinates":[[[128.82181,37.55573],[128.82175,37.55569],[128.82172,37.55574],[128.82179,37.55576],[128.82181,37.55573]]]}},{"type":"Feature","id":"TN_RIVER_BNDRY:WTR01000000008H28","properties":{"NF_ID":"WTR01000000008H28","admin_code":"51150","source_layer":"TN_RIVER_BNDRY","semantic":"zone","river_class":"소하천","river_class_source":"중심선 공간조인","survey_method":"사진측량"},"geometry":{"type":"Polygon","coordinates":[[[128.82117,37.55721],[128.82112,37.55717],[128.8211,37.55721],[128.82108,37.55723],[128.82114,37.55728],[128.82117,37.55721]]]}},{"type":"Feature","id":"TN_RIVER_BNDRY:WTR01000000008H39","properties":{"NF_ID":"WTR01000000008H39","admin_code":"51150","source_layer":"TN_RIVER_BNDRY","semantic":"zone","river_class":"소하천","river_class_source":"중심선 공간조인","survey_method":"사진측량"},"geometry":{"type":"Polygon","coordinates":[[[128.82117,37.55721],[128.82114,37.55728],[128.82116,37.55731],[128.82126,37.55747],[128.82134,37.5576],[128.82136,37.55762],[128.82136,37.55762],[128.82136,37.55762],[128.82136,37.55761],[128.82136,37.5576],[128.82136,37.5576],[128.82135,37.55754],[128.82123,37.55733],[128.82118,37.55724],[128.82117,37.55721]]]}},{"type":"Feature","id":"TN_RIVER_BNDRY:WTR01000000008H4A","properties":{"NF_ID":"WTR01000000008H4A","admin_code":"51150","source_layer":"TN_RIVER_BNDRY","semantic":"zone","river_class":"지방하천","river_class_source":"중심선 공간조인","river_name":"송현천","river_code":"1020050","survey_method":"사진측량"},"geometry":{"type":"Polygon","coordinates":[[[128.84919,37.5641],[128.84902,37.56408],[128.84896,37.56465],[128.84972,37.5671],[128.84964,37.56895],[128.85,37.56997],[128.85111,37.57129],[128.85112,37.57302],[128.85046,37.57561],[128.85,37.5763],[128.84901,37.57644],[128.85004,37.57634],[128.85036,37.57572],[128.85059,37.57559],[128.85133,37.573],[128.85135,37.57199],[128.85153,37.5716],[128.85138,37.57085],[128.85077,37.57047],[128.84998,37.56932],[128.84985,37.56866],[128.85025,37.56765],[128.84924,37.5649],[128.84919,37.5641]]]}},{"type":"Feature","id":"TN_RIVER_BNDRY:WTR01000000008H5B","properties":{"NF_ID":"WTR01000000008H5B","admin_code":"51150","source_layer":"TN_RIVER_BNDRY","semantic":"zone","river_class":"지방하천","river_class_source":"중심선 공간조인","river_name":"송현천","river_code":"1020050","survey_method":"사진측량"},"geometry":{"type":"Polygon","coordinates":[[[128.84922,37.56395],[128.84902,37.56396],[128.84902,37.56408],[128.84919,37.5641],[128.84922,37.56395]]]}},{"type":"Feature","id":"TN_RIVER_BNDRY:WTR01000000008H6C","properties":{"NF_ID":"WTR01000000008H6C","admin_code":"51150","source_layer":"TN_RIVER_BNDRY","semantic":"zone","river_class":"지방하천","river_class_source":"중심선 공간조인","river_name":"송현천","river_code":"1020050","survey_method":"사진측량"},"geometry":{"type":"Polygon","coordinates":[[[128.84922,37.56395],[128.84959,37.563],[128.8495,37.56092],[128.84932,37.5606],[128.84767,37.55939],[128.84736,37.55873],[128.84742,37.55786],[128.84711,37.55791],[128.84708,37.55869],[128.84734,37.55928],[128.84801,37.56004],[128.84875,37.56035],[128.84916,37.56101],[128.8494,37.56286],[128.84902,37.56396],[128.84922,37.56395]]]}},{"type":"Feature","id":"TN_RIVER_BNDRY:WTR01000000008H7D","properties":{"NF_ID":"WTR01000000008H7D","admin_code":"51150","source_layer":"TN_RIVER_BNDRY","semantic":"zone","river_class":"소하천","river_class_source":"중심선 공간조인","survey_method":"사진측량"},"geometry":{"type":"Polygon","coordinates":[[[128.84711,37.55791],[128.84612,37.55823],[128.84485,37.55904],[128.84264,37.55911],[128.84167,37.5593],[128.84097,37.55975],[128.83924,37.55994],[128.83783,37.56],[128.83704,37.55988],[128.83659,37.56011],[128.83558,37.55998],[128.83486,37.56016],[128.83441,37.5601],[128.8337,37.5604],[128.83343,37.5608],[128.83248,37.56129],[128.831,37.56135],[128.83252,37.56131],[128.83343,37.56085],[128.83374,37.56043],[128.83442,37.56014],[128.83482,37.56021],[128.83557,37.56005],[128.83662,37.56017],[128.83697,37.55994],[128.83792,37.56006],[128.83924,37.56],[128.84096,37.5598],[128.84168,37.55934],[128.8427,37.55914],[128.84488,37.5591],[128.84605,37.55831],[128.84711,37.55791]]]}},{"type":"Feature","id":"TN_RIVER_BNDRY:WTR01000000008H8E","properties":{"NF_ID":"WTR01000000008H8E","admin_code":"51150","source_layer":"TN_RIVER_BNDRY","semantic":"zone","river_class":"지방하천","river_class_source":"중심선 공간조인","river_name":"송현천","river_code":"1020050","survey_method":"사진측량"},"geometry":{"type":"Polygon","coordinates":[[[128.84807,37.55196],[128.84803,37.55168],[128.84773,37.55165],[128.8478,37.55198],[128.84807,37.55196]]]}},{"type":"Feature","id":"TN_RIVER_BNDRY:WTR01000000008H9F","properties":{"NF_ID":"WTR01000000008H9F","admin_code":"51150","source_layer":"TN_RIVER_BNDRY","semantic":"zone","river_class":"지방하천","river_class_source":"중심선 공간조인","river_name":"송현천","river_code":"1020050","survey_method":"사진측량"},"geometry":{"type":"Polygon","coordinates":[[[128.8475,37.55773],[128.84832,37.55703],[128.84904,37.55585],[128.84911,37.55547],[128.84896,37.55438],[128.84807,37.55196],[128.8478,37.55198],[128.84863,37.55423],[128.84876,37.55549],[128.84823,37.55666],[128.84718,37.55774],[128.84712,37.55786],[128.8475,37.55773]]]}},{"type":"Feature","id":"TN_RIVER_BNDRY:WTR01000000008HAG","properties":{"NF_ID":"WTR01000000008HAG","admin_code":"51150","source_layer":"TN_RIVER_BNDRY","semantic":"zone","river_class":"소하천","river_class_source":"중심선 공간조인","survey_method":"사진측량"},"geometry":{"type":"Polygon","coordinates":[[[128.84803,37.55168],[128.84807,37.55196],[128.84957,37.55277],[128.84924,37.55241],[128.84803,37.55168]]]}},{"type":"Feature","id":"TN_RIVER_BNDRY:WTR01000000008HBH","properties":{"NF_ID":"WTR01000000008HBH","admin_code":"51150","source_layer":"TN_RIVER_BNDRY","semantic":"zone","river_class":"지방하천","river_class_source":"중심선 공간조인","river_name":"송현천","river_code":"1020050","survey_method":"사진측량"},"geometry":{"type":"Polygon","coordinates":[[[128.84742,37.55786],[128.8475,37.55773],[128.84711,37.55791],[128.84742,37.55786]]]}},{"type":"Feature","id":"TN_RIVER_BNDRY:WTR01000000008HCI","properties":{"NF_ID":"WTR01000000008HCI","admin_code":"51150","source_layer":"TN_RIVER_BNDRY","semantic":"zone","river_class":"지방하천","river_class_source":"중심선 공간조인","river_name":"대기천","river_code":"1020070","survey_method":"사진측량"},"geometry":{"type":"Polygon","coordinates":[[[128.76567,37.58106],[128.76569,37.5815],[128.76768,37.58161],[128.76854,37.58216],[128.76883,37.58217],[128.76861,37.58172],[128.76808,37.58136],[128.76682,37.58135],[128.76567,37.58106]]]}},{"type":"Feature","id":"TN_RIVER_BNDRY:WTR01000000008HDJ","properties":{"NF_ID":"WTR01000000008HDJ","admin_code":"51150","source_layer":"TN_RIVER_BNDRY","semantic":"zone","river_class":"등급미확인","survey_method":"사진측량"},"geometry":{"type":"Polygon","coordinates":[[[128.77344,37.57883],[128.77344,37.57883],[128.77343,37.57883],[128.77343,37.57884],[128.77342,37.57885],[128.77342,37.57886],[128.77342,37.57887],[128.77341,37.5789],[128.77341,37.57891],[128.77341,37.57896],[128.77341,37.57897],[128.77341,37.57898],[128.77341,37.57898],[128.77342,37.57899],[128.77342,37.57899],[128.77342,37.579],[128.77343,37.579],[128.77345,37.57899],[128.77345,37.57899],[128.77345,37.57899],[128.77345,37.57899],[128.77345,37.57895],[128.77345,37.57893],[128.77346,37.57887],[128.77346,37.57886],[128.77345,37.57885],[128.77345,37.57885],[128.77345,37.57884],[128.77344,37.57884],[128.77344,37.57883]]]}},{"type":"Feature","id":"TN_RIVER_BNDRY:WTR01000000008HEK","properties":{"NF_ID":"WTR01000000008HEK","admin_code":"51150","source_layer":"TN_RIVER_BNDRY","semantic":"zone","river_class":"지방하천","river_class_source":"중심선 공간조인","river_name":"대기천","river_code":"1020070","survey_method":"사진측량"},"geometry":{"type":"Polygon","coordinates":[[[128.77629,37.58618],[128.77032,37.58441],[128.76931,37.58362],[128.76884,37.58221],[128.76857,37.5822],[128.769,37.58384],[128.76996,37.58474],[128.77613,37.58665],[128.77629,37.58618]]]}},{"type":"Feature","id":"TN_RIVER_BNDRY:WTR01000000008HFL","properties":{"NF_ID":"WTR01000000008HFL","admin_code":"51150","source_layer":"TN_RIVER_BNDRY","semantic":"zone","river_class":"소하천","river_class_source":"중심선 공간조인","survey_method":"사진측량"},"geometry":{"type":"Polygon","coordinates":[[[128.7726,37.60191],[128.77242,37.60128],[128.77187,37.60061],[128.7718,37.60011],[128.7725,37.59829],[128.77253,37.59724],[128.77181,37.59615],[128.77186,37.59489],[128.77106,37.59426],[128.77098,37.59401],[128.7714,37.59365],[128.77297,37.59371],[128.77419,37.59332],[128.77447,37.59309],[128.7746,37.59241],[128.77393,37.59222],[128.77396,37.59174],[128.77434,37.59163],[128.77521,37.59186],[128.77614,37.59075],[128.77768,37.58961],[128.77794,37.58886],[128.77781,37.5872],[128.77764,37.58724],[128.77781,37.58854],[128.77766,37.58947],[128.77584,37.59088],[128.77514,37.59173],[128.77427,37.59157],[128.77387,37.59169],[128.77382,37.59223],[128.77446,37.59244],[128.77443,37.59298],[128.77392,37.5933],[128.773,37.59359],[128.77213,37.5937],[128.7713,37.59358],[128.77085,37.59399],[128.77093,37.59433],[128.77179,37.59497],[128.77186,37.59543],[128.77168,37.59621],[128.77236,37.59726],[128.77234,37.59834],[128.77178,37.59961],[128.77169,37.60038],[128.77174,37.60071],[128.77234,37.60135],[128.77244,37.60194],[128.7726,37.60191]]]}},{"type":"Feature","id":"TN_RIVER_BNDRY:WTR01000000008HGM","properties":{"NF_ID":"WTR01000000008HGM","admin_code":"51150","source_layer":"TN_RIVER_BNDRY","semantic":"zone","river_class":"소하천","river_class_source":"중심선 공간조인","survey_method":"사진측량"},"geometry":{"type":"Polygon","coordinates":[[[128.76883,37.58217],[128.77077,37.58285],[128.77101,37.58263],[128.77122,37.58132],[128.77093,37.58203],[128.7709,37.58267],[128.77071,37.58281],[128.76988,37.58242],[128.76883,37.58217]]]}},{"type":"Feature","id":"TN_RIVER_BNDRY:WTR01000000008HHN","properties":{"NF_ID":"WTR01000000008HHN","admin_code":"51150","source_layer":"TN_RIVER_BNDRY","semantic":"zone","river_class":"소하천","river_class_source":"중심선 공간조인","survey_method":"사진측량"},"geometry":{"type":"Polygon","coordinates":[[[128.76515,37.58083],[128.76542,37.58053],[128.76561,37.57967],[128.76539,37.57988],[128.76536,37.58048],[128.76515,37.58083]]]}},{"type":"Feature","id":"TN_RIVER_BNDRY:WTR01000000008HIO","properties":{"NF_ID":"WTR01000000008HIO","admin_code":"51150","source_layer":"TN_RIVER_BNDRY","semantic":"zone","river_class":"지방하천","river_class_source":"중심선 공간조인","river_name":"대기천","river_code":"1020070","survey_method":"사진측량"},"geometry":{"type":"Polygon","coordinates":[[[128.76539,37.58097],[128.76518,37.58089],[128.76492,37.58108],[128.7655,37.58147],[128.76539,37.58097]]]}},{"type":"Feature","id":"TN_RIVER_BNDRY:WTR01000000008HJP","properties":{"NF_ID":"WTR01000000008HJP","admin_code":"51150","source_layer":"TN_RIVER_BNDRY","semantic":"zone","river_class":"지방하천","river_class_source":"중심선 공간조인","river_name":"대기천","river_code":"1020070","survey_method":"사진측량"},"geometry":{"type":"Polygon","coordinates":[[[128.76567,37.58106],[128.76539,37.58097],[128.7655,37.58147],[128.76569,37.5815],[128.76567,37.58106]]]}},{"type":"Feature","id":"TN_RIVER_BNDRY:WTR01000000008HKQ","properties":{"NF_ID":"WTR01000000008HKQ","admin_code":"51150","source_layer":"TN_RIVER_BNDRY","semantic":"zone","river_class":"지방하천","river_class_source":"중심선 공간조인","river_name":"대기천","river_code":"1020070","survey_method":"사진측량"},"geometry":{"type":"Polygon","coordinates":[[[128.76883,37.58217],[128.76854,37.58216],[128.76856,37.58219],[128.76857,37.5822],[128.76884,37.58221],[128.76883,37.58217]]]}},{"type":"Feature","id":"TN_RIVER_BNDRY:WTR01000000008HLR","properties":{"NF_ID":"WTR01000000008HLR","admin_code":"51150","source_layer":"TN_RIVER_BNDRY","semantic":"zone","river_class":"지방하천","river_class_source":"중심선 공간조인","river_name":"대기천","river_code":"1020070","survey_method":"사진측량"},"geometry":{"type":"Polygon","coordinates":[[[128.76518,37.58089],[128.76477,37.58102],[128.76492,37.58108],[128.76518,37.58089]]]}},{"type":"Feature","id":"TN_RIVER_BNDRY:WTR01000000008HMS","properties":{"NF_ID":"WTR01000000008HMS","admin_code":"51150","source_layer":"TN_RIVER_BNDRY","semantic":"zone","river_class":"소하천","river_class_source":"중심선 공간조인","survey_method":"사진측량"},"geometry":{"type":"Polygon","coordinates":[[[128.78789,37.59835],[128.78741,37.59798],[128.78724,37.59822],[128.78757,37.59837],[128.78759,37.59858],[128.78789,37.59835]]]}},{"type":"Feature","id":"TN_RIVER_BNDRY:WTR01000000008HNT","properties":{"NF_ID":"WTR01000000008HNT","admin_code":"51150","source_layer":"TN_RIVER_BNDRY","semantic":"zone","river_class":"소하천","river_class_source":"중심선 공간조인","survey_method":"사진측량"},"geometry":{"type":"Polygon","coordinates":[[[128.78833,37.59945],[128.78814,37.59954],[128.78824,37.59965],[128.78839,37.59965],[128.78833,37.59945]]]}},{"type":"Feature","id":"TN_RIVER_BNDRY:WTR01000000008HOU","properties":{"NF_ID":"WTR01000000008HOU","admin_code":"51150","source_layer":"TN_RIVER_BNDRY","semantic":"zone","river_class":"소하천","river_class_source":"중심선 공간조인","survey_method":"사진측량"},"geometry":{"type":"Polygon","coordinates":[[[128.78482,37.59653],[128.78457,37.59622],[128.78436,37.59636],[128.7847,37.5966],[128.78482,37.59653]]]}},{"type":"Feature","id":"TN_RIVER_BNDRY:WTR01000000008HPV","properties":{"NF_ID":"WTR01000000008HPV","admin_code":"51150","source_layer":"TN_RIVER_BNDRY","semantic":"zone","river_class":"소하천","river_class_source":"중심선 공간조인","survey_method":"사진측량"},"geometry":{"type":"Polygon","coordinates":[[[128.78457,37.59622],[128.78302,37.59471],[128.78254,37.59374],[128.7825,37.59252],[128.78119,37.59094],[128.78122,37.59071],[128.78045,37.5897],[128.78005,37.58858],[128.77779,37.58685],[128.77781,37.5872],[128.77968,37.58845],[128.78013,37.58981],[128.78117,37.59113],[128.78132,37.59161],[128.7822,37.59249],[128.78233,37.59371],[128.78276,37.59486],[128.78436,37.59636],[128.78457,37.59622]]]}},{"type":"Feature","id":"TN_RIVER_BNDRY:WTR01000000008HQW","properties":{"NF_ID":"WTR01000000008HQW","admin_code":"51150","source_layer":"TN_RIVER_BNDRY","semantic":"zone","river_class":"소하천","river_class_source":"중심선 공간조인","survey_method":"사진측량"},"geometry":{"type":"Polygon","coordinates":[[[128.78833,37.59945],[128.78789,37.59835],[128.78759,37.59858],[128.78814,37.59954],[128.78833,37.59945]]]}},{"type":"Feature","id":"TN_RIVER_BNDRY:WTR01000000008HRX","properties":{"NF_ID":"WTR01000000008HRX","admin_code":"51150","source_layer":"TN_RIVER_BNDRY","semantic":"zone","river_class":"소하천","river_class_source":"중심선 공간조인","survey_method":"사진측량"},"geometry":{"type":"Polygon","coordinates":[[[128.79764,37.60022],[128.79666,37.60031],[128.79602,37.60053],[128.79544,37.60002],[128.79465,37.59996],[128.79436,37.60004],[128.79357,37.60075],[128.79287,37.60073],[128.79201,37.60107],[128.79028,37.60086],[128.79019,37.6006],[128.78952,37.60021],[128.78909,37.59969],[128.78833,37.59945],[128.78839,37.59965],[128.78902,37.59978],[128.79021,37.60091],[128.79193,37.60112],[128.79296,37.6008],[128.79352,37.60092],[128.79423,37.60026],[128.79472,37.60003],[128.79531,37.60002],[128.79607,37.6006],[128.79764,37.60022]]]}},{"type":"Feature","id":"TN_RIVER_BNDRY:WTR01000000008HSY","properties":{"NF_ID":"WTR01000000008HSY","admin_code":"51150","source_layer":"TN_RIVER_BNDRY","semantic":"zone","river_class":"소하천","river_class_source":"중심선 공간조인","survey_method":"사진측량"},"geometry":{"type":"Polygon","coordinates":[[[128.78997,37.6068],[128.78948,37.60616],[128.78877,37.60583],[128.78851,37.60556],[128.78874,37.60484],[128.78873,37.6037],[128.78907,37.60288],[128.78899,37.6022],[128.78921,37.60111],[128.78863,37.60041],[128.78839,37.59965],[128.78824,37.59965],[128.78844,37.60044],[128.78896,37.60116],[128.78886,37.60286],[128.78858,37.60363],[128.78834,37.60564],[128.78938,37.60625],[128.78985,37.60694],[128.78997,37.6068]]]}},{"type":"Feature","id":"TN_RIVER_BNDRY:WTR01000000008HTZ","properties":{"NF_ID":"WTR01000000008HTZ","admin_code":"51150","source_layer":"TN_RIVER_BNDRY","semantic":"zone","river_class":"소하천","river_class_source":"중심선 공간조인","survey_method":"사진측량"},"geometry":{"type":"Polygon","coordinates":[[[128.78741,37.59798],[128.78689,37.59786],[128.78482,37.59653],[128.7847,37.5966],[128.78684,37.59814],[128.78724,37.59822],[128.78741,37.59798]]]}},{"type":"Feature","id":"TN_RIVER_BNDRY:WTR01000000008HU0","properties":{"NF_ID":"WTR01000000008HU0","admin_code":"51150","source_layer":"TN_RIVER_BNDRY","semantic":"zone","river_class":"소하천","river_class_source":"중심선 공간조인","survey_method":"사진측량"},"geometry":{"type":"Polygon","coordinates":[[[128.78457,37.59622],[128.78482,37.59653],[128.78561,37.59666],[128.78607,37.59709],[128.78702,37.59734],[128.78748,37.59779],[128.78741,37.59798],[128.78789,37.59835],[128.78723,37.59733],[128.7861,37.59702],[128.78572,37.5966],[128.78457,37.59622]]]}},{"type":"Feature","id":"TN_RIVER_BNDRY:WTR01000000008HV1","properties":{"NF_ID":"WTR01000000008HV1","admin_code":"51150","source_layer":"TN_RIVER_BNDRY","semantic":"zone","river_class":"지방하천","river_class_source":"중심선 공간조인","river_name":"대기천","river_code":"1020070","survey_method":"사진측량"},"geometry":{"type":"Polygon","coordinates":[[[128.78747,37.58313],[128.78746,37.58292],[128.78716,37.583],[128.78671,37.58338],[128.78653,37.58451],[128.786,37.58489],[128.78541,37.5848],[128.78335,37.58349],[128.78266,37.58333],[128.78219,37.58366],[128.78115,37.58514],[128.78051,37.58535],[128.77736,37.58566],[128.77629,37.58618],[128.77717,37.58633],[128.77737,37.58606],[128.77815,37.58581],[128.78102,37.58551],[128.78143,37.58523],[128.78245,37.58372],[128.78279,37.58359],[128.78421,37.58415],[128.78552,37.58518],[128.78599,37.58518],[128.78678,37.58474],[128.78672,37.58396],[128.78686,37.58356],[128.78705,37.58325],[128.78747,37.58313]]]}},{"type":"Feature","id":"TN_RIVER_BNDRY:WTR01000000008HW2","properties":{"NF_ID":"WTR01000000008HW2","admin_code":"51150","source_layer":"TN_RIVER_BNDRY","semantic":"zone","river_class":"소하천","river_class_source":"중심선 공간조인","survey_method":"사진측량"},"geometry":{"type":"Polygon","coordinates":[[[128.79765,37.60015],[128.79812,37.59971],[128.79802,37.59868],[128.7982,37.59781],[128.79903,37.59725],[128.79928,37.59641],[128.79962,37.5961],[128.79975,37.59522],[128.80096,37.59419],[128.80151,37.59407],[128.80275,37.59409],[128.80146,37.59398],[128.80094,37.59411],[128.79971,37.59514],[128.79955,37.59605],[128.79916,37.59654],[128.79895,37.59724],[128.79815,37.59779],[128.79797,37.59869],[128.79807,37.59965],[128.79765,37.60015]]]}},{"type":"Feature","id":"TN_RIVER_BNDRY:WTR01000000008HX3","properties":{"NF_ID":"WTR01000000008HX3","admin_code":"51150","source_layer":"TN_RIVER_BNDRY","semantic":"zone","river_class":"지방하천","river_class_source":"중심선 공간조인","river_name":"대기천","river_code":"1020070","survey_method":"사진측량"},"geometry":{"type":"Polygon","coordinates":[[[128.79891,37.57601],[128.79816,37.57618],[128.79811,37.57713],[128.79777,37.5781],[128.79723,37.57844],[128.79607,37.57863],[128.79572,37.57883],[128.79355,37.58112],[128.79338,37.58213],[128.79287,37.58269],[128.79285,37.58297],[128.79128,37.58373],[128.79016,37.58473],[128.79138,37.58378],[128.79295,37.58301],[128.79305,37.58264],[128.79355,37.58218],[128.79387,37.58109],[128.79535,37.57981],[128.79594,37.57904],[128.79644,37.57884],[128.79728,37.5788],[128.79796,37.57849],[128.79847,37.5768],[128.79892,37.57623],[128.79891,37.57601]]]}},{"type":"Feature","id":"TN_RIVER_BNDRY:WTR01000000008HY4","properties":{"NF_ID":"WTR01000000008HY4","admin_code":"51150","source_layer":"TN_RIVER_BNDRY","semantic":"zone","river_class":"지방하천","river_class_source":"중심선 공간조인","river_name":"대기천","river_code":"1020070","survey_method":"사진측량"},"geometry":{"type":"Polygon","coordinates":[[[128.79016,37.58473],[128.79011,37.58466],[128.79006,37.58466],[128.79003,37.58466],[128.79005,37.58473],[128.79016,37.58473]]]}},{"type":"Feature","id":"TN_RIVER_BNDRY:WTR01000000008HZ5","properties":{"NF_ID":"WTR01000000008HZ5","admin_code":"51150","source_layer":"TN_RIVER_BNDRY","semantic":"zone","river_class":"소하천","river_class_source":"중심선 공간조인","survey_method":"사진측량"},"geometry":{"type":"Polygon","coordinates":[[[128.8023,37.58185],[128.80236,37.58161],[128.80128,37.58239],[128.79999,37.58372],[128.79909,37.58394],[128.79864,37.58448],[128.79831,37.58562],[128.79697,37.58583],[128.79495,37.58557],[128.79384,37.58646],[128.79322,37.5865],[128.79175,37.58608],[128.79107,37.58551],[128.79042,37.58552],[128.79038,37.58494],[128.79016,37.58473],[128.79025,37.58548],[128.7905,37.58562],[128.79102,37.5856],[128.79177,37.58618],[128.79227,37.58623],[128.79306,37.58657],[128.79401,37.58648],[128.79508,37.58564],[128.79672,37.5859],[128.79822,37.58573],[128.79855,37.58554],[128.79866,37.58483],[128.79902,37.5843],[128.79996,37.58396],[128.80113,37.58264],[128.8023,37.58185]]]}},{"type":"Feature","id":"TN_RIVER_BNDRY:WTR01000000008I07","properties":{"NF_ID":"WTR01000000008I07","admin_code":"51150","source_layer":"TN_RIVER_BNDRY","semantic":"zone","river_class":"지방하천","river_class_source":"중심선 공간조인","river_name":"대기천","river_code":"1020070","survey_method":"사진측량"},"geometry":{"type":"Polygon","coordinates":[[[128.79005,37.58473],[128.78967,37.58444],[128.78905,37.58334],[128.78757,37.58291],[128.78758,37.58312],[128.78865,37.58336],[128.78953,37.58466],[128.79005,37.58473]]]}},{"type":"Feature","id":"TN_RIVER_BNDRY:WTR01000000008I18","properties":{"NF_ID":"WTR01000000008I18","admin_code":"51150","source_layer":"TN_RIVER_BNDRY","semantic":"zone","river_class":"지방하천","river_class_source":"중심선 공간조인","river_name":"대기천","river_code":"1020070","survey_method":"사진측량"},"geometry":{"type":"Polygon","coordinates":[[[128.78758,37.58312],[128.78757,37.58291],[128.78746,37.58292],[128.78747,37.58313],[128.78758,37.58312]]]}},{"type":"Feature","id":"TN_RIVER_BNDRY:WTR01000000008I29","properties":{"NF_ID":"WTR01000000008I29","admin_code":"51150","source_layer":"TN_RIVER_BNDRY","semantic":"zone","river_class":"소하천","river_class_source":"중심선 공간조인","survey_method":"사진측량"},"geometry":{"type":"Polygon","coordinates":[[[128.78757,37.58291],[128.7884,37.58215],[128.7883,37.5815],[128.78853,37.58045],[128.78911,37.57962],[128.78847,37.58036],[128.78824,37.58153],[128.78834,37.58218],[128.78754,37.58275],[128.78757,37.58291]]]}},{"type":"Feature","id":"TN_RIVER_BNDRY:WTR01000000008I3A","properties":{"NF_ID":"WTR01000000008I3A","admin_code":"51150","source_layer":"TN_RIVER_BNDRY","semantic":"zone","river_class":"소하천","river_class_source":"중심선 공간조인","survey_method":"사진측량"},"geometry":{"type":"Polygon","coordinates":[[[128.77764,37.58676],[128.77717,37.58633],[128.77695,37.58672],[128.77711,37.58691],[128.77764,37.58724],[128.77764,37.58676]]]}},{"type":"Feature","id":"TN_RIVER_BNDRY:WTR01000000008I4B","properties":{"NF_ID":"WTR01000000008I4B","admin_code":"51150","source_layer":"TN_RIVER_BNDRY","semantic":"zone","river_class":"소하천","river_class_source":"중심선 공간조인","survey_method":"사진측량"},"geometry":{"type":"Polygon","coordinates":[[[128.77781,37.5872],[128.77764,37.58676],[128.77764,37.58724],[128.77781,37.5872]]]}},{"type":"Feature","id":"TN_RIVER_BNDRY:WTR01000000008I5C","properties":{"NF_ID":"WTR01000000008I5C","admin_code":"51150","source_layer":"TN_RIVER_BNDRY","semantic":"zone","river_class":"지방하천","river_class_source":"중심선 공간조인","river_name":"대기천","river_code":"1020070","survey_method":"사진측량"},"geometry":{"type":"Polygon","coordinates":[[[128.77695,37.58672],[128.77717,37.58633],[128.77629,37.58618],[128.77613,37.58665],[128.77695,37.58672]]]}},{"type":"Feature","id":"TN_RIVER_BNDRY:WTR01000000008I6D","properties":{"NF_ID":"WTR01000000008I6D","admin_code":"51150","source_layer":"TN_RIVER_BNDRY","semantic":"zone","river_class":"지방하천","river_class_source":"중심선 공간조인","river_name":"대기천","river_code":"1020070","survey_method":"사진측량"},"geometry":{"type":"Polygon","coordinates":[[[128.79891,37.57601],[128.79816,37.57605],[128.79816,37.57618],[128.79891,37.57601]]]}},{"type":"Feature","id":"TN_RIVER_BNDRY:WTR01000000008I7E","properties":{"NF_ID":"WTR01000000008I7E","admin_code":"51150","source_layer":"TN_RIVER_BNDRY","semantic":"zone","river_class":"소하천","river_class_source":"중심선 공간조인","survey_method":"사진측량"},"geometry":{"type":"Polygon","coordinates":[[[128.82297,37.59708],[128.8229,37.59579],[128.82354,37.59498],[128.82315,37.59398],[128.82347,37.59358],[128.82346,37.59283],[128.82338,37.59358],[128.82307,37.59402],[128.82347,37.59501],[128.82282,37.59581],[128.82297,37.59708]]]}},{"type":"Feature","id":"TN_RIVER_BNDRY:WTR01000000008I8F","properties":{"NF_ID":"WTR01000000008I8F","admin_code":"51150","source_layer":"TN_RIVER_BNDRY","semantic":"zone","river_class":"소하천","river_class_source":"중심선 공간조인","survey_method":"사진측량"},"geometry":{"type":"Polygon","coordinates":[[[128.82079,37.59993],[128.81956,37.60101],[128.81935,37.60145],[128.81813,37.60225],[128.81799,37.60265],[128.8173,37.60336],[128.8168,37.60346],[128.81583,37.60405],[128.81511,37.60416],[128.81377,37.60475],[128.81297,37.60477],[128.81191,37.6053],[128.80931,37.60518],[128.80851,37.60577],[128.80675,37.60646],[128.80628,37.60697],[128.80637,37.6071],[128.80684,37.60663],[128.80875,37.60581],[128.80935,37.60529],[128.81201,37.6054],[128.813,37.60491],[128.81406,37.60475],[128.81507,37.60423],[128.81579,37.60421],[128.81687,37.60355],[128.81744,37.60343],[128.81788,37.60293],[128.81813,37.60229],[128.81933,37.60151],[128.81958,37.60104],[128.82079,37.59993]]]}},{"type":"Feature","id":"TN_RIVER_BNDRY:WTR01000000008I9G","properties":{"NF_ID":"WTR01000000008I9G","admin_code":"51150","source_layer":"TN_RIVER_BNDRY","semantic":"zone","river_class":"소하천","river_class_source":"중심선 공간조인","survey_method":"사진측량"},"geometry":{"type":"Polygon","coordinates":[[[128.82083,37.59989],[128.82184,37.60014],[128.82321,37.60152],[128.82396,37.6017],[128.82399,37.60252],[128.82414,37.60217],[128.82403,37.60168],[128.8232,37.60146],[128.82187,37.60009],[128.82083,37.59989]]]}},{"type":"Feature","id":"TN_RIVER_BNDRY:WTR01000000008IAH","properties":{"NF_ID":"WTR01000000008IAH","admin_code":"51150","source_layer":"TN_RIVER_BNDRY","semantic":"zone","river_class":"소하천","river_class_source":"중심선 공간조인","survey_method":"사진측량"},"geometry":{"type":"Polygon","coordinates":[[[128.80248,37.58176],[128.80254,37.58161],[128.80236,37.58161],[128.8023,37.58185],[128.80248,37.58176]]]}},{"type":"Feature","id":"TN_RIVER_BNDRY:WTR01000000008IBI","properties":{"NF_ID":"WTR01000000008IBI","admin_code":"51150","source_layer":"TN_RIVER_BNDRY","semantic":"zone","river_class":"소하천","river_class_source":"중심선 공간조인","survey_method":"사진측량"},"geometry":{"type":"Polygon","coordinates":[[[128.80236,37.58161],[128.80254,37.58161],[128.8026,37.58094],[128.80335,37.57961],[128.80558,37.57858],[128.80648,37.5785],[128.80671,37.57869],[128.80758,37.5789],[128.80675,37.57863],[128.80654,37.57843],[128.80562,37.57851],[128.80328,37.57956],[128.80255,37.58092],[128.80236,37.58161]]]}},{"type":"Feature","id":"TN_RIVER_BNDRY:WTR01000000008ICJ","properties":{"NF_ID":"WTR01000000008ICJ","admin_code":"51150","source_layer":"TN_RIVER_BNDRY","semantic":"zone","river_class":"소하천","river_class_source":"중심선 공간조인","survey_method":"사진측량"},"geometry":{"type":"Polygon","coordinates":[[[128.80254,37.58161],[128.80248,37.58176],[128.8033,37.58176],[128.80254,37.58161]]]}},{"type":"Feature","id":"TN_RIVER_BNDRY:WTR01000000008IDK","properties":{"NF_ID":"WTR01000000008IDK","admin_code":"51150","source_layer":"TN_RIVER_BNDRY","semantic":"zone","river_class":"소하천","river_class_source":"중심선 공간조인","survey_method":"사진측량"},"geometry":{"type":"Polygon","coordinates":[[[128.82083,37.59989],[128.82079,37.59986],[128.82079,37.59987],[128.82077,37.5999],[128.82075,37.59992],[128.82079,37.59993],[128.82083,37.59989]]]}},{"type":"Feature","id":"TN_RIVER_BNDRY:WTR01000000008IEL","properties":{"NF_ID":"WTR01000000008IEL","admin_code":"51150","source_layer":"TN_RIVER_BNDRY","semantic":"zone","river_class":"소하천","river_class_source":"중심선 공간조인","survey_method":"사진측량"},"geometry":{"type":"Polygon","coordinates":[[[128.82224,37.59846],[128.82126,37.59918],[128.82079,37.59986],[128.82124,37.59924],[128.82224,37.59846]]]}},{"type":"Feature","id":"TN_RIVER_BNDRY:WTR01000000008IFM","properties":{"NF_ID":"WTR01000000008IFM","admin_code":"51150","source_layer":"TN_RIVER_BNDRY","semantic":"zone","river_class":"소하천","river_class_source":"중심선 공간조인","survey_method":"사진측량"},"geometry":{"type":"Polygon","coordinates":[[[128.82227,37.59842],[128.82221,37.59842],[128.82221,37.59842],[128.82221,37.59844],[128.8222,37.59846],[128.82224,37.59846],[128.82227,37.59842]]]}},{"type":"Feature","id":"TN_RIVER_BNDRY:WTR01000000008IGN","properties":{"NF_ID":"WTR01000000008IGN","admin_code":"51150","source_layer":"TN_RIVER_BNDRY","semantic":"zone","river_class":"소하천","river_class_source":"중심선 공간조인","survey_method":"사진측량"},"geometry":{"type":"Polygon","coordinates":[[[128.82302,37.59712],[128.82239,37.5977],[128.82221,37.59842],[128.82242,37.59771],[128.82302,37.59712]]]}},{"type":"Feature","id":"TN_RIVER_BNDRY:WTR01000000008IHO","properties":{"NF_ID":"WTR01000000008IHO","admin_code":"51150","source_layer":"TN_RIVER_BNDRY","semantic":"zone","river_class":"소하천","river_class_source":"중심선 공간조인","survey_method":"사진측량"},"geometry":{"type":"Polygon","coordinates":[[[128.82303,37.59708],[128.82297,37.59708],[128.82298,37.59708],[128.82297,37.59709],[128.82297,37.59711],[128.82302,37.59712],[128.82303,37.59708]]]}},{"type":"Feature","id":"TN_RIVER_BNDRY:WTR01000000008IIP","properties":{"NF_ID":"WTR01000000008IIP","admin_code":"51150","source_layer":"TN_RIVER_BNDRY","semantic":"zone","river_class":"소하천","river_class_source":"중심선 공간조인","survey_method":"사진측량"},"geometry":{"type":"Polygon","coordinates":[[[128.82227,37.59842],[128.82224,37.59846],[128.82224,37.59846],[128.82236,37.5985],[128.82242,37.59852],[128.82243,37.59852],[128.82252,37.59855],[128.82254,37.59856],[128.82266,37.59858],[128.82297,37.59866],[128.82319,37.59871],[128.82335,37.59875],[128.82342,37.59876],[128.82346,37.59875],[128.82349,37.59875],[128.8235,37.59874],[128.82357,37.59871],[128.82348,37.59873],[128.82342,37.59872],[128.82335,37.59871],[128.82307,37.59864],[128.82275,37.59856],[128.82256,37.59851],[128.82254,37.59852],[128.82247,37.5985],[128.82246,37.59849],[128.82244,37.59849],[128.82243,37.59848],[128.8224,37.59847],[128.82227,37.59843],[128.82227,37.59842]]]}},{"type":"Feature","id":"TN_RIVER_BNDRY:WTR01000000008IJQ","properties":{"NF_ID":"WTR01000000008IJQ","admin_code":"51150","source_layer":"TN_RIVER_BNDRY","semantic":"zone","river_class":"소하천","river_class_source":"중심선 공간조인","survey_method":"사진측량"},"geometry":{"type":"Polygon","coordinates":[[[128.82303,37.59708],[128.82323,37.59709],[128.82415,37.59647],[128.82483,37.59572],[128.82448,37.59591],[128.82406,37.59646],[128.82303,37.59708]]]}},{"type":"Feature","id":"TN_RIVER_BNDRY:WTR01000000008IKR","properties":{"NF_ID":"WTR01000000008IKR","admin_code":"51150","source_layer":"TN_RIVER_BNDRY","semantic":"zone","river_class":"지방하천","river_class_source":"중심선 공간조인","river_name":"도마천","river_code":"1420020","survey_method":"사진측량"},"geometry":{"type":"Polygon","coordinates":[[[128.8587,37.60835],[128.85739,37.60707],[128.85724,37.60637],[128.85809,37.60556],[128.85815,37.60514],[128.85792,37.60453],[128.85709,37.60371],[128.85722,37.60336],[128.85702,37.60275],[128.85639,37.60227],[128.85704,37.60172],[128.85759,37.60037],[128.85754,37.59944],[128.85776,37.599],[128.85749,37.59842],[128.85773,37.59752],[128.85791,37.59718],[128.85835,37.59689],[128.85834,37.59662],[128.85891,37.59567],[128.85895,37.59521],[128.85875,37.59471],[128.85833,37.59442],[128.85862,37.59391],[128.85822,37.59442],[128.85868,37.5948],[128.8588,37.59561],[128.85824,37.59653],[128.85822,37.59686],[128.85777,37.59715],[128.8572,37.59816],[128.85766,37.59897],[128.85737,37.59945],[128.85747,37.60029],[128.8569,37.60172],[128.85624,37.60226],[128.85695,37.60297],[128.85697,37.60377],[128.8577,37.60446],[128.85799,37.60499],[128.85795,37.60555],[128.85712,37.60636],[128.85717,37.60686],[128.85735,37.60723],[128.85849,37.60838],[128.8587,37.60835]]]}},{"type":"Feature","id":"TN_RIVER_BNDRY:WTR01000000008ILS","properties":{"NF_ID":"WTR01000000008ILS","admin_code":"51150","source_layer":"TN_RIVER_BNDRY","semantic":"zone","river_class":"소하천","river_class_source":"중심선 공간조인","survey_method":"사진측량"},"geometry":{"type":"Polygon","coordinates":[[[128.77337,37.61135],[128.77293,37.61126],[128.77231,37.61142],[128.77152,37.61119],[128.7706,37.61141],[128.76732,37.61455],[128.76924,37.61297],[128.77021,37.61178],[128.77071,37.61144],[128.77147,37.61126],[128.77227,37.61149],[128.77337,37.61135]]]}},{"type":"Feature","id":"TN_RIVER_BNDRY:WTR01000000008IMT","properties":{"NF_ID":"WTR01000000008IMT","admin_code":"51150","source_layer":"TN_RIVER_BNDRY","semantic":"zone","river_class":"소하천","river_class_source":"중심선 공간조인","survey_method":"사진측량"},"geometry":{"type":"Polygon","coordinates":[[[128.77245,37.60203],[128.77113,37.60216],[128.76931,37.60316],[128.7685,37.6031],[128.76803,37.60337],[128.76711,37.60358],[128.76578,37.60427],[128.76522,37.60473],[128.76705,37.60366],[128.76797,37.60346],[128.76852,37.60315],[128.76926,37.60322],[128.771,37.60226],[128.77245,37.60203]]]}},{"type":"Feature","id":"TN_RIVER_BNDRY:WTR01000000008INU","properties":{"NF_ID":"WTR01000000008INU","admin_code":"51150","source_layer":"TN_RIVER_BNDRY","semantic":"zone","river_class":"소하천","river_class_source":"중심선 공간조인","survey_method":"사진측량"},"geometry":{"type":"Polygon","coordinates":[[[128.77485,37.61077],[128.77619,37.61144],[128.77704,37.61155],[128.77786,37.61129],[128.77921,37.61118],[128.77944,37.61089],[128.78052,37.61032],[128.78133,37.60993],[128.78211,37.60975],[128.7812,37.60998],[128.77953,37.6108],[128.77924,37.6111],[128.77787,37.61122],[128.77699,37.6115],[128.77623,37.6114],[128.77485,37.61077]]]}},{"type":"Feature","id":"TN_RIVER_BNDRY:WTR01000000008IOV","properties":{"NF_ID":"WTR01000000008IOV","admin_code":"51150","source_layer":"TN_RIVER_BNDRY","semantic":"zone","river_class":"소하천","river_class_source":"중심선 공간조인","survey_method":"사진측량"},"geometry":{"type":"Polygon","coordinates":[[[128.77251,37.60487],[128.77288,37.60614],[128.77384,37.60731],[128.77414,37.60828],[128.77468,37.60868],[128.77499,37.6092],[128.77509,37.60983],[128.77467,37.61067],[128.77485,37.61077],[128.77523,37.60972],[128.77496,37.60872],[128.77435,37.6082],[128.77396,37.6073],[128.77301,37.6062],[128.77251,37.60487]]]}},{"type":"Feature","id":"TN_RIVER_BNDRY:WTR01000000008IPW","properties":{"NF_ID":"WTR01000000008IPW","admin_code":"51150","source_layer":"TN_RIVER_BNDRY","semantic":"zone","river_class":"소하천","river_class_source":"중심선 공간조인","survey_method":"사진측량"},"geometry":{"type":"Polygon","coordinates":[[[128.7725,37.6048],[128.77225,37.6034],[128.77231,37.60306],[128.77265,37.6027],[128.77263,37.60202],[128.77245,37.60203],[128.77256,37.60255],[128.77216,37.60349],[128.77222,37.6042],[128.7725,37.6048]]]}},{"type":"Feature","id":"TN_RIVER_BNDRY:WTR01000000008IQX","properties":{"NF_ID":"WTR01000000008IQX","admin_code":"51150","source_layer":"TN_RIVER_BNDRY","semantic":"zone","river_class":"소하천","river_class_source":"중심선 공간조인","survey_method":"사진측량"},"geometry":{"type":"Polygon","coordinates":[[[128.77242,37.60489],[128.77022,37.60538],[128.76811,37.60686],[128.76656,37.60747],[128.7655,37.60758],[128.76489,37.60788],[128.76553,37.60763],[128.76661,37.60753],[128.7677,37.60712],[128.76858,37.60668],[128.77015,37.6055],[128.77242,37.60489]]]}},{"type":"Feature","id":"TN_RIVER_BNDRY:WTR01000000008IRY","properties":{"NF_ID":"WTR01000000008IRY","admin_code":"51150","source_layer":"TN_RIVER_BNDRY","semantic":"zone","river_class":"소하천","river_class_source":"중심선 공간조인","survey_method":"사진측량"},"geometry":{"type":"Polygon","coordinates":[[[128.77347,37.61135],[128.77251,37.61329],[128.77259,37.61375],[128.77316,37.61476],[128.77378,37.61528],[128.77426,37.6161],[128.77491,37.61663],[128.77675,37.61693],[128.77494,37.61659],[128.77435,37.61613],[128.77383,37.61525],[128.77317,37.61468],[128.77263,37.61373],[128.77256,37.61331],[128.77341,37.61179],[128.77347,37.61135]]]}},{"type":"Feature","id":"TN_RIVER_BNDRY:WTR01000000008ISZ","properties":{"NF_ID":"WTR01000000008ISZ","admin_code":"51150","source_layer":"TN_RIVER_BNDRY","semantic":"zone","river_class":"소하천","river_class_source":"중심선 공간조인","survey_method":"사진측량"},"geometry":{"type":"Polygon","coordinates":[[[128.7748,37.61083],[128.77456,37.61075],[128.77347,37.61135],[128.7748,37.61083]]]}},{"type":"Feature","id":"TN_RIVER_BNDRY:WTR01000000008IT0","properties":{"NF_ID":"WTR01000000008IT0","admin_code":"51150","source_layer":"TN_RIVER_BNDRY","semantic":"zone","river_class":"소하천","river_class_source":"중심선 공간조인","survey_method":"사진측량"},"geometry":{"type":"Polygon","coordinates":[[[128.77347,37.61126],[128.77344,37.61127],[128.77337,37.61127],[128.77337,37.61135],[128.77347,37.61135],[128.77347,37.61126]]]}},{"type":"Feature","id":"TN_RIVER_BNDRY:WTR01000000008IU1","properties":{"NF_ID":"WTR01000000008IU1","admin_code":"51150","source_layer":"TN_RIVER_BNDRY","semantic":"zone","river_class":"소하천","river_class_source":"중심선 공간조인","survey_method":"사진측량"},"geometry":{"type":"Polygon","coordinates":[[[128.77263,37.60202],[128.77262,37.60199],[128.7726,37.60191],[128.77244,37.60194],[128.77245,37.60203],[128.77263,37.60202]]]}},{"type":"Feature","id":"TN_RIVER_BNDRY:WTR01000000008IV2","properties":{"NF_ID":"WTR01000000008IV2","admin_code":"51150","source_layer":"TN_RIVER_BNDRY","semantic":"zone","river_class":"소하천","river_class_source":"중심선 공간조인","survey_method":"사진측량"},"geometry":{"type":"Polygon","coordinates":[[[128.77251,37.60487],[128.7725,37.6048],[128.77239,37.60482],[128.77242,37.60489],[128.77251,37.60487]]]}},{"type":"Feature","id":"TN_RIVER_BNDRY:WTR01000000008IW3","properties":{"NF_ID":"WTR01000000008IW3","admin_code":"51150","source_layer":"TN_RIVER_BNDRY","semantic":"zone","river_class":"소하천","river_class_source":"중심선 공간조인","survey_method":"사진측량"},"geometry":{"type":"Polygon","coordinates":[[[128.77485,37.61077],[128.77467,37.61067],[128.77464,37.61068],[128.77456,37.6107],[128.77456,37.61071],[128.77458,37.61072],[128.77456,37.61075],[128.7748,37.61083],[128.77485,37.61077]]]}},{"type":"Feature","id":"TN_RIVER_BNDRY:WTR01000000008IX4","properties":{"NF_ID":"WTR01000000008IX4","admin_code":"51150","source_layer":"TN_RIVER_BNDRY","semantic":"zone","river_class":"소하천","river_class_source":"중심선 공간조인","survey_method":"사진측량"},"geometry":{"type":"Polygon","coordinates":[[[128.79772,37.60016],[128.80005,37.60077],[128.80077,37.60073],[128.80097,37.60057],[128.80075,37.60072],[128.80011,37.60075],[128.79772,37.60016]]]}},{"type":"Feature","id":"TN_RIVER_BNDRY:WTR01000000008IY5","properties":{"NF_ID":"WTR01000000008IY5","admin_code":"51150","source_layer":"TN_RIVER_BNDRY","semantic":"zone","river_class":"소하천","river_class_source":"중심선 공간조인","survey_method":"사진측량"},"geometry":{"type":"Polygon","coordinates":[[[128.80627,37.60713],[128.80615,37.607],[128.80559,37.60703],[128.80481,37.60678],[128.80425,37.60706],[128.80372,37.60789],[128.80314,37.60824],[128.79865,37.60843],[128.79678,37.6092],[128.79598,37.60924],[128.79537,37.60896],[128.79468,37.60894],[128.79391,37.60849],[128.79327,37.60854],[128.79284,37.60797],[128.79101,37.60741],[128.79019,37.60697],[128.79008,37.60709],[128.79278,37.60807],[128.79328,37.60883],[128.79412,37.60877],[128.79464,37.60911],[128.7953,37.60905],[128.79602,37.6094],[128.79672,37.60931],[128.79863,37.60868],[128.80324,37.6084],[128.80388,37.60797],[128.80475,37.60698],[128.80627,37.60713]]]}},{"type":"Feature","id":"TN_RIVER_BNDRY:WTR01000000008IZ6","properties":{"NF_ID":"WTR01000000008IZ6","admin_code":"51150","source_layer":"TN_RIVER_BNDRY","semantic":"zone","river_class":"소하천","river_class_source":"중심선 공간조인","survey_method":"사진측량"},"geometry":{"type":"Polygon","coordinates":[[[128.79019,37.60697],[128.78997,37.6068],[128.78985,37.60694],[128.79008,37.60709],[128.79019,37.60697]]]}},{"type":"Feature","id":"TN_RIVER_BNDRY:WTR01000000008J08","properties":{"NF_ID":"WTR01000000008J08","admin_code":"51150","source_layer":"TN_RIVER_BNDRY","semantic":"zone","river_class":"소하천","river_class_source":"중심선 공간조인","survey_method":"사진측량"},"geometry":{"type":"Polygon","coordinates":[[[128.79008,37.60709],[128.78985,37.60694],[128.78983,37.60716],[128.78947,37.60748],[128.78897,37.60753],[128.7884,37.60836],[128.78859,37.60871],[128.7885,37.60889],[128.78869,37.60876],[128.78855,37.60824],[128.78905,37.60756],[128.78952,37.60753],[128.79008,37.60709]]]}},{"type":"Feature","id":"TN_RIVER_BNDRY:WTR01000000008J19","properties":{"NF_ID":"WTR01000000008J19","admin_code":"51150","source_layer":"TN_RIVER_BNDRY","semantic":"zone","river_class":"소하천","river_class_source":"중심선 공간조인","survey_method":"사진측량"},"geometry":{"type":"Polygon","coordinates":[[[128.7977,37.6002],[128.79772,37.60016],[128.79765,37.60015],[128.79764,37.60022],[128.79768,37.6002],[128.7977,37.6002]]]}},{"type":"Feature","id":"TN_RIVER_BNDRY:WTR01000000008J2A","properties":{"NF_ID":"WTR01000000008J2A","admin_code":"51150","source_layer":"TN_RIVER_BNDRY","semantic":"zone","river_class":"소하천","river_class_source":"중심선 공간조인","survey_method":"사진측량"},"geometry":{"type":"Polygon","coordinates":[[[128.80637,37.6071],[128.80628,37.60697],[128.80625,37.60698],[128.80615,37.607],[128.80627,37.60713],[128.80637,37.6071]]]}},{"type":"Feature","id":"TN_RIVER_BNDRY:WTR01000000008J3B","properties":{"NF_ID":"WTR01000000008J3B","admin_code":"51150","source_layer":"TN_RIVER_BNDRY","semantic":"zone","river_class":"소하천","river_class_source":"중심선 공간조인","survey_method":"사진측량"},"geometry":{"type":"Polygon","coordinates":[[[128.80637,37.6071],[128.80641,37.60732],[128.80756,37.60778],[128.80772,37.60813],[128.80798,37.60901],[128.80797,37.6099],[128.80863,37.61118],[128.80849,37.61165],[128.80891,37.61266],[128.80946,37.61302],[128.80981,37.61349],[128.80993,37.6142],[128.80972,37.6147],[128.81012,37.61529],[128.80981,37.61471],[128.81001,37.61388],[128.80991,37.61347],[128.80895,37.61257],[128.80855,37.6116],[128.8087,37.6111],[128.80804,37.60993],[128.80807,37.60901],[128.80774,37.60791],[128.80758,37.60768],[128.80637,37.6071]]]}},{"type":"Feature","id":"TN_RIVER_BNDRY:WTR01000000008J4C","properties":{"NF_ID":"WTR01000000008J4C","admin_code":"51150","source_layer":"TN_RIVER_BNDRY","semantic":"zone","river_class":"소하천","river_class_source":"중심선 공간조인","survey_method":"사진측량"},"geometry":{"type":"Polygon","coordinates":[[[128.85819,37.61464],[128.85788,37.61443],[128.8578,37.61405],[128.85742,37.6137],[128.85726,37.61307],[128.85685,37.61297],[128.85614,37.61225],[128.85587,37.61149],[128.85547,37.61141],[128.8553,37.61114],[128.85517,37.61078],[128.85524,37.60936],[128.85488,37.609],[128.85492,37.60843],[128.85461,37.60737],[128.85383,37.60644],[128.85269,37.60633],[128.85176,37.6049],[128.85104,37.60436],[128.85136,37.60373],[128.85111,37.60282],[128.85046,37.60259],[128.84965,37.60257],[128.84906,37.60195],[128.84956,37.60263],[128.85051,37.60269],[128.85103,37.60289],[128.85123,37.60367],[128.85084,37.60444],[128.85166,37.60498],[128.85255,37.60639],[128.85369,37.6066],[128.85445,37.60738],[128.85478,37.60846],[128.85452,37.60867],[128.85472,37.60937],[128.85518,37.61001],[128.85514,37.61111],[128.85541,37.61151],[128.85584,37.61175],[128.85604,37.61237],[128.8572,37.61327],[128.85732,37.61391],[128.85778,37.61426],[128.85787,37.61458],[128.85815,37.61486],[128.85819,37.61464]]]}},{"type":"Feature","id":"TN_RIVER_BNDRY:WTR01000000008J5D","properties":{"NF_ID":"WTR01000000008J5D","admin_code":"51150","source_layer":"TN_RIVER_BNDRY","semantic":"zone","river_class":"소하천","river_class_source":"중심선 공간조인","survey_method":"사진측량"},"geometry":{"type":"Polygon","coordinates":[[[128.8587,37.60835],[128.85877,37.60847],[128.85905,37.60835],[128.85989,37.60773],[128.8609,37.60724],[128.86064,37.60719],[128.8587,37.60835]]]}},{"type":"Feature","id":"TN_RIVER_BNDRY:WTR01000000008J6E","properties":{"NF_ID":"WTR01000000008J6E","admin_code":"51150","source_layer":"TN_RIVER_BNDRY","semantic":"zone","river_class":"지방하천","river_class_source":"중심선 공간조인","river_name":"도마천","river_code":"1420020","survey_method":"사진측량"},"geometry":{"type":"Polygon","coordinates":[[[128.85877,37.60847],[128.85852,37.60854],[128.85823,37.60965],[128.85805,37.60966],[128.85825,37.61016],[128.85947,37.61169],[128.85956,37.61209],[128.85913,37.61367],[128.85856,37.6141],[128.85819,37.61464],[128.85852,37.61467],[128.85931,37.61362],[128.8597,37.61204],[128.85955,37.6114],[128.85838,37.61003],[128.85877,37.60847]]]}},{"type":"Feature","id":"TN_RIVER_BNDRY:WTR01000000008J7F","properties":{"NF_ID":"WTR01000000008J7F","admin_code":"51150","source_layer":"TN_RIVER_BNDRY","semantic":"zone","river_class":"지방하천","river_class_source":"중심선 공간조인","river_name":"도마천","river_code":"1420020","survey_method":"사진측량"},"geometry":{"type":"Polygon","coordinates":[[[128.85852,37.61467],[128.85819,37.61464],[128.85815,37.61486],[128.85848,37.61492],[128.85852,37.61467]]]}},{"type":"Feature","id":"TN_RIVER_BNDRY:WTR01000000008J8G","properties":{"NF_ID":"WTR01000000008J8G","admin_code":"51150","source_layer":"TN_RIVER_BNDRY","semantic":"zone","river_class":"지방하천","river_class_source":"중심선 공간조인","river_name":"도마천","river_code":"1420020","survey_method":"사진측량"},"geometry":{"type":"Polygon","coordinates":[[[128.85877,37.60847],[128.8587,37.60835],[128.85849,37.60838],[128.85852,37.60854],[128.85877,37.60847]]]}},{"type":"Feature","id":"TN_RIVER_BNDRY:WTR01000000008J9H","properties":{"NF_ID":"WTR01000000008J9H","admin_code":"51150","source_layer":"TN_RIVER_BNDRY","semantic":"zone","river_class":"지방하천","river_class_source":"중심선 공간조인","river_name":"군선천","river_code":"1620300","survey_method":"사진측량"},"geometry":{"type":"Polygon","coordinates":[[[128.92057,37.64615],[128.92039,37.64626],[128.92064,37.64626],[128.92057,37.64615]]]}},{"type":"Feature","id":"TN_RIVER_BNDRY:WTR01000000008JAI","properties":{"NF_ID":"WTR01000000008JAI","admin_code":"51150","source_layer":"TN_RIVER_BNDRY","semantic":"zone","river_class":"지방하천","river_class_source":"중심선 공간조인","river_name":"군선천","river_code":"1620300","survey_method":"사진측량"},"geometry":{"type":"Polygon","coordinates":[[[128.92057,37.64615],[128.92037,37.64556],[128.92018,37.64567],[128.92039,37.6462],[128.92057,37.64615]]]}},{"type":"Feature","id":"TN_RIVER_BNDRY:WTR01000000008JBJ","properties":{"NF_ID":"WTR01000000008JBJ","admin_code":"51150","source_layer":"TN_RIVER_BNDRY","semantic":"zone","river_class":"소하천","river_class_source":"중심선 공간조인","survey_method":"사진측량"},"geometry":{"type":"Polygon","coordinates":[[[128.92024,37.64546],[128.92037,37.64556],[128.92087,37.64488],[128.9216,37.64444],[128.92081,37.64481],[128.92024,37.64546]]]}},{"type":"Feature","id":"TN_RIVER_BNDRY:WTR01000000008JCK","properties":{"NF_ID":"WTR01000000008JCK","admin_code":"51150","source_layer":"TN_RIVER_BNDRY","semantic":"zone","river_class":"지방하천","river_class_source":"중심선 공간조인","river_name":"군선천","river_code":"1620300","survey_method":"사진측량"},"geometry":{"type":"Polygon","coordinates":[[[128.92024,37.64546],[128.91978,37.64507],[128.91746,37.64392],[128.91746,37.64321],[128.91712,37.64263],[128.916,37.64269],[128.91566,37.64247],[128.91548,37.64194],[128.91582,37.64111],[128.91565,37.6404],[128.91478,37.64015],[128.91526,37.64032],[128.91563,37.64079],[128.9157,37.6412],[128.91536,37.64188],[128.91561,37.64257],[128.91591,37.64278],[128.91716,37.6428],[128.91739,37.64399],[128.91858,37.6447],[128.91972,37.64515],[128.9201,37.64554],[128.92024,37.64546]]]}},{"type":"Feature","id":"TN_RIVER_BNDRY:WTR01000000008JDL","properties":{"NF_ID":"WTR01000000008JDL","admin_code":"51150","source_layer":"TN_RIVER_BNDRY","semantic":"zone","river_class":"소하천","river_class_source":"중심선 공간조인","survey_method":"사진측량"},"geometry":{"type":"Polygon","coordinates":[[[128.91465,37.64013],[128.91478,37.64015],[128.91448,37.63944],[128.91442,37.63972],[128.91465,37.64013]]]}},{"type":"Feature","id":"TN_RIVER_BNDRY:WTR01000000008JEM","properties":{"NF_ID":"WTR01000000008JEM","admin_code":"51150","source_layer":"TN_RIVER_BNDRY","semantic":"zone","river_class":"지방하천","river_class_source":"중심선 공간조인","river_name":"군선천","river_code":"1620300","survey_method":"사진측량"},"geometry":{"type":"Polygon","coordinates":[[[128.91478,37.64015],[128.91465,37.64013],[128.91468,37.64023],[128.9148,37.64025],[128.91478,37.64015]]]}},{"type":"Feature","id":"TN_RIVER_BNDRY:WTR01000000008JFN","properties":{"NF_ID":"WTR01000000008JFN","admin_code":"51150","source_layer":"TN_RIVER_BNDRY","semantic":"zone","river_class":"지방하천","river_class_source":"중심선 공간조인","river_name":"군선천","river_code":"1620300","survey_method":"사진측량"},"geometry":{"type":"Polygon","coordinates":[[[128.92037,37.64556],[128.9201,37.64554],[128.92018,37.64567],[128.92037,37.64556]]]}},{"type":"Feature","id":"TN_RIVER_BNDRY:WTR01000000008JGO","properties":{"NF_ID":"WTR01000000008JGO","admin_code":"51150","source_layer":"TN_RIVER_BNDRY","semantic":"zone","river_class":"소하천","river_class_source":"중심선 공간조인","survey_method":"사진측량"},"geometry":{"type":"Polygon","coordinates":[[[128.92039,37.64626],[128.91942,37.64609],[128.91827,37.64681],[128.91952,37.64615],[128.92039,37.64626]]]}},{"type":"Feature","id":"TN_RIVER_BNDRY:WTR01000000008JHP","properties":{"NF_ID":"WTR01000000008JHP","admin_code":"51150","source_layer":"TN_RIVER_BNDRY","semantic":"zone","river_class":"지방하천","river_class_source":"중심선 공간조인","river_name":"군선천","river_code":"1620300","survey_method":"사진측량"},"geometry":{"type":"Polygon","coordinates":[[[128.91468,37.64023],[128.91465,37.64013],[128.91295,37.6401],[128.91249,37.63966],[128.91165,37.6397],[128.91118,37.63937],[128.91172,37.63984],[128.91244,37.63976],[128.91305,37.64035],[128.91468,37.64023]]]}},{"type":"Feature","id":"TN_RIVER_BNDRY:WTR01000000008JIQ","properties":{"NF_ID":"WTR01000000008JIQ","admin_code":"51150","source_layer":"TN_RIVER_BNDRY","semantic":"zone","river_class":"소하천","river_class_source":"중심선 공간조인","survey_method":"사진측량"},"geometry":{"type":"Polygon","coordinates":[[[128.96018,37.63135],[128.96009,37.63083],[128.95924,37.63093],[128.9589,37.63085],[128.95905,37.62986],[128.95773,37.62977],[128.957,37.62954],[128.95672,37.62886],[128.9563,37.62856],[128.95555,37.62861],[128.95529,37.6292],[128.95497,37.62933],[128.95429,37.62917],[128.95424,37.62854],[128.95459,37.62801],[128.95411,37.62765],[128.95391,37.62768],[128.95323,37.62842],[128.95207,37.62833],[128.95064,37.6292],[128.94969,37.62948],[128.94779,37.62925],[128.94741,37.62952],[128.94718,37.6292],[128.94665,37.62935],[128.94596,37.6291],[128.94527,37.62931],[128.94475,37.62975],[128.94316,37.62987],[128.94478,37.62982],[128.94532,37.62937],[128.94597,37.62917],[128.94663,37.62943],[128.94716,37.62925],[128.94747,37.62962],[128.9478,37.62931],[128.94969,37.62956],[128.95067,37.62928],[128.95213,37.6284],[128.95325,37.62849],[128.95412,37.62773],[128.9545,37.628],[128.95414,37.62854],[128.95408,37.62906],[128.95424,37.62926],[128.95472,37.62945],[128.9552,37.62937],[128.9557,37.62864],[128.95628,37.62863],[128.95663,37.6289],[128.95679,37.62946],[128.95701,37.62965],[128.95766,37.62986],[128.95899,37.62994],[128.95877,37.63047],[128.95886,37.63091],[128.95925,37.63103],[128.95998,37.63088],[128.96001,37.63138],[128.96018,37.63135]]]}},{"type":"Feature","id":"TN_RIVER_BNDRY:WTR01000000008JJR","properties":{"NF_ID":"WTR01000000008JJR","admin_code":"51150","source_layer":"TN_RIVER_BNDRY","semantic":"zone","river_class":"소하천","river_class_source":"중심선 공간조인","survey_method":"사진측량"},"geometry":{"type":"Polygon","coordinates":[[[128.95794,37.6429],[128.95728,37.64278],[128.95697,37.64218],[128.95618,37.64171],[128.95525,37.64167],[128.95494,37.64141],[128.95525,37.64171],[128.95604,37.64169],[128.95682,37.64211],[128.95722,37.64281],[128.95786,37.6429],[128.95865,37.64376],[128.95902,37.64389],[128.95898,37.64527],[128.96007,37.64611],[128.96029,37.64683],[128.96028,37.64727],[128.95974,37.64784],[128.96037,37.64732],[128.9602,37.64627],[128.95907,37.64528],[128.95907,37.64387],[128.9587,37.64374],[128.95794,37.6429]]]}},{"type":"Feature","id":"TN_RIVER_BNDRY:WTR01000000008JKS","properties":{"NF_ID":"WTR01000000008JKS","admin_code":"51150","source_layer":"TN_RIVER_BNDRY","semantic":"zone","river_class":"소하천","river_class_source":"중심선 공간조인","survey_method":"사진측량"},"geometry":{"type":"Polygon","coordinates":[[[128.9607,37.65373],[128.96094,37.65352],[128.96103,37.65303],[128.96037,37.65058],[128.96001,37.65014],[128.96031,37.65053],[128.96081,37.65216],[128.96097,37.65324],[128.9607,37.65373]]]}},{"type":"Feature","id":"TN_RIVER_BNDRY:WTR01000000008JLT","properties":{"NF_ID":"WTR01000000008JLT","admin_code":"51150","source_layer":"TN_RIVER_BNDRY","semantic":"zone","river_class":"소하천","river_class_source":"중심선 공간조인","survey_method":"사진측량"},"geometry":{"type":"Polygon","coordinates":[[[128.9602,37.63141],[128.9602,37.63141],[128.96018,37.63135],[128.96001,37.63138],[128.96003,37.63145],[128.9602,37.63141]]]}},{"type":"Feature","id":"TN_RIVER_BNDRY:WTR01000000008JMU","properties":{"NF_ID":"WTR01000000008JMU","admin_code":"51150","source_layer":"TN_RIVER_BNDRY","semantic":"zone","river_class":"소하천","river_class_source":"중심선 공간조인","survey_method":"사진측량"},"geometry":{"type":"Polygon","coordinates":[[[128.89596,37.67778],[128.89619,37.67738],[128.8962,37.67663],[128.89669,37.67572],[128.89619,37.67488],[128.89661,37.67572],[128.89617,37.67645],[128.89596,37.67778]]]}},{"type":"Feature","id":"TN_RIVER_BNDRY:WTR01000000008JNV","properties":{"NF_ID":"WTR01000000008JNV","admin_code":"51150","source_layer":"TN_RIVER_BNDRY","semantic":"zone","river_class":"소하천","river_class_source":"중심선 공간조인","survey_method":"사진측량"},"geometry":{"type":"Polygon","coordinates":[[[128.92632,37.65583],[128.92535,37.65562],[128.92459,37.65597],[128.92366,37.6559],[128.92298,37.65617],[128.92372,37.65596],[128.92457,37.65604],[128.92534,37.65572],[128.92632,37.65583]]]}},{"type":"Feature","id":"TN_RIVER_BNDRY:WTR01000000008JOW","properties":{"NF_ID":"WTR01000000008JOW","admin_code":"51150","source_layer":"TN_RIVER_BNDRY","semantic":"zone","river_class":"지방하천","river_class_source":"중심선 공간조인","river_name":"군선천","river_code":"1620300","survey_method":"사진측량"},"geometry":{"type":"Polygon","coordinates":[[[128.91954,37.67922],[128.91939,37.67884],[128.91883,37.67838],[128.91641,37.67754],[128.9162,37.67671],[128.91659,37.67643],[128.9179,37.67644],[128.91874,37.67616],[128.91966,37.67499],[128.91958,37.67439],[128.91936,37.67424],[128.91661,37.67433],[128.9162,37.67423],[128.91608,37.67404],[128.91653,37.67377],[128.91666,37.67349],[128.9165,37.67309],[128.91592,37.67256],[128.91602,37.67184],[128.91671,37.67178],[128.91837,37.67205],[128.91864,37.67184],[128.91851,37.67129],[128.91775,37.67174],[128.91682,37.6716],[128.91601,37.67165],[128.91567,37.67185],[128.91557,37.67219],[128.91653,37.67348],[128.91649,37.67366],[128.91598,37.67385],[128.91587,37.67424],[128.9165,37.67444],[128.91918,37.67432],[128.91947,37.67448],[128.91957,37.67478],[128.91898,37.6756],[128.91825,37.67604],[128.91639,37.67624],[128.91592,37.67658],[128.9157,37.67719],[128.91664,37.67789],[128.91825,37.6782],[128.9188,37.67844],[128.91954,37.67922]]]}},{"type":"Feature","id":"TN_RIVER_BNDRY:WTR01000000008JPX","properties":{"NF_ID":"WTR01000000008JPX","admin_code":"51150","source_layer":"TN_RIVER_BNDRY","semantic":"zone","river_class":"지방하천","river_class_source":"중심선 공간조인","river_name":"군선천","river_code":"1620300","survey_method":"사진측량"},"geometry":{"type":"Polygon","coordinates":[[[128.91844,37.67123],[128.91719,37.67031],[128.9167,37.66907],[128.9171,37.66888],[128.91877,37.66881],[128.91922,37.6683],[128.91921,37.6678],[128.91873,37.66721],[128.91837,37.66638],[128.91885,37.66513],[128.91924,37.6648],[128.91952,37.66417],[128.91936,37.66411],[128.91971,37.66325],[128.91967,37.66289],[128.91925,37.66407],[128.91857,37.66481],[128.91853,37.66542],[128.91821,37.66619],[128.91821,37.66664],[128.91922,37.66803],[128.91918,37.66822],[128.91876,37.66872],[128.91652,37.66875],[128.91652,37.6694],[128.91693,37.67013],[128.91812,37.67124],[128.91844,37.67123]]]}},{"type":"Feature","id":"TN_RIVER_BNDRY:WTR01000000008JQY","properties":{"NF_ID":"WTR01000000008JQY","admin_code":"51150","source_layer":"TN_RIVER_BNDRY","semantic":"zone","river_class":"지방하천","river_class_source":"중심선 공간조인","river_name":"군선천","river_code":"1620300","survey_method":"사진측량"},"geometry":{"type":"Polygon","coordinates":[[[128.91851,37.67129],[128.91812,37.67124],[128.9182,37.67139],[128.91851,37.67129]]]}},{"type":"Feature","id":"TN_RIVER_BNDRY:WTR01000000008JRZ","properties":{"NF_ID":"WTR01000000008JRZ","admin_code":"51150","source_layer":"TN_RIVER_BNDRY","semantic":"zone","river_class":"소하천","river_class_source":"중심선 공간조인","survey_method":"사진측량"},"geometry":{"type":"Polygon","coordinates":[[[128.92134,37.65761],[128.92108,37.6574],[128.92079,37.65739],[128.91965,37.65788],[128.91864,37.65795],[128.91771,37.6576],[128.91809,37.65795],[128.91858,37.65814],[128.91915,37.65789],[128.91972,37.65794],[128.92076,37.65745],[128.92134,37.65761]]]}},{"type":"Feature","id":"TN_RIVER_BNDRY:WTR01000000008JS0","properties":{"NF_ID":"WTR01000000008JS0","admin_code":"51150","source_layer":"TN_RIVER_BNDRY","semantic":"zone","river_class":"소하천","river_class_source":"중심선 공간조인","survey_method":"사진측량"},"geometry":{"type":"Polygon","coordinates":[[[128.91771,37.6576],[128.91749,37.65761],[128.91781,37.65774],[128.91771,37.6576]]]}},{"type":"Feature","id":"TN_RIVER_BNDRY:WTR01000000008JT1","properties":{"NF_ID":"WTR01000000008JT1","admin_code":"51150","source_layer":"TN_RIVER_BNDRY","semantic":"zone","river_class":"소하천","river_class_source":"중심선 공간조인","survey_method":"사진측량"},"geometry":{"type":"Polygon","coordinates":[[[128.91771,37.6576],[128.91719,37.65728],[128.91749,37.65761],[128.91771,37.6576]]]}},{"type":"Feature","id":"TN_RIVER_BNDRY:WTR01000000008JU2","properties":{"NF_ID":"WTR01000000008JU2","admin_code":"51150","source_layer":"TN_RIVER_BNDRY","semantic":"zone","river_class":"소하천","river_class_source":"중심선 공간조인","survey_method":"사진측량"},"geometry":{"type":"Polygon","coordinates":[[[128.9229,37.66052],[128.92285,37.66058],[128.92291,37.6606],[128.92321,37.6607],[128.92333,37.66071],[128.92344,37.66071],[128.92351,37.66073],[128.92354,37.66073],[128.92354,37.66072],[128.92353,37.66071],[128.92344,37.66068],[128.92337,37.66067],[128.92322,37.66065],[128.92317,37.66065],[128.92292,37.66054],[128.9229,37.66052]]]}},{"type":"Feature","id":"TN_RIVER_BNDRY:WTR01000000008JV3","properties":{"NF_ID":"WTR01000000008JV3","admin_code":"51150","source_layer":"TN_RIVER_BNDRY","semantic":"zone","river_class":"소하천","river_class_source":"중심선 공간조인","survey_method":"사진측량"},"geometry":{"type":"Polygon","coordinates":[[[128.91749,37.65761],[128.91578,37.65728],[128.91545,37.65688],[128.91464,37.6565],[128.91441,37.65613],[128.91369,37.65558],[128.91315,37.65541],[128.91275,37.65546],[128.91336,37.65551],[128.91378,37.65573],[128.91445,37.65643],[128.91534,37.65686],[128.91551,37.65722],[128.91584,37.65741],[128.91749,37.65761]]]}},{"type":"Feature","id":"TN_RIVER_BNDRY:WTR01000000008JW4","properties":{"NF_ID":"WTR01000000008JW4","admin_code":"51150","source_layer":"TN_RIVER_BNDRY","semantic":"zone","river_class":"소하천","river_class_source":"중심선 공간조인","survey_method":"사진측량"},"geometry":{"type":"Polygon","coordinates":[[[128.92638,37.65576],[128.92618,37.65567],[128.92617,37.65569],[128.92611,37.65571],[128.92632,37.65583],[128.92638,37.65576]]]}},{"type":"Feature","id":"TN_RIVER_BNDRY:WTR01000000008JX5","properties":{"NF_ID":"WTR01000000008JX5","admin_code":"51150","source_layer":"TN_RIVER_BNDRY","semantic":"zone","river_class":"소하천","river_class_source":"중심선 공간조인","survey_method":"사진측량"},"geometry":{"type":"Polygon","coordinates":[[[128.92638,37.65576],[128.92632,37.65583],[128.92633,37.65583],[128.92639,37.65583],[128.92645,37.65586],[128.92655,37.65591],[128.92665,37.65597],[128.92672,37.65602],[128.92676,37.65606],[128.92677,37.65607],[128.92693,37.65611],[128.92694,37.65612],[128.92697,37.65611],[128.92697,37.6561],[128.92697,37.65609],[128.92694,37.65607],[128.92675,37.65596],[128.92658,37.65578],[128.9265,37.65577],[128.9264,37.65577],[128.92638,37.65577],[128.92638,37.65576]]]}},{"type":"Feature","id":"TN_RIVER_BNDRY:WTR01000000008JY6","properties":{"NF_ID":"WTR01000000008JY6","admin_code":"51150","source_layer":"TN_RIVER_BNDRY","semantic":"zone","river_class":"소하천","river_class_source":"중심선 공간조인","survey_method":"사진측량"},"geometry":{"type":"Polygon","coordinates":[[[128.92618,37.65567],[128.92638,37.65576],[128.9268,37.65529],[128.92643,37.65564],[128.92618,37.65567]]]}},{"type":"Feature","id":"TN_RIVER_BNDRY:WTR01000000008JZ7","properties":{"NF_ID":"WTR01000000008JZ7","admin_code":"51150","source_layer":"TN_RIVER_BNDRY","semantic":"zone","river_class":"소하천","river_class_source":"중심선 공간조인","survey_method":"사진측량"},"geometry":{"type":"Polygon","coordinates":[[[128.95003,37.65341],[128.94934,37.65332],[128.94986,37.6535],[128.95003,37.65341]]]}},{"type":"Feature","id":"TN_RIVER_BNDRY:WTR01000000008K09","properties":{"NF_ID":"WTR01000000008K09","admin_code":"51150","source_layer":"TN_RIVER_BNDRY","semantic":"zone","river_class":"지방하천","river_class_source":"중심선 공간조인","river_name":"임곡천","river_code":"1620310","survey_method":"사진측량"},"geometry":{"type":"Polygon","coordinates":[[[128.95009,37.6535],[128.95003,37.65341],[128.94986,37.6535],[128.94996,37.65357],[128.94998,37.65356],[128.95002,37.65353],[128.95003,37.65351],[128.95009,37.6535]]]}},{"type":"Feature","id":"TN_RIVER_BNDRY:WTR01000000008K1A","properties":{"NF_ID":"WTR01000000008K1A","admin_code":"51150","source_layer":"TN_RIVER_BNDRY","semantic":"zone","river_class":"소하천","river_class_source":"중심선 공간조인","survey_method":"사진측량"},"geometry":{"type":"Polygon","coordinates":[[[128.95038,37.66822],[128.95028,37.66806],[128.94968,37.66844],[128.95038,37.66822]]]}},{"type":"Feature","id":"TN_RIVER_BNDRY:WTR01000000008K2B","properties":{"NF_ID":"WTR01000000008K2B","admin_code":"51150","source_layer":"TN_RIVER_BNDRY","semantic":"zone","river_class":"소하천","river_class_source":"중심선 공간조인","survey_method":"사진측량"},"geometry":{"type":"Polygon","coordinates":[[[128.95053,37.6682],[128.95028,37.66806],[128.95038,37.66822],[128.95053,37.6682]]]}},{"type":"Feature","id":"TN_RIVER_BNDRY:WTR01000000008K3C","properties":{"NF_ID":"WTR01000000008K3C","admin_code":"51150","source_layer":"TN_RIVER_BNDRY","semantic":"zone","river_class":"소하천","river_class_source":"중심선 공간조인","survey_method":"사진측량"},"geometry":{"type":"Polygon","coordinates":[[[128.95043,37.66804],[128.95038,37.66801],[128.95025,37.66791],[128.95021,37.66792],[128.95017,37.66794],[128.95019,37.66796],[128.9502,37.66797],[128.95028,37.66805],[128.95028,37.66806],[128.95043,37.66804]]]}},{"type":"Feature","id":"TN_RIVER_BNDRY:WTR01000000008K4D","properties":{"NF_ID":"WTR01000000008K4D","admin_code":"51150","source_layer":"TN_RIVER_BNDRY","semantic":"zone","river_class":"지방하천","river_class_source":"중심선 공간조인","river_name":"임곡천","river_code":"1620310","survey_method":"사진측량"},"geometry":{"type":"Polygon","coordinates":[[[128.94996,37.65357],[128.94921,37.65377],[128.94962,37.65377],[128.94996,37.65357]]]}},{"type":"Feature","id":"TN_RIVER_BNDRY:WTR01000000008K5E","properties":{"NF_ID":"WTR01000000008K5E","admin_code":"51150","source_layer":"TN_RIVER_BNDRY","semantic":"zone","river_class":"지방하천","river_class_source":"중심선 공간조인","river_name":"임곡천","river_code":"1620310","survey_method":"사진측량"},"geometry":{"type":"Polygon","coordinates":[[[128.96898,37.67441],[128.96873,37.67459],[128.9704,37.67539],[128.97174,37.67731],[128.97189,37.6779],[128.97223,37.67807],[128.97194,37.67718],[128.97098,37.67559],[128.97031,37.67507],[128.96898,37.67441]]]}},{"type":"Feature","id":"TN_RIVER_BNDRY:WTR01000000008K6F","properties":{"NF_ID":"WTR01000000008K6F","admin_code":"51150","source_layer":"TN_RIVER_BNDRY","semantic":"zone","river_class":"소하천","river_class_source":"중심선 공간조인","survey_method":"사진측량"},"geometry":{"type":"Polygon","coordinates":[[[128.96566,37.66237],[128.9655,37.66207],[128.9638,37.66315],[128.96092,37.66411],[128.95996,37.66472],[128.95955,37.66539],[128.95926,37.66557],[128.95545,37.6667],[128.95301,37.66793],[128.95177,37.66826],[128.95043,37.66804],[128.95053,37.6682],[128.95173,37.66832],[128.95322,37.66793],[128.95597,37.66661],[128.95881,37.66587],[128.95962,37.66548],[128.95992,37.66497],[128.96098,37.66417],[128.96362,37.66334],[128.96475,37.66264],[128.96566,37.66237]]]}},{"type":"Feature","id":"TN_RIVER_BNDRY:WTR01000000008K7G","properties":{"NF_ID":"WTR01000000008K7G","admin_code":"51150","source_layer":"TN_RIVER_BNDRY","semantic":"zone","river_class":"소하천","river_class_source":"중심선 공간조인","survey_method":"사진측량"},"geometry":{"type":"Polygon","coordinates":[[[128.96747,37.67092],[128.96737,37.67091],[128.96716,37.67088],[128.96696,37.67085],[128.96645,37.67084],[128.96629,37.67083],[128.96627,37.67083],[128.96607,37.67082],[128.96598,37.67081],[128.96587,37.67084],[128.96599,37.67088],[128.96622,37.6709],[128.96627,37.67091],[128.96633,37.67089],[128.96648,37.67087],[128.96686,37.67087],[128.96701,37.67087],[128.96723,37.67092],[128.96732,37.67094],[128.96732,37.67094],[128.96736,37.67094],[128.96741,37.67096],[128.96745,37.67096],[128.96745,37.67097],[128.96747,37.67092]]]}},{"type":"Feature","id":"TN_RIVER_BNDRY:WTR01000000008K8H","properties":{"NF_ID":"WTR01000000008K8H","admin_code":"51150","source_layer":"TN_RIVER_BNDRY","semantic":"zone","river_class":"지방하천","river_class_source":"중심선 공간조인","river_name":"임곡천","river_code":"1620310","survey_method":"사진측량"},"geometry":{"type":"Polygon","coordinates":[[[128.96892,37.6744],[128.968,37.67385],[128.96757,37.67314],[128.96744,37.67211],[128.96768,37.67113],[128.96745,37.67097],[128.96713,37.67185],[128.96727,37.67325],[128.9679,37.67414],[128.96846,37.67446],[128.96892,37.6744]]]}},{"type":"Feature","id":"TN_RIVER_BNDRY:WTR01000000008K9I","properties":{"NF_ID":"WTR01000000008K9I","admin_code":"51150","source_layer":"TN_RIVER_BNDRY","semantic":"zone","river_class":"지방하천","river_class_source":"중심선 공간조인","river_name":"임곡천","river_code":"1620310","survey_method":"사진측량"},"geometry":{"type":"Polygon","coordinates":[[[128.96775,37.67095],[128.96745,37.67097],[128.96768,37.67113],[128.96775,37.67095]]]}},{"type":"Feature","id":"TN_RIVER_BNDRY:WTR01000000008KAJ","properties":{"NF_ID":"WTR01000000008KAJ","admin_code":"51150","source_layer":"TN_RIVER_BNDRY","semantic":"zone","river_class":"지방하천","river_class_source":"중심선 공간조인","river_name":"임곡천","river_code":"1620310","survey_method":"사진측량"},"geometry":{"type":"Polygon","coordinates":[[[128.96595,37.66228],[128.9658,37.66202],[128.96555,37.66206],[128.96566,37.66237],[128.96595,37.66228]]]}},{"type":"Feature","id":"TN_RIVER_BNDRY:WTR01000000008KBK","properties":{"NF_ID":"WTR01000000008KBK","admin_code":"51150","source_layer":"TN_RIVER_BNDRY","semantic":"zone","river_class":"지방하천","river_class_source":"중심선 공간조인","river_name":"임곡천","river_code":"1620310","survey_method":"사진측량"},"geometry":{"type":"Polygon","coordinates":[[[128.9658,37.66202],[128.96525,37.66099],[128.96474,37.66044],[128.96462,37.66059],[128.96495,37.6609],[128.96555,37.66206],[128.9658,37.66202]]]}},{"type":"Feature","id":"TN_RIVER_BNDRY:WTR01000000008KCL","properties":{"NF_ID":"WTR01000000008KCL","admin_code":"51150","source_layer":"TN_RIVER_BNDRY","semantic":"zone","river_class":"지방하천","river_class_source":"중심선 공간조인","river_name":"임곡천","river_code":"1620310","survey_method":"사진측량"},"geometry":{"type":"Polygon","coordinates":[[[128.96595,37.66228],[128.96566,37.66237],[128.96776,37.66389],[128.96859,37.66509],[128.96913,37.66629],[128.96747,37.67092],[128.96775,37.67095],[128.96858,37.66812],[128.96922,37.66668],[128.96918,37.66589],[128.96829,37.66412],[128.96671,37.66275],[128.96595,37.66228]]]}},{"type":"Feature","id":"TN_RIVER_BNDRY:WTR01000000008KDM","properties":{"NF_ID":"WTR01000000008KDM","admin_code":"51150","source_layer":"TN_RIVER_BNDRY","semantic":"zone","river_class":"소하천","river_class_source":"중심선 공간조인","survey_method":"사진측량"},"geometry":{"type":"Polygon","coordinates":[[[128.96455,37.66039],[128.96474,37.66044],[128.96515,37.66015],[128.96721,37.66032],[128.96788,37.6599],[128.9672,37.66027],[128.96578,37.66019],[128.96526,37.66004],[128.96455,37.66039]]]}},{"type":"Feature","id":"TN_RIVER_BNDRY:WTR01000000008KEN","properties":{"NF_ID":"WTR01000000008KEN","admin_code":"51150","source_layer":"TN_RIVER_BNDRY","semantic":"zone","river_class":"지방하천","river_class_source":"중심선 공간조인","river_name":"임곡천","river_code":"1620310","survey_method":"사진측량"},"geometry":{"type":"Polygon","coordinates":[[[128.96385,37.65979],[128.96383,37.65977],[128.96382,37.65974],[128.96371,37.65978],[128.96374,37.65983],[128.96385,37.65979]]]}},{"type":"Feature","id":"TN_RIVER_BNDRY:WTR01000000008KFO","properties":{"NF_ID":"WTR01000000008KFO","admin_code":"51150","source_layer":"TN_RIVER_BNDRY","semantic":"zone","river_class":"지방하천","river_class_source":"중심선 공간조인","river_name":"임곡천","river_code":"1620310","survey_method":"사진측량"},"geometry":{"type":"Polygon","coordinates":[[[128.96455,37.66039],[128.96374,37.65983],[128.96416,37.66027],[128.96449,37.66048],[128.96455,37.66039]]]}},{"type":"Feature","id":"TN_RIVER_BNDRY:WTR01000000008KGP","properties":{"NF_ID":"WTR01000000008KGP","admin_code":"51150","source_layer":"TN_RIVER_BNDRY","semantic":"zone","river_class":"지방하천","river_class_source":"중심선 공간조인","river_name":"임곡천","river_code":"1620310","survey_method":"사진측량"},"geometry":{"type":"Polygon","coordinates":[[[128.96382,37.65974],[128.96329,37.65749],[128.96212,37.65602],[128.96151,37.65479],[128.96189,37.6559],[128.96327,37.65761],[128.96367,37.65967],[128.96382,37.65974]]]}},{"type":"Feature","id":"TN_RIVER_BNDRY:WTR01000000008KHQ","properties":{"NF_ID":"WTR01000000008KHQ","admin_code":"51150","source_layer":"TN_RIVER_BNDRY","semantic":"zone","river_class":"소하천","river_class_source":"중심선 공간조인","survey_method":"사진측량"},"geometry":{"type":"Polygon","coordinates":[[[128.96146,37.65474],[128.96151,37.65479],[128.96151,37.65478],[128.96152,37.65475],[128.96154,37.65474],[128.96161,37.65468],[128.96164,37.65465],[128.9616,37.65463],[128.96157,37.65466],[128.9615,37.65472],[128.96146,37.65474]]]}},{"type":"Feature","id":"TN_RIVER_BNDRY:WTR01000000008KIR","properties":{"NF_ID":"WTR01000000008KIR","admin_code":"51150","source_layer":"TN_RIVER_BNDRY","semantic":"zone","river_class":"지방하천","river_class_source":"중심선 공간조인","river_name":"임곡천","river_code":"1620310","survey_method":"사진측량"},"geometry":{"type":"Polygon","coordinates":[[[128.96898,37.67441],[128.96846,37.67446],[128.96873,37.67459],[128.96898,37.67441]]]}},{"type":"Feature","id":"TN_RIVER_BNDRY:WTR01000000008KJS","properties":{"NF_ID":"WTR01000000008KJS","admin_code":"51150","source_layer":"TN_RIVER_BNDRY","semantic":"zone","river_class":"지방하천","river_class_source":"중심선 공간조인","river_name":"임곡천","river_code":"1620310","survey_method":"사진측량"},"geometry":{"type":"Polygon","coordinates":[[[128.96474,37.66044],[128.96449,37.66048],[128.96462,37.66059],[128.96474,37.66044]]]}},{"type":"Feature","id":"TN_RIVER_BNDRY:WTR01000000008KKT","properties":{"NF_ID":"WTR01000000008KKT","admin_code":"51150","source_layer":"TN_RIVER_BNDRY","semantic":"zone","river_class":"소하천","river_class_source":"중심선 공간조인","survey_method":"사진측량"},"geometry":{"type":"Polygon","coordinates":[[[128.96374,37.65983],[128.96204,37.65998],[128.96106,37.66027],[128.96374,37.65983]]]}},{"type":"Feature","id":"TN_RIVER_BNDRY:WTR01000000008KLU","properties":{"NF_ID":"WTR01000000008KLU","admin_code":"51150","source_layer":"TN_RIVER_BNDRY","semantic":"zone","river_class":"지방하천","river_class_source":"중심선 공간조인","river_name":"임곡천","river_code":"1620310","survey_method":"사진측량"},"geometry":{"type":"Polygon","coordinates":[[[128.96151,37.65479],[128.96146,37.65474],[128.9614,37.65477],[128.96144,37.65483],[128.96151,37.65479]]]}},{"type":"Feature","id":"TN_RIVER_BNDRY:WTR01000000008KMV","properties":{"NF_ID":"WTR01000000008KMV","admin_code":"51150","source_layer":"TN_RIVER_BNDRY","semantic":"zone","river_class":"지방하천","river_class_source":"중심선 공간조인","river_name":"임곡천","river_code":"1620310","survey_method":"사진측량"},"geometry":{"type":"Polygon","coordinates":[[[128.96083,37.65375],[128.9607,37.65373],[128.96068,37.65382],[128.96076,37.65381],[128.9608,37.65383],[128.96083,37.65375]]]}},{"type":"Feature","id":"TN_RIVER_BNDRY:WTR01000000008KNW","properties":{"NF_ID":"WTR01000000008KNW","admin_code":"51150","source_layer":"TN_RIVER_BNDRY","semantic":"zone","river_class":"소하천","river_class_source":"중심선 공간조인","survey_method":"사진측량"},"geometry":{"type":"Polygon","coordinates":[[[128.96892,37.6744],[128.96946,37.67347],[128.96973,37.67329],[128.9704,37.67311],[128.97134,37.6726],[128.97215,37.67277],[128.97134,37.67256],[128.96991,37.67314],[128.96943,37.67343],[128.96892,37.6744]]]}},{"type":"Feature","id":"TN_RIVER_BNDRY:WTR01000000008KOX","properties":{"NF_ID":"WTR01000000008KOX","admin_code":"51150","source_layer":"TN_RIVER_BNDRY","semantic":"zone","river_class":"지방하천","river_class_source":"중심선 공간조인","river_name":"임곡천","river_code":"1620310","survey_method":"사진측량"},"geometry":{"type":"Polygon","coordinates":[[[128.96146,37.65474],[128.96083,37.65375],[128.96116,37.65458],[128.96146,37.65474]]]}},{"type":"Feature","id":"TN_RIVER_BNDRY:WTR01000000008KPY","properties":{"NF_ID":"WTR01000000008KPY","admin_code":"51150","source_layer":"TN_RIVER_BNDRY","semantic":"zone","river_class":"소하천","river_class_source":"중심선 공간조인","survey_method":"사진측량"},"geometry":{"type":"Polygon","coordinates":[[[128.89097,37.68683],[128.8907,37.68592],[128.89033,37.68582],[128.89067,37.68679],[128.89097,37.68683]]]}},{"type":"Feature","id":"TN_RIVER_BNDRY:WTR01000000008KQZ","properties":{"NF_ID":"WTR01000000008KQZ","admin_code":"51150","source_layer":"TN_RIVER_BNDRY","semantic":"zone","river_class":"소하천","river_class_source":"중심선 공간조인","survey_method":"사진측량"},"geometry":{"type":"Polygon","coordinates":[[[128.89596,37.67778],[128.89506,37.67691],[128.89584,37.67785],[128.89596,37.67778]]]}},{"type":"Feature","id":"TN_RIVER_BNDRY:WTR01000000008KR0","properties":{"NF_ID":"WTR01000000008KR0","admin_code":"51150","source_layer":"TN_RIVER_BNDRY","semantic":"zone","river_class":"소하천","river_class_source":"중심선 공간조인","survey_method":"사진측량"},"geometry":{"type":"Polygon","coordinates":[[[128.896,37.67791],[128.89596,37.67778],[128.89584,37.67785],[128.89587,37.67803],[128.896,37.67791]]]}},{"type":"Feature","id":"TN_RIVER_BNDRY:WTR01000000008KS1","properties":{"NF_ID":"WTR01000000008KS1","admin_code":"51150","source_layer":"TN_RIVER_BNDRY","semantic":"zone","river_class":"소하천","river_class_source":"중심선 공간조인","survey_method":"사진측량"},"geometry":{"type":"Polygon","coordinates":[[[128.89069,37.68578],[128.89038,37.68566],[128.89033,37.68582],[128.8907,37.68592],[128.89069,37.68578]]]}},{"type":"Feature","id":"TN_RIVER_BNDRY:WTR01000000008KT2","properties":{"NF_ID":"WTR01000000008KT2","admin_code":"51150","source_layer":"TN_RIVER_BNDRY","semantic":"zone","river_class":"소하천","river_class_source":"중심선 공간조인","survey_method":"사진측량"},"geometry":{"type":"Polygon","coordinates":[[[128.896,37.67791],[128.89587,37.67803],[128.89603,37.67923],[128.8957,37.68014],[128.89504,37.68068],[128.8936,37.68147],[128.89237,37.6827],[128.89199,37.68342],[128.89212,37.68416],[128.8919,37.68412],[128.89038,37.68566],[128.89069,37.68578],[128.89077,37.68534],[128.89178,37.68442],[128.89218,37.68426],[128.89218,37.68347],[128.89258,37.68268],[128.89398,37.68132],[128.89499,37.68086],[128.89577,37.68022],[128.89615,37.67939],[128.896,37.67791]]]}},{"type":"Feature","id":"TN_RIVER_BNDRY:WTR01000000008KU3","properties":{"NF_ID":"WTR01000000008KU3","admin_code":"51150","source_layer":"TN_RIVER_BNDRY","semantic":"zone","river_class":"소하천","river_class_source":"중심선 공간조인","survey_method":"사진측량"},"geometry":{"type":"Polygon","coordinates":[[[128.91423,37.68941],[128.91335,37.68843],[128.91189,37.68754],[128.91186,37.68712],[128.91215,37.6869],[128.91228,37.68601],[128.91198,37.68539],[128.91219,37.6861],[128.91205,37.68686],[128.91176,37.68708],[128.91182,37.6876],[128.91374,37.68884],[128.91423,37.68941]]]}},{"type":"Feature","id":"TN_RIVER_BNDRY:WTR01000000008KV4","properties":{"NF_ID":"WTR01000000008KV4","admin_code":"51150","source_layer":"TN_RIVER_BNDRY","semantic":"zone","river_class":"소하천","river_class_source":"중심선 공간조인","survey_method":"사진측량"},"geometry":{"type":"Polygon","coordinates":[[[128.91954,37.67922],[128.92032,37.67921],[128.9208,37.67884],[128.9231,37.67782],[128.92515,37.6758],[128.92287,37.67781],[128.92078,37.67876],[128.9202,37.67919],[128.91954,37.67922]]]}},{"type":"Feature","id":"TN_RIVER_BNDRY:WTR01000000008KW5","properties":{"NF_ID":"WTR01000000008KW5","admin_code":"51150","source_layer":"TN_RIVER_BNDRY","semantic":"zone","river_class":"소하천","river_class_source":"중심선 공간조인","survey_method":"사진측량"},"geometry":{"type":"Polygon","coordinates":[[[128.92671,37.67847],[128.92609,37.67902],[128.92543,37.6792],[128.92475,37.67967],[128.92455,37.68001],[128.92416,37.68018],[128.92318,37.6812],[128.923,37.68179],[128.92265,37.68201],[128.92206,37.68204],[128.92141,37.68232],[128.92096,37.68277],[128.9211,37.68281],[128.92146,37.68234],[128.92213,37.68207],[128.92269,37.68204],[128.92308,37.6818],[128.92327,37.68121],[128.92417,37.68026],[128.92536,37.67951],[128.92547,37.67929],[128.9261,37.67908],[128.92671,37.67847]]]}},{"type":"Feature","id":"TN_RIVER_BNDRY:WTR01000000008KX6","properties":{"NF_ID":"WTR01000000008KX6","admin_code":"51150","source_layer":"TN_RIVER_BNDRY","semantic":"zone","river_class":"지방하천","river_class_source":"중심선 공간조인","river_name":"군선천","river_code":"1620300","survey_method":"사진측량"},"geometry":{"type":"Polygon","coordinates":[[[128.92693,37.68686],[128.9264,37.68635],[128.92419,37.68512],[128.92269,37.68442],[128.92178,37.68423],[128.92117,37.68361],[128.92093,37.68274],[128.92071,37.68272],[128.92067,37.68316],[128.92123,37.68423],[128.92269,37.68466],[128.92452,37.68545],[128.92481,37.68573],[128.92618,37.68636],[128.92668,37.68695],[128.92693,37.68686]]]}},{"type":"Feature","id":"TN_RIVER_BNDRY:WTR01000000008KY7","properties":{"NF_ID":"WTR01000000008KY7","admin_code":"51150","source_layer":"TN_RIVER_BNDRY","semantic":"zone","river_class":"소하천","river_class_source":"중심선 공간조인","survey_method":"사진측량"},"geometry":{"type":"Polygon","coordinates":[[[128.91386,37.6951],[128.91272,37.69414],[128.912,37.6941],[128.91119,37.6938],[128.90973,37.69366],[128.90845,37.69316],[128.90773,37.69233],[128.9075,37.6918],[128.90764,37.69053],[128.9074,37.68979],[128.90699,37.68954],[128.90554,37.68761],[128.90626,37.68878],[128.90692,37.68958],[128.9073,37.6898],[128.90757,37.69059],[128.90738,37.69179],[128.90833,37.69315],[128.90941,37.69368],[128.91111,37.69388],[128.91232,37.69426],[128.91274,37.69424],[128.91377,37.6952],[128.91386,37.6951]]]}},{"type":"Feature","id":"TN_RIVER_BNDRY:WTR01000000008KZ8","properties":{"NF_ID":"WTR01000000008KZ8","admin_code":"51150","source_layer":"TN_RIVER_BNDRY","semantic":"zone","river_class":"지방하천","river_class_source":"중심선 공간조인","river_name":"군선천","river_code":"1620300","survey_method":"사진측량"},"geometry":{"type":"Polygon","coordinates":[[[128.91958,37.6793],[128.91954,37.67922],[128.91945,37.67922],[128.91945,37.67925],[128.91944,37.67932],[128.91958,37.6793]]]}},{"type":"Feature","id":"TN_RIVER_BNDRY:WTR01000000008L0A","properties":{"NF_ID":"WTR01000000008L0A","admin_code":"51150","source_layer":"TN_RIVER_BNDRY","semantic":"zone","river_class":"지방하천","river_class_source":"중심선 공간조인","river_name":"군선천","river_code":"1620300","survey_method":"사진측량"},"geometry":{"type":"Polygon","coordinates":[[[128.91958,37.6793],[128.91944,37.67932],[128.91943,37.68009],[128.92056,37.68157],[128.92079,37.6821],[128.92075,37.68257],[128.92094,37.68269],[128.92086,37.68187],[128.91964,37.68003],[128.91958,37.6793]]]}},{"type":"Feature","id":"TN_RIVER_BNDRY:WTR01000000008L1B","properties":{"NF_ID":"WTR01000000008L1B","admin_code":"51150","source_layer":"TN_RIVER_BNDRY","semantic":"zone","river_class":"지방하천","river_class_source":"중심선 공간조인","river_name":"군선천","river_code":"1620300","survey_method":"사진측량"},"geometry":{"type":"Polygon","coordinates":[[[128.92094,37.68269],[128.92075,37.68257],[128.92071,37.68272],[128.92094,37.68269]]]}},{"type":"Feature","id":"TN_RIVER_BNDRY:WTR01000000008L2C","properties":{"NF_ID":"WTR01000000008L2C","admin_code":"51150","source_layer":"TN_RIVER_BNDRY","semantic":"zone","river_class":"지방하천","river_class_source":"중심선 공간조인","river_name":"금광천","river_code":"1420060","survey_method":"사진측량"},"geometry":{"type":"Polygon","coordinates":[[[128.914,37.69518],[128.91386,37.6951],[128.91377,37.6952],[128.914,37.6953],[128.914,37.69518]]]}},{"type":"Feature","id":"TN_RIVER_BNDRY:WTR01000000008L3D","properties":{"NF_ID":"WTR01000000008L3D","admin_code":"51150","source_layer":"TN_RIVER_BNDRY","semantic":"zone","river_class":"지방하천","river_class_source":"중심선 공간조인","river_name":"금광천","river_code":"1420060","survey_method":"사진측량"},"geometry":{"type":"Polygon","coordinates":[[[128.9152,37.69341],[128.91509,37.69354],[128.91535,37.69369],[128.91532,37.69399],[128.91494,37.69434],[128.91399,37.69481],[128.91386,37.6951],[128.914,37.69518],[128.91414,37.69481],[128.9151,37.69435],[128.91541,37.69403],[128.91556,37.6936],[128.9152,37.69341]]]}},{"type":"Feature","id":"TN_RIVER_BNDRY:WTR01000000008L4E","properties":{"NF_ID":"WTR01000000008L4E","admin_code":"51150","source_layer":"TN_RIVER_BNDRY","semantic":"zone","river_class":"소하천","river_class_source":"중심선 공간조인","survey_method":"사진측량"},"geometry":{"type":"Polygon","coordinates":[[[128.94425,37.69242],[128.9443,37.69245],[128.94431,37.69244],[128.94436,37.69243],[128.94445,37.69238],[128.94446,37.69239],[128.94472,37.69219],[128.9451,37.69189],[128.94523,37.6918],[128.94532,37.69171],[128.94543,37.69161],[128.94543,37.69159],[128.94543,37.69159],[128.94542,37.69158],[128.94541,37.69158],[128.94535,37.69162],[128.94527,37.69169],[128.94523,37.69173],[128.94512,37.69182],[128.94485,37.69203],[128.94444,37.69234],[128.94442,37.69236],[128.94426,37.69242],[128.94425,37.69242]]]}},{"type":"Feature","id":"TN_RIVER_BNDRY:WTR01000000008L5F","properties":{"NF_ID":"WTR01000000008L5F","admin_code":"51150","source_layer":"TN_RIVER_BNDRY","semantic":"zone","river_class":"소하천","river_class_source":"중심선 공간조인","survey_method":"사진측량"},"geometry":{"type":"Polygon","coordinates":[[[128.94119,37.6879],[128.9408,37.68727],[128.94032,37.68694],[128.94051,37.68537],[128.93969,37.68519],[128.93975,37.68434],[128.93938,37.68393],[128.93953,37.68304],[128.9398,37.68254],[128.93938,37.68206],[128.93938,37.68167],[128.93981,37.6812],[128.94053,37.68087],[128.94079,37.68049],[128.94048,37.68085],[128.93973,37.68115],[128.93932,37.68166],[128.93933,37.68212],[128.9397,37.68254],[128.9393,37.68385],[128.93969,37.68446],[128.93961,37.68523],[128.94042,37.68541],[128.94032,37.6871],[128.94071,37.68729],[128.94119,37.6879]]]}},{"type":"Feature","id":"TN_RIVER_BNDRY:WTR01000000008L6G","properties":{"NF_ID":"WTR01000000008L6G","admin_code":"51150","source_layer":"TN_RIVER_BNDRY","semantic":"zone","river_class":"지방하천","river_class_source":"중심선 공간조인","river_name":"군선천","river_code":"1620300","survey_method":"사진측량"},"geometry":{"type":"Polygon","coordinates":[[[128.92697,37.68693],[128.92668,37.68695],[128.92676,37.68707],[128.92697,37.68693]]]}},{"type":"Feature","id":"TN_RIVER_BNDRY:WTR01000000008L7H","properties":{"NF_ID":"WTR01000000008L7H","admin_code":"51150","source_layer":"TN_RIVER_BNDRY","semantic":"zone","river_class":"소하천","river_class_source":"중심선 공간조인","survey_method":"사진측량"},"geometry":{"type":"Polygon","coordinates":[[[128.92676,37.67831],[128.92673,37.67817],[128.92615,37.67806],[128.92665,37.67821],[128.92666,37.67838],[128.92676,37.67831]]]}},{"type":"Feature","id":"TN_RIVER_BNDRY:WTR01000000008L8I","properties":{"NF_ID":"WTR01000000008L8I","admin_code":"51150","source_layer":"TN_RIVER_BNDRY","semantic":"zone","river_class":"소하천","river_class_source":"중심선 공간조인","survey_method":"사진측량"},"geometry":{"type":"Polygon","coordinates":[[[128.9268,37.6784],[128.92676,37.67831],[128.92666,37.67838],[128.92671,37.67847],[128.9268,37.6784]]]}},{"type":"Feature","id":"TN_RIVER_BNDRY:WTR01000000008L9J","properties":{"NF_ID":"WTR01000000008L9J","admin_code":"51150","source_layer":"TN_RIVER_BNDRY","semantic":"zone","river_class":"소하천","river_class_source":"중심선 공간조인","survey_method":"사진측량"},"geometry":{"type":"Polygon","coordinates":[[[128.92676,37.67831],[128.92758,37.67772],[128.92789,37.67769],[128.92757,37.67768],[128.92676,37.67831]]]}},{"type":"Feature","id":"TN_RIVER_BNDRY:WTR01000000008LAK","properties":{"NF_ID":"WTR01000000008LAK","admin_code":"51150","source_layer":"TN_RIVER_BNDRY","semantic":"zone","river_class":"소하천","river_class_source":"중심선 공간조인","survey_method":"사진측량"},"geometry":{"type":"Polygon","coordinates":[[[128.94425,37.69242],[128.9434,37.69169],[128.94278,37.69013],[128.94186,37.68889],[128.94132,37.68843],[128.94125,37.68805],[128.94127,37.68849],[128.94169,37.68879],[128.9426,37.69002],[128.94329,37.69184],[128.94395,37.69248],[128.94425,37.69242]]]}},{"type":"Feature","id":"TN_RIVER_BNDRY:WTR01000000008LBL","properties":{"NF_ID":"WTR01000000008LBL","admin_code":"51150","source_layer":"TN_RIVER_BNDRY","semantic":"zone","river_class":"소하천","river_class_source":"중심선 공간조인","survey_method":"사진측량"},"geometry":{"type":"Polygon","coordinates":[[[128.94125,37.68805],[128.94119,37.6879],[128.94115,37.68799],[128.94118,37.68807],[128.94119,37.68811],[128.94125,37.68805]]]}},{"type":"Feature","id":"TN_RIVER_BNDRY:WTR01000000008LCM","properties":{"NF_ID":"WTR01000000008LCM","admin_code":"51150","source_layer":"TN_RIVER_BNDRY","semantic":"zone","river_class":"소하천","river_class_source":"중심선 공간조인","survey_method":"사진측량"},"geometry":{"type":"Polygon","coordinates":[[[128.94119,37.6879],[128.94125,37.68805],[128.94155,37.68731],[128.94209,37.68709],[128.942,37.68654],[128.94249,37.68624],[128.94269,37.68578],[128.94239,37.68623],[128.94195,37.68647],[128.94204,37.68703],[128.94145,37.68731],[128.94119,37.6879]]]}},{"type":"Feature","id":"TN_RIVER_BNDRY:WTR01000000008LDN","properties":{"NF_ID":"WTR01000000008LDN","admin_code":"51150","source_layer":"TN_RIVER_BNDRY","semantic":"zone","river_class":"소하천","river_class_source":"중심선 공간조인","survey_method":"사진측량"},"geometry":{"type":"Polygon","coordinates":[[[128.9443,37.69245],[128.94395,37.69248],[128.94404,37.69268],[128.9443,37.69245]]]}},{"type":"Feature","id":"TN_RIVER_BNDRY:WTR01000000008LEO","properties":{"NF_ID":"WTR01000000008LEO","admin_code":"51150","source_layer":"TN_RIVER_BNDRY","semantic":"zone","river_class":"지방하천","river_class_source":"중심선 공간조인","river_name":"임곡천","river_code":"1620310","survey_method":"사진측량"},"geometry":{"type":"Polygon","coordinates":[[[128.97405,37.68782],[128.9738,37.68765],[128.9737,37.68792],[128.97393,37.68808],[128.97405,37.68782]]]}},{"type":"Feature","id":"TN_RIVER_BNDRY:WTR01000000008LFP","properties":{"NF_ID":"WTR01000000008LFP","admin_code":"51150","source_layer":"TN_RIVER_BNDRY","semantic":"zone","river_class":"소하천","river_class_source":"중심선 공간조인","survey_method":"사진측량"},"geometry":{"type":"Polygon","coordinates":[[[128.9738,37.68765],[128.97277,37.687],[128.97169,37.68726],[128.97077,37.68694],[128.96946,37.68726],[128.96938,37.68766],[128.96952,37.68736],[128.97064,37.68699],[128.9718,37.68735],[128.97273,37.68712],[128.97348,37.68754],[128.9737,37.68792],[128.9738,37.68765]]]}},{"type":"Feature","id":"TN_RIVER_BNDRY:WTR01000000008LGQ","properties":{"NF_ID":"WTR01000000008LGQ","admin_code":"51150","source_layer":"TN_RIVER_BNDRY","semantic":"zone","river_class":"지방하천","river_class_source":"중심선 공간조인","river_name":"임곡천","river_code":"1620310","survey_method":"사진측량"},"geometry":{"type":"Polygon","coordinates":[[[128.97223,37.67807],[128.97221,37.6784],[128.97301,37.67915],[128.97324,37.67992],[128.97296,37.68297],[128.97349,37.68357],[128.97396,37.68375],[128.97461,37.68369],[128.97547,37.68311],[128.97634,37.68322],[128.97679,37.68446],[128.97679,37.68481],[128.97632,37.68532],[128.97449,37.68684],[128.9738,37.68765],[128.97405,37.68782],[128.97566,37.68611],[128.97666,37.68537],[128.97697,37.68478],[128.97691,37.68369],[128.97666,37.68288],[128.97634,37.68268],[128.97529,37.68284],[128.97428,37.68364],[128.9738,37.68351],[128.9732,37.68302],[128.97339,37.68218],[128.97328,37.68171],[128.97354,37.68097],[128.97346,37.67978],[128.97296,37.67879],[128.97223,37.67807]]]}},{"type":"Feature","id":"TN_RIVER_BNDRY:WTR01000000008LHR","properties":{"NF_ID":"WTR01000000008LHR","admin_code":"51150","source_layer":"TN_RIVER_BNDRY","semantic":"zone","river_class":"지방하천","river_class_source":"중심선 공간조인","river_name":"임곡천","river_code":"1620310","survey_method":"사진측량"},"geometry":{"type":"Polygon","coordinates":[[[128.97223,37.67807],[128.97189,37.6779],[128.97191,37.67813],[128.97221,37.6784],[128.97223,37.67807]]]}},{"type":"Feature","id":"TN_RIVER_BNDRY:WTR01000000008LIS","properties":{"NF_ID":"WTR01000000008LIS","admin_code":"51150","source_layer":"TN_RIVER_BNDRY","semantic":"zone","river_class":"소하천","river_class_source":"중심선 공간조인","survey_method":"사진측량"},"geometry":{"type":"Polygon","coordinates":[[[128.97122,37.67792],[128.97115,37.67783],[128.9711,37.67787],[128.97116,37.67795],[128.9712,37.67793],[128.97122,37.67792]]]}},{"type":"Feature","id":"TN_RIVER_BNDRY:WTR01000000008LJT","properties":{"NF_ID":"WTR01000000008LJT","admin_code":"51150","source_layer":"TN_RIVER_BNDRY","semantic":"zone","river_class":"소하천","river_class_source":"중심선 공간조인","survey_method":"사진측량"},"geometry":{"type":"Polygon","coordinates":[[[128.97116,37.67795],[128.9711,37.67787],[128.97062,37.67808],[128.96952,37.67874],[128.96733,37.67935],[128.96646,37.6792],[128.96523,37.67926],[128.96433,37.67978],[128.96365,37.67967],[128.96439,37.67991],[128.96526,37.67936],[128.96619,37.67928],[128.96678,37.67945],[128.96741,37.67941],[128.96963,37.67879],[128.97116,37.67795]]]}},{"type":"Feature","id":"TN_RIVER_BNDRY:WTR01000000008LKU","properties":{"NF_ID":"WTR01000000008LKU","admin_code":"51150","source_layer":"TN_RIVER_BNDRY","semantic":"zone","river_class":"소하천","river_class_source":"중심선 공간조인","survey_method":"사진측량"},"geometry":{"type":"Polygon","coordinates":[[[128.97115,37.67783],[128.971,37.67767],[128.97098,37.67766],[128.97096,37.67766],[128.97096,37.67768],[128.97109,37.67781],[128.9711,37.67787],[128.97115,37.67783]]]}},{"type":"Feature","id":"TN_RIVER_BNDRY:WTR01000000008LLV","properties":{"NF_ID":"WTR01000000008LLV","admin_code":"51150","source_layer":"TN_RIVER_BNDRY","semantic":"zone","river_class":"소하천","river_class_source":"중심선 공간조인","survey_method":"사진측량"},"geometry":{"type":"Polygon","coordinates":[[[128.96584,37.6867],[128.96644,37.68677],[128.96743,37.68621],[128.96773,37.68627],[128.96797,37.68652],[128.96777,37.68623],[128.96741,37.68616],[128.96639,37.6867],[128.96579,37.68664],[128.96533,37.68717],[128.96507,37.68726],[128.96527,37.68728],[128.96584,37.6867]]]}},{"type":"Feature","id":"TN_RIVER_BNDRY:WTR01000000008LMW","properties":{"NF_ID":"WTR01000000008LMW","admin_code":"51150","source_layer":"TN_RIVER_BNDRY","semantic":"zone","river_class":"소하천","river_class_source":"중심선 공간조인","survey_method":"사진측량"},"geometry":{"type":"Polygon","coordinates":[[[128.97189,37.6779],[128.97115,37.67783],[128.97191,37.67813],[128.97189,37.6779]]]}},{"type":"Feature","id":"TN_RIVER_BNDRY:WTR01000000008LNX","properties":{"NF_ID":"WTR01000000008LNX","admin_code":"51150","source_layer":"TN_RIVER_BNDRY","semantic":"zone","river_class":"소하천","river_class_source":"중심선 공간조인","survey_method":"사진측량"},"geometry":{"type":"Polygon","coordinates":[[[128.80165,37.57341],[128.80148,37.57395],[128.80009,37.57513],[128.7994,37.57548],[128.79891,37.57601],[128.80158,37.57396],[128.80165,37.57341]]]}},{"type":"Feature","id":"TN_RIVER_BNDRY:WTR01000000008LOY","properties":{"NF_ID":"WTR01000000008LOY","admin_code":"51150","source_layer":"TN_RIVER_BNDRY","semantic":"zone","river_class":"소하천","river_class_source":"중심선 공간조인","survey_method":"사진측량"},"geometry":{"type":"Polygon","coordinates":[[[128.80161,37.57332],[128.80176,37.57229],[128.80162,37.57186],[128.80195,37.57157],[128.80186,37.57134],[128.80216,37.57113],[128.80226,37.57073],[128.80186,37.57004],[128.80221,37.57076],[128.80213,37.57111],[128.80182,37.5713],[128.8019,37.57155],[128.80155,37.57192],[128.80172,37.57222],[128.80161,37.57332]]]}},{"type":"Feature","id":"TN_RIVER_BNDRY:WTR01000000008LPZ","properties":{"NF_ID":"WTR01000000008LPZ","admin_code":"51150","source_layer":"TN_RIVER_BNDRY","semantic":"zone","river_class":"소하천","river_class_source":"중심선 공간조인","survey_method":"사진측량"},"geometry":{"type":"Polygon","coordinates":[[[128.80165,37.57341],[128.80161,37.57332],[128.80156,37.57335],[128.80158,37.57344],[128.80165,37.57341]]]}},{"type":"Feature","id":"TN_RIVER_BNDRY:WTR01000000008LQ0","properties":{"NF_ID":"WTR01000000008LQ0","admin_code":"51150","source_layer":"TN_RIVER_BNDRY","semantic":"zone","river_class":"소하천","river_class_source":"중심선 공간조인","survey_method":"사진측량"},"geometry":{"type":"Polygon","coordinates":[[[128.80904,37.51544],[128.80902,37.51534],[128.80825,37.51548],[128.80758,37.51544],[128.80904,37.51544]]]}},{"type":"Feature","id":"TN_RIVER_BNDRY:WTR01000000008LR1","properties":{"NF_ID":"WTR01000000008LR1","admin_code":"51150","source_layer":"TN_RIVER_BNDRY","semantic":"zone","river_class":"소하천","river_class_source":"중심선 공간조인","survey_method":"사진측량"},"geometry":{"type":"Polygon","coordinates":[[[128.78441,37.56065],[128.78461,37.56045],[128.78504,37.55874],[128.78341,37.5563],[128.78283,37.55389],[128.78262,37.55386],[128.78334,37.55632],[128.78496,37.55875],[128.78441,37.56065]]]}},{"type":"Feature","id":"TN_RIVER_BNDRY:WTR01000000008LS2","properties":{"NF_ID":"WTR01000000008LS2","admin_code":"51150","source_layer":"TN_RIVER_BNDRY","semantic":"zone","river_class":"지방하천","river_class_source":"중심선 공간조인","river_name":"대기천","river_code":"1020070","survey_method":"사진측량"},"geometry":{"type":"Polygon","coordinates":[[[128.79506,37.56197],[128.79461,37.56144],[128.7949,37.56069],[128.79579,37.56027],[128.79634,37.55965],[128.79722,37.55917],[128.79771,37.55925],[128.79887,37.55997],[128.80034,37.56045],[128.80095,37.56116],[128.80128,37.56114],[128.80162,37.56085],[128.80121,37.56112],[128.80092,37.5611],[128.80046,37.56046],[128.79911,37.55998],[128.79789,37.55921],[128.79724,37.55901],[128.79663,37.55928],[128.79565,37.56023],[128.79481,37.56064],[128.79451,37.56155],[128.79492,37.56202],[128.79506,37.56197]]]}},{"type":"Feature","id":"TN_RIVER_BNDRY:WTR01000000008MT4","properties":{"NF_ID":"WTR01000000008MT4","admin_code":"51150","source_layer":"TN_RIVER_BNDRY","semantic":"zone","river_class":"소하천","river_class_source":"중심선 공간조인","survey_method":"사진측량"},"geometry":{"type":"Polygon","coordinates":[[[128.98186,37.55247],[128.98141,37.55169],[128.98075,37.55137],[128.98064,37.5508],[128.98026,37.55019],[128.98017,37.55033],[128.98055,37.55096],[128.98056,37.55137],[128.98136,37.55178],[128.98175,37.55257],[128.98186,37.55247]]]}},{"type":"Feature","id":"TN_RIVER_BNDRY:WTR01000000008MZA","properties":{"NF_ID":"WTR01000000008MZA","admin_code":"51150","source_layer":"TN_RIVER_BNDRY","semantic":"zone","river_class":"소하천","river_class_source":"중심선 공간조인","survey_method":"사진측량"},"geometry":{"type":"Polygon","coordinates":[[[128.91931,37.57488],[128.91912,37.5749],[128.91909,37.57494],[128.91906,37.57494],[128.91904,37.57494],[128.91893,37.57503],[128.91885,37.57516],[128.91897,37.57519],[128.91905,37.57509],[128.91908,37.57504],[128.91915,37.57497],[128.91921,37.57494],[128.91931,37.57488]]]}},{"type":"Feature","id":"TN_RIVER_BNDRY:WTR01000000008N0C","properties":{"NF_ID":"WTR01000000008N0C","admin_code":"51150","source_layer":"TN_RIVER_BNDRY","semantic":"zone","river_class":"소하천","river_class_source":"중심선 공간조인","survey_method":"사진측량"},"geometry":{"type":"Polygon","coordinates":[[[128.91931,37.57488],[128.91916,37.57475],[128.91912,37.5749],[128.91931,37.57488]]]}},{"type":"Feature","id":"TN_RIVER_BNDRY:WTR01000000008N1D","properties":{"NF_ID":"WTR01000000008N1D","admin_code":"51150","source_layer":"TN_RIVER_BNDRY","semantic":"zone","river_class":"소하천","river_class_source":"중심선 공간조인","survey_method":"사진측량"},"geometry":{"type":"Polygon","coordinates":[[[128.91916,37.57475],[128.91805,37.57422],[128.91831,37.57451],[128.91912,37.5749],[128.91916,37.57475]]]}},{"type":"Feature","id":"TN_RIVER_BNDRY:WTR01000000008N2E","properties":{"NF_ID":"WTR01000000008N2E","admin_code":"51150","source_layer":"TN_RIVER_BNDRY","semantic":"zone","river_class":"소하천","river_class_source":"중심선 공간조인","survey_method":"사진측량"},"geometry":{"type":"Polygon","coordinates":[[[128.94055,37.57388],[128.94028,37.57378],[128.93932,37.57417],[128.93747,37.57435],[128.93692,37.5747],[128.93643,37.57546],[128.93582,37.57575],[128.93385,37.57579],[128.9332,37.57548],[128.93185,37.57576],[128.92988,37.57566],[128.92732,37.57478],[128.92635,37.57463],[128.92517,37.57488],[128.92335,37.57576],[128.92163,37.57527],[128.92001,37.57509],[128.91968,37.57482],[128.91929,37.57479],[128.9201,37.57525],[128.92129,37.57529],[128.92324,37.57586],[128.92398,37.57582],[128.92455,37.57559],[128.92533,37.57492],[128.92634,37.57473],[128.92778,37.57502],[128.92979,37.57574],[128.93163,37.57585],[128.93297,37.57567],[128.93394,37.57589],[128.93587,37.57584],[128.9364,37.57568],[128.93709,37.57474],[128.9374,37.57455],[128.93929,37.5743],[128.94055,37.57388]]]}},{"type":"Feature","id":"TN_RIVER_BNDRY:WTR01000000008N3F","properties":{"NF_ID":"WTR01000000008N3F","admin_code":"51150","source_layer":"TN_RIVER_BNDRY","semantic":"zone","river_class":"소하천","river_class_source":"중심선 공간조인","survey_method":"사진측량"},"geometry":{"type":"Polygon","coordinates":[[[128.93828,37.56383],[128.93819,37.56352],[128.93794,37.56359],[128.9381,37.56392],[128.93828,37.56383]]]}},{"type":"Feature","id":"TN_RIVER_BNDRY:WTR01000000008N4G","properties":{"NF_ID":"WTR01000000008N4G","admin_code":"51150","source_layer":"TN_RIVER_BNDRY","semantic":"zone","river_class":"소하천","river_class_source":"중심선 공간조인","survey_method":"사진측량"},"geometry":{"type":"Polygon","coordinates":[[[128.93829,37.56391],[128.93864,37.56394],[128.93959,37.5635],[128.93864,37.56391],[128.93829,37.56391]]]}},{"type":"Feature","id":"TN_RIVER_BNDRY:WTR01000000008N5H","properties":{"NF_ID":"WTR01000000008N5H","admin_code":"51150","source_layer":"TN_RIVER_BNDRY","semantic":"zone","river_class":"등급미확인","survey_method":"사진측량"},"geometry":{"type":"Polygon","coordinates":[[[128.93829,37.56391],[128.93828,37.56383],[128.9381,37.56392],[128.93813,37.56394],[128.93829,37.56391]]]}},{"type":"Feature","id":"TN_RIVER_BNDRY:WTR01000000008N6I","properties":{"NF_ID":"WTR01000000008N6I","admin_code":"51150","source_layer":"TN_RIVER_BNDRY","semantic":"zone","river_class":"소하천","river_class_source":"중심선 공간조인","survey_method":"사진측량"},"geometry":{"type":"Polygon","coordinates":[[[128.93829,37.56398],[128.93829,37.56391],[128.93813,37.56394],[128.93815,37.56396],[128.93816,37.564],[128.93829,37.56398]]]}},{"type":"Feature","id":"TN_RIVER_BNDRY:WTR01000000008N7J","properties":{"NF_ID":"WTR01000000008N7J","admin_code":"51150","source_layer":"TN_RIVER_BNDRY","semantic":"zone","river_class":"소하천","river_class_source":"중심선 공간조인","survey_method":"사진측량"},"geometry":{"type":"Polygon","coordinates":[[[128.94078,37.57371],[128.94054,37.57363],[128.94028,37.57378],[128.94055,37.57388],[128.94078,37.57371]]]}},{"type":"Feature","id":"TN_RIVER_BNDRY:WTR01000000008N8K","properties":{"NF_ID":"WTR01000000008N8K","admin_code":"51150","source_layer":"TN_RIVER_BNDRY","semantic":"zone","river_class":"소하천","river_class_source":"중심선 공간조인","survey_method":"사진측량"},"geometry":{"type":"Polygon","coordinates":[[[128.93797,37.56375],[128.93727,37.56366],[128.93695,37.56333],[128.93681,37.56284],[128.9369,37.56188],[128.93666,37.56171],[128.93471,37.56214],[128.93322,37.56202],[128.93192,37.56262],[128.93031,37.56261],[128.92964,37.56279],[128.92869,37.56346],[128.92915,37.56342],[128.93021,37.56277],[128.93206,37.5627],[128.93313,37.56215],[128.93489,37.5622],[128.93639,37.56186],[128.93672,37.56198],[128.93664,37.56285],[128.93689,37.56351],[128.93733,37.56385],[128.9381,37.56392],[128.93797,37.56375]]]}},{"type":"Feature","id":"TN_RIVER_BNDRY:WTR01000000008N9L","properties":{"NF_ID":"WTR01000000008N9L","admin_code":"51150","source_layer":"TN_RIVER_BNDRY","semantic":"zone","river_class":"소하천","river_class_source":"중심선 공간조인","survey_method":"사진측량"},"geometry":{"type":"Polygon","coordinates":[[[128.94054,37.57363],[128.93974,37.57296],[128.93923,37.57105],[128.93924,37.56901],[128.93824,37.56781],[128.93844,37.56533],[128.93833,37.56413],[128.93816,37.564],[128.93826,37.56554],[128.93804,37.56639],[128.93808,37.56782],[128.93911,37.56917],[128.93918,37.56981],[128.93891,37.57083],[128.93946,37.57312],[128.94,37.57367],[128.94028,37.57378],[128.94054,37.57363]]]}},{"type":"Feature","id":"TN_RIVER_BNDRY:WTR01000000008NAM","properties":{"NF_ID":"WTR01000000008NAM","admin_code":"51150","source_layer":"TN_RIVER_BNDRY","semantic":"zone","river_class":"소하천","river_class_source":"중심선 공간조인","survey_method":"사진측량"},"geometry":{"type":"Polygon","coordinates":[[[128.94487,37.57528],[128.94307,37.57464],[128.94154,37.57389],[128.94078,37.57371],[128.94055,37.57388],[128.94464,37.57545],[128.94487,37.57528]]]}},{"type":"Feature","id":"TN_RIVER_BNDRY:WTR01000000008NBN","properties":{"NF_ID":"WTR01000000008NBN","admin_code":"51150","source_layer":"TN_RIVER_BNDRY","semantic":"zone","river_class":"소하천","river_class_source":"중심선 공간조인","survey_method":"사진측량"},"geometry":{"type":"Polygon","coordinates":[[[128.9401,37.55162],[128.9403,37.55122],[128.94117,37.5508],[128.94142,37.55047],[128.94038,37.55104],[128.9401,37.55162]]]}},{"type":"Feature","id":"TN_RIVER_BNDRY:WTR01000000008NCO","properties":{"NF_ID":"WTR01000000008NCO","admin_code":"51150","source_layer":"TN_RIVER_BNDRY","semantic":"zone","river_class":"지방하천","river_class_source":"중심선 공간조인","river_name":"주수천","river_code":"1620330","survey_method":"사진측량"},"geometry":{"type":"Polygon","coordinates":[[[128.96191,37.57415],[128.9618,37.57402],[128.96159,37.57425],[128.96172,37.57439],[128.96191,37.57415]]]}},{"type":"Feature","id":"TN_RIVER_BNDRY:WTR01000000008NDP","properties":{"NF_ID":"WTR01000000008NDP","admin_code":"51150","source_layer":"TN_RIVER_BNDRY","semantic":"zone","river_class":"소하천","river_class_source":"중심선 공간조인","survey_method":"사진측량"},"geometry":{"type":"Polygon","coordinates":[[[128.9618,37.57402],[128.96191,37.57415],[128.96206,37.57373],[128.962,37.57306],[128.96198,37.57373],[128.9618,37.57402]]]}},{"type":"Feature","id":"TN_RIVER_BNDRY:WTR01000000008NEQ","properties":{"NF_ID":"WTR01000000008NEQ","admin_code":"51150","source_layer":"TN_RIVER_BNDRY","semantic":"zone","river_class":"소하천","river_class_source":"중심선 공간조인","survey_method":"사진측량"},"geometry":{"type":"Polygon","coordinates":[[[128.98114,37.57566],[128.98139,37.57543],[128.98155,37.57549],[128.98175,37.57506],[128.98169,37.57489],[128.98111,37.57473],[128.98109,37.574],[128.98178,37.57312],[128.98234,37.57282],[128.98335,37.57125],[128.9823,37.57274],[128.98125,37.57344],[128.98098,37.57402],[128.98098,37.5748],[128.98145,37.575],[128.98077,37.57597],[128.98131,37.57744],[128.98145,37.5774],[128.98089,37.57601],[128.98114,37.57566]]]}},{"type":"Feature","id":"TN_RIVER_BNDRY:WTR01000000008NFR","properties":{"NF_ID":"WTR01000000008NFR","admin_code":"51150","source_layer":"TN_RIVER_BNDRY","semantic":"zone","river_class":"소하천","river_class_source":"중심선 공간조인","survey_method":"사진측량"},"geometry":{"type":"Polygon","coordinates":[[[128.98185,37.5527],[128.98175,37.55257],[128.98043,37.55262],[128.97964,37.55243],[128.97918,37.55249],[128.9754,37.55204],[128.97537,37.55222],[128.97683,37.55247],[128.97791,37.55243],[128.97956,37.55272],[128.98185,37.5527]]]}},{"type":"Feature","id":"TN_RIVER_BNDRY:WTR01000000008NGS","properties":{"NF_ID":"WTR01000000008NGS","admin_code":"51150","source_layer":"TN_RIVER_BNDRY","semantic":"zone","river_class":"소하천","river_class_source":"중심선 공간조인","survey_method":"사진측량"},"geometry":{"type":"Polygon","coordinates":[[[128.98204,37.55265],[128.98185,37.5527],[128.98302,37.55356],[128.98333,37.5537],[128.98361,37.55363],[128.98384,37.55383],[128.98391,37.55443],[128.98424,37.55473],[128.98778,37.557],[128.98922,37.5574],[128.98936,37.55728],[128.99108,37.5579],[128.99206,37.55794],[128.99197,37.55732],[128.99052,37.55733],[128.98928,37.55715],[128.98801,37.55688],[128.98698,37.55639],[128.98403,37.55433],[128.98379,37.55358],[128.98322,37.55357],[128.98204,37.55265]]]}},{"type":"Feature","id":"TN_RIVER_BNDRY:WTR01000000008NHT","properties":{"NF_ID":"WTR01000000008NHT","admin_code":"51150","source_layer":"TN_RIVER_BNDRY","semantic":"zone","river_class":"소하천","river_class_source":"중심선 공간조인","survey_method":"사진측량"},"geometry":{"type":"Polygon","coordinates":[[[128.98204,37.55265],[128.98186,37.55247],[128.98175,37.55257],[128.98185,37.5527],[128.98204,37.55265]]]}},{"type":"Feature","id":"TN_RIVER_BNDRY:WTR01000000008NIU","properties":{"NF_ID":"WTR01000000008NIU","admin_code":"51150","source_layer":"TN_RIVER_BNDRY","semantic":"zone","river_class":"지방하천","river_class_source":"중심선 공간조인","river_name":"주수천","river_code":"1620330","survey_method":"사진측량"},"geometry":{"type":"Polygon","coordinates":[[[128.94501,37.57566],[128.94464,37.57545],[128.94334,37.57611],[128.94213,37.5773],[128.94228,37.57788],[128.94296,37.57883],[128.94302,37.57944],[128.94276,37.57996],[128.94172,37.58075],[128.94186,37.58247],[128.94171,37.58358],[128.93966,37.58671],[128.93826,37.58783],[128.93745,37.58825],[128.93751,37.58834],[128.93638,37.58932],[128.93501,37.58982],[128.93405,37.59037],[128.93386,37.59076],[128.93285,37.59132],[128.93203,37.59215],[128.93057,37.59277],[128.92709,37.59357],[128.9258,37.59429],[128.92516,37.59417],[128.92364,37.59516],[128.92308,37.59522],[128.92191,37.59487],[128.92152,37.59494],[128.92122,37.59517],[128.92117,37.59556],[128.92205,37.59686],[128.92183,37.59738],[128.92107,37.59721],[128.92008,37.59751],[128.91869,37.59718],[128.91813,37.59724],[128.9178,37.59756],[128.91771,37.59818],[128.91707,37.59966],[128.91598,37.60004],[128.91512,37.60001],[128.91559,37.60016],[128.91631,37.60009],[128.91725,37.59966],[128.91782,37.59827],[128.91791,37.59759],[128.91822,37.59733],[128.91888,37.59735],[128.91998,37.59762],[128.92108,37.59733],[128.92191,37.59752],[128.92222,37.59696],[128.92132,37.59564],[128.92133,37.59527],[128.92152,37.59507],[128.92198,37.59504],[128.92291,37.59531],[128.92377,37.59522],[128.92502,37.59439],[128.92584,37.59437],[128.92717,37.59363],[128.931,37.59278],[128.93218,37.59218],[128.93293,37.59139],[128.9335,37.59113],[128.9348,37.59013],[128.93719,37.58926],[128.93736,37.5886],[128.93886,37.58777],[128.93906,37.58736],[128.94045,37.58612],[128.94093,37.58514],[128.94149,37.58472],[128.94215,37.58322],[128.94197,37.58082],[128.94296,37.58022],[128.94347,37.57935],[128.94345,37.57904],[128.94272,37.57814],[128.94243,37.57743],[128.94316,37.57644],[128.94501,37.57566]]]}},{"type":"Feature","id":"TN_RIVER_BNDRY:WTR01000000008NJV","properties":{"NF_ID":"WTR01000000008NJV","admin_code":"51150","source_layer":"TN_RIVER_BNDRY","semantic":"zone","river_class":"지방하천","river_class_source":"중심선 공간조인","river_name":"주수천","river_code":"1620330","survey_method":"사진측량"},"geometry":{"type":"Polygon","coordinates":[[[128.94536,37.57558],[128.94487,37.57528],[128.94464,37.57545],[128.94501,37.57566],[128.94536,37.57558]]]}},{"type":"Feature","id":"TN_RIVER_BNDRY:WTR01000000008NKW","properties":{"NF_ID":"WTR01000000008NKW","admin_code":"51150","source_layer":"TN_RIVER_BNDRY","semantic":"zone","river_class":"소하천","river_class_source":"중심선 공간조인","survey_method":"사진측량"},"geometry":{"type":"Polygon","coordinates":[[[128.96052,37.59473],[128.96025,37.59467],[128.96019,37.59482],[128.96052,37.59473]]]}},{"type":"Feature","id":"TN_RIVER_BNDRY:WTR01000000008NLX","properties":{"NF_ID":"WTR01000000008NLX","admin_code":"51150","source_layer":"TN_RIVER_BNDRY","semantic":"zone","river_class":"소하천","river_class_source":"중심선 공간조인","survey_method":"사진측량"},"geometry":{"type":"Polygon","coordinates":[[[128.96033,37.59484],[128.95983,37.59501],[128.95904,37.59629],[128.95857,37.59658],[128.95819,37.59715],[128.95835,37.59715],[128.95846,37.59681],[128.95914,37.59627],[128.95992,37.59511],[128.96033,37.59484]]]}},{"type":"Feature","id":"TN_RIVER_BNDRY:WTR01000000008NMY","properties":{"NF_ID":"WTR01000000008NMY","admin_code":"51150","source_layer":"TN_RIVER_BNDRY","semantic":"zone","river_class":"소하천","river_class_source":"중심선 공간조인","survey_method":"사진측량"},"geometry":{"type":"Polygon","coordinates":[[[128.96025,37.59467],[128.96004,37.5946],[128.95994,37.59432],[128.95934,37.59401],[128.95909,37.59348],[128.95853,37.59341],[128.9582,37.59281],[128.95849,37.59346],[128.95908,37.59356],[128.95925,37.59404],[128.95985,37.59434],[128.96019,37.59482],[128.96025,37.59467]]]}},{"type":"Feature","id":"TN_RIVER_BNDRY:WTR01000000008NNZ","properties":{"NF_ID":"WTR01000000008NNZ","admin_code":"51150","source_layer":"TN_RIVER_BNDRY","semantic":"zone","river_class":"소하천","river_class_source":"중심선 공간조인","survey_method":"사진측량"},"geometry":{"type":"Polygon","coordinates":[[[128.9814,37.57779],[128.98213,37.57931],[128.98334,37.58023],[128.98381,37.58091],[128.98344,37.58169],[128.98249,37.5822],[128.98217,37.58303],[128.98243,37.58289],[128.98255,37.58226],[128.98343,37.58178],[128.98394,37.581],[128.98339,37.58019],[128.98213,37.57921],[128.9814,37.57779]]]}},{"type":"Feature","id":"TN_RIVER_BNDRY:WTR01000000008NO0","properties":{"NF_ID":"WTR01000000008NO0","admin_code":"51150","source_layer":"TN_RIVER_BNDRY","semantic":"zone","river_class":"지방하천","river_class_source":"중심선 공간조인","river_name":"낙풍천","river_code":"1620350","survey_method":"사진측량"},"geometry":{"type":"Polygon","coordinates":[[[128.96229,37.60943],[128.96232,37.60915],[128.96114,37.60923],[128.96111,37.6097],[128.96138,37.61026],[128.96126,37.61069],[128.95944,37.61037],[128.95757,37.61036],[128.95735,37.61066],[128.95742,37.61152],[128.95714,37.61208],[128.95691,37.61219],[128.95629,37.6121],[128.95631,37.61126],[128.95598,37.61097],[128.95487,37.61101],[128.95328,37.61136],[128.95304,37.61155],[128.95303,37.61184],[128.95386,37.61262],[128.95415,37.61316],[128.95322,37.61348],[128.95224,37.6144],[128.95114,37.61376],[128.95078,37.61382],[128.95,37.61429],[128.94887,37.61427],[128.94873,37.61452],[128.94887,37.61535],[128.94864,37.61564],[128.94597,37.61717],[128.94353,37.61731],[128.94195,37.61792],[128.94162,37.6172],[128.94116,37.61707],[128.94056,37.61749],[128.93965,37.61757],[128.93934,37.61821],[128.93831,37.61769],[128.93711,37.61852],[128.93699,37.61841],[128.93714,37.61763],[128.93678,37.61734],[128.93562,37.61734],[128.93415,37.61686],[128.93381,37.61689],[128.93358,37.61714],[128.93417,37.61696],[128.93481,37.61709],[128.93543,37.6174],[128.93666,37.61748],[128.93702,37.6177],[128.93686,37.61843],[128.93715,37.61867],[128.93828,37.61779],[128.93939,37.6183],[128.93979,37.61763],[128.94053,37.61761],[128.94093,37.61738],[128.94203,37.61809],[128.94363,37.61739],[128.94625,37.61722],[128.94764,37.61625],[128.94874,37.61576],[128.949,37.61538],[128.94889,37.61474],[128.94908,37.61436],[128.95025,37.61435],[128.95112,37.61383],[128.95201,37.61447],[128.9523,37.6145],[128.95328,37.61361],[128.95432,37.61324],[128.95437,37.61307],[128.95406,37.61259],[128.95323,37.61185],[128.95323,37.61161],[128.95345,37.61143],[128.95508,37.61109],[128.95579,37.6111],[128.95616,37.6114],[128.95613,37.61227],[128.95665,37.61243],[128.95705,37.61238],[128.95735,37.61213],[128.95762,37.61153],[128.95754,37.61078],[128.95772,37.61047],[128.96135,37.61083],[128.9617,37.61058],[128.96164,37.61019],[128.96134,37.60985],[128.96137,37.60955],[128.9617,37.60936],[128.96229,37.60943]]]}},{"type":"Feature","id":"TN_RIVER_BNDRY:WTR01000000008NP1","properties":{"NF_ID":"WTR01000000008NP1","admin_code":"51150","source_layer":"TN_RIVER_BNDRY","semantic":"zone","river_class":"지방하천","river_class_source":"중심선 공간조인","river_name":"낙풍천","river_code":"1620350","survey_method":"사진측량"},"geometry":{"type":"Polygon","coordinates":[[[128.97936,37.61596],[128.97956,37.61577],[128.97942,37.61518],[128.97661,37.61276],[128.97603,37.61262],[128.97532,37.61296],[128.97397,37.61326],[128.9737,37.61308],[128.97335,37.61177],[128.97285,37.61146],[128.97227,37.61135],[128.97064,37.61186],[128.9692,37.61168],[128.96785,37.61121],[128.96546,37.60987],[128.96316,37.60943],[128.96289,37.60926],[128.9629,37.60955],[128.96546,37.61007],[128.96699,37.61088],[128.96719,37.61114],[128.96977,37.61199],[128.97094,37.61201],[128.97241,37.61155],[128.97318,37.61206],[128.97347,37.61322],[128.97381,37.61348],[128.97593,37.61288],[128.97651,37.61291],[128.97782,37.61399],[128.979,37.61604],[128.97936,37.61596]]]}},{"type":"Feature","id":"TN_RIVER_BNDRY:WTR01000000008NQ2","properties":{"NF_ID":"WTR01000000008NQ2","admin_code":"51150","source_layer":"TN_RIVER_BNDRY","semantic":"zone","river_class":"지방하천","river_class_source":"중심선 공간조인","river_name":"낙풍천","river_code":"1620350","survey_method":"사진측량"},"geometry":{"type":"Polygon","coordinates":[[[128.96289,37.60926],[128.96232,37.60915],[128.96229,37.60943],[128.9629,37.60955],[128.96289,37.60926]]]}},{"type":"Feature","id":"TN_RIVER_BNDRY:WTR01000000008NR3","properties":{"NF_ID":"WTR01000000008NR3","admin_code":"51150","source_layer":"TN_RIVER_BNDRY","semantic":"zone","river_class":"소하천","river_class_source":"중심선 공간조인","survey_method":"사진측량"},"geometry":{"type":"Polygon","coordinates":[[[128.96232,37.60915],[128.96289,37.60926],[128.96196,37.6085],[128.96149,37.60788],[128.96076,37.6074],[128.95949,37.60706],[128.95746,37.60684],[128.96073,37.60744],[128.96148,37.60797],[128.96223,37.60883],[128.96232,37.60915]]]}},{"type":"Feature","id":"TN_RIVER_BNDRY:WTR01000000008NV7","properties":{"NF_ID":"WTR01000000008NV7","admin_code":"51150","source_layer":"TN_RIVER_BNDRY","semantic":"zone","river_class":"소하천","river_class_source":"중심선 공간조인","survey_method":"사진측량"},"geometry":{"type":"Polygon","coordinates":[[[128.83863,37.73943],[128.83858,37.73931],[128.8379,37.7397],[128.8374,37.73976],[128.83645,37.73936],[128.83564,37.73934],[128.8346,37.73976],[128.83354,37.73976],[128.83297,37.73926],[128.83321,37.73966],[128.83352,37.73979],[128.83462,37.73981],[128.83557,37.73941],[128.83614,37.73939],[128.83757,37.7398],[128.83863,37.73943]]]}},{"type":"Feature","id":"TN_RIVER_BNDRY:WTR01000000008NYA","properties":{"NF_ID":"WTR01000000008NYA","admin_code":"51150","source_layer":"TN_RIVER_BNDRY","semantic":"zone","river_class":"소하천","river_class_source":"중심선 공간조인","survey_method":"사진측량"},"geometry":{"type":"Polygon","coordinates":[[[128.79062,37.5597],[128.7898,37.55924],[128.78823,37.55871],[128.7876,37.55802],[128.78749,37.55725],[128.78716,37.5571],[128.787,37.55659],[128.78683,37.55652],[128.78682,37.55593],[128.7866,37.55551],[128.78677,37.55662],[128.78704,37.55711],[128.78741,37.55725],[128.7876,37.55814],[128.78828,37.55882],[128.78883,37.55891],[128.79062,37.5597]]]}},{"type":"Feature","id":"TN_RIVER_BNDRY:WTR01000000008O2F","properties":{"NF_ID":"WTR01000000008O2F","admin_code":"51150","source_layer":"TN_RIVER_BNDRY","semantic":"zone","river_class":"지방하천","river_class_source":"중심선 공간조인","river_name":"주수천","river_code":"1620330","survey_method":"사진측량"},"geometry":{"type":"Polygon","coordinates":[[[128.96159,37.57425],[128.9618,37.57402],[128.96126,37.57396],[128.96028,37.57405],[128.95947,37.57446],[128.95876,37.57434],[128.95786,37.57395],[128.95685,37.57286],[128.9565,37.57271],[128.95559,37.57268],[128.9522,37.5734],[128.94695,37.57514],[128.94487,37.57528],[128.94536,37.57558],[128.94751,37.57544],[128.95323,37.57343],[128.95515,37.57301],[128.95614,37.57299],[128.95691,37.5733],[128.95788,37.5744],[128.95871,37.57485],[128.9593,37.57483],[128.9605,37.57426],[128.96159,37.57425]]]}},{"type":"Feature","id":"TN_RIVER_BNDRY:WTR01000000008O4H","properties":{"NF_ID":"WTR01000000008O4H","admin_code":"51150","source_layer":"TN_RIVER_BNDRY","semantic":"zone","river_class":"지방하천","river_class_source":"중심선 공간조인","river_name":"대기천","river_code":"1020070","survey_method":"사진측량"},"geometry":{"type":"Polygon","coordinates":[[[128.79521,37.56209],[128.79495,37.56209],[128.79545,37.56242],[128.79519,37.5636],[128.79603,37.56428],[128.79592,37.56496],[128.7961,37.56423],[128.79529,37.56353],[128.79557,37.56245],[128.79521,37.56209]]]}},{"type":"Feature","id":"TN_RIVER_BNDRY:WTR01000000008O5I","properties":{"NF_ID":"WTR01000000008O5I","admin_code":"51150","source_layer":"TN_RIVER_BNDRY","semantic":"zone","river_class":"소하천","river_class_source":"중심선 공간조인","survey_method":"사진측량"},"geometry":{"type":"Polygon","coordinates":[[[128.91844,37.67123],[128.91873,37.67124],[128.91934,37.6706],[128.91999,37.67036],[128.92115,37.6695],[128.92315,37.66945],[128.92363,37.66915],[128.9241,37.66809],[128.92548,37.66781],[128.92416,37.66796],[128.9239,37.66817],[128.92363,37.66895],[128.92302,37.66936],[128.92092,37.66953],[128.91983,37.67036],[128.91935,37.67048],[128.91844,37.67123]]]}},{"type":"Feature","id":"TN_RIVER_BNDRY:WTR01000000008O6J","properties":{"NF_ID":"WTR01000000008O6J","admin_code":"51150","source_layer":"TN_RIVER_BNDRY","semantic":"zone","river_class":"소하천","river_class_source":"중심선 공간조인","survey_method":"사진측량"},"geometry":{"type":"Polygon","coordinates":[[[128.98042,37.62156],[128.9802,37.62121],[128.97747,37.62153],[128.97719,37.62184],[128.97711,37.62223],[128.97742,37.62394],[128.97655,37.62438],[128.97562,37.62447],[128.97458,37.62399],[128.9741,37.62393],[128.97354,37.62411],[128.97325,37.62445],[128.97349,37.62451],[128.97382,37.62431],[128.97434,37.6243],[128.97579,37.62473],[128.97675,37.62454],[128.97771,37.62399],[128.97751,37.62248],[128.97787,37.62186],[128.97842,37.62173],[128.97911,37.62185],[128.97919,37.622],[128.9797,37.62202],[128.98034,37.62189],[128.98042,37.62156]]]}},{"type":"Feature","id":"TN_RIVER_BNDRY:WTR01000000008O7K","properties":{"NF_ID":"WTR01000000008O7K","admin_code":"51150","source_layer":"TN_RIVER_BNDRY","semantic":"zone","river_class":"소하천","river_class_source":"중심선 공간조인","survey_method":"사진측량"},"geometry":{"type":"Polygon","coordinates":[[[128.81455,37.72395],[128.81428,37.72414],[128.81449,37.72437],[128.81606,37.72469],[128.81642,37.72488],[128.81696,37.72575],[128.81684,37.7262],[128.81639,37.72629],[128.81493,37.72578],[128.81396,37.72609],[128.81381,37.72646],[128.81409,37.72731],[128.81399,37.72752],[128.81233,37.72776],[128.81168,37.72828],[128.81049,37.73176],[128.81076,37.73178],[128.81082,37.73123],[128.81161,37.7298],[128.81189,37.72839],[128.81241,37.72797],[128.81372,37.72786],[128.81437,37.72757],[128.81414,37.72654],[128.81427,37.72615],[128.81491,37.72595],[128.81652,37.7265],[128.81691,37.72647],[128.81712,37.72624],[128.81718,37.72552],[128.81657,37.72473],[128.81501,37.72432],[128.81455,37.72395]]]}},{"type":"Feature","id":"TN_RIVER_BNDRY:WTR01000000008O8L","properties":{"NF_ID":"WTR01000000008O8L","admin_code":"51150","source_layer":"TN_RIVER_BNDRY","semantic":"zone","river_class":"소하천","river_class_source":"중심선 공간조인","survey_method":"사진측량"},"geometry":{"type":"Polygon","coordinates":[[[128.8106,37.7335],[128.81027,37.73337],[128.80862,37.73449],[128.8083,37.73502],[128.80811,37.73589],[128.8083,37.73605],[128.80852,37.73515],[128.80889,37.73453],[128.8106,37.7335]]]}},{"type":"Feature","id":"TN_RIVER_BNDRY:WTR01000000008O9M","properties":{"NF_ID":"WTR01000000008O9M","admin_code":"51150","source_layer":"TN_RIVER_BNDRY","semantic":"zone","river_class":"소하천","river_class_source":"중심선 공간조인","survey_method":"사진측량"},"geometry":{"type":"Polygon","coordinates":[[[128.80164,37.71529],[128.79908,37.71504],[128.79917,37.71464],[128.79979,37.71425],[128.79985,37.71406],[128.79777,37.71321],[128.79754,37.7125],[128.79768,37.71098],[128.79741,37.71061],[128.79625,37.71031],[128.79445,37.71034],[128.79391,37.71016],[128.79344,37.70948],[128.79343,37.70921],[128.79356,37.70903],[128.79424,37.70884],[128.79433,37.7084],[128.7929,37.70709],[128.79235,37.70621],[128.79132,37.70593],[128.79065,37.70549],[128.79017,37.70383],[128.78939,37.70282],[128.78742,37.70205],[128.78537,37.70182],[128.78423,37.70195],[128.78571,37.70191],[128.78738,37.70212],[128.78933,37.70292],[128.78994,37.70373],[128.79048,37.70553],[128.79122,37.70605],[128.79227,37.70631],[128.79292,37.7073],[128.79419,37.70842],[128.79409,37.70878],[128.79347,37.70896],[128.79335,37.70915],[128.79336,37.70961],[128.79386,37.71022],[128.79434,37.71049],[128.79615,37.71035],[128.79732,37.7107],[128.79746,37.71108],[128.79711,37.71232],[128.79766,37.71327],[128.79802,37.71357],[128.79875,37.71367],[128.79967,37.71413],[128.79903,37.71467],[128.79898,37.71513],[128.79985,37.71532],[128.80152,37.7154],[128.80164,37.71529]]]}},{"type":"Feature","id":"TN_RIVER_BNDRY:WTR01000000008OAN","properties":{"NF_ID":"WTR01000000008OAN","admin_code":"51150","source_layer":"TN_RIVER_BNDRY","semantic":"zone","river_class":"소하천","river_class_source":"중심선 공간조인","survey_method":"사진측량"},"geometry":{"type":"Polygon","coordinates":[[[128.80675,37.7382],[128.80674,37.73845],[128.80709,37.73896],[128.80675,37.7382]]]}},{"type":"Feature","id":"TN_RIVER_BNDRY:WTR01000000008OBO","properties":{"NF_ID":"WTR01000000008OBO","admin_code":"51150","source_layer":"TN_RIVER_BNDRY","semantic":"zone","river_class":"소하천","river_class_source":"중심선 공간조인","survey_method":"사진측량"},"geometry":{"type":"Polygon","coordinates":[[[128.82191,37.73438],[128.82181,37.7348],[128.82234,37.7354],[128.82196,37.73631],[128.8212,37.73687],[128.82002,37.73719],[128.81888,37.73815],[128.81821,37.73844],[128.81811,37.73868],[128.82013,37.7372],[128.82126,37.73689],[128.822,37.73633],[128.8224,37.73538],[128.82191,37.73484],[128.82191,37.73438]]]}},{"type":"Feature","id":"TN_RIVER_BNDRY:WTR01000000008OCP","properties":{"NF_ID":"WTR01000000008OCP","admin_code":"51150","source_layer":"TN_RIVER_BNDRY","semantic":"zone","river_class":"소하천","river_class_source":"중심선 공간조인","survey_method":"사진측량"},"geometry":{"type":"Polygon","coordinates":[[[128.82247,37.73421],[128.82267,37.73411],[128.82266,37.73386],[128.82301,37.73366],[128.82303,37.73339],[128.82269,37.73278],[128.82387,37.73263],[128.82458,37.73302],[128.82529,37.73284],[128.82541,37.73232],[128.82577,37.73205],[128.82632,37.73194],[128.82673,37.73162],[128.82672,37.73085],[128.8267,37.73158],[128.82633,37.73187],[128.82534,37.73222],[128.82524,37.73282],[128.82461,37.73298],[128.82386,37.7326],[128.82263,37.73276],[128.82262,37.73298],[128.82297,37.73338],[128.82296,37.73369],[128.82262,37.73384],[128.82251,37.73413],[128.82218,37.7342],[128.82247,37.73421]]]}},{"type":"Feature","id":"TN_RIVER_BNDRY:WTR01000000008ODQ","properties":{"NF_ID":"WTR01000000008ODQ","admin_code":"51150","source_layer":"TN_RIVER_BNDRY","semantic":"zone","river_class":"소하천","river_class_source":"중심선 공간조인","survey_method":"사진측량"},"geometry":{"type":"Polygon","coordinates":[[[128.83331,37.72966],[128.8323,37.72913],[128.83143,37.72926],[128.83035,37.72842],[128.82983,37.72829],[128.82945,37.72842],[128.82886,37.72922],[128.82888,37.72973],[128.82873,37.72988],[128.82699,37.73006],[128.8268,37.73019],[128.82872,37.72996],[128.82901,37.72973],[128.82894,37.72924],[128.82937,37.72882],[128.82947,37.72847],[128.82989,37.72833],[128.83024,37.72843],[128.8314,37.72931],[128.83235,37.72922],[128.83331,37.72966]]]}},{"type":"Feature","id":"TN_RIVER_BNDRY:WTR01000000008OER","properties":{"NF_ID":"WTR01000000008OER","admin_code":"51150","source_layer":"TN_RIVER_BNDRY","semantic":"zone","river_class":"지방하천","river_class_source":"중심선 공간조인","river_name":"왕산천","river_code":"1420030","survey_method":"사진측량"},"geometry":{"type":"Polygon","coordinates":[[[128.82375,37.68679],[128.82275,37.68683],[128.82213,37.68706],[128.82255,37.68714],[128.82178,37.68735],[128.82176,37.68696],[128.82146,37.68674],[128.82148,37.68691],[128.82127,37.68703],[128.82101,37.68709],[128.82081,37.68691],[128.82096,37.68716],[128.82071,37.68729],[128.82083,37.68735],[128.82053,37.68768],[128.82024,37.68861],[128.82038,37.68883],[128.82088,37.68908],[128.82098,37.68971],[128.82032,37.68912],[128.81984,37.68804],[128.82006,37.6889],[128.82058,37.68977],[128.82132,37.69067],[128.82255,37.6915],[128.82282,37.69203],[128.8225,37.69209],[128.82197,37.69191],[128.82047,37.69074],[128.82002,37.69075],[128.81954,37.69131],[128.81878,37.69167],[128.81868,37.69231],[128.81887,37.69249],[128.81962,37.69271],[128.82023,37.69315],[128.82066,37.69382],[128.82076,37.69439],[128.81952,37.69417],[128.81857,37.69336],[128.81755,37.69315],[128.81626,37.69451],[128.81638,37.69563],[128.81667,37.69568],[128.81664,37.696],[128.81704,37.69662],[128.81798,37.69731],[128.81815,37.69764],[128.81738,37.69754],[128.81702,37.69765],[128.81639,37.69721],[128.8161,37.69724],[128.81515,37.69689],[128.81408,37.69608],[128.81408,37.69545],[128.81441,37.69481],[128.81521,37.69403],[128.81554,37.69292],[128.81556,37.69245],[128.81508,37.69181],[128.8142,37.69141],[128.81389,37.69146],[128.81408,37.69156],[128.8139,37.69154],[128.81301,37.69106],[128.81274,37.69102],[128.81293,37.69127],[128.81267,37.69133],[128.81236,37.69111],[128.8124,37.69098],[128.81056,37.69035],[128.80928,37.69023],[128.80823,37.69042],[128.80942,37.69033],[128.8109,37.69049],[128.81171,37.69079],[128.81269,37.6914],[128.81197,37.69131],[128.81385,37.69187],[128.81425,37.69218],[128.81446,37.69274],[128.81415,37.69298],[128.81393,37.69292],[128.81421,37.69255],[128.814,37.69243],[128.81327,37.69319],[128.81346,37.69369],[128.81386,37.69364],[128.81344,37.69378],[128.81323,37.69329],[128.81321,37.69355],[128.81241,37.69407],[128.81191,37.69435],[128.8115,37.69434],[128.8109,37.69564],[128.81083,37.69637],[128.81101,37.69688],[128.81149,37.69752],[128.81215,37.698],[128.81224,37.6984],[128.81298,37.6985],[128.8141,37.6991],[128.81582,37.69956],[128.8165,37.69958],[128.81733,37.70019],[128.81821,37.70033],[128.82056,37.69943],[128.82022,37.69921],[128.82016,37.69891],[128.82079,37.69823],[128.82065,37.69804],[128.82071,37.69733],[128.82095,37.69713],[128.81879,37.69574],[128.81853,37.69531],[128.81881,37.69504],[128.81938,37.69504],[128.8197,37.69556],[128.82122,37.69592],[128.82299,37.69538],[128.82312,37.69449],[128.82261,37.69391],[128.82241,37.69389],[128.82223,37.69346],[128.82198,37.69346],[128.82187,37.69315],[128.82204,37.69298],[128.82299,37.69281],[128.82349,37.69243],[128.82357,37.69201],[128.82342,37.69163],[128.82291,37.69114],[128.82147,37.69041],[128.82145,37.69017],[128.82186,37.69022],[128.8216,37.69004],[128.82106,37.6885],[128.82067,37.68846],[128.82059,37.68831],[128.82071,37.68806],[128.8212,37.688],[128.82206,37.68737],[128.8226,37.68725],[128.82301,37.68742],[128.82306,37.68728],[128.8226,37.68714],[128.82281,37.68687],[128.82375,37.68679]]]}},{"type":"Feature","id":"TN_RIVER_BNDRY:WTR01000000008OFS","properties":{"NF_ID":"WTR01000000008OFS","admin_code":"51150","source_layer":"TN_RIVER_BNDRY","semantic":"zone","river_class":"소하천","river_class_source":"중심선 공간조인","survey_method":"사진측량"},"geometry":{"type":"Polygon","coordinates":[[[128.82588,37.68154],[128.82523,37.68128],[128.82505,37.68071],[128.82342,37.68016],[128.82332,37.67931],[128.82259,37.67868],[128.82167,37.67822],[128.8209,37.67727],[128.8209,37.67635],[128.82042,37.67594],[128.81988,37.67574],[128.81936,37.67494],[128.81862,37.6747],[128.81816,37.67437],[128.81825,37.67371],[128.81813,37.67441],[128.81859,37.67474],[128.81932,37.67497],[128.81983,37.67574],[128.82039,37.67596],[128.82087,37.67638],[128.82085,37.67729],[128.82163,37.67824],[128.82237,37.67859],[128.82258,37.67896],[128.82324,37.67935],[128.82336,37.6802],[128.825,37.68074],[128.82521,37.68137],[128.82579,37.68168],[128.82588,37.68154]]]}},{"type":"Feature","id":"TN_RIVER_BNDRY:WTR01000000008OGT","properties":{"NF_ID":"WTR01000000008OGT","admin_code":"51150","source_layer":"TN_RIVER_BNDRY","semantic":"zone","river_class":"소하천","river_class_source":"중심선 공간조인","survey_method":"사진측량"},"geometry":{"type":"Polygon","coordinates":[[[128.96003,37.63145],[128.95975,37.63147],[128.95958,37.63201],[128.95889,37.63263],[128.95904,37.63315],[128.95852,37.63339],[128.95869,37.63376],[128.95835,37.63476],[128.9586,37.63455],[128.95856,37.63415],[128.95876,37.63374],[128.95858,37.63339],[128.9591,37.63314],[128.95892,37.63269],[128.95964,37.63204],[128.95978,37.63155],[128.96003,37.63145]]]}},{"type":"Feature","id":"TN_RIVER_BNDRY:WTR01000000008OHU","properties":{"NF_ID":"WTR01000000008OHU","admin_code":"51150","source_layer":"TN_RIVER_BNDRY","semantic":"zone","river_class":"지방하천","river_class_source":"중심선 공간조인","river_name":"임곡천","river_code":"1620310","survey_method":"사진측량"},"geometry":{"type":"Polygon","coordinates":[[[128.96068,37.65382],[128.95918,37.65382],[128.95809,37.6528],[128.9571,37.65269],[128.95626,37.65293],[128.95479,37.65265],[128.9538,37.65297],[128.95121,37.65299],[128.95054,37.65341],[128.95003,37.65341],[128.95053,37.65348],[128.95123,37.65308],[128.95402,37.65301],[128.95481,37.65272],[128.95622,37.65298],[128.95709,37.65276],[128.95816,37.65291],[128.95924,37.6539],[128.96068,37.65382]]]}},{"type":"Feature","id":"TN_RIVER_BNDRY:WTR01000000008OIV","properties":{"NF_ID":"WTR01000000008OIV","admin_code":"51150","source_layer":"TN_RIVER_BNDRY","semantic":"zone","river_class":"소하천","river_class_source":"중심선 공간조인","survey_method":"사진측량"},"geometry":{"type":"Polygon","coordinates":[[[128.92693,37.68686],[128.92863,37.68631],[128.92918,37.68582],[128.92957,37.68475],[128.93012,37.68454],[128.93018,37.68416],[128.93005,37.68455],[128.9295,37.68472],[128.92949,37.68506],[128.92888,37.68601],[128.92693,37.68686]]]}},{"type":"Feature","id":"TN_RIVER_BNDRY:WTR01000000008OJW","properties":{"NF_ID":"WTR01000000008OJW","admin_code":"51150","source_layer":"TN_RIVER_BNDRY","semantic":"zone","river_class":"지방하천","river_class_source":"중심선 공간조인","river_name":"군선천","river_code":"1620300","survey_method":"사진측량"},"geometry":{"type":"Polygon","coordinates":[[[128.92136,37.65451],[128.92136,37.65352],[128.92233,37.65199],[128.92189,37.65166],[128.92085,37.65176],[128.9203,37.65195],[128.91984,37.65189],[128.9197,37.65146],[128.91997,37.65116],[128.91912,37.6498],[128.92034,37.64841],[128.92074,37.64743],[128.92122,37.64712],[128.92094,37.64657],[128.92064,37.64626],[128.92039,37.64626],[128.92089,37.64672],[128.92104,37.64715],[128.92063,37.64733],[128.92026,37.64819],[128.91902,37.64971],[128.91902,37.64995],[128.91986,37.65109],[128.91959,37.65141],[128.91975,37.65192],[128.92042,37.65199],[128.92142,37.65177],[128.92183,37.6519],[128.92189,37.6524],[128.92116,37.65367],[128.92114,37.65444],[128.92127,37.65461],[128.92136,37.65451]]]}},{"type":"Feature","id":"TN_RIVER_BNDRY:WTR01000000008OKX","properties":{"NF_ID":"WTR01000000008OKX","admin_code":"51150","source_layer":"TN_RIVER_BNDRY","semantic":"zone","river_class":"소하천","river_class_source":"중심선 공간조인","survey_method":"사진측량"},"geometry":{"type":"Polygon","coordinates":[[[128.86379,37.64392],[128.86391,37.64381],[128.86255,37.64286],[128.86249,37.64267],[128.86208,37.64259],[128.8582,37.64356],[128.85722,37.6436],[128.85712,37.64378],[128.85668,37.64369],[128.85578,37.64387],[128.85483,37.64441],[128.8549,37.64458],[128.85594,37.644],[128.85645,37.64401],[128.85656,37.64383],[128.85715,37.64392],[128.85759,37.6437],[128.85836,37.64368],[128.86215,37.64271],[128.86302,37.64321],[128.86379,37.64392]]]}},{"type":"Feature","id":"TN_RIVER_BNDRY:WTR01000000008OLY","properties":{"NF_ID":"WTR01000000008OLY","admin_code":"51150","source_layer":"TN_RIVER_BNDRY","semantic":"zone","river_class":"소하천","river_class_source":"중심선 공간조인","survey_method":"사진측량"},"geometry":{"type":"Polygon","coordinates":[[[128.83919,37.67057],[128.83855,37.67022],[128.8385,37.66933],[128.83795,37.66865],[128.83751,37.66833],[128.83619,37.66803],[128.83587,37.66646],[128.83491,37.66523],[128.83382,37.66439],[128.83377,37.66359],[128.83352,37.66298],[128.83314,37.66275],[128.83235,37.66264],[128.83128,37.66142],[128.83052,37.66095],[128.82879,37.65878],[128.82859,37.65875],[128.82954,37.66009],[128.83055,37.66117],[128.83123,37.66147],[128.8323,37.6628],[128.83305,37.6629],[128.83348,37.66329],[128.83373,37.66437],[128.83474,37.66519],[128.83561,37.66628],[128.83608,37.66814],[128.83727,37.66846],[128.83776,37.66876],[128.83831,37.66941],[128.83842,37.67034],[128.83918,37.67087],[128.83919,37.67057]]]}},{"type":"Feature","id":"TN_RIVER_BNDRY:WTR01000000008OMZ","properties":{"NF_ID":"WTR01000000008OMZ","admin_code":"51150","source_layer":"TN_RIVER_BNDRY","semantic":"zone","river_class":"지방하천","river_class_source":"중심선 공간조인","river_name":"강릉남대천","river_code":"1410010","survey_method":"사진측량"},"geometry":{"type":"Polygon","coordinates":[[[128.82956,37.71353],[128.82722,37.71337],[128.82676,37.71409],[128.82724,37.71398],[128.82853,37.71425],[128.82956,37.71353]]]}},{"type":"Feature","id":"TN_RIVER_BNDRY:WTR01000000008ON0","properties":{"NF_ID":"WTR01000000008ON0","admin_code":"51150","source_layer":"TN_RIVER_BNDRY","semantic":"zone","river_class":"소하천","river_class_source":"중심선 공간조인","survey_method":"사진측량"},"geometry":{"type":"Polygon","coordinates":[[[128.89038,37.68566],[128.88918,37.68528],[128.88818,37.68525],[128.8877,37.68456],[128.88684,37.6839],[128.88671,37.68318],[128.88633,37.68285],[128.8848,37.68234],[128.88441,37.68191],[128.88411,37.68119],[128.88397,37.68015],[128.88322,37.67941],[128.88305,37.67904],[128.88323,37.67854],[128.88304,37.67804],[128.88313,37.67851],[128.88292,37.67897],[128.88313,37.67941],[128.88387,37.6802],[128.88421,37.68174],[128.88476,37.68241],[128.88605,37.68281],[128.88653,37.68315],[128.88659,37.68398],[128.8876,37.68458],[128.8881,37.68529],[128.88913,37.68536],[128.89001,37.68558],[128.89033,37.68582],[128.89038,37.68566]]]}},{"type":"Feature","id":"TN_RIVER_BNDRY:WTR01000000008OO1","properties":{"NF_ID":"WTR01000000008OO1","admin_code":"51150","source_layer":"TN_RIVER_BNDRY","semantic":"zone","river_class":"소하천","river_class_source":"중심선 공간조인","survey_method":"사진측량"},"geometry":{"type":"Polygon","coordinates":[[[128.83398,37.53338],[128.83386,37.53352],[128.83403,37.53416],[128.8346,37.53487],[128.83468,37.5357],[128.83635,37.53707],[128.83647,37.53866],[128.83607,37.5392],[128.83488,37.53997],[128.83505,37.54038],[128.83498,37.54229],[128.83537,37.54342],[128.83501,37.54397],[128.83503,37.54433],[128.83456,37.54455],[128.83434,37.54582],[128.83403,37.54596],[128.83354,37.5458],[128.83297,37.54594],[128.83238,37.54638],[128.83194,37.54702],[128.83293,37.54604],[128.83351,37.54585],[128.83379,37.54602],[128.83412,37.54601],[128.83442,37.54581],[128.83461,37.5446],[128.83513,37.54441],[128.83518,37.54374],[128.83545,37.54352],[128.83506,37.54225],[128.83516,37.5406],[128.83498,37.54],[128.83632,37.53914],[128.83657,37.53859],[128.83642,37.53705],[128.83474,37.53569],[128.83465,37.53478],[128.83416,37.53429],[128.83398,37.53338]]]}},{"type":"Feature","id":"TN_RIVER_BNDRY:WTR01000000008OP2","properties":{"NF_ID":"WTR01000000008OP2","admin_code":"51150","source_layer":"TN_RIVER_BNDRY","semantic":"zone","river_class":"소하천","river_class_source":"중심선 공간조인","survey_method":"사진측량"},"geometry":{"type":"Polygon","coordinates":[[[128.84902,37.56408],[128.84902,37.56396],[128.84785,37.56406],[128.84655,37.56356],[128.84553,37.56372],[128.84438,37.56432],[128.84339,37.56446],[128.84228,37.56411],[128.83959,37.56408],[128.83834,37.56479],[128.83739,37.56491],[128.83724,37.56516],[128.83701,37.56518],[128.8373,37.5652],[128.8374,37.56494],[128.83855,37.56482],[128.83946,37.56418],[128.83997,37.56428],[128.84027,37.56414],[128.84219,37.56419],[128.84339,37.56454],[128.84443,37.56438],[128.8454,37.56384],[128.84639,37.56366],[128.84783,37.56413],[128.84902,37.56408]]]}},{"type":"Feature","id":"TN_RIVER_BNDRY:WTR01000000008OQ3","properties":{"NF_ID":"WTR01000000008OQ3","admin_code":"51150","source_layer":"TN_RIVER_BNDRY","semantic":"zone","river_class":"지방하천","river_class_source":"중심선 공간조인","river_name":"임곡천","river_code":"1620310","survey_method":"사진측량"},"geometry":{"type":"Polygon","coordinates":[[[128.9917,37.69807],[128.99146,37.69797],[128.9914,37.69806],[128.99094,37.69895],[128.99094,37.69935],[128.99257,37.70085],[128.99592,37.70131],[128.99656,37.70166],[128.99665,37.70223],[128.99643,37.7026],[128.99597,37.70287],[128.99441,37.70318],[128.99387,37.70342],[128.99282,37.70471],[128.9917,37.70544],[128.9902,37.70596],[128.98804,37.70582],[128.98726,37.70637],[128.98654,37.70854],[128.98709,37.70932],[128.98739,37.70945],[128.98769,37.70939],[128.98869,37.70993],[128.98893,37.71143],[128.98855,37.71228],[128.98859,37.71322],[128.98799,37.71514],[128.98741,37.71654],[128.98695,37.71716],[128.98654,37.71742],[128.98663,37.71772],[128.98725,37.71744],[128.98864,37.71481],[128.98951,37.71053],[128.98944,37.70993],[128.98908,37.70944],[128.98857,37.70918],[128.98744,37.70897],[128.987,37.70861],[128.98703,37.70805],[128.98759,37.70656],[128.98784,37.70634],[128.98847,37.70615],[128.98991,37.70623],[128.99144,37.70579],[128.99297,37.70482],[128.99384,37.7037],[128.99441,37.70327],[128.99428,37.70353],[128.99634,37.70303],[128.997,37.70266],[128.99723,37.7022],[128.99705,37.70161],[128.99631,37.7012],[128.99539,37.70093],[128.99295,37.70063],[128.99239,37.70035],[128.99178,37.69973],[128.99144,37.69905],[128.9917,37.69807]]]}},{"type":"Feature","id":"TN_RIVER_BNDRY:WTR01000000008OR4","properties":{"NF_ID":"WTR01000000008OR4","admin_code":"51150","source_layer":"TN_RIVER_BNDRY","semantic":"zone","river_class":"소하천","river_class_source":"중심선 공간조인","survey_method":"사진측량"},"geometry":{"type":"Polygon","coordinates":[[[128.87318,37.69751],[128.87306,37.69752],[128.87289,37.69876],[128.87231,37.69979],[128.87265,37.70029],[128.87286,37.70123],[128.87327,37.70172],[128.87341,37.7027],[128.87407,37.70315],[128.87445,37.70374],[128.87436,37.70461],[128.87461,37.70563],[128.87456,37.70729],[128.87391,37.71041],[128.87398,37.7109],[128.87465,37.71189],[128.8746,37.71268],[128.87473,37.7128],[128.87479,37.71187],[128.87406,37.71053],[128.87446,37.7082],[128.87482,37.70781],[128.87465,37.70381],[128.87438,37.70315],[128.8735,37.70256],[128.87338,37.70166],[128.87303,37.70113],[128.87255,37.69951],[128.87297,37.69893],[128.87318,37.69751]]]}},{"type":"Feature","id":"TN_RIVER_BNDRY:WTR01000000008OS5","properties":{"NF_ID":"WTR01000000008OS5","admin_code":"51150","source_layer":"TN_RIVER_BNDRY","semantic":"zone","river_class":"지방하천","river_class_source":"중심선 공간조인","river_name":"섬석천","river_code":"1420040","survey_method":"사진측량"},"geometry":{"type":"Polygon","coordinates":[[[128.87473,37.7128],[128.8746,37.71268],[128.8744,37.71295],[128.87453,37.7132],[128.87473,37.7128]]]}},{"type":"Feature","id":"TN_RIVER_BNDRY:WTR01000000008OT6","properties":{"NF_ID":"WTR01000000008OT6","admin_code":"51150","source_layer":"TN_RIVER_BNDRY","semantic":"zone","river_class":"소하천","river_class_source":"중심선 공간조인","survey_method":"사진측량"},"geometry":{"type":"Polygon","coordinates":[[[128.92565,37.69918],[128.92564,37.69918],[128.92557,37.69924],[128.92549,37.69935],[128.92546,37.69937],[128.92545,37.69939],[128.92544,37.69941],[128.92544,37.69942],[128.92543,37.69964],[128.92542,37.69978],[128.92541,37.69982],[128.9254,37.69985],[128.92538,37.69989],[128.92529,37.7],[128.92526,37.70005],[128.92514,37.70019],[128.92515,37.70022],[128.92514,37.70026],[128.92513,37.70028],[128.92513,37.70032],[128.92515,37.70033],[128.92518,37.70029],[128.92518,37.70026],[128.92519,37.70022],[128.92522,37.70019],[128.92533,37.70004],[128.92542,37.69992],[128.92545,37.69988],[128.92546,37.69987],[128.92547,37.69981],[128.92548,37.69976],[128.92548,37.69964],[128.92548,37.69959],[128.92549,37.69952],[128.9255,37.69946],[128.92551,37.69943],[128.92552,37.6994],[128.92556,37.69934],[128.92566,37.6992],[128.92566,37.69919],[128.92565,37.69918]]]}},{"type":"Feature","id":"TN_RIVER_BNDRY:WTR01000000008OU7","properties":{"NF_ID":"WTR01000000008OU7","admin_code":"51150","source_layer":"TN_RIVER_BNDRY","semantic":"zone","river_class":"소하천","river_class_source":"중심선 공간조인","survey_method":"사진측량"},"geometry":{"type":"Polygon","coordinates":[[[128.99057,37.7121],[128.99048,37.71206],[128.99043,37.71205],[128.99038,37.71204],[128.99032,37.71204],[128.99026,37.71205],[128.99018,37.71206],[128.99016,37.71206],[128.99017,37.71211],[128.9902,37.71211],[128.99027,37.71211],[128.99034,37.7121],[128.99041,37.71211],[128.99049,37.71213],[128.99056,37.71216],[128.99061,37.71217],[128.99067,37.71218],[128.99074,37.71219],[128.99081,37.71219],[128.99082,37.71216],[128.99073,37.71213],[128.99068,37.71212],[128.99062,37.71212],[128.99057,37.7121]]]}},{"type":"Feature","id":"TN_RIVER_BNDRY:WTR01000000008OV8","properties":{"NF_ID":"WTR01000000008OV8","admin_code":"51150","source_layer":"TN_RIVER_BNDRY","semantic":"zone","river_class":"소하천","river_class_source":"중심선 공간조인","survey_method":"사진측량"},"geometry":{"type":"Polygon","coordinates":[[[128.84976,37.69777],[128.8486,37.69963],[128.84783,37.70017],[128.84692,37.70053],[128.84553,37.70084],[128.84683,37.7006],[128.84818,37.69999],[128.84875,37.69955],[128.84971,37.69811],[128.84976,37.69777]]]}},{"type":"Feature","id":"TN_RIVER_BNDRY:WTR01000000008OW9","properties":{"NF_ID":"WTR01000000008OW9","admin_code":"51150","source_layer":"TN_RIVER_BNDRY","semantic":"zone","river_class":"소하천","river_class_source":"중심선 공간조인","survey_method":"사진측량"},"geometry":{"type":"Polygon","coordinates":[[[128.8497,37.69766],[128.84976,37.69777],[128.84989,37.69748],[128.84997,37.69671],[128.85044,37.69652],[128.85069,37.69618],[128.8507,37.69456],[128.85061,37.6963],[128.84994,37.69669],[128.8497,37.69766]]]}},{"type":"Feature","id":"TN_RIVER_BNDRY:WTR01000000008OXA","properties":{"NF_ID":"WTR01000000008OXA","admin_code":"51150","source_layer":"TN_RIVER_BNDRY","semantic":"zone","river_class":"소하천","river_class_source":"중심선 공간조인","survey_method":"사진측량"},"geometry":{"type":"Polygon","coordinates":[[[128.84976,37.69777],[128.8497,37.69766],[128.84963,37.69775],[128.84967,37.69779],[128.84968,37.69781],[128.84976,37.69777]]]}},{"type":"Feature","id":"TN_RIVER_BNDRY:WTR01000000008OYB","properties":{"NF_ID":"WTR01000000008OYB","admin_code":"51150","source_layer":"TN_RIVER_BNDRY","semantic":"zone","river_class":"소하천","river_class_source":"중심선 공간조인","survey_method":"사진측량"},"geometry":{"type":"Polygon","coordinates":[[[128.8497,37.69766],[128.84942,37.69752],[128.84915,37.69689],[128.848,37.69618],[128.84773,37.69509],[128.8469,37.6942],[128.84773,37.69518],[128.84793,37.69618],[128.8491,37.69694],[128.84939,37.69758],[128.84963,37.69775],[128.8497,37.69766]]]}},{"type":"Feature","id":"TN_RIVER_BNDRY:WTR01000000008OZC","properties":{"NF_ID":"WTR01000000008OZC","admin_code":"51150","source_layer":"TN_RIVER_BNDRY","semantic":"zone","river_class":"소하천","river_class_source":"중심선 공간조인","survey_method":"사진측량"},"geometry":{"type":"Polygon","coordinates":[[[128.87397,37.6958],[128.87388,37.69572],[128.87344,37.69629],[128.87379,37.69681],[128.87325,37.6972],[128.87318,37.69751],[128.87387,37.69691],[128.87386,37.69666],[128.87354,37.69634],[128.87397,37.6958]]]}},{"type":"Feature","id":"TN_RIVER_BNDRY:WTR01000000008P0E","properties":{"NF_ID":"WTR01000000008P0E","admin_code":"51150","source_layer":"TN_RIVER_BNDRY","semantic":"zone","river_class":"소하천","river_class_source":"중심선 공간조인","survey_method":"사진측량"},"geometry":{"type":"Polygon","coordinates":[[[128.87404,37.69571],[128.87396,37.69563],[128.87388,37.69572],[128.87397,37.6958],[128.87399,37.69578],[128.87404,37.69571]]]}},{"type":"Feature","id":"TN_RIVER_BNDRY:WTR01000000008P1F","properties":{"NF_ID":"WTR01000000008P1F","admin_code":"51150","source_layer":"TN_RIVER_BNDRY","semantic":"zone","river_class":"소하천","river_class_source":"중심선 공간조인","survey_method":"사진측량"},"geometry":{"type":"Polygon","coordinates":[[[128.87318,37.69751],[128.87325,37.6972],[128.87306,37.69752],[128.87318,37.69751]]]}},{"type":"Feature","id":"TN_RIVER_BNDRY:WTR01000000008P2G","properties":{"NF_ID":"WTR01000000008P2G","admin_code":"51150","source_layer":"TN_RIVER_BNDRY","semantic":"zone","river_class":"소하천","river_class_source":"중심선 공간조인","survey_method":"사진측량"},"geometry":{"type":"Polygon","coordinates":[[[128.87325,37.6972],[128.87322,37.69674],[128.87221,37.69596],[128.87182,37.69493],[128.8709,37.69396],[128.87178,37.69501],[128.87226,37.69613],[128.8731,37.69669],[128.87313,37.69722],[128.87325,37.6972]]]}},{"type":"Feature","id":"TN_RIVER_BNDRY:WTR01000000008P3H","properties":{"NF_ID":"WTR01000000008P3H","admin_code":"51150","source_layer":"TN_RIVER_BNDRY","semantic":"zone","river_class":"소하천","river_class_source":"중심선 공간조인","survey_method":"사진측량"},"geometry":{"type":"Polygon","coordinates":[[[128.84553,37.70084],[128.84552,37.70079],[128.84545,37.70082],[128.84546,37.70086],[128.84553,37.70084]]]}},{"type":"Feature","id":"TN_RIVER_BNDRY:WTR01000000008P4I","properties":{"NF_ID":"WTR01000000008P4I","admin_code":"51150","source_layer":"TN_RIVER_BNDRY","semantic":"zone","river_class":"지방하천","river_class_source":"중심선 공간조인","river_name":"강릉남대천","river_code":"1410010","survey_method":"사진측량"},"geometry":{"type":"Polygon","coordinates":[[[128.84513,37.73],[128.84136,37.72713],[128.8408,37.7263],[128.83967,37.72682],[128.84022,37.72704],[128.84197,37.72833],[128.8443,37.73045],[128.84447,37.73053],[128.84513,37.73]]]}},{"type":"Feature","id":"TN_RIVER_BNDRY:WTR01000000008P5J","properties":{"NF_ID":"WTR01000000008P5J","admin_code":"51150","source_layer":"TN_RIVER_BNDRY","semantic":"zone","river_class":"지방하천","river_class_source":"중심선 공간조인","river_name":"강릉남대천","river_code":"1410010","survey_method":"사진측량"},"geometry":{"type":"Polygon","coordinates":[[[128.8453,37.73014],[128.84513,37.73],[128.84447,37.73053],[128.8453,37.73014]]]}},{"type":"Feature","id":"TN_RIVER_BNDRY:WTR01000000008P6K","properties":{"NF_ID":"WTR01000000008P6K","admin_code":"51150","source_layer":"TN_RIVER_BNDRY","semantic":"zone","river_class":"소하천","river_class_source":"중심선 공간조인","survey_method":"사진측량"},"geometry":{"type":"Polygon","coordinates":[[[128.91401,37.69593],[128.91147,37.69545],[128.91022,37.69492],[128.90708,37.69301],[128.90598,37.69282],[128.90705,37.69304],[128.91022,37.69497],[128.91141,37.69547],[128.91401,37.69593]]]}},{"type":"Feature","id":"TN_RIVER_BNDRY:WTR01000000008P7L","properties":{"NF_ID":"WTR01000000008P7L","admin_code":"51150","source_layer":"TN_RIVER_BNDRY","semantic":"zone","river_class":"지방하천","river_class_source":"중심선 공간조인","river_name":"금광천","river_code":"1420060","survey_method":"사진측량"},"geometry":{"type":"Polygon","coordinates":[[[128.914,37.6953],[128.91377,37.6952],[128.91413,37.69594],[128.914,37.6953]]]}},{"type":"Feature","id":"TN_RIVER_BNDRY:WTR01000000008P8M","properties":{"NF_ID":"WTR01000000008P8M","admin_code":"51150","source_layer":"TN_RIVER_BNDRY","semantic":"zone","river_class":"지방하천","river_class_source":"중심선 공간조인","river_name":"금광천","river_code":"1420060","survey_method":"사진측량"},"geometry":{"type":"Polygon","coordinates":[[[128.91413,37.69594],[128.91401,37.69593],[128.91398,37.69596],[128.91415,37.69602],[128.91413,37.69594]]]}},{"type":"Feature","id":"TN_RIVER_BNDRY:WTR01000000008P9N","properties":{"NF_ID":"WTR01000000008P9N","admin_code":"51150","source_layer":"TN_RIVER_BNDRY","semantic":"zone","river_class":"소하천","river_class_source":"중심선 공간조인","survey_method":"사진측량"},"geometry":{"type":"Polygon","coordinates":[[[128.94044,37.69851],[128.94042,37.6985],[128.94037,37.6986],[128.94032,37.69868],[128.94025,37.69878],[128.94018,37.69886],[128.94007,37.69896],[128.94004,37.69899],[128.93992,37.69907],[128.93982,37.69914],[128.93976,37.69922],[128.93979,37.69926],[128.93985,37.69919],[128.93997,37.69909],[128.94004,37.69904],[128.94005,37.69903],[128.94005,37.69902],[128.94005,37.69901],[128.94016,37.69892],[128.94021,37.69888],[128.94026,37.69883],[128.94029,37.69878],[128.94035,37.69869],[128.94044,37.69851]]]}},{"type":"Feature","id":"TN_RIVER_BNDRY:WTR01000000008PAO","properties":{"NF_ID":"WTR01000000008PAO","admin_code":"51150","source_layer":"TN_RIVER_BNDRY","semantic":"zone","river_class":"소하천","river_class_source":"중심선 공간조인","survey_method":"사진측량"},"geometry":{"type":"Polygon","coordinates":[[[128.95422,37.70299],[128.95276,37.70237],[128.95192,37.70133],[128.95086,37.70075],[128.95005,37.69857],[128.95009,37.69827],[128.94982,37.6984],[128.95054,37.70073],[128.95188,37.70147],[128.95266,37.70247],[128.95409,37.70306],[128.95422,37.70299]]]}},{"type":"Feature","id":"TN_RIVER_BNDRY:WTR01000000008PBP","properties":{"NF_ID":"WTR01000000008PBP","admin_code":"51150","source_layer":"TN_RIVER_BNDRY","semantic":"zone","river_class":"지방하천","river_class_source":"중심선 공간조인","river_name":"군선천","river_code":"1620300","survey_method":"사진측량"},"geometry":{"type":"Polygon","coordinates":[[[128.9439,37.70379],[128.94152,37.70332],[128.93921,37.70265],[128.93803,37.70195],[128.93763,37.70136],[128.93713,37.69984],[128.93621,37.69827],[128.93571,37.69681],[128.93499,37.69586],[128.93486,37.69617],[128.9353,37.69685],[128.93549,37.69788],[128.93693,37.7007],[128.93697,37.70125],[128.93776,37.70212],[128.93954,37.7032],[128.94273,37.70384],[128.94347,37.70418],[128.9439,37.70379]]]}},{"type":"Feature","id":"TN_RIVER_BNDRY:WTR01000000008PCQ","properties":{"NF_ID":"WTR01000000008PCQ","admin_code":"51150","source_layer":"TN_RIVER_BNDRY","semantic":"zone","river_class":"소하천","river_class_source":"중심선 공간조인","survey_method":"사진측량"},"geometry":{"type":"Polygon","coordinates":[[[128.95009,37.69827],[128.94976,37.69827],[128.94982,37.6984],[128.95009,37.69827]]]}},{"type":"Feature","id":"TN_RIVER_BNDRY:WTR01000000008PDR","properties":{"NF_ID":"WTR01000000008PDR","admin_code":"51150","source_layer":"TN_RIVER_BNDRY","semantic":"zone","river_class":"소하천","river_class_source":"중심선 공간조인","survey_method":"사진측량"},"geometry":{"type":"Polygon","coordinates":[[[128.95005,37.69819],[128.94955,37.69737],[128.94841,37.69687],[128.94779,37.69603],[128.94767,37.69614],[128.94837,37.69713],[128.94937,37.69756],[128.94976,37.69827],[128.95005,37.69819]]]}},{"type":"Feature","id":"TN_RIVER_BNDRY:WTR01000000008PES","properties":{"NF_ID":"WTR01000000008PES","admin_code":"51150","source_layer":"TN_RIVER_BNDRY","semantic":"zone","river_class":"지방하천","river_class_source":"중심선 공간조인","river_name":"군선천","river_code":"1620300","survey_method":"사진측량"},"geometry":{"type":"Polygon","coordinates":[[[128.93493,37.69584],[128.93262,37.69478],[128.93196,37.69392],[128.93038,37.69099],[128.92926,37.68972],[128.92823,37.68892],[128.92697,37.68693],[128.92676,37.68707],[128.92763,37.68854],[128.92939,37.69022],[128.93042,37.69159],[128.93166,37.69431],[128.93304,37.69534],[128.9347,37.69604],[128.93493,37.69584]]]}},{"type":"Feature","id":"TN_RIVER_BNDRY:WTR01000000008PFT","properties":{"NF_ID":"WTR01000000008PFT","admin_code":"51150","source_layer":"TN_RIVER_BNDRY","semantic":"zone","river_class":"소하천","river_class_source":"중심선 공간조인","survey_method":"사진측량"},"geometry":{"type":"Polygon","coordinates":[[[128.93493,37.69584],[128.9351,37.69561],[128.9347,37.69428],[128.93464,37.69293],[128.93503,37.69212],[128.93505,37.69143],[128.93604,37.68975],[128.93497,37.69146],[128.93497,37.69213],[128.93457,37.69297],[128.93463,37.69429],[128.93504,37.69555],[128.93493,37.69584]]]}},{"type":"Feature","id":"TN_RIVER_BNDRY:WTR01000000008PGU","properties":{"NF_ID":"WTR01000000008PGU","admin_code":"51150","source_layer":"TN_RIVER_BNDRY","semantic":"zone","river_class":"소하천","river_class_source":"중심선 공간조인","survey_method":"사진측량"},"geometry":{"type":"Polygon","coordinates":[[[128.95005,37.69819],[128.95122,37.69813],[128.95214,37.69764],[128.95299,37.6974],[128.95214,37.69753],[128.95116,37.69806],[128.95072,37.69801],[128.95005,37.69819]]]}},{"type":"Feature","id":"TN_RIVER_BNDRY:WTR01000000008PHV","properties":{"NF_ID":"WTR01000000008PHV","admin_code":"51150","source_layer":"TN_RIVER_BNDRY","semantic":"zone","river_class":"소하천","river_class_source":"중심선 공간조인","survey_method":"사진측량"},"geometry":{"type":"Polygon","coordinates":[[[128.94779,37.69603],[128.94774,37.69591],[128.94757,37.696],[128.94767,37.69614],[128.94779,37.69603]]]}},{"type":"Feature","id":"TN_RIVER_BNDRY:WTR01000000008PIW","properties":{"NF_ID":"WTR01000000008PIW","admin_code":"51150","source_layer":"TN_RIVER_BNDRY","semantic":"zone","river_class":"소하천","river_class_source":"중심선 공간조인","survey_method":"사진측량"},"geometry":{"type":"Polygon","coordinates":[[[128.94774,37.69591],[128.94779,37.69603],[128.94796,37.69579],[128.94841,37.69481],[128.94774,37.69591]]]}},{"type":"Feature","id":"TN_RIVER_BNDRY:WTR01000000008PJX","properties":{"NF_ID":"WTR01000000008PJX","admin_code":"51150","source_layer":"TN_RIVER_BNDRY","semantic":"zone","river_class":"소하천","river_class_source":"중심선 공간조인","survey_method":"사진측량"},"geometry":{"type":"Polygon","coordinates":[[[128.94774,37.69591],[128.94604,37.69511],[128.94495,37.6941],[128.94437,37.69329],[128.9443,37.69245],[128.94404,37.69268],[128.9442,37.6932],[128.94551,37.69479],[128.94757,37.696],[128.94774,37.69591]]]}},{"type":"Feature","id":"TN_RIVER_BNDRY:WTR01000000008PKY","properties":{"NF_ID":"WTR01000000008PKY","admin_code":"51150","source_layer":"TN_RIVER_BNDRY","semantic":"zone","river_class":"지방하천","river_class_source":"중심선 공간조인","river_name":"군선천","river_code":"1620300","survey_method":"사진측량"},"geometry":{"type":"Polygon","coordinates":[[[128.93499,37.69586],[128.9347,37.69604],[128.93486,37.69617],[128.93499,37.69586]]]}},{"type":"Feature","id":"TN_RIVER_BNDRY:WTR01000000008PLZ","properties":{"NF_ID":"WTR01000000008PLZ","admin_code":"51150","source_layer":"TN_RIVER_BNDRY","semantic":"zone","river_class":"소하천","river_class_source":"중심선 공간조인","survey_method":"사진측량"},"geometry":{"type":"Polygon","coordinates":[[[128.96069,37.69895],[128.96132,37.69869],[128.96128,37.69822],[128.96198,37.6978],[128.96214,37.69727],[128.96309,37.69681],[128.96379,37.69667],[128.96304,37.69677],[128.96201,37.69723],[128.96194,37.69778],[128.96121,37.69817],[128.96127,37.69869],[128.9606,37.69894],[128.95984,37.69954],[128.96029,37.69935],[128.96069,37.69895]]]}},{"type":"Feature","id":"TN_RIVER_BNDRY:WTR01000000008PM0","properties":{"NF_ID":"WTR01000000008PM0","admin_code":"51150","source_layer":"TN_RIVER_BNDRY","semantic":"zone","river_class":"지방하천","river_class_source":"중심선 공간조인","river_name":"임곡천","river_code":"1620310","survey_method":"사진측량"},"geometry":{"type":"Polygon","coordinates":[[[128.97393,37.68808],[128.9737,37.68792],[128.97344,37.68847],[128.97343,37.68966],[128.97373,37.69002],[128.975,37.69086],[128.97621,37.69281],[128.97592,37.69544],[128.97629,37.69598],[128.97735,37.69606],[128.9796,37.69556],[128.97994,37.69571],[128.98043,37.69634],[128.98086,37.6964],[128.98319,37.69532],[128.98517,37.69482],[128.98653,37.69481],[128.98988,37.69608],[128.99121,37.69728],[128.99146,37.69788],[128.99176,37.69794],[128.99186,37.69744],[128.99047,37.69613],[128.98815,37.69505],[128.98809,37.69476],[128.98807,37.69502],[128.98721,37.6947],[128.98584,37.69457],[128.98505,37.69465],[128.98335,37.69513],[128.98089,37.69626],[128.98044,37.69616],[128.9801,37.6956],[128.97962,37.69541],[128.9772,37.69581],[128.97648,37.69577],[128.97626,37.69527],[128.97658,37.69347],[128.97651,37.69275],[128.97531,37.69078],[128.97385,37.68967],[128.97369,37.68922],[128.97393,37.68808]]]}},{"type":"Feature","id":"TN_RIVER_BNDRY:WTR01000000008PN1","properties":{"NF_ID":"WTR01000000008PN1","admin_code":"51150","source_layer":"TN_RIVER_BNDRY","semantic":"zone","river_class":"소하천","river_class_source":"중심선 공간조인","survey_method":"사진측량"},"geometry":{"type":"Polygon","coordinates":[[[128.99146,37.69788],[128.99145,37.69789],[128.99128,37.69784],[128.99083,37.6977],[128.9907,37.69766],[128.99055,37.69763],[128.99035,37.69758],[128.99029,37.69756],[128.99021,37.69755],[128.99017,37.69755],[128.99013,37.69755],[128.99012,37.69756],[128.99012,37.69757],[128.99013,37.69757],[128.9902,37.69758],[128.99025,37.6976],[128.99031,37.69762],[128.99034,37.69764],[128.9904,37.69767],[128.99043,37.69768],[128.99048,37.69769],[128.99065,37.69772],[128.99079,37.69775],[128.991,37.69782],[128.99126,37.6979],[128.99138,37.69794],[128.99146,37.69797],[128.99146,37.69788]]]}},{"type":"Feature","id":"TN_RIVER_BNDRY:WTR01000000008PO2","properties":{"NF_ID":"WTR01000000008PO2","admin_code":"51150","source_layer":"TN_RIVER_BNDRY","semantic":"zone","river_class":"지방하천","river_class_source":"중심선 공간조인","river_name":"임곡천","river_code":"1620310","survey_method":"사진측량"},"geometry":{"type":"Polygon","coordinates":[[[128.99176,37.69794],[128.99146,37.69788],[128.9917,37.69807],[128.99176,37.69794]]]}},{"type":"Feature","id":"TN_RIVER_BNDRY:WTR01000000008PP3","properties":{"NF_ID":"WTR01000000008PP3","admin_code":"51150","source_layer":"TN_RIVER_BNDRY","semantic":"zone","river_class":"소하천","river_class_source":"중심선 공간조인","survey_method":"사진측량"},"geometry":{"type":"Polygon","coordinates":[[[128.97662,37.69621],[128.97654,37.6962],[128.97653,37.69623],[128.97649,37.69634],[128.9765,37.69634],[128.97649,37.6964],[128.9765,37.69643],[128.97651,37.69645],[128.97652,37.69647],[128.97653,37.69649],[128.97653,37.6965],[128.97653,37.69657],[128.97655,37.69662],[128.97655,37.69663],[128.97657,37.69665],[128.97658,37.69666],[128.9766,37.69664],[128.9766,37.69659],[128.97659,37.69651],[128.97659,37.69649],[128.97659,37.69647],[128.97659,37.69644],[128.97661,37.69641],[128.97661,37.69638],[128.9766,37.69633],[128.97662,37.69633],[128.97662,37.69626],[128.97662,37.69621]]]}},{"type":"Feature","id":"TN_RIVER_BNDRY:WTR01000000008PQ4","properties":{"NF_ID":"WTR01000000008PQ4","admin_code":"51150","source_layer":"TN_RIVER_BNDRY","semantic":"zone","river_class":"지방하천","river_class_source":"중심선 공간조인","river_name":"군선천","river_code":"1620300","survey_method":"사진측량"},"geometry":{"type":"Polygon","coordinates":[[[128.96273,37.71991],[128.96232,37.71795],[128.96081,37.714],[128.95828,37.71228],[128.95633,37.71037],[128.95417,37.70974],[128.95246,37.70941],[128.95072,37.70935],[128.94965,37.70903],[128.94838,37.70779],[128.94582,37.70637],[128.94536,37.70582],[128.94495,37.70455],[128.94402,37.70384],[128.9437,37.70447],[128.94587,37.70752],[128.94684,37.70834],[128.9497,37.70963],[128.9553,37.71046],[128.9559,37.71076],[128.9575,37.71204],[128.96053,37.71502],[128.96148,37.71753],[128.96174,37.72],[128.96273,37.71991]]]}},{"type":"Feature","id":"TN_RIVER_BNDRY:WTR01000000008PR5","properties":{"NF_ID":"WTR01000000008PR5","admin_code":"51150","source_layer":"TN_RIVER_BNDRY","semantic":"zone","river_class":"소하천","river_class_source":"중심선 공간조인","survey_method":"사진측량"},"geometry":{"type":"Polygon","coordinates":[[[128.9306,37.71061],[128.92998,37.71037],[128.92877,37.70938],[128.92879,37.70859],[128.92715,37.70668],[128.92616,37.70582],[128.92636,37.70525],[128.92612,37.70588],[128.92708,37.70671],[128.92872,37.70858],[128.92875,37.70943],[128.92997,37.71044],[128.9306,37.71061]]]}},{"type":"Feature","id":"TN_RIVER_BNDRY:WTR01000000008PS6","properties":{"NF_ID":"WTR01000000008PS6","admin_code":"51150","source_layer":"TN_RIVER_BNDRY","semantic":"zone","river_class":"소하천","river_class_source":"중심선 공간조인","survey_method":"사진측량"},"geometry":{"type":"Polygon","coordinates":[[[128.93071,37.71061],[128.9306,37.71061],[128.93058,37.71066],[128.93064,37.71068],[128.93067,37.71069],[128.93071,37.71061]]]}},{"type":"Feature","id":"TN_RIVER_BNDRY:WTR01000000008PT7","properties":{"NF_ID":"WTR01000000008PT7","admin_code":"51150","source_layer":"TN_RIVER_BNDRY","semantic":"zone","river_class":"소하천","river_class_source":"중심선 공간조인","survey_method":"사진측량"},"geometry":{"type":"Polygon","coordinates":[[[128.9306,37.71061],[128.93075,37.71033],[128.92978,37.70946],[128.92976,37.70905],[128.92969,37.70942],[128.93065,37.71028],[128.9306,37.71061]]]}},{"type":"Feature","id":"TN_RIVER_BNDRY:WTR01000000008PU8","properties":{"NF_ID":"WTR01000000008PU8","admin_code":"51150","source_layer":"TN_RIVER_BNDRY","semantic":"zone","river_class":"지방하천","river_class_source":"중심선 공간조인","river_name":"군선천","river_code":"1620300","survey_method":"사진측량"},"geometry":{"type":"Polygon","coordinates":[[[128.94402,37.70384],[128.9439,37.70379],[128.94347,37.70418],[128.9437,37.70447],[128.94402,37.70384]]]}},{"type":"Feature","id":"TN_RIVER_BNDRY:WTR01000000008PV9","properties":{"NF_ID":"WTR01000000008PV9","admin_code":"51150","source_layer":"TN_RIVER_BNDRY","semantic":"zone","river_class":"소하천","river_class_source":"중심선 공간조인","survey_method":"사진측량"},"geometry":{"type":"Polygon","coordinates":[[[128.9439,37.70379],[128.94402,37.70384],[128.94415,37.70324],[128.9439,37.70379]]]}},{"type":"Feature","id":"TN_RIVER_BNDRY:WTR01000000008PWA","properties":{"NF_ID":"WTR01000000008PWA","admin_code":"51150","source_layer":"TN_RIVER_BNDRY","semantic":"zone","river_class":"소하천","river_class_source":"중심선 공간조인","survey_method":"사진측량"},"geometry":{"type":"Polygon","coordinates":[[[128.96289,37.70913],[128.963,37.71016],[128.9639,37.71147],[128.96437,37.71304],[128.96568,37.71429],[128.96596,37.71484],[128.96606,37.71717],[128.96594,37.71771],[128.96625,37.71933],[128.96606,37.71978],[128.96582,37.71992],[128.96273,37.71991],[128.96278,37.72043],[128.96309,37.7201],[128.96374,37.71998],[128.96599,37.72028],[128.9663,37.72002],[128.96642,37.71956],[128.96613,37.71805],[128.96627,37.71661],[128.96608,37.71474],[128.96581,37.71424],[128.9646,37.71318],[128.96421,37.71168],[128.96394,37.71105],[128.96324,37.7102],[128.96317,37.70941],[128.96289,37.70913]]]}},{"type":"Feature","id":"TN_RIVER_BNDRY:WTR01000000008PXB","properties":{"NF_ID":"WTR01000000008PXB","admin_code":"51150","source_layer":"TN_RIVER_BNDRY","semantic":"zone","river_class":"소하천","river_class_source":"중심선 공간조인","survey_method":"사진측량"},"geometry":{"type":"Polygon","coordinates":[[[128.96277,37.70914],[128.96172,37.70906],[128.9605,37.70832],[128.95974,37.70692],[128.95839,37.70604],[128.95835,37.70578],[128.95889,37.70478],[128.95837,37.70374],[128.95801,37.70363],[128.95565,37.70395],[128.95432,37.70306],[128.9542,37.70315],[128.95484,37.70375],[128.9555,37.70408],[128.95823,37.70375],[128.95879,37.70464],[128.95819,37.70589],[128.9583,37.70609],[128.95973,37.70715],[128.96003,37.7079],[128.96043,37.70839],[128.96177,37.70918],[128.96276,37.70925],[128.96277,37.70914]]]}},{"type":"Feature","id":"TN_RIVER_BNDRY:WTR01000000008PYC","properties":{"NF_ID":"WTR01000000008PYC","admin_code":"51150","source_layer":"TN_RIVER_BNDRY","semantic":"zone","river_class":"소하천","river_class_source":"중심선 공간조인","survey_method":"사진측량"},"geometry":{"type":"Polygon","coordinates":[[[128.95422,37.70299],[128.9544,37.70297],[128.95453,37.70241],[128.9548,37.70213],[128.95587,37.70155],[128.95672,37.70145],[128.95729,37.70098],[128.95878,37.70027],[128.9574,37.70082],[128.9567,37.70138],[128.95591,37.70146],[128.95512,37.7018],[128.95451,37.70225],[128.95422,37.70299]]]}},{"type":"Feature","id":"TN_RIVER_BNDRY:WTR01000000008PZD","properties":{"NF_ID":"WTR01000000008PZD","admin_code":"51150","source_layer":"TN_RIVER_BNDRY","semantic":"zone","river_class":"지방하천","river_class_source":"중심선 공간조인","river_name":"군선천","river_code":"1620300","survey_method":"사진측량"},"geometry":{"type":"Polygon","coordinates":[[[128.97561,37.7218],[128.97497,37.72197],[128.97513,37.72282],[128.97593,37.7229],[128.97561,37.7218]]]}},{"type":"Feature","id":"TN_RIVER_BNDRY:WTR01000000008Q0F","properties":{"NF_ID":"WTR01000000008Q0F","admin_code":"51150","source_layer":"TN_RIVER_BNDRY","semantic":"zone","river_class":"지방하천","river_class_source":"중심선 공간조인","river_name":"임곡천","river_code":"1620310","survey_method":"사진측량"},"geometry":{"type":"Polygon","coordinates":[[[128.97561,37.7218],[128.9755,37.72134],[128.97563,37.72107],[128.97653,37.72039],[128.97833,37.71944],[128.97758,37.7195],[128.97674,37.71982],[128.97513,37.72087],[128.9748,37.72136],[128.97497,37.72197],[128.97561,37.7218]]]}},{"type":"Feature","id":"TN_RIVER_BNDRY:WTR01000000008Q1G","properties":{"NF_ID":"WTR01000000008Q1G","admin_code":"51150","source_layer":"TN_RIVER_BNDRY","semantic":"zone","river_class":"소하천","river_class_source":"중심선 공간조인","survey_method":"사진측량"},"geometry":{"type":"Polygon","coordinates":[[[128.96289,37.70913],[128.9629,37.70865],[128.96277,37.70914],[128.96289,37.70913]]]}},{"type":"Feature","id":"TN_RIVER_BNDRY:WTR01000000008Q2H","properties":{"NF_ID":"WTR01000000008Q2H","admin_code":"51150","source_layer":"TN_RIVER_BNDRY","semantic":"zone","river_class":"소하천","river_class_source":"중심선 공간조인","survey_method":"사진측량"},"geometry":{"type":"Polygon","coordinates":[[[128.96289,37.70913],[128.96276,37.70925],[128.96288,37.7093],[128.96289,37.70913]]]}},{"type":"Feature","id":"TN_RIVER_BNDRY:WTR01000000008Q3I","properties":{"NF_ID":"WTR01000000008Q3I","admin_code":"51150","source_layer":"TN_RIVER_BNDRY","semantic":"zone","river_class":"지방하천","river_class_source":"중심선 공간조인","river_name":"군선천","river_code":"1620300","survey_method":"사진측량"},"geometry":{"type":"Polygon","coordinates":[[[128.96278,37.72043],[128.96273,37.71991],[128.96174,37.72],[128.96186,37.72063],[128.96278,37.72043]]]}},{"type":"Feature","id":"TN_RIVER_BNDRY:WTR01000000008Q4J","properties":{"NF_ID":"WTR01000000008Q4J","admin_code":"51150","source_layer":"TN_RIVER_BNDRY","semantic":"zone","river_class":"소하천","river_class_source":"중심선 공간조인","survey_method":"사진측량"},"geometry":{"type":"Polygon","coordinates":[[[128.95432,37.70306],[128.95409,37.70306],[128.9542,37.70315],[128.95432,37.70306]]]}},{"type":"Feature","id":"TN_RIVER_BNDRY:WTR01000000008Q5K","properties":{"NF_ID":"WTR01000000008Q5K","admin_code":"51150","source_layer":"TN_RIVER_BNDRY","semantic":"zone","river_class":"소하천","river_class_source":"중심선 공간조인","survey_method":"사진측량"},"geometry":{"type":"Polygon","coordinates":[[[128.97833,37.71944],[128.9813,37.71748],[128.98109,37.71573],[128.98157,37.7141],[128.98236,37.71278],[128.98237,37.7119],[128.98216,37.71153],[128.98146,37.71108],[128.9807,37.71024],[128.9803,37.7101],[128.98022,37.70797],[128.97992,37.70768],[128.98017,37.70802],[128.97995,37.70883],[128.98022,37.71021],[128.98063,37.7103],[128.98113,37.71109],[128.98208,37.71152],[128.98231,37.71188],[128.98231,37.71269],[128.98151,37.71406],[128.98101,37.71577],[128.98132,37.71725],[128.98122,37.7175],[128.97833,37.71944]]]}},{"type":"Feature","id":"TN_RIVER_BNDRY:WTR01000000008Q6L","properties":{"NF_ID":"WTR01000000008Q6L","admin_code":"51150","source_layer":"TN_RIVER_BNDRY","semantic":"zone","river_class":"소하천","river_class_source":"중심선 공간조인","survey_method":"사진측량"},"geometry":{"type":"Polygon","coordinates":[[[128.98663,37.71772],[128.98723,37.71854],[128.9872,37.71828],[128.98663,37.71772]]]}},{"type":"Feature","id":"TN_RIVER_BNDRY:WTR01000000008Q7M","properties":{"NF_ID":"WTR01000000008Q7M","admin_code":"51150","source_layer":"TN_RIVER_BNDRY","semantic":"zone","river_class":"지방하천","river_class_source":"중심선 공간조인","river_name":"임곡천","river_code":"1620310","survey_method":"사진측량"},"geometry":{"type":"Polygon","coordinates":[[[128.98663,37.71772],[128.98654,37.71742],[128.98628,37.71751],[128.98663,37.71772]]]}},{"type":"Feature","id":"TN_RIVER_BNDRY:WTR01000000008Q8N","properties":{"NF_ID":"WTR01000000008Q8N","admin_code":"51150","source_layer":"TN_RIVER_BNDRY","semantic":"zone","river_class":"지방하천","river_class_source":"중심선 공간조인","river_name":"임곡천","river_code":"1620310","survey_method":"사진측량"},"geometry":{"type":"Polygon","coordinates":[[[128.97824,37.71989],[128.97833,37.71944],[128.97755,37.71993],[128.97824,37.71989]]]}},{"type":"Feature","id":"TN_RIVER_BNDRY:WTR01000000008Q9O","properties":{"NF_ID":"WTR01000000008Q9O","admin_code":"51150","source_layer":"TN_RIVER_BNDRY","semantic":"zone","river_class":"지방하천","river_class_source":"중심선 공간조인","river_name":"임곡천","river_code":"1620310","survey_method":"사진측량"},"geometry":{"type":"Polygon","coordinates":[[[128.98659,37.71774],[128.98628,37.71751],[128.98386,37.71819],[128.98114,37.71974],[128.97837,37.71945],[128.97824,37.71989],[128.98131,37.72005],[128.98314,37.71887],[128.98659,37.71774]]]}},{"type":"Feature","id":"TN_RIVER_BNDRY:WTR01000000008QAP","properties":{"NF_ID":"WTR01000000008QAP","admin_code":"51150","source_layer":"TN_RIVER_BNDRY","semantic":"zone","river_class":"소하천","river_class_source":"중심선 공간조인","survey_method":"사진측량"},"geometry":{"type":"Polygon","coordinates":[[[128.84546,37.70086],[128.84449,37.70076],[128.8435,37.70154],[128.8428,37.70161],[128.84229,37.70224],[128.84104,37.70298],[128.84018,37.70278],[128.83965,37.70304],[128.83819,37.70337],[128.8371,37.70389],[128.83705,37.7048],[128.83762,37.7058],[128.83697,37.70656],[128.83624,37.70806],[128.83709,37.70838],[128.83739,37.70916],[128.83716,37.70938],[128.83629,37.70968],[128.83276,37.71234],[128.83178,37.71287],[128.83169,37.71387],[128.83181,37.71389],[128.83178,37.71311],[128.83196,37.71286],[128.83285,37.71238],[128.83625,37.70985],[128.83725,37.70948],[128.83752,37.70917],[128.83748,37.70874],[128.83716,37.7083],[128.83633,37.70804],[128.83765,37.70601],[128.83762,37.70553],[128.83714,37.70459],[128.83768,37.70369],[128.84017,37.70284],[128.84103,37.70305],[128.84221,37.70237],[128.84278,37.70169],[128.84336,37.70168],[128.84479,37.70084],[128.84546,37.70086]]]}},{"type":"Feature","id":"TN_RIVER_BNDRY:WTR01000000008QBQ","properties":{"NF_ID":"WTR01000000008QBQ","admin_code":"51150","source_layer":"TN_RIVER_BNDRY","semantic":"zone","river_class":"소하천","river_class_source":"중심선 공간조인","survey_method":"사진측량"},"geometry":{"type":"Polygon","coordinates":[[[128.84552,37.70079],[128.84575,37.69942],[128.84619,37.69914],[128.84628,37.69873],[128.84625,37.69833],[128.84586,37.69771],[128.8459,37.69701],[128.84581,37.69772],[128.84622,37.69867],[128.84617,37.69901],[128.84571,37.69941],[128.84552,37.70079]]]}},{"type":"Feature","id":"TN_RIVER_BNDRY:WTR01000000008QCR","properties":{"NF_ID":"WTR01000000008QCR","admin_code":"51150","source_layer":"TN_RIVER_BNDRY","semantic":"zone","river_class":"지방하천","river_class_source":"중심선 공간조인","river_name":"섬석천","river_code":"1420040","survey_method":"사진측량"},"geometry":{"type":"Polygon","coordinates":[[[128.8746,37.71268],[128.87277,37.71163],[128.87222,37.7106],[128.87138,37.70974],[128.86968,37.70925],[128.86897,37.70889],[128.86842,37.70814],[128.86781,37.70778],[128.86754,37.70557],[128.86779,37.70492],[128.86765,37.70418],[128.86792,37.70355],[128.86709,37.70309],[128.86659,37.70317],[128.86575,37.7021],[128.86604,37.70105],[128.86604,37.69949],[128.86531,37.69878],[128.86301,37.69842],[128.86237,37.69748],[128.86122,37.697],[128.86078,37.69644],[128.86007,37.69609],[128.85962,37.69493],[128.85828,37.69402],[128.85802,37.69345],[128.85595,37.6926],[128.85572,37.69172],[128.85492,37.691],[128.85466,37.68977],[128.85429,37.68947],[128.85478,37.68842],[128.85472,37.68826],[128.85442,37.68827],[128.85422,37.68805],[128.85388,37.68717],[128.85405,37.68596],[128.85514,37.68542],[128.85579,37.68423],[128.85579,37.6837],[128.85761,37.68341],[128.85569,37.68356],[128.85555,37.68372],[128.85572,37.68415],[128.85503,37.6854],[128.85395,37.68597],[128.85381,37.68712],[128.85403,37.68795],[128.85449,37.68864],[128.85422,37.68944],[128.85454,37.68979],[128.85444,37.69028],[128.85482,37.69114],[128.85507,37.69133],[128.85506,37.6916],[128.85557,37.69185],[128.85561,37.69227],[128.85601,37.69279],[128.85789,37.69343],[128.85816,37.69399],[128.85924,37.69469],[128.85988,37.69616],[128.86065,37.69656],[128.86114,37.69712],[128.86233,37.69757],[128.86287,37.69851],[128.86532,37.69889],[128.86604,37.69971],[128.86558,37.702],[128.86641,37.70309],[128.86682,37.70336],[128.86697,37.70379],[128.86751,37.704],[128.86768,37.70449],[128.86744,37.7057],[128.86785,37.70797],[128.86841,37.70829],[128.86868,37.70879],[128.86908,37.70909],[128.87091,37.70969],[128.87141,37.70998],[128.87194,37.71043],[128.8728,37.71192],[128.87401,37.71252],[128.8744,37.71295],[128.8746,37.71268]]]}},{"type":"Feature","id":"TN_RIVER_BNDRY:WTR01000000008QDS","properties":{"NF_ID":"WTR01000000008QDS","admin_code":"51150","source_layer":"TN_RIVER_BNDRY","semantic":"zone","river_class":"소하천","river_class_source":"중심선 공간조인","survey_method":"사진측량"},"geometry":{"type":"Polygon","coordinates":[[[128.99775,37.59514],[128.99833,37.59516],[128.99714,37.59466],[128.99557,37.59492],[128.99454,37.59527],[128.99276,37.59642],[128.99077,37.59677],[128.98986,37.59652],[128.98958,37.59657],[128.98888,37.59748],[128.9889,37.59778],[128.98868,37.59812],[128.98815,37.59809],[128.98739,37.5974],[128.9868,37.59758],[128.98612,37.59813],[128.98569,37.59824],[128.98364,37.59809],[128.9829,37.59764],[128.98241,37.59707],[128.98102,37.59726],[128.97976,37.59716],[128.97811,37.59603],[128.97699,37.59616],[128.97563,37.59658],[128.97394,37.59518],[128.9726,37.59488],[128.97093,37.595],[128.9691,37.59443],[128.96783,37.5946],[128.96748,37.59448],[128.96603,37.59544],[128.96516,37.59506],[128.96407,37.59484],[128.96336,37.59506],[128.96297,37.59478],[128.96245,37.59465],[128.96062,37.59454],[128.96025,37.59467],[128.96242,37.59472],[128.9633,37.59513],[128.96406,37.59491],[128.96532,37.59524],[128.9659,37.59555],[128.96644,37.59537],[128.96739,37.59456],[128.96786,37.59467],[128.96923,37.59449],[128.97091,37.59506],[128.97337,37.59504],[128.97391,37.59525],[128.97487,37.59624],[128.97557,37.59667],[128.97698,37.59626],[128.97796,37.59617],[128.97862,37.59646],[128.97949,37.59723],[128.97996,37.59735],[128.98129,37.5974],[128.98177,37.59719],[128.98238,37.59719],[128.98314,37.598],[128.9831,37.59821],[128.98587,37.59833],[128.98691,37.59785],[128.98737,37.59779],[128.98843,37.59839],[128.98903,37.59802],[128.98913,37.59788],[128.98895,37.59765],[128.98975,37.59671],[128.99109,37.59713],[128.99236,37.59692],[128.99327,37.59655],[128.99468,37.59556],[128.99557,37.59514],[128.99659,37.59488],[128.99775,37.59514]]]}},{"type":"Feature","id":"TN_RIVER_BNDRY:WTR01000000008QET","properties":{"NF_ID":"WTR01000000008QET","admin_code":"51150","source_layer":"TN_RIVER_BNDRY","semantic":"zone","river_class":"지방하천","river_class_source":"중심선 공간조인","river_name":"주수천","river_code":"1620330","survey_method":"사진측량"},"geometry":{"type":"Polygon","coordinates":[[[128.99653,37.59047],[128.9959,37.59133],[128.99653,37.59179],[128.99777,37.59325],[128.99833,37.59516],[128.99912,37.59518],[128.99824,37.59286],[128.99811,37.59137],[128.99653,37.59047]]]}},{"type":"Feature","id":"TN_RIVER_BNDRY:WTR01000000008QFU","properties":{"NF_ID":"WTR01000000008QFU","admin_code":"51150","source_layer":"TN_RIVER_BNDRY","semantic":"zone","river_class":"소하천","river_class_source":"중심선 공간조인","survey_method":"사진측량"},"geometry":{"type":"Polygon","coordinates":[[[128.99824,37.59528],[128.99833,37.59516],[128.99775,37.59514],[128.99824,37.59528]]]}},{"type":"Feature","id":"TN_RIVER_BNDRY:WTR01000000008QGV","properties":{"NF_ID":"WTR01000000008QGV","admin_code":"51150","source_layer":"TN_RIVER_BNDRY","semantic":"zone","river_class":"소하천","river_class_source":"중심선 공간조인","survey_method":"사진측량"},"geometry":{"type":"Polygon","coordinates":[[[128.99779,37.59525],[128.99775,37.59514],[128.99733,37.59522],[128.99677,37.59547],[128.99594,37.59619],[128.99623,37.59737],[128.99554,37.59972],[128.99575,37.60043],[128.99582,37.60009],[128.99564,37.59968],[128.99634,37.59732],[128.99606,37.59615],[128.99673,37.59554],[128.99779,37.59525]]]}},{"type":"Feature","id":"TN_RIVER_BNDRY:WTR01000000008QHW","properties":{"NF_ID":"WTR01000000008QHW","admin_code":"51150","source_layer":"TN_RIVER_BNDRY","semantic":"zone","river_class":"지방하천","river_class_source":"중심선 공간조인","river_name":"주수천","river_code":"1620330","survey_method":"사진측량"},"geometry":{"type":"Polygon","coordinates":[[[128.99912,37.59518],[128.99833,37.59516],[128.99824,37.59528],[128.9992,37.59535],[128.99912,37.59518]]]}},{"type":"Feature","id":"TN_RIVER_BNDRY:WTR01000000008QIX","properties":{"NF_ID":"WTR01000000008QIX","admin_code":"51150","source_layer":"TN_RIVER_BNDRY","semantic":"zone","river_class":"소하천","river_class_source":"중심선 공간조인","survey_method":"사진측량"},"geometry":{"type":"Polygon","coordinates":[[[128.9999,37.68756],[128.99983,37.68748],[128.99979,37.68754],[128.99979,37.68754],[128.99978,37.68755],[128.99983,37.6876],[128.9999,37.68756]]]}},{"type":"Feature","id":"TN_RIVER_BNDRY:WTR01000000008QJY","properties":{"NF_ID":"WTR01000000008QJY","admin_code":"51150","source_layer":"TN_RIVER_BNDRY","semantic":"zone","river_class":"소하천","river_class_source":"중심선 공간조인","survey_method":"사진측량"},"geometry":{"type":"Polygon","coordinates":[[[128.99983,37.6876],[128.99978,37.68755],[128.99968,37.68765],[128.99968,37.68766],[128.99968,37.68767],[128.99968,37.68767],[128.99969,37.68768],[128.9997,37.68768],[128.99972,37.68768],[128.99983,37.6876]]]}},{"type":"Feature","id":"TN_RIVER_BNDRY:WTR01000000008RAQ","properties":{"NF_ID":"WTR01000000008RAQ","admin_code":"51150","source_layer":"TN_RIVER_BNDRY","semantic":"zone","river_class":"지방하천","river_class_source":"중심선 공간조인","river_name":"강릉남대천","river_code":"1410010","survey_method":"사진측량"},"geometry":{"type":"Polygon","coordinates":[[[128.8705,37.74321],[128.87026,37.74231],[128.8649,37.74436],[128.86296,37.74462],[128.8623,37.74446],[128.86215,37.74455],[128.86225,37.74431],[128.86137,37.74401],[128.86073,37.74349],[128.85992,37.74199],[128.85887,37.74187],[128.85931,37.74219],[128.85982,37.74392],[128.86008,37.74418],[128.8615,37.74517],[128.86336,37.74578],[128.8638,37.74579],[128.86384,37.74562],[128.86453,37.74528],[128.86591,37.74502],[128.8685,37.74387],[128.8705,37.74321]]]}},{"type":"Feature","id":"TN_RIVER_BNDRY:WTR01000000008RBR","properties":{"NF_ID":"WTR01000000008RBR","admin_code":"51150","source_layer":"TN_RIVER_BNDRY","semantic":"zone","river_class":"지방하천","river_class_source":"중심선 공간조인","river_name":"강릉남대천","river_code":"1410010","survey_method":"사진측량"},"geometry":{"type":"Polygon","coordinates":[[[128.85958,37.74092],[128.85846,37.74076],[128.85852,37.74095],[128.85968,37.74125],[128.85958,37.74092]]]}},{"type":"Feature","id":"TN_RIVER_BNDRY:WTR01000000008RCS","properties":{"NF_ID":"WTR01000000008RCS","admin_code":"51150","source_layer":"TN_RIVER_BNDRY","semantic":"zone","river_class":"지방하천","river_class_source":"중심선 공간조인","river_name":"강릉남대천","river_code":"1410010","survey_method":"사진측량"},"geometry":{"type":"Polygon","coordinates":[[[128.85973,37.74139],[128.85895,37.74161],[128.85887,37.74187],[128.85992,37.74199],[128.85973,37.74139]]]}},{"type":"Feature","id":"TN_RIVER_BNDRY:WTR01000000008RDT","properties":{"NF_ID":"WTR01000000008RDT","admin_code":"51150","source_layer":"TN_RIVER_BNDRY","semantic":"zone","river_class":"지방하천","river_class_source":"중심선 공간조인","river_name":"강릉남대천","river_code":"1410010","survey_method":"사진측량"},"geometry":{"type":"Polygon","coordinates":[[[128.85973,37.74139],[128.85968,37.74125],[128.85852,37.74095],[128.85896,37.74128],[128.85895,37.74161],[128.85973,37.74139]]]}},{"type":"Feature","id":"TN_RIVER_BNDRY:WTR01000000008REU","properties":{"NF_ID":"WTR01000000008REU","admin_code":"51150","source_layer":"TN_RIVER_BNDRY","semantic":"zone","river_class":"지방하천","river_class_source":"중심선 공간조인","river_name":"강릉남대천","river_code":"1410010","survey_method":"사진측량"},"geometry":{"type":"Polygon","coordinates":[[[128.87059,37.74226],[128.87026,37.74231],[128.8705,37.74321],[128.87123,37.74325],[128.87059,37.74226]]]}},{"type":"Feature","id":"TN_RIVER_BNDRY:WTR01000000008RFV","properties":{"NF_ID":"WTR01000000008RFV","admin_code":"51150","source_layer":"TN_RIVER_BNDRY","semantic":"zone","river_class":"소하천","river_class_source":"중심선 공간조인","survey_method":"사진측량"},"geometry":{"type":"Polygon","coordinates":[[[128.87467,37.73195],[128.87459,37.73184],[128.87397,37.73223],[128.87467,37.73195]]]}},{"type":"Feature","id":"TN_RIVER_BNDRY:WTR01000000008RGW","properties":{"NF_ID":"WTR01000000008RGW","admin_code":"51150","source_layer":"TN_RIVER_BNDRY","semantic":"zone","river_class":"소하천","river_class_source":"중심선 공간조인","survey_method":"사진측량"},"geometry":{"type":"Polygon","coordinates":[[[128.87478,37.73193],[128.87478,37.73185],[128.87459,37.73184],[128.87467,37.73195],[128.87477,37.73193],[128.87478,37.73193]]]}},{"type":"Feature","id":"TN_RIVER_BNDRY:WTR01000000008RHX","properties":{"NF_ID":"WTR01000000008RHX","admin_code":"51150","source_layer":"TN_RIVER_BNDRY","semantic":"zone","river_class":"지방하천","river_class_source":"중심선 공간조인","river_name":"섬석천","river_code":"1420040","survey_method":"사진측량"},"geometry":{"type":"Polygon","coordinates":[[[128.90355,37.72967],[128.90316,37.72952],[128.90271,37.72962],[128.90317,37.72999],[128.90355,37.72967]]]}},{"type":"Feature","id":"TN_RIVER_BNDRY:WTR01000000008RIY","properties":{"NF_ID":"WTR01000000008RIY","admin_code":"51150","source_layer":"TN_RIVER_BNDRY","semantic":"zone","river_class":"지방하천","river_class_source":"중심선 공간조인","river_name":"섬석천","river_code":"1420040","survey_method":"사진측량"},"geometry":{"type":"Polygon","coordinates":[[[128.92096,37.73091],[128.92034,37.73034],[128.91976,37.73064],[128.92031,37.73124],[128.92096,37.73091]]]}},{"type":"Feature","id":"TN_RIVER_BNDRY:WTR01000000008RJZ","properties":{"NF_ID":"WTR01000000008RJZ","admin_code":"51150","source_layer":"TN_RIVER_BNDRY","semantic":"zone","river_class":"소하천","river_class_source":"중심선 공간조인","survey_method":"사진측량"},"geometry":{"type":"Polygon","coordinates":[[[128.98209,37.73287],[128.98202,37.7328],[128.98183,37.73284],[128.98142,37.7329],[128.9814,37.73291],[128.98141,37.73293],[128.98143,37.73294],[128.98148,37.73295],[128.98209,37.73287]]]}},{"type":"Feature","id":"TN_RIVER_BNDRY:WTR01000000008RK0","properties":{"NF_ID":"WTR01000000008RK0","admin_code":"51150","source_layer":"TN_RIVER_BNDRY","semantic":"zone","river_class":"소하천","river_class_source":"중심선 공간조인","river_name":"시동천","survey_method":"사진측량"},"geometry":{"type":"Polygon","coordinates":[[[128.96538,37.74068],[128.96482,37.74058],[128.96481,37.74043],[128.96322,37.74099],[128.96478,37.74063],[128.96538,37.74068]]]}},{"type":"Feature","id":"TN_RIVER_BNDRY:WTR01000000008RL1","properties":{"NF_ID":"WTR01000000008RL1","admin_code":"51150","source_layer":"TN_RIVER_BNDRY","semantic":"zone","river_class":"소하천","river_class_source":"중심선 공간조인","survey_method":"사진측량"},"geometry":{"type":"Polygon","coordinates":[[[128.9757,37.73999],[128.97589,37.73986],[128.97537,37.73997],[128.9746,37.73955],[128.97537,37.74003],[128.9757,37.73999]]]}},{"type":"Feature","id":"TN_RIVER_BNDRY:WTR01000000008RM2","properties":{"NF_ID":"WTR01000000008RM2","admin_code":"51150","source_layer":"TN_RIVER_BNDRY","semantic":"zone","river_class":"지방하천","river_class_source":"중심선 공간조인","river_name":"섬석천","river_code":"1420040","survey_method":"사진측량"},"geometry":{"type":"Polygon","coordinates":[[[128.92031,37.73124],[128.91976,37.73064],[128.91794,37.73103],[128.91525,37.73204],[128.91301,37.73167],[128.91092,37.73072],[128.90355,37.72967],[128.90317,37.72999],[128.90862,37.7308],[128.91066,37.73097],[128.9121,37.73177],[128.91516,37.73238],[128.9159,37.73224],[128.9184,37.73129],[128.91969,37.73113],[128.92031,37.73124]]]}},{"type":"Feature","id":"TN_RIVER_BNDRY:WTR01000000008RN3","properties":{"NF_ID":"WTR01000000008RN3","admin_code":"51150","source_layer":"TN_RIVER_BNDRY","semantic":"zone","river_class":"소하천","river_class_source":"중심선 공간조인","river_name":"시동천","survey_method":"사진측량"},"geometry":{"type":"Polygon","coordinates":[[[128.96557,37.74064],[128.96556,37.74063],[128.96556,37.7406],[128.96538,37.74066],[128.96538,37.74068],[128.96557,37.74064]]]}},{"type":"Feature","id":"TN_RIVER_BNDRY:WTR01000000008RO4","properties":{"NF_ID":"WTR01000000008RO4","admin_code":"51150","source_layer":"TN_RIVER_BNDRY","semantic":"zone","river_class":"지방하천","river_class_source":"중심선 공간조인","river_name":"군선천","river_code":"1620300","survey_method":"사진측량"},"geometry":{"type":"Polygon","coordinates":[[[128.98298,37.73264],[128.98282,37.73248],[128.98202,37.7328],[128.98298,37.73264]]]}},{"type":"Feature","id":"TN_RIVER_BNDRY:WTR01000000008RP5","properties":{"NF_ID":"WTR01000000008RP5","admin_code":"51150","source_layer":"TN_RIVER_BNDRY","semantic":"zone","river_class":"지방하천","river_class_source":"중심선 공간조인","river_name":"군선천","river_code":"1620300","survey_method":"사진측량"},"geometry":{"type":"Polygon","coordinates":[[[128.98298,37.73264],[128.98209,37.73287],[128.98298,37.73386],[128.98285,37.73627],[128.98301,37.73866],[128.9838,37.73853],[128.98364,37.73648],[128.9839,37.73408],[128.98361,37.73329],[128.98298,37.73264]]]}},{"type":"Feature","id":"TN_RIVER_BNDRY:WTR01000000008RQ6","properties":{"NF_ID":"WTR01000000008RQ6","admin_code":"51150","source_layer":"TN_RIVER_BNDRY","semantic":"zone","river_class":"소하천","river_class_source":"중심선 공간조인","river_name":"시동천","survey_method":"사진측량"},"geometry":{"type":"Polygon","coordinates":[[[128.96557,37.74064],[128.96538,37.74068],[128.96669,37.74225],[128.96857,37.7433],[128.9696,37.74366],[128.97014,37.74358],[128.97391,37.74225],[128.97433,37.74203],[128.97562,37.74048],[128.97603,37.74034],[128.97711,37.74015],[128.97827,37.7403],[128.98001,37.74125],[128.98167,37.74181],[128.98238,37.74172],[128.98385,37.74068],[128.98372,37.74056],[128.98232,37.74151],[128.98161,37.74162],[128.97997,37.74101],[128.97839,37.74013],[128.97749,37.73998],[128.9762,37.74011],[128.97554,37.74032],[128.97399,37.74204],[128.96964,37.74349],[128.969,37.7433],[128.96705,37.74231],[128.96557,37.74064]]]}},{"type":"Feature","id":"TN_RIVER_BNDRY:WTR01000000008RR7","properties":{"NF_ID":"WTR01000000008RR7","admin_code":"51150","source_layer":"TN_RIVER_BNDRY","semantic":"zone","river_class":"소하천","river_class_source":"중심선 공간조인","survey_method":"사진측량"},"geometry":{"type":"Polygon","coordinates":[[[128.85895,37.74161],[128.85866,37.74164],[128.85745,37.74108],[128.85726,37.7402],[128.85753,37.74023],[128.85845,37.74093],[128.85846,37.74076],[128.85756,37.74013],[128.85703,37.74003],[128.85731,37.74113],[128.85887,37.74187],[128.85895,37.74161]]]}},{"type":"Feature","id":"TN_RIVER_BNDRY:WTR01000000008RS8","properties":{"NF_ID":"WTR01000000008RS8","admin_code":"51150","source_layer":"TN_RIVER_BNDRY","semantic":"zone","river_class":"소하천","river_class_source":"중심선 공간조인","survey_method":"사진측량"},"geometry":{"type":"Polygon","coordinates":[[[128.87059,37.74226],[128.86968,37.74097],[128.86851,37.74046],[128.86731,37.74031],[128.86474,37.73856],[128.86295,37.73558],[128.86287,37.73336],[128.86241,37.73301],[128.8616,37.73289],[128.86064,37.7318],[128.86139,37.73295],[128.8623,37.73307],[128.86275,37.7334],[128.86285,37.73563],[128.86474,37.73872],[128.86741,37.74047],[128.86845,37.74056],[128.86949,37.74102],[128.8698,37.74121],[128.87026,37.74231],[128.87059,37.74226]]]}},{"type":"Feature","id":"TN_RIVER_BNDRY:WTR01000000008RT9","properties":{"NF_ID":"WTR01000000008RT9","admin_code":"51150","source_layer":"TN_RIVER_BNDRY","semantic":"zone","river_class":"소하천","river_class_source":"중심선 공간조인","survey_method":"사진측량"},"geometry":{"type":"Polygon","coordinates":[[[128.87478,37.73185],[128.87585,37.73238],[128.87979,37.73614],[128.88017,37.73624],[128.88083,37.73612],[128.88134,37.73645],[128.88088,37.73731],[128.88131,37.7379],[128.88213,37.73835],[128.88231,37.7395],[128.88229,37.73831],[128.88141,37.73784],[128.88103,37.73726],[128.88149,37.73661],[128.88143,37.73638],[128.88081,37.73601],[128.88025,37.73618],[128.87989,37.7361],[128.87596,37.73237],[128.87553,37.73206],[128.87478,37.73185]]]}},{"type":"Feature","id":"TN_RIVER_BNDRY:WTR01000000008RUA","properties":{"NF_ID":"WTR01000000008RUA","admin_code":"51150","source_layer":"TN_RIVER_BNDRY","semantic":"zone","river_class":"소하천","river_class_source":"중심선 공간조인","survey_method":"사진측량"},"geometry":{"type":"Polygon","coordinates":[[[128.86143,37.72582],[128.86114,37.72606],[128.86055,37.72718],[128.86054,37.72827],[128.86038,37.72864],[128.85995,37.7292],[128.85918,37.7297],[128.86044,37.73113],[128.86037,37.73083],[128.85939,37.72994],[128.85934,37.72972],[128.86006,37.72925],[128.86054,37.72857],[128.86069,37.72721],[128.86143,37.72582]]]}},{"type":"Feature","id":"TN_RIVER_BNDRY:WTR01000000008RVB","properties":{"NF_ID":"WTR01000000008RVB","admin_code":"51150","source_layer":"TN_RIVER_BNDRY","semantic":"zone","river_class":"소하천","river_class_source":"중심선 공간조인","survey_method":"사진측량"},"geometry":{"type":"Polygon","coordinates":[[[128.87459,37.73184],[128.87478,37.73185],[128.87448,37.7306],[128.875,37.72998],[128.87512,37.7291],[128.8763,37.72782],[128.87615,37.72676],[128.87621,37.72783],[128.87497,37.72908],[128.87508,37.72935],[128.87497,37.7299],[128.8744,37.73066],[128.87459,37.73184]]]}},{"type":"Feature","id":"TN_RIVER_BNDRY:WTR01000000008RWC","properties":{"NF_ID":"WTR01000000008RWC","admin_code":"51150","source_layer":"TN_RIVER_BNDRY","semantic":"zone","river_class":"소하천","river_class_source":"중심선 공간조인","survey_method":"사진측량"},"geometry":{"type":"Polygon","coordinates":[[[128.88165,37.71367],[128.8819,37.71428],[128.88351,37.71475],[128.88188,37.71421],[128.88184,37.71382],[128.88165,37.71367]]]}},{"type":"Feature","id":"TN_RIVER_BNDRY:WTR01000000008RXD","properties":{"NF_ID":"WTR01000000008RXD","admin_code":"51150","source_layer":"TN_RIVER_BNDRY","semantic":"zone","river_class":"소하천","river_class_source":"중심선 공간조인","survey_method":"사진측량"},"geometry":{"type":"Polygon","coordinates":[[[128.90164,37.72174],[128.90227,37.72129],[128.90211,37.72055],[128.90286,37.71996],[128.90416,37.71465],[128.90317,37.71211],[128.9035,37.71023],[128.90315,37.71211],[128.90411,37.71467],[128.90282,37.71991],[128.90205,37.72051],[128.90221,37.7213],[128.90164,37.72174]]]}},{"type":"Feature","id":"TN_RIVER_BNDRY:WTR01000000008RYE","properties":{"NF_ID":"WTR01000000008RYE","admin_code":"51150","source_layer":"TN_RIVER_BNDRY","semantic":"zone","river_class":"소하천","river_class_source":"중심선 공간조인","survey_method":"사진측량"},"geometry":{"type":"Polygon","coordinates":[[[128.90172,37.72176],[128.90164,37.72174],[128.90159,37.72178],[128.90162,37.72182],[128.90162,37.72184],[128.90172,37.72176]]]}},{"type":"Feature","id":"TN_RIVER_BNDRY:WTR01000000008RZF","properties":{"NF_ID":"WTR01000000008RZF","admin_code":"51150","source_layer":"TN_RIVER_BNDRY","semantic":"zone","river_class":"소하천","river_class_source":"중심선 공간조인","survey_method":"사진측량"},"geometry":{"type":"Polygon","coordinates":[[[128.89154,37.72112],[128.89,37.72075],[128.88927,37.72033],[128.88779,37.71861],[128.88721,37.71727],[128.88768,37.71861],[128.88917,37.72033],[128.88998,37.7208],[128.89178,37.72137],[128.89154,37.72112]]]}},{"type":"Feature","id":"TN_RIVER_BNDRY:WTR01000000008S0H","properties":{"NF_ID":"WTR01000000008S0H","admin_code":"51150","source_layer":"TN_RIVER_BNDRY","semantic":"zone","river_class":"지방하천","river_class_source":"중심선 공간조인","river_name":"어단천","river_code":"1420050","survey_method":"사진측량"},"geometry":{"type":"Polygon","coordinates":[[[128.88909,37.70076],[128.88855,37.70043],[128.88819,37.70081],[128.88875,37.70118],[128.88909,37.70076]]]}},{"type":"Feature","id":"TN_RIVER_BNDRY:WTR01000000008S1I","properties":{"NF_ID":"WTR01000000008S1I","admin_code":"51150","source_layer":"TN_RIVER_BNDRY","semantic":"zone","river_class":"지방하천","river_class_source":"중심선 공간조인","river_name":"어단천","river_code":"1420050","survey_method":"사진측량"},"geometry":{"type":"Polygon","coordinates":[[[128.89213,37.72114],[128.89154,37.72112],[128.89178,37.72137],[128.89256,37.7214],[128.89213,37.72114]]]}},{"type":"Feature","id":"TN_RIVER_BNDRY:WTR01000000008S2J","properties":{"NF_ID":"WTR01000000008S2J","admin_code":"51150","source_layer":"TN_RIVER_BNDRY","semantic":"zone","river_class":"소하천","river_class_source":"중심선 공간조인","survey_method":"사진측량"},"geometry":{"type":"Polygon","coordinates":[[[128.90164,37.72174],[128.90108,37.72123],[128.90062,37.72114],[128.8992,37.71965],[128.89768,37.71707],[128.89513,37.71028],[128.89601,37.7131],[128.89761,37.7171],[128.89908,37.71965],[128.90056,37.72117],[128.90107,37.72126],[128.90164,37.72174]]]}},{"type":"Feature","id":"TN_RIVER_BNDRY:WTR01000000008S3K","properties":{"NF_ID":"WTR01000000008S3K","admin_code":"51150","source_layer":"TN_RIVER_BNDRY","semantic":"zone","river_class":"소하천","river_class_source":"중심선 공간조인","survey_method":"사진측량"},"geometry":{"type":"Polygon","coordinates":[[[128.90172,37.72176],[128.90162,37.72184],[128.90164,37.72194],[128.90177,37.72248],[128.90185,37.72279],[128.90187,37.72284],[128.90187,37.72285],[128.90189,37.7229],[128.90193,37.72309],[128.90195,37.72317],[128.90206,37.72362],[128.9022,37.72422],[128.90235,37.7248],[128.90239,37.725],[128.90242,37.72509],[128.90253,37.7256],[128.90254,37.7257],[128.90254,37.72579],[128.90254,37.72586],[128.90252,37.72598],[128.90264,37.72609],[128.90265,37.72595],[128.90265,37.72593],[128.90265,37.72591],[128.90265,37.72587],[128.90265,37.72584],[128.90265,37.72582],[128.90264,37.72576],[128.90263,37.72572],[128.90263,37.72568],[128.90259,37.72553],[128.90257,37.72542],[128.90256,37.72537],[128.90248,37.72504],[128.90247,37.725],[128.90231,37.72441],[128.90215,37.72378],[128.90201,37.7232],[128.90195,37.72283],[128.90187,37.7226],[128.90182,37.72235],[128.90173,37.72194],[128.90172,37.72181],[128.90172,37.72176]]]}},{"type":"Feature","id":"TN_RIVER_BNDRY:WTR01000000008S4L","properties":{"NF_ID":"WTR01000000008S4L","admin_code":"51150","source_layer":"TN_RIVER_BNDRY","semantic":"zone","river_class":"지방하천","river_class_source":"중심선 공간조인","river_name":"어단천","river_code":"1420050","survey_method":"사진측량"},"geometry":{"type":"Polygon","coordinates":[[[128.90264,37.72609],[128.90252,37.72598],[128.90245,37.72637],[128.9026,37.72641],[128.90264,37.72609]]]}},{"type":"Feature","id":"TN_RIVER_BNDRY:WTR01000000008S5M","properties":{"NF_ID":"WTR01000000008S5M","admin_code":"51150","source_layer":"TN_RIVER_BNDRY","semantic":"zone","river_class":"지방하천","river_class_source":"중심선 공간조인","river_name":"어단천","river_code":"1420050","survey_method":"사진측량"},"geometry":{"type":"Polygon","coordinates":[[[128.90316,37.72952],[128.90273,37.72905],[128.90264,37.72859],[128.90287,37.72803],[128.9035,37.72741],[128.90354,37.72684],[128.90322,37.7264],[128.90264,37.72609],[128.9026,37.72641],[128.90294,37.72654],[128.9031,37.72715],[128.90233,37.72816],[128.90219,37.72881],[128.90271,37.72962],[128.90316,37.72952]]]}},{"type":"Feature","id":"TN_RIVER_BNDRY:WTR01000000008S6N","properties":{"NF_ID":"WTR01000000008S6N","admin_code":"51150","source_layer":"TN_RIVER_BNDRY","semantic":"zone","river_class":"지방하천","river_class_source":"중심선 공간조인","river_name":"어단천","river_code":"1420050","survey_method":"사진측량"},"geometry":{"type":"Polygon","coordinates":[[[128.88875,37.70118],[128.88819,37.70081],[128.88822,37.70172],[128.88776,37.70329],[128.88839,37.70531],[128.88894,37.70597],[128.88921,37.70678],[128.88907,37.70853],[128.88921,37.70978],[128.88816,37.7118],[128.8881,37.71249],[128.88853,37.71401],[128.88953,37.71597],[128.88928,37.71733],[128.88936,37.71861],[128.89154,37.72112],[128.89213,37.72114],[128.8898,37.71877],[128.88958,37.71829],[128.89004,37.71603],[128.8891,37.71406],[128.88867,37.71224],[128.88877,37.71158],[128.88962,37.7101],[128.88948,37.70826],[128.88968,37.70734],[128.88816,37.70324],[128.8882,37.70267],[128.88875,37.70118]]]}},{"type":"Feature","id":"TN_RIVER_BNDRY:WTR01000000008S7O","properties":{"NF_ID":"WTR01000000008S7O","admin_code":"51150","source_layer":"TN_RIVER_BNDRY","semantic":"zone","river_class":"지방하천","river_class_source":"중심선 공간조인","river_name":"어단천","river_code":"1420050","survey_method":"사진측량"},"geometry":{"type":"Polygon","coordinates":[[[128.90245,37.72637],[128.90244,37.72597],[128.90077,37.72644],[128.89961,37.72642],[128.89925,37.72608],[128.89887,37.725],[128.89854,37.72465],[128.89707,37.72408],[128.89474,37.7223],[128.89367,37.72174],[128.89256,37.7214],[128.89178,37.72137],[128.89387,37.72217],[128.89699,37.72431],[128.89821,37.72471],[128.89846,37.7249],[128.89893,37.72627],[128.8994,37.72669],[128.90111,37.72671],[128.90245,37.72637]]]}},{"type":"Feature","id":"TN_RIVER_BNDRY:WTR01000000008S8P","properties":{"NF_ID":"WTR01000000008S8P","admin_code":"51150","source_layer":"TN_RIVER_BNDRY","semantic":"zone","river_class":"지방하천","river_class_source":"중심선 공간조인","river_name":"금광천","river_code":"1420060","survey_method":"사진측량"},"geometry":{"type":"Polygon","coordinates":[[[128.91794,37.7202],[128.91794,37.72014],[128.91793,37.72011],[128.91761,37.72018],[128.91763,37.72022],[128.91794,37.7202]]]}},{"type":"Feature","id":"TN_RIVER_BNDRY:WTR01000000008S9Q","properties":{"NF_ID":"WTR01000000008S9Q","admin_code":"51150","source_layer":"TN_RIVER_BNDRY","semantic":"zone","river_class":"지방하천","river_class_source":"중심선 공간조인","river_name":"금광천","river_code":"1420060","survey_method":"사진측량"},"geometry":{"type":"Polygon","coordinates":[[[128.92034,37.73034],[128.91876,37.72965],[128.91837,37.72823],[128.91733,37.72596],[128.9174,37.7236],[128.9184,37.72225],[128.91858,37.72172],[128.91855,37.7211],[128.91834,37.72073],[128.91794,37.7202],[128.91763,37.72022],[128.91828,37.72151],[128.91817,37.72212],[128.91708,37.72361],[128.91703,37.72574],[128.91725,37.72664],[128.91804,37.72818],[128.91861,37.72992],[128.919,37.73022],[128.91962,37.7304],[128.91976,37.73064],[128.92034,37.73034]]]}},{"type":"Feature","id":"TN_RIVER_BNDRY:WTR01000000008SAR","properties":{"NF_ID":"WTR01000000008SAR","admin_code":"51150","source_layer":"TN_RIVER_BNDRY","semantic":"zone","river_class":"소하천","river_class_source":"중심선 공간조인","survey_method":"사진측량"},"geometry":{"type":"Polygon","coordinates":[[[128.91763,37.72022],[128.91675,37.71997],[128.91346,37.71782],[128.91683,37.72007],[128.91729,37.72027],[128.91763,37.72022]]]}},{"type":"Feature","id":"TN_RIVER_BNDRY:WTR01000000008SBS","properties":{"NF_ID":"WTR01000000008SBS","admin_code":"51150","source_layer":"TN_RIVER_BNDRY","semantic":"zone","river_class":"지방하천","river_class_source":"중심선 공간조인","river_name":"어단천","river_code":"1420050","survey_method":"사진측량"},"geometry":{"type":"Polygon","coordinates":[[[128.89304,37.6898],[128.89234,37.69001],[128.89289,37.69019],[128.8945,37.69243],[128.89417,37.69416],[128.89325,37.6957],[128.89322,37.69698],[128.89271,37.69755],[128.89168,37.698],[128.89084,37.69863],[128.88991,37.7],[128.88899,37.70039],[128.88855,37.70043],[128.88909,37.70076],[128.89024,37.70001],[128.89137,37.69857],[128.89301,37.69771],[128.89352,37.69706],[128.89357,37.69573],[128.89449,37.69414],[128.89481,37.69264],[128.89325,37.69044],[128.89304,37.6898]]]}},{"type":"Feature","id":"TN_RIVER_BNDRY:WTR01000000008SCT","properties":{"NF_ID":"WTR01000000008SCT","admin_code":"51150","source_layer":"TN_RIVER_BNDRY","semantic":"zone","river_class":"소하천","river_class_source":"중심선 공간조인","survey_method":"사진측량"},"geometry":{"type":"Polygon","coordinates":[[[128.88855,37.70043],[128.88816,37.70042],[128.88799,37.70018],[128.88877,37.6994],[128.88775,37.69848],[128.88717,37.69829],[128.88687,37.69797],[128.88679,37.69684],[128.88547,37.69537],[128.88532,37.69425],[128.88623,37.69344],[128.88642,37.69179],[128.88572,37.69129],[128.88554,37.69081],[128.88508,37.69065],[128.88484,37.68996],[128.88374,37.68973],[128.88344,37.6895],[128.88344,37.68886],[128.88286,37.6885],[128.88204,37.68762],[128.88264,37.68854],[128.8834,37.68897],[128.8834,37.68958],[128.88376,37.68979],[128.88474,37.68996],[128.88503,37.69065],[128.88552,37.69085],[128.88568,37.69134],[128.88638,37.69181],[128.8862,37.69336],[128.88523,37.69427],[128.88539,37.69537],[128.88674,37.69694],[128.88667,37.69779],[128.88684,37.6981],[128.88719,37.69838],[128.88768,37.69851],[128.88864,37.69941],[128.88803,37.69991],[128.88788,37.70024],[128.88819,37.70081],[128.88855,37.70043]]]}},{"type":"Feature","id":"TN_RIVER_BNDRY:WTR01000000008SDU","properties":{"NF_ID":"WTR01000000008SDU","admin_code":"51150","source_layer":"TN_RIVER_BNDRY","semantic":"zone","river_class":"지방하천","river_class_source":"중심선 공간조인","river_name":"금광천","river_code":"1420060","survey_method":"사진측량"},"geometry":{"type":"Polygon","coordinates":[[[128.91793,37.72011],[128.91782,37.71864],[128.91929,37.71654],[128.91898,37.71493],[128.91922,37.7137],[128.92,37.71181],[128.92005,37.71091],[128.91951,37.70968],[128.91814,37.70846],[128.91711,37.70712],[128.91601,37.70478],[128.91584,37.70409],[128.91591,37.70346],[128.91665,37.7021],[128.91711,37.70068],[128.91708,37.70024],[128.91683,37.69982],[128.91582,37.69906],[128.91529,37.6977],[128.91435,37.69682],[128.91415,37.69602],[128.91398,37.69596],[128.91419,37.69678],[128.91505,37.69761],[128.91571,37.69908],[128.91668,37.6999],[128.91686,37.70043],[128.9165,37.70203],[128.91566,37.70378],[128.91583,37.70488],[128.91685,37.70713],[128.91785,37.70851],[128.91932,37.7098],[128.91979,37.71092],[128.9198,37.71178],[128.91884,37.71429],[128.91876,37.71519],[128.91909,37.71605],[128.91906,37.71665],[128.91752,37.71866],[128.91761,37.72018],[128.91793,37.72011]]]}},{"type":"Feature","id":"TN_RIVER_BNDRY:WTR01000000008SEV","properties":{"NF_ID":"WTR01000000008SEV","admin_code":"51150","source_layer":"TN_RIVER_BNDRY","semantic":"zone","river_class":"소하천","river_class_source":"중심선 공간조인","survey_method":"사진측량"},"geometry":{"type":"Polygon","coordinates":[[[128.86361,37.71306],[128.86346,37.71292],[128.86274,37.71297],[128.86231,37.71121],[128.86276,37.71095],[128.86285,37.71068],[128.86251,37.71022],[128.86196,37.70986],[128.86174,37.7093],[128.86194,37.70992],[128.86272,37.71065],[128.86263,37.71099],[128.86227,37.71122],[128.86273,37.71298],[128.86346,37.71303],[128.8636,37.71327],[128.86304,37.71459],[128.86311,37.71526],[128.86288,37.71636],[128.86319,37.7186],[128.86368,37.71982],[128.86348,37.72109],[128.86241,37.72281],[128.86222,37.72494],[128.86175,37.72546],[128.86227,37.72494],[128.86247,37.72279],[128.86352,37.72111],[128.86372,37.71984],[128.86322,37.71853],[128.86291,37.71638],[128.86315,37.71517],[128.86306,37.71462],[128.86366,37.71357],[128.86361,37.71306]]]}},{"type":"Feature","id":"TN_RIVER_BNDRY:WTR01000000008SFW","properties":{"NF_ID":"WTR01000000008SFW","admin_code":"51150","source_layer":"TN_RIVER_BNDRY","semantic":"zone","river_class":"지방하천","river_class_source":"중심선 공간조인","river_name":"군선천","river_code":"1620300","survey_method":"사진측량"},"geometry":{"type":"Polygon","coordinates":[[[128.97513,37.72282],[128.97497,37.72197],[128.9747,37.72209],[128.97256,37.72192],[128.97089,37.72213],[128.96983,37.72265],[128.96855,37.72406],[128.96802,37.72426],[128.96753,37.72427],[128.96673,37.72402],[128.96659,37.72354],[128.96587,37.72273],[128.96534,37.72227],[128.96468,37.72207],[128.96345,37.72126],[128.96303,37.72091],[128.96278,37.72043],[128.96186,37.72063],[128.96229,37.72159],[128.9629,37.72221],[128.96623,37.72426],[128.9664,37.72415],[128.96657,37.72469],[128.96739,37.72517],[128.96869,37.725],[128.97062,37.72305],[128.97253,37.72262],[128.97513,37.72282]]]}},{"type":"Feature","id":"TN_RIVER_BNDRY:WTR01000000008SGX","properties":{"NF_ID":"WTR01000000008SGX","admin_code":"51150","source_layer":"TN_RIVER_BNDRY","semantic":"zone","river_class":"지방하천","river_class_source":"중심선 공간조인","river_name":"섬석천","river_code":"1420040","survey_method":"사진측량"},"geometry":{"type":"Polygon","coordinates":[[[128.90317,37.72999],[128.90271,37.72962],[128.90179,37.73023],[128.90107,37.73024],[128.90013,37.72998],[128.89913,37.72934],[128.89784,37.72899],[128.89701,37.72823],[128.89634,37.72728],[128.89616,37.72726],[128.89584,37.7264],[128.89511,37.72602],[128.89322,37.72543],[128.89135,37.72501],[128.89039,37.72444],[128.88971,37.72491],[128.88913,37.72495],[128.88912,37.7251],[128.8885,37.72511],[128.88788,37.72491],[128.88755,37.7253],[128.88702,37.72522],[128.88613,37.72451],[128.88561,37.72332],[128.88227,37.71972],[128.88206,37.71771],[128.88117,37.71681],[128.8805,37.71637],[128.8802,37.71479],[128.87997,37.71449],[128.87942,37.71411],[128.87847,37.71378],[128.87666,37.71347],[128.87542,37.71343],[128.87473,37.7128],[128.87453,37.7132],[128.87518,37.71367],[128.87754,37.71426],[128.87961,37.71514],[128.88029,37.71678],[128.88174,37.71812],[128.88188,37.71961],[128.88535,37.72345],[128.8858,37.72474],[128.88666,37.72543],[128.88719,37.72551],[128.88749,37.72573],[128.88781,37.72661],[128.88686,37.72708],[128.88732,37.7276],[128.88792,37.72735],[128.88802,37.72817],[128.88854,37.72879],[128.8894,37.72912],[128.89004,37.72962],[128.89181,37.72972],[128.89328,37.73008],[128.8941,37.72983],[128.89498,37.73005],[128.89498,37.73025],[128.89427,37.73047],[128.89402,37.73027],[128.89387,37.73071],[128.89329,37.73096],[128.89322,37.73152],[128.89342,37.73168],[128.89577,37.73074],[128.89689,37.7299],[128.89645,37.72829],[128.89661,37.72815],[128.89687,37.72824],[128.89759,37.7291],[128.89897,37.72954],[128.90056,37.73039],[128.90097,37.73049],[128.90173,37.73043],[128.90317,37.72999]]]}},{"type":"Feature","id":"TN_RIVER_BNDRY:WTR01000000008SHY","properties":{"NF_ID":"WTR01000000008SHY","admin_code":"51150","source_layer":"TN_RIVER_BNDRY","semantic":"zone","river_class":"지방하천","river_class_source":"중심선 공간조인","river_name":"군선천","river_code":"1620300","survey_method":"사진측량"},"geometry":{"type":"Polygon","coordinates":[[[128.98282,37.73248],[128.98145,37.73083],[128.98014,37.72792],[128.97968,37.72426],[128.97924,37.72331],[128.97885,37.7229],[128.97793,37.72237],[128.976,37.72216],[128.97561,37.7218],[128.97593,37.7229],[128.97784,37.72344],[128.97877,37.72414],[128.97966,37.72853],[128.9804,37.73065],[128.98202,37.7328],[128.98282,37.73248]]]}},{"type":"Feature","id":"TN_RIVER_BNDRY:WTR01000000008SIZ","properties":{"NF_ID":"WTR01000000008SIZ","admin_code":"51150","source_layer":"TN_RIVER_BNDRY","semantic":"zone","river_class":"소하천","river_class_source":"중심선 공간조인","survey_method":"사진측량"},"geometry":{"type":"Polygon","coordinates":[[[128.83858,37.73931],[128.83932,37.73866],[128.84023,37.73835],[128.84097,37.73831],[128.84113,37.73777],[128.84195,37.73765],[128.8425,37.7374],[128.84273,37.73773],[128.84303,37.73777],[128.84416,37.73691],[128.84761,37.736],[128.8482,37.73617],[128.85317,37.73909],[128.85563,37.74008],[128.8535,37.73917],[128.84821,37.73609],[128.84764,37.73592],[128.84415,37.73684],[128.84307,37.73768],[128.84281,37.73767],[128.84253,37.7373],[128.84181,37.73761],[128.84122,37.73762],[128.84076,37.73826],[128.83927,37.73863],[128.83859,37.7391],[128.83858,37.73931]]]}},{"type":"Feature","id":"TN_RIVER_BNDRY:WTR01000000008SJ0","properties":{"NF_ID":"WTR01000000008SJ0","admin_code":"51150","source_layer":"TN_RIVER_BNDRY","semantic":"zone","river_class":"지방하천","river_class_source":"중심선 공간조인","river_name":"강릉남대천","river_code":"1410010","survey_method":"사진측량"},"geometry":{"type":"Polygon","coordinates":[[[128.8453,37.73014],[128.84453,37.73059],[128.84584,37.7317],[128.84598,37.73162],[128.84686,37.73212],[128.84744,37.73202],[128.84992,37.73293],[128.85244,37.733],[128.85322,37.73357],[128.85279,37.73401],[128.85452,37.73439],[128.85597,37.73533],[128.85669,37.73603],[128.85688,37.73662],[128.8584,37.73887],[128.85891,37.74057],[128.85878,37.74076],[128.85846,37.74076],[128.85958,37.74092],[128.8586,37.73654],[128.85823,37.7359],[128.85737,37.73513],[128.85518,37.73395],[128.8538,37.73362],[128.85208,37.73256],[128.8505,37.73255],[128.8488,37.73213],[128.84697,37.7311],[128.84642,37.73061],[128.84578,37.73047],[128.8453,37.73014]]]}},{"type":"Feature","id":"TN_RIVER_BNDRY:WTR01000000008SK1","properties":{"NF_ID":"WTR01000000008SK1","admin_code":"51150","source_layer":"TN_RIVER_BNDRY","semantic":"zone","river_class":"소하천","river_class_source":"중심선 공간조인","river_name":"시동천","survey_method":"사진측량"},"geometry":{"type":"Polygon","coordinates":[[[128.96556,37.7406],[128.96495,37.73981],[128.96286,37.73888],[128.96089,37.73719],[128.96077,37.73667],[128.96136,37.73557],[128.96139,37.73467],[128.95968,37.73205],[128.95928,37.73064],[128.95893,37.73006],[128.95652,37.72839],[128.95546,37.72729],[128.954,37.72661],[128.9498,37.72227],[128.94938,37.72216],[128.94876,37.72231],[128.94696,37.72145],[128.94662,37.7212],[128.94613,37.72043],[128.94461,37.71982],[128.94433,37.7191],[128.94376,37.71855],[128.94298,37.7182],[128.94076,37.71773],[128.9403,37.71726],[128.93945,37.71681],[128.93894,37.71593],[128.93727,37.71622],[128.93593,37.71571],[128.93499,37.71478],[128.93481,37.71431],[128.93402,37.71406],[128.93357,37.71331],[128.93306,37.71303],[128.93231,37.71171],[128.93158,37.71136],[128.93071,37.71061],[128.93145,37.71136],[128.93222,37.71174],[128.93282,37.71285],[128.93352,37.71335],[128.93374,37.7139],[128.93406,37.71416],[128.93468,37.71433],[128.9349,37.71485],[128.93592,37.7158],[128.93716,37.71629],[128.93888,37.71604],[128.93938,37.71688],[128.94029,37.71736],[128.94076,37.71781],[128.94356,37.71852],[128.9442,37.71909],[128.94456,37.71989],[128.94603,37.72048],[128.94646,37.72117],[128.94696,37.72155],[128.94875,37.72239],[128.94943,37.72223],[128.94984,37.7224],[128.95406,37.72681],[128.95519,37.72733],[128.95646,37.72852],[128.95889,37.73025],[128.95951,37.73208],[128.96121,37.7347],[128.96113,37.73557],[128.9606,37.73657],[128.96071,37.73728],[128.96273,37.73908],[128.96469,37.73991],[128.96538,37.74066],[128.96556,37.7406]]]}},{"type":"Feature","id":"TN_RIVER_BNDRY:WTR01000000008SYF","properties":{"NF_ID":"WTR01000000008SYF","admin_code":"51150","source_layer":"TN_RIVER_BNDRY","semantic":"zone","river_class":"소하천","river_class_source":"중심선 공간조인","survey_method":"사진측량"},"geometry":{"type":"Polygon","coordinates":[[[128.99506,37.54846],[128.99541,37.54896],[128.99664,37.54959],[128.99812,37.55164],[128.99941,37.55244],[129.0,37.55262],[129.0,37.55251],[128.99933,37.55231],[128.9982,37.55164],[128.99671,37.54959],[128.99527,37.54878],[128.99506,37.54846]]]}},{"type":"Feature","id":"TN_RIVER_BNDRY:WTR01000000008SZG","properties":{"NF_ID":"WTR01000000008SZG","admin_code":"51150","source_layer":"TN_RIVER_BNDRY","semantic":"zone","river_class":"소하천","river_class_source":"중심선 공간조인","survey_method":"사진측량"},"geometry":{"type":"Polygon","coordinates":[[[128.99279,37.5576],[128.99355,37.55728],[128.99528,37.55719],[128.9966,37.55693],[128.99713,37.55697],[128.99821,37.55736],[128.99906,37.5573],[128.99949,37.55765],[129.0,37.55759],[129.0,37.55745],[128.99952,37.55757],[128.999,37.5572],[128.99814,37.55726],[128.99727,37.55691],[128.99651,37.55684],[128.99525,37.55711],[128.99356,37.5572],[128.99272,37.55755],[128.9922,37.5576],[128.99226,37.55775],[128.99279,37.5576]]]}},{"type":"Feature","id":"TN_RIVER_BNDRY:WTR01000000008T0I","properties":{"NF_ID":"WTR01000000008T0I","admin_code":"51150","source_layer":"TN_RIVER_BNDRY","semantic":"zone","river_class":"지방하천","river_class_source":"중심선 공간조인","river_name":"대기천","river_code":"1020070","survey_method":"사진측량"},"geometry":{"type":"Polygon","coordinates":[[[128.76515,37.58083],[128.76314,37.57976],[128.76002,37.57919],[128.75853,37.57931],[128.75503,37.58027],[128.754,37.58001],[128.75271,37.57938],[128.75188,37.57944],[128.7506,37.57994],[128.75027,37.57994],[128.75,37.57961],[128.75,37.58015],[128.75083,37.58014],[128.75189,37.57967],[128.7525,37.57961],[128.75319,37.57977],[128.75345,37.57992],[128.75343,37.58006],[128.75396,37.58027],[128.75482,37.58047],[128.75746,37.58009],[128.7596,37.57959],[128.76113,37.57969],[128.76275,37.58007],[128.7635,37.58057],[128.76477,37.58102],[128.76515,37.58083]]]}},{"type":"Feature","id":"TN_RIVER_BNDRY:WTR01000000008T1J","properties":{"NF_ID":"WTR01000000008T1J","admin_code":"51150","source_layer":"TN_RIVER_BNDRY","semantic":"zone","river_class":"지방하천","river_class_source":"중심선 공간조인","river_name":"송천","river_code":"1020060","survey_method":"사진측량"},"geometry":{"type":"Polygon","coordinates":[[[128.75037,37.58226],[128.75,37.58224],[128.75,37.5834],[128.75049,37.58378],[128.75,37.584],[128.75,37.58456],[128.75048,37.58463],[128.75095,37.58417],[128.75121,37.58348],[128.75075,37.58235],[128.75037,37.58226]]]}},{"type":"Feature","id":"TN_RIVER_BNDRY:WTR01000000008T2K","properties":{"NF_ID":"WTR01000000008T2K","admin_code":"51150","source_layer":"TN_RIVER_BNDRY","semantic":"zone","river_class":"지방하천","river_class_source":"중심선 공간조인","river_name":"주수천","river_code":"1620330","survey_method":"사진측량"},"geometry":{"type":"Polygon","coordinates":[[[128.9992,37.59535],[128.99824,37.59528],[128.99848,37.59584],[128.99915,37.59638],[129.0,37.59649],[129.0,37.5957],[128.9992,37.59535]]]}},{"type":"Feature","id":"TN_RIVER_BNDRY:WTR01000000008T3L","properties":{"NF_ID":"WTR01000000008T3L","admin_code":"51150","source_layer":"TN_RIVER_BNDRY","semantic":"zone","river_class":"소하천","river_class_source":"중심선 공간조인","survey_method":"사진측량"},"geometry":{"type":"Polygon","coordinates":[[[128.75042,37.59411],[128.75184,37.59391],[128.75201,37.59356],[128.75198,37.59271],[128.75251,37.59227],[128.7529,37.59237],[128.75403,37.59205],[128.75513,37.59204],[128.75617,37.59159],[128.75705,37.59086],[128.75945,37.5904],[128.76112,37.5895],[128.7616,37.58839],[128.76452,37.58593],[128.76445,37.58493],[128.76508,37.58426],[128.76503,37.58277],[128.76569,37.5815],[128.76545,37.58153],[128.76497,37.58251],[128.76484,37.58308],[128.76494,37.58419],[128.7643,37.58501],[128.76411,37.58608],[128.76155,37.58831],[128.76089,37.58955],[128.75945,37.59032],[128.75809,37.59066],[128.7574,37.59062],[128.75691,37.5908],[128.75637,37.59136],[128.75509,37.59195],[128.75411,37.59195],[128.75282,37.59225],[128.75219,37.59213],[128.7516,37.59258],[128.75167,37.59389],[128.75009,37.59403],[128.75,37.59415],[128.75042,37.59411]]]}},{"type":"Feature","id":"TN_RIVER_BNDRY:WTR01000000008T4M","properties":{"NF_ID":"WTR01000000008T4M","admin_code":"51150","source_layer":"TN_RIVER_BNDRY","semantic":"zone","river_class":"소하천","river_class_source":"중심선 공간조인","survey_method":"사진측량"},"geometry":{"type":"Polygon","coordinates":[[[128.75149,37.60554],[128.75163,37.60526],[128.7522,37.60483],[128.75301,37.60451],[128.75299,37.60335],[128.75176,37.60191],[128.75094,37.60138],[128.75,37.6013],[128.75,37.60143],[128.75076,37.60151],[128.75159,37.60201],[128.75278,37.60348],[128.75275,37.60443],[128.75144,37.60516],[128.75129,37.60547],[128.75,37.60539],[128.75,37.60557],[128.75129,37.60569],[128.75149,37.60554]]]}},{"type":"Feature","id":"TN_RIVER_BNDRY:WTR01000000008T5N","properties":{"NF_ID":"WTR01000000008T5N","admin_code":"51150","source_layer":"TN_RIVER_BNDRY","semantic":"zone","river_class":"소하천","river_class_source":"중심선 공간조인","survey_method":"사진측량"},"geometry":{"type":"Polygon","coordinates":[[[128.75069,37.62084],[128.7521,37.62033],[128.752,37.61935],[128.75219,37.61837],[128.75278,37.61694],[128.75276,37.61596],[128.75191,37.61505],[128.75136,37.61409],[128.75056,37.61336],[128.75059,37.61308],[128.7518,37.61271],[128.75233,37.61238],[128.75227,37.61138],[128.75204,37.6112],[128.75085,37.61104],[128.75086,37.61068],[128.75141,37.61001],[128.75147,37.60944],[128.75,37.60878],[128.75,37.60892],[128.75129,37.60951],[128.75125,37.60993],[128.75065,37.6107],[128.75072,37.61115],[128.75106,37.6113],[128.75203,37.61135],[128.75217,37.61174],[128.75212,37.61232],[128.75135,37.61271],[128.75051,37.61293],[128.75036,37.61342],[128.75157,37.61454],[128.75182,37.61517],[128.75258,37.61595],[128.75246,37.61632],[128.75256,37.61697],[128.75201,37.6182],[128.75178,37.62037],[128.75068,37.62069],[128.75004,37.62176],[128.7502,37.62175],[128.75069,37.62084]]]}},{"type":"Feature","id":"TN_RIVER_BNDRY:WTR01000000008T6O","properties":{"NF_ID":"WTR01000000008T6O","admin_code":"51150","source_layer":"TN_RIVER_BNDRY","semantic":"zone","river_class":"소하천","river_class_source":"중심선 공간조인","survey_method":"사진측량"},"geometry":{"type":"Polygon","coordinates":[[[128.75004,37.62176],[128.75002,37.6218],[128.75,37.62182],[128.75,37.622],[128.75004,37.62203],[128.75008,37.62205],[128.75004,37.62176]]]}},{"type":"Feature","id":"TN_RIVER_BNDRY:WTR01000000008T7P","properties":{"NF_ID":"WTR01000000008T7P","admin_code":"51150","source_layer":"TN_RIVER_BNDRY","semantic":"zone","river_class":"지방하천","river_class_source":"중심선 공간조인","river_name":"낙풍천","river_code":"1620350","survey_method":"사진측량"},"geometry":{"type":"Polygon","coordinates":[[[128.98989,37.61904],[128.9895,37.61982],[128.99038,37.61889],[128.99066,37.61797],[128.99112,37.61756],[128.99192,37.61731],[128.99436,37.61578],[128.99533,37.61563],[128.99782,37.61657],[128.99933,37.61671],[129.0,37.61666],[129.0,37.61603],[128.99766,37.61598],[128.99643,37.6158],[128.99545,37.6154],[128.9944,37.61534],[128.99188,37.61699],[128.99051,37.61749],[128.99027,37.61793],[128.99028,37.61872],[128.98989,37.61904]]]}},{"type":"Feature","id":"TN_RIVER_BNDRY:WTR01000000008T8Q","properties":{"NF_ID":"WTR01000000008T8Q","admin_code":"51150","source_layer":"TN_RIVER_BNDRY","semantic":"zone","river_class":"소하천","river_class_source":"중심선 공간조인","survey_method":"사진측량"},"geometry":{"type":"Polygon","coordinates":[[[128.75026,37.62203],[128.75008,37.62205],[128.75013,37.62293],[128.75042,37.62317],[128.75108,37.62437],[128.75104,37.62499],[128.75173,37.62677],[128.75181,37.62861],[128.75198,37.62896],[128.75186,37.63018],[128.75093,37.63044],[128.75,37.63166],[128.75,37.63188],[128.75093,37.63059],[128.75137,37.63037],[128.75202,37.63033],[128.75207,37.63015],[128.7519,37.62981],[128.75208,37.62905],[128.75191,37.62852],[128.75181,37.62638],[128.75117,37.62506],[128.75124,37.62437],[128.75052,37.62313],[128.75026,37.62296],[128.75026,37.62203]]]}},{"type":"Feature","id":"TN_RIVER_BNDRY:WTR01000000008T9R","properties":{"NF_ID":"WTR01000000008T9R","admin_code":"51150","source_layer":"TN_RIVER_BNDRY","semantic":"zone","river_class":"지방하천","river_class_source":"중심선 공간조인","river_name":"정동진천","river_code":"1620320","survey_method":"사진측량"},"geometry":{"type":"Polygon","coordinates":[[[129.0,37.64431],[128.99878,37.64392],[128.99712,37.64412],[128.99556,37.64316],[128.99428,37.64361],[128.99255,37.64336],[128.99227,37.64343],[128.99466,37.64368],[128.9951,37.64336],[128.9956,37.64324],[128.99633,37.64386],[128.9972,37.64422],[128.9982,37.644],[128.99885,37.64402],[128.99913,37.64428],[129.0,37.64431]]]}},{"type":"Feature","id":"TN_RIVER_BNDRY:WTR01000000008TAS","properties":{"NF_ID":"WTR01000000008TAS","admin_code":"51150","source_layer":"TN_RIVER_BNDRY","semantic":"zone","river_class":"소하천","river_class_source":"중심선 공간조인","survey_method":"사진측량"},"geometry":{"type":"Polygon","coordinates":[[[128.7504,37.66354],[128.75038,37.66353],[128.75029,37.66361],[128.75024,37.66364],[128.75018,37.66367],[128.75012,37.66371],[128.75007,37.66376],[128.75003,37.66382],[128.75,37.66386],[128.75,37.66393],[128.75002,37.66392],[128.7501,37.66381],[128.75015,37.66375],[128.75023,37.6637],[128.7503,37.66365],[128.75035,37.66361],[128.75035,37.6636],[128.7504,37.66354]]]}},{"type":"Feature","id":"TN_RIVER_BNDRY:WTR01000000008TBT","properties":{"NF_ID":"WTR01000000008TBT","admin_code":"51150","source_layer":"TN_RIVER_BNDRY","semantic":"zone","river_class":"소하천","river_class_source":"중심선 공간조인","survey_method":"사진측량"},"geometry":{"type":"Polygon","coordinates":[[[128.99703,37.66712],[128.99687,37.66726],[128.9984,37.66696],[128.99936,37.66696],[129.0,37.66662],[128.99919,37.66689],[128.99703,37.66712]]]}},{"type":"Feature","id":"TN_RIVER_BNDRY:WTR01000000008TDV","properties":{"NF_ID":"WTR01000000008TDV","admin_code":"51150","source_layer":"TN_RIVER_BNDRY","semantic":"zone","river_class":"소하천","river_class_source":"중심선 공간조인","survey_method":"사진측량"},"geometry":{"type":"Polygon","coordinates":[[[128.99641,37.68268],[128.99618,37.68267],[128.99685,37.68314],[129.0,37.68329],[128.99929,37.68313],[128.99714,37.68309],[128.99641,37.68268]]]}},{"type":"Feature","id":"TN_RIVER_BNDRY:WTR01000000008TEW","properties":{"NF_ID":"WTR01000000008TEW","admin_code":"51150","source_layer":"TN_RIVER_BNDRY","semantic":"zone","river_class":"소하천","river_class_source":"중심선 공간조인","survey_method":"사진측량"},"geometry":{"type":"Polygon","coordinates":[[[128.99983,37.68748],[129.0,37.6875],[129.0,37.68706],[128.99983,37.68748]]]}},{"type":"Feature","id":"TN_RIVER_BNDRY:WTR01000000008TFX","properties":{"NF_ID":"WTR01000000008TFX","admin_code":"51150","source_layer":"TN_RIVER_BNDRY","semantic":"zone","river_class":"소하천","river_class_source":"중심선 공간조인","survey_method":"사진측량"},"geometry":{"type":"Polygon","coordinates":[[[128.99999,37.68773],[128.99983,37.6876],[129.0,37.68813],[128.99999,37.68773]]]}},{"type":"Feature","id":"TN_RIVER_BNDRY:WTR01000000008TGY","properties":{"NF_ID":"WTR01000000008TGY","admin_code":"51150","source_layer":"TN_RIVER_BNDRY","semantic":"zone","river_class":"소하천","river_class_source":"중심선 공간조인","survey_method":"사진측량"},"geometry":{"type":"Polygon","coordinates":[[[129.0,37.68857],[128.99971,37.68909],[129.0,37.68982],[128.99976,37.68926],[129.0,37.68857]]]}},{"type":"Feature","id":"TN_RIVER_BNDRY:WTR01000000008THZ","properties":{"NF_ID":"WTR01000000008THZ","admin_code":"51150","source_layer":"TN_RIVER_BNDRY","semantic":"zone","river_class":"지방하천","river_class_source":"중심선 공간조인","river_name":"강릉남대천","river_code":"1410010","survey_method":"사진측량"},"geometry":{"type":"Polygon","coordinates":[[[128.87059,37.74226],[128.87123,37.74325],[128.88114,37.7464],[128.88871,37.74827],[128.89377,37.74978],[128.89486,37.75],[128.89838,37.75],[128.89422,37.74913],[128.89011,37.74748],[128.88326,37.74578],[128.87963,37.7451],[128.87225,37.74297],[128.87059,37.74226]]]}},{"type":"Feature","id":"TN_RIVER_BNDRY:WTR01000000008TI0","properties":{"NF_ID":"WTR01000000008TI0","admin_code":"51150","source_layer":"TN_RIVER_BNDRY","semantic":"zone","river_class":"소하천","river_class_source":"중심선 공간조인","survey_method":"사진측량"},"geometry":{"type":"Polygon","coordinates":[[[128.95386,37.74037],[128.95455,37.74057],[128.95497,37.74005],[128.9548,37.7397],[128.95462,37.73968],[128.95465,37.73887],[128.95427,37.73856],[128.95377,37.73859],[128.95272,37.73796],[128.95133,37.73806],[128.95009,37.7379],[128.94901,37.738],[128.94828,37.73784],[128.94485,37.73799],[128.94215,37.73831],[128.93187,37.74012],[128.93156,37.73907],[128.93202,37.73704],[128.93184,37.73438],[128.93088,37.73286],[128.93107,37.73002],[128.93028,37.72887],[128.93017,37.72721],[128.93022,37.72884],[128.93101,37.72992],[128.93106,37.73033],[128.9308,37.73201],[128.93085,37.73291],[128.93167,37.73406],[128.9318,37.73449],[128.93193,37.73712],[128.93148,37.73898],[128.93179,37.74021],[128.94416,37.73817],[128.9482,37.73797],[128.94887,37.73813],[128.95021,37.73801],[128.95104,37.73819],[128.95293,37.73819],[128.95389,37.73888],[128.95287,37.73889],[128.95268,37.73932],[128.95215,37.73926],[128.95219,37.73972],[128.95234,37.73998],[128.95354,37.74058],[128.95401,37.7426],[128.95401,37.74456],[128.95429,37.74652],[128.95428,37.74835],[128.95334,37.75],[128.95359,37.75],[128.95455,37.74827],[128.95425,37.7445],[128.95427,37.74256],[128.95386,37.74037]]]}},{"type":"Feature","id":"TN_RIVER_BNDRY:WTR01000000008TJ1","properties":{"NF_ID":"WTR01000000008TJ1","admin_code":"51150","source_layer":"TN_RIVER_BNDRY","semantic":"zone","river_class":"지방하천","river_class_source":"중심선 공간조인","river_name":"섬석천","river_code":"1420040","survey_method":"사진측량"},"geometry":{"type":"Polygon","coordinates":[[[128.92096,37.73091],[128.92031,37.73124],[128.92102,37.73241],[128.92114,37.73426],[128.92017,37.73567],[128.91977,37.73718],[128.91932,37.73792],[128.91901,37.73812],[128.91867,37.73883],[128.91872,37.73914],[128.92021,37.74042],[128.92039,37.74118],[128.91956,37.74254],[128.91938,37.74305],[128.91951,37.74337],[128.92003,37.74367],[128.92177,37.74363],[128.92333,37.74388],[128.92465,37.74376],[128.92581,37.74391],[128.92952,37.74505],[128.9313,37.74611],[128.9327,37.74742],[128.93467,37.75],[128.93519,37.75],[128.934,37.74881],[128.93323,37.74752],[128.93181,37.74596],[128.9293,37.74444],[128.92584,37.74332],[128.92468,37.74317],[128.92333,37.74329],[128.92185,37.74305],[128.92062,37.74308],[128.92032,37.74293],[128.92021,37.74244],[128.92088,37.74138],[128.92072,37.74048],[128.92024,37.73982],[128.91934,37.73916],[128.9192,37.73865],[128.92034,37.73694],[128.92061,37.73581],[128.92149,37.7347],[128.92182,37.73374],[128.92173,37.73219],[128.92096,37.73091]]]}},{"type":"Feature","id":"TN_RIVER_BNDRY:WTR01000000008TK2","properties":{"NF_ID":"WTR01000000008TK2","admin_code":"51150","source_layer":"TN_RIVER_BNDRY","semantic":"zone","river_class":"소하천","river_class_source":"중심선 공간조인","survey_method":"사진측량"},"geometry":{"type":"Polygon","coordinates":[[[128.80665,37.73819],[128.80654,37.73807],[128.80559,37.73846],[128.80514,37.73945],[128.80421,37.73996],[128.80398,37.74046],[128.80281,37.74061],[128.80264,37.74116],[128.80177,37.742],[128.80156,37.74371],[128.80095,37.74421],[128.80006,37.74445],[128.79964,37.74473],[128.79932,37.74542],[128.79916,37.74672],[128.79866,37.74715],[128.7982,37.74833],[128.79721,37.74936],[128.79543,37.75],[128.79731,37.74946],[128.79804,37.74864],[128.79829,37.74856],[128.7987,37.74743],[128.79924,37.74695],[128.79954,37.74526],[128.8,37.74465],[128.80126,37.74417],[128.80171,37.74373],[128.8019,37.74214],[128.80282,37.74123],[128.80292,37.7408],[128.80417,37.74046],[128.80448,37.73997],[128.80513,37.73977],[128.80597,37.73849],[128.80665,37.73819]]]}},{"type":"Feature","id":"TN_RIVER_BNDRY:WTR01000000008V8S","properties":{"NF_ID":"WTR01000000008V8S","admin_code":"51150","source_layer":"TN_RIVER_BNDRY","semantic":"zone","river_class":"소하천","river_class_source":"중심선 공간조인","survey_method":"사진측량"},"geometry":{"type":"Polygon","coordinates":[[[128.69913,37.56177],[128.69889,37.56174],[128.69874,37.56232],[128.69886,37.56342],[128.69817,37.5646],[128.69708,37.56533],[128.6965,37.56624],[128.69656,37.5667],[128.69586,37.56699],[128.69499,37.56838],[128.69396,37.5689],[128.69345,37.57011],[128.69198,37.57131],[128.69176,37.57181],[128.69152,37.57194],[128.69143,37.57322],[128.69078,37.57378],[128.69079,37.57415],[128.6903,37.57526],[128.69004,37.5755],[128.69013,37.57613],[128.68991,37.57651],[128.68989,37.57716],[128.69006,37.57707],[128.69007,37.57652],[128.6903,37.57615],[128.69023,37.57562],[128.69046,37.57525],[128.69045,37.57477],[128.69082,37.57423],[128.69083,37.5738],[128.69149,37.57323],[128.69152,37.57286],[128.69183,37.57243],[128.69182,37.57189],[128.69271,37.57108],[128.69302,37.57045],[128.69364,37.57001],[128.69404,37.56895],[128.69513,37.56842],[128.69583,37.56717],[128.69665,37.56678],[128.69684,37.56586],[128.69712,37.56548],[128.69785,37.56506],[128.6983,37.56457],[128.69896,37.56344],[128.69881,37.56235],[128.69913,37.56177]]]}},{"type":"Feature","id":"TN_RIVER_BNDRY:WTR01000000008V9T","properties":{"NF_ID":"WTR01000000008V9T","admin_code":"51150","source_layer":"TN_RIVER_BNDRY","semantic":"zone","river_class":"소하천","river_class_source":"중심선 공간조인","survey_method":"사진측량"},"geometry":{"type":"Polygon","coordinates":[[[128.69889,37.56174],[128.69899,37.56157],[128.69728,37.56161],[128.69552,37.56268],[128.69472,37.56269],[128.6956,37.56276],[128.69622,37.56225],[128.69744,37.56174],[128.69889,37.56174]]]}},{"type":"Feature","id":"TN_RIVER_BNDRY:WTR01000000008VAU","properties":{"NF_ID":"WTR01000000008VAU","admin_code":"51150","source_layer":"TN_RIVER_BNDRY","semantic":"zone","river_class":"소하천","river_class_source":"중심선 공간조인","survey_method":"사진측량"},"geometry":{"type":"Polygon","coordinates":[[[128.7024,37.55813],[128.70215,37.55791],[128.70209,37.55835],[128.7014,37.5588],[128.70101,37.55947],[128.70024,37.55972],[128.69973,37.56009],[128.69899,37.56157],[128.69916,37.56157],[128.6998,37.56017],[128.70106,37.55953],[128.7024,37.55813]]]}},{"type":"Feature","id":"TN_RIVER_BNDRY:WTR01000000008VBV","properties":{"NF_ID":"WTR01000000008VBV","admin_code":"51150","source_layer":"TN_RIVER_BNDRY","semantic":"zone","river_class":"소하천","river_class_source":"중심선 공간조인","survey_method":"사진측량"},"geometry":{"type":"Polygon","coordinates":[[[128.69916,37.56157],[128.69889,37.56174],[128.69913,37.56177],[128.69916,37.56157]]]}},{"type":"Feature","id":"TN_RIVER_BNDRY:WTR01000000008VCW","properties":{"NF_ID":"WTR01000000008VCW","admin_code":"51150","source_layer":"TN_RIVER_BNDRY","semantic":"zone","river_class":"지방하천","river_class_source":"중심선 공간조인","river_name":"송천","river_code":"1020060","survey_method":"사진측량"},"geometry":{"type":"Polygon","coordinates":[[[128.70517,37.56496],[128.70462,37.56434],[128.70337,37.56446],[128.70305,37.56416],[128.70331,37.56293],[128.70385,37.56184],[128.70434,37.56152],[128.7046,37.56066],[128.70437,37.55943],[128.70282,37.55786],[128.7024,37.55813],[128.7025,37.5584],[128.70342,37.5593],[128.70344,37.56031],[128.70327,37.56136],[128.7032,37.56124],[128.70235,37.5635],[128.70235,37.56414],[128.70268,37.56484],[128.70322,37.56515],[128.70441,37.56518],[128.70517,37.56496]]]}},{"type":"Feature","id":"TN_RIVER_BNDRY:WTR01000000008VDX","properties":{"NF_ID":"WTR01000000008VDX","admin_code":"51150","source_layer":"TN_RIVER_BNDRY","semantic":"zone","river_class":"소하천","river_class_source":"중심선 공간조인","survey_method":"사진측량"},"geometry":{"type":"Polygon","coordinates":[[[128.70524,37.56493],[128.70564,37.56545],[128.70506,37.56742],[128.70506,37.56806],[128.70531,37.56876],[128.70511,37.56744],[128.7056,37.56626],[128.7057,37.56546],[128.70524,37.56493]]]}},{"type":"Feature","id":"TN_RIVER_BNDRY:WTR01000000008VEY","properties":{"NF_ID":"WTR01000000008VEY","admin_code":"51150","source_layer":"TN_RIVER_BNDRY","semantic":"zone","river_class":"지방하천","river_class_source":"중심선 공간조인","river_name":"송천","river_code":"1020060","survey_method":"사진측량"},"geometry":{"type":"Polygon","coordinates":[[[128.70524,37.56493],[128.70502,37.56422],[128.70462,37.56434],[128.70524,37.56493]]]}},{"type":"Feature","id":"TN_RIVER_BNDRY:WTR01000000008VFZ","properties":{"NF_ID":"WTR01000000008VFZ","admin_code":"51150","source_layer":"TN_RIVER_BNDRY","semantic":"zone","river_class":"지방하천","river_class_source":"중심선 공간조인","river_name":"송천","river_code":"1020060","survey_method":"사진측량"},"geometry":{"type":"Polygon","coordinates":[[[128.70282,37.55786],[128.70257,37.5576],[128.70215,37.55791],[128.7024,37.55813],[128.70282,37.55786]]]}},{"type":"Feature","id":"TN_RIVER_BNDRY:WTR01000000008VG0","properties":{"NF_ID":"WTR01000000008VG0","admin_code":"51150","source_layer":"TN_RIVER_BNDRY","semantic":"zone","river_class":"지방하천","river_class_source":"중심선 공간조인","river_name":"송천","river_code":"1020060","survey_method":"사진측량"},"geometry":{"type":"Polygon","coordinates":[[[128.74019,37.57062],[128.7402,37.571],[128.74212,37.57041],[128.7435,37.57033],[128.74482,37.57087],[128.74541,37.57177],[128.74555,37.57278],[128.74528,37.5733],[128.74403,37.57467],[128.74383,37.57498],[128.74404,37.57493],[128.74367,37.57507],[128.74432,37.57549],[128.74596,37.57422],[128.74644,37.57351],[128.74646,37.57316],[128.74568,37.57122],[128.74427,37.57023],[128.74376,37.57024],[128.74301,37.56998],[128.74019,37.57062]]]}},{"type":"Feature","id":"TN_RIVER_BNDRY:WTR01000000008VH1","properties":{"NF_ID":"WTR01000000008VH1","admin_code":"51150","source_layer":"TN_RIVER_BNDRY","semantic":"zone","river_class":"지방하천","river_class_source":"중심선 공간조인","river_name":"송천","river_code":"1020060","survey_method":"사진측량"},"geometry":{"type":"Polygon","coordinates":[[[128.74432,37.57549],[128.74367,37.57507],[128.74325,37.57515],[128.74358,37.57556],[128.74432,37.57549]]]}},{"type":"Feature","id":"TN_RIVER_BNDRY:WTR01000000008VI2","properties":{"NF_ID":"WTR01000000008VI2","admin_code":"51150","source_layer":"TN_RIVER_BNDRY","semantic":"zone","river_class":"소하천","river_class_source":"중심선 공간조인","survey_method":"사진측량"},"geometry":{"type":"Polygon","coordinates":[[[128.7402,37.571],[128.74051,37.57168],[128.74044,37.57245],[128.74058,37.57168],[128.7402,37.571]]]}},{"type":"Feature","id":"TN_RIVER_BNDRY:WTR01000000008VJ3","properties":{"NF_ID":"WTR01000000008VJ3","admin_code":"51150","source_layer":"TN_RIVER_BNDRY","semantic":"zone","river_class":"지방하천","river_class_source":"중심선 공간조인","river_name":"송천","river_code":"1020060","survey_method":"사진측량"},"geometry":{"type":"Polygon","coordinates":[[[128.7402,37.571],[128.74019,37.57062],[128.74017,37.57062],[128.74012,37.57064],[128.74009,37.57065],[128.74017,37.57101],[128.7402,37.571]]]}},{"type":"Feature","id":"TN_RIVER_BNDRY:WTR01000000008VK4","properties":{"NF_ID":"WTR01000000008VK4","admin_code":"51150","source_layer":"TN_RIVER_BNDRY","semantic":"zone","river_class":"소하천","river_class_source":"중심선 공간조인","survey_method":"사진측량"},"geometry":{"type":"Polygon","coordinates":[[[128.72915,37.56892],[128.72867,37.5691],[128.729,37.56902],[128.72927,37.56923],[128.72988,37.57006],[128.72998,37.57068],[128.73047,37.57124],[128.73067,37.57124],[128.73058,37.57162],[128.73088,37.57202],[128.73129,37.5735],[128.73127,37.57431],[128.73115,37.57461],[128.73044,37.57469],[128.72918,37.57555],[128.72863,37.5768],[128.72876,37.57847],[128.72863,37.5791],[128.72798,37.57975],[128.7277,37.58032],[128.72665,37.58133],[128.72596,37.58152],[128.72544,37.58143],[128.72271,37.58203],[128.72113,37.58195],[128.72075,37.5819],[128.71974,37.58126],[128.71869,37.58108],[128.71819,37.58073],[128.71705,37.58035],[128.71504,37.58026],[128.71377,37.5809],[128.71232,37.58115],[128.71126,37.58106],[128.7101,37.58144],[128.70899,37.58146],[128.70794,37.58187],[128.70538,37.5824],[128.70428,37.58307],[128.70247,37.58367],[128.70208,37.5843],[128.7001,37.58494],[128.70078,37.58487],[128.7022,37.58438],[128.7026,37.58375],[128.70448,37.58311],[128.70535,37.58254],[128.70605,37.58252],[128.70718,37.58217],[128.70811,37.58214],[128.70922,37.58175],[128.71378,37.581],[128.71509,37.58036],[128.71694,37.58042],[128.71819,37.58082],[128.7186,37.58118],[128.71946,37.58123],[128.72073,37.58202],[128.72116,37.58207],[128.722,37.58201],[128.7228,37.58213],[128.72542,37.58148],[128.72606,37.58155],[128.72672,37.58134],[128.72774,37.58035],[128.728,37.57978],[128.7287,37.57908],[128.72874,37.5772],[128.72896,37.57623],[128.72957,37.57537],[128.73038,37.57487],[128.73122,37.57472],[128.73134,37.57458],[128.73142,37.57347],[128.73107,37.57215],[128.73064,37.57157],[128.73073,37.5712],[128.72915,37.56892]]]}},{"type":"Feature","id":"TN_RIVER_BNDRY:WTR01000000008VL5","properties":{"NF_ID":"WTR01000000008VL5","admin_code":"51150","source_layer":"TN_RIVER_BNDRY","semantic":"zone","river_class":"지방하천","river_class_source":"중심선 공간조인","river_name":"송천","river_code":"1020060","survey_method":"사진측량"},"geometry":{"type":"Polygon","coordinates":[[[128.72915,37.56892],[128.72884,37.56846],[128.72822,37.56874],[128.72867,37.5691],[128.72915,37.56892]]]}},{"type":"Feature","id":"TN_RIVER_BNDRY:WTR01000000008WEZ","properties":{"NF_ID":"WTR01000000008WEZ","admin_code":"51150","source_layer":"TN_RIVER_BNDRY","semantic":"zone","river_class":"소하천","river_class_source":"중심선 공간조인","survey_method":"사진측량"},"geometry":{"type":"Polygon","coordinates":[[[128.69001,37.57716],[128.69004,37.57759],[128.69093,37.57889],[128.69109,37.58],[128.69118,37.57898],[128.69001,37.57716]]]}},{"type":"Feature","id":"TN_RIVER_BNDRY:WTR01000000008WF0","properties":{"NF_ID":"WTR01000000008WF0","admin_code":"51150","source_layer":"TN_RIVER_BNDRY","semantic":"zone","river_class":"소하천","river_class_source":"중심선 공간조인","survey_method":"사진측량"},"geometry":{"type":"Polygon","coordinates":[[[128.68993,37.57725],[128.68989,37.57716],[128.68911,37.57759],[128.68953,37.57752],[128.68993,37.57725]]]}},{"type":"Feature","id":"TN_RIVER_BNDRY:WTR01000000008WG1","properties":{"NF_ID":"WTR01000000008WG1","admin_code":"51150","source_layer":"TN_RIVER_BNDRY","semantic":"zone","river_class":"소하천","river_class_source":"중심선 공간조인","survey_method":"사진측량"},"geometry":{"type":"Polygon","coordinates":[[[128.69001,37.57716],[128.68989,37.57716],[128.68993,37.57725],[128.69001,37.57716]]]}},{"type":"Feature","id":"TN_RIVER_BNDRY:WTR01000000008WH2","properties":{"NF_ID":"WTR01000000008WH2","admin_code":"51150","source_layer":"TN_RIVER_BNDRY","semantic":"zone","river_class":"지방하천","river_class_source":"중심선 공간조인","river_name":"송천","river_code":"1020060","survey_method":"사진측량"},"geometry":{"type":"Polygon","coordinates":[[[128.72921,37.59079],[128.72863,37.59092],[128.73134,37.59351],[128.73183,37.59363],[128.73235,37.59354],[128.73449,37.59257],[128.73537,37.59245],[128.73538,37.59278],[128.73416,37.59407],[128.73368,37.59481],[128.73239,37.59605],[128.73018,37.597],[128.7285,37.59684],[128.72766,37.5966],[128.72621,37.59579],[128.72566,37.59581],[128.72522,37.59603],[128.72472,37.59662],[128.72513,37.59735],[128.72531,37.59738],[128.7251,37.598],[128.72443,37.59844],[128.72347,37.59865],[128.72097,37.60013],[128.72028,37.60073],[128.71992,37.60159],[128.72005,37.60302],[128.7203,37.60325],[128.71997,37.60349],[128.72027,37.60377],[128.72111,37.60586],[128.71921,37.60622],[128.71925,37.60638],[128.7208,37.60615],[128.72159,37.60612],[128.72167,37.60629],[128.72218,37.6062],[128.72146,37.60431],[128.72075,37.60316],[128.72043,37.60128],[128.72177,37.60011],[128.72458,37.59874],[128.72552,37.59802],[128.72566,37.59775],[128.72561,37.59721],[128.72531,37.5967],[128.72543,37.59644],[128.72604,37.59641],[128.72746,37.59689],[128.7275,37.59712],[128.72911,37.59754],[128.73153,37.59697],[128.73329,37.59602],[128.73589,37.59286],[128.73601,37.59237],[128.73588,37.59209],[128.7353,37.59191],[128.73394,37.5923],[128.73222,37.59317],[128.73156,37.59317],[128.73001,37.59175],[128.72921,37.59079]]]}},{"type":"Feature","id":"TN_RIVER_BNDRY:WTR01000000008WJ4","properties":{"NF_ID":"WTR01000000008WJ4","admin_code":"51150","source_layer":"TN_RIVER_BNDRY","semantic":"zone","river_class":"소하천","river_class_source":"중심선 공간조인","survey_method":"사진측량"},"geometry":{"type":"Polygon","coordinates":[[[128.72863,37.59092],[128.72866,37.59077],[128.72781,37.59093],[128.72863,37.59092]]]}},{"type":"Feature","id":"TN_RIVER_BNDRY:WTR01000000008WK5","properties":{"NF_ID":"WTR01000000008WK5","admin_code":"51150","source_layer":"TN_RIVER_BNDRY","semantic":"zone","river_class":"지방하천","river_class_source":"중심선 공간조인","river_name":"송천","river_code":"1020060","survey_method":"사진측량"},"geometry":{"type":"Polygon","coordinates":[[[128.72921,37.59079],[128.72907,37.59062],[128.72866,37.59077],[128.72863,37.59092],[128.72921,37.59079]]]}},{"type":"Feature","id":"TN_RIVER_BNDRY:WTR010000000099RQ","properties":{"NF_ID":"WTR010000000099RQ","admin_code":"51150","source_layer":"TN_RIVER_BNDRY","semantic":"zone","river_class":"소하천","river_class_source":"중심선 공간조인","survey_method":"사진측량"},"geometry":{"type":"Polygon","coordinates":[[[128.73617,37.63778],[128.73599,37.63767],[128.73596,37.63782],[128.73617,37.63778]]]}},{"type":"Feature","id":"TN_RIVER_BNDRY:WTR010000000099SR","properties":{"NF_ID":"WTR010000000099SR","admin_code":"51150","source_layer":"TN_RIVER_BNDRY","semantic":"zone","river_class":"소하천","river_class_source":"중심선 공간조인","survey_method":"사진측량"},"geometry":{"type":"Polygon","coordinates":[[[128.73599,37.63767],[128.73563,37.63769],[128.73596,37.63782],[128.73599,37.63767]]]}},{"type":"Feature","id":"TN_RIVER_BNDRY:WTR01000000009E37","properties":{"NF_ID":"WTR01000000009E37","admin_code":"51150","source_layer":"TN_RIVER_BNDRY","semantic":"zone","river_class":"지방하천","river_class_source":"중심선 공간조인","river_name":"송천","river_code":"1020060","survey_method":"사진측량"},"geometry":{"type":"Polygon","coordinates":[[[128.74017,37.57101],[128.74009,37.57065],[128.73921,37.57075],[128.73866,37.5705],[128.73849,37.56936],[128.73872,37.56872],[128.74083,37.56769],[128.74267,37.56745],[128.743,37.56728],[128.74326,37.56682],[128.74303,37.56589],[128.74254,37.56517],[128.74187,37.56461],[128.73927,37.56276],[128.73802,37.56213],[128.73697,37.56068],[128.73538,37.55938],[128.73516,37.55877],[128.73478,37.55836],[128.73497,37.55697],[128.73464,37.55612],[128.73412,37.55579],[128.73341,37.55593],[128.73175,37.55733],[128.73095,37.55838],[128.73064,37.55918],[128.73048,37.56191],[128.73089,37.56268],[128.73136,37.56314],[128.73177,37.56322],[128.73226,37.56362],[128.73307,37.56399],[128.73332,37.56394],[128.73403,37.5642],[128.73516,37.56478],[128.73561,37.56477],[128.73662,37.56549],[128.73692,37.56637],[128.73682,37.56723],[128.73535,37.56873],[128.73468,37.56902],[128.73375,37.56888],[128.73293,37.56801],[128.73221,37.56771],[128.73063,37.56764],[128.7303,37.56792],[128.72956,37.56807],[128.72884,37.56846],[128.72915,37.56892],[128.73013,37.56831],[128.73096,37.56812],[128.73195,37.5681],[128.73381,37.56923],[128.73427,37.56936],[128.73544,37.56929],[128.73699,37.56767],[128.73731,37.56707],[128.73723,37.56583],[128.73654,37.56466],[128.73571,37.56423],[128.73329,37.56357],[128.73271,37.56318],[128.7313,37.56058],[128.73185,37.55806],[128.73348,37.55637],[128.73398,37.55631],[128.73444,37.55653],[128.73456,37.55825],[128.73541,37.55963],[128.73548,37.56001],[128.73627,37.56057],[128.73606,37.56047],[128.73616,37.56061],[128.7368,37.56088],[128.73738,37.56191],[128.73799,37.56256],[128.74028,37.56386],[128.74173,37.56517],[128.7424,37.56548],[128.74269,37.5663],[128.7429,37.56645],[128.74284,37.56684],[128.74249,37.56712],[128.7422,37.56706],[128.74079,37.56729],[128.73937,37.56776],[128.73835,37.56847],[128.73794,37.56897],[128.7378,37.57005],[128.73857,37.571],[128.73889,37.57123],[128.73926,37.57126],[128.73945,37.57111],[128.74017,37.57101]]]}},{"type":"Feature","id":"TN_RIVER_BNDRY:WTR01000000009EBF","properties":{"NF_ID":"WTR01000000009EBF","admin_code":"51150","source_layer":"TN_RIVER_BNDRY","semantic":"zone","river_class":"지방하천","river_class_source":"중심선 공간조인","river_name":"송천","river_code":"1020060","survey_method":"사진측량"},"geometry":{"type":"Polygon","coordinates":[[[128.72867,37.5691],[128.72822,37.56874],[128.72597,37.56913],[128.72524,37.56967],[128.7251,37.56961],[128.72432,37.57063],[128.72346,37.571],[128.72268,37.5707],[128.72233,37.57],[128.72241,37.56889],[128.72372,37.56708],[128.72413,37.56451],[128.72433,37.56015],[128.72411,37.55877],[128.72387,37.55834],[128.72399,37.55822],[128.72342,37.55744],[128.72311,37.55732],[128.72244,37.55756],[128.72155,37.55758],[128.7207,37.55821],[128.71899,37.56033],[128.71844,37.56051],[128.71692,37.55991],[128.71649,37.55901],[128.71541,37.55809],[128.71529,37.55772],[128.71551,37.55721],[128.71632,37.55725],[128.7173,37.55696],[128.71784,37.55627],[128.71765,37.55579],[128.71688,37.55543],[128.71425,37.55497],[128.71307,37.55485],[128.71219,37.55496],[128.71172,37.55553],[128.71157,37.55549],[128.7113,37.55568],[128.71109,37.55646],[128.71121,37.557],[128.71145,37.55705],[128.71227,37.5584],[128.71249,37.55954],[128.71194,37.5604],[128.71106,37.56109],[128.70976,37.56176],[128.71014,37.56228],[128.7122,37.56086],[128.71295,37.5597],[128.71299,37.55821],[128.71202,37.55692],[128.71196,37.55663],[128.71205,37.5559],[128.7125,37.55555],[128.7135,37.55543],[128.71508,37.55558],[128.71653,37.55587],[128.71687,37.55643],[128.71692,37.55623],[128.71705,37.55654],[128.71659,37.55647],[128.71616,37.55662],[128.7159,37.55693],[128.71533,37.55679],[128.71465,37.55704],[128.71453,37.55696],[128.71435,37.55741],[128.7145,37.5578],[128.71464,37.55774],[128.71586,37.55927],[128.71641,37.56025],[128.71681,37.56054],[128.71777,37.56079],[128.71877,37.56094],[128.71969,37.56066],[128.72054,37.55978],[128.72165,37.55806],[128.72275,37.5579],[128.72299,37.55809],[128.72287,37.55849],[128.72331,37.55936],[128.72337,37.5661],[128.72296,37.56717],[128.72168,37.56918],[128.72176,37.57032],[128.7222,37.57088],[128.72274,37.57124],[128.72366,37.57138],[128.72431,37.57115],[128.72589,37.56971],[128.72867,37.5691]]]}},{"type":"Feature","id":"TN_RIVER_BNDRY:WTR01000000009ECG","properties":{"NF_ID":"WTR01000000009ECG","admin_code":"51150","source_layer":"TN_RIVER_BNDRY","semantic":"zone","river_class":"소하천","river_class_source":"중심선 공간조인","survey_method":"사진측량"},"geometry":{"type":"Polygon","coordinates":[[[128.71014,37.56228],[128.71102,37.56301],[128.71158,37.56384],[128.71112,37.56289],[128.71014,37.56228]]]}},{"type":"Feature","id":"TN_RIVER_BNDRY:WTR01000000009EDH","properties":{"NF_ID":"WTR01000000009EDH","admin_code":"51150","source_layer":"TN_RIVER_BNDRY","semantic":"zone","river_class":"지방하천","river_class_source":"중심선 공간조인","river_name":"송천","river_code":"1020060","survey_method":"사진측량"},"geometry":{"type":"Polygon","coordinates":[[[128.71014,37.56228],[128.70976,37.56176],[128.70974,37.56177],[128.70972,37.56178],[128.70971,37.56179],[128.70969,37.5618],[128.70967,37.5618],[128.71008,37.56232],[128.71014,37.56228]]]}},{"type":"Feature","id":"TN_RIVER_BNDRY:WTR01000000009EEI","properties":{"NF_ID":"WTR01000000009EEI","admin_code":"51150","source_layer":"TN_RIVER_BNDRY","semantic":"zone","river_class":"지방하천","river_class_source":"중심선 공간조인","river_name":"송천","river_code":"1020060","survey_method":"사진측량"},"geometry":{"type":"Polygon","coordinates":[[[128.71008,37.56232],[128.70967,37.5618],[128.70634,37.56367],[128.70502,37.56422],[128.70524,37.56493],[128.70653,37.56443],[128.71008,37.56232]]]}},{"type":"Feature","id":"TN_RIVER_BNDRY:WTR01000000009ERV","properties":{"NF_ID":"WTR01000000009ERV","admin_code":"51150","source_layer":"TN_RIVER_BNDRY","semantic":"zone","river_class":"지방하천","river_class_source":"중심선 공간조인","river_name":"송천","river_code":"1020060","survey_method":"사진측량"},"geometry":{"type":"Polygon","coordinates":[[[128.70257,37.5576],[128.70167,37.55687],[128.70112,37.55603],[128.70101,37.55548],[128.70125,37.5545],[128.70182,37.55344],[128.70209,37.55333],[128.7026,37.55153],[128.70329,37.55083],[128.70414,37.55069],[128.70567,37.5511],[128.70797,37.55147],[128.71363,37.5509],[128.71615,37.5502],[128.71695,37.54967],[128.71768,37.54887],[128.71769,37.54811],[128.7174,37.54773],[128.71686,37.54744],[128.7151,37.54721],[128.71322,37.54723],[128.71344,37.54785],[128.71326,37.54793],[128.71256,37.5476],[128.71194,37.54704],[128.71175,37.54605],[128.71212,37.54494],[128.71268,37.54422],[128.71422,37.543],[128.71484,37.54192],[128.71488,37.54088],[128.71423,37.53915],[128.71479,37.53843],[128.71544,37.53838],[128.71795,37.53973],[128.71872,37.54032],[128.71965,37.54166],[128.72077,37.54224],[128.72245,37.54213],[128.72485,37.5412],[128.72508,37.54082],[128.7251,37.54013],[128.72436,37.53922],[128.72397,37.53915],[128.72383,37.53867],[128.72399,37.53834],[128.72473,37.53802],[128.72527,37.53803],[128.72581,37.53829],[128.72729,37.53999],[128.72833,37.5404],[128.72874,37.54038],[128.72942,37.53987],[128.72951,37.53912],[128.72866,37.53804],[128.72818,37.53648],[128.72795,37.53644],[128.72787,37.53551],[128.72822,37.53526],[128.72852,37.53542],[128.73013,37.53423],[128.73056,37.53323],[128.73113,37.53068],[128.73138,37.53044],[128.73217,37.53025],[128.73259,37.53031],[128.73431,37.53129],[128.73519,37.53147],[128.73925,37.53156],[128.73972,37.53121],[128.74035,37.53032],[128.74015,37.52965],[128.73899,37.52933],[128.73822,37.52949],[128.7373,37.52937],[128.73656,37.52912],[128.73574,37.52853],[128.73461,37.52651],[128.73396,37.52477],[128.73407,37.52373],[128.73501,37.52229],[128.73521,37.52224],[128.73642,37.51916],[128.73488,37.51881],[128.73523,37.51928],[128.73502,37.52032],[128.73524,37.52045],[128.73523,37.52075],[128.7346,37.52202],[128.73373,37.52326],[128.73379,37.52352],[128.73361,37.52363],[128.73374,37.52374],[128.7335,37.52379],[128.73332,37.52409],[128.73342,37.52515],[128.73409,37.52672],[128.73536,37.52867],[128.73567,37.52889],[128.73563,37.52918],[128.73736,37.52967],[128.73744,37.52983],[128.73754,37.52975],[128.73778,37.52987],[128.73787,37.52973],[128.73768,37.52971],[128.73781,37.52966],[128.73894,37.5298],[128.73932,37.53],[128.73948,37.53031],[128.73924,37.53081],[128.73865,37.53122],[128.73831,37.53127],[128.7364,37.53112],[128.73562,37.53127],[128.73438,37.53103],[128.73379,37.53071],[128.73345,37.53031],[128.73302,37.53007],[128.73292,37.53019],[128.73258,37.52991],[128.73198,37.5299],[128.73098,37.53022],[128.73063,37.53061],[128.73032,37.53146],[128.72988,37.53364],[128.72903,37.53433],[128.72795,37.53486],[128.72761,37.53482],[128.72758,37.53504],[128.72734,37.53515],[128.72725,37.53599],[128.72744,37.53681],[128.72798,37.53821],[128.72883,37.53925],[128.72876,37.53976],[128.72852,37.53994],[128.72804,37.53992],[128.72754,37.53956],[128.7268,37.53845],[128.72627,37.53811],[128.72619,37.53766],[128.72556,37.53741],[128.7248,37.53751],[128.7238,37.53799],[128.72344,37.53867],[128.72361,37.53955],[128.72446,37.54019],[128.7245,37.54061],[128.72385,37.54117],[128.72134,37.54177],[128.72011,37.54103],[128.71939,37.53999],[128.71763,37.5385],[128.71576,37.53777],[128.71505,37.53773],[128.71431,37.53804],[128.71378,37.53875],[128.7137,37.53917],[128.71442,37.54098],[128.71444,37.54199],[128.71394,37.54264],[128.71197,37.54416],[128.71145,37.54482],[128.71123,37.54519],[128.71108,37.54663],[128.7121,37.54783],[128.71287,37.54808],[128.71314,37.54831],[128.71627,37.5479],[128.7164,37.54847],[128.71613,37.54897],[128.7157,37.54946],[128.71445,37.54998],[128.70848,37.55096],[128.70757,37.55095],[128.70511,37.55042],[128.70333,37.55025],[128.70239,37.55103],[128.70165,37.55288],[128.70099,37.55388],[128.70049,37.55538],[128.7006,37.55649],[128.70113,37.55717],[128.70215,37.55791],[128.70257,37.5576]]]}},{"type":"Feature","id":"TN_RIVER_BNDRY:WTR01000000009F7C","properties":{"NF_ID":"WTR01000000009F7C","admin_code":"51150","source_layer":"TN_RIVER_BNDRY","semantic":"zone","river_class":"소하천","river_class_source":"중심선 공간조인","survey_method":"사진측량"},"geometry":{"type":"Polygon","coordinates":[[[128.73468,37.64041],[128.73406,37.64054],[128.7332,37.64046],[128.734,37.64056],[128.73468,37.64041]]]}},{"type":"Feature","id":"TN_RIVER_BNDRY:WTR01000000009F8D","properties":{"NF_ID":"WTR01000000009F8D","admin_code":"51150","source_layer":"TN_RIVER_BNDRY","semantic":"zone","river_class":"소하천","river_class_source":"중심선 공간조인","survey_method":"사진측량"},"geometry":{"type":"Polygon","coordinates":[[[128.73479,37.64043],[128.73448,37.64084],[128.73471,37.64147],[128.73481,37.64121],[128.73459,37.6408],[128.73479,37.64043]]]}},{"type":"Feature","id":"TN_RIVER_BNDRY:WTR01000000009F9E","properties":{"NF_ID":"WTR01000000009F9E","admin_code":"51150","source_layer":"TN_RIVER_BNDRY","semantic":"zone","river_class":"소하천","river_class_source":"중심선 공간조인","survey_method":"사진측량"},"geometry":{"type":"Polygon","coordinates":[[[128.73482,37.64037],[128.73472,37.64031],[128.73468,37.64041],[128.73479,37.64043],[128.7348,37.64041],[128.73482,37.64037]]]}},{"type":"Feature","id":"TN_RIVER_BNDRY:WTR01000000009FAF","properties":{"NF_ID":"WTR01000000009FAF","admin_code":"51150","source_layer":"TN_RIVER_BNDRY","semantic":"zone","river_class":"소하천","river_class_source":"중심선 공간조인","survey_method":"사진측량"},"geometry":{"type":"Polygon","coordinates":[[[128.73609,37.63784],[128.73596,37.63782],[128.73595,37.63822],[128.73539,37.63893],[128.73542,37.63928],[128.73505,37.63951],[128.73482,37.64037],[128.73513,37.6399],[128.73515,37.63955],[128.73555,37.63928],[128.73551,37.639],[128.73608,37.63822],[128.73609,37.63784]]]}},{"type":"Feature","id":"TN_RIVER_BNDRY:WTR01000000009G17","properties":{"NF_ID":"WTR01000000009G17","admin_code":"51150","source_layer":"TN_RIVER_BNDRY","semantic":"zone","river_class":"지방하천","river_class_source":"중심선 공간조인","river_name":"대기천","river_code":"1020070","survey_method":"사진측량"},"geometry":{"type":"Polygon","coordinates":[[[128.74432,37.57549],[128.74358,37.57556],[128.74533,37.57706],[128.74727,37.57805],[128.74824,37.57911],[128.7495,37.5797],[128.75,37.58015],[128.75,37.57961],[128.74905,37.57932],[128.74753,37.57774],[128.74589,37.57712],[128.74451,37.57599],[128.74432,37.57549]]]}},{"type":"Feature","id":"TN_RIVER_BNDRY:WTR01000000009G28","properties":{"NF_ID":"WTR01000000009G28","admin_code":"51150","source_layer":"TN_RIVER_BNDRY","semantic":"zone","river_class":"지방하천","river_class_source":"중심선 공간조인","river_name":"송천","river_code":"1020060","survey_method":"사진측량"},"geometry":{"type":"Polygon","coordinates":[[[128.75,37.5834],[128.75,37.58224],[128.74904,37.58262],[128.74852,37.58262],[128.74759,37.58223],[128.74624,37.58137],[128.74004,37.57911],[128.73987,37.57876],[128.73994,37.57752],[128.74079,37.57588],[128.74104,37.57572],[128.74148,37.57581],[128.74358,37.57556],[128.74325,37.57515],[128.74073,37.57549],[128.74011,37.57614],[128.73956,37.57751],[128.7395,37.57814],[128.7398,37.57936],[128.74113,37.58024],[128.7462,37.58169],[128.74682,37.58195],[128.74724,37.58238],[128.75,37.5834]]]}},{"type":"Feature","id":"TN_RIVER_BNDRY:WTR01000000009G39","properties":{"NF_ID":"WTR01000000009G39","admin_code":"51150","source_layer":"TN_RIVER_BNDRY","semantic":"zone","river_class":"지방하천","river_class_source":"중심선 공간조인","river_name":"송천","river_code":"1020060","survey_method":"사진측량"},"geometry":{"type":"Polygon","coordinates":[[[128.73391,37.58697],[128.74393,37.58629],[128.74612,37.5854],[128.74639,37.58517],[128.74726,37.58358],[128.74771,37.58361],[128.74844,37.58403],[128.75,37.58456],[128.75,37.584],[128.74914,37.58385],[128.74792,37.58333],[128.74718,37.58333],[128.74667,37.58359],[128.74591,37.58494],[128.74486,37.58552],[128.73921,37.58624],[128.73554,37.58642],[128.73253,37.58692],[128.73154,37.58685],[128.73016,37.58728],[128.72905,37.58792],[128.72825,37.58857],[128.72806,37.58897],[128.72798,37.58961],[128.72815,37.59031],[128.72866,37.59077],[128.72907,37.59062],[128.72878,37.5902],[128.72857,37.58929],[128.72897,37.58853],[128.73077,37.58761],[128.73391,37.58697]]]}},{"type":"Feature","id":"TN_RIVER_BNDRY:WTR01000000009G6C","properties":{"NF_ID":"WTR01000000009G6C","admin_code":"51150","source_layer":"TN_RIVER_BNDRY","semantic":"zone","river_class":"소하천","river_class_source":"중심선 공간조인","survey_method":"사진측량"},"geometry":{"type":"Polygon","coordinates":[[[128.74943,37.60024],[128.74921,37.6001],[128.74848,37.60016],[128.74821,37.6],[128.74724,37.59871],[128.7472,37.59805],[128.7481,37.5951],[128.75,37.59405],[128.74796,37.59503],[128.74736,37.59734],[128.7471,37.59778],[128.74711,37.5987],[128.74798,37.59993],[128.7484,37.60022],[128.74929,37.60028],[128.74926,37.60133],[128.75,37.60143],[128.75,37.6013],[128.74939,37.60112],[128.74943,37.60024]]]}},{"type":"Feature","id":"TN_RIVER_BNDRY:WTR01000000009G7D","properties":{"NF_ID":"WTR01000000009G7D","admin_code":"51150","source_layer":"TN_RIVER_BNDRY","semantic":"zone","river_class":"소하천","river_class_source":"중심선 공간조인","survey_method":"사진측량"},"geometry":{"type":"Polygon","coordinates":[[[128.74891,37.60649],[128.74922,37.60632],[128.74949,37.60572],[128.75,37.60557],[128.75,37.60539],[128.7493,37.60558],[128.74911,37.60613],[128.7488,37.60625],[128.74875,37.60701],[128.74896,37.60804],[128.74951,37.60873],[128.75,37.60892],[128.74912,37.60799],[128.74891,37.60649]]]}},{"type":"Feature","id":"TN_RIVER_BNDRY:WTR01000000009G8E","properties":{"NF_ID":"WTR01000000009G8E","admin_code":"51150","source_layer":"TN_RIVER_BNDRY","semantic":"zone","river_class":"소하천","river_class_source":"중심선 공간조인","survey_method":"사진측량"},"geometry":{"type":"Polygon","coordinates":[[[128.74702,37.62235],[128.7497,37.62189],[128.75,37.622],[128.75,37.62182],[128.74857,37.62192],[128.74636,37.62231],[128.74672,37.62242],[128.74702,37.62235]]]}},{"type":"Feature","id":"TN_RIVER_BNDRY:WTR01000000009GAG","properties":{"NF_ID":"WTR01000000009GAG","admin_code":"51150","source_layer":"TN_RIVER_BNDRY","semantic":"zone","river_class":"소하천","river_class_source":"중심선 공간조인","survey_method":"사진측량"},"geometry":{"type":"Polygon","coordinates":[[[128.73599,37.63767],[128.73617,37.63778],[128.73796,37.63706],[128.74118,37.63626],[128.74251,37.63609],[128.74447,37.63615],[128.74767,37.63562],[128.74797,37.63475],[128.74972,37.63275],[128.75,37.63166],[128.74949,37.63273],[128.7478,37.63471],[128.74747,37.63551],[128.74432,37.636],[128.7427,37.63592],[128.74163,37.63604],[128.73795,37.63695],[128.73733,37.63731],[128.73599,37.63767]]]}},{"type":"Feature","id":"TN_RIVER_BNDRY:WTR01000000009GBH","properties":{"NF_ID":"WTR01000000009GBH","admin_code":"51150","source_layer":"TN_RIVER_BNDRY","semantic":"zone","river_class":"소하천","river_class_source":"중심선 공간조인","survey_method":"사진측량"},"geometry":{"type":"Polygon","coordinates":[[[128.75,37.66393],[128.75,37.66386],[128.74996,37.66392],[128.74993,37.66394],[128.74992,37.66396],[128.74994,37.66396],[128.74998,37.66394],[128.75,37.66393]]]}},{"type":"Feature","id":"TN_RIVER_BNDRY:WTR0100000000AM2F","properties":{"NF_ID":"WTR0100000000AM2F","admin_code":"51150","source_layer":"TN_RIVER_BNDRY","semantic":"zone","river_class":"지방하천","river_class_source":"중심선 공간조인","river_name":"연곡천","river_code":"1620240","survey_method":"사진측량"},"geometry":{"type":"Polygon","coordinates":[[[128.80295,37.84749],[128.80106,37.84667],[128.80101,37.84688],[128.79472,37.85064],[128.7901,37.85272],[128.79171,37.8528],[128.7919,37.85295],[128.79233,37.85297],[128.7934,37.85285],[128.79464,37.85243],[128.79573,37.85186],[128.79716,37.85069],[128.79794,37.85031],[128.79837,37.85028],[128.79864,37.84988],[128.79902,37.84978],[128.80295,37.84749]]]}},{"type":"Feature","id":"TN_RIVER_BNDRY:WTR0100000000AM3G","properties":{"NF_ID":"WTR0100000000AM3G","admin_code":"51150","source_layer":"TN_RIVER_BNDRY","semantic":"zone","river_class":"소하천","river_class_source":"중심선 공간조인","survey_method":"사진측량"},"geometry":{"type":"Polygon","coordinates":[[[128.82272,37.82318],[128.82432,37.82403],[128.82404,37.82514],[128.82432,37.824],[128.82272,37.82318]]]}},{"type":"Feature","id":"TN_RIVER_BNDRY:WTR0100000000AM4H","properties":{"NF_ID":"WTR0100000000AM4H","admin_code":"51150","source_layer":"TN_RIVER_BNDRY","semantic":"zone","river_class":"소하천","river_class_source":"중심선 공간조인","survey_method":"사진측량"},"geometry":{"type":"Polygon","coordinates":[[[128.81194,37.84834],[128.80986,37.84935],[128.80684,37.8497],[128.80989,37.84937],[128.81194,37.84834]]]}},{"type":"Feature","id":"TN_RIVER_BNDRY:WTR0100000000AM5I","properties":{"NF_ID":"WTR0100000000AM5I","admin_code":"51150","source_layer":"TN_RIVER_BNDRY","semantic":"zone","river_class":"소하천","river_class_source":"중심선 공간조인","river_name":"연내천","survey_method":"사진측량"},"geometry":{"type":"Polygon","coordinates":[[[128.82427,37.81212],[128.82433,37.81203],[128.82414,37.81203],[128.82401,37.81215],[128.82427,37.81212]]]}},{"type":"Feature","id":"TN_RIVER_BNDRY:WTR0100000000AMAN","properties":{"NF_ID":"WTR0100000000AMAN","admin_code":"51150","source_layer":"TN_RIVER_BNDRY","semantic":"zone","river_class":"등급미확인","survey_method":"사진측량"},"geometry":{"type":"Polygon","coordinates":[[[128.829,37.82756],[128.82853,37.82722],[128.82834,37.82675],[128.82792,37.82653],[128.82787,37.82576],[128.82813,37.82502],[128.82781,37.82564],[128.82786,37.82657],[128.8283,37.82682],[128.82845,37.82726],[128.829,37.82756]]]}},{"type":"Feature","id":"TN_RIVER_BNDRY:WTR0100000000AMBO","properties":{"NF_ID":"WTR0100000000AMBO","admin_code":"51150","source_layer":"TN_RIVER_BNDRY","semantic":"zone","river_class":"소하천","river_class_source":"중심선 공간조인","survey_method":"사진측량"},"geometry":{"type":"Polygon","coordinates":[[[128.80684,37.8497],[128.80685,37.84967],[128.80683,37.84968],[128.8068,37.84968],[128.80681,37.84971],[128.80684,37.8497]]]}},{"type":"Feature","id":"TN_RIVER_BNDRY:WTR0100000000AMCP","properties":{"NF_ID":"WTR0100000000AMCP","admin_code":"51150","source_layer":"TN_RIVER_BNDRY","semantic":"zone","river_class":"소하천","river_class_source":"중심선 공간조인","survey_method":"사진측량"},"geometry":{"type":"Polygon","coordinates":[[[128.80681,37.84971],[128.8068,37.84968],[128.80676,37.8497],[128.80669,37.84973],[128.80668,37.84975],[128.80671,37.84975],[128.8068,37.84972],[128.80681,37.84971]]]}},{"type":"Feature","id":"TN_RIVER_BNDRY:WTR0100000000AMDQ","properties":{"NF_ID":"WTR0100000000AMDQ","admin_code":"51150","source_layer":"TN_RIVER_BNDRY","semantic":"zone","river_class":"소하천","river_class_source":"중심선 공간조인","river_name":"연내천","survey_method":"사진측량"},"geometry":{"type":"Polygon","coordinates":[[[128.82427,37.81212],[128.82398,37.81218],[128.82233,37.81478],[128.82147,37.8158],[128.82164,37.81591],[128.82427,37.81212]]]}},{"type":"Feature","id":"TN_RIVER_BNDRY:WTR0100000000AMER","properties":{"NF_ID":"WTR0100000000AMER","admin_code":"51150","source_layer":"TN_RIVER_BNDRY","semantic":"zone","river_class":"소하천","river_class_source":"중심선 공간조인","survey_method":"사진측량"},"geometry":{"type":"Polygon","coordinates":[[[128.82401,37.81215],[128.82414,37.81203],[128.82197,37.81202],[128.82206,37.81217],[128.82401,37.81215]]]}},{"type":"Feature","id":"TN_RIVER_BNDRY:WTR0100000000AMFS","properties":{"NF_ID":"WTR0100000000AMFS","admin_code":"51150","source_layer":"TN_RIVER_BNDRY","semantic":"zone","river_class":"지방하천","river_class_source":"중심선 공간조인","river_name":"위촌천","river_code":"1620290","survey_method":"사진측량"},"geometry":{"type":"Polygon","coordinates":[[[128.82391,37.75928],[128.82397,37.75925],[128.82396,37.75925],[128.82394,37.75925],[128.82394,37.75925],[128.8239,37.75925],[128.82388,37.75925],[128.82385,37.75926],[128.82383,37.75926],[128.82375,37.75926],[128.82372,37.75926],[128.8237,37.75926],[128.82364,37.75926],[128.82362,37.75926],[128.8236,37.75926],[128.82359,37.75926],[128.82356,37.75926],[128.82356,37.75926],[128.82355,37.75926],[128.82355,37.75926],[128.82354,37.75926],[128.82353,37.75926],[128.82352,37.75925],[128.82352,37.75925],[128.82351,37.75925],[128.82349,37.75924],[128.82347,37.75923],[128.82345,37.75922],[128.82344,37.75921],[128.82343,37.75921],[128.82342,37.7592],[128.82341,37.7592],[128.8234,37.7592],[128.82338,37.75919],[128.82337,37.75919],[128.82336,37.75919],[128.82336,37.75919],[128.82335,37.75919],[128.82335,37.75919],[128.82335,37.7592],[128.82336,37.75921],[128.82338,37.75922],[128.8234,37.75922],[128.8234,37.75923],[128.82344,37.75924],[128.82346,37.75925],[128.82348,37.75926],[128.8235,37.75926],[128.82353,37.75927],[128.82355,37.75928],[128.82356,37.75928],[128.82356,37.75928],[128.82357,37.75928],[128.82358,37.75928],[128.82367,37.75928],[128.82372,37.75928],[128.82375,37.75928],[128.82377,37.75928],[128.82378,37.75928],[128.82382,37.75928],[128.82384,37.75928],[128.82385,37.75927],[128.82386,37.75927],[128.82391,37.75927],[128.82391,37.75928],[128.82391,37.75928],[128.82391,37.75928]]]}},{"type":"Feature","id":"TN_RIVER_BNDRY:WTR0100000000AMGT","properties":{"NF_ID":"WTR0100000000AMGT","admin_code":"51150","source_layer":"TN_RIVER_BNDRY","semantic":"zone","river_class":"지방하천","river_class_source":"중심선 공간조인","river_name":"위촌천","river_code":"1620290","survey_method":"사진측량"},"geometry":{"type":"Polygon","coordinates":[[[128.824,37.75925],[128.82397,37.75925],[128.82391,37.75928],[128.82395,37.75929],[128.82396,37.75928],[128.82398,37.75927],[128.824,37.75925]]]}},{"type":"Feature","id":"TN_RIVER_BNDRY:WTR0100000000AMHU","properties":{"NF_ID":"WTR0100000000AMHU","admin_code":"51150","source_layer":"TN_RIVER_BNDRY","semantic":"zone","river_class":"지방하천","river_class_source":"중심선 공간조인","river_name":"위촌천","river_code":"1620290","survey_method":"사진측량"},"geometry":{"type":"Polygon","coordinates":[[[128.82395,37.75929],[128.82391,37.75928],[128.82391,37.75928],[128.82391,37.75928],[128.82391,37.75929],[128.8239,37.75929],[128.8239,37.75929],[128.82388,37.75931],[128.82386,37.75932],[128.82384,37.75933],[128.82381,37.75935],[128.82381,37.75936],[128.8238,37.75937],[128.82378,37.75938],[128.82378,37.75939],[128.82377,37.7594],[128.82376,37.75942],[128.82376,37.75942],[128.82377,37.75942],[128.82377,37.75942],[128.82378,37.75942],[128.82379,37.75941],[128.8238,37.7594],[128.82381,37.7594],[128.82381,37.75939],[128.82381,37.75939],[128.82383,37.75937],[128.82385,37.75936],[128.82387,37.75934],[128.82387,37.75934],[128.82388,37.75933],[128.82389,37.75932],[128.82389,37.75932],[128.82393,37.7593],[128.82394,37.75929],[128.82395,37.75929]]]}},{"type":"Feature","id":"TN_RIVER_BNDRY:WTR0100000000AMIV","properties":{"NF_ID":"WTR0100000000AMIV","admin_code":"51150","source_layer":"TN_RIVER_BNDRY","semantic":"zone","river_class":"소하천","river_class_source":"중심선 공간조인","survey_method":"사진측량"},"geometry":{"type":"Polygon","coordinates":[[[128.75603,37.83186],[128.75559,37.83137],[128.7552,37.83159],[128.75489,37.83235],[128.75422,37.83193],[128.75401,37.83079],[128.75306,37.83017],[128.75271,37.82948],[128.75268,37.82878],[128.75289,37.8285],[128.75193,37.82804],[128.75174,37.82781],[128.75186,37.82691],[128.75142,37.82561],[128.75127,37.82581],[128.75148,37.82598],[128.75175,37.82709],[128.75165,37.8279],[128.75282,37.82855],[128.75256,37.82875],[128.75267,37.8297],[128.75306,37.83029],[128.75383,37.83066],[128.75417,37.83199],[128.75488,37.83243],[128.7553,37.83161],[128.75559,37.83156],[128.75603,37.83186]]]}},{"type":"Feature","id":"TN_RIVER_BNDRY:WTR0100000000AMJW","properties":{"NF_ID":"WTR0100000000AMJW","admin_code":"51150","source_layer":"TN_RIVER_BNDRY","semantic":"zone","river_class":"지방하천","river_class_source":"중심선 공간조인","river_name":"사천천","river_code":"1620260","survey_method":"사진측량"},"geometry":{"type":"Polygon","coordinates":[[[128.79498,37.7862],[128.79508,37.78598],[128.79485,37.78586],[128.79335,37.78586],[128.79356,37.78428],[128.79204,37.78326],[128.79182,37.78376],[128.79139,37.78392],[128.79118,37.78333],[128.79085,37.78307],[128.79067,37.7836],[128.79034,37.78359],[128.79065,37.78402],[128.79046,37.78409],[128.78964,37.78357],[128.78821,37.78305],[128.78783,37.78258],[128.78743,37.78267],[128.78637,37.78253],[128.78439,37.783],[128.784,37.78294],[128.78344,37.78238],[128.78317,37.78128],[128.78239,37.78053],[128.78161,37.78059],[128.78118,37.78091],[128.78089,37.7815],[128.78093,37.78216],[128.78073,37.78239],[128.77882,37.78217],[128.77443,37.78086],[128.77407,37.78091],[128.77338,37.78069],[128.77273,37.78028],[128.77278,37.78016],[128.77185,37.77984],[128.77138,37.77995],[128.77078,37.77983],[128.7704,37.7795],[128.77021,37.77889],[128.76971,37.77851],[128.7696,37.77822],[128.7677,37.77853],[128.76729,37.77841],[128.76739,37.77801],[128.76722,37.77746],[128.7669,37.77712],[128.7664,37.77696],[128.76552,37.77684],[128.76394,37.77711],[128.76395,37.77758],[128.76424,37.77782],[128.76447,37.77836],[128.76394,37.77859],[128.76258,37.77831],[128.76239,37.77792],[128.76147,37.77816],[128.76063,37.77797],[128.7582,37.77696],[128.75735,37.77713],[128.75596,37.77684],[128.75586,37.77695],[128.75517,37.77694],[128.75499,37.77676],[128.75406,37.77657],[128.75326,37.77542],[128.7531,37.7755],[128.75289,37.77511],[128.7532,37.77472],[128.75293,37.77442],[128.75055,37.77374],[128.75048,37.77393],[128.7509,37.77382],[128.75159,37.77411],[128.75156,37.77425],[128.75216,37.77436],[128.75247,37.77428],[128.75284,37.77445],[128.7528,37.77519],[128.75343,37.77588],[128.75361,37.77636],[128.75395,37.77662],[128.75476,37.77677],[128.75533,37.77713],[128.75624,37.77696],[128.75689,37.7772],[128.75846,37.77712],[128.76088,37.77816],[128.76163,37.77829],[128.7623,37.77801],[128.76259,37.77844],[128.76368,37.77869],[128.76457,37.77833],[128.76459,37.77802],[128.76402,37.77728],[128.7642,37.77713],[128.76516,37.77695],[128.76535,37.77705],[128.76545,37.77692],[128.76658,37.77709],[128.76712,37.77758],[128.76706,37.77778],[128.76732,37.77803],[128.76717,37.77856],[128.76772,37.77864],[128.76907,37.77846],[128.76956,37.77826],[128.77033,37.7796],[128.77101,37.78023],[128.77157,37.77999],[128.77209,37.77996],[128.77362,37.78093],[128.77414,37.78101],[128.77434,37.78091],[128.77793,37.78206],[128.78049,37.78255],[128.7811,37.78223],[128.781,37.78137],[128.78129,37.7809],[128.78184,37.78067],[128.78234,37.78071],[128.78304,37.7813],[128.78335,37.78249],[128.78383,37.78319],[128.78477,37.78328],[128.78601,37.78305],[128.78715,37.78318],[128.7874,37.78371],[128.78726,37.78427],[128.78649,37.785],[128.78709,37.78557],[128.78782,37.78583],[128.7887,37.78588],[128.78916,37.78575],[128.78976,37.78593],[128.78947,37.78704],[128.78992,37.78706],[128.79101,37.78637],[128.79151,37.78646],[128.79163,37.78625],[128.79192,37.78627],[128.79252,37.78591],[128.79258,37.78606],[128.79426,37.78599],[128.79498,37.7862]]]}},{"type":"Feature","id":"TN_RIVER_BNDRY:WTR0100000000AMKX","properties":{"NF_ID":"WTR0100000000AMKX","admin_code":"51150","source_layer":"TN_RIVER_BNDRY","semantic":"zone","river_class":"지방하천","river_class_source":"중심선 공간조인","river_name":"사천천","river_code":"1620260","survey_method":"사진측량"},"geometry":{"type":"Polygon","coordinates":[[[128.75048,37.77393],[128.75055,37.77374],[128.75032,37.77374],[128.75027,37.77395],[128.75048,37.77393]]]}},{"type":"Feature","id":"TN_RIVER_BNDRY:WTR0100000000AMR4","properties":{"NF_ID":"WTR0100000000AMR4","admin_code":"51150","source_layer":"TN_RIVER_BNDRY","semantic":"zone","river_class":"등급미확인","survey_method":"사진측량"},"geometry":{"type":"Polygon","coordinates":[[[128.75144,37.8256],[128.75125,37.82446],[128.75083,37.82404],[128.75119,37.82449],[128.75144,37.8256]]]}},{"type":"Feature","id":"TN_RIVER_BNDRY:WTR0100000000AMT6","properties":{"NF_ID":"WTR0100000000AMT6","admin_code":"51150","source_layer":"TN_RIVER_BNDRY","semantic":"zone","river_class":"지방하천","river_class_source":"중심선 공간조인","river_name":"신리천","river_code":"1620230","survey_method":"사진측량"},"geometry":{"type":"Polygon","coordinates":[[[128.75472,37.88041],[128.75421,37.88027],[128.75382,37.88039],[128.7539,37.88049],[128.75472,37.88041]]]}},{"type":"Feature","id":"TN_RIVER_BNDRY:WTR0100000000AMU7","properties":{"NF_ID":"WTR0100000000AMU7","admin_code":"51150","source_layer":"TN_RIVER_BNDRY","semantic":"zone","river_class":"지방하천","river_class_source":"중심선 공간조인","river_name":"신리천","river_code":"1620230","survey_method":"사진측량"},"geometry":{"type":"Polygon","coordinates":[[[128.7616,37.88084],[128.7612,37.88015],[128.76015,37.88003],[128.75694,37.8805],[128.7539,37.88049],[128.75736,37.88121],[128.75796,37.88118],[128.75942,37.88064],[128.7616,37.88084]]]}},{"type":"Feature","id":"TN_RIVER_BNDRY:WTR0100000000AMV8","properties":{"NF_ID":"WTR0100000000AMV8","admin_code":"51150","source_layer":"TN_RIVER_BNDRY","semantic":"zone","river_class":"소하천","river_class_source":"중심선 공간조인","survey_method":"사진측량"},"geometry":{"type":"Polygon","coordinates":[[[128.76166,37.88084],[128.76102,37.88255],[128.76003,37.88274],[128.75917,37.88334],[128.75845,37.88352],[128.75789,37.88406],[128.75814,37.8843],[128.75804,37.88455],[128.75736,37.88487],[128.7571,37.88483],[128.75732,37.88493],[128.75735,37.88549],[128.75717,37.88614],[128.75746,37.88499],[128.75819,37.88446],[128.75796,37.88406],[128.75844,37.88358],[128.75929,37.88333],[128.76006,37.88278],[128.76104,37.8826],[128.76131,37.88225],[128.76166,37.88084]]]}},{"type":"Feature","id":"TN_RIVER_BNDRY:WTR0100000000AMW9","properties":{"NF_ID":"WTR0100000000AMW9","admin_code":"51150","source_layer":"TN_RIVER_BNDRY","semantic":"zone","river_class":"지방하천","river_class_source":"중심선 공간조인","river_name":"신리천","river_code":"1620230","survey_method":"사진측량"},"geometry":{"type":"Polygon","coordinates":[[[128.76185,37.88045],[128.7612,37.88015],[128.7616,37.88084],[128.76185,37.88045]]]}},{"type":"Feature","id":"TN_RIVER_BNDRY:WTR0100000000AMXA","properties":{"NF_ID":"WTR0100000000AMXA","admin_code":"51150","source_layer":"TN_RIVER_BNDRY","semantic":"zone","river_class":"소하천","river_class_source":"중심선 공간조인","river_name":"서북개골천","survey_method":"사진측량"},"geometry":{"type":"Polygon","coordinates":[[[128.77137,37.8833],[128.76991,37.88363],[128.76915,37.88402],[128.76864,37.88529],[128.7686,37.88605],[128.76834,37.88632],[128.76768,37.88639],[128.76663,37.88848],[128.76574,37.88924],[128.76547,37.89005],[128.76574,37.89169],[128.76538,37.8919],[128.765,37.89243],[128.76402,37.89309],[128.76339,37.8946],[128.76306,37.89475],[128.76201,37.89618],[128.76203,37.89653],[128.76149,37.89735],[128.76113,37.89837],[128.76065,37.89861],[128.76004,37.89999],[128.75968,37.90033],[128.75975,37.9007],[128.75954,37.90117],[128.75905,37.90127],[128.75888,37.90148],[128.75889,37.90192],[128.75828,37.90316],[128.75831,37.90394],[128.75798,37.9047],[128.75726,37.90557],[128.75583,37.90573],[128.75532,37.90622],[128.75585,37.90575],[128.75731,37.90558],[128.75838,37.90419],[128.75834,37.90316],[128.75894,37.90193],[128.75894,37.90149],[128.75908,37.90131],[128.75945,37.90133],[128.7596,37.9012],[128.75981,37.90073],[128.75974,37.90034],[128.7601,37.9],[128.76073,37.89859],[128.76118,37.89839],[128.76206,37.89659],[128.76206,37.89621],[128.76342,37.89467],[128.76414,37.89307],[128.76504,37.89252],[128.76582,37.89168],[128.76558,37.89001],[128.76585,37.88921],[128.7668,37.88843],[128.76777,37.88644],[128.76839,37.88638],[128.76868,37.88604],[128.7687,37.88537],[128.76926,37.88404],[128.7698,37.88375],[128.77137,37.8833]]]}},{"type":"Feature","id":"TN_RIVER_BNDRY:WTR0100000000AMYB","properties":{"NF_ID":"WTR0100000000AMYB","admin_code":"51150","source_layer":"TN_RIVER_BNDRY","semantic":"zone","river_class":"지방하천","river_class_source":"중심선 공간조인","river_name":"신리천","river_code":"1620230","survey_method":"사진측량"},"geometry":{"type":"Polygon","coordinates":[[[128.77185,37.883],[128.76961,37.88118],[128.76792,37.88049],[128.7646,37.88032],[128.7619,37.88045],[128.76166,37.88084],[128.76671,37.88092],[128.76818,37.88107],[128.76956,37.88169],[128.77131,37.88324],[128.77185,37.883]]]}},{"type":"Feature","id":"TN_RIVER_BNDRY:WTR0100000000AMZC","properties":{"NF_ID":"WTR0100000000AMZC","admin_code":"51150","source_layer":"TN_RIVER_BNDRY","semantic":"zone","river_class":"소하천","river_class_source":"중심선 공간조인","survey_method":"사진측량"},"geometry":{"type":"Polygon","coordinates":[[[128.77386,37.89768],[128.7739,37.89773],[128.7739,37.89772],[128.77391,37.89769],[128.77391,37.89767],[128.77392,37.89763],[128.77392,37.89762],[128.77392,37.89761],[128.77391,37.89758],[128.77389,37.89752],[128.77386,37.89749],[128.77385,37.89748],[128.77385,37.89746],[128.77386,37.89745],[128.77388,37.89741],[128.77389,37.89739],[128.77391,37.89737],[128.77392,37.89735],[128.77392,37.89734],[128.77393,37.89732],[128.77393,37.8973],[128.77392,37.89727],[128.77391,37.89725],[128.77389,37.89725],[128.77389,37.89731],[128.77389,37.89732],[128.77388,37.89734],[128.77387,37.89736],[128.77385,37.89739],[128.77383,37.89742],[128.77381,37.89745],[128.77381,37.89747],[128.77381,37.89749],[128.77383,37.89751],[128.77386,37.89755],[128.77387,37.89758],[128.77388,37.8976],[128.77388,37.89762],[128.77388,37.89765],[128.77387,37.89766],[128.77386,37.89768],[128.77386,37.89768]]]}},{"type":"Feature","id":"TN_RIVER_BNDRY:WTR0100000000AN0E","properties":{"NF_ID":"WTR0100000000AN0E","admin_code":"51150","source_layer":"TN_RIVER_BNDRY","semantic":"zone","river_class":"소하천","river_class_source":"중심선 공간조인","survey_method":"사진측량"},"geometry":{"type":"Polygon","coordinates":[[[128.7739,37.89773],[128.77386,37.89768],[128.77382,37.89771],[128.77389,37.89778],[128.7739,37.89773]]]}},{"type":"Feature","id":"TN_RIVER_BNDRY:WTR0100000000AN1F","properties":{"NF_ID":"WTR0100000000AN1F","admin_code":"51150","source_layer":"TN_RIVER_BNDRY","semantic":"zone","river_class":"지방하천","river_class_source":"중심선 공간조인","river_name":"신리천","river_code":"1620230","survey_method":"사진측량"},"geometry":{"type":"Polygon","coordinates":[[[128.77221,37.88318],[128.77185,37.883],[128.77131,37.88324],[128.77221,37.88318]]]}},{"type":"Feature","id":"TN_RIVER_BNDRY:WTR0100000000AN2G","properties":{"NF_ID":"WTR0100000000AN2G","admin_code":"51150","source_layer":"TN_RIVER_BNDRY","semantic":"zone","river_class":"소하천","river_class_source":"중심선 공간조인","survey_method":"사진측량"},"geometry":{"type":"Polygon","coordinates":[[[128.77386,37.89768],[128.77363,37.89743],[128.77334,37.8974],[128.77301,37.89679],[128.77214,37.89627],[128.77148,37.89616],[128.77075,37.89641],[128.76998,37.89616],[128.76954,37.89622],[128.76918,37.89594],[128.76881,37.89591],[128.76912,37.89595],[128.76953,37.89625],[128.76996,37.89618],[128.77074,37.89644],[128.77149,37.89621],[128.7722,37.89633],[128.77301,37.89683],[128.77329,37.89742],[128.77386,37.89768]]]}},{"type":"Feature","id":"TN_RIVER_BNDRY:WTR0100000000AN3H","properties":{"NF_ID":"WTR0100000000AN3H","admin_code":"51150","source_layer":"TN_RIVER_BNDRY","semantic":"zone","river_class":"소하천","river_class_source":"중심선 공간조인","survey_method":"사진측량"},"geometry":{"type":"Polygon","coordinates":[[[128.77866,37.87905],[128.77829,37.87909],[128.77758,37.87961],[128.77691,37.87932],[128.77643,37.87941],[128.77554,37.8792],[128.7753,37.87885],[128.77495,37.87875],[128.77496,37.87853],[128.77428,37.87829],[128.77394,37.87759],[128.77392,37.87693],[128.77334,37.87634],[128.77265,37.87599],[128.77189,37.87589],[128.77102,37.87604],[128.77033,37.87581],[128.7693,37.87607],[128.76841,37.87614],[128.76817,37.876],[128.76842,37.87618],[128.77046,37.87592],[128.77103,37.87608],[128.77191,37.87594],[128.77275,37.87607],[128.77387,37.87695],[128.7739,37.87764],[128.77426,37.87831],[128.77494,37.87854],[128.77494,37.87876],[128.77529,37.87887],[128.77553,37.87921],[128.77642,37.87944],[128.77691,37.87937],[128.77759,37.87965],[128.77829,37.87912],[128.77866,37.87905]]]}},{"type":"Feature","id":"TN_RIVER_BNDRY:WTR0100000000AN4I","properties":{"NF_ID":"WTR0100000000AN4I","admin_code":"51150","source_layer":"TN_RIVER_BNDRY","semantic":"zone","river_class":"지방하천","river_class_source":"중심선 공간조인","river_name":"신리천","river_code":"1620230","survey_method":"사진측량"},"geometry":{"type":"Polygon","coordinates":[[[128.77924,37.8791],[128.77866,37.87905],[128.77822,37.88042],[128.77782,37.881],[128.77659,37.88233],[128.77561,37.88305],[128.77419,37.88336],[128.77252,37.88334],[128.77221,37.88318],[128.77137,37.8833],[128.77224,37.88375],[128.77328,37.88392],[128.77537,37.8837],[128.7758,37.88353],[128.77678,37.8829],[128.77834,37.88122],[128.77865,37.88078],[128.77924,37.8791]]]}},{"type":"Feature","id":"TN_RIVER_BNDRY:WTR0100000000AN5J","properties":{"NF_ID":"WTR0100000000AN5J","admin_code":"51150","source_layer":"TN_RIVER_BNDRY","semantic":"zone","river_class":"지방하천","river_class_source":"중심선 공간조인","river_name":"연곡천","river_code":"1620240","survey_method":"사진측량"},"geometry":{"type":"Polygon","coordinates":[[[128.7566,37.8502],[128.75661,37.84934],[128.75597,37.8492],[128.75594,37.85027],[128.7566,37.8502]]]}},{"type":"Feature","id":"TN_RIVER_BNDRY:WTR0100000000AN6K","properties":{"NF_ID":"WTR0100000000AN6K","admin_code":"51150","source_layer":"TN_RIVER_BNDRY","semantic":"zone","river_class":"지방하천","river_class_source":"중심선 공간조인","river_name":"연곡천","river_code":"1620240","survey_method":"사진측량"},"geometry":{"type":"Polygon","coordinates":[[[128.77451,37.84962],[128.77464,37.84839],[128.77357,37.84863],[128.77331,37.84845],[128.77233,37.84887],[128.76854,37.8497],[128.76364,37.85027],[128.75852,37.84937],[128.75661,37.84934],[128.7566,37.8502],[128.75903,37.85029],[128.76466,37.85117],[128.77176,37.84972],[128.77347,37.84971],[128.77393,37.84985],[128.77451,37.84962]]]}},{"type":"Feature","id":"TN_RIVER_BNDRY:WTR0100000000AN7L","properties":{"NF_ID":"WTR0100000000AN7L","admin_code":"51150","source_layer":"TN_RIVER_BNDRY","semantic":"zone","river_class":"소하천","river_class_source":"중심선 공간조인","survey_method":"사진측량"},"geometry":{"type":"Polygon","coordinates":[[[128.75616,37.83184],[128.75615,37.8318],[128.75614,37.83175],[128.75602,37.83177],[128.75603,37.83186],[128.75616,37.83184]]]}},{"type":"Feature","id":"TN_RIVER_BNDRY:WTR0100000000AN8M","properties":{"NF_ID":"WTR0100000000AN8M","admin_code":"51150","source_layer":"TN_RIVER_BNDRY","semantic":"zone","river_class":"소하천","river_class_source":"중심선 공간조인","survey_method":"사진측량"},"geometry":{"type":"Polygon","coordinates":[[[128.75614,37.83175],[128.75604,37.8314],[128.75602,37.83177],[128.75614,37.83175]]]}},{"type":"Feature","id":"TN_RIVER_BNDRY:WTR0100000000AN9N","properties":{"NF_ID":"WTR0100000000AN9N","admin_code":"51150","source_layer":"TN_RIVER_BNDRY","semantic":"zone","river_class":"소하천","river_class_source":"중심선 공간조인","survey_method":"사진측량"},"geometry":{"type":"Polygon","coordinates":[[[128.75616,37.83184],[128.75603,37.83186],[128.75608,37.83336],[128.75692,37.83343],[128.758,37.83413],[128.758,37.83438],[128.75712,37.83556],[128.75742,37.83602],[128.75813,37.83648],[128.75791,37.83683],[128.7567,37.83722],[128.75672,37.83858],[128.7559,37.83909],[128.75623,37.83953],[128.75716,37.83996],[128.75725,37.84079],[128.75679,37.84144],[128.75675,37.8418],[128.7569,37.842],[128.75745,37.8422],[128.75816,37.84313],[128.75807,37.84389],[128.75736,37.84425],[128.75678,37.84488],[128.75632,37.84651],[128.75534,37.84801],[128.75542,37.84853],[128.75597,37.8492],[128.75661,37.84934],[128.75564,37.84854],[128.75543,37.8481],[128.75648,37.84647],[128.75642,37.84614],[128.75681,37.84499],[128.75745,37.84435],[128.75822,37.84396],[128.7583,37.84305],[128.75766,37.84221],[128.75687,37.84176],[128.7571,37.8411],[128.75738,37.84088],[128.75727,37.8399],[128.75648,37.83956],[128.75609,37.83911],[128.75686,37.83857],[128.75687,37.83725],[128.75795,37.83693],[128.75825,37.83646],[128.75726,37.83561],[128.75807,37.83449],[128.7581,37.83405],[128.75721,37.83364],[128.75702,37.83338],[128.75614,37.83333],[128.75616,37.83184]]]}},{"type":"Feature","id":"TN_RIVER_BNDRY:WTR0100000000ANAO","properties":{"NF_ID":"WTR0100000000ANAO","admin_code":"51150","source_layer":"TN_RIVER_BNDRY","semantic":"zone","river_class":"지방하천","river_class_source":"중심선 공간조인","river_name":"신왕천","river_code":"1620250","survey_method":"사진측량"},"geometry":{"type":"Polygon","coordinates":[[[128.77266,37.82609],[128.77228,37.82627],[128.77244,37.82634],[128.77266,37.82609]]]}},{"type":"Feature","id":"TN_RIVER_BNDRY:WTR0100000000ANBP","properties":{"NF_ID":"WTR0100000000ANBP","admin_code":"51150","source_layer":"TN_RIVER_BNDRY","semantic":"zone","river_class":"소하천","river_class_source":"중심선 공간조인","survey_method":"사진측량"},"geometry":{"type":"Polygon","coordinates":[[[128.77389,37.82928],[128.77385,37.82914],[128.7737,37.8292],[128.77339,37.82959],[128.77242,37.82988],[128.77181,37.83049],[128.77071,37.83073],[128.77183,37.83054],[128.77242,37.82992],[128.7731,37.82982],[128.77357,37.82953],[128.77372,37.82925],[128.77389,37.82928]]]}},{"type":"Feature","id":"TN_RIVER_BNDRY:WTR0100000000ANCQ","properties":{"NF_ID":"WTR0100000000ANCQ","admin_code":"51150","source_layer":"TN_RIVER_BNDRY","semantic":"zone","river_class":"지방하천","river_class_source":"중심선 공간조인","river_name":"신왕천","river_code":"1620250","survey_method":"사진측량"},"geometry":{"type":"Polygon","coordinates":[[[128.77414,37.82914],[128.77385,37.82914],[128.77389,37.82928],[128.7741,37.82934],[128.77414,37.82914]]]}},{"type":"Feature","id":"TN_RIVER_BNDRY:WTR0100000000ANDR","properties":{"NF_ID":"WTR0100000000ANDR","admin_code":"51150","source_layer":"TN_RIVER_BNDRY","semantic":"zone","river_class":"지방하천","river_class_source":"중심선 공간조인","river_name":"신왕천","river_code":"1620250","survey_method":"사진측량"},"geometry":{"type":"Polygon","coordinates":[[[128.77297,37.82636],[128.77266,37.82609],[128.77244,37.82634],[128.77278,37.82657],[128.77297,37.82636]]]}},{"type":"Feature","id":"TN_RIVER_BNDRY:WTR0100000000ANES","properties":{"NF_ID":"WTR0100000000ANES","admin_code":"51150","source_layer":"TN_RIVER_BNDRY","semantic":"zone","river_class":"지방하천","river_class_source":"중심선 공간조인","river_name":"신왕천","river_code":"1620250","survey_method":"사진측량"},"geometry":{"type":"Polygon","coordinates":[[[128.77869,37.83016],[128.77453,37.82963],[128.77389,37.82928],[128.774,37.82978],[128.77493,37.82999],[128.77511,37.82981],[128.77552,37.82984],[128.77779,37.83016],[128.77871,37.83048],[128.77869,37.83016]]]}},{"type":"Feature","id":"TN_RIVER_BNDRY:WTR0100000000ANFT","properties":{"NF_ID":"WTR0100000000ANFT","admin_code":"51150","source_layer":"TN_RIVER_BNDRY","semantic":"zone","river_class":"지방하천","river_class_source":"중심선 공간조인","river_name":"신왕천","river_code":"1620250","survey_method":"사진측량"},"geometry":{"type":"Polygon","coordinates":[[[128.77263,37.82606],[128.77194,37.82572],[128.77127,37.8251],[128.77091,37.82412],[128.77072,37.82283],[128.77054,37.82296],[128.77041,37.82276],[128.76985,37.82271],[128.76914,37.82308],[128.76887,37.82376],[128.76886,37.82435],[128.76814,37.82425],[128.7676,37.82373],[128.76738,37.82286],[128.76682,37.82224],[128.7664,37.82126],[128.76542,37.82035],[128.76525,37.8198],[128.76466,37.81955],[128.76462,37.81931],[128.76507,37.81894],[128.76519,37.81869],[128.76505,37.8187],[128.76451,37.81946],[128.76519,37.81985],[128.76551,37.82068],[128.76572,37.82077],[128.76712,37.82269],[128.76747,37.82376],[128.76784,37.82425],[128.7686,37.82458],[128.76922,37.82452],[128.76921,37.82336],[128.76978,37.82284],[128.77033,37.82288],[128.77075,37.82315],[128.7706,37.82388],[128.77115,37.82528],[128.77228,37.82627],[128.77263,37.82606]]]}},{"type":"Feature","id":"TN_RIVER_BNDRY:WTR0100000000ANGU","properties":{"NF_ID":"WTR0100000000ANGU","admin_code":"51150","source_layer":"TN_RIVER_BNDRY","semantic":"zone","river_class":"지방하천","river_class_source":"중심선 공간조인","river_name":"신왕천","river_code":"1620250","survey_method":"사진측량"},"geometry":{"type":"Polygon","coordinates":[[[128.77297,37.82636],[128.77285,37.82664],[128.77482,37.82763],[128.77385,37.82914],[128.77414,37.82914],[128.77511,37.82809],[128.77515,37.8274],[128.77297,37.82636]]]}},{"type":"Feature","id":"TN_RIVER_BNDRY:WTR0100000000ANHV","properties":{"NF_ID":"WTR0100000000ANHV","admin_code":"51150","source_layer":"TN_RIVER_BNDRY","semantic":"zone","river_class":"소하천","river_class_source":"중심선 공간조인","survey_method":"사진측량"},"geometry":{"type":"Polygon","coordinates":[[[128.77263,37.82606],[128.77313,37.82576],[128.77322,37.82531],[128.77276,37.82399],[128.77224,37.82367],[128.77213,37.82299],[128.77217,37.82365],[128.77271,37.82404],[128.77317,37.82529],[128.77307,37.82575],[128.77263,37.82606]]]}},{"type":"Feature","id":"TN_RIVER_BNDRY:WTR0100000000ANIW","properties":{"NF_ID":"WTR0100000000ANIW","admin_code":"51150","source_layer":"TN_RIVER_BNDRY","semantic":"zone","river_class":"지방하천","river_class_source":"중심선 공간조인","river_name":"연곡천","river_code":"1620240","survey_method":"사진측량"},"geometry":{"type":"Polygon","coordinates":[[[128.77499,37.84956],[128.77485,37.84832],[128.77464,37.84839],[128.77451,37.84962],[128.77499,37.84956]]]}},{"type":"Feature","id":"TN_RIVER_BNDRY:WTR0100000000ANJX","properties":{"NF_ID":"WTR0100000000ANJX","admin_code":"51150","source_layer":"TN_RIVER_BNDRY","semantic":"zone","river_class":"지방하천","river_class_source":"중심선 공간조인","river_name":"연곡천","river_code":"1620240","survey_method":"사진측량"},"geometry":{"type":"Polygon","coordinates":[[[128.7768,37.84942],[128.77583,37.8483],[128.77527,37.84851],[128.77515,37.84825],[128.77485,37.84832],[128.77499,37.84956],[128.7768,37.84942]]]}},{"type":"Feature","id":"TN_RIVER_BNDRY:WTR0100000000ANKY","properties":{"NF_ID":"WTR0100000000ANKY","admin_code":"51150","source_layer":"TN_RIVER_BNDRY","semantic":"zone","river_class":"지방하천","river_class_source":"중심선 공간조인","river_name":"신왕천","river_code":"1620250","survey_method":"사진측량"},"geometry":{"type":"Polygon","coordinates":[[[128.76361,37.81036],[128.76342,37.81042],[128.7633,37.81136],[128.76358,37.81261],[128.7632,37.81322],[128.7627,37.81339],[128.76254,37.81415],[128.76282,37.81475],[128.76336,37.81521],[128.76336,37.81551],[128.76109,37.81559],[128.76084,37.81573],[128.76087,37.81606],[128.76148,37.81698],[128.76181,37.81707],[128.76207,37.81738],[128.76228,37.81725],[128.76428,37.81704],[128.76505,37.81732],[128.76519,37.8177],[128.76505,37.8185],[128.76529,37.81862],[128.76588,37.81779],[128.76559,37.81741],[128.76498,37.81713],[128.76414,37.81697],[128.76298,37.81719],[128.76195,37.81716],[128.76103,37.81606],[128.76126,37.81575],[128.76295,37.81561],[128.7633,37.8157],[128.76368,37.81542],[128.76368,37.81526],[128.76287,37.81458],[128.76266,37.81399],[128.76288,37.81368],[128.7628,37.81339],[128.76331,37.81327],[128.7637,37.81267],[128.76343,37.81135],[128.76361,37.81036]]]}},{"type":"Feature","id":"TN_RIVER_BNDRY:WTR0100000000ANLZ","properties":{"NF_ID":"WTR0100000000ANLZ","admin_code":"51150","source_layer":"TN_RIVER_BNDRY","semantic":"zone","river_class":"지방하천","river_class_source":"중심선 공간조인","river_name":"신왕천","river_code":"1620250","survey_method":"사진측량"},"geometry":{"type":"Polygon","coordinates":[[[128.76519,37.81869],[128.76529,37.81862],[128.76504,37.81858],[128.76519,37.81869]]]}},{"type":"Feature","id":"TN_RIVER_BNDRY:WTR0100000000ANM0","properties":{"NF_ID":"WTR0100000000ANM0","admin_code":"51150","source_layer":"TN_RIVER_BNDRY","semantic":"zone","river_class":"소하천","river_class_source":"중심선 공간조인","survey_method":"사진측량"},"geometry":{"type":"Polygon","coordinates":[[[128.76529,37.81862],[128.76519,37.81869],[128.76603,37.81879],[128.76529,37.81862]]]}},{"type":"Feature","id":"TN_RIVER_BNDRY:WTR0100000000ANN1","properties":{"NF_ID":"WTR0100000000ANN1","admin_code":"51150","source_layer":"TN_RIVER_BNDRY","semantic":"zone","river_class":"소하천","river_class_source":"중심선 공간조인","survey_method":"사진측량"},"geometry":{"type":"Polygon","coordinates":[[[128.7666,37.80978],[128.76675,37.81058],[128.76747,37.81058],[128.76679,37.81051],[128.76678,37.80996],[128.7666,37.80978]]]}},{"type":"Feature","id":"TN_RIVER_BNDRY:WTR0100000000ANO2","properties":{"NF_ID":"WTR0100000000ANO2","admin_code":"51150","source_layer":"TN_RIVER_BNDRY","semantic":"zone","river_class":"소하천","river_class_source":"중심선 공간조인","survey_method":"사진측량"},"geometry":{"type":"Polygon","coordinates":[[[128.76648,37.80973],[128.7666,37.80978],[128.76692,37.80941],[128.76648,37.80973]]]}},{"type":"Feature","id":"TN_RIVER_BNDRY:WTR0100000000ANP3","properties":{"NF_ID":"WTR0100000000ANP3","admin_code":"51150","source_layer":"TN_RIVER_BNDRY","semantic":"zone","river_class":"소하천","river_class_source":"중심선 공간조인","survey_method":"사진측량"},"geometry":{"type":"Polygon","coordinates":[[[128.7666,37.80978],[128.76648,37.80973],[128.76645,37.80979],[128.7665,37.80981],[128.76654,37.80982],[128.7666,37.80978]]]}},{"type":"Feature","id":"TN_RIVER_BNDRY:WTR0100000000ANQ4","properties":{"NF_ID":"WTR0100000000ANQ4","admin_code":"51150","source_layer":"TN_RIVER_BNDRY","semantic":"zone","river_class":"지방하천","river_class_source":"중심선 공간조인","river_name":"신왕천","river_code":"1620250","survey_method":"사진측량"},"geometry":{"type":"Polygon","coordinates":[[[128.76361,37.81036],[128.76356,37.81025],[128.76335,37.81029],[128.76342,37.81042],[128.76361,37.81036]]]}},{"type":"Feature","id":"TN_RIVER_BNDRY:WTR0100000000ANR5","properties":{"NF_ID":"WTR0100000000ANR5","admin_code":"51150","source_layer":"TN_RIVER_BNDRY","semantic":"zone","river_class":"소하천","river_class_source":"중심선 공간조인","survey_method":"사진측량"},"geometry":{"type":"Polygon","coordinates":[[[128.76645,37.80979],[128.7661,37.8097],[128.7654,37.8099],[128.76437,37.80983],[128.76356,37.81025],[128.76361,37.81036],[128.76442,37.80986],[128.76541,37.80999],[128.76599,37.80976],[128.76645,37.80979]]]}},{"type":"Feature","id":"TN_RIVER_BNDRY:WTR0100000000ANS6","properties":{"NF_ID":"WTR0100000000ANS6","admin_code":"51150","source_layer":"TN_RIVER_BNDRY","semantic":"zone","river_class":"소하천","river_class_source":"중심선 공간조인","survey_method":"사진측량"},"geometry":{"type":"Polygon","coordinates":[[[128.78699,37.89151],[128.78703,37.89149],[128.78698,37.89147],[128.78693,37.89152],[128.78699,37.89151]]]}},{"type":"Feature","id":"TN_RIVER_BNDRY:WTR0100000000ANT7","properties":{"NF_ID":"WTR0100000000ANT7","admin_code":"51150","source_layer":"TN_RIVER_BNDRY","semantic":"zone","river_class":"지방하천","river_class_source":"중심선 공간조인","river_name":"신리천","river_code":"1620230","survey_method":"사진측량"},"geometry":{"type":"Polygon","coordinates":[[[128.78741,37.87688],[128.78729,37.8768],[128.78703,37.87736],[128.7876,37.8774],[128.78741,37.87688]]]}},{"type":"Feature","id":"TN_RIVER_BNDRY:WTR0100000000ANU8","properties":{"NF_ID":"WTR0100000000ANU8","admin_code":"51150","source_layer":"TN_RIVER_BNDRY","semantic":"zone","river_class":"지방하천","river_class_source":"중심선 공간조인","river_name":"신리천","river_code":"1620230","survey_method":"사진측량"},"geometry":{"type":"Polygon","coordinates":[[[128.7794,37.87867],[128.78026,37.87774],[128.782,37.87709],[128.78288,37.87704],[128.78703,37.87736],[128.78729,37.8768],[128.78252,37.87642],[128.78183,37.87655],[128.78087,37.87685],[128.77973,37.87755],[128.77909,37.87823],[128.7787,37.87901],[128.7794,37.87867]]]}},{"type":"Feature","id":"TN_RIVER_BNDRY:WTR0100000000ANV9","properties":{"NF_ID":"WTR0100000000ANV9","admin_code":"51150","source_layer":"TN_RIVER_BNDRY","semantic":"zone","river_class":"지방하천","river_class_source":"중심선 공간조인","river_name":"신리천","river_code":"1620230","survey_method":"사진측량"},"geometry":{"type":"Polygon","coordinates":[[[128.7794,37.87867],[128.77866,37.87905],[128.77924,37.8791],[128.7794,37.87867]]]}},{"type":"Feature","id":"TN_RIVER_BNDRY:WTR0100000000ANWA","properties":{"NF_ID":"WTR0100000000ANWA","admin_code":"51150","source_layer":"TN_RIVER_BNDRY","semantic":"zone","river_class":"소하천","river_class_source":"중심선 공간조인","survey_method":"사진측량"},"geometry":{"type":"Polygon","coordinates":[[[128.78745,37.87665],[128.78733,37.87661],[128.78728,37.87666],[128.78739,37.87671],[128.7874,37.87669],[128.78745,37.87665]]]}},{"type":"Feature","id":"TN_RIVER_BNDRY:WTR0100000000ANXB","properties":{"NF_ID":"WTR0100000000ANXB","admin_code":"51150","source_layer":"TN_RIVER_BNDRY","semantic":"zone","river_class":"소하천","river_class_source":"중심선 공간조인","survey_method":"사진측량"},"geometry":{"type":"Polygon","coordinates":[[[128.78739,37.87671],[128.78728,37.87666],[128.78731,37.8767],[128.78732,37.87673],[128.7873,37.87678],[128.78729,37.8768],[128.78741,37.87688],[128.7874,37.87685],[128.7874,37.87683],[128.78739,37.87681],[128.78739,37.87678],[128.78739,37.87676],[128.78739,37.87672],[128.78739,37.87671]]]}},{"type":"Feature","id":"TN_RIVER_BNDRY:WTR0100000000ANYC","properties":{"NF_ID":"WTR0100000000ANYC","admin_code":"51150","source_layer":"TN_RIVER_BNDRY","semantic":"zone","river_class":"소하천","river_class_source":"중심선 공간조인","survey_method":"사진측량"},"geometry":{"type":"Polygon","coordinates":[[[128.78733,37.87661],[128.78696,37.87638],[128.78655,37.87511],[128.78607,37.87502],[128.7851,37.87413],[128.78438,37.874],[128.78358,37.87356],[128.78434,37.87402],[128.78511,37.87418],[128.78599,37.87502],[128.78652,37.87516],[128.78692,37.87642],[128.78733,37.87661]]]}},{"type":"Feature","id":"TN_RIVER_BNDRY:WTR0100000000ANZD","properties":{"NF_ID":"WTR0100000000ANZD","admin_code":"51150","source_layer":"TN_RIVER_BNDRY","semantic":"zone","river_class":"소하천","river_class_source":"중심선 공간조인","survey_method":"사진측량"},"geometry":{"type":"Polygon","coordinates":[[[128.78601,37.87237],[128.78706,37.87406],[128.78772,37.87445],[128.78805,37.875],[128.78766,37.8759],[128.7877,37.87627],[128.78733,37.87661],[128.78745,37.87665],[128.78777,37.87631],[128.78771,37.87594],[128.7881,37.87501],[128.78779,37.87445],[128.78711,37.87404],[128.78601,37.87237]]]}},{"type":"Feature","id":"TN_RIVER_BNDRY:WTR0100000000AO0F","properties":{"NF_ID":"WTR0100000000AO0F","admin_code":"51150","source_layer":"TN_RIVER_BNDRY","semantic":"zone","river_class":"소하천","river_class_source":"중심선 공간조인","survey_method":"사진측량"},"geometry":{"type":"Polygon","coordinates":[[[128.78698,37.89147],[128.7866,37.89144],[128.7854,37.89079],[128.78462,37.8909],[128.78538,37.89082],[128.78653,37.89145],[128.78698,37.89147]]]}},{"type":"Feature","id":"TN_RIVER_BNDRY:WTR0100000000AO1G","properties":{"NF_ID":"WTR0100000000AO1G","admin_code":"51150","source_layer":"TN_RIVER_BNDRY","semantic":"zone","river_class":"소하천","river_class_source":"중심선 공간조인","survey_method":"사진측량"},"geometry":{"type":"Polygon","coordinates":[[[128.78699,37.89151],[128.78659,37.89194],[128.78625,37.89269],[128.7862,37.89438],[128.7863,37.89269],[128.78699,37.89151]]]}},{"type":"Feature","id":"TN_RIVER_BNDRY:WTR0100000000AO2H","properties":{"NF_ID":"WTR0100000000AO2H","admin_code":"51150","source_layer":"TN_RIVER_BNDRY","semantic":"zone","river_class":"소하천","river_class_source":"중심선 공간조인","survey_method":"사진측량"},"geometry":{"type":"Polygon","coordinates":[[[128.78462,37.8909],[128.78359,37.89139],[128.78346,37.89169],[128.78276,37.89215],[128.78346,37.89172],[128.78363,37.8914],[128.78437,37.89115],[128.78462,37.8909]]]}},{"type":"Feature","id":"TN_RIVER_BNDRY:WTR0100000000AO3I","properties":{"NF_ID":"WTR0100000000AO3I","admin_code":"51150","source_layer":"TN_RIVER_BNDRY","semantic":"zone","river_class":"소하천","river_class_source":"중심선 공간조인","survey_method":"사진측량"},"geometry":{"type":"Polygon","coordinates":[[[128.78458,37.89085],[128.78357,37.89059],[128.7832,37.89032],[128.78254,37.89029],[128.78321,37.89036],[128.78374,37.89068],[128.78458,37.89085]]]}},{"type":"Feature","id":"TN_RIVER_BNDRY:WTR0100000000AO4J","properties":{"NF_ID":"WTR0100000000AO4J","admin_code":"51150","source_layer":"TN_RIVER_BNDRY","semantic":"zone","river_class":"소하천","river_class_source":"중심선 공간조인","survey_method":"사진측량"},"geometry":{"type":"Polygon","coordinates":[[[128.78464,37.89086],[128.78458,37.89085],[128.78458,37.8909],[128.78462,37.8909],[128.78464,37.89086]]]}},{"type":"Feature","id":"TN_RIVER_BNDRY:WTR0100000000AO5K","properties":{"NF_ID":"WTR0100000000AO5K","admin_code":"51150","source_layer":"TN_RIVER_BNDRY","semantic":"zone","river_class":"지방하천","river_class_source":"중심선 공간조인","river_name":"연곡천","river_code":"1620240","survey_method":"사진측량"},"geometry":{"type":"Polygon","coordinates":[[[128.7892,37.85072],[128.78508,37.84855],[128.78461,37.84855],[128.78303,37.848],[128.78259,37.84791],[128.7809,37.84803],[128.7801,37.84786],[128.77954,37.84751],[128.77791,37.84743],[128.77741,37.84763],[128.77931,37.84963],[128.78049,37.84915],[128.78275,37.84866],[128.78403,37.84883],[128.78659,37.85006],[128.78835,37.85129],[128.78821,37.85159],[128.7892,37.85072]]]}},{"type":"Feature","id":"TN_RIVER_BNDRY:WTR0100000000AO6L","properties":{"NF_ID":"WTR0100000000AO6L","admin_code":"51150","source_layer":"TN_RIVER_BNDRY","semantic":"zone","river_class":"소하천","river_class_source":"중심선 공간조인","survey_method":"사진측량"},"geometry":{"type":"Polygon","coordinates":[[[128.7901,37.85272],[128.78821,37.85159],[128.78475,37.85081],[128.78446,37.85105],[128.78495,37.85125],[128.78578,37.85127],[128.78692,37.85158],[128.78683,37.85191],[128.78706,37.85168],[128.78779,37.85177],[128.78834,37.85194],[128.78818,37.85229],[128.78981,37.85279],[128.7901,37.85272]]]}},{"type":"Feature","id":"TN_RIVER_BNDRY:WTR0100000000AO7M","properties":{"NF_ID":"WTR0100000000AO7M","admin_code":"51150","source_layer":"TN_RIVER_BNDRY","semantic":"zone","river_class":"지방하천","river_class_source":"중심선 공간조인","river_name":"연곡천","river_code":"1620240","survey_method":"사진측량"},"geometry":{"type":"Polygon","coordinates":[[[128.79331,37.85121],[128.79215,37.85125],[128.7892,37.85072],[128.78821,37.85159],[128.7901,37.85272],[128.79331,37.85121]]]}},{"type":"Feature","id":"TN_RIVER_BNDRY:WTR0100000000AO8N","properties":{"NF_ID":"WTR0100000000AO8N","admin_code":"51150","source_layer":"TN_RIVER_BNDRY","semantic":"zone","river_class":"소하천","river_class_source":"중심선 공간조인","survey_method":"사진측량"},"geometry":{"type":"Polygon","coordinates":[[[128.78292,37.85143],[128.7831,37.85128],[128.78207,37.85149],[128.78118,37.85193],[128.77945,37.85168],[128.78005,37.85189],[128.78123,37.85197],[128.78206,37.85154],[128.78292,37.85143]]]}},{"type":"Feature","id":"TN_RIVER_BNDRY:WTR0100000000AO9O","properties":{"NF_ID":"WTR0100000000AO9O","admin_code":"51150","source_layer":"TN_RIVER_BNDRY","semantic":"zone","river_class":"소하천","river_class_source":"중심선 공간조인","survey_method":"사진측량"},"geometry":{"type":"Polygon","coordinates":[[[128.77945,37.85168],[128.77938,37.8517],[128.77939,37.85177],[128.77942,37.85177],[128.77949,37.85179],[128.77945,37.85168]]]}},{"type":"Feature","id":"TN_RIVER_BNDRY:WTR0100000000AOAP","properties":{"NF_ID":"WTR0100000000AOAP","admin_code":"51150","source_layer":"TN_RIVER_BNDRY","semantic":"zone","river_class":"소하천","river_class_source":"중심선 공간조인","survey_method":"사진측량"},"geometry":{"type":"Polygon","coordinates":[[[128.77939,37.85177],[128.77829,37.85161],[128.77783,37.85214],[128.77778,37.85286],[128.77722,37.85333],[128.77678,37.85347],[128.7772,37.85339],[128.77791,37.85282],[128.77786,37.85215],[128.77828,37.85164],[128.77939,37.85177]]]}},{"type":"Feature","id":"TN_RIVER_BNDRY:WTR0100000000AOBQ","properties":{"NF_ID":"WTR0100000000AOBQ","admin_code":"51150","source_layer":"TN_RIVER_BNDRY","semantic":"zone","river_class":"소하천","river_class_source":"중심선 공간조인","survey_method":"사진측량"},"geometry":{"type":"Polygon","coordinates":[[[128.77945,37.85168],[128.77844,37.85104],[128.77582,37.8509],[128.77835,37.85106],[128.77945,37.85168]]]}},{"type":"Feature","id":"TN_RIVER_BNDRY:WTR0100000000AOCR","properties":{"NF_ID":"WTR0100000000AOCR","admin_code":"51150","source_layer":"TN_RIVER_BNDRY","semantic":"zone","river_class":"소하천","river_class_source":"중심선 공간조인","survey_method":"사진측량"},"geometry":{"type":"Polygon","coordinates":[[[128.78319,37.85136],[128.7831,37.85128],[128.78292,37.85143],[128.78319,37.85136]]]}},{"type":"Feature","id":"TN_RIVER_BNDRY:WTR0100000000AODS","properties":{"NF_ID":"WTR0100000000AODS","admin_code":"51150","source_layer":"TN_RIVER_BNDRY","semantic":"zone","river_class":"소하천","river_class_source":"중심선 공간조인","survey_method":"사진측량"},"geometry":{"type":"Polygon","coordinates":[[[128.78446,37.85069],[128.7827,37.85005],[128.78097,37.85008],[128.77942,37.84982],[128.77931,37.84963],[128.7768,37.84942],[128.77746,37.84969],[128.78122,37.85026],[128.78257,37.85022],[128.78256,37.85011],[128.78404,37.85087],[128.78446,37.85069]]]}},{"type":"Feature","id":"TN_RIVER_BNDRY:WTR0100000000AOET","properties":{"NF_ID":"WTR0100000000AOET","admin_code":"51150","source_layer":"TN_RIVER_BNDRY","semantic":"zone","river_class":"소하천","river_class_source":"중심선 공간조인","survey_method":"사진측량"},"geometry":{"type":"Polygon","coordinates":[[[128.78475,37.85081],[128.78446,37.85069],[128.78404,37.85087],[128.78446,37.85105],[128.78475,37.85081]]]}},{"type":"Feature","id":"TN_RIVER_BNDRY:WTR0100000000AOFU","properties":{"NF_ID":"WTR0100000000AOFU","admin_code":"51150","source_layer":"TN_RIVER_BNDRY","semantic":"zone","river_class":"소하천","river_class_source":"중심선 공간조인","survey_method":"사진측량"},"geometry":{"type":"Polygon","coordinates":[[[128.78292,37.85143],[128.7826,37.85165],[128.78258,37.852],[128.78136,37.85241],[128.78162,37.85316],[128.78227,37.85408],[128.78223,37.85447],[128.78233,37.85407],[128.78166,37.85312],[128.78144,37.85243],[128.78262,37.85205],[128.78265,37.85166],[128.78292,37.85143]]]}},{"type":"Feature","id":"TN_RIVER_BNDRY:WTR0100000000AOGV","properties":{"NF_ID":"WTR0100000000AOGV","admin_code":"51150","source_layer":"TN_RIVER_BNDRY","semantic":"zone","river_class":"소하천","river_class_source":"중심선 공간조인","survey_method":"사진측량"},"geometry":{"type":"Polygon","coordinates":[[[128.78446,37.85105],[128.78404,37.85087],[128.78402,37.85102],[128.7831,37.85128],[128.78446,37.85105]]]}},{"type":"Feature","id":"TN_RIVER_BNDRY:WTR0100000000AOHW","properties":{"NF_ID":"WTR0100000000AOHW","admin_code":"51150","source_layer":"TN_RIVER_BNDRY","semantic":"zone","river_class":"지방하천","river_class_source":"중심선 공간조인","river_name":"신왕천","river_code":"1620250","survey_method":"사진측량"},"geometry":{"type":"Polygon","coordinates":[[[128.79816,37.84717],[128.79798,37.84681],[128.79694,37.8469],[128.79408,37.84635],[128.79275,37.84632],[128.79105,37.84659],[128.79025,37.84629],[128.78999,37.84571],[128.79083,37.84305],[128.79051,37.84262],[128.79004,37.84249],[128.78973,37.84215],[128.78979,37.84168],[128.78941,37.84153],[128.78892,37.84058],[128.78858,37.84026],[128.78818,37.83923],[128.78756,37.83902],[128.78716,37.83848],[128.78568,37.83848],[128.78481,37.83886],[128.78471,37.83933],[128.78419,37.83961],[128.7837,37.83934],[128.78289,37.8393],[128.78126,37.83966],[128.7817,37.83976],[128.78237,37.84028],[128.78293,37.84048],[128.78316,37.84033],[128.78408,37.84032],[128.78448,37.83999],[128.785,37.83981],[128.78544,37.83997],[128.78689,37.84004],[128.78686,37.84097],[128.78726,37.8419],[128.78683,37.84207],[128.78652,37.84196],[128.78641,37.8423],[128.78604,37.84227],[128.78572,37.84243],[128.78639,37.84235],[128.78663,37.84215],[128.78662,37.84239],[128.78739,37.84234],[128.78751,37.84282],[128.78801,37.84322],[128.79034,37.84314],[128.78965,37.84536],[128.78956,37.84618],[128.79032,37.8469],[128.79079,37.84699],[128.79281,37.84665],[128.79391,37.84664],[128.79676,37.84718],[128.79816,37.84717]]]}},{"type":"Feature","id":"TN_RIVER_BNDRY:WTR0100000000AOIX","properties":{"NF_ID":"WTR0100000000AOIX","admin_code":"51150","source_layer":"TN_RIVER_BNDRY","semantic":"zone","river_class":"지방하천","river_class_source":"중심선 공간조인","river_name":"신왕천","river_code":"1620250","survey_method":"사진측량"},"geometry":{"type":"Polygon","coordinates":[[[128.79868,37.84709],[128.7982,37.84666],[128.79798,37.84681],[128.79816,37.84717],[128.79868,37.84709]]]}},{"type":"Feature","id":"TN_RIVER_BNDRY:WTR0100000000AOJY","properties":{"NF_ID":"WTR0100000000AOJY","admin_code":"51150","source_layer":"TN_RIVER_BNDRY","semantic":"zone","river_class":"지방하천","river_class_source":"중심선 공간조인","river_name":"신왕천","river_code":"1620250","survey_method":"사진측량"},"geometry":{"type":"Polygon","coordinates":[[[128.80106,37.84667],[128.80145,37.84596],[128.79987,37.84618],[128.79876,37.84661],[128.7982,37.84666],[128.79868,37.84709],[128.80106,37.84667]]]}},{"type":"Feature","id":"TN_RIVER_BNDRY:WTR0100000000AOKZ","properties":{"NF_ID":"WTR0100000000AOKZ","admin_code":"51150","source_layer":"TN_RIVER_BNDRY","semantic":"zone","river_class":"소하천","river_class_source":"중심선 공간조인","survey_method":"사진측량"},"geometry":{"type":"Polygon","coordinates":[[[128.79543,37.84277],[128.79548,37.84286],[128.79629,37.84251],[128.79737,37.84155],[128.79801,37.84037],[128.79933,37.84019],[128.79795,37.84036],[128.79732,37.84153],[128.79623,37.8425],[128.79543,37.84277]]]}},{"type":"Feature","id":"TN_RIVER_BNDRY:WTR0100000000AOL0","properties":{"NF_ID":"WTR0100000000AOL0","admin_code":"51150","source_layer":"TN_RIVER_BNDRY","semantic":"zone","river_class":"소하천","river_class_source":"중심선 공간조인","river_name":"물한천","survey_method":"사진측량"},"geometry":{"type":"Polygon","coordinates":[[[128.79548,37.84286],[128.79543,37.84277],[128.79533,37.8428],[128.79535,37.84287],[128.79536,37.84291],[128.79548,37.84286]]]}},{"type":"Feature","id":"TN_RIVER_BNDRY:WTR0100000000AOM1","properties":{"NF_ID":"WTR0100000000AOM1","admin_code":"51150","source_layer":"TN_RIVER_BNDRY","semantic":"zone","river_class":"지방하천","river_class_source":"중심선 공간조인","river_name":"신왕천","river_code":"1620250","survey_method":"사진측량"},"geometry":{"type":"Polygon","coordinates":[[[128.77938,37.83354],[128.77915,37.83348],[128.77913,37.83356],[128.77913,37.83358],[128.77939,37.83359],[128.77938,37.83354]]]}},{"type":"Feature","id":"TN_RIVER_BNDRY:WTR0100000000AON2","properties":{"NF_ID":"WTR0100000000AON2","admin_code":"51150","source_layer":"TN_RIVER_BNDRY","semantic":"zone","river_class":"소하천","river_class_source":"중심선 공간조인","survey_method":"사진측량"},"geometry":{"type":"Polygon","coordinates":[[[128.77914,37.8356],[128.77869,37.83608],[128.77748,37.83629],[128.77873,37.83609],[128.77914,37.8356]]]}},{"type":"Feature","id":"TN_RIVER_BNDRY:WTR0100000000AOO3","properties":{"NF_ID":"WTR0100000000AOO3","admin_code":"51150","source_layer":"TN_RIVER_BNDRY","semantic":"zone","river_class":"지방하천","river_class_source":"중심선 공간조인","river_name":"신왕천","river_code":"1620250","survey_method":"사진측량"},"geometry":{"type":"Polygon","coordinates":[[[128.78126,37.83966],[128.78093,37.83975],[128.78043,37.83946],[128.77977,37.83973],[128.78044,37.83949],[128.78094,37.83978],[128.78126,37.83966]]]}},{"type":"Feature","id":"TN_RIVER_BNDRY:WTR0100000000AOP4","properties":{"NF_ID":"WTR0100000000AOP4","admin_code":"51150","source_layer":"TN_RIVER_BNDRY","semantic":"zone","river_class":"지방하천","river_class_source":"중심선 공간조인","river_name":"신왕천","river_code":"1620250","survey_method":"사진측량"},"geometry":{"type":"Polygon","coordinates":[[[128.78261,37.83934],[128.78174,37.83923],[128.78126,37.83966],[128.78261,37.83934]]]}},{"type":"Feature","id":"TN_RIVER_BNDRY:WTR0100000000AOQ5","properties":{"NF_ID":"WTR0100000000AOQ5","admin_code":"51150","source_layer":"TN_RIVER_BNDRY","semantic":"zone","river_class":"지방하천","river_class_source":"중심선 공간조인","river_name":"신왕천","river_code":"1620250","survey_method":"사진측량"},"geometry":{"type":"Polygon","coordinates":[[[128.78174,37.83923],[128.78128,37.83732],[128.78096,37.8367],[128.77949,37.83548],[128.77914,37.8356],[128.78026,37.83651],[128.78075,37.83714],[128.78116,37.83831],[128.78125,37.83962],[128.78174,37.83923]]]}},{"type":"Feature","id":"TN_RIVER_BNDRY:WTR0100000000AOR6","properties":{"NF_ID":"WTR0100000000AOR6","admin_code":"51150","source_layer":"TN_RIVER_BNDRY","semantic":"zone","river_class":"지방하천","river_class_source":"중심선 공간조인","river_name":"신왕천","river_code":"1620250","survey_method":"사진측량"},"geometry":{"type":"Polygon","coordinates":[[[128.77949,37.83548],[128.77941,37.83537],[128.77911,37.83557],[128.77949,37.83548]]]}},{"type":"Feature","id":"TN_RIVER_BNDRY:WTR0100000000AOS7","properties":{"NF_ID":"WTR0100000000AOS7","admin_code":"51150","source_layer":"TN_RIVER_BNDRY","semantic":"zone","river_class":"지방하천","river_class_source":"중심선 공간조인","river_name":"신왕천","river_code":"1620250","survey_method":"사진측량"},"geometry":{"type":"Polygon","coordinates":[[[128.77941,37.83537],[128.77917,37.83469],[128.77939,37.83359],[128.77913,37.83358],[128.7788,37.83497],[128.77911,37.83557],[128.77941,37.83537]]]}},{"type":"Feature","id":"TN_RIVER_BNDRY:WTR0100000000AOT8","properties":{"NF_ID":"WTR0100000000AOT8","admin_code":"51150","source_layer":"TN_RIVER_BNDRY","semantic":"zone","river_class":"소하천","river_class_source":"중심선 공간조인","survey_method":"사진측량"},"geometry":{"type":"Polygon","coordinates":[[[128.77938,37.83354],[128.77939,37.83359],[128.77944,37.8336],[128.77946,37.8336],[128.77955,37.83361],[128.77957,37.83362],[128.77959,37.83362],[128.77969,37.83361],[128.77977,37.8336],[128.77984,37.83362],[128.77987,37.83361],[128.78003,37.83359],[128.78021,37.83358],[128.78039,37.83356],[128.78047,37.83355],[128.78049,37.83354],[128.78048,37.83353],[128.78046,37.83353],[128.78004,37.83353],[128.78002,37.83354],[128.77996,37.83354],[128.77989,37.83357],[128.77988,37.83358],[128.77985,37.83358],[128.77979,37.83357],[128.77968,37.83356],[128.77962,37.83356],[128.77958,37.83357],[128.77955,37.83358],[128.77949,37.83357],[128.77943,37.83356],[128.7794,37.83356],[128.77938,37.83354]]]}},{"type":"Feature","id":"TN_RIVER_BNDRY:WTR0100000000AOU9","properties":{"NF_ID":"WTR0100000000AOU9","admin_code":"51150","source_layer":"TN_RIVER_BNDRY","semantic":"zone","river_class":"지방하천","river_class_source":"중심선 공간조인","river_name":"신왕천","river_code":"1620250","survey_method":"사진측량"},"geometry":{"type":"Polygon","coordinates":[[[128.77881,37.83018],[128.77869,37.83016],[128.77871,37.83048],[128.77912,37.83067],[128.77881,37.83018]]]}},{"type":"Feature","id":"TN_RIVER_BNDRY:WTR0100000000AOVA","properties":{"NF_ID":"WTR0100000000AOVA","admin_code":"51150","source_layer":"TN_RIVER_BNDRY","semantic":"zone","river_class":"지방하천","river_class_source":"중심선 공간조인","river_name":"신왕천","river_code":"1620250","survey_method":"사진측량"},"geometry":{"type":"Polygon","coordinates":[[[128.77881,37.83018],[128.77912,37.83067],[128.77964,37.83098],[128.77984,37.83141],[128.77966,37.83212],[128.77913,37.83275],[128.77915,37.83348],[128.77938,37.83354],[128.77962,37.8327],[128.78031,37.83194],[128.78027,37.83121],[128.77958,37.83032],[128.77881,37.83018]]]}},{"type":"Feature","id":"TN_RIVER_BNDRY:WTR0100000000AOWB","properties":{"NF_ID":"WTR0100000000AOWB","admin_code":"51150","source_layer":"TN_RIVER_BNDRY","semantic":"zone","river_class":"소하천","river_class_source":"중심선 공간조인","survey_method":"사진측량"},"geometry":{"type":"Polygon","coordinates":[[[128.79543,37.84277],[128.79347,37.83943],[128.79295,37.83892],[128.79196,37.83853],[128.7915,37.83817],[128.79127,37.83778],[128.79047,37.83715],[128.79025,37.83649],[128.79112,37.83488],[128.79203,37.8347],[128.7924,37.83444],[128.79283,37.83323],[128.79309,37.83312],[128.79346,37.83358],[128.79382,37.83355],[128.79439,37.83256],[128.79557,37.83224],[128.79604,37.83128],[128.79586,37.83103],[128.79596,37.83076],[128.79733,37.83018],[128.79729,37.82985],[128.79656,37.82944],[128.79616,37.82842],[128.79643,37.82741],[128.79778,37.82575],[128.7993,37.82545],[128.80018,37.8251],[128.80119,37.82411],[128.80186,37.82373],[128.80232,37.82282],[128.80211,37.82205],[128.80254,37.82124],[128.80209,37.82201],[128.80226,37.82264],[128.80179,37.82369],[128.80119,37.82398],[128.80014,37.82504],[128.79933,37.82538],[128.79777,37.82568],[128.79647,37.82721],[128.79626,37.82712],[128.79642,37.82728],[128.79607,37.82838],[128.79633,37.82931],[128.79658,37.82962],[128.79712,37.82987],[128.7972,37.83017],[128.7959,37.83069],[128.79574,37.83102],[128.79593,37.83134],[128.79545,37.83218],[128.79421,37.83256],[128.79372,37.83351],[128.7934,37.83346],[128.79319,37.83307],[128.79277,37.83317],[128.79218,37.83434],[128.79176,37.83469],[128.79101,37.83488],[128.78999,37.83642],[128.79,37.83685],[128.79124,37.83782],[128.79121,37.83809],[128.79142,37.83832],[128.79284,37.83903],[128.79331,37.83943],[128.79543,37.84277]]]}},{"type":"Feature","id":"TN_RIVER_BNDRY:WTR0100000000AOXC","properties":{"NF_ID":"WTR0100000000AOXC","admin_code":"51150","source_layer":"TN_RIVER_BNDRY","semantic":"zone","river_class":"소하천","river_class_source":"중심선 공간조인","river_name":"매바위골","survey_method":"사진측량"},"geometry":{"type":"Polygon","coordinates":[[[128.78207,37.82483],[128.78199,37.82469],[128.7815,37.8253],[128.78072,37.82559],[128.78012,37.82601],[128.78006,37.82628],[128.77941,37.82673],[128.77929,37.82712],[128.77966,37.82807],[128.78052,37.82908],[128.78016,37.82942],[128.77932,37.82937],[128.77877,37.82952],[128.77857,37.8298],[128.77869,37.83016],[128.77881,37.83018],[128.77867,37.82964],[128.77911,37.82945],[128.7803,37.82944],[128.7806,37.82906],[128.7806,37.82887],[128.78004,37.82846],[128.77958,37.82774],[128.7795,37.82677],[128.78079,37.82563],[128.78156,37.82535],[128.78207,37.82483]]]}},{"type":"Feature","id":"TN_RIVER_BNDRY:WTR0100000000AOYD","properties":{"NF_ID":"WTR0100000000AOYD","admin_code":"51150","source_layer":"TN_RIVER_BNDRY","semantic":"zone","river_class":"소하천","river_class_source":"중심선 공간조인","river_name":"물한천","survey_method":"사진측량"},"geometry":{"type":"Polygon","coordinates":[[[128.7982,37.84666],[128.79755,37.84633],[128.7961,37.84491],[128.79548,37.84286],[128.79536,37.84291],[128.79592,37.84485],[128.79798,37.84681],[128.7982,37.84666]]]}},{"type":"Feature","id":"TN_RIVER_BNDRY:WTR0100000000AOZE","properties":{"NF_ID":"WTR0100000000AOZE","admin_code":"51150","source_layer":"TN_RIVER_BNDRY","semantic":"zone","river_class":"지방하천","river_class_source":"중심선 공간조인","river_name":"연곡천","river_code":"1620240","survey_method":"사진측량"},"geometry":{"type":"Polygon","coordinates":[[[128.77741,37.84763],[128.77583,37.8483],[128.7768,37.84942],[128.77931,37.84963],[128.77741,37.84763]]]}},{"type":"Feature","id":"TN_RIVER_BNDRY:WTR0100000000AP0G","properties":{"NF_ID":"WTR0100000000AP0G","admin_code":"51150","source_layer":"TN_RIVER_BNDRY","semantic":"zone","river_class":"소하천","river_class_source":"중심선 공간조인","survey_method":"사진측량"},"geometry":{"type":"Polygon","coordinates":[[[128.79923,37.80921],[128.79969,37.80915],[128.79944,37.80909],[128.79874,37.80919],[128.79923,37.80921]]]}},{"type":"Feature","id":"TN_RIVER_BNDRY:WTR0100000000AP1H","properties":{"NF_ID":"WTR0100000000AP1H","admin_code":"51150","source_layer":"TN_RIVER_BNDRY","semantic":"zone","river_class":"소하천","river_class_source":"중심선 공간조인","survey_method":"사진측량"},"geometry":{"type":"Polygon","coordinates":[[[128.80263,37.82116],[128.8028,37.82078],[128.80265,37.82046],[128.80131,37.82022],[128.80104,37.81988],[128.80092,37.81917],[128.80007,37.81756],[128.80005,37.81734],[128.80057,37.81665],[128.80123,37.81659],[128.80147,37.81639],[128.80163,37.81542],[128.80228,37.81408],[128.80164,37.81298],[128.80175,37.81212],[128.80162,37.81154],[128.80135,37.81124],[128.80079,37.81115],[128.80054,37.81096],[128.80029,37.80971],[128.80042,37.80928],[128.80024,37.80941],[128.8005,37.81093],[128.8007,37.81114],[128.8013,37.81125],[128.80159,37.81153],[128.80172,37.81222],[128.8016,37.813],[128.80202,37.81354],[128.80218,37.81412],[128.80162,37.81539],[128.8014,37.81641],[128.80122,37.81657],[128.80052,37.81665],[128.80031,37.81712],[128.80002,37.81734],[128.80004,37.81757],[128.8009,37.8192],[128.80115,37.82032],[128.8026,37.82053],[128.80263,37.82116]]]}},{"type":"Feature","id":"TN_RIVER_BNDRY:WTR0100000000AP2I","properties":{"NF_ID":"WTR0100000000AP2I","admin_code":"51150","source_layer":"TN_RIVER_BNDRY","semantic":"zone","river_class":"소하천","river_class_source":"중심선 공간조인","survey_method":"사진측량"},"geometry":{"type":"Polygon","coordinates":[[[128.78209,37.82458],[128.78218,37.82465],[128.78259,37.82388],[128.78226,37.82414],[128.78209,37.82458]]]}},{"type":"Feature","id":"TN_RIVER_BNDRY:WTR0100000000AP3J","properties":{"NF_ID":"WTR0100000000AP3J","admin_code":"51150","source_layer":"TN_RIVER_BNDRY","semantic":"zone","river_class":"소하천","river_class_source":"중심선 공간조인","survey_method":"사진측량"},"geometry":{"type":"Polygon","coordinates":[[[128.78209,37.82458],[128.78207,37.8239],[128.78158,37.82235],[128.78166,37.82209],[128.78205,37.82183],[128.78174,37.82145],[128.78175,37.82075],[128.7822,37.82042],[128.78172,37.82074],[128.78171,37.82148],[128.78202,37.82184],[128.78165,37.82206],[128.78152,37.82233],[128.78192,37.82356],[128.78199,37.82469],[128.78209,37.82458]]]}},{"type":"Feature","id":"TN_RIVER_BNDRY:WTR0100000000AP4K","properties":{"NF_ID":"WTR0100000000AP4K","admin_code":"51150","source_layer":"TN_RIVER_BNDRY","semantic":"zone","river_class":"소하천","river_class_source":"중심선 공간조인","survey_method":"사진측량"},"geometry":{"type":"Polygon","coordinates":[[[128.78218,37.82465],[128.78199,37.82469],[128.78207,37.82483],[128.78218,37.82465]]]}},{"type":"Feature","id":"TN_RIVER_BNDRY:WTR0100000000AP5L","properties":{"NF_ID":"WTR0100000000AP5L","admin_code":"51150","source_layer":"TN_RIVER_BNDRY","semantic":"zone","river_class":"소하천","river_class_source":"중심선 공간조인","river_name":"운계천","survey_method":"사진측량"},"geometry":{"type":"Polygon","coordinates":[[[128.80322,37.79794],[128.80291,37.79837],[128.80302,37.79874],[128.80258,37.79889],[128.80201,37.79967],[128.80231,37.80069],[128.80227,37.80166],[128.80158,37.80204],[128.80139,37.80272],[128.80088,37.80338],[128.80084,37.80381],[128.80043,37.80433],[128.80013,37.80443],[128.80007,37.8047],[128.79978,37.8048],[128.80009,37.80471],[128.80016,37.80445],[128.80044,37.80436],[128.80086,37.80389],[128.8009,37.80348],[128.80143,37.80271],[128.80147,37.80232],[128.80236,37.80165],[128.80236,37.80067],[128.80205,37.79968],[128.80264,37.79887],[128.80304,37.79875],[128.80294,37.79838],[128.80322,37.79794]]]}},{"type":"Feature","id":"TN_RIVER_BNDRY:WTR0100000000AP6M","properties":{"NF_ID":"WTR0100000000AP6M","admin_code":"51150","source_layer":"TN_RIVER_BNDRY","semantic":"zone","river_class":"지방하천","river_class_source":"중심선 공간조인","river_name":"사천천","river_code":"1620260","survey_method":"사진측량"},"geometry":{"type":"Polygon","coordinates":[[[128.79508,37.78598],[128.79525,37.78592],[128.79485,37.78557],[128.79464,37.78484],[128.79478,37.78559],[128.79516,37.78588],[128.79508,37.78598]]]}},{"type":"Feature","id":"TN_RIVER_BNDRY:WTR0100000000AP7N","properties":{"NF_ID":"WTR0100000000AP7N","admin_code":"51150","source_layer":"TN_RIVER_BNDRY","semantic":"zone","river_class":"소하천","river_class_source":"중심선 공간조인","survey_method":"사진측량"},"geometry":{"type":"Polygon","coordinates":[[[128.78648,37.785],[128.78603,37.78511],[128.78546,37.78592],[128.78544,37.78651],[128.78518,37.78686],[128.78348,37.78707],[128.78264,37.78691],[128.78188,37.787],[128.78056,37.78784],[128.78032,37.78814],[128.78051,37.78905],[128.78121,37.78922],[128.78135,37.78994],[128.78094,37.79035],[128.78074,37.79125],[128.78026,37.79164],[128.78029,37.79225],[128.77964,37.79243],[128.77949,37.79269],[128.77861,37.79264],[128.77799,37.79286],[128.77787,37.7927],[128.77775,37.79284],[128.7781,37.79288],[128.77865,37.79267],[128.77947,37.79277],[128.77968,37.79248],[128.78037,37.79229],[128.78036,37.79162],[128.78078,37.79127],[128.78097,37.79046],[128.78139,37.78995],[128.78124,37.78916],[128.78059,37.78906],[128.78043,37.78819],[128.7807,37.78783],[128.78189,37.78704],[128.78262,37.78695],[128.78344,37.78712],[128.78519,37.78691],[128.78548,37.78663],[128.78554,37.7859],[128.78611,37.78515],[128.78648,37.785]]]}},{"type":"Feature","id":"TN_RIVER_BNDRY:WTR0100000000AP8O","properties":{"NF_ID":"WTR0100000000AP8O","admin_code":"51150","source_layer":"TN_RIVER_BNDRY","semantic":"zone","river_class":"소하천","river_class_source":"중심선 공간조인","survey_method":"사진측량"},"geometry":{"type":"Polygon","coordinates":[[[128.77787,37.7927],[128.7776,37.7927],[128.77775,37.79284],[128.77787,37.7927]]]}},{"type":"Feature","id":"TN_RIVER_BNDRY:WTR0100000000AP9P","properties":{"NF_ID":"WTR0100000000AP9P","admin_code":"51150","source_layer":"TN_RIVER_BNDRY","semantic":"zone","river_class":"소하천","river_class_source":"중심선 공간조인","survey_method":"사진측량"},"geometry":{"type":"Polygon","coordinates":[[[128.7776,37.7927],[128.7777,37.79265],[128.77766,37.79265],[128.77756,37.79265],[128.77749,37.79264],[128.77745,37.7926],[128.77732,37.79255],[128.77717,37.79252],[128.77714,37.79257],[128.77722,37.79263],[128.77728,37.79265],[128.77735,37.79266],[128.77747,37.79271],[128.77754,37.79271],[128.7776,37.7927]]]}},{"type":"Feature","id":"TN_RIVER_BNDRY:WTR0100000000APAQ","properties":{"NF_ID":"WTR0100000000APAQ","admin_code":"51150","source_layer":"TN_RIVER_BNDRY","semantic":"zone","river_class":"소하천","river_class_source":"중심선 공간조인","survey_method":"사진측량"},"geometry":{"type":"Polygon","coordinates":[[[128.77775,37.79284],[128.7776,37.7927],[128.77738,37.7929],[128.77775,37.79284]]]}},{"type":"Feature","id":"TN_RIVER_BNDRY:WTR0100000000APBR","properties":{"NF_ID":"WTR0100000000APBR","admin_code":"51150","source_layer":"TN_RIVER_BNDRY","semantic":"zone","river_class":"소하천","river_class_source":"중심선 공간조인","survey_method":"사진측량"},"geometry":{"type":"Polygon","coordinates":[[[128.78963,37.787],[128.78925,37.78708],[128.78893,37.78737],[128.78963,37.787]]]}},{"type":"Feature","id":"TN_RIVER_BNDRY:WTR0100000000APCS","properties":{"NF_ID":"WTR0100000000APCS","admin_code":"51150","source_layer":"TN_RIVER_BNDRY","semantic":"zone","river_class":"지방하천","river_class_source":"중심선 공간조인","river_name":"사천천","river_code":"1620260","survey_method":"사진측량"},"geometry":{"type":"Polygon","coordinates":[[[128.79524,37.786],[128.79508,37.78598],[128.79498,37.7862],[128.79522,37.78626],[128.79524,37.786]]]}},{"type":"Feature","id":"TN_RIVER_BNDRY:WTR0100000000APDT","properties":{"NF_ID":"WTR0100000000APDT","admin_code":"51150","source_layer":"TN_RIVER_BNDRY","semantic":"zone","river_class":"지방하천","river_class_source":"중심선 공간조인","river_name":"사천천","river_code":"1620260","survey_method":"사진측량"},"geometry":{"type":"Polygon","coordinates":[[[128.81278,37.79012],[128.81272,37.78982],[128.80892,37.78988],[128.80673,37.78976],[128.80607,37.78996],[128.80565,37.78959],[128.80544,37.78816],[128.80513,37.7877],[128.80389,37.7873],[128.80187,37.78763],[128.80139,37.78741],[128.80015,37.7863],[128.7991,37.78608],[128.79848,37.78605],[128.79606,37.7876],[128.7954,37.78763],[128.79509,37.78742],[128.79496,37.78707],[128.79523,37.78631],[128.79498,37.7862],[128.79473,37.78727],[128.7953,37.78778],[128.79631,37.78773],[128.79656,37.78731],[128.79686,37.78729],[128.79783,37.78657],[128.79881,37.78618],[128.79965,37.7863],[128.80102,37.78719],[128.80162,37.78779],[128.80336,37.78752],[128.80438,37.78754],[128.80494,37.78773],[128.80522,37.78788],[128.80535,37.78825],[128.80541,37.78963],[128.80606,37.79016],[128.81278,37.79012]]]}},{"type":"Feature","id":"TN_RIVER_BNDRY:WTR0100000000APEU","properties":{"NF_ID":"WTR0100000000APEU","admin_code":"51150","source_layer":"TN_RIVER_BNDRY","semantic":"zone","river_class":"소하천","river_class_source":"중심선 공간조인","survey_method":"사진측량"},"geometry":{"type":"Polygon","coordinates":[[[128.7926,37.75884],[128.79262,37.75882],[128.7926,37.75881],[128.79258,37.75881],[128.79256,37.7588],[128.79255,37.7588],[128.79254,37.7588],[128.79252,37.7588],[128.79251,37.7588],[128.7925,37.7588],[128.79248,37.7588],[128.79247,37.7588],[128.79244,37.7588],[128.79243,37.7588],[128.79242,37.7588],[128.7924,37.75881],[128.79239,37.75881],[128.79237,37.75882],[128.79234,37.75883],[128.79231,37.75884],[128.79227,37.75885],[128.79225,37.75886],[128.79224,37.75886],[128.79223,37.75887],[128.79221,37.75887],[128.79221,37.75887],[128.79218,37.75888],[128.79214,37.75889],[128.79212,37.75889],[128.79209,37.7589],[128.79207,37.7589],[128.79207,37.7589],[128.79205,37.7589],[128.79204,37.7589],[128.79201,37.75891],[128.79198,37.75891],[128.79195,37.75891],[128.79194,37.75891],[128.79193,37.75891],[128.7919,37.75891],[128.79189,37.75891],[128.79189,37.75892],[128.79187,37.75892],[128.79185,37.75893],[128.79183,37.75894],[128.79182,37.75894],[128.7918,37.75894],[128.79179,37.75894],[128.79178,37.75894],[128.79173,37.75895],[128.79173,37.75895],[128.7917,37.75895],[128.79168,37.75895],[128.79168,37.75894],[128.79164,37.75894],[128.79162,37.75894],[128.79159,37.75893],[128.79157,37.75893],[128.79157,37.75893],[128.79156,37.75892],[128.79155,37.75892],[128.79153,37.75892],[128.7915,37.75892],[128.79149,37.75892],[128.79147,37.75892],[128.79144,37.75892],[128.79144,37.75894],[128.79146,37.75894],[128.79146,37.75894],[128.79148,37.75894],[128.79149,37.75894],[128.79151,37.75894],[128.79152,37.75894],[128.79153,37.75894],[128.79156,37.75894],[128.79158,37.75895],[128.79161,37.75895],[128.79161,37.75895],[128.79162,37.75895],[128.79163,37.75896],[128.79164,37.75896],[128.79164,37.75896],[128.79166,37.75897],[128.79167,37.75897],[128.79167,37.75898],[128.79168,37.75898],[128.79169,37.75898],[128.7917,37.75898],[128.79172,37.75898],[128.79173,37.75898],[128.79175,37.75898],[128.79176,37.75898],[128.79177,37.75898],[128.79179,37.75898],[128.79182,37.75897],[128.79184,37.75896],[128.79187,37.75896],[128.79191,37.75895],[128.79192,37.75895],[128.79194,37.75894],[128.79196,37.75894],[128.79197,37.75894],[128.79198,37.75894],[128.79201,37.75893],[128.79211,37.75892],[128.79212,37.75891],[128.79216,37.7589],[128.79217,37.7589],[128.79219,37.7589],[128.79219,37.7589],[128.79221,37.75889],[128.79224,37.75888],[128.79224,37.75888],[128.79226,37.75887],[128.79229,37.75887],[128.79229,37.75886],[128.79231,37.75886],[128.79233,37.75885],[128.79235,37.75884],[128.79237,37.75884],[128.79238,37.75883],[128.79239,37.75883],[128.79241,37.75883],[128.79243,37.75882],[128.79246,37.75882],[128.79246,37.75882],[128.79248,37.75882],[128.79248,37.75882],[128.79251,37.75882],[128.79254,37.75882],[128.79256,37.75882],[128.79256,37.75882],[128.79257,37.75882],[128.79258,37.75882],[128.79258,37.75882],[128.79259,37.75882],[128.79259,37.75883],[128.79259,37.75883],[128.7926,37.75883],[128.7926,37.75883],[128.7926,37.75884],[128.7926,37.75884]]]}},{"type":"Feature","id":"TN_RIVER_BNDRY:WTR0100000000APFV","properties":{"NF_ID":"WTR0100000000APFV","admin_code":"51150","source_layer":"TN_RIVER_BNDRY","semantic":"zone","river_class":"소하천","river_class_source":"중심선 공간조인","survey_method":"사진측량"},"geometry":{"type":"Polygon","coordinates":[[[128.79411,37.75957],[128.79344,37.76019],[128.79336,37.76049],[128.79366,37.7612],[128.79324,37.76222],[128.7937,37.76118],[128.7934,37.76048],[128.79347,37.76019],[128.79395,37.75987],[128.79411,37.75957]]]}},{"type":"Feature","id":"TN_RIVER_BNDRY:WTR0100000000APGW","properties":{"NF_ID":"WTR0100000000APGW","admin_code":"51150","source_layer":"TN_RIVER_BNDRY","semantic":"zone","river_class":"소하천","river_class_source":"중심선 공간조인","survey_method":"사진측량"},"geometry":{"type":"Polygon","coordinates":[[[128.79411,37.75957],[128.79412,37.75955],[128.79414,37.75954],[128.79415,37.75952],[128.79416,37.7595],[128.79417,37.75949],[128.79417,37.75949],[128.79418,37.75947],[128.79418,37.75947],[128.79418,37.75946],[128.79419,37.75945],[128.79419,37.75945],[128.79419,37.75944],[128.79419,37.75944],[128.79419,37.75943],[128.79419,37.75942],[128.79418,37.7594],[128.79417,37.75936],[128.79417,37.75936],[128.79416,37.75935],[128.79405,37.75935],[128.794,37.75958],[128.79411,37.75957]]]}},{"type":"Feature","id":"TN_RIVER_BNDRY:WTR0100000000APHX","properties":{"NF_ID":"WTR0100000000APHX","admin_code":"51150","source_layer":"TN_RIVER_BNDRY","semantic":"zone","river_class":"소하천","river_class_source":"중심선 공간조인","survey_method":"사진측량"},"geometry":{"type":"Polygon","coordinates":[[[128.79268,37.75887],[128.79181,37.75913],[128.79137,37.75894],[128.79184,37.75916],[128.79268,37.75887]]]}},{"type":"Feature","id":"TN_RIVER_BNDRY:WTR0100000000APIY","properties":{"NF_ID":"WTR0100000000APIY","admin_code":"51150","source_layer":"TN_RIVER_BNDRY","semantic":"zone","river_class":"소하천","river_class_source":"중심선 공간조인","survey_method":"사진측량"},"geometry":{"type":"Polygon","coordinates":[[[128.79144,37.75892],[128.79142,37.75891],[128.79142,37.75891],[128.79139,37.75891],[128.79138,37.75891],[128.79137,37.75894],[128.79144,37.75894],[128.79144,37.75892]]]}},{"type":"Feature","id":"TN_RIVER_BNDRY:WTR0100000000APJZ","properties":{"NF_ID":"WTR0100000000APJZ","admin_code":"51150","source_layer":"TN_RIVER_BNDRY","semantic":"zone","river_class":"소하천","river_class_source":"중심선 공간조인","survey_method":"사진측량"},"geometry":{"type":"Polygon","coordinates":[[[128.7927,37.75883],[128.79269,37.75883],[128.79269,37.75883],[128.79268,37.75883],[128.79268,37.75883],[128.79265,37.75882],[128.79264,37.75882],[128.79262,37.75882],[128.7926,37.75884],[128.79268,37.75887],[128.7927,37.75883]]]}},{"type":"Feature","id":"TN_RIVER_BNDRY:WTR0100000000APK0","properties":{"NF_ID":"WTR0100000000APK0","admin_code":"51150","source_layer":"TN_RIVER_BNDRY","semantic":"zone","river_class":"소하천","river_class_source":"중심선 공간조인","survey_method":"사진측량"},"geometry":{"type":"Polygon","coordinates":[[[128.794,37.75958],[128.79405,37.75935],[128.79365,37.75947],[128.79326,37.75928],[128.7931,37.75884],[128.7927,37.75883],[128.79314,37.75892],[128.79323,37.75934],[128.79346,37.75952],[128.794,37.75958]]]}},{"type":"Feature","id":"TN_RIVER_BNDRY:WTR0100000000APL1","properties":{"NF_ID":"WTR0100000000APL1","admin_code":"51150","source_layer":"TN_RIVER_BNDRY","semantic":"zone","river_class":"소하천","river_class_source":"중심선 공간조인","survey_method":"사진측량"},"geometry":{"type":"Polygon","coordinates":[[[128.78284,37.76042],[128.78285,37.76038],[128.78282,37.76038],[128.7828,37.76039],[128.7828,37.76039],[128.78279,37.76039],[128.78278,37.76039],[128.78276,37.7604],[128.78274,37.76041],[128.78273,37.76041],[128.78273,37.76042],[128.78271,37.76042],[128.78269,37.76043],[128.78268,37.76043],[128.78267,37.76044],[128.78266,37.76044],[128.78264,37.76044],[128.78264,37.76045],[128.78263,37.76045],[128.78262,37.76046],[128.78262,37.76046],[128.78261,37.76046],[128.78261,37.76047],[128.7826,37.76047],[128.78259,37.76047],[128.78259,37.76048],[128.78258,37.76048],[128.78258,37.76048],[128.78256,37.76048],[128.78256,37.76048],[128.78254,37.76049],[128.78254,37.76049],[128.78251,37.76049],[128.7825,37.76049],[128.78248,37.76049],[128.78246,37.76049],[128.78246,37.76049],[128.78245,37.7605],[128.78244,37.7605],[128.78244,37.7605],[128.78243,37.7605],[128.78242,37.7605],[128.78242,37.7605],[128.78241,37.76051],[128.78241,37.76051],[128.7824,37.76052],[128.78239,37.76052],[128.78239,37.76052],[128.78238,37.76053],[128.78237,37.76054],[128.78235,37.76055],[128.78235,37.76056],[128.78234,37.76057],[128.78233,37.76057],[128.78233,37.76058],[128.78231,37.7606],[128.7823,37.76061],[128.7823,37.76061],[128.7823,37.76062],[128.78229,37.76062],[128.78229,37.76062],[128.78229,37.76063],[128.78228,37.76063],[128.78227,37.76063],[128.78226,37.76064],[128.78226,37.76065],[128.78226,37.76065],[128.78227,37.76066],[128.78228,37.76066],[128.78228,37.76066],[128.78229,37.76066],[128.7823,37.76066],[128.7823,37.76065],[128.78232,37.76065],[128.78232,37.76065],[128.78233,37.76064],[128.78236,37.76063],[128.78237,37.76062],[128.78239,37.76061],[128.78239,37.76061],[128.78239,37.7606],[128.7824,37.7606],[128.7824,37.76059],[128.78241,37.76059],[128.78242,37.76057],[128.78242,37.76057],[128.78242,37.76057],[128.78243,37.76056],[128.78243,37.76055],[128.78244,37.76055],[128.78244,37.76054],[128.78245,37.76054],[128.78246,37.76054],[128.78246,37.76054],[128.78247,37.76053],[128.78247,37.76053],[128.78248,37.76053],[128.78248,37.76053],[128.78249,37.76053],[128.78252,37.76053],[128.78255,37.76053],[128.78258,37.76053],[128.78258,37.76053],[128.78259,37.76053],[128.78262,37.76053],[128.78264,37.76053],[128.78265,37.76053],[128.78265,37.76052],[128.78266,37.76052],[128.78267,37.76052],[128.78268,37.76051],[128.78268,37.76051],[128.78269,37.76051],[128.78272,37.7605],[128.78274,37.76049],[128.78277,37.76048],[128.78278,37.76048],[128.78278,37.76047],[128.78279,37.76047],[128.78279,37.76047],[128.78279,37.76046],[128.7828,37.76046],[128.7828,37.76045],[128.7828,37.76045],[128.7828,37.76044],[128.7828,37.76044],[128.7828,37.76043],[128.7828,37.76043],[128.78281,37.76043],[128.78281,37.76043],[128.78282,37.76043],[128.78282,37.76042],[128.78283,37.76042],[128.78284,37.76042],[128.78284,37.76042]]]}},{"type":"Feature","id":"TN_RIVER_BNDRY:WTR0100000000APM2","properties":{"NF_ID":"WTR0100000000APM2","admin_code":"51150","source_layer":"TN_RIVER_BNDRY","semantic":"zone","river_class":"소하천","river_class_source":"중심선 공간조인","survey_method":"사진측량"},"geometry":{"type":"Polygon","coordinates":[[[128.78294,37.76043],[128.78294,37.76037],[128.78285,37.76038],[128.78284,37.76042],[128.78285,37.76042],[128.78286,37.76042],[128.78287,37.76042],[128.78289,37.76043],[128.7829,37.76043],[128.78292,37.76043],[128.78292,37.76043],[128.78293,37.76043],[128.78294,37.76043]]]}},{"type":"Feature","id":"TN_RIVER_BNDRY:WTR0100000000APN3","properties":{"NF_ID":"WTR0100000000APN3","admin_code":"51150","source_layer":"TN_RIVER_BNDRY","semantic":"zone","river_class":"소하천","river_class_source":"중심선 공간조인","survey_method":"사진측량"},"geometry":{"type":"Polygon","coordinates":[[[128.78294,37.76037],[128.78293,37.76037],[128.78292,37.76037],[128.78292,37.76037],[128.78291,37.76036],[128.78291,37.76036],[128.7829,37.76035],[128.7829,37.76035],[128.7829,37.76034],[128.78288,37.76032],[128.78288,37.76032],[128.78287,37.7603],[128.78286,37.7603],[128.78286,37.76029],[128.78284,37.76027],[128.78284,37.76027],[128.78283,37.76027],[128.78283,37.76026],[128.7828,37.76024],[128.78278,37.76022],[128.78276,37.76021],[128.78275,37.76019],[128.78273,37.76018],[128.78272,37.76016],[128.7827,37.76014],[128.7827,37.76014],[128.78269,37.76012],[128.78268,37.76011],[128.78267,37.7601],[128.78267,37.7601],[128.78266,37.7601],[128.78265,37.7601],[128.78265,37.76011],[128.78265,37.76011],[128.78265,37.76012],[128.78265,37.76013],[128.78266,37.76013],[128.78266,37.76014],[128.78266,37.76014],[128.78266,37.76015],[128.78267,37.76016],[128.78268,37.76016],[128.78269,37.76018],[128.7827,37.76019],[128.78271,37.7602],[128.78273,37.76022],[128.78274,37.76023],[128.78276,37.76025],[128.78276,37.76025],[128.78277,37.76026],[128.78279,37.76027],[128.7828,37.76028],[128.78281,37.76028],[128.78282,37.7603],[128.78283,37.76031],[128.78285,37.76033],[128.78285,37.76033],[128.78285,37.76034],[128.78286,37.76034],[128.78286,37.76036],[128.78287,37.76036],[128.78287,37.76037],[128.78287,37.76037],[128.78286,37.76037],[128.78286,37.76038],[128.78286,37.76038],[128.78286,37.76038],[128.78285,37.76038],[128.78294,37.76037]]]}},{"type":"Feature","id":"TN_RIVER_BNDRY:WTR0100000000APO4","properties":{"NF_ID":"WTR0100000000APO4","admin_code":"51150","source_layer":"TN_RIVER_BNDRY","semantic":"zone","river_class":"소하천","river_class_source":"중심선 공간조인","survey_method":"사진측량"},"geometry":{"type":"Polygon","coordinates":[[[128.79137,37.75894],[128.78816,37.75942],[128.78695,37.75992],[128.78423,37.76005],[128.78294,37.76043],[128.78441,37.76008],[128.78675,37.76],[128.78823,37.75945],[128.7898,37.7592],[128.79025,37.75925],[128.79137,37.75894]]]}},{"type":"Feature","id":"TN_RIVER_BNDRY:WTR0100000000APP5","properties":{"NF_ID":"WTR0100000000APP5","admin_code":"51150","source_layer":"TN_RIVER_BNDRY","semantic":"zone","river_class":"소하천","river_class_source":"중심선 공간조인","survey_method":"사진측량"},"geometry":{"type":"Polygon","coordinates":[[[128.80874,37.78386],[128.80801,37.78348],[128.80693,37.78358],[128.80671,37.78325],[128.80623,37.78295],[128.80534,37.78273],[128.80473,37.78279],[128.80449,37.7826],[128.80435,37.78057],[128.80363,37.78046],[128.80377,37.77998],[128.80315,37.77957],[128.80313,37.77899],[128.80236,37.77832],[128.80228,37.77791],[128.8026,37.77753],[128.80255,37.77728],[128.80192,37.77625],[128.80169,37.77542],[128.80106,37.77521],[128.80041,37.77449],[128.80073,37.77413],[128.80061,37.77379],[128.80004,37.77343],[128.79989,37.77291],[128.7993,37.77255],[128.79952,37.77176],[128.79942,37.77138],[128.79948,37.77175],[128.79922,37.77255],[128.79981,37.77291],[128.79991,37.7734],[128.80066,37.77402],[128.80033,37.77447],[128.80101,37.77525],[128.80158,37.77539],[128.80177,37.77613],[128.80251,37.77732],[128.8021,37.77822],[128.80308,37.77899],[128.80308,37.77953],[128.80374,37.78],[128.80358,37.78048],[128.80429,37.78063],[128.80447,37.78269],[128.8047,37.78285],[128.8053,37.78276],[128.80619,37.78297],[128.8069,37.7836],[128.80794,37.7835],[128.80852,37.78377],[128.80864,37.78398],[128.80874,37.78386]]]}},{"type":"Feature","id":"TN_RIVER_BNDRY:WTR0100000000APQ6","properties":{"NF_ID":"WTR0100000000APQ6","admin_code":"51150","source_layer":"TN_RIVER_BNDRY","semantic":"zone","river_class":"지방하천","river_class_source":"중심선 공간조인","river_name":"연곡천","river_code":"1620240","survey_method":"사진측량"},"geometry":{"type":"Polygon","coordinates":[[[128.81476,37.84721],[128.81032,37.8461],[128.81194,37.84834],[128.81476,37.84721]]]}},{"type":"Feature","id":"TN_RIVER_BNDRY:WTR0100000000APR7","properties":{"NF_ID":"WTR0100000000APR7","admin_code":"51150","source_layer":"TN_RIVER_BNDRY","semantic":"zone","river_class":"지방하천","river_class_source":"중심선 공간조인","river_name":"연곡천","river_code":"1620240","survey_method":"사진측량"},"geometry":{"type":"Polygon","coordinates":[[[128.81189,37.84832],[128.81032,37.8461],[128.80979,37.84604],[128.80955,37.84578],[128.80845,37.84568],[128.80864,37.84741],[128.81189,37.84832]]]}},{"type":"Feature","id":"TN_RIVER_BNDRY:WTR0100000000APS8","properties":{"NF_ID":"WTR0100000000APS8","admin_code":"51150","source_layer":"TN_RIVER_BNDRY","semantic":"zone","river_class":"지방하천","river_class_source":"중심선 공간조인","river_name":"연곡천","river_code":"1620240","survey_method":"사진측량"},"geometry":{"type":"Polygon","coordinates":[[[128.80845,37.84568],[128.80823,37.84566],[128.8081,37.84722],[128.80864,37.84741],[128.80845,37.84568]]]}},{"type":"Feature","id":"TN_RIVER_BNDRY:WTR0100000000APT9","properties":{"NF_ID":"WTR0100000000APT9","admin_code":"51150","source_layer":"TN_RIVER_BNDRY","semantic":"zone","river_class":"지방하천","river_class_source":"중심선 공간조인","river_name":"연곡천","river_code":"1620240","survey_method":"사진측량"},"geometry":{"type":"Polygon","coordinates":[[[128.80823,37.84566],[128.80145,37.84596],[128.80502,37.84711],[128.80677,37.84705],[128.8081,37.84722],[128.80823,37.84566]]]}},{"type":"Feature","id":"TN_RIVER_BNDRY:WTR0100000000APUA","properties":{"NF_ID":"WTR0100000000APUA","admin_code":"51150","source_layer":"TN_RIVER_BNDRY","semantic":"zone","river_class":"지방하천","river_class_source":"중심선 공간조인","river_name":"연곡천","river_code":"1620240","survey_method":"사진측량"},"geometry":{"type":"Polygon","coordinates":[[[128.80502,37.84711],[128.80145,37.84596],[128.80106,37.84667],[128.80295,37.84749],[128.80381,37.84707],[128.80502,37.84711]]]}},{"type":"Feature","id":"TN_RIVER_BNDRY:WTR0100000000APVB","properties":{"NF_ID":"WTR0100000000APVB","admin_code":"51150","source_layer":"TN_RIVER_BNDRY","semantic":"zone","river_class":"소하천","river_class_source":"중심선 공간조인","survey_method":"사진측량"},"geometry":{"type":"Polygon","coordinates":[[[128.8036,37.83285],[128.80308,37.83243],[128.80233,37.83106],[128.80197,37.83085],[128.80194,37.83102],[128.80245,37.83149],[128.80304,37.83267],[128.80398,37.83342],[128.8036,37.83285]]]}},{"type":"Feature","id":"TN_RIVER_BNDRY:WTR0100000000APWC","properties":{"NF_ID":"WTR0100000000APWC","admin_code":"51150","source_layer":"TN_RIVER_BNDRY","semantic":"zone","river_class":"소하천","river_class_source":"중심선 공간조인","survey_method":"사진측량"},"geometry":{"type":"Polygon","coordinates":[[[128.81125,37.82975],[128.81047,37.82962],[128.8097,37.82984],[128.80894,37.82983],[128.80968,37.82991],[128.81037,37.82974],[128.81125,37.82975]]]}},{"type":"Feature","id":"TN_RIVER_BNDRY:WTR0100000000APXD","properties":{"NF_ID":"WTR0100000000APXD","admin_code":"51150","source_layer":"TN_RIVER_BNDRY","semantic":"zone","river_class":"소하천","river_class_source":"중심선 공간조인","survey_method":"사진측량"},"geometry":{"type":"Polygon","coordinates":[[[128.81302,37.83218],[128.81283,37.83218],[128.813,37.83229],[128.81302,37.83218]]]}},{"type":"Feature","id":"TN_RIVER_BNDRY:WTR0100000000APYE","properties":{"NF_ID":"WTR0100000000APYE","admin_code":"51150","source_layer":"TN_RIVER_BNDRY","semantic":"zone","river_class":"소하천","river_class_source":"중심선 공간조인","survey_method":"사진측량"},"geometry":{"type":"Polygon","coordinates":[[[128.81285,37.83213],[128.81302,37.83218],[128.81317,37.83122],[128.81348,37.83098],[128.8138,37.83106],[128.81391,37.83091],[128.81341,37.83091],[128.81318,37.8311],[128.81285,37.83213]]]}},{"type":"Feature","id":"TN_RIVER_BNDRY:WTR0100000000APZF","properties":{"NF_ID":"WTR0100000000APZF","admin_code":"51150","source_layer":"TN_RIVER_BNDRY","semantic":"zone","river_class":"소하천","river_class_source":"중심선 공간조인","survey_method":"사진측량"},"geometry":{"type":"Polygon","coordinates":[[[128.81285,37.83213],[128.81207,37.8316],[128.81197,37.83055],[128.81133,37.82971],[128.8119,37.83065],[128.81199,37.83159],[128.81285,37.83213]]]}},{"type":"Feature","id":"TN_RIVER_BNDRY:WTR0100000000AQ0H","properties":{"NF_ID":"WTR0100000000AQ0H","admin_code":"51150","source_layer":"TN_RIVER_BNDRY","semantic":"zone","river_class":"소하천","river_class_source":"중심선 공간조인","survey_method":"사진측량"},"geometry":{"type":"Polygon","coordinates":[[[128.81133,37.82971],[128.8113,37.82967],[128.8113,37.82966],[128.81121,37.8297],[128.81125,37.82975],[128.81133,37.82971]]]}},{"type":"Feature","id":"TN_RIVER_BNDRY:WTR0100000000AQ1I","properties":{"NF_ID":"WTR0100000000AQ1I","admin_code":"51150","source_layer":"TN_RIVER_BNDRY","semantic":"zone","river_class":"소하천","river_class_source":"중심선 공간조인","survey_method":"사진측량"},"geometry":{"type":"Polygon","coordinates":[[[128.8113,37.82966],[128.81032,37.82802],[128.8106,37.82752],[128.81041,37.82707],[128.81049,37.82602],[128.81028,37.82592],[128.81044,37.82653],[128.81029,37.82711],[128.81052,37.82755],[128.81022,37.82806],[128.81079,37.82909],[128.81057,37.82912],[128.8113,37.82966]]]}},{"type":"Feature","id":"TN_RIVER_BNDRY:WTR0100000000AQ2J","properties":{"NF_ID":"WTR0100000000AQ2J","admin_code":"51150","source_layer":"TN_RIVER_BNDRY","semantic":"zone","river_class":"소하천","river_class_source":"중심선 공간조인","survey_method":"사진측량"},"geometry":{"type":"Polygon","coordinates":[[[128.81049,37.82584],[128.81031,37.82577],[128.81028,37.82592],[128.81046,37.82596],[128.81049,37.82584]]]}},{"type":"Feature","id":"TN_RIVER_BNDRY:WTR0100000000AQ3K","properties":{"NF_ID":"WTR0100000000AQ3K","admin_code":"51150","source_layer":"TN_RIVER_BNDRY","semantic":"zone","river_class":"소하천","river_class_source":"중심선 공간조인","survey_method":"사진측량"},"geometry":{"type":"Polygon","coordinates":[[[128.81026,37.82447],[128.8102,37.82475],[128.81083,37.82484],[128.81075,37.82531],[128.81031,37.82577],[128.81049,37.82584],[128.81091,37.82481],[128.81032,37.82466],[128.81026,37.82447]]]}},{"type":"Feature","id":"TN_RIVER_BNDRY:WTR0100000000AQ4L","properties":{"NF_ID":"WTR0100000000AQ4L","admin_code":"51150","source_layer":"TN_RIVER_BNDRY","semantic":"zone","river_class":"소하천","river_class_source":"중심선 공간조인","survey_method":"사진측량"},"geometry":{"type":"Polygon","coordinates":[[[128.81031,37.82577],[128.80929,37.82502],[128.80869,37.82479],[128.80837,37.82442],[128.80868,37.82481],[128.80927,37.82505],[128.81028,37.82592],[128.81031,37.82577]]]}},{"type":"Feature","id":"TN_RIVER_BNDRY:WTR0100000000AQ5M","properties":{"NF_ID":"WTR0100000000AQ5M","admin_code":"51150","source_layer":"TN_RIVER_BNDRY","semantic":"zone","river_class":"소하천","river_class_source":"중심선 공간조인","survey_method":"사진측량"},"geometry":{"type":"Polygon","coordinates":[[[128.80833,37.8454],[128.80716,37.84476],[128.80692,37.84372],[128.8073,37.84248],[128.80689,37.84375],[128.80712,37.84475],[128.80833,37.8454]]]}},{"type":"Feature","id":"TN_RIVER_BNDRY:WTR0100000000AQ6N","properties":{"NF_ID":"WTR0100000000AQ6N","admin_code":"51150","source_layer":"TN_RIVER_BNDRY","semantic":"zone","river_class":"소하천","river_class_source":"중심선 공간조인","survey_method":"사진측량"},"geometry":{"type":"Polygon","coordinates":[[[128.80833,37.8454],[128.80889,37.84412],[128.80895,37.84358],[128.80833,37.8454]]]}},{"type":"Feature","id":"TN_RIVER_BNDRY:WTR0100000000AQ7O","properties":{"NF_ID":"WTR0100000000AQ7O","admin_code":"51150","source_layer":"TN_RIVER_BNDRY","semantic":"zone","river_class":"소하천","river_class_source":"중심선 공간조인","survey_method":"사진측량"},"geometry":{"type":"Polygon","coordinates":[[[128.80836,37.84547],[128.80823,37.84566],[128.80845,37.84568],[128.80836,37.84547]]]}},{"type":"Feature","id":"TN_RIVER_BNDRY:WTR0100000000AQ8P","properties":{"NF_ID":"WTR0100000000AQ8P","admin_code":"51150","source_layer":"TN_RIVER_BNDRY","semantic":"zone","river_class":"소하천","river_class_source":"중심선 공간조인","survey_method":"사진측량"},"geometry":{"type":"Polygon","coordinates":[[[128.80836,37.84547],[128.80833,37.8454],[128.80825,37.84542],[128.80825,37.84548],[128.80836,37.84547]]]}},{"type":"Feature","id":"TN_RIVER_BNDRY:WTR0100000000AQ9Q","properties":{"NF_ID":"WTR0100000000AQ9Q","admin_code":"51150","source_layer":"TN_RIVER_BNDRY","semantic":"zone","river_class":"소하천","river_class_source":"중심선 공간조인","survey_method":"사진측량"},"geometry":{"type":"Polygon","coordinates":[[[128.81924,37.81996],[128.81919,37.81881],[128.81964,37.81796],[128.82023,37.81743],[128.82059,37.81736],[128.82115,37.8175],[128.82215,37.81666],[128.82193,37.81657],[128.82172,37.81666],[128.82115,37.81745],[128.82038,37.81735],[128.81963,37.81794],[128.81916,37.81885],[128.81924,37.81996]]]}},{"type":"Feature","id":"TN_RIVER_BNDRY:WTR0100000000AQAR","properties":{"NF_ID":"WTR0100000000AQAR","admin_code":"51150","source_layer":"TN_RIVER_BNDRY","semantic":"zone","river_class":"소하천","river_class_source":"중심선 공간조인","survey_method":"사진측량"},"geometry":{"type":"Polygon","coordinates":[[[128.82197,37.81202],[128.8216,37.81105],[128.82155,37.81021],[128.82149,37.81102],[128.82183,37.81203],[128.82197,37.81202]]]}},{"type":"Feature","id":"TN_RIVER_BNDRY:WTR0100000000AQBS","properties":{"NF_ID":"WTR0100000000AQBS","admin_code":"51150","source_layer":"TN_RIVER_BNDRY","semantic":"zone","river_class":"소하천","river_class_source":"중심선 공간조인","survey_method":"사진측량"},"geometry":{"type":"Polygon","coordinates":[[[128.82272,37.82318],[128.82272,37.82317],[128.82271,37.82316],[128.8227,37.82316],[128.8227,37.82315],[128.82269,37.82315],[128.82269,37.82314],[128.82267,37.82313],[128.82267,37.82315],[128.82267,37.82316],[128.82267,37.82317],[128.82266,37.82317],[128.82266,37.82318],[128.82272,37.82318]]]}},{"type":"Feature","id":"TN_RIVER_BNDRY:WTR0100000000AQCT","properties":{"NF_ID":"WTR0100000000AQCT","admin_code":"51150","source_layer":"TN_RIVER_BNDRY","semantic":"zone","river_class":"소하천","river_class_source":"중심선 공간조인","river_name":"수무골천","survey_method":"사진측량"},"geometry":{"type":"Polygon","coordinates":[[[128.82272,37.82318],[128.82266,37.82318],[128.82267,37.82321],[128.82268,37.82321],[128.82269,37.82321],[128.8227,37.82321],[128.82271,37.82321],[128.82272,37.82321],[128.82272,37.82321],[128.82273,37.82321],[128.82272,37.82318]]]}},{"type":"Feature","id":"TN_RIVER_BNDRY:WTR0100000000AQDU","properties":{"NF_ID":"WTR0100000000AQDU","admin_code":"51150","source_layer":"TN_RIVER_BNDRY","semantic":"zone","river_class":"소하천","river_class_source":"중심선 공간조인","river_name":"수무골천","survey_method":"사진측량"},"geometry":{"type":"Polygon","coordinates":[[[128.82267,37.82321],[128.82266,37.82318],[128.82265,37.82318],[128.82264,37.82319],[128.82264,37.82319],[128.82263,37.82319],[128.82259,37.82319],[128.82258,37.82319],[128.82257,37.82319],[128.82256,37.82319],[128.82251,37.82319],[128.8225,37.82319],[128.82249,37.82319],[128.82248,37.82319],[128.82246,37.82319],[128.82245,37.8232],[128.82246,37.82321],[128.82246,37.82321],[128.82248,37.82321],[128.8225,37.82321],[128.8225,37.8232],[128.82251,37.8232],[128.82252,37.8232],[128.82253,37.8232],[128.82254,37.8232],[128.82258,37.82321],[128.82261,37.82321],[128.82263,37.82321],[128.82264,37.82321],[128.82266,37.82321],[128.82267,37.82321]]]}},{"type":"Feature","id":"TN_RIVER_BNDRY:WTR0100000000AQEV","properties":{"NF_ID":"WTR0100000000AQEV","admin_code":"51150","source_layer":"TN_RIVER_BNDRY","semantic":"zone","river_class":"소하천","river_class_source":"중심선 공간조인","survey_method":"사진측량"},"geometry":{"type":"Polygon","coordinates":[[[128.82218,37.81657],[128.82197,37.81649],[128.82197,37.81651],[128.82197,37.81651],[128.82196,37.81653],[128.82195,37.81655],[128.82195,37.81655],[128.82194,37.81656],[128.82194,37.81656],[128.82193,37.81657],[128.82215,37.81666],[128.82218,37.81657]]]}},{"type":"Feature","id":"TN_RIVER_BNDRY:WTR0100000000AQFW","properties":{"NF_ID":"WTR0100000000AQFW","admin_code":"51150","source_layer":"TN_RIVER_BNDRY","semantic":"zone","river_class":"소하천","river_class_source":"중심선 공간조인","survey_method":"사진측량"},"geometry":{"type":"Polygon","coordinates":[[[128.82218,37.81657],[128.82215,37.81666],[128.82217,37.81666],[128.82218,37.81666],[128.82218,37.81666],[128.82219,37.81666],[128.82219,37.81666],[128.8222,37.81666],[128.8222,37.81666],[128.82222,37.81668],[128.82223,37.81669],[128.82224,37.81669],[128.82224,37.8167],[128.82225,37.8167],[128.82227,37.81672],[128.82227,37.81672],[128.8223,37.81675],[128.82232,37.81676],[128.82233,37.81677],[128.82234,37.81677],[128.82234,37.81676],[128.82235,37.81676],[128.82234,37.81675],[128.82234,37.81675],[128.82231,37.81672],[128.8223,37.81671],[128.82229,37.8167],[128.82227,37.81669],[128.82226,37.81668],[128.82225,37.81667],[128.82222,37.81665],[128.82221,37.81664],[128.82221,37.81664],[128.8222,37.81663],[128.8222,37.81663],[128.8222,37.81662],[128.82219,37.81662],[128.82219,37.81661],[128.82219,37.81661],[128.82219,37.81661],[128.82219,37.8166],[128.82219,37.8166],[128.82218,37.81659],[128.82218,37.81657]]]}},{"type":"Feature","id":"TN_RIVER_BNDRY:WTR0100000000AQGX","properties":{"NF_ID":"WTR0100000000AQGX","admin_code":"51150","source_layer":"TN_RIVER_BNDRY","semantic":"zone","river_class":"소하천","river_class_source":"중심선 공간조인","survey_method":"사진측량"},"geometry":{"type":"Polygon","coordinates":[[[128.82317,37.8024],[128.82315,37.80239],[128.82314,37.80238],[128.82314,37.80236],[128.82313,37.80234],[128.82311,37.80228],[128.82308,37.80226],[128.82308,37.80227],[128.82308,37.80231],[128.8231,37.80234],[128.8231,37.80239],[128.82309,37.80241],[128.82309,37.80241],[128.82317,37.8024]]]}},{"type":"Feature","id":"TN_RIVER_BNDRY:WTR0100000000AQHY","properties":{"NF_ID":"WTR0100000000AQHY","admin_code":"51150","source_layer":"TN_RIVER_BNDRY","semantic":"zone","river_class":"소하천","river_class_source":"중심선 공간조인","river_name":"감나무골천","survey_method":"사진측량"},"geometry":{"type":"Polygon","coordinates":[[[128.82317,37.8024],[128.82309,37.80241],[128.82307,37.80245],[128.82315,37.80246],[128.82317,37.8024]]]}},{"type":"Feature","id":"TN_RIVER_BNDRY:WTR0100000000AQIZ","properties":{"NF_ID":"WTR0100000000AQIZ","admin_code":"51150","source_layer":"TN_RIVER_BNDRY","semantic":"zone","river_class":"소하천","river_class_source":"중심선 공간조인","river_name":"감나무골천","survey_method":"사진측량"},"geometry":{"type":"Polygon","coordinates":[[[128.82307,37.80245],[128.82231,37.80275],[128.82158,37.80247],[128.82074,37.80254],[128.8197,37.80216],[128.8207,37.80256],[128.82155,37.8025],[128.82225,37.80276],[128.82307,37.80245]]]}},{"type":"Feature","id":"TN_RIVER_BNDRY:WTR0100000000AQJ0","properties":{"NF_ID":"WTR0100000000AQJ0","admin_code":"51150","source_layer":"TN_RIVER_BNDRY","semantic":"zone","river_class":"소하천","river_class_source":"중심선 공간조인","survey_method":"사진측량"},"geometry":{"type":"Polygon","coordinates":[[[128.82197,37.81202],[128.82183,37.81203],[128.82206,37.81217],[128.82197,37.81202]]]}},{"type":"Feature","id":"TN_RIVER_BNDRY:WTR0100000000AQK1","properties":{"NF_ID":"WTR0100000000AQK1","admin_code":"51150","source_layer":"TN_RIVER_BNDRY","semantic":"zone","river_class":"소하천","river_class_source":"중심선 공간조인","survey_method":"사진측량"},"geometry":{"type":"Polygon","coordinates":[[[128.82192,37.81216],[128.82183,37.81203],[128.82143,37.81211],[128.82065,37.81264],[128.8189,37.81197],[128.81925,37.81223],[128.81975,37.81226],[128.82075,37.81271],[128.82158,37.81219],[128.82192,37.81216]]]}},{"type":"Feature","id":"TN_RIVER_BNDRY:WTR0100000000AQL2","properties":{"NF_ID":"WTR0100000000AQL2","admin_code":"51150","source_layer":"TN_RIVER_BNDRY","semantic":"zone","river_class":"소하천","river_class_source":"중심선 공간조인","survey_method":"사진측량"},"geometry":{"type":"Polygon","coordinates":[[[128.82164,37.81591],[128.82151,37.81593],[128.82188,37.81618],[128.82197,37.81649],[128.82218,37.81657],[128.82206,37.81622],[128.82164,37.81591]]]}},{"type":"Feature","id":"TN_RIVER_BNDRY:WTR0100000000AQM3","properties":{"NF_ID":"WTR0100000000AQM3","admin_code":"51150","source_layer":"TN_RIVER_BNDRY","semantic":"zone","river_class":"소하천","river_class_source":"중심선 공간조인","survey_method":"사진측량"},"geometry":{"type":"Polygon","coordinates":[[[128.80822,37.81225],[128.8077,37.81242],[128.80699,37.81205],[128.80766,37.81245],[128.80822,37.81225]]]}},{"type":"Feature","id":"TN_RIVER_BNDRY:WTR0100000000AQN4","properties":{"NF_ID":"WTR0100000000AQN4","admin_code":"51150","source_layer":"TN_RIVER_BNDRY","semantic":"zone","river_class":"소하천","river_class_source":"중심선 공간조인","survey_method":"사진측량"},"geometry":{"type":"Polygon","coordinates":[[[128.80824,37.81225],[128.80824,37.81224],[128.80821,37.81224],[128.80822,37.81225],[128.80824,37.81225]]]}},{"type":"Feature","id":"TN_RIVER_BNDRY:WTR0100000000AQO5","properties":{"NF_ID":"WTR0100000000AQO5","admin_code":"51150","source_layer":"TN_RIVER_BNDRY","semantic":"zone","river_class":"소하천","river_class_source":"중심선 공간조인","survey_method":"사진측량"},"geometry":{"type":"Polygon","coordinates":[[[128.80824,37.81224],[128.80806,37.81184],[128.80769,37.81193],[128.80807,37.81189],[128.80824,37.81224]]]}},{"type":"Feature","id":"TN_RIVER_BNDRY:WTR0100000000AQP6","properties":{"NF_ID":"WTR0100000000AQP6","admin_code":"51150","source_layer":"TN_RIVER_BNDRY","semantic":"zone","river_class":"소하천","river_class_source":"중심선 공간조인","survey_method":"사진측량"},"geometry":{"type":"Polygon","coordinates":[[[128.80824,37.81225],[128.80822,37.81225],[128.80834,37.81234],[128.8084,37.81236],[128.8085,37.81239],[128.80853,37.8124],[128.80855,37.8124],[128.80859,37.81241],[128.80867,37.81241],[128.80872,37.81241],[128.80875,37.81241],[128.80879,37.81242],[128.80883,37.81242],[128.80894,37.81243],[128.80907,37.81244],[128.8091,37.81244],[128.80911,37.81244],[128.80912,37.81246],[128.80912,37.81246],[128.80912,37.81245],[128.80911,37.81241],[128.80907,37.81241],[128.80899,37.81241],[128.80894,37.81241],[128.80881,37.81239],[128.80872,37.81239],[128.80866,37.81239],[128.80862,37.81239],[128.80859,37.81239],[128.80856,37.81238],[128.8084,37.81233],[128.80835,37.81233],[128.80824,37.81225],[128.80824,37.81225]]]}},{"type":"Feature","id":"TN_RIVER_BNDRY:WTR0100000000AQQ7","properties":{"NF_ID":"WTR0100000000AQQ7","admin_code":"51150","source_layer":"TN_RIVER_BNDRY","semantic":"zone","river_class":"소하천","river_class_source":"중심선 공간조인","survey_method":"사진측량"},"geometry":{"type":"Polygon","coordinates":[[[128.81919,37.80992],[128.81916,37.80991],[128.81914,37.80993],[128.81905,37.80997],[128.81902,37.80999],[128.81899,37.81001],[128.81898,37.81003],[128.81898,37.81003],[128.81899,37.81003],[128.819,37.81003],[128.81901,37.81002],[128.81902,37.81],[128.81911,37.80997],[128.81915,37.80995],[128.81919,37.80992]]]}},{"type":"Feature","id":"TN_RIVER_BNDRY:WTR0100000000AQR8","properties":{"NF_ID":"WTR0100000000AQR8","admin_code":"51150","source_layer":"TN_RIVER_BNDRY","semantic":"zone","river_class":"소하천","river_class_source":"중심선 공간조인","survey_method":"사진측량"},"geometry":{"type":"Polygon","coordinates":[[[128.81921,37.8099],[128.81918,37.80989],[128.81916,37.80991],[128.81919,37.80992],[128.81921,37.8099]]]}},{"type":"Feature","id":"TN_RIVER_BNDRY:WTR0100000000AQS9","properties":{"NF_ID":"WTR0100000000AQS9","admin_code":"51150","source_layer":"TN_RIVER_BNDRY","semantic":"zone","river_class":"소하천","river_class_source":"중심선 공간조인","survey_method":"사진측량"},"geometry":{"type":"Polygon","coordinates":[[[128.81921,37.8099],[128.81988,37.80967],[128.82021,37.80974],[128.82045,37.81001],[128.8205,37.80991],[128.81997,37.80965],[128.81921,37.8099]]]}},{"type":"Feature","id":"TN_RIVER_BNDRY:WTR0100000000AQTA","properties":{"NF_ID":"WTR0100000000AQTA","admin_code":"51150","source_layer":"TN_RIVER_BNDRY","semantic":"zone","river_class":"소하천","river_class_source":"중심선 공간조인","survey_method":"사진측량"},"geometry":{"type":"Polygon","coordinates":[[[128.81405,37.81565],[128.8138,37.81564],[128.81321,37.81607],[128.81353,37.8158],[128.81405,37.81565]]]}},{"type":"Feature","id":"TN_RIVER_BNDRY:WTR0100000000AQUB","properties":{"NF_ID":"WTR0100000000AQUB","admin_code":"51150","source_layer":"TN_RIVER_BNDRY","semantic":"zone","river_class":"소하천","river_class_source":"중심선 공간조인","river_name":"연내천","survey_method":"사진측량"},"geometry":{"type":"Polygon","coordinates":[[[128.81797,37.81682],[128.81753,37.81689],[128.81721,37.81742],[128.81633,37.81807],[128.81582,37.8193],[128.81514,37.81944],[128.81476,37.81973],[128.81424,37.81982],[128.81429,37.81992],[128.81515,37.81947],[128.81591,37.81938],[128.81608,37.81861],[128.81634,37.81823],[128.81682,37.81769],[128.81732,37.81746],[128.8175,37.81696],[128.81797,37.81682]]]}},{"type":"Feature","id":"TN_RIVER_BNDRY:WTR0100000000AQVC","properties":{"NF_ID":"WTR0100000000AQVC","admin_code":"51150","source_layer":"TN_RIVER_BNDRY","semantic":"zone","river_class":"소하천","river_class_source":"중심선 공간조인","survey_method":"사진측량"},"geometry":{"type":"Polygon","coordinates":[[[128.81777,37.81149],[128.81671,37.81041],[128.81664,37.81014],[128.81669,37.81042],[128.81777,37.81149]]]}},{"type":"Feature","id":"TN_RIVER_BNDRY:WTR0100000000AQWD","properties":{"NF_ID":"WTR0100000000AQWD","admin_code":"51150","source_layer":"TN_RIVER_BNDRY","semantic":"zone","river_class":"소하천","river_class_source":"중심선 공간조인","survey_method":"사진측량"},"geometry":{"type":"Polygon","coordinates":[[[128.81817,37.80914],[128.81812,37.80888],[128.81756,37.80845],[128.81661,37.80817],[128.81552,37.80824],[128.815,37.80798],[128.81419,37.80786],[128.81499,37.80799],[128.81553,37.80827],[128.81659,37.80821],[128.8175,37.80846],[128.81809,37.8089],[128.81817,37.80914]]]}},{"type":"Feature","id":"TN_RIVER_BNDRY:WTR0100000000AQXE","properties":{"NF_ID":"WTR0100000000AQXE","admin_code":"51150","source_layer":"TN_RIVER_BNDRY","semantic":"zone","river_class":"소하천","river_class_source":"중심선 공간조인","survey_method":"사진측량"},"geometry":{"type":"Polygon","coordinates":[[[128.81771,37.81154],[128.8162,37.81128],[128.81556,37.81137],[128.8149,37.81101],[128.81555,37.8114],[128.81614,37.81131],[128.81771,37.81154]]]}},{"type":"Feature","id":"TN_RIVER_BNDRY:WTR0100000000AQYF","properties":{"NF_ID":"WTR0100000000AQYF","admin_code":"51150","source_layer":"TN_RIVER_BNDRY","semantic":"zone","river_class":"소하천","river_class_source":"중심선 공간조인","survey_method":"사진측량"},"geometry":{"type":"Polygon","coordinates":[[[128.81806,37.81216],[128.81742,37.81237],[128.81658,37.81233],[128.81566,37.8126],[128.81485,37.81247],[128.81567,37.81261],[128.81669,37.81235],[128.81745,37.81239],[128.81806,37.81216]]]}},{"type":"Feature","id":"TN_RIVER_BNDRY:WTR0100000000AQZG","properties":{"NF_ID":"WTR0100000000AQZG","admin_code":"51150","source_layer":"TN_RIVER_BNDRY","semantic":"zone","river_class":"소하천","river_class_source":"중심선 공간조인","survey_method":"사진측량"},"geometry":{"type":"Polygon","coordinates":[[[128.81803,37.81674],[128.81775,37.81648],[128.81783,37.81599],[128.81762,37.81588],[128.81674,37.81583],[128.81614,37.81563],[128.81524,37.81591],[128.81487,37.81572],[128.81405,37.81565],[128.81526,37.81603],[128.81621,37.81583],[128.81769,37.81593],[128.81771,37.81649],[128.81803,37.81674]]]}},{"type":"Feature","id":"TN_RIVER_BNDRY:WTR0100000000AR0I","properties":{"NF_ID":"WTR0100000000AR0I","admin_code":"51150","source_layer":"TN_RIVER_BNDRY","semantic":"zone","river_class":"소하천","river_class_source":"중심선 공간조인","survey_method":"사진측량"},"geometry":{"type":"Polygon","coordinates":[[[128.81614,37.82209],[128.81586,37.82216],[128.81628,37.82222],[128.81634,37.82209],[128.81614,37.82209]]]}},{"type":"Feature","id":"TN_RIVER_BNDRY:WTR0100000000AR1J","properties":{"NF_ID":"WTR0100000000AR1J","admin_code":"51150","source_layer":"TN_RIVER_BNDRY","semantic":"zone","river_class":"소하천","river_class_source":"중심선 공간조인","survey_method":"사진측량"},"geometry":{"type":"Polygon","coordinates":[[[128.81572,37.82323],[128.81575,37.82323],[128.81582,37.82323],[128.81585,37.82323],[128.8159,37.82323],[128.81596,37.82323],[128.81599,37.82322],[128.81602,37.82321],[128.81604,37.82319],[128.81604,37.82315],[128.81601,37.82314],[128.81598,37.82314],[128.81593,37.82314],[128.81583,37.82316],[128.81579,37.82318],[128.81578,37.82318],[128.81577,37.82318],[128.81576,37.82318],[128.81574,37.82319],[128.81572,37.82319],[128.81569,37.8232],[128.81567,37.82321],[128.81566,37.82321],[128.81565,37.82321],[128.81564,37.82322],[128.81563,37.82322],[128.81562,37.82323],[128.81561,37.82323],[128.81561,37.82324],[128.8156,37.82324],[128.81559,37.82325],[128.81559,37.82326],[128.81559,37.82326],[128.81558,37.82328],[128.81559,37.8233],[128.8156,37.8233],[128.81562,37.82328],[128.81572,37.82323]]]}},{"type":"Feature","id":"TN_RIVER_BNDRY:WTR0100000000AR2K","properties":{"NF_ID":"WTR0100000000AR2K","admin_code":"51150","source_layer":"TN_RIVER_BNDRY","semantic":"zone","river_class":"소하천","river_class_source":"중심선 공간조인","river_name":"연내천","survey_method":"사진측량"},"geometry":{"type":"Polygon","coordinates":[[[128.81429,37.81992],[128.81424,37.81982],[128.81409,37.81999],[128.81429,37.81992]]]}},{"type":"Feature","id":"TN_RIVER_BNDRY:WTR0100000000AR3L","properties":{"NF_ID":"WTR0100000000AR3L","admin_code":"51150","source_layer":"TN_RIVER_BNDRY","semantic":"zone","river_class":"소하천","river_class_source":"중심선 공간조인","survey_method":"사진측량"},"geometry":{"type":"Polygon","coordinates":[[[128.81429,37.81992],[128.81409,37.81999],[128.81323,37.82121],[128.81429,37.81992]]]}},{"type":"Feature","id":"TN_RIVER_BNDRY:WTR0100000000AR4M","properties":{"NF_ID":"WTR0100000000AR4M","admin_code":"51150","source_layer":"TN_RIVER_BNDRY","semantic":"zone","river_class":"소하천","river_class_source":"중심선 공간조인","survey_method":"사진측량"},"geometry":{"type":"Polygon","coordinates":[[[128.81166,37.82001],[128.81165,37.82],[128.81164,37.81999],[128.81163,37.81998],[128.81163,37.81998],[128.81162,37.81997],[128.81159,37.81994],[128.81159,37.81993],[128.81158,37.81992],[128.81157,37.81989],[128.81155,37.81987],[128.81155,37.81986],[128.81154,37.81986],[128.81154,37.81985],[128.81153,37.81984],[128.81152,37.81983],[128.81151,37.81982],[128.81151,37.81981],[128.8115,37.81981],[128.81149,37.8198],[128.81148,37.81979],[128.81147,37.81979],[128.81145,37.81978],[128.81144,37.81977],[128.81141,37.81976],[128.8114,37.81975],[128.81137,37.81974],[128.81136,37.81973],[128.81135,37.81973],[128.81134,37.81972],[128.81132,37.81971],[128.81131,37.81971],[128.81129,37.8197],[128.81126,37.81968],[128.81125,37.81968],[128.81123,37.81966],[128.81122,37.81966],[128.81121,37.81965],[128.8112,37.81965],[128.81119,37.81964],[128.81119,37.81963],[128.81118,37.81963],[128.81117,37.81962],[128.81115,37.8196],[128.81114,37.81958],[128.81113,37.81958],[128.81112,37.81956],[128.8111,37.81953],[128.81108,37.81951],[128.81108,37.81951],[128.81107,37.8195],[128.81106,37.81949],[128.81104,37.81947],[128.81103,37.81946],[128.81099,37.81943],[128.81096,37.8194],[128.81095,37.81939],[128.81094,37.81938],[128.81093,37.81938],[128.81091,37.81936],[128.8109,37.81936],[128.81089,37.81935],[128.81088,37.81935],[128.81087,37.81934],[128.81086,37.81934],[128.81083,37.81933],[128.81081,37.81932],[128.81076,37.81929],[128.81073,37.81928],[128.81072,37.81927],[128.81071,37.81926],[128.81069,37.81925],[128.81067,37.81924],[128.81065,37.81923],[128.81064,37.81922],[128.81063,37.81921],[128.81061,37.81921],[128.8106,37.8192],[128.81059,37.8192],[128.81058,37.81919],[128.81057,37.81919],[128.81055,37.81918],[128.81053,37.81918],[128.81051,37.81917],[128.8105,37.81917],[128.81049,37.81917],[128.81048,37.81916],[128.81047,37.81916],[128.81047,37.81915],[128.81046,37.81915],[128.81045,37.81914],[128.81043,37.81913],[128.81042,37.81912],[128.81041,37.81911],[128.8104,37.81911],[128.81039,37.8191],[128.81039,37.8191],[128.81038,37.8191],[128.81037,37.8191],[128.81038,37.81911],[128.81041,37.81915],[128.81048,37.81918],[128.81056,37.81922],[128.81063,37.81925],[128.81074,37.81931],[128.81085,37.81936],[128.81094,37.81943],[128.81102,37.81949],[128.81109,37.81958],[128.81112,37.81962],[128.81114,37.81963],[128.8112,37.81969],[128.81125,37.81972],[128.81134,37.81976],[128.81139,37.81978],[128.81144,37.81981],[128.81147,37.81983],[128.81149,37.81985],[128.81152,37.81987],[128.81156,37.81992],[128.8116,37.81999],[128.81161,37.82002],[128.81161,37.82004],[128.81166,37.82001]]]}},{"type":"Feature","id":"TN_RIVER_BNDRY:WTR0100000000AR5N","properties":{"NF_ID":"WTR0100000000AR5N","admin_code":"51150","source_layer":"TN_RIVER_BNDRY","semantic":"zone","river_class":"소하천","river_class_source":"중심선 공간조인","survey_method":"사진측량"},"geometry":{"type":"Polygon","coordinates":[[[128.81171,37.82007],[128.81171,37.82007],[128.8117,37.82006],[128.81169,37.82005],[128.81169,37.82005],[128.81168,37.82004],[128.81168,37.82003],[128.81166,37.82001],[128.81161,37.82004],[128.81166,37.8201],[128.81171,37.82007]]]}},{"type":"Feature","id":"TN_RIVER_BNDRY:WTR0100000000AR6O","properties":{"NF_ID":"WTR0100000000AR6O","admin_code":"51150","source_layer":"TN_RIVER_BNDRY","semantic":"zone","river_class":"소하천","river_class_source":"중심선 공간조인","survey_method":"사진측량"},"geometry":{"type":"Polygon","coordinates":[[[128.81224,37.82018],[128.81222,37.82018],[128.81219,37.82018],[128.81216,37.82017],[128.81211,37.82017],[128.8121,37.82017],[128.81209,37.82016],[128.81208,37.82016],[128.81207,37.82016],[128.81204,37.82016],[128.81203,37.82016],[128.81202,37.82016],[128.81201,37.82016],[128.81199,37.82016],[128.81197,37.82015],[128.81196,37.82015],[128.81194,37.82015],[128.81193,37.82015],[128.81192,37.82014],[128.81189,37.82014],[128.81187,37.82013],[128.81185,37.82012],[128.81181,37.82011],[128.81177,37.8201],[128.81176,37.8201],[128.81175,37.8201],[128.81174,37.8201],[128.81172,37.82008],[128.81171,37.82007],[128.81166,37.8201],[128.81168,37.82011],[128.81171,37.82011],[128.81173,37.82012],[128.81176,37.82012],[128.81177,37.82012],[128.81178,37.82013],[128.81179,37.82013],[128.81183,37.82014],[128.81184,37.82014],[128.81185,37.82014],[128.81188,37.82016],[128.8119,37.82016],[128.81191,37.82016],[128.81192,37.82017],[128.81194,37.82017],[128.81195,37.82017],[128.81197,37.82018],[128.81199,37.82018],[128.81201,37.82018],[128.81202,37.82018],[128.81203,37.82018],[128.81204,37.82018],[128.81206,37.82018],[128.81207,37.82018],[128.81208,37.82018],[128.81209,37.82018],[128.8121,37.82019],[128.81211,37.82019],[128.81212,37.82019],[128.81213,37.82019],[128.81215,37.82019],[128.81217,37.8202],[128.81218,37.8202],[128.81219,37.8202],[128.8122,37.82021],[128.81221,37.82021],[128.81221,37.82021],[128.81222,37.82022],[128.81224,37.82018]]]}},{"type":"Feature","id":"TN_RIVER_BNDRY:WTR0100000000AR7P","properties":{"NF_ID":"WTR0100000000AR7P","admin_code":"51150","source_layer":"TN_RIVER_BNDRY","semantic":"zone","river_class":"소하천","river_class_source":"중심선 공간조인","survey_method":"사진측량"},"geometry":{"type":"Polygon","coordinates":[[[128.81231,37.82019],[128.8123,37.82019],[128.81229,37.82019],[128.81228,37.82019],[128.81227,37.82019],[128.81226,37.82019],[128.81225,37.82019],[128.81224,37.82018],[128.81222,37.82022],[128.8123,37.82023],[128.81231,37.82019]]]}},{"type":"Feature","id":"TN_RIVER_BNDRY:WTR0100000000AR8Q","properties":{"NF_ID":"WTR0100000000AR8Q","admin_code":"51150","source_layer":"TN_RIVER_BNDRY","semantic":"zone","river_class":"소하천","river_class_source":"중심선 공간조인","survey_method":"사진측량"},"geometry":{"type":"Polygon","coordinates":[[[128.8123,37.82023],[128.81222,37.82022],[128.81222,37.82022],[128.81222,37.82023],[128.81222,37.82024],[128.81222,37.82025],[128.81222,37.82026],[128.81223,37.82027],[128.81224,37.82027],[128.81225,37.82026],[128.81226,37.82026],[128.81227,37.82024],[128.81228,37.82024],[128.81229,37.82023],[128.81229,37.82023],[128.8123,37.82023]]]}},{"type":"Feature","id":"TN_RIVER_BNDRY:WTR0100000000AR9R","properties":{"NF_ID":"WTR0100000000AR9R","admin_code":"51150","source_layer":"TN_RIVER_BNDRY","semantic":"zone","river_class":"소하천","river_class_source":"중심선 공간조인","survey_method":"사진측량"},"geometry":{"type":"Polygon","coordinates":[[[128.81166,37.8201],[128.81106,37.82036],[128.81063,37.82033],[128.81106,37.82038],[128.81166,37.8201]]]}},{"type":"Feature","id":"TN_RIVER_BNDRY:WTR0100000000ARAS","properties":{"NF_ID":"WTR0100000000ARAS","admin_code":"51150","source_layer":"TN_RIVER_BNDRY","semantic":"zone","river_class":"소하천","river_class_source":"중심선 공간조인","river_name":"연내천","survey_method":"사진측량"},"geometry":{"type":"Polygon","coordinates":[[[128.81409,37.81999],[128.81411,37.81988],[128.81262,37.82001],[128.8123,37.82023],[128.81267,37.82002],[128.81409,37.81999]]]}},{"type":"Feature","id":"TN_RIVER_BNDRY:WTR0100000000ARBT","properties":{"NF_ID":"WTR0100000000ARBT","admin_code":"51150","source_layer":"TN_RIVER_BNDRY","semantic":"zone","river_class":"소하천","river_class_source":"중심선 공간조인","survey_method":"사진측량"},"geometry":{"type":"Polygon","coordinates":[[[128.80265,37.82118],[128.80263,37.82116],[128.80258,37.8212],[128.80254,37.82124],[128.80261,37.82129],[128.80265,37.82118]]]}},{"type":"Feature","id":"TN_RIVER_BNDRY:WTR0100000000ARCU","properties":{"NF_ID":"WTR0100000000ARCU","admin_code":"51150","source_layer":"TN_RIVER_BNDRY","semantic":"zone","river_class":"소하천","river_class_source":"중심선 공간조인","survey_method":"사진측량"},"geometry":{"type":"Polygon","coordinates":[[[128.81663,37.81011],[128.81668,37.81011],[128.81668,37.81009],[128.81668,37.81008],[128.81668,37.81006],[128.81668,37.81005],[128.81668,37.81002],[128.81668,37.81001],[128.81668,37.81001],[128.81667,37.81],[128.81667,37.81],[128.81666,37.81001],[128.81666,37.81001],[128.81666,37.81003],[128.81665,37.81004],[128.81665,37.81007],[128.81665,37.81008],[128.81664,37.81008],[128.81664,37.81009],[128.81664,37.81009],[128.81664,37.8101],[128.81664,37.8101],[128.81663,37.81011],[128.81663,37.81011]]]}},{"type":"Feature","id":"TN_RIVER_BNDRY:WTR0100000000ARDV","properties":{"NF_ID":"WTR0100000000ARDV","admin_code":"51150","source_layer":"TN_RIVER_BNDRY","semantic":"zone","river_class":"소하천","river_class_source":"중심선 공간조인","survey_method":"사진측량"},"geometry":{"type":"Polygon","coordinates":[[[128.81663,37.81011],[128.81663,37.81011],[128.81662,37.81011],[128.81662,37.81011],[128.81661,37.81011],[128.8166,37.81011],[128.81657,37.8101],[128.81656,37.8101],[128.81655,37.8101],[128.81652,37.81009],[128.8165,37.81008],[128.81647,37.81008],[128.81646,37.81007],[128.81645,37.81007],[128.81645,37.81007],[128.81643,37.81007],[128.8164,37.81007],[128.81638,37.81006],[128.81636,37.81006],[128.81635,37.81006],[128.81634,37.81006],[128.81633,37.81006],[128.81633,37.81006],[128.81633,37.81006],[128.81633,37.81007],[128.81635,37.81008],[128.81636,37.81008],[128.81637,37.81008],[128.81639,37.81008],[128.8164,37.81009],[128.81641,37.81009],[128.81645,37.8101],[128.81648,37.8101],[128.81651,37.81011],[128.81652,37.81011],[128.81654,37.81012],[128.81654,37.81012],[128.81657,37.81012],[128.81658,37.81013],[128.81659,37.81013],[128.81663,37.81014],[128.81663,37.81014],[128.81664,37.81014],[128.81664,37.81014],[128.81663,37.81011]]]}},{"type":"Feature","id":"TN_RIVER_BNDRY:WTR0100000000AREW","properties":{"NF_ID":"WTR0100000000AREW","admin_code":"51150","source_layer":"TN_RIVER_BNDRY","semantic":"zone","river_class":"소하천","river_class_source":"중심선 공간조인","survey_method":"사진측량"},"geometry":{"type":"Polygon","coordinates":[[[128.81668,37.81014],[128.81668,37.81013],[128.81668,37.81011],[128.81663,37.81011],[128.81664,37.81014],[128.81668,37.81014]]]}},{"type":"Feature","id":"TN_RIVER_BNDRY:WTR0100000000ARFX","properties":{"NF_ID":"WTR0100000000ARFX","admin_code":"51150","source_layer":"TN_RIVER_BNDRY","semantic":"zone","river_class":"소하천","river_class_source":"중심선 공간조인","river_name":"감나무골천","survey_method":"사진측량"},"geometry":{"type":"Polygon","coordinates":[[[128.81566,37.8043],[128.81565,37.8043],[128.81564,37.8043],[128.81563,37.80429],[128.81562,37.80429],[128.81562,37.80429],[128.81561,37.80429],[128.8156,37.80429],[128.81559,37.80431],[128.81565,37.80432],[128.81566,37.8043]]]}},{"type":"Feature","id":"TN_RIVER_BNDRY:WTR0100000000ARGY","properties":{"NF_ID":"WTR0100000000ARGY","admin_code":"51150","source_layer":"TN_RIVER_BNDRY","semantic":"zone","river_class":"소하천","river_class_source":"중심선 공간조인","river_name":"감나무골천","survey_method":"사진측량"},"geometry":{"type":"Polygon","coordinates":[[[128.81566,37.8043],[128.81565,37.80432],[128.81567,37.80432],[128.81573,37.80432],[128.81575,37.80431],[128.81581,37.8043],[128.81591,37.80423],[128.81592,37.80422],[128.81598,37.80418],[128.81598,37.80417],[128.816,37.80415],[128.8161,37.80411],[128.8161,37.80411],[128.8161,37.80409],[128.81609,37.80409],[128.81609,37.80409],[128.81604,37.80411],[128.81604,37.80411],[128.81602,37.80412],[128.81601,37.80412],[128.81601,37.80412],[128.81599,37.80413],[128.81599,37.80413],[128.81598,37.80413],[128.81598,37.80414],[128.81598,37.80414],[128.81597,37.80414],[128.81597,37.80415],[128.81597,37.80415],[128.81596,37.80416],[128.81596,37.80416],[128.81595,37.80417],[128.81595,37.80418],[128.81594,37.80418],[128.81594,37.80419],[128.81593,37.80419],[128.81593,37.80419],[128.81593,37.8042],[128.81592,37.8042],[128.81591,37.8042],[128.81589,37.80421],[128.81589,37.80421],[128.81588,37.80422],[128.81587,37.80422],[128.81585,37.80424],[128.81584,37.80425],[128.81584,37.80425],[128.81583,37.80426],[128.81582,37.80426],[128.81581,37.80427],[128.8158,37.80427],[128.81579,37.80428],[128.81578,37.80428],[128.81577,37.80429],[128.81576,37.80429],[128.81576,37.80429],[128.81575,37.80429],[128.81574,37.8043],[128.81574,37.8043],[128.81572,37.8043],[128.81572,37.8043],[128.81571,37.8043],[128.81568,37.8043],[128.81567,37.8043],[128.81566,37.8043]]]}},{"type":"Feature","id":"TN_RIVER_BNDRY:WTR0100000000ARHZ","properties":{"NF_ID":"WTR0100000000ARHZ","admin_code":"51150","source_layer":"TN_RIVER_BNDRY","semantic":"zone","river_class":"소하천","river_class_source":"중심선 공간조인","survey_method":"사진측량"},"geometry":{"type":"Polygon","coordinates":[[[128.8149,37.81101],[128.81489,37.81089],[128.81412,37.81145],[128.8149,37.81101]]]}},{"type":"Feature","id":"TN_RIVER_BNDRY:WTR0100000000ARI0","properties":{"NF_ID":"WTR0100000000ARI0","admin_code":"51150","source_layer":"TN_RIVER_BNDRY","semantic":"zone","river_class":"소하천","river_class_source":"중심선 공간조인","survey_method":"사진측량"},"geometry":{"type":"Polygon","coordinates":[[[128.81319,37.81511],[128.81294,37.81468],[128.81198,37.81386],[128.81231,37.81438],[128.81293,37.81472],[128.81319,37.81511]]]}},{"type":"Feature","id":"TN_RIVER_BNDRY:WTR0100000000ARJ1","properties":{"NF_ID":"WTR0100000000ARJ1","admin_code":"51150","source_layer":"TN_RIVER_BNDRY","semantic":"zone","river_class":"소하천","river_class_source":"중심선 공간조인","river_name":"안식골천","survey_method":"사진측량"},"geometry":{"type":"Polygon","coordinates":[[[128.81211,37.8041],[128.81151,37.80426],[128.81134,37.80468],[128.80996,37.80579],[128.80973,37.80581],[128.80916,37.80545],[128.8097,37.80583],[128.80997,37.80582],[128.81137,37.8047],[128.81158,37.80429],[128.81211,37.8041]]]}},{"type":"Feature","id":"TN_RIVER_BNDRY:WTR0100000000ARK2","properties":{"NF_ID":"WTR0100000000ARK2","admin_code":"51150","source_layer":"TN_RIVER_BNDRY","semantic":"zone","river_class":"소하천","river_class_source":"중심선 공간조인","river_name":"안식골천","survey_method":"사진측량"},"geometry":{"type":"Polygon","coordinates":[[[128.80921,37.80541],[128.80919,37.8054],[128.80916,37.80539],[128.80916,37.80538],[128.80915,37.80538],[128.80914,37.80537],[128.80912,37.8054],[128.80916,37.80545],[128.80921,37.80541]]]}},{"type":"Feature","id":"TN_RIVER_BNDRY:WTR0100000000ARL3","properties":{"NF_ID":"WTR0100000000ARL3","admin_code":"51150","source_layer":"TN_RIVER_BNDRY","semantic":"zone","river_class":"소하천","river_class_source":"중심선 공간조인","survey_method":"사진측량"},"geometry":{"type":"Polygon","coordinates":[[[128.81199,37.81379],[128.81199,37.8138],[128.81198,37.8138],[128.81196,37.8138],[128.81195,37.8138],[128.81194,37.8138],[128.81194,37.8138],[128.81193,37.8138],[128.81192,37.8138],[128.8119,37.8138],[128.81187,37.81379],[128.81183,37.81378],[128.81179,37.81378],[128.81177,37.81377],[128.81174,37.81377],[128.81171,37.81377],[128.8117,37.81377],[128.8117,37.81377],[128.81169,37.81377],[128.81169,37.81378],[128.81169,37.81378],[128.81169,37.81379],[128.8117,37.81379],[128.8117,37.81379],[128.81171,37.8138],[128.81173,37.8138],[128.81175,37.8138],[128.8118,37.81381],[128.81186,37.81382],[128.81191,37.81383],[128.81196,37.81384],[128.81198,37.81386],[128.81199,37.81379]]]}},{"type":"Feature","id":"TN_RIVER_BNDRY:WTR0100000000ARM4","properties":{"NF_ID":"WTR0100000000ARM4","admin_code":"51150","source_layer":"TN_RIVER_BNDRY","semantic":"zone","river_class":"소하천","river_class_source":"중심선 공간조인","survey_method":"사진측량"},"geometry":{"type":"Polygon","coordinates":[[[128.81205,37.8138],[128.81199,37.81379],[128.81198,37.81386],[128.81204,37.81386],[128.81204,37.81384],[128.81204,37.81384],[128.81204,37.81383],[128.81203,37.81382],[128.81205,37.8138]]]}},{"type":"Feature","id":"TN_RIVER_BNDRY:WTR0100000000ARN5","properties":{"NF_ID":"WTR0100000000ARN5","admin_code":"51150","source_layer":"TN_RIVER_BNDRY","semantic":"zone","river_class":"소하천","river_class_source":"중심선 공간조인","river_name":"안식골천","survey_method":"사진측량"},"geometry":{"type":"Polygon","coordinates":[[[128.81249,37.80215],[128.81241,37.80211],[128.81241,37.80218],[128.81245,37.8022],[128.81249,37.80215]]]}},{"type":"Feature","id":"TN_RIVER_BNDRY:WTR0100000000ARO6","properties":{"NF_ID":"WTR0100000000ARO6","admin_code":"51150","source_layer":"TN_RIVER_BNDRY","semantic":"zone","river_class":"소하천","river_class_source":"중심선 공간조인","survey_method":"사진측량"},"geometry":{"type":"Polygon","coordinates":[[[128.81241,37.80218],[128.81219,37.8021],[128.8115,37.80256],[128.81038,37.80276],[128.81018,37.80322],[128.80995,37.8033],[128.8102,37.80323],[128.81041,37.80277],[128.81151,37.80259],[128.81219,37.80212],[128.81241,37.80218]]]}},{"type":"Feature","id":"TN_RIVER_BNDRY:WTR0100000000ARP7","properties":{"NF_ID":"WTR0100000000ARP7","admin_code":"51150","source_layer":"TN_RIVER_BNDRY","semantic":"zone","river_class":"소하천","river_class_source":"중심선 공간조인","river_name":"안식골천","survey_method":"사진측량"},"geometry":{"type":"Polygon","coordinates":[[[128.81249,37.80354],[128.81216,37.80265],[128.81241,37.80218],[128.81212,37.80265],[128.81249,37.80354]]]}},{"type":"Feature","id":"TN_RIVER_BNDRY:WTR0100000000ARQ8","properties":{"NF_ID":"WTR0100000000ARQ8","admin_code":"51150","source_layer":"TN_RIVER_BNDRY","semantic":"zone","river_class":"소하천","river_class_source":"중심선 공간조인","river_name":"안식골천","survey_method":"사진측량"},"geometry":{"type":"Polygon","coordinates":[[[128.81249,37.80359],[128.81249,37.80354],[128.81245,37.80354],[128.81246,37.8036],[128.81249,37.80359]]]}},{"type":"Feature","id":"TN_RIVER_BNDRY:WTR0100000000ARR9","properties":{"NF_ID":"WTR0100000000ARR9","admin_code":"51150","source_layer":"TN_RIVER_BNDRY","semantic":"zone","river_class":"소하천","river_class_source":"중심선 공간조인","river_name":"안식골천","survey_method":"사진측량"},"geometry":{"type":"Polygon","coordinates":[[[128.81246,37.8036],[128.81245,37.80354],[128.81245,37.80355],[128.81244,37.80356],[128.81244,37.80356],[128.81244,37.80357],[128.81243,37.80357],[128.81243,37.80358],[128.81243,37.80358],[128.81242,37.80359],[128.81242,37.80359],[128.8124,37.80361],[128.81239,37.80361],[128.81239,37.80362],[128.81238,37.80363],[128.81237,37.80363],[128.81237,37.80364],[128.81236,37.80364],[128.81236,37.80365],[128.81235,37.80365],[128.81235,37.80366],[128.81234,37.80366],[128.81234,37.80367],[128.81234,37.80368],[128.81233,37.80368],[128.81233,37.80371],[128.81232,37.80372],[128.81232,37.80373],[128.81231,37.80376],[128.8123,37.80378],[128.8123,37.80379],[128.8123,37.80379],[128.81229,37.8038],[128.81228,37.80382],[128.81227,37.80383],[128.81227,37.80384],[128.81226,37.80385],[128.81225,37.80386],[128.81225,37.80387],[128.81224,37.80388],[128.81222,37.8039],[128.81222,37.8039],[128.81221,37.80391],[128.81221,37.80391],[128.8122,37.80392],[128.8122,37.80392],[128.8122,37.80393],[128.81218,37.80395],[128.81218,37.80396],[128.81216,37.804],[128.81215,37.80401],[128.81215,37.80401],[128.81214,37.80402],[128.81214,37.80403],[128.81214,37.80404],[128.81213,37.80405],[128.81213,37.80405],[128.81213,37.80406],[128.81212,37.80406],[128.81212,37.80406],[128.81211,37.80407],[128.81217,37.80407],[128.81217,37.80407],[128.81217,37.80406],[128.81217,37.80405],[128.81218,37.80404],[128.81218,37.80404],[128.81218,37.80403],[128.81218,37.80403],[128.81218,37.80401],[128.81219,37.804],[128.8122,37.80399],[128.81221,37.80396],[128.81222,37.80394],[128.81222,37.80394],[128.81223,37.80393],[128.81223,37.80392],[128.81224,37.80392],[128.81224,37.80391],[128.81225,37.8039],[128.81226,37.80389],[128.81227,37.80389],[128.81228,37.80387],[128.81229,37.80386],[128.8123,37.80386],[128.8123,37.80385],[128.81231,37.80385],[128.81231,37.80384],[128.81231,37.80384],[128.81232,37.80383],[128.81232,37.80383],[128.81232,37.80382],[128.81232,37.80381],[128.81233,37.8038],[128.81235,37.80374],[128.81235,37.80372],[128.81236,37.80371],[128.81236,37.8037],[128.81237,37.80369],[128.81237,37.80369],[128.81238,37.80367],[128.81239,37.80366],[128.81239,37.80365],[128.8124,37.80364],[128.8124,37.80364],[128.81241,37.80363],[128.81242,37.80362],[128.81243,37.80362],[128.81243,37.80361],[128.81244,37.80361],[128.81245,37.8036],[128.81246,37.8036]]]}},{"type":"Feature","id":"TN_RIVER_BNDRY:WTR0100000000ARSA","properties":{"NF_ID":"WTR0100000000ARSA","admin_code":"51150","source_layer":"TN_RIVER_BNDRY","semantic":"zone","river_class":"소하천","river_class_source":"중심선 공간조인","river_name":"안식골천","survey_method":"사진측량"},"geometry":{"type":"Polygon","coordinates":[[[128.81249,37.80359],[128.81247,37.80404],[128.81218,37.80409],[128.8125,37.80406],[128.81249,37.80359]]]}},{"type":"Feature","id":"TN_RIVER_BNDRY:WTR0100000000ARTB","properties":{"NF_ID":"WTR0100000000ARTB","admin_code":"51150","source_layer":"TN_RIVER_BNDRY","semantic":"zone","river_class":"소하천","river_class_source":"중심선 공간조인","river_name":"안식골천","survey_method":"사진측량"},"geometry":{"type":"Polygon","coordinates":[[[128.81218,37.80409],[128.81217,37.80407],[128.81211,37.80407],[128.81211,37.8041],[128.81214,37.8041],[128.81218,37.80409]]]}},{"type":"Feature","id":"TN_RIVER_BNDRY:WTR0100000000ARUC","properties":{"NF_ID":"WTR0100000000ARUC","admin_code":"51150","source_layer":"TN_RIVER_BNDRY","semantic":"zone","river_class":"소하천","river_class_source":"중심선 공간조인","survey_method":"사진측량"},"geometry":{"type":"Polygon","coordinates":[[[128.81199,37.81379],[128.81219,37.81297],[128.81178,37.81262],[128.81214,37.81294],[128.81199,37.81379]]]}},{"type":"Feature","id":"TN_RIVER_BNDRY:WTR0100000000ARVD","properties":{"NF_ID":"WTR0100000000ARVD","admin_code":"51150","source_layer":"TN_RIVER_BNDRY","semantic":"zone","river_class":"소하천","river_class_source":"중심선 공간조인","survey_method":"사진측량"},"geometry":{"type":"Polygon","coordinates":[[[128.81343,37.80505],[128.81342,37.80503],[128.81339,37.80505],[128.81341,37.80507],[128.81342,37.80505],[128.81343,37.80505]]]}},{"type":"Feature","id":"TN_RIVER_BNDRY:WTR0100000000ARWE","properties":{"NF_ID":"WTR0100000000ARWE","admin_code":"51150","source_layer":"TN_RIVER_BNDRY","semantic":"zone","river_class":"소하천","river_class_source":"중심선 공간조인","survey_method":"사진측량"},"geometry":{"type":"Polygon","coordinates":[[[128.81339,37.80505],[128.81342,37.80503],[128.81342,37.80503],[128.81341,37.80503],[128.8134,37.80503],[128.8134,37.80502],[128.81339,37.80502],[128.81339,37.80502],[128.81338,37.80501],[128.81337,37.80501],[128.81337,37.805],[128.81336,37.805],[128.81335,37.805],[128.81334,37.805],[128.81334,37.80499],[128.81333,37.80499],[128.81331,37.80499],[128.8133,37.80499],[128.81329,37.80499],[128.81328,37.80499],[128.81328,37.80499],[128.81327,37.80499],[128.81326,37.80499],[128.81325,37.80499],[128.81325,37.80499],[128.81324,37.80499],[128.81322,37.805],[128.81321,37.805],[128.8132,37.805],[128.81319,37.80501],[128.81318,37.80501],[128.81318,37.80501],[128.81317,37.80502],[128.81316,37.80502],[128.81315,37.80504],[128.81313,37.80505],[128.81312,37.80506],[128.81311,37.80506],[128.81311,37.80507],[128.8131,37.80507],[128.8131,37.80508],[128.8131,37.80509],[128.81311,37.80509],[128.81311,37.80509],[128.81312,37.80509],[128.81313,37.80508],[128.81313,37.80508],[128.81314,37.80507],[128.81316,37.80506],[128.81316,37.80506],[128.81318,37.80505],[128.81321,37.80504],[128.81321,37.80503],[128.81322,37.80503],[128.81323,37.80503],[128.81323,37.80503],[128.81324,37.80502],[128.81325,37.80502],[128.81326,37.80502],[128.81327,37.80502],[128.81327,37.80502],[128.81328,37.80502],[128.81329,37.80502],[128.81332,37.80503],[128.81332,37.80503],[128.81333,37.80503],[128.81335,37.80503],[128.81337,37.80504],[128.81338,37.80504],[128.81338,37.80504],[128.81339,37.80505],[128.81339,37.80505]]]}},{"type":"Feature","id":"TN_RIVER_BNDRY:WTR0100000000ARXF","properties":{"NF_ID":"WTR0100000000ARXF","admin_code":"51150","source_layer":"TN_RIVER_BNDRY","semantic":"zone","river_class":"소하천","river_class_source":"중심선 공간조인","survey_method":"사진측량"},"geometry":{"type":"Polygon","coordinates":[[[128.81341,37.80507],[128.81339,37.80505],[128.81325,37.80517],[128.81323,37.80519],[128.81321,37.80521],[128.8132,37.80524],[128.81319,37.80526],[128.81318,37.80528],[128.81317,37.8053],[128.81317,37.80533],[128.81315,37.80536],[128.81313,37.80542],[128.81311,37.80547],[128.8131,37.8055],[128.81309,37.80553],[128.81306,37.80559],[128.81304,37.80561],[128.81301,37.80565],[128.813,37.80567],[128.81298,37.8057],[128.81295,37.80573],[128.81288,37.80579],[128.81286,37.80585],[128.81286,37.80589],[128.81285,37.80594],[128.81283,37.80596],[128.81281,37.80601],[128.81282,37.80601],[128.81284,37.806],[128.81285,37.80599],[128.81287,37.80597],[128.81287,37.80595],[128.81288,37.80588],[128.8129,37.80583],[128.81292,37.8058],[128.81296,37.80575],[128.81301,37.8057],[128.81304,37.80566],[128.81305,37.80565],[128.8131,37.80556],[128.81313,37.80549],[128.8132,37.80534],[128.81326,37.80521],[128.81326,37.8052],[128.81331,37.80515],[128.81341,37.80507]]]}},{"type":"Feature","id":"TN_RIVER_BNDRY:WTR0100000000ARYG","properties":{"NF_ID":"WTR0100000000ARYG","admin_code":"51150","source_layer":"TN_RIVER_BNDRY","semantic":"zone","river_class":"소하천","river_class_source":"중심선 공간조인","survey_method":"사진측량"},"geometry":{"type":"Polygon","coordinates":[[[128.81327,37.81516],[128.81325,37.81515],[128.81323,37.81514],[128.81319,37.81511],[128.81316,37.81513],[128.81324,37.8152],[128.81327,37.81516]]]}},{"type":"Feature","id":"TN_RIVER_BNDRY:WTR0100000000ARZH","properties":{"NF_ID":"WTR0100000000ARZH","admin_code":"51150","source_layer":"TN_RIVER_BNDRY","semantic":"zone","river_class":"소하천","river_class_source":"중심선 공간조인","survey_method":"사진측량"},"geometry":{"type":"Polygon","coordinates":[[[128.81405,37.81559],[128.81404,37.81558],[128.81403,37.81558],[128.81402,37.81558],[128.81402,37.81557],[128.81401,37.81557],[128.81401,37.81557],[128.81399,37.81555],[128.81396,37.81552],[128.81392,37.8155],[128.81387,37.81545],[128.8138,37.8154],[128.81378,37.81539],[128.81373,37.81536],[128.8137,37.81534],[128.81367,37.81533],[128.8136,37.8153],[128.81357,37.81529],[128.81353,37.81528],[128.81349,37.81526],[128.81342,37.81523],[128.81338,37.81521],[128.81333,37.81518],[128.8133,37.81517],[128.81327,37.81516],[128.81324,37.8152],[128.81334,37.81523],[128.81349,37.81529],[128.81357,37.81533],[128.81368,37.81538],[128.81375,37.81541],[128.81386,37.81548],[128.81398,37.81558],[128.81401,37.81561],[128.81405,37.81559]]]}},{"type":"Feature","id":"TN_RIVER_BNDRY:WTR0100000000AS0J","properties":{"NF_ID":"WTR0100000000AS0J","admin_code":"51150","source_layer":"TN_RIVER_BNDRY","semantic":"zone","river_class":"소하천","river_class_source":"중심선 공간조인","survey_method":"사진측량"},"geometry":{"type":"Polygon","coordinates":[[[128.81414,37.81563],[128.8141,37.81562],[128.81408,37.8156],[128.81407,37.8156],[128.81405,37.81559],[128.81401,37.81561],[128.81405,37.81565],[128.81414,37.81563]]]}},{"type":"Feature","id":"TN_RIVER_BNDRY:WTR0100000000AS1K","properties":{"NF_ID":"WTR0100000000AS1K","admin_code":"51150","source_layer":"TN_RIVER_BNDRY","semantic":"zone","river_class":"소하천","river_class_source":"중심선 공간조인","survey_method":"사진측량"},"geometry":{"type":"Polygon","coordinates":[[[128.81324,37.8152],[128.81275,37.81527],[128.81244,37.81557],[128.81205,37.8154],[128.81125,37.81565],[128.8108,37.81619],[128.81122,37.81569],[128.81202,37.81543],[128.81244,37.8156],[128.81275,37.8153],[128.81324,37.8152]]]}},{"type":"Feature","id":"TN_RIVER_BNDRY:WTR0100000000AS2L","properties":{"NF_ID":"WTR0100000000AS2L","admin_code":"51150","source_layer":"TN_RIVER_BNDRY","semantic":"zone","river_class":"소하천","river_class_source":"중심선 공간조인","survey_method":"사진측량"},"geometry":{"type":"Polygon","coordinates":[[[128.81489,37.81089],[128.81493,37.81089],[128.81492,37.81088],[128.8149,37.81085],[128.81489,37.81084],[128.81486,37.81083],[128.81485,37.81083],[128.81482,37.81082],[128.8148,37.81081],[128.81478,37.81081],[128.81476,37.8108],[128.81475,37.81078],[128.81473,37.81076],[128.81472,37.81072],[128.81469,37.81064],[128.81465,37.81058],[128.81458,37.81048],[128.81458,37.81047],[128.81457,37.81047],[128.81457,37.81047],[128.81456,37.81047],[128.81456,37.81048],[128.81456,37.81049],[128.81457,37.81049],[128.81458,37.8105],[128.81458,37.81051],[128.81459,37.81053],[128.81459,37.81053],[128.8146,37.81055],[128.81461,37.81056],[128.81461,37.81056],[128.81462,37.81057],[128.81462,37.81058],[128.81464,37.8106],[128.81464,37.81061],[128.81465,37.81061],[128.81465,37.81062],[128.81465,37.81062],[128.81465,37.81063],[128.81466,37.81065],[128.81467,37.81065],[128.81467,37.81066],[128.81467,37.81068],[128.81468,37.81069],[128.81468,37.81069],[128.81468,37.8107],[128.81469,37.8107],[128.81469,37.81071],[128.8147,37.81072],[128.8147,37.81072],[128.8147,37.81073],[128.8147,37.81073],[128.8147,37.81074],[128.81471,37.81075],[128.81471,37.81076],[128.81471,37.81077],[128.81472,37.81079],[128.81474,37.81081],[128.81475,37.81082],[128.81481,37.81084],[128.81486,37.81085],[128.81487,37.81086],[128.81488,37.81087],[128.81489,37.81089]]]}},{"type":"Feature","id":"TN_RIVER_BNDRY:WTR0100000000AS3M","properties":{"NF_ID":"WTR0100000000AS3M","admin_code":"51150","source_layer":"TN_RIVER_BNDRY","semantic":"zone","river_class":"소하천","river_class_source":"중심선 공간조인","survey_method":"사진측량"},"geometry":{"type":"Polygon","coordinates":[[[128.81496,37.811],[128.81496,37.81099],[128.81495,37.81096],[128.81494,37.81094],[128.81493,37.8109],[128.81493,37.81089],[128.81489,37.81089],[128.8149,37.81101],[128.81496,37.811]]]}},{"type":"Feature","id":"TN_RIVER_BNDRY:WTR0100000000AS4N","properties":{"NF_ID":"WTR0100000000AS4N","admin_code":"51150","source_layer":"TN_RIVER_BNDRY","semantic":"zone","river_class":"소하천","river_class_source":"중심선 공간조인","river_name":"감나무골천","survey_method":"사진측량"},"geometry":{"type":"Polygon","coordinates":[[[128.81559,37.80431],[128.81517,37.80398],[128.81476,37.80397],[128.81342,37.80503],[128.81478,37.80399],[128.81514,37.804],[128.81559,37.80431]]]}},{"type":"Feature","id":"TN_RIVER_BNDRY:WTR0100000000AS5O","properties":{"NF_ID":"WTR0100000000AS5O","admin_code":"51150","source_layer":"TN_RIVER_BNDRY","semantic":"zone","river_class":"소하천","river_class_source":"중심선 공간조인","survey_method":"사진측량"},"geometry":{"type":"Polygon","coordinates":[[[128.81565,37.80432],[128.81532,37.80479],[128.81494,37.80502],[128.81536,37.80479],[128.81565,37.80432]]]}},{"type":"Feature","id":"TN_RIVER_BNDRY:WTR0100000000AS6P","properties":{"NF_ID":"WTR0100000000AS6P","admin_code":"51150","source_layer":"TN_RIVER_BNDRY","semantic":"zone","river_class":"소하천","river_class_source":"중심선 공간조인","river_name":"안식골천","survey_method":"사진측량"},"geometry":{"type":"Polygon","coordinates":[[[128.80876,37.80554],[128.80874,37.80552],[128.8087,37.80554],[128.80871,37.80556],[128.80873,37.80555],[128.80876,37.80554]]]}},{"type":"Feature","id":"TN_RIVER_BNDRY:WTR0100000000AS7Q","properties":{"NF_ID":"WTR0100000000AS7Q","admin_code":"51150","source_layer":"TN_RIVER_BNDRY","semantic":"zone","river_class":"소하천","river_class_source":"중심선 공간조인","survey_method":"사진측량"},"geometry":{"type":"Polygon","coordinates":[[[128.8087,37.80554],[128.80804,37.80543],[128.80651,37.80561],[128.80807,37.80545],[128.8087,37.80554]]]}},{"type":"Feature","id":"TN_RIVER_BNDRY:WTR0100000000AS8R","properties":{"NF_ID":"WTR0100000000AS8R","admin_code":"51150","source_layer":"TN_RIVER_BNDRY","semantic":"zone","river_class":"소하천","river_class_source":"중심선 공간조인","river_name":"안식골천","survey_method":"사진측량"},"geometry":{"type":"Polygon","coordinates":[[[128.80871,37.80556],[128.8087,37.80554],[128.80866,37.80556],[128.80864,37.80558],[128.80858,37.80564],[128.80854,37.80568],[128.80852,37.8057],[128.80849,37.80571],[128.80847,37.80573],[128.80841,37.80573],[128.80847,37.80575],[128.80848,37.80574],[128.80852,37.80572],[128.80859,37.80566],[128.8086,37.80565],[128.80862,37.80563],[128.80863,37.80562],[128.80866,37.8056],[128.80871,37.80556]]]}},{"type":"Feature","id":"TN_RIVER_BNDRY:WTR0100000000AS9S","properties":{"NF_ID":"WTR0100000000AS9S","admin_code":"51150","source_layer":"TN_RIVER_BNDRY","semantic":"zone","river_class":"소하천","river_class_source":"중심선 공간조인","river_name":"안식골천","survey_method":"사진측량"},"geometry":{"type":"Polygon","coordinates":[[[128.80847,37.80575],[128.80841,37.80573],[128.80841,37.80577],[128.80845,37.80577],[128.80845,37.80577],[128.80845,37.80577],[128.80845,37.80576],[128.80846,37.80576],[128.80846,37.80575],[128.80847,37.80575]]]}},{"type":"Feature","id":"TN_RIVER_BNDRY:WTR0100000000ASAT","properties":{"NF_ID":"WTR0100000000ASAT","admin_code":"51150","source_layer":"TN_RIVER_BNDRY","semantic":"zone","river_class":"소하천","river_class_source":"중심선 공간조인","survey_method":"사진측량"},"geometry":{"type":"Polygon","coordinates":[[[128.80841,37.80577],[128.8078,37.80582],[128.80705,37.80642],[128.80782,37.80585],[128.80841,37.80577]]]}},{"type":"Feature","id":"TN_RIVER_BNDRY:WTR0100000000ASBU","properties":{"NF_ID":"WTR0100000000ASBU","admin_code":"51150","source_layer":"TN_RIVER_BNDRY","semantic":"zone","river_class":"소하천","river_class_source":"중심선 공간조인","river_name":"안식골천","survey_method":"사진측량"},"geometry":{"type":"Polygon","coordinates":[[[128.80845,37.80577],[128.80773,37.8067],[128.8076,37.80757],[128.80774,37.80824],[128.80758,37.8086],[128.80696,37.80886],[128.8066,37.80933],[128.80567,37.80951],[128.80659,37.80936],[128.8073,37.80867],[128.80759,37.80863],[128.80777,37.80822],[128.80763,37.80755],[128.80778,37.80668],[128.80845,37.80577]]]}},{"type":"Feature","id":"TN_RIVER_BNDRY:WTR0100000000ASCV","properties":{"NF_ID":"WTR0100000000ASCV","admin_code":"51150","source_layer":"TN_RIVER_BNDRY","semantic":"zone","river_class":"소하천","river_class_source":"중심선 공간조인","survey_method":"사진측량"},"geometry":{"type":"Polygon","coordinates":[[[128.80914,37.80537],[128.80914,37.80537],[128.80914,37.80537],[128.80913,37.80536],[128.80913,37.80536],[128.80912,37.80535],[128.80912,37.80534],[128.80911,37.80533],[128.8091,37.80531],[128.8091,37.8053],[128.80909,37.80529],[128.80909,37.80529],[128.80908,37.80528],[128.80908,37.80528],[128.80907,37.80527],[128.80905,37.80525],[128.80905,37.80525],[128.80904,37.80524],[128.80904,37.80524],[128.80903,37.80523],[128.80903,37.80523],[128.80902,37.80522],[128.80901,37.80522],[128.809,37.80521],[128.80895,37.80519],[128.80894,37.80518],[128.8089,37.80516],[128.80887,37.80514],[128.80884,37.80513],[128.80882,37.80512],[128.80881,37.80511],[128.8088,37.8051],[128.80878,37.80509],[128.80874,37.80508],[128.80872,37.80507],[128.80872,37.80507],[128.8087,37.80506],[128.80869,37.80505],[128.80868,37.80504],[128.80865,37.80503],[128.80863,37.80501],[128.80862,37.80501],[128.8086,37.80499],[128.80857,37.80497],[128.80854,37.80495],[128.80853,37.80494],[128.80852,37.80494],[128.80851,37.80493],[128.8085,37.80493],[128.80849,37.80492],[128.80849,37.80492],[128.80848,37.80492],[128.80847,37.80492],[128.80846,37.80492],[128.80846,37.80493],[128.80847,37.80493],[128.80847,37.80494],[128.80848,37.80494],[128.80849,37.80495],[128.80852,37.80497],[128.80853,37.80498],[128.80854,37.80498],[128.80855,37.80499],[128.80857,37.805],[128.80859,37.80501],[128.80859,37.80502],[128.8086,37.80502],[128.80861,37.80503],[128.80862,37.80504],[128.80864,37.80505],[128.80866,37.80506],[128.80867,37.80506],[128.80871,37.80508],[128.80873,37.80509],[128.80875,37.8051],[128.80878,37.80512],[128.80879,37.80512],[128.80881,37.80514],[128.80884,37.80515],[128.80885,37.80516],[128.80886,37.80516],[128.80887,37.80517],[128.80889,37.80519],[128.8089,37.80519],[128.80891,37.8052],[128.80892,37.8052],[128.80893,37.80521],[128.80894,37.80521],[128.80894,37.80521],[128.80896,37.80522],[128.80897,37.80522],[128.80898,37.80523],[128.80899,37.80523],[128.80899,37.80524],[128.809,37.80524],[128.809,37.80524],[128.80902,37.80526],[128.80902,37.80526],[128.80904,37.80528],[128.80905,37.80529],[128.80906,37.8053],[128.80907,37.80531],[128.80907,37.80531],[128.80908,37.80532],[128.80909,37.80534],[128.8091,37.80536],[128.80912,37.80539],[128.80912,37.8054],[128.80914,37.80537]]]}},{"type":"Feature","id":"TN_RIVER_BNDRY:WTR0100000000ASDW","properties":{"NF_ID":"WTR0100000000ASDW","admin_code":"51150","source_layer":"TN_RIVER_BNDRY","semantic":"zone","river_class":"소하천","river_class_source":"중심선 공간조인","river_name":"안식골천","survey_method":"사진측량"},"geometry":{"type":"Polygon","coordinates":[[[128.80916,37.80545],[128.80912,37.8054],[128.80912,37.8054],[128.80912,37.8054],[128.80912,37.80541],[128.80912,37.80541],[128.80912,37.80542],[128.80911,37.80542],[128.80911,37.80543],[128.8091,37.80543],[128.8091,37.80543],[128.80909,37.80543],[128.80909,37.80544],[128.80907,37.80544],[128.80906,37.80544],[128.80898,37.80546],[128.80897,37.80547],[128.80896,37.80547],[128.80895,37.80547],[128.80893,37.80548],[128.80891,37.80548],[128.80889,37.80549],[128.80889,37.80549],[128.80888,37.80549],[128.80888,37.80549],[128.80887,37.8055],[128.8088,37.80551],[128.80878,37.80551],[128.80874,37.80552],[128.80874,37.80552],[128.80876,37.80554],[128.80879,37.80553],[128.80889,37.80551],[128.80895,37.8055],[128.80902,37.80548],[128.80907,37.80546],[128.80911,37.80545],[128.80913,37.80545],[128.80916,37.80545]]]}},{"type":"Feature","id":"TN_RIVER_BNDRY:WTR0100000000ASEX","properties":{"NF_ID":"WTR0100000000ASEX","admin_code":"51150","source_layer":"TN_RIVER_BNDRY","semantic":"zone","river_class":"소하천","river_class_source":"중심선 공간조인","survey_method":"사진측량"},"geometry":{"type":"Polygon","coordinates":[[[128.81929,37.81999],[128.81927,37.81998],[128.81926,37.81998],[128.81925,37.81997],[128.81925,37.81996],[128.81924,37.81996],[128.81922,37.81999],[128.81927,37.82001],[128.81929,37.81999]]]}},{"type":"Feature","id":"TN_RIVER_BNDRY:WTR0100000000ASFY","properties":{"NF_ID":"WTR0100000000ASFY","admin_code":"51150","source_layer":"TN_RIVER_BNDRY","semantic":"zone","river_class":"소하천","river_class_source":"중심선 공간조인","survey_method":"사진측량"},"geometry":{"type":"Polygon","coordinates":[[[128.81979,37.82051],[128.81979,37.82051],[128.81975,37.82047],[128.81973,37.82045],[128.81969,37.82038],[128.81967,37.82033],[128.81965,37.82031],[128.81963,37.82027],[128.81961,37.82023],[128.81957,37.82017],[128.81953,37.82013],[128.81944,37.82007],[128.81929,37.81999],[128.81927,37.82001],[128.81933,37.82005],[128.81942,37.8201],[128.81951,37.82017],[128.81952,37.82018],[128.81955,37.82022],[128.81958,37.82025],[128.8196,37.82029],[128.81964,37.82035],[128.81967,37.8204],[128.81971,37.82047],[128.81974,37.82053],[128.81979,37.82051]]]}},{"type":"Feature","id":"TN_RIVER_BNDRY:WTR0100000000ASGZ","properties":{"NF_ID":"WTR0100000000ASGZ","admin_code":"51150","source_layer":"TN_RIVER_BNDRY","semantic":"zone","river_class":"소하천","river_class_source":"중심선 공간조인","survey_method":"사진측량"},"geometry":{"type":"Polygon","coordinates":[[[128.81983,37.82057],[128.81979,37.82051],[128.81974,37.82053],[128.81975,37.82054],[128.81976,37.82056],[128.81977,37.82058],[128.81983,37.82057]]]}},{"type":"Feature","id":"TN_RIVER_BNDRY:WTR0100000000ASH0","properties":{"NF_ID":"WTR0100000000ASH0","admin_code":"51150","source_layer":"TN_RIVER_BNDRY","semantic":"zone","river_class":"소하천","river_class_source":"중심선 공간조인","survey_method":"사진측량"},"geometry":{"type":"Polygon","coordinates":[[[128.81983,37.82057],[128.81977,37.82058],[128.81979,37.82062],[128.81981,37.82066],[128.81983,37.82071],[128.81983,37.82073],[128.81984,37.82073],[128.81985,37.82073],[128.81985,37.82071],[128.81985,37.82069],[128.81983,37.82057],[128.81983,37.82057]]]}},{"type":"Feature","id":"TN_RIVER_BNDRY:WTR0100000000ASI1","properties":{"NF_ID":"WTR0100000000ASI1","admin_code":"51150","source_layer":"TN_RIVER_BNDRY","semantic":"zone","river_class":"소하천","river_class_source":"중심선 공간조인","survey_method":"사진측량"},"geometry":{"type":"Polygon","coordinates":[[[128.81979,37.82051],[128.81983,37.82057],[128.81983,37.82057],[128.81983,37.82056],[128.81984,37.82056],[128.81986,37.82056],[128.81988,37.82057],[128.82001,37.82062],[128.82028,37.82074],[128.82029,37.82074],[128.8203,37.82074],[128.8203,37.82074],[128.8203,37.82073],[128.82022,37.82069],[128.82007,37.82061],[128.81992,37.82055],[128.8199,37.82054],[128.81988,37.82053],[128.81985,37.82053],[128.81983,37.82053],[128.8198,37.82052],[128.81979,37.82051]]]}},{"type":"Feature","id":"TN_RIVER_BNDRY:WTR0100000000ASJ2","properties":{"NF_ID":"WTR0100000000ASJ2","admin_code":"51150","source_layer":"TN_RIVER_BNDRY","semantic":"zone","river_class":"소하천","river_class_source":"중심선 공간조인","survey_method":"사진측량"},"geometry":{"type":"Polygon","coordinates":[[[128.81835,37.82076],[128.81848,37.8205],[128.81927,37.82001],[128.81846,37.82047],[128.81835,37.82076]]]}},{"type":"Feature","id":"TN_RIVER_BNDRY:WTR0100000000ASK3","properties":{"NF_ID":"WTR0100000000ASK3","admin_code":"51150","source_layer":"TN_RIVER_BNDRY","semantic":"zone","river_class":"소하천","river_class_source":"중심선 공간조인","survey_method":"사진측량"},"geometry":{"type":"Polygon","coordinates":[[[128.81846,37.82084],[128.81825,37.82085],[128.81837,37.82093],[128.81846,37.82084]]]}},{"type":"Feature","id":"TN_RIVER_BNDRY:WTR0100000000ASL4","properties":{"NF_ID":"WTR0100000000ASL4","admin_code":"51150","source_layer":"TN_RIVER_BNDRY","semantic":"zone","river_class":"소하천","river_class_source":"중심선 공간조인","survey_method":"사진측량"},"geometry":{"type":"Polygon","coordinates":[[[128.81837,37.82093],[128.81825,37.82085],[128.81794,37.82129],[128.81837,37.82093]]]}},{"type":"Feature","id":"TN_RIVER_BNDRY:WTR0100000000ASM5","properties":{"NF_ID":"WTR0100000000ASM5","admin_code":"51150","source_layer":"TN_RIVER_BNDRY","semantic":"zone","river_class":"소하천","river_class_source":"중심선 공간조인","survey_method":"사진측량"},"geometry":{"type":"Polygon","coordinates":[[[128.81803,37.82133],[128.81794,37.82129],[128.81793,37.8213],[128.81791,37.82131],[128.81788,37.82132],[128.81787,37.82132],[128.81786,37.82133],[128.81786,37.82133],[128.81785,37.82134],[128.81784,37.82134],[128.81784,37.82135],[128.81783,37.82136],[128.81782,37.82136],[128.81782,37.82137],[128.81793,37.82143],[128.81803,37.82133]]]}},{"type":"Feature","id":"TN_RIVER_BNDRY:WTR0100000000ASN6","properties":{"NF_ID":"WTR0100000000ASN6","admin_code":"51150","source_layer":"TN_RIVER_BNDRY","semantic":"zone","river_class":"소하천","river_class_source":"중심선 공간조인","survey_method":"사진측량"},"geometry":{"type":"Polygon","coordinates":[[[128.81846,37.82084],[128.81837,37.82093],[128.81883,37.82106],[128.81957,37.82192],[128.81886,37.82106],[128.81846,37.82084]]]}},{"type":"Feature","id":"TN_RIVER_BNDRY:WTR0100000000ASO7","properties":{"NF_ID":"WTR0100000000ASO7","admin_code":"51150","source_layer":"TN_RIVER_BNDRY","semantic":"zone","river_class":"소하천","river_class_source":"중심선 공간조인","survey_method":"사진측량"},"geometry":{"type":"Polygon","coordinates":[[[128.81847,37.82224],[128.81803,37.82133],[128.81793,37.82143],[128.81847,37.82224]]]}},{"type":"Feature","id":"TN_RIVER_BNDRY:WTR0100000000ASP8","properties":{"NF_ID":"WTR0100000000ASP8","admin_code":"51150","source_layer":"TN_RIVER_BNDRY","semantic":"zone","river_class":"소하천","river_class_source":"중심선 공간조인","survey_method":"사진측량"},"geometry":{"type":"Polygon","coordinates":[[[128.81793,37.82143],[128.81769,37.82147],[128.81735,37.82191],[128.81749,37.82227],[128.81736,37.82194],[128.81793,37.82143]]]}},{"type":"Feature","id":"TN_RIVER_BNDRY:WTR0100000000ASQ9","properties":{"NF_ID":"WTR0100000000ASQ9","admin_code":"51150","source_layer":"TN_RIVER_BNDRY","semantic":"zone","river_class":"소하천","river_class_source":"중심선 공간조인","survey_method":"사진측량"},"geometry":{"type":"Polygon","coordinates":[[[128.81849,37.82227],[128.81847,37.82224],[128.81844,37.82226],[128.81847,37.82229],[128.81849,37.82227]]]}},{"type":"Feature","id":"TN_RIVER_BNDRY:WTR0100000000ASRA","properties":{"NF_ID":"WTR0100000000ASRA","admin_code":"51150","source_layer":"TN_RIVER_BNDRY","semantic":"zone","river_class":"소하천","river_class_source":"중심선 공간조인","survey_method":"사진측량"},"geometry":{"type":"Polygon","coordinates":[[[128.81849,37.82227],[128.81847,37.82229],[128.81847,37.82229],[128.81848,37.82229],[128.81849,37.8223],[128.8185,37.8223],[128.8185,37.82229],[128.81849,37.82227],[128.81849,37.82227]]]}},{"type":"Feature","id":"TN_RIVER_BNDRY:WTR0100000000ASSB","properties":{"NF_ID":"WTR0100000000ASSB","admin_code":"51150","source_layer":"TN_RIVER_BNDRY","semantic":"zone","river_class":"소하천","river_class_source":"중심선 공간조인","survey_method":"사진측량"},"geometry":{"type":"Polygon","coordinates":[[[128.81847,37.82229],[128.81844,37.82226],[128.81844,37.82227],[128.81844,37.82227],[128.81844,37.82228],[128.81843,37.8223],[128.81843,37.82231],[128.81843,37.82231],[128.81842,37.82232],[128.81842,37.82233],[128.81841,37.82236],[128.81841,37.82237],[128.81841,37.82238],[128.81841,37.82239],[128.81841,37.8224],[128.81841,37.82241],[128.8184,37.82243],[128.8184,37.82246],[128.8184,37.82247],[128.81842,37.82246],[128.81843,37.82243],[128.81844,37.82236],[128.81844,37.82235],[128.81845,37.82233],[128.81846,37.8223],[128.81847,37.82229],[128.81847,37.82229]]]}},{"type":"Feature","id":"TN_RIVER_BNDRY:WTR0100000000ASTC","properties":{"NF_ID":"WTR0100000000ASTC","admin_code":"51150","source_layer":"TN_RIVER_BNDRY","semantic":"zone","river_class":"소하천","river_class_source":"중심선 공간조인","river_name":"연내천","survey_method":"사진측량"},"geometry":{"type":"Polygon","coordinates":[[[128.81811,37.8168],[128.81803,37.81674],[128.81793,37.81677],[128.81797,37.81682],[128.81811,37.8168]]]}},{"type":"Feature","id":"TN_RIVER_BNDRY:WTR0100000000ASUD","properties":{"NF_ID":"WTR0100000000ASUD","admin_code":"51150","source_layer":"TN_RIVER_BNDRY","semantic":"zone","river_class":"소하천","river_class_source":"중심선 공간조인","survey_method":"사진측량"},"geometry":{"type":"Polygon","coordinates":[[[128.81785,37.81272],[128.81784,37.81275],[128.81784,37.81275],[128.81784,37.81275],[128.81785,37.81276],[128.81786,37.81277],[128.81787,37.81278],[128.81788,37.81279],[128.81788,37.8128],[128.81789,37.8128],[128.81792,37.81283],[128.81793,37.81285],[128.81794,37.81285],[128.81794,37.81286],[128.81795,37.81287],[128.81796,37.81287],[128.81796,37.81288],[128.81797,37.81289],[128.81797,37.8129],[128.81797,37.81291],[128.81797,37.81291],[128.81797,37.81292],[128.81797,37.81293],[128.81797,37.81294],[128.81797,37.81295],[128.81796,37.81297],[128.81796,37.81298],[128.81795,37.81298],[128.81795,37.81299],[128.81795,37.813],[128.81795,37.81301],[128.81795,37.81302],[128.81795,37.81303],[128.81795,37.81305],[128.81795,37.81306],[128.81795,37.81307],[128.81795,37.81307],[128.81796,37.81308],[128.81796,37.81309],[128.81797,37.8131],[128.81797,37.8131],[128.81798,37.81311],[128.81799,37.81312],[128.818,37.81314],[128.81802,37.81316],[128.81804,37.81318],[128.81805,37.81319],[128.81806,37.8132],[128.81807,37.81322],[128.81809,37.81324],[128.81811,37.81326],[128.81812,37.81328],[128.81812,37.81329],[128.81814,37.81332],[128.81815,37.81333],[128.81815,37.81334],[128.81816,37.81334],[128.81816,37.81335],[128.81816,37.81336],[128.81816,37.81337],[128.81816,37.81338],[128.81816,37.81339],[128.81815,37.8134],[128.81815,37.8134],[128.81814,37.81342],[128.81814,37.81343],[128.81814,37.81344],[128.81814,37.81345],[128.81814,37.81345],[128.81814,37.81346],[128.81814,37.81347],[128.81814,37.81348],[128.81815,37.81349],[128.81816,37.81352],[128.81817,37.81353],[128.81817,37.81354],[128.81818,37.81356],[128.81819,37.81359],[128.81819,37.8136],[128.8182,37.81361],[128.8182,37.81362],[128.81821,37.81364],[128.81821,37.81365],[128.81822,37.81366],[128.81823,37.81368],[128.81825,37.81372],[128.81826,37.81374],[128.81827,37.81375],[128.81827,37.81376],[128.81828,37.81377],[128.81828,37.81378],[128.8183,37.8138],[128.81833,37.81385],[128.81833,37.81385],[128.81835,37.81388],[128.81835,37.81389],[128.81836,37.8139],[128.81836,37.81391],[128.81837,37.81393],[128.81838,37.81393],[128.81839,37.81394],[128.81839,37.81395],[128.81841,37.81397],[128.81843,37.81398],[128.81843,37.81399],[128.81845,37.814],[128.81846,37.81401],[128.81846,37.81402],[128.81848,37.81403],[128.81848,37.81403],[128.81849,37.81404],[128.8185,37.81404],[128.81851,37.81403],[128.8185,37.81403],[128.81849,37.81402],[128.81849,37.81401],[128.81849,37.81401],[128.81848,37.814],[128.81847,37.81399],[128.81846,37.81398],[128.81846,37.81397],[128.81845,37.81397],[128.81844,37.81396],[128.81843,37.81394],[128.81842,37.81393],[128.8184,37.8139],[128.81839,37.8139],[128.81839,37.81389],[128.81838,37.81388],[128.81835,37.81383],[128.81834,37.81381],[128.81834,37.8138],[128.8183,37.81376],[128.8183,37.81375],[128.81828,37.81373],[128.81827,37.81372],[128.81827,37.81371],[128.81826,37.8137],[128.81826,37.81369],[128.81826,37.81368],[128.81825,37.81367],[128.81824,37.81364],[128.81824,37.81363],[128.81823,37.8136],[128.81822,37.81359],[128.81821,37.81357],[128.81821,37.81356],[128.8182,37.81355],[128.8182,37.81354],[128.81818,37.8135],[128.81817,37.81349],[128.81817,37.81348],[128.81817,37.81348],[128.81817,37.81347],[128.81817,37.81346],[128.81817,37.81345],[128.81817,37.81344],[128.81817,37.81344],[128.81817,37.81343],[128.81818,37.81341],[128.81818,37.8134],[128.81819,37.81339],[128.81819,37.81338],[128.81819,37.81337],[128.81819,37.81337],[128.81819,37.81336],[128.81819,37.81335],[128.81818,37.81334],[128.81818,37.81333],[128.81818,37.81333],[128.81817,37.81332],[128.81816,37.8133],[128.81815,37.81328],[128.81813,37.81327],[128.81812,37.81324],[128.81811,37.81323],[128.8181,37.81321],[128.81809,37.81321],[128.81808,37.81319],[128.81806,37.81317],[128.81805,37.81315],[128.81803,37.81314],[128.81801,37.81311],[128.81801,37.81311],[128.818,37.8131],[128.81799,37.81309],[128.81799,37.81308],[128.81799,37.81308],[128.81798,37.81307],[128.81798,37.81306],[128.81798,37.81305],[128.81798,37.81304],[128.81798,37.81304],[128.81797,37.81303],[128.81798,37.81302],[128.81798,37.81301],[128.81798,37.813],[128.81799,37.81297],[128.81799,37.81296],[128.81799,37.81295],[128.81799,37.81294],[128.81799,37.81293],[128.81799,37.81292],[128.81799,37.81291],[128.81799,37.8129],[128.81799,37.81289],[128.81798,37.81288],[128.81798,37.81287],[128.81798,37.81286],[128.81797,37.81286],[128.81797,37.81285],[128.81796,37.81284],[128.81795,37.81283],[128.81795,37.81282],[128.81794,37.81281],[128.81794,37.81281],[128.81792,37.81279],[128.8179,37.81278],[128.81788,37.81276],[128.81787,37.81274],[128.81787,37.81274],[128.81786,37.81273],[128.81785,37.81272],[128.81785,37.81272]]]}},{"type":"Feature","id":"TN_RIVER_BNDRY:WTR0100000000ASVE","properties":{"NF_ID":"WTR0100000000ASVE","admin_code":"51150","source_layer":"TN_RIVER_BNDRY","semantic":"zone","river_class":"소하천","river_class_source":"중심선 공간조인","survey_method":"사진측량"},"geometry":{"type":"Polygon","coordinates":[[[128.81968,37.8021],[128.8195,37.80201],[128.81944,37.802],[128.81944,37.80201],[128.81945,37.80202],[128.81966,37.80211],[128.81966,37.80212],[128.81968,37.8021]]]}},{"type":"Feature","id":"TN_RIVER_BNDRY:WTR0100000000ASWF","properties":{"NF_ID":"WTR0100000000ASWF","admin_code":"51150","source_layer":"TN_RIVER_BNDRY","semantic":"zone","river_class":"소하천","river_class_source":"중심선 공간조인","river_name":"감나무골천","survey_method":"사진측량"},"geometry":{"type":"Polygon","coordinates":[[[128.81976,37.80213],[128.81972,37.80212],[128.81968,37.8021],[128.81966,37.80212],[128.8197,37.80216],[128.81976,37.80213]]]}},{"type":"Feature","id":"TN_RIVER_BNDRY:WTR0100000000ASXG","properties":{"NF_ID":"WTR0100000000ASXG","admin_code":"51150","source_layer":"TN_RIVER_BNDRY","semantic":"zone","river_class":"소하천","river_class_source":"중심선 공간조인","river_name":"감나무골천","survey_method":"사진측량"},"geometry":{"type":"Polygon","coordinates":[[[128.8197,37.80216],[128.81966,37.80212],[128.81966,37.80212],[128.81965,37.80214],[128.81964,37.80214],[128.81956,37.8022],[128.81951,37.80224],[128.81949,37.80226],[128.81924,37.80237],[128.81899,37.80247],[128.81887,37.80255],[128.81874,37.80267],[128.81874,37.80268],[128.81872,37.80269],[128.81872,37.80269],[128.81871,37.8027],[128.8187,37.80271],[128.81872,37.8027],[128.81873,37.8027],[128.81873,37.8027],[128.81875,37.80268],[128.81876,37.80268],[128.81877,37.80267],[128.81878,37.80266],[128.81879,37.80265],[128.8188,37.80264],[128.8188,37.80264],[128.81883,37.80262],[128.81885,37.8026],[128.81886,37.80259],[128.81887,37.80258],[128.81888,37.80257],[128.81889,37.80256],[128.81892,37.80254],[128.81894,37.80253],[128.81897,37.80251],[128.81898,37.8025],[128.81899,37.8025],[128.819,37.80249],[128.81904,37.80247],[128.81905,37.80247],[128.81906,37.80246],[128.81908,37.80245],[128.81911,37.80244],[128.81912,37.80243],[128.81914,37.80243],[128.81916,37.80242],[128.81918,37.80241],[128.81921,37.8024],[128.81926,37.80239],[128.81927,37.80239],[128.81928,37.80238],[128.81929,37.80238],[128.81932,37.80237],[128.81934,37.80236],[128.81936,37.80235],[128.81939,37.80234],[128.8194,37.80234],[128.81941,37.80234],[128.81941,37.80233],[128.81942,37.80233],[128.81944,37.80232],[128.81946,37.80231],[128.81947,37.80231],[128.81948,37.8023],[128.81948,37.8023],[128.8195,37.80229],[128.81951,37.80228],[128.81952,37.80227],[128.81953,37.80227],[128.81954,37.80226],[128.81954,37.80226],[128.81957,37.80223],[128.81958,37.80222],[128.81959,37.80222],[128.8196,37.80221],[128.81961,37.8022],[128.81962,37.8022],[128.81963,37.80219],[128.81964,37.80219],[128.81964,37.80218],[128.81966,37.80218],[128.81967,37.80217],[128.81968,37.80217],[128.8197,37.80216],[128.8197,37.80216]]]}},{"type":"Feature","id":"TN_RIVER_BNDRY:WTR0100000000ASYH","properties":{"NF_ID":"WTR0100000000ASYH","admin_code":"51150","source_layer":"TN_RIVER_BNDRY","semantic":"zone","river_class":"소하천","river_class_source":"중심선 공간조인","survey_method":"사진측량"},"geometry":{"type":"Polygon","coordinates":[[[128.81777,37.81149],[128.8177,37.8115],[128.81771,37.81154],[128.81772,37.81155],[128.81776,37.81156],[128.81778,37.81156],[128.81779,37.81157],[128.81777,37.81149]]]}},{"type":"Feature","id":"TN_RIVER_BNDRY:WTR0100000000ASZI","properties":{"NF_ID":"WTR0100000000ASZI","admin_code":"51150","source_layer":"TN_RIVER_BNDRY","semantic":"zone","river_class":"소하천","river_class_source":"중심선 공간조인","survey_method":"사진측량"},"geometry":{"type":"Polygon","coordinates":[[[128.81889,37.81194],[128.81827,37.81154],[128.81777,37.81149],[128.81889,37.81194]]]}},{"type":"Feature","id":"TN_RIVER_BNDRY:WTR0100000000AT0K","properties":{"NF_ID":"WTR0100000000AT0K","admin_code":"51150","source_layer":"TN_RIVER_BNDRY","semantic":"zone","river_class":"소하천","river_class_source":"중심선 공간조인","survey_method":"사진측량"},"geometry":{"type":"Polygon","coordinates":[[[128.81893,37.81196],[128.81889,37.81194],[128.81886,37.81195],[128.8189,37.81197],[128.81893,37.81196]]]}},{"type":"Feature","id":"TN_RIVER_BNDRY:WTR0100000000AT1L","properties":{"NF_ID":"WTR0100000000AT1L","admin_code":"51150","source_layer":"TN_RIVER_BNDRY","semantic":"zone","river_class":"소하천","river_class_source":"중심선 공간조인","survey_method":"사진측량"},"geometry":{"type":"Polygon","coordinates":[[[128.8189,37.81197],[128.81886,37.81195],[128.81884,37.81195],[128.81883,37.81196],[128.81882,37.81196],[128.81879,37.81197],[128.81879,37.81197],[128.81878,37.81198],[128.81876,37.81198],[128.81875,37.81198],[128.81874,37.81198],[128.81873,37.81199],[128.81872,37.81199],[128.81871,37.81199],[128.8187,37.81199],[128.81869,37.81198],[128.81867,37.81198],[128.81864,37.81198],[128.81863,37.81198],[128.81862,37.81198],[128.81861,37.81198],[128.8186,37.81198],[128.81859,37.81198],[128.81858,37.81198],[128.81857,37.81198],[128.81856,37.81199],[128.81854,37.81199],[128.81853,37.81199],[128.81852,37.812],[128.81851,37.812],[128.81849,37.81201],[128.81848,37.81201],[128.81845,37.81202],[128.81844,37.81203],[128.81843,37.81203],[128.81841,37.81204],[128.81839,37.81204],[128.81834,37.81206],[128.81833,37.81206],[128.8183,37.81207],[128.81826,37.81208],[128.81822,37.8121],[128.8182,37.8121],[128.81818,37.81211],[128.81815,37.81212],[128.81812,37.81213],[128.81811,37.81213],[128.8181,37.81213],[128.81809,37.81214],[128.81809,37.81215],[128.81811,37.81215],[128.81812,37.81215],[128.81813,37.81215],[128.81815,37.81214],[128.81816,37.81214],[128.81818,37.81213],[128.81819,37.81213],[128.81822,37.81212],[128.81824,37.81211],[128.81826,37.8121],[128.81828,37.8121],[128.81831,37.81209],[128.81837,37.81207],[128.81838,37.81207],[128.81839,37.81207],[128.8184,37.81206],[128.81841,37.81206],[128.81842,37.81206],[128.81845,37.81204],[128.81848,37.81203],[128.81853,37.81201],[128.81854,37.81201],[128.81855,37.81201],[128.81856,37.812],[128.81857,37.812],[128.81858,37.812],[128.81859,37.812],[128.8186,37.812],[128.81861,37.812],[128.81863,37.812],[128.81864,37.812],[128.81865,37.812],[128.81866,37.812],[128.81868,37.812],[128.81869,37.81201],[128.8187,37.81201],[128.81871,37.81201],[128.81872,37.81201],[128.81873,37.81201],[128.81875,37.812],[128.81876,37.812],[128.81877,37.812],[128.81878,37.812],[128.81879,37.812],[128.8188,37.81199],[128.81881,37.81199],[128.81882,37.81199],[128.81884,37.81198],[128.81885,37.81198],[128.81886,37.81197],[128.81887,37.81197],[128.81888,37.81197],[128.81888,37.81197],[128.8189,37.81197]]]}},{"type":"Feature","id":"TN_RIVER_BNDRY:WTR0100000000AT2M","properties":{"NF_ID":"WTR0100000000AT2M","admin_code":"51150","source_layer":"TN_RIVER_BNDRY","semantic":"zone","river_class":"소하천","river_class_source":"중심선 공간조인","survey_method":"사진측량"},"geometry":{"type":"Polygon","coordinates":[[[128.81809,37.81215],[128.81809,37.81214],[128.81807,37.81214],[128.81805,37.81214],[128.81806,37.81216],[128.81809,37.81215]]]}},{"type":"Feature","id":"TN_RIVER_BNDRY:WTR0100000000AT3N","properties":{"NF_ID":"WTR0100000000AT3N","admin_code":"51150","source_layer":"TN_RIVER_BNDRY","semantic":"zone","river_class":"소하천","river_class_source":"중심선 공간조인","survey_method":"사진측량"},"geometry":{"type":"Polygon","coordinates":[[[128.81809,37.81215],[128.81806,37.81216],[128.81806,37.81216],[128.81807,37.81217],[128.81807,37.81217],[128.81807,37.81218],[128.81807,37.81219],[128.81807,37.81221],[128.81807,37.81223],[128.81807,37.81223],[128.81807,37.81224],[128.81807,37.81225],[128.81807,37.81226],[128.81806,37.81226],[128.81806,37.81227],[128.81806,37.81228],[128.81805,37.8123],[128.81805,37.81231],[128.81805,37.81232],[128.81804,37.81233],[128.81804,37.81234],[128.81804,37.81234],[128.81803,37.81235],[128.81802,37.81237],[128.81801,37.81239],[128.81799,37.81242],[128.81798,37.81244],[128.81798,37.81245],[128.81797,37.81246],[128.81796,37.81247],[128.81795,37.81248],[128.81795,37.81249],[128.81794,37.8125],[128.81794,37.81251],[128.81793,37.81252],[128.81793,37.81253],[128.81792,37.81254],[128.81792,37.81254],[128.81791,37.81255],[128.8179,37.81259],[128.8179,37.81259],[128.8179,37.8126],[128.81789,37.81262],[128.81788,37.81264],[128.81788,37.81265],[128.81787,37.81266],[128.81784,37.8127],[128.81785,37.81272],[128.81788,37.81269],[128.81788,37.81268],[128.81789,37.81268],[128.8179,37.81267],[128.8179,37.81266],[128.8179,37.81265],[128.81791,37.81265],[128.81791,37.81264],[128.81791,37.81263],[128.81791,37.81261],[128.81792,37.81261],[128.81792,37.8126],[128.81792,37.81259],[128.81793,37.81257],[128.81794,37.81256],[128.81794,37.81255],[128.81794,37.81254],[128.81795,37.81254],[128.81796,37.81252],[128.81797,37.8125],[128.81799,37.81248],[128.81799,37.81247],[128.818,37.81246],[128.818,37.81245],[128.81801,37.81244],[128.81802,37.81242],[128.81803,37.81241],[128.81805,37.81237],[128.81805,37.81235],[128.81806,37.81233],[128.81808,37.81231],[128.81808,37.8123],[128.81809,37.81229],[128.81809,37.81228],[128.81809,37.81227],[128.8181,37.81227],[128.8181,37.81226],[128.8181,37.81225],[128.8181,37.81224],[128.8181,37.81223],[128.8181,37.8122],[128.8181,37.81219],[128.8181,37.81218],[128.8181,37.81217],[128.81809,37.81216],[128.81809,37.81215]]]}},{"type":"Feature","id":"TN_RIVER_BNDRY:WTR0100000000AT4O","properties":{"NF_ID":"WTR0100000000AT4O","admin_code":"51150","source_layer":"TN_RIVER_BNDRY","semantic":"zone","river_class":"소하천","river_class_source":"중심선 공간조인","survey_method":"사진측량"},"geometry":{"type":"Polygon","coordinates":[[[128.81785,37.81272],[128.81784,37.8127],[128.81782,37.81273],[128.81784,37.81275],[128.81785,37.81272]]]}},{"type":"Feature","id":"TN_RIVER_BNDRY:WTR0100000000AT5P","properties":{"NF_ID":"WTR0100000000AT5P","admin_code":"51150","source_layer":"TN_RIVER_BNDRY","semantic":"zone","river_class":"소하천","river_class_source":"중심선 공간조인","survey_method":"사진측량"},"geometry":{"type":"Polygon","coordinates":[[[128.81784,37.81275],[128.81782,37.81273],[128.81781,37.81274],[128.81779,37.81276],[128.81776,37.81281],[128.81776,37.81282],[128.81778,37.81282],[128.8178,37.8128],[128.81783,37.81276],[128.81784,37.81275]]]}},{"type":"Feature","id":"TN_RIVER_BNDRY:WTR0100000000AT6Q","properties":{"NF_ID":"WTR0100000000AT6Q","admin_code":"51150","source_layer":"TN_RIVER_BNDRY","semantic":"zone","river_class":"소하천","river_class_source":"중심선 공간조인","survey_method":"사진측량"},"geometry":{"type":"Polygon","coordinates":[[[128.81918,37.80989],[128.81916,37.80988],[128.81916,37.80988],[128.81908,37.80984],[128.81907,37.80983],[128.81905,37.80982],[128.81905,37.80982],[128.81904,37.80981],[128.81904,37.80981],[128.81903,37.8098],[128.81902,37.8098],[128.81901,37.80979],[128.81899,37.80976],[128.81898,37.80975],[128.81898,37.80975],[128.81896,37.80974],[128.81896,37.80973],[128.81895,37.80973],[128.81894,37.80972],[128.81893,37.8097],[128.81892,37.80969],[128.81886,37.80964],[128.81875,37.80958],[128.81866,37.80953],[128.81858,37.80947],[128.81857,37.80946],[128.81856,37.80946],[128.81856,37.80945],[128.81854,37.80944],[128.81853,37.80943],[128.81852,37.80943],[128.81852,37.80942],[128.8185,37.80942],[128.81849,37.80941],[128.81848,37.8094],[128.81845,37.80939],[128.81844,37.80938],[128.81843,37.80938],[128.81841,37.80937],[128.8184,37.80936],[128.81839,37.80936],[128.81838,37.80935],[128.81836,37.80934],[128.81835,37.80933],[128.81832,37.80931],[128.81829,37.80929],[128.81829,37.80928],[128.81828,37.80928],[128.81827,37.80927],[128.81826,37.80927],[128.81825,37.80925],[128.81824,37.80924],[128.81823,37.80923],[128.81822,37.80922],[128.81821,37.8092],[128.81816,37.80922],[128.81818,37.80923],[128.81819,37.80923],[128.81821,37.80925],[128.81828,37.80931],[128.81831,37.80934],[128.81835,37.80937],[128.81836,37.80938],[128.81851,37.80946],[128.81874,37.8096],[128.81876,37.80962],[128.81878,37.80962],[128.8188,37.80964],[128.81886,37.80968],[128.81887,37.80968],[128.81887,37.80968],[128.81888,37.80969],[128.81888,37.80969],[128.81889,37.8097],[128.8189,37.80971],[128.81891,37.80972],[128.81891,37.80972],[128.81893,37.80974],[128.81894,37.80975],[128.81895,37.80976],[128.81897,37.80978],[128.81898,37.80979],[128.81899,37.8098],[128.819,37.80981],[128.819,37.80981],[128.81915,37.8099],[128.81916,37.80991],[128.81918,37.80989]]]}},{"type":"Feature","id":"TN_RIVER_BNDRY:WTR0100000000AT7R","properties":{"NF_ID":"WTR0100000000AT7R","admin_code":"51150","source_layer":"TN_RIVER_BNDRY","semantic":"zone","river_class":"소하천","river_class_source":"중심선 공간조인","survey_method":"사진측량"},"geometry":{"type":"Polygon","coordinates":[[[128.81816,37.80922],[128.81813,37.80915],[128.81812,37.80917],[128.81812,37.80918],[128.81809,37.8092],[128.81805,37.8092],[128.818,37.80921],[128.81796,37.80921],[128.81791,37.80921],[128.81787,37.80921],[128.81776,37.8092],[128.81772,37.80919],[128.81763,37.80917],[128.81759,37.80916],[128.81756,37.80916],[128.81755,37.80917],[128.81756,37.80918],[128.81763,37.80919],[128.81768,37.8092],[128.81776,37.80922],[128.8178,37.80923],[128.81789,37.80924],[128.81791,37.80924],[128.81797,37.80924],[128.81804,37.80923],[128.81809,37.80923],[128.81816,37.80922]]]}},{"type":"Feature","id":"TN_RIVER_BNDRY:WTR0100000000AT8S","properties":{"NF_ID":"WTR0100000000AT8S","admin_code":"51150","source_layer":"TN_RIVER_BNDRY","semantic":"zone","river_class":"소하천","river_class_source":"중심선 공간조인","survey_method":"사진측량"},"geometry":{"type":"Polygon","coordinates":[[[128.81821,37.8092],[128.81819,37.80919],[128.81819,37.80918],[128.81818,37.80917],[128.81818,37.80916],[128.81817,37.80916],[128.81817,37.80915],[128.81817,37.80914],[128.81817,37.80914],[128.81813,37.80915],[128.81816,37.80922],[128.81821,37.8092]]]}},{"type":"Feature","id":"TN_RIVER_BNDRY:WTR0100000000AT9T","properties":{"NF_ID":"WTR0100000000AT9T","admin_code":"51150","source_layer":"TN_RIVER_BNDRY","semantic":"zone","river_class":"소하천","river_class_source":"중심선 공간조인","river_name":"연내천","survey_method":"사진측량"},"geometry":{"type":"Polygon","coordinates":[[[128.82164,37.81591],[128.82147,37.8158],[128.82136,37.81585],[128.82151,37.81593],[128.82164,37.81591]]]}},{"type":"Feature","id":"TN_RIVER_BNDRY:WTR0100000000ATAU","properties":{"NF_ID":"WTR0100000000ATAU","admin_code":"51150","source_layer":"TN_RIVER_BNDRY","semantic":"zone","river_class":"소하천","river_class_source":"중심선 공간조인","river_name":"연내천","survey_method":"사진측량"},"geometry":{"type":"Polygon","coordinates":[[[128.82151,37.81593],[128.82136,37.81585],[128.82097,37.81606],[128.81944,37.81709],[128.81871,37.81707],[128.81797,37.81682],[128.81922,37.81736],[128.82151,37.81593]]]}},{"type":"Feature","id":"TN_RIVER_BNDRY:WTR0100000000ATBV","properties":{"NF_ID":"WTR0100000000ATBV","admin_code":"51150","source_layer":"TN_RIVER_BNDRY","semantic":"zone","river_class":"소하천","river_class_source":"중심선 공간조인","survey_method":"사진측량"},"geometry":{"type":"Polygon","coordinates":[[[128.81032,37.8244],[128.81038,37.82389],[128.81116,37.82322],[128.81124,37.82295],[128.81112,37.82251],[128.81074,37.82212],[128.81107,37.82273],[128.81104,37.82302],[128.81019,37.82409],[128.81015,37.82443],[128.81032,37.8244]]]}},{"type":"Feature","id":"TN_RIVER_BNDRY:WTR0100000000ATCW","properties":{"NF_ID":"WTR0100000000ATCW","admin_code":"51150","source_layer":"TN_RIVER_BNDRY","semantic":"zone","river_class":"소하천","river_class_source":"중심선 공간조인","survey_method":"사진측량"},"geometry":{"type":"Polygon","coordinates":[[[128.81032,37.8244],[128.81026,37.82447],[128.81028,37.82445],[128.81032,37.82441],[128.81039,37.82437],[128.81041,37.82435],[128.81039,37.82436],[128.81038,37.82436],[128.81032,37.8244],[128.81032,37.8244]]]}},{"type":"Feature","id":"TN_RIVER_BNDRY:WTR0100000000ATDX","properties":{"NF_ID":"WTR0100000000ATDX","admin_code":"51150","source_layer":"TN_RIVER_BNDRY","semantic":"zone","river_class":"소하천","river_class_source":"중심선 공간조인","survey_method":"사진측량"},"geometry":{"type":"Polygon","coordinates":[[[128.81026,37.82447],[128.81032,37.8244],[128.81015,37.82443],[128.81015,37.82444],[128.81015,37.82446],[128.81015,37.82447],[128.81015,37.82448],[128.81015,37.82452],[128.81026,37.82447]]]}},{"type":"Feature","id":"TN_RIVER_BNDRY:WTR0100000000ATEY","properties":{"NF_ID":"WTR0100000000ATEY","admin_code":"51150","source_layer":"TN_RIVER_BNDRY","semantic":"zone","river_class":"소하천","river_class_source":"중심선 공간조인","survey_method":"사진측량"},"geometry":{"type":"Polygon","coordinates":[[[128.80832,37.82442],[128.80815,37.82401],[128.80764,37.8237],[128.80816,37.82405],[128.80832,37.82442]]]}},{"type":"Feature","id":"TN_RIVER_BNDRY:WTR0100000000ATFZ","properties":{"NF_ID":"WTR0100000000ATFZ","admin_code":"51150","source_layer":"TN_RIVER_BNDRY","semantic":"zone","river_class":"소하천","river_class_source":"중심선 공간조인","survey_method":"사진측량"},"geometry":{"type":"Polygon","coordinates":[[[128.80832,37.82442],[128.80828,37.82441],[128.80827,37.82441],[128.80825,37.82441],[128.80823,37.8244],[128.80822,37.8244],[128.80821,37.82439],[128.8082,37.82439],[128.80816,37.82438],[128.80815,37.82438],[128.80813,37.82438],[128.80811,37.82437],[128.80807,37.82436],[128.80806,37.82436],[128.80805,37.82436],[128.80804,37.82436],[128.80801,37.82436],[128.80799,37.82436],[128.80796,37.82436],[128.80793,37.82436],[128.80792,37.82436],[128.80791,37.82435],[128.8079,37.82436],[128.80787,37.82436],[128.80786,37.82436],[128.80785,37.82436],[128.80784,37.82436],[128.80783,37.82436],[128.80782,37.82436],[128.8078,37.82437],[128.8078,37.82438],[128.80781,37.82438],[128.80782,37.82438],[128.80784,37.82438],[128.80785,37.82437],[128.80786,37.82437],[128.80787,37.82437],[128.80789,37.82437],[128.8079,37.82437],[128.80791,37.82437],[128.80795,37.82438],[128.80799,37.82438],[128.80801,37.82438],[128.80802,37.82438],[128.80803,37.82438],[128.80804,37.82438],[128.80808,37.82439],[128.8081,37.82439],[128.80811,37.8244],[128.80812,37.8244],[128.80813,37.8244],[128.80814,37.8244],[128.80818,37.82441],[128.8082,37.82442],[128.80823,37.82443],[128.80827,37.82444],[128.80828,37.82444],[128.80829,37.82444],[128.80832,37.82445],[128.80832,37.82442]]]}},{"type":"Feature","id":"TN_RIVER_BNDRY:WTR0100000000ATG0","properties":{"NF_ID":"WTR0100000000ATG0","admin_code":"51150","source_layer":"TN_RIVER_BNDRY","semantic":"zone","river_class":"소하천","river_class_source":"중심선 공간조인","survey_method":"사진측량"},"geometry":{"type":"Polygon","coordinates":[[[128.80837,37.82442],[128.80832,37.82442],[128.80832,37.82445],[128.80833,37.82445],[128.80834,37.82446],[128.80835,37.82446],[128.80837,37.82446],[128.80837,37.82446],[128.80837,37.82442]]]}},{"type":"Feature","id":"TN_RIVER_BNDRY:WTR0100000000ATH1","properties":{"NF_ID":"WTR0100000000ATH1","admin_code":"51150","source_layer":"TN_RIVER_BNDRY","semantic":"zone","river_class":"소하천","river_class_source":"중심선 공간조인","survey_method":"사진측량"},"geometry":{"type":"Polygon","coordinates":[[[128.81476,37.79964],[128.81476,37.79964],[128.81475,37.79964],[128.81474,37.79964],[128.81473,37.79969],[128.81473,37.7997],[128.81472,37.79973],[128.8147,37.79979],[128.81469,37.79986],[128.81468,37.79989],[128.81468,37.79992],[128.81468,37.79996],[128.81468,37.79998],[128.81469,37.8],[128.81469,37.80001],[128.81469,37.80002],[128.81472,37.80013],[128.81472,37.80014],[128.81473,37.80018],[128.81473,37.80019],[128.81473,37.80023],[128.81473,37.80026],[128.81473,37.80028],[128.81472,37.80029],[128.81468,37.80033],[128.81463,37.8004],[128.81461,37.80044],[128.81458,37.8005],[128.81458,37.80053],[128.81457,37.80057],[128.81456,37.80061],[128.81453,37.8007],[128.81451,37.80081],[128.8145,37.80082],[128.8145,37.80087],[128.81451,37.80092],[128.81452,37.80097],[128.81453,37.80104],[128.81454,37.80105],[128.81456,37.80107],[128.81456,37.80107],[128.81457,37.80107],[128.81457,37.80107],[128.81457,37.80107],[128.81457,37.80106],[128.81456,37.80104],[128.81456,37.80102],[128.81455,37.80101],[128.81455,37.80099],[128.81454,37.80097],[128.81453,37.80092],[128.81452,37.80088],[128.81452,37.80084],[128.81452,37.80082],[128.81453,37.80077],[128.81457,37.80061],[128.81458,37.80058],[128.81459,37.80054],[128.8146,37.80051],[128.81461,37.80045],[128.81463,37.80042],[128.81467,37.80038],[128.81471,37.80033],[128.81474,37.8003],[128.81475,37.80029],[128.81475,37.80028],[128.81475,37.80026],[128.81475,37.8002],[128.81475,37.80019],[128.81474,37.80016],[128.81474,37.80014],[128.81473,37.8001],[128.81471,37.80002],[128.8147,37.79996],[128.8147,37.79995],[128.8147,37.79993],[128.8147,37.79989],[128.81471,37.79982],[128.81473,37.79976],[128.81475,37.7997],[128.81476,37.79965],[128.81476,37.79964]]]}},{"type":"Feature","id":"TN_RIVER_BNDRY:WTR0100000000ATI2","properties":{"NF_ID":"WTR0100000000ATI2","admin_code":"51150","source_layer":"TN_RIVER_BNDRY","semantic":"zone","river_class":"소하천","river_class_source":"중심선 공간조인","river_name":"안식골천","survey_method":"사진측량"},"geometry":{"type":"Polygon","coordinates":[[[128.81373,37.79751],[128.81321,37.79817],[128.81291,37.79891],[128.81322,37.79952],[128.8126,37.80084],[128.81238,37.80173],[128.81249,37.80215],[128.81272,37.80079],[128.81331,37.79961],[128.81301,37.79889],[128.8132,37.79826],[128.81373,37.79751]]]}},{"type":"Feature","id":"TN_RIVER_BNDRY:WTR0100000000ATJ3","properties":{"NF_ID":"WTR0100000000ATJ3","admin_code":"51150","source_layer":"TN_RIVER_BNDRY","semantic":"zone","river_class":"소하천","river_class_source":"중심선 공간조인","river_name":"큰무일천","survey_method":"사진측량"},"geometry":{"type":"Polygon","coordinates":[[[128.80887,37.784],[128.80874,37.78386],[128.80867,37.78415],[128.80887,37.784]]]}},{"type":"Feature","id":"TN_RIVER_BNDRY:WTR0100000000ATK4","properties":{"NF_ID":"WTR0100000000ATK4","admin_code":"51150","source_layer":"TN_RIVER_BNDRY","semantic":"zone","river_class":"소하천","river_class_source":"중심선 공간조인","river_name":"큰무일천","survey_method":"사진측량"},"geometry":{"type":"Polygon","coordinates":[[[128.81003,37.76597],[128.80974,37.76636],[128.80973,37.76693],[128.80997,37.76732],[128.80989,37.76765],[128.81013,37.76807],[128.81028,37.76909],[128.81032,37.77035],[128.81012,37.77102],[128.81043,37.77146],[128.81011,37.77203],[128.8105,37.77249],[128.81029,37.77296],[128.81047,37.77348],[128.81027,37.77458],[128.81048,37.77501],[128.81004,37.77575],[128.81046,37.77627],[128.81016,37.77708],[128.81026,37.77788],[128.81006,37.77833],[128.81002,37.77975],[128.8096,37.7811],[128.80966,37.78145],[128.80936,37.78222],[128.80862,37.78299],[128.80887,37.784],[128.80874,37.78306],[128.80927,37.78242],[128.8097,37.78144],[128.81024,37.77929],[128.81017,37.77841],[128.81043,37.77772],[128.81032,37.77716],[128.81061,37.77631],[128.81013,37.77566],[128.81051,37.77511],[128.81034,37.77392],[128.8105,37.77326],[128.81031,37.77295],[128.81054,37.77251],[128.81015,37.77204],[128.81047,37.77141],[128.81014,37.77102],[128.81034,37.77037],[128.8103,37.76908],[128.80994,37.76765],[128.81001,37.76731],[128.80978,37.76695],[128.80976,37.76641],[128.81003,37.76597]]]}},{"type":"Feature","id":"TN_RIVER_BNDRY:WTR0100000000ATL5","properties":{"NF_ID":"WTR0100000000ATL5","admin_code":"51150","source_layer":"TN_RIVER_BNDRY","semantic":"zone","river_class":"소하천","river_class_source":"중심선 공간조인","river_name":"큰무일천","survey_method":"사진측량"},"geometry":{"type":"Polygon","coordinates":[[[128.81352,37.78935],[128.81276,37.78883],[128.81163,37.78859],[128.81123,37.78829],[128.81014,37.78852],[128.81057,37.78719],[128.81041,37.78609],[128.81,37.78596],[128.80889,37.78613],[128.80839,37.78587],[128.80822,37.7855],[128.80861,37.78478],[128.80877,37.78481],[128.80887,37.784],[128.80867,37.78415],[128.80814,37.78552],[128.80836,37.78603],[128.80877,37.78623],[128.81006,37.78604],[128.81042,37.78619],[128.81048,37.78714],[128.81003,37.78852],[128.81028,37.78863],[128.81113,37.78845],[128.81146,37.78873],[128.81254,37.78896],[128.8131,37.78949],[128.81352,37.78935]]]}},{"type":"Feature","id":"TN_RIVER_BNDRY:WTR0100000000ATM6","properties":{"NF_ID":"WTR0100000000ATM6","admin_code":"51150","source_layer":"TN_RIVER_BNDRY","semantic":"zone","river_class":"소하천","river_class_source":"중심선 공간조인","river_name":"안식골천","survey_method":"사진측량"},"geometry":{"type":"Polygon","coordinates":[[[128.81954,37.79577],[128.81901,37.79579],[128.81877,37.79565],[128.81806,37.79593],[128.81722,37.79582],[128.81681,37.79539],[128.8163,37.79544],[128.81577,37.79615],[128.81491,37.79661],[128.81456,37.79732],[128.81373,37.79751],[128.81457,37.79738],[128.81499,37.79662],[128.81577,37.79624],[128.81639,37.79548],[128.8168,37.79544],[128.8172,37.79588],[128.81802,37.796],[128.81864,37.79573],[128.81902,37.79584],[128.81954,37.79577]]]}},{"type":"Feature","id":"TN_RIVER_BNDRY:WTR0100000000ATN7","properties":{"NF_ID":"WTR0100000000ATN7","admin_code":"51150","source_layer":"TN_RIVER_BNDRY","semantic":"zone","river_class":"소하천","river_class_source":"중심선 공간조인","river_name":"운계천","survey_method":"사진측량"},"geometry":{"type":"Polygon","coordinates":[[[128.81898,37.7949],[128.81843,37.79419],[128.81724,37.79374],[128.81507,37.79351],[128.81423,37.7939],[128.81073,37.79375],[128.81013,37.79361],[128.80909,37.7937],[128.80825,37.79393],[128.80733,37.79449],[128.80629,37.79459],[128.80547,37.79496],[128.80512,37.7956],[128.8052,37.79685],[128.80497,37.79763],[128.80515,37.79772],[128.80529,37.79705],[128.80515,37.79559],[128.80548,37.79498],[128.80631,37.79461],[128.80744,37.79448],[128.80827,37.79395],[128.80906,37.79375],[128.81011,37.7937],[128.81426,37.79396],[128.81505,37.79361],[128.81719,37.79383],[128.81828,37.79421],[128.81898,37.7949]]]}},{"type":"Feature","id":"TN_RIVER_BNDRY:WTR0100000000ATO8","properties":{"NF_ID":"WTR0100000000ATO8","admin_code":"51150","source_layer":"TN_RIVER_BNDRY","semantic":"zone","river_class":"지방하천","river_class_source":"중심선 공간조인","river_name":"사천천","river_code":"1620260","survey_method":"사진측량"},"geometry":{"type":"Polygon","coordinates":[[[128.81336,37.78986],[128.8131,37.78949],[128.81288,37.78972],[128.81287,37.7901],[128.81336,37.78986]]]}},{"type":"Feature","id":"TN_RIVER_BNDRY:WTR0100000000ATP9","properties":{"NF_ID":"WTR0100000000ATP9","admin_code":"51150","source_layer":"TN_RIVER_BNDRY","semantic":"zone","river_class":"지방하천","river_class_source":"중심선 공간조인","river_name":"사천천","river_code":"1620260","survey_method":"사진측량"},"geometry":{"type":"Polygon","coordinates":[[[128.81369,37.78963],[128.81352,37.78935],[128.8131,37.78949],[128.81336,37.78986],[128.81369,37.78963]]]}},{"type":"Feature","id":"TN_RIVER_BNDRY:WTR0100000000ATQA","properties":{"NF_ID":"WTR0100000000ATQA","admin_code":"51150","source_layer":"TN_RIVER_BNDRY","semantic":"zone","river_class":"지방하천","river_class_source":"중심선 공간조인","river_name":"사천천","river_code":"1620260","survey_method":"사진측량"},"geometry":{"type":"Polygon","coordinates":[[[128.81287,37.7901],[128.81288,37.78972],[128.81272,37.78982],[128.81287,37.7901]]]}},{"type":"Feature","id":"TN_RIVER_BNDRY:WTR0100000000ATRB","properties":{"NF_ID":"WTR0100000000ATRB","admin_code":"51150","source_layer":"TN_RIVER_BNDRY","semantic":"zone","river_class":"소하천","river_class_source":"중심선 공간조인","survey_method":"사진측량"},"geometry":{"type":"Polygon","coordinates":[[[128.81368,37.79748],[128.81268,37.79748],[128.81211,37.79767],[128.81167,37.79818],[128.81152,37.79888],[128.81049,37.79926],[128.81155,37.79891],[128.81172,37.79818],[128.81215,37.79769],[128.8126,37.79752],[128.81368,37.79748]]]}},{"type":"Feature","id":"TN_RIVER_BNDRY:WTR0100000000ATSC","properties":{"NF_ID":"WTR0100000000ATSC","admin_code":"51150","source_layer":"TN_RIVER_BNDRY","semantic":"zone","river_class":"소하천","river_class_source":"중심선 공간조인","river_name":"안식골천","survey_method":"사진측량"},"geometry":{"type":"Polygon","coordinates":[[[128.81375,37.79745],[128.8137,37.79744],[128.81368,37.79748],[128.81373,37.79751],[128.81375,37.79745]]]}},{"type":"Feature","id":"TN_RIVER_BNDRY:WTR0100000000ATTD","properties":{"NF_ID":"WTR0100000000ATTD","admin_code":"51150","source_layer":"TN_RIVER_BNDRY","semantic":"zone","river_class":"소하천","river_class_source":"중심선 공간조인","survey_method":"사진측량"},"geometry":{"type":"Polygon","coordinates":[[[128.80314,37.79795],[128.80281,37.79808],[128.8025,37.79847],[128.80181,37.79858],[128.80156,37.7991],[128.80187,37.79866],[128.80249,37.79855],[128.80314,37.79795]]]}},{"type":"Feature","id":"TN_RIVER_BNDRY:WTR0100000000ATUE","properties":{"NF_ID":"WTR0100000000ATUE","admin_code":"51150","source_layer":"TN_RIVER_BNDRY","semantic":"zone","river_class":"소하천","river_class_source":"중심선 공간조인","river_name":"운계천","survey_method":"사진측량"},"geometry":{"type":"Polygon","coordinates":[[[128.80322,37.79794],[128.80321,37.79789],[128.80316,37.79789],[128.80313,37.7979],[128.80314,37.79795],[128.80322,37.79794]]]}},{"type":"Feature","id":"TN_RIVER_BNDRY:WTR0100000000ATVF","properties":{"NF_ID":"WTR0100000000ATVF","admin_code":"51150","source_layer":"TN_RIVER_BNDRY","semantic":"zone","river_class":"소하천","river_class_source":"중심선 공간조인","river_name":"운계천","survey_method":"사진측량"},"geometry":{"type":"Polygon","coordinates":[[[128.80321,37.79789],[128.80322,37.79794],[128.80324,37.79794],[128.80326,37.79793],[128.80334,37.7979],[128.80339,37.79785],[128.80344,37.79782],[128.80346,37.79779],[128.8035,37.79778],[128.80356,37.79775],[128.80358,37.79774],[128.80361,37.79771],[128.80366,37.79769],[128.80372,37.79767],[128.8038,37.79765],[128.80383,37.79764],[128.80383,37.79764],[128.80383,37.79763],[128.80382,37.79762],[128.80377,37.79762],[128.8037,37.79762],[128.80362,37.79762],[128.80357,37.79764],[128.80352,37.79767],[128.80343,37.7977],[128.80342,37.7977],[128.8034,37.79771],[128.80336,37.79775],[128.80334,37.79777],[128.80333,37.7978],[128.80329,37.79785],[128.80327,37.79787],[128.80323,37.79788],[128.80321,37.79789]]]}},{"type":"Feature","id":"TN_RIVER_BNDRY:WTR0100000000ATWG","properties":{"NF_ID":"WTR0100000000ATWG","admin_code":"51150","source_layer":"TN_RIVER_BNDRY","semantic":"zone","river_class":"소하천","river_class_source":"중심선 공간조인","river_name":"쟁골천","survey_method":"사진측량"},"geometry":{"type":"Polygon","coordinates":[[[128.81287,37.7901],[128.8127,37.79044],[128.81116,37.7911],[128.81028,37.79117],[128.80887,37.79175],[128.80843,37.79164],[128.80798,37.79182],[128.80745,37.79172],[128.80641,37.79258],[128.80529,37.79228],[128.80496,37.79232],[128.80407,37.79338],[128.80336,37.79317],[128.8025,37.79395],[128.8011,37.7942],[128.80058,37.79451],[128.80113,37.79423],[128.80252,37.794],[128.80338,37.7932],[128.80407,37.79342],[128.80498,37.79238],[128.8065,37.79264],[128.80746,37.79179],[128.80798,37.79189],[128.80846,37.79171],[128.80887,37.79182],[128.81038,37.7912],[128.8112,37.79116],[128.81276,37.79049],[128.81287,37.7901]]]}},{"type":"Feature","id":"TN_RIVER_BNDRY:WTR0100000000ATXH","properties":{"NF_ID":"WTR0100000000ATXH","admin_code":"51150","source_layer":"TN_RIVER_BNDRY","semantic":"zone","river_class":"지방하천","river_class_source":"중심선 공간조인","river_name":"사천천","river_code":"1620260","survey_method":"사진측량"},"geometry":{"type":"Polygon","coordinates":[[[128.81995,37.7956],[128.81987,37.79551],[128.81949,37.79571],[128.81995,37.7956]]]}},{"type":"Feature","id":"TN_RIVER_BNDRY:WTR0100000000ATYI","properties":{"NF_ID":"WTR0100000000ATYI","admin_code":"51150","source_layer":"TN_RIVER_BNDRY","semantic":"zone","river_class":"지방하천","river_class_source":"중심선 공간조인","river_name":"사천천","river_code":"1620260","survey_method":"사진측량"},"geometry":{"type":"Polygon","coordinates":[[[128.81987,37.79551],[128.81953,37.79496],[128.81898,37.7949],[128.81949,37.79571],[128.81987,37.79551]]]}},{"type":"Feature","id":"TN_RIVER_BNDRY:WTR0100000000ATZJ","properties":{"NF_ID":"WTR0100000000ATZJ","admin_code":"51150","source_layer":"TN_RIVER_BNDRY","semantic":"zone","river_class":"지방하천","river_class_source":"중심선 공간조인","river_name":"사천천","river_code":"1620260","survey_method":"사진측량"},"geometry":{"type":"Polygon","coordinates":[[[128.81946,37.79471],[128.81898,37.79477],[128.81898,37.7949],[128.81953,37.79496],[128.81946,37.79471]]]}},{"type":"Feature","id":"TN_RIVER_BNDRY:WTR0100000000AU0L","properties":{"NF_ID":"WTR0100000000AU0L","admin_code":"51150","source_layer":"TN_RIVER_BNDRY","semantic":"zone","river_class":"소하천","river_class_source":"중심선 공간조인","survey_method":"사진측량"},"geometry":{"type":"Polygon","coordinates":[[[128.83073,37.83147],[128.83007,37.83158],[128.82973,37.83133],[128.83007,37.83161],[128.83073,37.83147]]]}},{"type":"Feature","id":"TN_RIVER_BNDRY:WTR0100000000AU1M","properties":{"NF_ID":"WTR0100000000AU1M","admin_code":"51150","source_layer":"TN_RIVER_BNDRY","semantic":"zone","river_class":"소하천","river_class_source":"중심선 공간조인","survey_method":"사진측량"},"geometry":{"type":"Polygon","coordinates":[[[128.82888,37.82761],[128.82779,37.82783],[128.82723,37.82781],[128.8265,37.82739],[128.8272,37.82784],[128.82784,37.82785],[128.82888,37.82761]]]}},{"type":"Feature","id":"TN_RIVER_BNDRY:WTR0100000000AU2N","properties":{"NF_ID":"WTR0100000000AU2N","admin_code":"51150","source_layer":"TN_RIVER_BNDRY","semantic":"zone","river_class":"소하천","river_class_source":"중심선 공간조인","survey_method":"사진측량"},"geometry":{"type":"Polygon","coordinates":[[[128.83091,37.83144],[128.83083,37.83142],[128.83082,37.83141],[128.83073,37.83143],[128.83073,37.83147],[128.83091,37.83144]]]}},{"type":"Feature","id":"TN_RIVER_BNDRY:WTR0100000000AV3P","properties":{"NF_ID":"WTR0100000000AV3P","admin_code":"51150","source_layer":"TN_RIVER_BNDRY","semantic":"zone","river_class":"소하천","river_class_source":"중심선 공간조인","survey_method":"사진측량"},"geometry":{"type":"Polygon","coordinates":[[[128.79254,37.91028],[128.79251,37.91028],[128.7925,37.91028],[128.79247,37.91027],[128.79236,37.91018],[128.79233,37.91016],[128.79231,37.91013],[128.79226,37.91007],[128.7922,37.91004],[128.79217,37.91001],[128.79216,37.91001],[128.79214,37.91001],[128.79214,37.91002],[128.79215,37.91005],[128.79218,37.91007],[128.7922,37.91008],[128.79225,37.91012],[128.79228,37.91018],[128.79234,37.91022],[128.79237,37.91024],[128.79239,37.91026],[128.79242,37.91028],[128.79244,37.91029],[128.79249,37.91032],[128.7925,37.91033],[128.79254,37.91028]]]}},{"type":"Feature","id":"TN_RIVER_BNDRY:WTR0100000000AV4Q","properties":{"NF_ID":"WTR0100000000AV4Q","admin_code":"51150","source_layer":"TN_RIVER_BNDRY","semantic":"zone","river_class":"소하천","river_class_source":"중심선 공간조인","river_name":"향천","survey_method":"사진측량"},"geometry":{"type":"Polygon","coordinates":[[[128.79257,37.91036],[128.79251,37.91083],[128.7922,37.91124],[128.79168,37.91141],[128.791,37.9114],[128.78997,37.91177],[128.78943,37.9116],[128.78924,37.91115],[128.78879,37.91078],[128.78792,37.91071],[128.78771,37.91054],[128.78793,37.91075],[128.78876,37.91081],[128.78922,37.91117],[128.78938,37.9116],[128.79005,37.9118],[128.79097,37.91147],[128.79171,37.91145],[128.79223,37.91128],[128.79257,37.91082],[128.79257,37.91036]]]}},{"type":"Feature","id":"TN_RIVER_BNDRY:WTR0100000000AV5R","properties":{"NF_ID":"WTR0100000000AV5R","admin_code":"51150","source_layer":"TN_RIVER_BNDRY","semantic":"zone","river_class":"소하천","river_class_source":"중심선 공간조인","river_name":"향천","survey_method":"사진측량"},"geometry":{"type":"Polygon","coordinates":[[[128.79258,37.9103],[128.79254,37.91028],[128.7925,37.91033],[128.79257,37.91036],[128.79257,37.91034],[128.79258,37.9103]]]}},{"type":"Feature","id":"TN_RIVER_BNDRY:WTR0100000000AVBX","properties":{"NF_ID":"WTR0100000000AVBX","admin_code":"51150","source_layer":"TN_RIVER_BNDRY","semantic":"zone","river_class":"소하천","river_class_source":"중심선 공간조인","survey_method":"사진측량"},"geometry":{"type":"Polygon","coordinates":[[[128.77855,37.90031],[128.77834,37.90005],[128.77854,37.89986],[128.77709,37.89921],[128.77705,37.89862],[128.77475,37.89862],[128.77463,37.89834],[128.77417,37.89811],[128.7739,37.89773],[128.77475,37.89866],[128.77698,37.89864],[128.77703,37.89921],[128.77741,37.89965],[128.77811,37.90019],[128.77855,37.90031]]]}},{"type":"Feature","id":"TN_RIVER_BNDRY:WTR0100000000AVCY","properties":{"NF_ID":"WTR0100000000AVCY","admin_code":"51150","source_layer":"TN_RIVER_BNDRY","semantic":"zone","river_class":"소하천","river_class_source":"중심선 공간조인","survey_method":"사진측량"},"geometry":{"type":"Polygon","coordinates":[[[128.77485,37.84832],[128.77463,37.84781],[128.77257,37.84669],[128.77162,37.84599],[128.77166,37.84556],[128.77124,37.84509],[128.77113,37.84425],[128.77031,37.84415],[128.76916,37.84427],[128.76857,37.84414],[128.76789,37.84354],[128.76806,37.843],[128.76753,37.84233],[128.768,37.84299],[128.76781,37.84353],[128.76824,37.84396],[128.76857,37.8442],[128.76911,37.84431],[128.77035,37.8442],[128.77101,37.84435],[128.77118,37.84511],[128.77158,37.84557],[128.77154,37.84601],[128.77259,37.84676],[128.77397,37.84745],[128.77465,37.84793],[128.77464,37.84839],[128.77485,37.84832]]]}},{"type":"Feature","id":"TN_RIVER_BNDRY:WTR0100000000AVDZ","properties":{"NF_ID":"WTR0100000000AVDZ","admin_code":"51150","source_layer":"TN_RIVER_BNDRY","semantic":"zone","river_class":"소하천","river_class_source":"중심선 공간조인","survey_method":"사진측량"},"geometry":{"type":"Polygon","coordinates":[[[128.80265,37.82118],[128.80261,37.82129],[128.80285,37.82135],[128.80361,37.8212],[128.80441,37.81934],[128.8049,37.81886],[128.80536,37.81872],[128.80567,37.8188],[128.80591,37.81856],[128.80656,37.8175],[128.8065,37.81664],[128.80655,37.81749],[128.8059,37.81854],[128.80566,37.81878],[128.80535,37.8187],[128.8049,37.81883],[128.80438,37.81933],[128.80359,37.82117],[128.80313,37.82131],[128.80265,37.82118]]]}},{"type":"Feature","id":"TN_RIVER_BNDRY:WTR0100000000AVE0","properties":{"NF_ID":"WTR0100000000AVE0","admin_code":"51150","source_layer":"TN_RIVER_BNDRY","semantic":"zone","river_class":"지방하천","river_class_source":"중심선 공간조인","river_name":"사천천","river_code":"1620260","survey_method":"사진측량"},"geometry":{"type":"Polygon","coordinates":[[[128.81946,37.79471],[128.81958,37.79247],[128.81925,37.79191],[128.81809,37.79107],[128.81597,37.78991],[128.81508,37.7892],[128.81415,37.78916],[128.81352,37.78935],[128.81369,37.78963],[128.81398,37.7894],[128.81485,37.78953],[128.81584,37.79037],[128.81879,37.792],[128.81918,37.79275],[128.81898,37.79477],[128.81946,37.79471]]]}},{"type":"Feature","id":"TN_RIVER_BNDRY:WTR0100000000AVH3","properties":{"NF_ID":"WTR0100000000AVH3","admin_code":"51150","source_layer":"TN_RIVER_BNDRY","semantic":"zone","river_class":"소하천","river_class_source":"중심선 공간조인","river_name":"향천","survey_method":"사진측량"},"geometry":{"type":"Polygon","coordinates":[[[128.78773,37.91057],[128.78716,37.91014],[128.78571,37.91033],[128.78476,37.91106],[128.78448,37.91099],[128.78427,37.91131],[128.7828,37.91136],[128.78219,37.91156],[128.78184,37.91188],[128.78148,37.91165],[128.78087,37.91214],[128.7803,37.91221],[128.78031,37.91231],[128.78075,37.91229],[128.78146,37.91185],[128.7818,37.91199],[128.78217,37.91193],[128.78224,37.91162],[128.78282,37.91142],[128.78426,37.91144],[128.78604,37.91037],[128.78721,37.91027],[128.78773,37.91057]]]}},{"type":"Feature","id":"TN_RIVER_BNDRY:WTR0100000000AVK6","properties":{"NF_ID":"WTR0100000000AVK6","admin_code":"51150","source_layer":"TN_RIVER_BNDRY","semantic":"zone","river_class":"소하천","river_class_source":"중심선 공간조인","survey_method":"사진측량"},"geometry":{"type":"Polygon","coordinates":[[[128.78601,37.87237],[128.78429,37.87113],[128.78358,37.87039],[128.78283,37.8703],[128.78198,37.86975],[128.78106,37.86986],[128.78077,37.87006],[128.77954,37.87036],[128.77864,37.8692],[128.77679,37.86874],[128.77565,37.8687],[128.7752,37.86898],[128.77475,37.86881],[128.77469,37.8689],[128.77523,37.8691],[128.77569,37.86888],[128.77682,37.86889],[128.77835,37.8692],[128.77957,37.87041],[128.78122,37.8699],[128.78189,37.86991],[128.78279,37.8704],[128.78347,37.87039],[128.78425,37.87116],[128.78601,37.87237]]]}},{"type":"Feature","id":"TN_RIVER_BNDRY:WTR0100000000AVL7","properties":{"NF_ID":"WTR0100000000AVL7","admin_code":"51150","source_layer":"TN_RIVER_BNDRY","semantic":"zone","river_class":"소하천","river_class_source":"중심선 공간조인","survey_method":"사진측량"},"geometry":{"type":"Polygon","coordinates":[[[128.7868,37.86256],[128.78653,37.86223],[128.78552,37.86243],[128.78518,37.86202],[128.78417,37.86219],[128.78355,37.86275],[128.78281,37.86305],[128.78272,37.86345],[128.78202,37.86383],[128.78134,37.86373],[128.7811,37.86394],[128.77999,37.86416],[128.77936,37.86391],[128.77856,37.86452],[128.7781,37.86553],[128.77841,37.86533],[128.77866,37.86459],[128.77937,37.86404],[128.78002,37.86426],[128.78146,37.86386],[128.78202,37.86394],[128.78288,37.86343],[128.78295,37.8631],[128.78456,37.86224],[128.7851,37.86219],[128.78551,37.86259],[128.78641,37.86238],[128.7868,37.86256]]]}},{"type":"Feature","id":"TN_RIVER_BNDRY:WTR0100000000AVM8","properties":{"NF_ID":"WTR0100000000AVM8","admin_code":"51150","source_layer":"TN_RIVER_BNDRY","semantic":"zone","river_class":"소하천","river_class_source":"중심선 공간조인","survey_method":"사진측량"},"geometry":{"type":"Polygon","coordinates":[[[128.79324,37.76222],[128.79288,37.76335],[128.79276,37.765],[128.79188,37.76567],[128.79198,37.76629],[128.79169,37.76664],[128.79187,37.76756],[128.79205,37.76752],[128.79183,37.76658],[128.79209,37.76635],[128.79207,37.76561],[128.79283,37.76508],[128.79324,37.76222]]]}},{"type":"Feature","id":"TN_RIVER_BNDRY:WTR0100000000AVN9","properties":{"NF_ID":"WTR0100000000AVN9","admin_code":"51150","source_layer":"TN_RIVER_BNDRY","semantic":"zone","river_class":"소하천","river_class_source":"중심선 공간조인","river_name":"큰무일천","survey_method":"사진측량"},"geometry":{"type":"Polygon","coordinates":[[[128.80999,37.76595],[128.81042,37.76552],[128.81045,37.76492],[128.81092,37.76421],[128.81039,37.76306],[128.81036,37.76322],[128.81015,37.76314],[128.8106,37.76362],[128.81073,37.76411],[128.81067,37.76433],[128.81043,37.76434],[128.81036,37.76516],[128.80999,37.76595]]]}},{"type":"Feature","id":"TN_RIVER_BNDRY:WTR0100000000AVOA","properties":{"NF_ID":"WTR0100000000AVOA","admin_code":"51150","source_layer":"TN_RIVER_BNDRY","semantic":"zone","river_class":"소하천","river_class_source":"중심선 공간조인","survey_method":"사진측량"},"geometry":{"type":"Polygon","coordinates":[[[128.82899,37.8276],[128.829,37.82756],[128.82887,37.82758],[128.82888,37.82761],[128.82892,37.8276],[128.82896,37.82759],[128.82899,37.8276]]]}},{"type":"Feature","id":"TN_RIVER_BNDRY:WTR0100000000AVPB","properties":{"NF_ID":"WTR0100000000AVPB","admin_code":"51150","source_layer":"TN_RIVER_BNDRY","semantic":"zone","river_class":"소하천","river_class_source":"중심선 공간조인","survey_method":"사진측량"},"geometry":{"type":"Polygon","coordinates":[[[128.83082,37.83141],[128.82925,37.83007],[128.82913,37.82972],[128.82937,37.82917],[128.82944,37.82809],[128.82926,37.82769],[128.829,37.82756],[128.82926,37.82776],[128.8294,37.8282],[128.82935,37.82917],[128.82909,37.82948],[128.82921,37.83008],[128.83082,37.83141]]]}},{"type":"Feature","id":"TN_RIVER_BNDRY:WTR0100000000AVQC","properties":{"NF_ID":"WTR0100000000AVQC","admin_code":"51150","source_layer":"TN_RIVER_BNDRY","semantic":"zone","river_class":"소하천","river_class_source":"중심선 공간조인","survey_method":"사진측량"},"geometry":{"type":"Polygon","coordinates":[[[128.76753,37.84233],[128.76733,37.84204],[128.76646,37.84191],[128.76582,37.84144],[128.76605,37.84079],[128.76688,37.84021],[128.76697,37.8394],[128.7668,37.83952],[128.76697,37.83973],[128.76682,37.84015],[128.76598,37.84066],[128.76568,37.84145],[128.76648,37.84198],[128.76726,37.84209],[128.76753,37.84233]]]}},{"type":"Feature","id":"TN_RIVER_BNDRY:WTR0100000000AVRD","properties":{"NF_ID":"WTR0100000000AVRD","admin_code":"51150","source_layer":"TN_RIVER_BNDRY","semantic":"zone","river_class":"등급미확인","survey_method":"사진측량"},"geometry":{"type":"Polygon","coordinates":[[[128.77591,37.85092],[128.77483,37.85073],[128.77323,37.85121],[128.77194,37.85126],[128.77157,37.85157],[128.77172,37.85209],[128.77088,37.85265],[128.77117,37.85284],[128.77108,37.85274],[128.77131,37.85243],[128.77176,37.85211],[128.77162,37.85157],[128.77197,37.85128],[128.77318,37.85125],[128.77477,37.85077],[128.77591,37.85092]]]}},{"type":"Feature","id":"TN_RIVER_BNDRY:WTR0100000000AVSE","properties":{"NF_ID":"WTR0100000000AVSE","admin_code":"51150","source_layer":"TN_RIVER_BNDRY","semantic":"zone","river_class":"등급미확인","survey_method":"사진측량"},"geometry":{"type":"Polygon","coordinates":[[[128.75915,37.8549],[128.75981,37.85488],[128.76045,37.85362],[128.76046,37.85299],[128.7611,37.85144],[128.76091,37.85114],[128.76099,37.85158],[128.75985,37.85471],[128.75915,37.8549]]]}},{"type":"Feature","id":"TN_RIVER_BNDRY:WTR0100000000AVTF","properties":{"NF_ID":"WTR0100000000AVTF","admin_code":"51150","source_layer":"TN_RIVER_BNDRY","semantic":"zone","river_class":"소하천","river_class_source":"중심선 공간조인","survey_method":"사진측량"},"geometry":{"type":"Polygon","coordinates":[[[128.82936,37.77588],[128.828,37.77511],[128.82741,37.77496],[128.82719,37.77428],[128.82651,37.77407],[128.82618,37.77364],[128.8258,37.77351],[128.8262,37.7737],[128.82649,37.77409],[128.82714,37.77429],[128.82741,37.775],[128.82797,37.77515],[128.82925,37.77593],[128.82936,37.77588]]]}},{"type":"Feature","id":"TN_RIVER_BNDRY:WTR0100000000AVUG","properties":{"NF_ID":"WTR0100000000AVUG","admin_code":"51150","source_layer":"TN_RIVER_BNDRY","semantic":"zone","river_class":"소하천","river_class_source":"중심선 공간조인","survey_method":"사진측량"},"geometry":{"type":"Polygon","coordinates":[[[128.83087,37.78007],[128.83032,37.78001],[128.82991,37.78015],[128.82877,37.77985],[128.82825,37.78002],[128.82718,37.77988],[128.82639,37.78008],[128.82575,37.77999],[128.82644,37.78014],[128.82711,37.77992],[128.82825,37.78005],[128.82876,37.77989],[128.82994,37.7802],[128.83087,37.78007]]]}},{"type":"Feature","id":"TN_RIVER_BNDRY:WTR0100000000AVVH","properties":{"NF_ID":"WTR0100000000AVVH","admin_code":"51150","source_layer":"TN_RIVER_BNDRY","semantic":"zone","river_class":"지방하천","river_class_source":"중심선 공간조인","river_name":"사천천","river_code":"1620260","survey_method":"사진측량"},"geometry":{"type":"Polygon","coordinates":[[[128.85098,37.8255],[128.85109,37.82514],[128.85081,37.82504],[128.85105,37.82517],[128.85098,37.8255]]]}},{"type":"Feature","id":"TN_RIVER_BNDRY:WTR0100000000AVWI","properties":{"NF_ID":"WTR0100000000AVWI","admin_code":"51150","source_layer":"TN_RIVER_BNDRY","semantic":"zone","river_class":"지방하천","river_class_source":"중심선 공간조인","river_name":"사천천","river_code":"1620260","survey_method":"사진측량"},"geometry":{"type":"Polygon","coordinates":[[[128.85102,37.82551],[128.85046,37.82634],[128.85105,37.82635],[128.85102,37.82551]]]}},{"type":"Feature","id":"TN_RIVER_BNDRY:WTR0100000000AVXJ","properties":{"NF_ID":"WTR0100000000AVXJ","admin_code":"51150","source_layer":"TN_RIVER_BNDRY","semantic":"zone","river_class":"지방하천","river_class_source":"중심선 공간조인","river_name":"위촌천","river_code":"1620290","survey_method":"사진측량"},"geometry":{"type":"Polygon","coordinates":[[[128.88327,37.77482],[128.88356,37.7745],[128.88334,37.77441],[128.88218,37.7742],[128.88131,37.77429],[128.87886,37.77587],[128.87594,37.77741],[128.87446,37.77869],[128.8738,37.77985],[128.87368,37.78075],[128.87316,37.78144],[128.87266,37.78167],[128.87099,37.78163],[128.86962,37.78103],[128.86792,37.78063],[128.86508,37.78063],[128.86451,37.78037],[128.86442,37.78047],[128.86403,37.77998],[128.86426,37.77881],[128.86383,37.77836],[128.86347,37.77842],[128.86334,37.7788],[128.86348,37.77942],[128.8633,37.77964],[128.86328,37.78031],[128.86278,37.78059],[128.8624,37.78042],[128.86187,37.78058],[128.8612,37.78047],[128.86076,37.78012],[128.86138,37.77882],[128.8614,37.77814],[128.86016,37.7779],[128.85981,37.77756],[128.85999,37.77698],[128.85961,37.776],[128.85972,37.7756],[128.85953,37.77547],[128.85938,37.77473],[128.85966,37.77397],[128.85942,37.77289],[128.85913,37.77252],[128.85914,37.77176],[128.8581,37.77171],[128.85886,37.77321],[128.85869,37.77355],[128.85798,37.77369],[128.85882,37.77402],[128.85884,37.77486],[128.85933,37.77704],[128.85875,37.77802],[128.85918,37.77881],[128.85798,37.77912],[128.85654,37.77977],[128.85512,37.77977],[128.85672,37.77995],[128.85728,37.77974],[128.85846,37.77966],[128.85888,37.77933],[128.85936,37.77937],[128.8594,37.77985],[128.85988,37.78056],[128.86045,37.78062],[128.86099,37.78097],[128.86147,37.78096],[128.86313,37.78145],[128.86304,37.78193],[128.86217,37.78223],[128.86119,37.78283],[128.86146,37.78323],[128.86179,37.7832],[128.86244,37.7827],[128.86314,37.78266],[128.86344,37.78308],[128.8639,37.78295],[128.86441,37.78217],[128.86527,37.78199],[128.86482,37.781],[128.86509,37.78077],[128.86769,37.7809],[128.86934,37.78127],[128.87117,37.78202],[128.8727,37.78197],[128.87338,37.78169],[128.87388,37.78112],[128.87427,37.77953],[128.87554,37.778],[128.87898,37.7762],[128.88148,37.77455],[128.88219,37.77446],[128.88327,37.77482]]]}},{"type":"Feature","id":"TN_RIVER_BNDRY:WTR0100000000AVYK","properties":{"NF_ID":"WTR0100000000AVYK","admin_code":"51150","source_layer":"TN_RIVER_BNDRY","semantic":"zone","river_class":"지방하천","river_class_source":"중심선 공간조인","river_name":"위촌천","river_code":"1620290","survey_method":"사진측량"},"geometry":{"type":"Polygon","coordinates":[[[128.85923,37.7714],[128.8594,37.77125],[128.85916,37.77042],[128.85944,37.76976],[128.85985,37.76953],[128.86162,37.76916],[128.86112,37.76785],[128.86123,37.76763],[128.86174,37.76736],[128.86172,37.76694],[128.86139,37.76672],[128.86052,37.76655],[128.86056,37.76612],[128.86036,37.76561],[128.85934,37.76503],[128.8588,37.76508],[128.85847,37.76578],[128.85759,37.76551],[128.85685,37.76564],[128.85644,37.76537],[128.85594,37.76293],[128.85648,37.76221],[128.85672,37.76148],[128.8563,37.7599],[128.85571,37.75978],[128.85532,37.76005],[128.855,37.76001],[128.85453,37.75912],[128.85346,37.75839],[128.8518,37.75859],[128.84989,37.75775],[128.84981,37.75783],[128.85016,37.75805],[128.85167,37.75868],[128.85227,37.75875],[128.85339,37.75856],[128.85442,37.75918],[128.85505,37.76018],[128.8555,37.76015],[128.85573,37.75991],[128.85613,37.76],[128.85657,37.76146],[128.85633,37.76215],[128.85576,37.76298],[128.85629,37.76547],[128.8568,37.76579],[128.8574,37.76564],[128.85854,37.76591],[128.85891,37.7652],[128.85926,37.76514],[128.86019,37.76566],[128.86039,37.76611],[128.86036,37.76663],[128.86113,37.76683],[128.86152,37.76713],[128.86106,37.76763],[128.861,37.76797],[128.86143,37.76887],[128.86131,37.76908],[128.86084,37.76921],[128.85972,37.76918],[128.85934,37.76935],[128.85874,37.76996],[128.85861,37.7708],[128.85798,37.77157],[128.85923,37.7714]]]}},{"type":"Feature","id":"TN_RIVER_BNDRY:WTR0100000000AVZL","properties":{"NF_ID":"WTR0100000000AVZL","admin_code":"51150","source_layer":"TN_RIVER_BNDRY","semantic":"zone","river_class":"소하천","river_class_source":"중심선 공간조인","survey_method":"사진측량"},"geometry":{"type":"Polygon","coordinates":[[[128.8624,37.7517],[128.86274,37.75216],[128.86546,37.75455],[128.8624,37.7517]]]}},{"type":"Feature","id":"TN_RIVER_BNDRY:WTR0100000000AW0N","properties":{"NF_ID":"WTR0100000000AW0N","admin_code":"51150","source_layer":"TN_RIVER_BNDRY","semantic":"zone","river_class":"지방하천","river_class_source":"중심선 공간조인","river_name":"경포천","river_code":"1620280","survey_method":"사진측량"},"geometry":{"type":"Polygon","coordinates":[[[128.83719,37.78155],[128.8348,37.78123],[128.83407,37.78076],[128.83328,37.78085],[128.83282,37.78075],[128.8322,37.78052],[128.83176,37.78003],[128.83112,37.78019],[128.83087,37.78007],[128.83109,37.78024],[128.83168,37.78013],[128.83204,37.78059],[128.83291,37.78091],[128.83411,37.78088],[128.8347,37.78131],[128.83533,37.7813],[128.83649,37.78161],[128.83719,37.78155]]]}},{"type":"Feature","id":"TN_RIVER_BNDRY:WTR0100000000AW1O","properties":{"NF_ID":"WTR0100000000AW1O","admin_code":"51150","source_layer":"TN_RIVER_BNDRY","semantic":"zone","river_class":"소하천","river_class_source":"중심선 공간조인","survey_method":"사진측량"},"geometry":{"type":"Polygon","coordinates":[[[128.93643,37.76709],[128.93531,37.76576],[128.93384,37.76483],[128.93122,37.76419],[128.93329,37.76467],[128.93453,37.76525],[128.9353,37.76578],[128.93643,37.76709]]]}},{"type":"Feature","id":"TN_RIVER_BNDRY:WTR0100000000AW2P","properties":{"NF_ID":"WTR0100000000AW2P","admin_code":"51150","source_layer":"TN_RIVER_BNDRY","semantic":"zone","river_class":"소하천","river_class_source":"중심선 공간조인","river_name":"향호천","survey_method":"사진측량"},"geometry":{"type":"Polygon","coordinates":[[[128.80809,37.90734],[128.80799,37.90757],[128.80849,37.90798],[128.80813,37.90812],[128.80805,37.90857],[128.80758,37.90844],[128.80795,37.90871],[128.80787,37.90908],[128.80745,37.90898],[128.80755,37.90851],[128.80743,37.9089],[128.80715,37.90892],[128.80743,37.909],[128.80749,37.90922],[128.80682,37.90929],[128.80644,37.90975],[128.80612,37.90979],[128.80621,37.9099],[128.80586,37.91027],[128.80609,37.911],[128.80604,37.91234],[128.80665,37.91268],[128.80717,37.91256],[128.80757,37.91294],[128.8076,37.9132],[128.80815,37.91347],[128.81041,37.91369],[128.81071,37.91384],[128.81232,37.91291],[128.81259,37.91301],[128.81274,37.91286],[128.8126,37.91267],[128.81282,37.91279],[128.81297,37.91265],[128.8128,37.91249],[128.81292,37.91231],[128.81348,37.91198],[128.81382,37.91199],[128.81428,37.9122],[128.81469,37.91264],[128.81512,37.91264],[128.81514,37.9131],[128.81534,37.91326],[128.81593,37.91347],[128.81618,37.9134],[128.81546,37.91296],[128.81499,37.91217],[128.81295,37.91082],[128.81191,37.9097],[128.8106,37.90903],[128.80967,37.90812],[128.80933,37.90815],[128.80918,37.90747],[128.80896,37.90749],[128.80886,37.90734],[128.80868,37.90758],[128.80879,37.90779],[128.80852,37.90789],[128.80809,37.90734]]]}},{"type":"Feature","id":"TN_RIVER_BNDRY:WTR0100000000AW3Q","properties":{"NF_ID":"WTR0100000000AW3Q","admin_code":"51150","source_layer":"TN_RIVER_BNDRY","semantic":"zone","river_class":"소하천","river_class_source":"중심선 공간조인","river_name":"우암천","survey_method":"사진측량"},"geometry":{"type":"Polygon","coordinates":[[[128.82113,37.90491],[128.82043,37.9042],[128.82002,37.90402],[128.81769,37.904],[128.8175,37.90415],[128.81998,37.90418],[128.82028,37.9043],[128.82097,37.90503],[128.82113,37.90491]]]}},{"type":"Feature","id":"TN_RIVER_BNDRY:WTR0100000000AW4R","properties":{"NF_ID":"WTR0100000000AW4R","admin_code":"51150","source_layer":"TN_RIVER_BNDRY","semantic":"zone","river_class":"소하천","river_class_source":"중심선 공간조인","survey_method":"사진측량"},"geometry":{"type":"Polygon","coordinates":[[[128.82115,37.90492],[128.82113,37.90491],[128.82097,37.90503],[128.82098,37.90503],[128.82103,37.90508],[128.82115,37.90492]]]}},{"type":"Feature","id":"TN_RIVER_BNDRY:WTR0100000000AW5S","properties":{"NF_ID":"WTR0100000000AW5S","admin_code":"51150","source_layer":"TN_RIVER_BNDRY","semantic":"zone","river_class":"소하천","river_class_source":"중심선 공간조인","survey_method":"사진측량"},"geometry":{"type":"Polygon","coordinates":[[[128.82115,37.90492],[128.82105,37.90509],[128.82178,37.90538],[128.8252,37.90589],[128.82742,37.90542],[128.82813,37.90568],[128.82889,37.9062],[128.82889,37.9064],[128.82927,37.90626],[128.82859,37.90571],[128.82743,37.90534],[128.82528,37.90578],[128.82235,37.90535],[128.82115,37.90492]]]}},{"type":"Feature","id":"TN_RIVER_BNDRY:WTR0100000000AW6T","properties":{"NF_ID":"WTR0100000000AW6T","admin_code":"51150","source_layer":"TN_RIVER_BNDRY","semantic":"zone","river_class":"소하천","river_class_source":"중심선 공간조인","survey_method":"사진측량"},"geometry":{"type":"Polygon","coordinates":[[[128.8175,37.90415],[128.81742,37.90412],[128.81742,37.90412],[128.81738,37.90415],[128.81737,37.90415],[128.81737,37.90415],[128.81736,37.90415],[128.81734,37.90416],[128.81734,37.90417],[128.81739,37.9042],[128.81746,37.90416],[128.8175,37.90415]]]}},{"type":"Feature","id":"TN_RIVER_BNDRY:WTR0100000000AW7U","properties":{"NF_ID":"WTR0100000000AW7U","admin_code":"51150","source_layer":"TN_RIVER_BNDRY","semantic":"zone","river_class":"소하천","river_class_source":"중심선 공간조인","survey_method":"사진측량"},"geometry":{"type":"Polygon","coordinates":[[[128.82157,37.90304],[128.82115,37.90492],[128.82148,37.90406],[128.82157,37.90304]]]}},{"type":"Feature","id":"TN_RIVER_BNDRY:WTR0100000000AW8V","properties":{"NF_ID":"WTR0100000000AW8V","admin_code":"51150","source_layer":"TN_RIVER_BNDRY","semantic":"zone","river_class":"소하천","river_class_source":"중심선 공간조인","river_name":"우암천","survey_method":"사진측량"},"geometry":{"type":"Polygon","coordinates":[[[128.81747,37.90404],[128.81744,37.90404],[128.81742,37.90404],[128.8174,37.90404],[128.81737,37.90403],[128.8171,37.90392],[128.81708,37.9039],[128.81705,37.90394],[128.81707,37.90396],[128.81708,37.90397],[128.81708,37.90397],[128.81731,37.90408],[128.81741,37.90411],[128.81742,37.90412],[128.81747,37.90404]]]}},{"type":"Feature","id":"TN_RIVER_BNDRY:WTR0100000000AW9W","properties":{"NF_ID":"WTR0100000000AW9W","admin_code":"51150","source_layer":"TN_RIVER_BNDRY","semantic":"zone","river_class":"소하천","river_class_source":"중심선 공간조인","survey_method":"사진측량"},"geometry":{"type":"Polygon","coordinates":[[[128.81758,37.90402],[128.81755,37.90402],[128.81749,37.90404],[128.81747,37.90404],[128.81742,37.90412],[128.8175,37.90415],[128.81758,37.90402]]]}},{"type":"Feature","id":"TN_RIVER_BNDRY:WTR0100000000AWAX","properties":{"NF_ID":"WTR0100000000AWAX","admin_code":"51150","source_layer":"TN_RIVER_BNDRY","semantic":"zone","river_class":"소하천","river_class_source":"중심선 공간조인","survey_method":"사진측량"},"geometry":{"type":"Polygon","coordinates":[[[128.82157,37.90304],[128.82154,37.90301],[128.82152,37.90303],[128.82153,37.90304],[128.82153,37.90304],[128.82157,37.90304]]]}},{"type":"Feature","id":"TN_RIVER_BNDRY:WTR0100000000AWBY","properties":{"NF_ID":"WTR0100000000AWBY","admin_code":"51150","source_layer":"TN_RIVER_BNDRY","semantic":"zone","river_class":"소하천","river_class_source":"중심선 공간조인","survey_method":"사진측량"},"geometry":{"type":"Polygon","coordinates":[[[128.82154,37.90301],[128.8214,37.90282],[128.82111,37.90279],[128.82154,37.90301]]]}},{"type":"Feature","id":"TN_RIVER_BNDRY:WTR0100000000AWCZ","properties":{"NF_ID":"WTR0100000000AWCZ","admin_code":"51150","source_layer":"TN_RIVER_BNDRY","semantic":"zone","river_class":"소하천","river_class_source":"중심선 공간조인","survey_method":"사진측량"},"geometry":{"type":"Polygon","coordinates":[[[128.82154,37.90301],[128.82172,37.90292],[128.82178,37.90257],[128.82156,37.90239],[128.82133,37.90147],[128.82122,37.9016],[128.82134,37.90151],[128.82153,37.90241],[128.82175,37.90256],[128.82154,37.90301]]]}},{"type":"Feature","id":"TN_RIVER_BNDRY:WTR0100000000AWD0","properties":{"NF_ID":"WTR0100000000AWD0","admin_code":"51150","source_layer":"TN_RIVER_BNDRY","semantic":"zone","river_class":"소하천","river_class_source":"중심선 공간조인","river_name":"우암천","survey_method":"사진측량"},"geometry":{"type":"Polygon","coordinates":[[[128.81708,37.9039],[128.81699,37.90385],[128.817,37.90389],[128.81705,37.90394],[128.81708,37.9039]]]}},{"type":"Feature","id":"TN_RIVER_BNDRY:WTR0100000000AWE1","properties":{"NF_ID":"WTR0100000000AWE1","admin_code":"51150","source_layer":"TN_RIVER_BNDRY","semantic":"zone","river_class":"소하천","river_class_source":"중심선 공간조인","river_name":"우암천","survey_method":"사진측량"},"geometry":{"type":"Polygon","coordinates":[[[128.81703,37.90353],[128.81695,37.90362],[128.81697,37.90371],[128.81698,37.90373],[128.81699,37.90376],[128.817,37.90378],[128.817,37.90381],[128.817,37.90383],[128.817,37.90384],[128.81699,37.90384],[128.81699,37.90385],[128.81708,37.9039],[128.81708,37.90389],[128.81708,37.90388],[128.81707,37.90385],[128.81707,37.90383],[128.81707,37.90382],[128.81708,37.90381],[128.81708,37.90377],[128.81708,37.90376],[128.81708,37.90375],[128.81708,37.90373],[128.81706,37.90366],[128.81705,37.90365],[128.81704,37.90361],[128.81705,37.90359],[128.81703,37.90353]]]}},{"type":"Feature","id":"TN_RIVER_BNDRY:WTR0100000000AWF2","properties":{"NF_ID":"WTR0100000000AWF2","admin_code":"51150","source_layer":"TN_RIVER_BNDRY","semantic":"zone","river_class":"소하천","river_class_source":"중심선 공간조인","river_name":"우암천","survey_method":"사진측량"},"geometry":{"type":"Polygon","coordinates":[[[128.81703,37.90353],[128.81699,37.90351],[128.8169,37.9036],[128.8169,37.9036],[128.81691,37.90361],[128.81691,37.90361],[128.81692,37.90361],[128.81693,37.90361],[128.81694,37.90362],[128.81695,37.90362],[128.81695,37.90362],[128.81703,37.90353]]]}},{"type":"Feature","id":"TN_RIVER_BNDRY:WTR0100000000AWG3","properties":{"NF_ID":"WTR0100000000AWG3","admin_code":"51150","source_layer":"TN_RIVER_BNDRY","semantic":"zone","river_class":"등급미확인","survey_method":"사진측량"},"geometry":{"type":"Polygon","coordinates":[[[128.95055,37.76692],[128.95105,37.76901],[128.95138,37.76897],[128.95141,37.76736],[128.95086,37.76723],[128.9511,37.76724],[128.95146,37.76653],[128.95107,37.7664],[128.9506,37.76688],[128.95066,37.76698],[128.95055,37.76692]]]}},{"type":"Feature","id":"TN_RIVER_BNDRY:WTR0100000000AWH4","properties":{"NF_ID":"WTR0100000000AWH4","admin_code":"51150","source_layer":"TN_RIVER_BNDRY","semantic":"zone","river_class":"지방하천","river_class_source":"중심선 공간조인","river_name":"섬석천","river_code":"1420040","survey_method":"사진측량"},"geometry":{"type":"Polygon","coordinates":[[[128.94807,37.7632],[128.94665,37.76112],[128.94555,37.76038],[128.94296,37.75983],[128.94174,37.75732],[128.94116,37.7575],[128.94265,37.76011],[128.94556,37.76085],[128.94662,37.76177],[128.94764,37.7635],[128.94807,37.7632]]]}},{"type":"Feature","id":"TN_RIVER_BNDRY:WTR0100000000AWI5","properties":{"NF_ID":"WTR0100000000AWI5","admin_code":"51150","source_layer":"TN_RIVER_BNDRY","semantic":"zone","river_class":"지방하천","river_class_source":"중심선 공간조인","river_name":"섬석천","river_code":"1420040","survey_method":"사진측량"},"geometry":{"type":"Polygon","coordinates":[[[128.94174,37.75732],[128.94163,37.75717],[128.94111,37.7574],[128.94116,37.7575],[128.94174,37.75732]]]}},{"type":"Feature","id":"TN_RIVER_BNDRY:WTR0100000000AWJ6","properties":{"NF_ID":"WTR0100000000AWJ6","admin_code":"51150","source_layer":"TN_RIVER_BNDRY","semantic":"zone","river_class":"소하천","river_class_source":"중심선 공간조인","survey_method":"사진측량"},"geometry":{"type":"Polygon","coordinates":[[[128.94807,37.7632],[128.94834,37.76289],[128.94785,37.76162],[128.94807,37.76005],[128.94781,37.75919],[128.94801,37.75996],[128.94781,37.76157],[128.9481,37.76221],[128.94807,37.7632]]]}},{"type":"Feature","id":"TN_RIVER_BNDRY:WTR0100000000AWK7","properties":{"NF_ID":"WTR0100000000AWK7","admin_code":"51150","source_layer":"TN_RIVER_BNDRY","semantic":"zone","river_class":"등급미확인","survey_method":"사진측량"},"geometry":{"type":"Polygon","coordinates":[[[128.93649,37.76715],[128.93644,37.76715],[128.93644,37.76715],[128.93649,37.76716],[128.93649,37.76716],[128.93649,37.76715]]]}},{"type":"Feature","id":"TN_RIVER_BNDRY:WTR0100000000AWL8","properties":{"NF_ID":"WTR0100000000AWL8","admin_code":"51150","source_layer":"TN_RIVER_BNDRY","semantic":"zone","river_class":"소하천","river_class_source":"중심선 공간조인","survey_method":"사진측량"},"geometry":{"type":"Polygon","coordinates":[[[128.93649,37.76715],[128.93643,37.76709],[128.93639,37.76711],[128.93644,37.76715],[128.93649,37.76715]]]}},{"type":"Feature","id":"TN_RIVER_BNDRY:WTR0100000000AWM9","properties":{"NF_ID":"WTR0100000000AWM9","admin_code":"51150","source_layer":"TN_RIVER_BNDRY","semantic":"zone","river_class":"지방하천","river_class_source":"중심선 공간조인","river_name":"강릉남대천","river_code":"1410010","survey_method":"사진측량"},"geometry":{"type":"Polygon","coordinates":[[[128.95105,37.76901],[128.95055,37.76692],[128.94892,37.76701],[128.9504,37.76952],[128.95105,37.76901]]]}},{"type":"Feature","id":"TN_RIVER_BNDRY:WTR0100000000AWNA","properties":{"NF_ID":"WTR0100000000AWNA","admin_code":"51150","source_layer":"TN_RIVER_BNDRY","semantic":"zone","river_class":"지방하천","river_class_source":"중심선 공간조인","river_name":"섬석천","river_code":"1420040","survey_method":"사진측량"},"geometry":{"type":"Polygon","coordinates":[[[128.9481,37.76322],[128.94807,37.7632],[128.94764,37.7635],[128.94767,37.76357],[128.9481,37.76322]]]}},{"type":"Feature","id":"TN_RIVER_BNDRY:WTR0100000000AWOB","properties":{"NF_ID":"WTR0100000000AWOB","admin_code":"51150","source_layer":"TN_RIVER_BNDRY","semantic":"zone","river_class":"지방하천","river_class_source":"중심선 공간조인","river_name":"섬석천","river_code":"1420040","survey_method":"사진측량"},"geometry":{"type":"Polygon","coordinates":[[[128.95055,37.76692],[128.95029,37.76671],[128.95058,37.76636],[128.94956,37.76561],[128.9481,37.76322],[128.94767,37.76357],[128.9491,37.7662],[128.94913,37.76665],[128.94892,37.76701],[128.95055,37.76692]]]}},{"type":"Feature","id":"TN_RIVER_BNDRY:WTR0100000000AWPC","properties":{"NF_ID":"WTR0100000000AWPC","admin_code":"51150","source_layer":"TN_RIVER_BNDRY","semantic":"zone","river_class":"소하천","river_class_source":"중심선 공간조인","survey_method":"사진측량"},"geometry":{"type":"Polygon","coordinates":[[[128.93639,37.76711],[128.93637,37.76712],[128.93637,37.76712],[128.93624,37.76711],[128.93612,37.76708],[128.93593,37.76705],[128.93573,37.76702],[128.93549,37.76698],[128.93526,37.76694],[128.935,37.7669],[128.93482,37.76688],[128.93481,37.76688],[128.93481,37.76689],[128.93481,37.76689],[128.93491,37.76691],[128.93526,37.76697],[128.93573,37.76704],[128.9362,37.76712],[128.93623,37.76712],[128.93624,37.76712],[128.93639,37.76714],[128.93643,37.76715],[128.93644,37.76715],[128.93639,37.76711]]]}},{"type":"Feature","id":"TN_RIVER_BNDRY:WTR0100000000AWQD","properties":{"NF_ID":"WTR0100000000AWQD","admin_code":"51150","source_layer":"TN_RIVER_BNDRY","semantic":"zone","river_class":"소하천","river_class_source":"중심선 공간조인","survey_method":"사진측량"},"geometry":{"type":"Polygon","coordinates":[[[128.94116,37.7575],[128.93955,37.75585],[128.93877,37.75481],[128.93479,37.75408],[128.93437,37.75332],[128.93474,37.75415],[128.93875,37.75488],[128.94092,37.75749],[128.94116,37.7575]]]}},{"type":"Feature","id":"TN_RIVER_BNDRY:WTR0100000000AWRE","properties":{"NF_ID":"WTR0100000000AWRE","admin_code":"51150","source_layer":"TN_RIVER_BNDRY","semantic":"zone","river_class":"소하천","river_class_source":"중심선 공간조인","survey_method":"사진측량"},"geometry":{"type":"Polygon","coordinates":[[[128.92815,37.78112],[128.92908,37.78183],[128.92837,37.78255],[128.92839,37.78321],[128.92702,37.7846],[128.92844,37.78325],[128.92861,37.78237],[128.92913,37.78186],[128.92907,37.78167],[128.92815,37.78112]]]}},{"type":"Feature","id":"TN_RIVER_BNDRY:WTR0100000000AWSF","properties":{"NF_ID":"WTR0100000000AWSF","admin_code":"51150","source_layer":"TN_RIVER_BNDRY","semantic":"zone","river_class":"소하천","river_class_source":"중심선 공간조인","survey_method":"사진측량"},"geometry":{"type":"Polygon","coordinates":[[[128.92152,37.76463],[128.92194,37.76485],[128.92265,37.76494],[128.92152,37.76463]]]}},{"type":"Feature","id":"TN_RIVER_BNDRY:WTR0100000000AWTG","properties":{"NF_ID":"WTR0100000000AWTG","admin_code":"51150","source_layer":"TN_RIVER_BNDRY","semantic":"zone","river_class":"지방하천","river_class_source":"중심선 공간조인","river_name":"경포천","river_code":"1620280","survey_method":"사진측량"},"geometry":{"type":"Polygon","coordinates":[[[128.91113,37.79709],[128.91077,37.7968],[128.91061,37.79697],[128.91073,37.79709],[128.91029,37.79734],[128.91109,37.7977],[128.91113,37.79709]]]}},{"type":"Feature","id":"TN_RIVER_BNDRY:WTR0100000000AWUH","properties":{"NF_ID":"WTR0100000000AWUH","admin_code":"51150","source_layer":"TN_RIVER_BNDRY","semantic":"zone","river_class":"소하천","river_class_source":"중심선 공간조인","survey_method":"사진측량"},"geometry":{"type":"Polygon","coordinates":[[[128.90638,37.78827],[128.90538,37.79089],[128.90725,37.79328],[128.90731,37.79314],[128.90545,37.79089],[128.90638,37.78827]]]}},{"type":"Feature","id":"TN_RIVER_BNDRY:WTR0100000000AWVI","properties":{"NF_ID":"WTR0100000000AWVI","admin_code":"51150","source_layer":"TN_RIVER_BNDRY","semantic":"zone","river_class":"소하천","river_class_source":"중심선 공간조인","survey_method":"사진측량"},"geometry":{"type":"Polygon","coordinates":[[[128.92086,37.78403],[128.92084,37.78402],[128.92081,37.78405],[128.92117,37.78428],[128.92162,37.78456],[128.92208,37.78485],[128.9226,37.78517],[128.92314,37.78551],[128.92351,37.78575],[128.92394,37.78601],[128.92418,37.78615],[128.92421,37.78612],[128.92398,37.78598],[128.92356,37.78572],[128.9233,37.78556],[128.92303,37.78539],[128.92273,37.7852],[128.92236,37.78496],[128.92204,37.78476],[128.92178,37.7846],[128.92151,37.78443],[128.92125,37.78427],[128.92104,37.78414],[128.92086,37.78403]]]}},{"type":"Feature","id":"TN_RIVER_BNDRY:WTR0100000000AWWJ","properties":{"NF_ID":"WTR0100000000AWWJ","admin_code":"51150","source_layer":"TN_RIVER_BNDRY","semantic":"zone","river_class":"소하천","river_class_source":"중심선 공간조인","survey_method":"사진측량"},"geometry":{"type":"Polygon","coordinates":[[[128.91538,37.79631],[128.91547,37.79636],[128.91548,37.79635],[128.91551,37.7963],[128.91553,37.79627],[128.91555,37.79626],[128.91571,37.79608],[128.91584,37.79593],[128.91585,37.79593],[128.91586,37.79593],[128.91588,37.79591],[128.91595,37.79586],[128.91604,37.79577],[128.91613,37.7957],[128.9162,37.79561],[128.91624,37.79556],[128.91624,37.79556],[128.91623,37.79554],[128.91616,37.7955],[128.91616,37.7955],[128.91615,37.7955],[128.91614,37.7955],[128.91609,37.79554],[128.91603,37.79559],[128.91595,37.79567],[128.91586,37.79576],[128.9158,37.79583],[128.91578,37.79585],[128.91577,37.79588],[128.91577,37.79589],[128.91576,37.79589],[128.91576,37.7959],[128.91553,37.79615],[128.9155,37.79619],[128.91539,37.7963],[128.91538,37.79631]]]}},{"type":"Feature","id":"TN_RIVER_BNDRY:WTR0100000000AWXK","properties":{"NF_ID":"WTR0100000000AWXK","admin_code":"51150","source_layer":"TN_RIVER_BNDRY","semantic":"zone","river_class":"지방하천","river_class_source":"중심선 공간조인","river_name":"경포천","river_code":"1620280","survey_method":"사진측량"},"geometry":{"type":"Polygon","coordinates":[[[128.91122,37.79768],[128.91113,37.79709],[128.91109,37.7977],[128.91122,37.79768]]]}},{"type":"Feature","id":"TN_RIVER_BNDRY:WTR0100000000AWYL","properties":{"NF_ID":"WTR0100000000AWYL","admin_code":"51150","source_layer":"TN_RIVER_BNDRY","semantic":"zone","river_class":"지방하천","river_class_source":"중심선 공간조인","river_name":"경포천","river_code":"1620280","survey_method":"사진측량"},"geometry":{"type":"Polygon","coordinates":[[[128.91547,37.79636],[128.91529,37.79681],[128.91629,37.79706],[128.9165,37.79756],[128.91716,37.79789],[128.91755,37.79733],[128.91639,37.79662],[128.91547,37.79636]]]}},{"type":"Feature","id":"TN_RIVER_BNDRY:WTR0100000000AWZM","properties":{"NF_ID":"WTR0100000000AWZM","admin_code":"51150","source_layer":"TN_RIVER_BNDRY","semantic":"zone","river_class":"지방하천","river_class_source":"중심선 공간조인","river_name":"경포천","river_code":"1620280","survey_method":"사진측량"},"geometry":{"type":"Polygon","coordinates":[[[128.91547,37.79636],[128.91502,37.79678],[128.91529,37.79681],[128.91547,37.79636]]]}},{"type":"Feature","id":"TN_RIVER_BNDRY:WTR0100000000AX0O","properties":{"NF_ID":"WTR0100000000AX0O","admin_code":"51150","source_layer":"TN_RIVER_BNDRY","semantic":"zone","river_class":"지방하천","river_class_source":"중심선 공간조인","river_name":"경포천","river_code":"1620280","survey_method":"사진측량"},"geometry":{"type":"Polygon","coordinates":[[[128.91502,37.79678],[128.91538,37.79631],[128.91415,37.79634],[128.91311,37.79701],[128.9119,37.79714],[128.912,37.7978],[128.91352,37.79732],[128.91443,37.79686],[128.91502,37.79678]]]}},{"type":"Feature","id":"TN_RIVER_BNDRY:WTR0100000000AX1P","properties":{"NF_ID":"WTR0100000000AX1P","admin_code":"51150","source_layer":"TN_RIVER_BNDRY","semantic":"zone","river_class":"지방하천","river_class_source":"중심선 공간조인","river_name":"경포천","river_code":"1620280","survey_method":"사진측량"},"geometry":{"type":"Polygon","coordinates":[[[128.912,37.7978],[128.9119,37.79714],[128.91116,37.79712],[128.91122,37.79768],[128.91161,37.79786],[128.912,37.7978]]]}},{"type":"Feature","id":"TN_RIVER_BNDRY:WTR0100000000AX2Q","properties":{"NF_ID":"WTR0100000000AX2Q","admin_code":"51150","source_layer":"TN_RIVER_BNDRY","semantic":"zone","river_class":"소하천","river_class_source":"중심선 공간조인","survey_method":"사진측량"},"geometry":{"type":"Polygon","coordinates":[[[128.92575,37.78591],[128.92573,37.7859],[128.92572,37.78591],[128.92548,37.78614],[128.92502,37.78661],[128.92501,37.78663],[128.925,37.78663],[128.925,37.78664],[128.925,37.78666],[128.925,37.78668],[128.92499,37.78669],[128.92498,37.7867],[128.92496,37.78671],[128.92492,37.78672],[128.92481,37.78682],[128.92462,37.78703],[128.92445,37.7872],[128.92436,37.78728],[128.92427,37.78736],[128.92424,37.78738],[128.92424,37.78738],[128.92417,37.78746],[128.92403,37.7876],[128.92384,37.78779],[128.92366,37.78798],[128.9235,37.78815],[128.92336,37.78829],[128.92314,37.78851],[128.92302,37.78863],[128.92286,37.7888],[128.92283,37.78883],[128.9228,37.78886],[128.92279,37.78887],[128.92271,37.78896],[128.9225,37.78917],[128.92229,37.78938],[128.92204,37.78963],[128.92197,37.78969],[128.92185,37.78983],[128.92163,37.79004],[128.92159,37.79007],[128.92148,37.7902],[128.9213,37.79038],[128.92097,37.7907],[128.92078,37.79089],[128.92059,37.79109],[128.92052,37.79116],[128.92041,37.79127],[128.92027,37.79142],[128.92014,37.79154],[128.91996,37.79172],[128.91987,37.7918],[128.91984,37.79183],[128.91984,37.79183],[128.91984,37.79185],[128.91978,37.79192],[128.91975,37.79193],[128.91974,37.79194],[128.91961,37.79207],[128.91937,37.79232],[128.91922,37.79246],[128.91906,37.79263],[128.91893,37.79276],[128.91876,37.79292],[128.91859,37.79309],[128.9184,37.79328],[128.91827,37.79341],[128.91817,37.79351],[128.91812,37.79358],[128.91812,37.79358],[128.91812,37.79358],[128.91812,37.7936],[128.91817,37.79363],[128.91818,37.79363],[128.91819,37.79362],[128.91828,37.79353],[128.91836,37.79344],[128.91854,37.79327],[128.91868,37.79313],[128.91882,37.79299],[128.91899,37.79281],[128.91913,37.79267],[128.91927,37.79253],[128.91939,37.79242],[128.91947,37.79233],[128.91959,37.79221],[128.91981,37.79198],[128.91983,37.79197],[128.91983,37.79194],[128.91989,37.79188],[128.91992,37.79187],[128.91992,37.79187],[128.92008,37.79171],[128.92035,37.79145],[128.92046,37.79133],[128.9205,37.7913],[128.92061,37.79118],[128.92079,37.791],[128.92082,37.79096],[128.92085,37.79093],[128.92101,37.79077],[128.92127,37.79052],[128.92143,37.79036],[128.92159,37.79019],[128.92172,37.79005],[128.92189,37.78988],[128.9221,37.78969],[128.9222,37.78957],[128.92247,37.7893],[128.9228,37.78897],[128.92284,37.78893],[128.92289,37.78887],[128.92302,37.78874],[128.92319,37.78856],[128.92336,37.78839],[128.92353,37.78822],[128.92373,37.788],[128.92393,37.78779],[128.92414,37.78758],[128.92426,37.78747],[128.92427,37.78745],[128.92431,37.78743],[128.92433,37.78741],[128.92441,37.78733],[128.92445,37.7873],[128.92447,37.78728],[128.92452,37.78722],[128.92484,37.78689],[128.92498,37.78675],[128.92507,37.78667],[128.9251,37.78666],[128.92514,37.78665],[128.92513,37.7866],[128.92511,37.78659],[128.92574,37.78594],[128.92575,37.78591]]]}},{"type":"Feature","id":"TN_RIVER_BNDRY:WTR0100000000AX3R","properties":{"NF_ID":"WTR0100000000AX3R","admin_code":"51150","source_layer":"TN_RIVER_BNDRY","semantic":"zone","river_class":"지방하천","river_class_source":"중심선 공간조인","river_name":"경포천","river_code":"1620280","survey_method":"사진측량"},"geometry":{"type":"Polygon","coordinates":[[[128.91109,37.7977],[128.91029,37.79734],[128.90997,37.79783],[128.90984,37.79864],[128.91038,37.79876],[128.91109,37.7977]]]}},{"type":"Feature","id":"TN_RIVER_BNDRY:WTR0100000000AX4S","properties":{"NF_ID":"WTR0100000000AX4S","admin_code":"51150","source_layer":"TN_RIVER_BNDRY","semantic":"zone","river_class":"소하천","river_class_source":"중심선 공간조인","survey_method":"사진측량"},"geometry":{"type":"Polygon","coordinates":[[[128.90371,37.80145],[128.9037,37.80144],[128.9037,37.80143],[128.90369,37.80143],[128.90367,37.80144],[128.90365,37.80144],[128.90362,37.80146],[128.90361,37.80146],[128.9036,37.80146],[128.90358,37.80147],[128.9036,37.8015],[128.90362,37.80148],[128.90362,37.80148],[128.90363,37.80147],[128.90365,37.80146],[128.90366,37.80146],[128.90367,37.80146],[128.90369,37.80145],[128.90371,37.80145]]]}},{"type":"Feature","id":"TN_RIVER_BNDRY:WTR0100000000AX5T","properties":{"NF_ID":"WTR0100000000AX5T","admin_code":"51150","source_layer":"TN_RIVER_BNDRY","semantic":"zone","river_class":"소하천","river_class_source":"중심선 공간조인","survey_method":"사진측량"},"geometry":{"type":"Polygon","coordinates":[[[128.90688,37.80404],[128.90684,37.80406],[128.90683,37.80406],[128.90681,37.80407],[128.9068,37.80407],[128.90679,37.80407],[128.90681,37.80408],[128.90682,37.80408],[128.90682,37.80409],[128.90683,37.8041],[128.90686,37.80409],[128.90687,37.80406],[128.90688,37.80404]]]}},{"type":"Feature","id":"TN_RIVER_BNDRY:WTR0100000000AX6U","properties":{"NF_ID":"WTR0100000000AX6U","admin_code":"51150","source_layer":"TN_RIVER_BNDRY","semantic":"zone","river_class":"지방하천","river_class_source":"중심선 공간조인","river_name":"위촌천","river_code":"1620290","survey_method":"사진측량"},"geometry":{"type":"Polygon","coordinates":[[[128.88418,37.77478],[128.88356,37.7745],[128.88327,37.77482],[128.88354,37.77497],[128.88418,37.77478]]]}},{"type":"Feature","id":"TN_RIVER_BNDRY:WTR0100000000AX7V","properties":{"NF_ID":"WTR0100000000AX7V","admin_code":"51150","source_layer":"TN_RIVER_BNDRY","semantic":"zone","river_class":"지방하천","river_class_source":"중심선 공간조인","river_name":"위촌천","river_code":"1620290","survey_method":"사진측량"},"geometry":{"type":"Polygon","coordinates":[[[128.88356,37.7745],[128.88418,37.77478],[128.88382,37.77428],[128.88065,37.7729],[128.87988,37.77176],[128.88103,37.77162],[128.8797,37.77172],[128.88054,37.7731],[128.88344,37.77433],[128.88356,37.7745]]]}},{"type":"Feature","id":"TN_RIVER_BNDRY:WTR0100000000AX8W","properties":{"NF_ID":"WTR0100000000AX8W","admin_code":"51150","source_layer":"TN_RIVER_BNDRY","semantic":"zone","river_class":"지방하천","river_class_source":"중심선 공간조인","river_name":"경포천","river_code":"1620280","survey_method":"사진측량"},"geometry":{"type":"Polygon","coordinates":[[[128.91029,37.79734],[128.91034,37.79703],[128.90991,37.79671],[128.90994,37.79655],[128.91061,37.79697],[128.91077,37.7968],[128.9081,37.79493],[128.90487,37.79062],[128.90424,37.79006],[128.89784,37.78677],[128.8936,37.78548],[128.89296,37.78511],[128.89208,37.78426],[128.89042,37.78359],[128.89058,37.78431],[128.89145,37.78466],[128.8925,37.78547],[128.89438,37.78644],[128.895,37.78651],[128.89504,37.78639],[128.89765,37.7871],[128.90051,37.78873],[128.90404,37.79041],[128.9083,37.79544],[128.90807,37.79582],[128.90738,37.79566],[128.90816,37.79586],[128.90839,37.79605],[128.90843,37.79728],[128.90946,37.79723],[128.9097,37.79738],[128.91009,37.79723],[128.91029,37.79734]]]}},{"type":"Feature","id":"TN_RIVER_BNDRY:WTR0100000000AX9X","properties":{"NF_ID":"WTR0100000000AX9X","admin_code":"51150","source_layer":"TN_RIVER_BNDRY","semantic":"zone","river_class":"등급미확인","survey_method":"사진측량"},"geometry":{"type":"Polygon","coordinates":[[[128.89786,37.79101],[128.89769,37.79096],[128.89755,37.79111],[128.89786,37.79101]]]}},{"type":"Feature","id":"TN_RIVER_BNDRY:WTR0100000000AXAY","properties":{"NF_ID":"WTR0100000000AXAY","admin_code":"51150","source_layer":"TN_RIVER_BNDRY","semantic":"zone","river_class":"소하천","river_class_source":"중심선 공간조인","survey_method":"사진측량"},"geometry":{"type":"Polygon","coordinates":[[[128.89769,37.79096],[128.89747,37.79078],[128.89721,37.79096],[128.89755,37.79111],[128.89769,37.79096]]]}},{"type":"Feature","id":"TN_RIVER_BNDRY:WTR0100000000AXBZ","properties":{"NF_ID":"WTR0100000000AXBZ","admin_code":"51150","source_layer":"TN_RIVER_BNDRY","semantic":"zone","river_class":"소하천","river_class_source":"중심선 공간조인","survey_method":"사진측량"},"geometry":{"type":"Polygon","coordinates":[[[128.89755,37.79111],[128.89743,37.79104],[128.89675,37.79188],[128.89686,37.79193],[128.89755,37.79111]]]}},{"type":"Feature","id":"TN_RIVER_BNDRY:WTR0100000000AXC0","properties":{"NF_ID":"WTR0100000000AXC0","admin_code":"51150","source_layer":"TN_RIVER_BNDRY","semantic":"zone","river_class":"소하천","river_class_source":"중심선 공간조인","survey_method":"사진측량"},"geometry":{"type":"Polygon","coordinates":[[[128.89759,37.79088],[128.89769,37.79096],[128.89807,37.79059],[128.89883,37.79022],[128.89968,37.79019],[128.90497,37.79285],[128.9062,37.79343],[128.90642,37.7934],[128.89969,37.79011],[128.89887,37.78996],[128.89889,37.79011],[128.89813,37.79043],[128.89759,37.79088]]]}},{"type":"Feature","id":"TN_RIVER_BNDRY:WTR0100000000AXD1","properties":{"NF_ID":"WTR0100000000AXD1","admin_code":"51150","source_layer":"TN_RIVER_BNDRY","semantic":"zone","river_class":"소하천","river_class_source":"중심선 공간조인","survey_method":"사진측량"},"geometry":{"type":"Polygon","coordinates":[[[128.89686,37.79193],[128.89675,37.79188],[128.89674,37.79192],[128.89675,37.79193],[128.89677,37.79194],[128.89679,37.79194],[128.89682,37.79195],[128.89684,37.79196],[128.89686,37.79193]]]}},{"type":"Feature","id":"TN_RIVER_BNDRY:WTR0100000000AXE2","properties":{"NF_ID":"WTR0100000000AXE2","admin_code":"51150","source_layer":"TN_RIVER_BNDRY","semantic":"zone","river_class":"소하천","river_class_source":"중심선 공간조인","survey_method":"사진측량"},"geometry":{"type":"Polygon","coordinates":[[[128.89415,37.78358],[128.89412,37.78358],[128.89411,37.78361],[128.89414,37.78361],[128.89415,37.78358]]]}},{"type":"Feature","id":"TN_RIVER_BNDRY:WTR0100000000AXF3","properties":{"NF_ID":"WTR0100000000AXF3","admin_code":"51150","source_layer":"TN_RIVER_BNDRY","semantic":"zone","river_class":"소하천","river_class_source":"중심선 공간조인","survey_method":"사진측량"},"geometry":{"type":"Polygon","coordinates":[[[128.89412,37.78358],[128.89301,37.78321],[128.89324,37.7834],[128.89412,37.78358]]]}},{"type":"Feature","id":"TN_RIVER_BNDRY:WTR0100000000AXG4","properties":{"NF_ID":"WTR0100000000AXG4","admin_code":"51150","source_layer":"TN_RIVER_BNDRY","semantic":"zone","river_class":"소하천","river_class_source":"중심선 공간조인","survey_method":"사진측량"},"geometry":{"type":"Polygon","coordinates":[[[128.89675,37.79188],[128.89359,37.79088],[128.88679,37.78909],[128.89675,37.79188]]]}},{"type":"Feature","id":"TN_RIVER_BNDRY:WTR0100000000AXH5","properties":{"NF_ID":"WTR0100000000AXH5","admin_code":"51150","source_layer":"TN_RIVER_BNDRY","semantic":"zone","river_class":"소하천","river_class_source":"중심선 공간조인","survey_method":"사진측량"},"geometry":{"type":"Polygon","coordinates":[[[128.89702,37.79199],[128.89698,37.79198],[128.89687,37.79194],[128.89686,37.79193],[128.89684,37.79196],[128.89688,37.79197],[128.89701,37.79201],[128.89701,37.792],[128.89701,37.792],[128.89702,37.79199],[128.89702,37.79199]]]}},{"type":"Feature","id":"TN_RIVER_BNDRY:WTR0100000000AXI6","properties":{"NF_ID":"WTR0100000000AXI6","admin_code":"51150","source_layer":"TN_RIVER_BNDRY","semantic":"zone","river_class":"지방하천","river_class_source":"중심선 공간조인","river_name":"경포천","river_code":"1620280","survey_method":"사진측량"},"geometry":{"type":"Polygon","coordinates":[[[128.89042,37.78359],[128.88941,37.78336],[128.88945,37.78389],[128.89058,37.78431],[128.89042,37.78359]]]}},{"type":"Feature","id":"TN_RIVER_BNDRY:WTR0100000000AXJ7","properties":{"NF_ID":"WTR0100000000AXJ7","admin_code":"51150","source_layer":"TN_RIVER_BNDRY","semantic":"zone","river_class":"소하천","river_class_source":"중심선 공간조인","survey_method":"사진측량"},"geometry":{"type":"Polygon","coordinates":[[[128.89415,37.78358],[128.90456,37.78601],[128.90664,37.78782],[128.90892,37.78951],[128.90731,37.79336],[128.90752,37.7937],[128.90737,37.79399],[128.90836,37.79513],[128.9112,37.79701],[128.91116,37.79712],[128.9119,37.79714],[128.91121,37.79667],[128.91159,37.79648],[128.91062,37.79627],[128.90981,37.79581],[128.90871,37.79504],[128.9077,37.7939],[128.90926,37.78955],[128.90906,37.78925],[128.90493,37.78605],[128.90462,37.78585],[128.90332,37.78555],[128.89415,37.78358]]]}},{"type":"Feature","id":"TN_RIVER_BNDRY:WTR0100000000AXK8","properties":{"NF_ID":"WTR0100000000AXK8","admin_code":"51150","source_layer":"TN_RIVER_BNDRY","semantic":"zone","river_class":"지방하천","river_class_source":"중심선 공간조인","river_name":"위촌천","river_code":"1620290","survey_method":"사진측량"},"geometry":{"type":"Polygon","coordinates":[[[128.88418,37.77478],[128.88354,37.77497],[128.88425,37.77607],[128.88468,37.77803],[128.88541,37.77871],[128.88517,37.77887],[128.88549,37.77923],[128.88576,37.77909],[128.88697,37.78042],[128.88873,37.78168],[128.88935,37.78286],[128.88941,37.78336],[128.89042,37.78359],[128.88977,37.78311],[128.88893,37.78145],[128.88716,37.78023],[128.88513,37.77767],[128.88488,37.77604],[128.88418,37.77478]]]}},{"type":"Feature","id":"TN_RIVER_BNDRY:WTR0100000000AXL9","properties":{"NF_ID":"WTR0100000000AXL9","admin_code":"51150","source_layer":"TN_RIVER_BNDRY","semantic":"zone","river_class":"지방하천","river_class_source":"중심선 공간조인","river_name":"경포천","river_code":"1620280","survey_method":"사진측량"},"geometry":{"type":"Polygon","coordinates":[[[128.90679,37.80407],[128.90843,37.8032],[128.91033,37.80155],[128.91112,37.80012],[128.91108,37.79923],[128.91056,37.79879],[128.90835,37.79853],[128.90785,37.79823],[128.90744,37.79574],[128.90586,37.79345],[128.8998,37.79039],[128.89927,37.79029],[128.89878,37.79039],[128.89771,37.7911],[128.89682,37.79239],[128.89678,37.79267],[128.89697,37.79273],[128.89674,37.79276],[128.89749,37.79503],[128.89744,37.79605],[128.89764,37.79673],[128.89845,37.79781],[128.89938,37.79866],[128.90345,37.80118],[128.90533,37.80354],[128.90618,37.80408],[128.90615,37.80398],[128.90635,37.8041],[128.90679,37.80407]]]}},{"type":"Feature","id":"TN_RIVER_BNDRY:WTR0100000000AXMA","properties":{"NF_ID":"WTR0100000000AXMA","admin_code":"51150","source_layer":"TN_RIVER_BNDRY","semantic":"zone","river_class":"소하천","river_class_source":"중심선 공간조인","survey_method":"사진측량"},"geometry":{"type":"Polygon","coordinates":[[[128.88,37.80057],[128.87961,37.80047],[128.87941,37.80014],[128.87982,37.79968],[128.87958,37.79897],[128.87885,37.79893],[128.87886,37.79917],[128.87941,37.79913],[128.87967,37.79942],[128.87948,37.79967],[128.87968,37.79982],[128.87936,37.80007],[128.87969,37.80101],[128.88005,37.80127],[128.88019,37.80084],[128.88,37.80057]]]}},{"type":"Feature","id":"TN_RIVER_BNDRY:WTR0100000000AXNB","properties":{"NF_ID":"WTR0100000000AXNB","admin_code":"51150","source_layer":"TN_RIVER_BNDRY","semantic":"zone","river_class":"소하천","river_class_source":"중심선 공간조인","survey_method":"사진측량"},"geometry":{"type":"Polygon","coordinates":[[[128.88675,37.79915],[128.8867,37.79859],[128.88593,37.79865],[128.8853,37.79832],[128.88513,37.79784],[128.88434,37.79767],[128.8849,37.79791],[128.88544,37.79847],[128.88614,37.79872],[128.88619,37.79911],[128.88658,37.7992],[128.88634,37.80003],[128.88649,37.80044],[128.88678,37.80034],[128.88675,37.79915]]]}},{"type":"Feature","id":"TN_RIVER_BNDRY:WTR0100000000AXOC","properties":{"NF_ID":"WTR0100000000AXOC","admin_code":"51150","source_layer":"TN_RIVER_BNDRY","semantic":"zone","river_class":"지방하천","river_class_source":"중심선 공간조인","river_name":"안현천","river_code":"1620270","survey_method":"사진측량"},"geometry":{"type":"Polygon","coordinates":[[[128.89287,37.80595],[128.89275,37.80574],[128.8914,37.80638],[128.89017,37.8065],[128.88894,37.80636],[128.88708,37.80581],[128.88617,37.80585],[128.88466,37.80699],[128.88397,37.80812],[128.88247,37.80862],[128.88057,37.81102],[128.87952,37.81133],[128.87878,37.81139],[128.87843,37.81158],[128.88016,37.81135],[128.88082,37.81105],[128.88256,37.80877],[128.88363,37.80857],[128.88414,37.80828],[128.88491,37.80706],[128.8864,37.80603],[128.88724,37.80599],[128.88891,37.80653],[128.89012,37.80667],[128.89168,37.80644],[128.89287,37.80595]]]}},{"type":"Feature","id":"TN_RIVER_BNDRY:WTR0100000000AXPD","properties":{"NF_ID":"WTR0100000000AXPD","admin_code":"51150","source_layer":"TN_RIVER_BNDRY","semantic":"zone","river_class":"소하천","river_class_source":"중심선 공간조인","survey_method":"사진측량"},"geometry":{"type":"Polygon","coordinates":[[[128.89896,37.80607],[128.89958,37.80604],[128.90087,37.80544],[128.90131,37.80517],[128.9015,37.80464],[128.90137,37.80452],[128.90118,37.80523],[128.89958,37.80599],[128.89874,37.80608],[128.89852,37.80641],[128.89896,37.80607]]]}},{"type":"Feature","id":"TN_RIVER_BNDRY:WTR0100000000AXQE","properties":{"NF_ID":"WTR0100000000AXQE","admin_code":"51150","source_layer":"TN_RIVER_BNDRY","semantic":"zone","river_class":"지방하천","river_class_source":"중심선 공간조인","river_name":"안현천","river_code":"1620270","survey_method":"사진측량"},"geometry":{"type":"Polygon","coordinates":[[[128.87856,37.81169],[128.87856,37.81168],[128.87856,37.81165],[128.87857,37.81163],[128.87843,37.81158],[128.87847,37.81174],[128.87856,37.81169]]]}},{"type":"Feature","id":"TN_RIVER_BNDRY:WTR0100000000AXRF","properties":{"NF_ID":"WTR0100000000AXRF","admin_code":"51150","source_layer":"TN_RIVER_BNDRY","semantic":"zone","river_class":"소하천","river_class_source":"중심선 공간조인","survey_method":"사진측량"},"geometry":{"type":"Polygon","coordinates":[[[128.87541,37.80208],[128.87529,37.80202],[128.87528,37.80212],[128.87617,37.80248],[128.87767,37.80278],[128.87859,37.80377],[128.87776,37.80279],[128.8762,37.80245],[128.87541,37.80208]]]}},{"type":"Feature","id":"TN_RIVER_BNDRY:WTR0100000000AXSG","properties":{"NF_ID":"WTR0100000000AXSG","admin_code":"51150","source_layer":"TN_RIVER_BNDRY","semantic":"zone","river_class":"소하천","river_class_source":"중심선 공간조인","survey_method":"사진측량"},"geometry":{"type":"Polygon","coordinates":[[[128.89285,37.8057],[128.89203,37.80425],[128.8922,37.8037],[128.89193,37.80332],[128.89122,37.80297],[128.89042,37.80281],[128.88931,37.80296],[128.88822,37.80215],[128.88735,37.80176],[128.88663,37.80198],[128.88595,37.80296],[128.88538,37.80336],[128.88275,37.80445],[128.88282,37.80459],[128.88298,37.80456],[128.88394,37.80399],[128.88529,37.8035],[128.88595,37.80305],[128.88664,37.80205],[128.88734,37.80186],[128.88823,37.80227],[128.88933,37.80306],[128.89049,37.80292],[128.89184,37.8034],[128.89207,37.80368],[128.89189,37.80417],[128.89198,37.80443],[128.89256,37.80547],[128.89285,37.8057]]]}},{"type":"Feature","id":"TN_RIVER_BNDRY:WTR0100000000AXTH","properties":{"NF_ID":"WTR0100000000AXTH","admin_code":"51150","source_layer":"TN_RIVER_BNDRY","semantic":"zone","river_class":"지방하천","river_class_source":"중심선 공간조인","river_name":"안현천","river_code":"1620270","survey_method":"사진측량"},"geometry":{"type":"Polygon","coordinates":[[[128.89315,37.80589],[128.89275,37.80574],[128.89287,37.80595],[128.89315,37.80589]]]}},{"type":"Feature","id":"TN_RIVER_BNDRY:WTR0100000000AXUI","properties":{"NF_ID":"WTR0100000000AXUI","admin_code":"51150","source_layer":"TN_RIVER_BNDRY","semantic":"zone","river_class":"지방하천","river_class_source":"중심선 공간조인","river_name":"안현천","river_code":"1620270","survey_method":"사진측량"},"geometry":{"type":"Polygon","coordinates":[[[128.89285,37.8057],[128.89315,37.80589],[128.89414,37.80572],[128.89517,37.80575],[128.89905,37.80728],[128.89957,37.80782],[128.90008,37.80883],[128.90155,37.80985],[128.90194,37.80981],[128.90059,37.80886],[128.89969,37.80748],[128.89926,37.8071],[128.89528,37.80552],[128.89398,37.80543],[128.89285,37.8057]]]}},{"type":"Feature","id":"TN_RIVER_BNDRY:WTR0100000000AXVJ","properties":{"NF_ID":"WTR0100000000AXVJ","admin_code":"51150","source_layer":"TN_RIVER_BNDRY","semantic":"zone","river_class":"소하천","river_class_source":"중심선 공간조인","survey_method":"사진측량"},"geometry":{"type":"Polygon","coordinates":[[[128.87655,37.82805],[128.87653,37.82802],[128.87646,37.82803],[128.87647,37.82808],[128.87655,37.82805]]]}},{"type":"Feature","id":"TN_RIVER_BNDRY:WTR0100000000AXWK","properties":{"NF_ID":"WTR0100000000AXWK","admin_code":"51150","source_layer":"TN_RIVER_BNDRY","semantic":"zone","river_class":"소하천","river_class_source":"중심선 공간조인","survey_method":"사진측량"},"geometry":{"type":"Polygon","coordinates":[[[128.86625,37.75835],[128.86626,37.75829],[128.86618,37.75829],[128.86618,37.75832],[128.86618,37.75836],[128.86625,37.75835]]]}},{"type":"Feature","id":"TN_RIVER_BNDRY:WTR0100000000AXXL","properties":{"NF_ID":"WTR0100000000AXXL","admin_code":"51150","source_layer":"TN_RIVER_BNDRY","semantic":"zone","river_class":"소하천","river_class_source":"중심선 공간조인","survey_method":"사진측량"},"geometry":{"type":"Polygon","coordinates":[[[128.86618,37.75829],[128.86644,37.75575],[128.86623,37.7547],[128.86637,37.75558],[128.86618,37.75829]]]}},{"type":"Feature","id":"TN_RIVER_BNDRY:WTR0100000000AXYM","properties":{"NF_ID":"WTR0100000000AXYM","admin_code":"51150","source_layer":"TN_RIVER_BNDRY","semantic":"zone","river_class":"소하천","river_class_source":"중심선 공간조인","survey_method":"사진측량"},"geometry":{"type":"Polygon","coordinates":[[[128.86625,37.75835],[128.86618,37.75836],[128.86617,37.75854],[128.86616,37.7586],[128.86616,37.75863],[128.86615,37.75864],[128.86614,37.75865],[128.86613,37.75866],[128.86611,37.75867],[128.86608,37.75867],[128.86606,37.75868],[128.86606,37.75869],[128.86611,37.75871],[128.86616,37.75866],[128.86618,37.75864],[128.86621,37.75862],[128.86622,37.75841],[128.86622,37.7584],[128.86624,37.75837],[128.86625,37.75835]]]}},{"type":"Feature","id":"TN_RIVER_BNDRY:WTR0100000000AXZN","properties":{"NF_ID":"WTR0100000000AXZN","admin_code":"51150","source_layer":"TN_RIVER_BNDRY","semantic":"zone","river_class":"소하천","river_class_source":"중심선 공간조인","survey_method":"사진측량"},"geometry":{"type":"Polygon","coordinates":[[[128.86626,37.75829],[128.8711,37.75837],[128.87149,37.75852],[128.87194,37.75919],[128.87236,37.75858],[128.87224,37.75847],[128.87046,37.75828],[128.86626,37.75829]]]}},{"type":"Feature","id":"TN_RIVER_BNDRY:WTR0100000000AY0P","properties":{"NF_ID":"WTR0100000000AY0P","admin_code":"51150","source_layer":"TN_RIVER_BNDRY","semantic":"zone","river_class":"지방하천","river_class_source":"중심선 공간조인","river_name":"위촌천","river_code":"1620290","survey_method":"사진측량"},"geometry":{"type":"Polygon","coordinates":[[[128.85923,37.7714],[128.85798,37.77157],[128.8581,37.77171],[128.85914,37.77176],[128.85923,37.7714]]]}},{"type":"Feature","id":"TN_RIVER_BNDRY:WTR0100000000AY1Q","properties":{"NF_ID":"WTR0100000000AY1Q","admin_code":"51150","source_layer":"TN_RIVER_BNDRY","semantic":"zone","river_class":"소하천","river_class_source":"중심선 공간조인","survey_method":"사진측량"},"geometry":{"type":"Polygon","coordinates":[[[128.8581,37.77171],[128.85727,37.77134],[128.85663,37.77163],[128.85623,37.77153],[128.855,37.77208],[128.85447,37.77203],[128.85398,37.77223],[128.85498,37.7721],[128.85617,37.77158],[128.85663,37.77165],[128.85725,37.77137],[128.8581,37.77171]]]}},{"type":"Feature","id":"TN_RIVER_BNDRY:WTR0100000000AY2R","properties":{"NF_ID":"WTR0100000000AY2R","admin_code":"51150","source_layer":"TN_RIVER_BNDRY","semantic":"zone","river_class":"소하천","river_class_source":"중심선 공간조인","survey_method":"사진측량"},"geometry":{"type":"Polygon","coordinates":[[[128.85876,37.80174],[128.85799,37.80169],[128.85586,37.80192],[128.85857,37.80173],[128.85983,37.80222],[128.85876,37.80174]]]}},{"type":"Feature","id":"TN_RIVER_BNDRY:WTR0100000000AY3S","properties":{"NF_ID":"WTR0100000000AY3S","admin_code":"51150","source_layer":"TN_RIVER_BNDRY","semantic":"zone","river_class":"소하천","river_class_source":"중심선 공간조인","survey_method":"사진측량"},"geometry":{"type":"Polygon","coordinates":[[[128.8661,37.80338],[128.86603,37.80334],[128.86593,37.8034],[128.86575,37.80348],[128.86561,37.80353],[128.8657,37.80353],[128.86571,37.80352],[128.86574,37.80352],[128.86607,37.80339],[128.86609,37.80338],[128.8661,37.80338]]]}},{"type":"Feature","id":"TN_RIVER_BNDRY:WTR0100000000AY4T","properties":{"NF_ID":"WTR0100000000AY4T","admin_code":"51150","source_layer":"TN_RIVER_BNDRY","semantic":"zone","river_class":"소하천","river_class_source":"중심선 공간조인","survey_method":"사진측량"},"geometry":{"type":"Polygon","coordinates":[[[128.86611,37.80335],[128.86607,37.80331],[128.86603,37.80334],[128.8661,37.80338],[128.86611,37.80335]]]}},{"type":"Feature","id":"TN_RIVER_BNDRY:WTR0100000000AY5U","properties":{"NF_ID":"WTR0100000000AY5U","admin_code":"51150","source_layer":"TN_RIVER_BNDRY","semantic":"zone","river_class":"소하천","river_class_source":"중심선 공간조인","survey_method":"사진측량"},"geometry":{"type":"Polygon","coordinates":[[[128.86611,37.80335],[128.86755,37.80405],[128.86763,37.80375],[128.86801,37.80358],[128.86987,37.80347],[128.87239,37.80267],[128.87435,37.80282],[128.87251,37.80262],[128.8698,37.80345],[128.86809,37.8035],[128.86761,37.80371],[128.86751,37.804],[128.86611,37.80335]]]}},{"type":"Feature","id":"TN_RIVER_BNDRY:WTR0100000000AY6V","properties":{"NF_ID":"WTR0100000000AY6V","admin_code":"51150","source_layer":"TN_RIVER_BNDRY","semantic":"zone","river_class":"소하천","river_class_source":"중심선 공간조인","survey_method":"사진측량"},"geometry":{"type":"Polygon","coordinates":[[[128.86607,37.80331],[128.86607,37.8033],[128.86607,37.80328],[128.86607,37.80327],[128.86613,37.80312],[128.86618,37.80297],[128.86618,37.80296],[128.86624,37.80286],[128.86627,37.80281],[128.86628,37.80279],[128.86628,37.80275],[128.86628,37.80273],[128.86627,37.80272],[128.86624,37.80274],[128.86623,37.80275],[128.86624,37.80276],[128.86623,37.8028],[128.86623,37.80281],[128.8662,37.80286],[128.86614,37.80295],[128.86613,37.80296],[128.86604,37.80323],[128.86604,37.80327],[128.86603,37.80331],[128.86603,37.80333],[128.86603,37.80334],[128.86607,37.80331]]]}},{"type":"Feature","id":"TN_RIVER_BNDRY:WTR0100000000AY7W","properties":{"NF_ID":"WTR0100000000AY7W","admin_code":"51150","source_layer":"TN_RIVER_BNDRY","semantic":"zone","river_class":"지방하천","river_class_source":"중심선 공간조인","river_name":"안현천","river_code":"1620270","survey_method":"사진측량"},"geometry":{"type":"Polygon","coordinates":[[[128.87856,37.81169],[128.87854,37.81226],[128.87762,37.81267],[128.87618,37.81249],[128.87466,37.81255],[128.87378,37.81286],[128.87326,37.81343],[128.87256,37.81368],[128.87236,37.81422],[128.87188,37.81448],[128.87127,37.81572],[128.87036,37.81558],[128.87047,37.815],[128.87007,37.8149],[128.86815,37.81541],[128.86705,37.81596],[128.86526,37.81644],[128.86434,37.81613],[128.86361,37.81614],[128.86329,37.81532],[128.86276,37.81546],[128.86212,37.8153],[128.86172,37.8154],[128.86056,37.81496],[128.85948,37.81479],[128.85832,37.81515],[128.85818,37.81479],[128.85735,37.8143],[128.85656,37.81393],[128.85605,37.81406],[128.85586,37.81361],[128.85522,37.81348],[128.8545,37.8131],[128.85587,37.81368],[128.85606,37.81409],[128.85653,37.81397],[128.85727,37.8143],[128.85813,37.81479],[128.85828,37.81518],[128.85957,37.81485],[128.86091,37.81511],[128.8617,37.81543],[128.86212,37.81535],[128.86286,37.81549],[128.86327,37.81537],[128.86358,37.81618],[128.86427,37.81616],[128.86526,37.81649],[128.86714,37.81601],[128.86807,37.81553],[128.86911,37.81534],[128.86998,37.81501],[128.87031,37.81508],[128.87039,37.81563],[128.87137,37.81582],[128.87144,37.81535],[128.87192,37.81449],[128.87236,37.81427],[128.8726,37.8137],[128.87327,37.81345],[128.87381,37.81288],[128.87466,37.81258],[128.87616,37.81252],[128.87755,37.81273],[128.87825,37.81253],[128.87858,37.81227],[128.87856,37.81169]]]}},{"type":"Feature","id":"TN_RIVER_BNDRY:WTR0100000000AY8X","properties":{"NF_ID":"WTR0100000000AY8X","admin_code":"51150","source_layer":"TN_RIVER_BNDRY","semantic":"zone","river_class":"소하천","river_class_source":"중심선 공간조인","survey_method":"사진측량"},"geometry":{"type":"Polygon","coordinates":[[[128.87847,37.81174],[128.87843,37.81158],[128.87834,37.81177],[128.87768,37.81192],[128.87703,37.8118],[128.87646,37.81188],[128.87424,37.81128],[128.87221,37.81187],[128.87424,37.81133],[128.87513,37.81145],[128.87649,37.81192],[128.87769,37.81193],[128.87847,37.81174]]]}},{"type":"Feature","id":"TN_RIVER_BNDRY:WTR0100000000AY9Y","properties":{"NF_ID":"WTR0100000000AY9Y","admin_code":"51150","source_layer":"TN_RIVER_BNDRY","semantic":"zone","river_class":"지방하천","river_class_source":"중심선 공간조인","river_name":"사천천","river_code":"1620260","survey_method":"사진측량"},"geometry":{"type":"Polygon","coordinates":[[[128.87438,37.83256],[128.87309,37.83324],[128.87545,37.8344],[128.8762,37.83369],[128.87438,37.83256]]]}},{"type":"Feature","id":"TN_RIVER_BNDRY:WTR0100000000AYAZ","properties":{"NF_ID":"WTR0100000000AYAZ","admin_code":"51150","source_layer":"TN_RIVER_BNDRY","semantic":"zone","river_class":"소하천","river_class_source":"중심선 공간조인","survey_method":"사진측량"},"geometry":{"type":"Polygon","coordinates":[[[128.86566,37.82582],[128.86559,37.82573],[128.86504,37.825],[128.86474,37.82461],[128.8646,37.82444],[128.86435,37.8241],[128.86406,37.82374],[128.86405,37.82374],[128.86404,37.82375],[128.86405,37.82376],[128.86406,37.82378],[128.86412,37.82385],[128.86421,37.82397],[128.86445,37.82429],[128.86471,37.82463],[128.86493,37.82493],[128.86498,37.825],[128.86536,37.8255],[128.86557,37.82579],[128.86563,37.82586],[128.86563,37.82586],[128.86566,37.82582]]]}},{"type":"Feature","id":"TN_RIVER_BNDRY:WTR0100000000AYB0","properties":{"NF_ID":"WTR0100000000AYB0","admin_code":"51150","source_layer":"TN_RIVER_BNDRY","semantic":"zone","river_class":"소하천","river_class_source":"중심선 공간조인","survey_method":"사진측량"},"geometry":{"type":"Polygon","coordinates":[[[128.86747,37.84709],[128.86786,37.84732],[128.86823,37.84725],[128.86895,37.84665],[128.86975,37.8465],[128.86868,37.84654],[128.8682,37.84705],[128.86752,37.84695],[128.86606,37.8478],[128.86664,37.84763],[128.86747,37.84709]]]}},{"type":"Feature","id":"TN_RIVER_BNDRY:WTR0100000000AYC1","properties":{"NF_ID":"WTR0100000000AYC1","admin_code":"51150","source_layer":"TN_RIVER_BNDRY","semantic":"zone","river_class":"소하천","river_class_source":"중심선 공간조인","survey_method":"사진측량"},"geometry":{"type":"Polygon","coordinates":[[[128.86563,37.84793],[128.86573,37.84781],[128.86533,37.84788],[128.86541,37.84801],[128.86563,37.84793]]]}},{"type":"Feature","id":"TN_RIVER_BNDRY:WTR0100000000AYD2","properties":{"NF_ID":"WTR0100000000AYD2","admin_code":"51150","source_layer":"TN_RIVER_BNDRY","semantic":"zone","river_class":"소하천","river_class_source":"중심선 공간조인","survey_method":"사진측량"},"geometry":{"type":"Polygon","coordinates":[[[128.86485,37.84796],[128.8649,37.8481],[128.86521,37.84815],[128.86514,37.84794],[128.86485,37.84796]]]}},{"type":"Feature","id":"TN_RIVER_BNDRY:WTR0100000000AYE3","properties":{"NF_ID":"WTR0100000000AYE3","admin_code":"51150","source_layer":"TN_RIVER_BNDRY","semantic":"zone","river_class":"소하천","river_class_source":"중심선 공간조인","survey_method":"사진측량"},"geometry":{"type":"Polygon","coordinates":[[[128.87268,37.83712],[128.8743,37.8373],[128.87301,37.83707],[128.87234,37.83715],[128.87168,37.83861],[128.87229,37.83725],[128.87268,37.83712]]]}},{"type":"Feature","id":"TN_RIVER_BNDRY:WTR0100000000AYF4","properties":{"NF_ID":"WTR0100000000AYF4","admin_code":"51150","source_layer":"TN_RIVER_BNDRY","semantic":"zone","river_class":"소하천","river_class_source":"중심선 공간조인","survey_method":"사진측량"},"geometry":{"type":"Polygon","coordinates":[[[128.87655,37.82805],[128.87663,37.82917],[128.87613,37.83051],[128.87483,37.83169],[128.87449,37.83163],[128.87445,37.83203],[128.87416,37.83228],[128.87438,37.83256],[128.87425,37.83237],[128.87441,37.83217],[128.87621,37.83051],[128.87672,37.8291],[128.87655,37.82805]]]}},{"type":"Feature","id":"TN_RIVER_BNDRY:WTR0100000000AYG5","properties":{"NF_ID":"WTR0100000000AYG5","admin_code":"51150","source_layer":"TN_RIVER_BNDRY","semantic":"zone","river_class":"소하천","river_class_source":"중심선 공간조인","survey_method":"사진측량"},"geometry":{"type":"Polygon","coordinates":[[[128.87646,37.82803],[128.86865,37.82681],[128.86565,37.8259],[128.86843,37.8268],[128.87646,37.82803]]]}},{"type":"Feature","id":"TN_RIVER_BNDRY:WTR0100000000AYH6","properties":{"NF_ID":"WTR0100000000AYH6","admin_code":"51150","source_layer":"TN_RIVER_BNDRY","semantic":"zone","river_class":"소하천","river_class_source":"중심선 공간조인","survey_method":"사진측량"},"geometry":{"type":"Polygon","coordinates":[[[128.87653,37.82802],[128.87605,37.82705],[128.87498,37.8262],[128.87299,37.82546],[128.87069,37.82548],[128.87303,37.82549],[128.87518,37.82634],[128.87595,37.82704],[128.87653,37.82802]]]}},{"type":"Feature","id":"TN_RIVER_BNDRY:WTR0100000000AYI7","properties":{"NF_ID":"WTR0100000000AYI7","admin_code":"51150","source_layer":"TN_RIVER_BNDRY","semantic":"zone","river_class":"지방하천","river_class_source":"중심선 공간조인","river_name":"사천천","river_code":"1620260","survey_method":"사진측량"},"geometry":{"type":"Polygon","coordinates":[[[128.87249,37.83311],[128.87416,37.83228],[128.8737,37.83207],[128.86423,37.83297],[128.86247,37.83303],[128.86086,37.83279],[128.85969,37.83232],[128.8567,37.83147],[128.85558,37.83093],[128.85521,37.83058],[128.85312,37.82638],[128.85219,37.82575],[128.85102,37.82551],[128.85105,37.82635],[128.85178,37.82654],[128.85234,37.82699],[128.85409,37.83045],[128.85484,37.83128],[128.85556,37.83168],[128.86153,37.834],[128.86281,37.83417],[128.86609,37.83387],[128.86723,37.83357],[128.86875,37.83341],[128.87084,37.8334],[128.87086,37.8332],[128.87096,37.83337],[128.87124,37.83321],[128.87249,37.83311]]]}},{"type":"Feature","id":"TN_RIVER_BNDRY:WTR0100000000AYJ8","properties":{"NF_ID":"WTR0100000000AYJ8","admin_code":"51150","source_layer":"TN_RIVER_BNDRY","semantic":"zone","river_class":"소하천","river_class_source":"중심선 공간조인","survey_method":"사진측량"},"geometry":{"type":"Polygon","coordinates":[[[128.87309,37.83324],[128.87249,37.83311],[128.87229,37.83356],[128.87246,37.83336],[128.87299,37.83337],[128.87309,37.83324]]]}},{"type":"Feature","id":"TN_RIVER_BNDRY:WTR0100000000AYK9","properties":{"NF_ID":"WTR0100000000AYK9","admin_code":"51150","source_layer":"TN_RIVER_BNDRY","semantic":"zone","river_class":"소하천","river_class_source":"중심선 공간조인","survey_method":"사진측량"},"geometry":{"type":"Polygon","coordinates":[[[128.87226,37.83343],[128.87212,37.83352],[128.87229,37.83356],[128.87226,37.83343]]]}},{"type":"Feature","id":"TN_RIVER_BNDRY:WTR0100000000AYLA","properties":{"NF_ID":"WTR0100000000AYLA","admin_code":"51150","source_layer":"TN_RIVER_BNDRY","semantic":"zone","river_class":"소하천","river_class_source":"중심선 공간조인","survey_method":"사진측량"},"geometry":{"type":"Polygon","coordinates":[[[128.87212,37.83352],[128.8653,37.83406],[128.86365,37.83431],[128.86172,37.83422],[128.85504,37.83164],[128.85413,37.83083],[128.85329,37.82931],[128.85407,37.8308],[128.85515,37.83173],[128.86173,37.83427],[128.86376,37.83434],[128.87212,37.83352]]]}},{"type":"Feature","id":"TN_RIVER_BNDRY:WTR0100000000AYMB","properties":{"NF_ID":"WTR0100000000AYMB","admin_code":"51150","source_layer":"TN_RIVER_BNDRY","semantic":"zone","river_class":"소하천","river_class_source":"중심선 공간조인","survey_method":"사진측량"},"geometry":{"type":"Polygon","coordinates":[[[128.87229,37.83356],[128.87212,37.83352],[128.87201,37.83436],[128.87219,37.83442],[128.8719,37.83512],[128.87261,37.83382],[128.87229,37.83356]]]}},{"type":"Feature","id":"TN_RIVER_BNDRY:WTR0100000000AYNC","properties":{"NF_ID":"WTR0100000000AYNC","admin_code":"51150","source_layer":"TN_RIVER_BNDRY","semantic":"zone","river_class":"지방하천","river_class_source":"중심선 공간조인","river_name":"사천천","river_code":"1620260","survey_method":"사진측량"},"geometry":{"type":"Polygon","coordinates":[[[128.87438,37.83256],[128.87416,37.83228],[128.87249,37.83311],[128.87309,37.83324],[128.87438,37.83256]]]}},{"type":"Feature","id":"TN_RIVER_BNDRY:WTR0100000000AYOD","properties":{"NF_ID":"WTR0100000000AYOD","admin_code":"51150","source_layer":"TN_RIVER_BNDRY","semantic":"zone","river_class":"소하천","river_class_source":"중심선 공간조인","survey_method":"사진측량"},"geometry":{"type":"Polygon","coordinates":[[[128.86565,37.8259],[128.8653,37.82619],[128.8646,37.8264],[128.86532,37.82622],[128.86565,37.8259]]]}},{"type":"Feature","id":"TN_RIVER_BNDRY:WTR0100000000AYPE","properties":{"NF_ID":"WTR0100000000AYPE","admin_code":"51150","source_layer":"TN_RIVER_BNDRY","semantic":"zone","river_class":"소하천","river_class_source":"중심선 공간조인","survey_method":"사진측량"},"geometry":{"type":"Polygon","coordinates":[[[128.86571,37.82586],[128.86567,37.82584],[128.86566,37.82583],[128.86566,37.82582],[128.86563,37.82586],[128.86565,37.8259],[128.86571,37.82586]]]}},{"type":"Feature","id":"TN_RIVER_BNDRY:WTR0100000000AYQF","properties":{"NF_ID":"WTR0100000000AYQF","admin_code":"51150","source_layer":"TN_RIVER_BNDRY","semantic":"zone","river_class":"소하천","river_class_source":"중심선 공간조인","survey_method":"사진측량"},"geometry":{"type":"Polygon","coordinates":[[[128.86485,37.84796],[128.86466,37.84724],[128.86389,37.84686],[128.86266,37.84591],[128.8622,37.84545],[128.86204,37.84503],[128.86164,37.84474],[128.85965,37.84394],[128.8578,37.84383],[128.85966,37.844],[128.86173,37.84485],[128.8626,37.84595],[128.86306,37.84617],[128.86389,37.84692],[128.86465,37.8473],[128.86485,37.84796]]]}},{"type":"Feature","id":"TN_RIVER_BNDRY:WTR0100000000AYRG","properties":{"NF_ID":"WTR0100000000AYRG","admin_code":"51150","source_layer":"TN_RIVER_BNDRY","semantic":"zone","river_class":"소하천","river_class_source":"중심선 공간조인","survey_method":"사진측량"},"geometry":{"type":"Polygon","coordinates":[[[128.86485,37.84796],[128.86479,37.84796],[128.86481,37.84806],[128.8649,37.8481],[128.86485,37.84796]]]}},{"type":"Feature","id":"TN_RIVER_BNDRY:WTR0100000000AYSH","properties":{"NF_ID":"WTR0100000000AYSH","admin_code":"51150","source_layer":"TN_RIVER_BNDRY","semantic":"zone","river_class":"소하천","river_class_source":"중심선 공간조인","survey_method":"사진측량"},"geometry":{"type":"Polygon","coordinates":[[[128.85758,37.85315],[128.85305,37.85659],[128.85268,37.85672],[128.85139,37.8565],[128.85065,37.85688],[128.85056,37.85728],[128.85078,37.85747],[128.85142,37.85978],[128.85132,37.8589],[128.85084,37.85748],[128.8506,37.85725],[128.85069,37.85691],[128.85138,37.85654],[128.8527,37.85675],[128.85305,37.85662],[128.85455,37.85561],[128.85499,37.85504],[128.85758,37.85315]]]}},{"type":"Feature","id":"TN_RIVER_BNDRY:WTR0100000000AYTI","properties":{"NF_ID":"WTR0100000000AYTI","admin_code":"51150","source_layer":"TN_RIVER_BNDRY","semantic":"zone","river_class":"소하천","river_class_source":"중심선 공간조인","survey_method":"사진측량"},"geometry":{"type":"Polygon","coordinates":[[[128.85756,37.8531],[128.85752,37.85309],[128.85706,37.85296],[128.85656,37.85283],[128.85567,37.85259],[128.85503,37.85242],[128.85442,37.85226],[128.85412,37.85218],[128.85405,37.85216],[128.85357,37.85203],[128.85306,37.8519],[128.85293,37.85187],[128.85289,37.85185],[128.85284,37.85183],[128.85244,37.85173],[128.85209,37.85163],[128.85164,37.85152],[128.85117,37.8514],[128.85089,37.85131],[128.85058,37.85123],[128.85033,37.85117],[128.85014,37.85111],[128.85013,37.85112],[128.85012,37.85113],[128.85013,37.85114],[128.85013,37.85115],[128.85015,37.85115],[128.85026,37.85119],[128.8505,37.85125],[128.85086,37.85135],[128.85139,37.8515],[128.85144,37.85151],[128.85173,37.85159],[128.85239,37.85176],[128.85281,37.85188],[128.85286,37.85189],[128.85296,37.85192],[128.85313,37.85196],[128.85348,37.85205],[128.85397,37.85219],[128.85434,37.85229],[128.8549,37.85243],[128.85546,37.85259],[128.8563,37.85281],[128.85687,37.85296],[128.85731,37.85308],[128.85752,37.85312],[128.85753,37.85313],[128.85754,37.85313],[128.85756,37.8531]]]}},{"type":"Feature","id":"TN_RIVER_BNDRY:WTR0100000000AYUJ","properties":{"NF_ID":"WTR0100000000AYUJ","admin_code":"51150","source_layer":"TN_RIVER_BNDRY","semantic":"zone","river_class":"소하천","river_class_source":"중심선 공간조인","survey_method":"사진측량"},"geometry":{"type":"Polygon","coordinates":[[[128.85756,37.8531],[128.8586,37.85235],[128.85922,37.85163],[128.86166,37.84984],[128.85907,37.85169],[128.85858,37.8523],[128.85756,37.8531]]]}},{"type":"Feature","id":"TN_RIVER_BNDRY:WTR0100000000AYVK","properties":{"NF_ID":"WTR0100000000AYVK","admin_code":"51150","source_layer":"TN_RIVER_BNDRY","semantic":"zone","river_class":"소하천","river_class_source":"중심선 공간조인","survey_method":"사진측량"},"geometry":{"type":"Polygon","coordinates":[[[128.8576,37.85312],[128.85756,37.8531],[128.85754,37.85313],[128.85758,37.85315],[128.8576,37.85312]]]}},{"type":"Feature","id":"TN_RIVER_BNDRY:WTR0100000000AYWL","properties":{"NF_ID":"WTR0100000000AYWL","admin_code":"51150","source_layer":"TN_RIVER_BNDRY","semantic":"zone","river_class":"지방하천","river_class_source":"중심선 공간조인","river_name":"위촌천","river_code":"1620290","survey_method":"사진측량"},"geometry":{"type":"Polygon","coordinates":[[[128.84784,37.75735],[128.84717,37.75766],[128.8455,37.75921],[128.84359,37.75997],[128.84268,37.75997],[128.84186,37.76031],[128.84078,37.75964],[128.83804,37.75982],[128.83713,37.75954],[128.83801,37.75989],[128.84076,37.75973],[128.8414,37.76027],[128.84175,37.76038],[128.84271,37.76009],[128.84363,37.76007],[128.84558,37.75926],[128.84784,37.75735]]]}},{"type":"Feature","id":"TN_RIVER_BNDRY:WTR0100000000AYXM","properties":{"NF_ID":"WTR0100000000AYXM","admin_code":"51150","source_layer":"TN_RIVER_BNDRY","semantic":"zone","river_class":"지방하천","river_class_source":"중심선 공간조인","river_name":"위촌천","river_code":"1620290","survey_method":"사진측량"},"geometry":{"type":"Polygon","coordinates":[[[128.8372,37.75947],[128.83711,37.75941],[128.83705,37.75949],[128.83713,37.75954],[128.8372,37.75947]]]}},{"type":"Feature","id":"TN_RIVER_BNDRY:WTR0100000000AYYN","properties":{"NF_ID":"WTR0100000000AYYN","admin_code":"51150","source_layer":"TN_RIVER_BNDRY","semantic":"zone","river_class":"지방하천","river_class_source":"중심선 공간조인","river_name":"위촌천","river_code":"1620290","survey_method":"사진측량"},"geometry":{"type":"Polygon","coordinates":[[[128.84989,37.75775],[128.84986,37.75772],[128.84978,37.75779],[128.84979,37.75781],[128.84989,37.75775]]]}},{"type":"Feature","id":"TN_RIVER_BNDRY:WTR0100000000AYZO","properties":{"NF_ID":"WTR0100000000AYZO","admin_code":"51150","source_layer":"TN_RIVER_BNDRY","semantic":"zone","river_class":"지방하천","river_class_source":"중심선 공간조인","river_name":"위촌천","river_code":"1620290","survey_method":"사진측량"},"geometry":{"type":"Polygon","coordinates":[[[128.84795,37.75731],[128.84785,37.75724],[128.84778,37.75728],[128.84784,37.75735],[128.84795,37.75731]]]}},{"type":"Feature","id":"TN_RIVER_BNDRY:WTR0100000000AZ0Q","properties":{"NF_ID":"WTR0100000000AZ0Q","admin_code":"51150","source_layer":"TN_RIVER_BNDRY","semantic":"zone","river_class":"지방하천","river_class_source":"중심선 공간조인","river_name":"위촌천","river_code":"1620290","survey_method":"사진측량"},"geometry":{"type":"Polygon","coordinates":[[[128.84986,37.75772],[128.84912,37.75699],[128.84864,37.75696],[128.84785,37.75724],[128.84895,37.75709],[128.84978,37.75779],[128.84986,37.75772]]]}},{"type":"Feature","id":"TN_RIVER_BNDRY:WTR0100000000AZ1R","properties":{"NF_ID":"WTR0100000000AZ1R","admin_code":"51150","source_layer":"TN_RIVER_BNDRY","semantic":"zone","river_class":"지방하천","river_class_source":"중심선 공간조인","river_name":"위촌천","river_code":"1620290","survey_method":"사진측량"},"geometry":{"type":"Polygon","coordinates":[[[128.84979,37.75781],[128.84901,37.75827],[128.84894,37.75923],[128.84859,37.75961],[128.84906,37.76001],[128.84909,37.76037],[128.84951,37.76038],[128.84982,37.76059],[128.84985,37.76123],[128.84955,37.76153],[128.84991,37.76223],[128.84971,37.76278],[128.84905,37.76306],[128.84898,37.76358],[128.84864,37.7636],[128.84771,37.76422],[128.84637,37.76422],[128.84613,37.76407],[128.84634,37.76424],[128.84763,37.76429],[128.84868,37.76363],[128.84899,37.76361],[128.84908,37.76308],[128.84974,37.76278],[128.84994,37.76223],[128.84959,37.76152],[128.84987,37.76124],[128.84985,37.76058],[128.84952,37.76035],[128.84912,37.76033],[128.84912,37.76001],[128.84864,37.75959],[128.84896,37.75926],[128.84907,37.7583],[128.84979,37.75781]]]}},{"type":"Feature","id":"TN_RIVER_BNDRY:WTR0100000000AZ2S","properties":{"NF_ID":"WTR0100000000AZ2S","admin_code":"51150","source_layer":"TN_RIVER_BNDRY","semantic":"zone","river_class":"소하천","river_class_source":"중심선 공간조인","survey_method":"사진측량"},"geometry":{"type":"Polygon","coordinates":[[[128.83713,37.75954],[128.83691,37.75969],[128.83666,37.76047],[128.83556,37.76089],[128.83474,37.76101],[128.83454,37.76118],[128.83397,37.76333],[128.83352,37.76354],[128.834,37.76334],[128.83439,37.76163],[128.83471,37.76105],[128.83671,37.76051],[128.83713,37.75954]]]}},{"type":"Feature","id":"TN_RIVER_BNDRY:WTR0100000000AZ3T","properties":{"NF_ID":"WTR0100000000AZ3T","admin_code":"51150","source_layer":"TN_RIVER_BNDRY","semantic":"zone","river_class":"소하천","river_class_source":"중심선 공간조인","survey_method":"사진측량"},"geometry":{"type":"Polygon","coordinates":[[[128.84916,37.75216],[128.84808,37.7515],[128.84731,37.75143],[128.84657,37.75109],[128.84572,37.75114],[128.84519,37.75158],[128.84482,37.75163],[128.84408,37.75259],[128.84274,37.75252],[128.8424,37.75275],[128.84128,37.75269],[128.84058,37.75296],[128.83968,37.75284],[128.83877,37.75306],[128.83865,37.75325],[128.83783,37.75358],[128.8375,37.75308],[128.83784,37.7536],[128.83919,37.75295],[128.84062,37.753],[128.84129,37.75273],[128.84243,37.75278],[128.84279,37.75256],[128.84409,37.75264],[128.84476,37.75175],[128.84532,37.75157],[128.84571,37.75118],[128.8466,37.75114],[128.84729,37.75148],[128.84804,37.75152],[128.84916,37.75216]]]}},{"type":"Feature","id":"TN_RIVER_BNDRY:WTR0100000000AZ4U","properties":{"NF_ID":"WTR0100000000AZ4U","admin_code":"51150","source_layer":"TN_RIVER_BNDRY","semantic":"zone","river_class":"소하천","river_class_source":"중심선 공간조인","survey_method":"사진측량"},"geometry":{"type":"Polygon","coordinates":[[[128.84785,37.75724],[128.84738,37.75643],[128.8483,37.75505],[128.84824,37.7539],[128.8494,37.75259],[128.84927,37.75217],[128.8493,37.75264],[128.84814,37.75393],[128.84822,37.75506],[128.84731,37.75646],[128.84742,37.75681],[128.84785,37.75724]]]}},{"type":"Feature","id":"TN_RIVER_BNDRY:WTR0100000000AZ5V","properties":{"NF_ID":"WTR0100000000AZ5V","admin_code":"51150","source_layer":"TN_RIVER_BNDRY","semantic":"zone","river_class":"소하천","river_class_source":"중심선 공간조인","survey_method":"사진측량"},"geometry":{"type":"Polygon","coordinates":[[[128.84927,37.75217],[128.84923,37.75211],[128.84916,37.75216],[128.84917,37.75217],[128.84918,37.75219],[128.84919,37.7522],[128.84927,37.75217]]]}},{"type":"Feature","id":"TN_RIVER_BNDRY:WTR0100000000AZ6W","properties":{"NF_ID":"WTR0100000000AZ6W","admin_code":"51150","source_layer":"TN_RIVER_BNDRY","semantic":"zone","river_class":"소하천","river_class_source":"중심선 공간조인","survey_method":"사진측량"},"geometry":{"type":"Polygon","coordinates":[[[128.84923,37.75211],[128.84936,37.75184],[128.8488,37.75001],[128.84929,37.7518],[128.84923,37.75211]]]}},{"type":"Feature","id":"TN_RIVER_BNDRY:WTR0100000000AZ7X","properties":{"NF_ID":"WTR0100000000AZ7X","admin_code":"51150","source_layer":"TN_RIVER_BNDRY","semantic":"zone","river_class":"지방하천","river_class_source":"중심선 공간조인","river_name":"경포천","river_code":"1620280","survey_method":"사진측량"},"geometry":{"type":"Polygon","coordinates":[[[128.88945,37.78389],[128.88941,37.78336],[128.88899,37.78339],[128.88745,37.78291],[128.88562,37.78352],[128.88443,37.78365],[128.88327,37.78354],[128.88195,37.78303],[128.88118,37.78296],[128.87981,37.78344],[128.87785,37.78385],[128.87433,37.78563],[128.87271,37.78703],[128.87213,37.78796],[128.87145,37.78846],[128.87088,37.78876],[128.87009,37.78891],[128.86839,37.78989],[128.86785,37.79054],[128.86778,37.79108],[128.86742,37.7914],[128.8671,37.7915],[128.86666,37.79138],[128.8658,37.79087],[128.86428,37.79083],[128.86351,37.79016],[128.86259,37.79005],[128.86195,37.7904],[128.86118,37.7912],[128.86137,37.79249],[128.86113,37.79284],[128.8599,37.79336],[128.8592,37.79313],[128.85871,37.79262],[128.85792,37.79275],[128.85585,37.79458],[128.85553,37.79425],[128.85528,37.79354],[128.85382,37.79315],[128.8531,37.79239],[128.85197,37.79219],[128.85174,37.79199],[128.85175,37.79159],[128.85155,37.7913],[128.84933,37.78991],[128.84906,37.78944],[128.84942,37.78886],[128.84935,37.78834],[128.84844,37.7875],[128.84829,37.78709],[128.84638,37.78671],[128.84555,37.78617],[128.84543,37.78545],[128.84701,37.78438],[128.84705,37.78417],[128.84683,37.78389],[128.84522,37.78344],[128.84492,37.78355],[128.8447,37.78399],[128.84441,37.78409],[128.84347,37.78406],[128.84292,37.78425],[128.84195,37.78415],[128.84169,37.78406],[128.84096,37.78331],[128.84001,37.78309],[128.8372,37.78165],[128.8379,37.7822],[128.83859,37.78238],[128.8396,37.78302],[128.84095,37.78344],[128.84164,37.78418],[128.84286,37.78436],[128.84351,37.78415],[128.84448,37.78419],[128.84485,37.78408],[128.84499,37.78367],[128.84523,37.78354],[128.8467,37.78394],[128.8469,37.7843],[128.84527,37.78549],[128.84539,37.78615],[128.8464,37.78683],[128.84815,37.78717],[128.84831,37.78759],[128.84926,37.7884],[128.84926,37.78879],[128.84889,37.78946],[128.84927,37.79001],[128.85124,37.79121],[128.85164,37.7921],[128.85209,37.79248],[128.85304,37.79264],[128.85375,37.79327],[128.85509,37.79357],[128.85539,37.79435],[128.8559,37.79475],[128.85617,37.79466],[128.85671,37.79403],[128.85708,37.79398],[128.85775,37.79314],[128.85825,37.79284],[128.85865,37.79278],[128.85894,37.79324],[128.85937,37.79346],[128.86009,37.7935],[128.86108,37.79322],[128.86167,37.79268],[128.86137,37.79147],[128.8615,37.79114],[128.86266,37.79028],[128.86318,37.79033],[128.86437,37.79103],[128.86565,37.79106],[128.86679,37.79167],[128.86715,37.79172],[128.86764,37.79154],[128.86806,37.79126],[128.86814,37.79057],[128.8685,37.79004],[128.87017,37.7891],[128.87117,37.78885],[128.87203,37.78835],[128.87303,37.78705],[128.87455,37.78581],[128.87545,37.78545],[128.87782,37.78408],[128.87973,37.78377],[128.88118,37.78331],[128.88206,37.78345],[128.88534,37.78467],[128.88592,37.7846],[128.88793,37.78361],[128.8886,37.7836],[128.88945,37.78389]]]}},{"type":"Feature","id":"TN_RIVER_BNDRY:WTR0100000000AZ8Y","properties":{"NF_ID":"WTR0100000000AZ8Y","admin_code":"51150","source_layer":"TN_RIVER_BNDRY","semantic":"zone","river_class":"지방하천","river_class_source":"중심선 공간조인","river_name":"경포천","river_code":"1620280","survey_method":"사진측량"},"geometry":{"type":"Polygon","coordinates":[[[128.83096,37.78],[128.83111,37.77949],[128.83091,37.77817],[128.83045,37.77709],[128.82931,37.77648],[128.82925,37.77593],[128.82924,37.77652],[128.82967,37.77684],[128.83021,37.77699],[128.8308,37.77813],[128.83105,37.77945],[128.83096,37.78]]]}},{"type":"Feature","id":"TN_RIVER_BNDRY:WTR0100000000AZ9Z","properties":{"NF_ID":"WTR0100000000AZ9Z","admin_code":"51150","source_layer":"TN_RIVER_BNDRY","semantic":"zone","river_class":"지방하천","river_class_source":"중심선 공간조인","river_name":"경포천","river_code":"1620280","survey_method":"사진측량"},"geometry":{"type":"Polygon","coordinates":[[[128.83724,37.78157],[128.83719,37.78155],[128.83714,37.78163],[128.83716,37.78164],[128.83716,37.78164],[128.83719,37.78165],[128.8372,37.78165],[128.83724,37.78157]]]}},{"type":"Feature","id":"TN_RIVER_BNDRY:WTR0100000000AZA0","properties":{"NF_ID":"WTR0100000000AZA0","admin_code":"51150","source_layer":"TN_RIVER_BNDRY","semantic":"zone","river_class":"소하천","river_class_source":"중심선 공간조인","survey_method":"사진측량"},"geometry":{"type":"Polygon","coordinates":[[[128.83719,37.78155],[128.83758,37.78056],[128.83854,37.77934],[128.83881,37.77809],[128.83922,37.77766],[128.84006,37.77778],[128.83922,37.77763],[128.83878,37.77807],[128.83846,37.77947],[128.83754,37.78055],[128.83719,37.78155]]]}},{"type":"Feature","id":"TN_RIVER_BNDRY:WTR0100000000AZB1","properties":{"NF_ID":"WTR0100000000AZB1","admin_code":"51150","source_layer":"TN_RIVER_BNDRY","semantic":"zone","river_class":"지방하천","river_class_source":"중심선 공간조인","river_name":"경포천","river_code":"1620280","survey_method":"사진측량"},"geometry":{"type":"Polygon","coordinates":[[[128.83096,37.78],[128.83086,37.78001],[128.83087,37.78007],[128.83097,37.78007],[128.83096,37.78003],[128.83096,37.78]]]}},{"type":"Feature","id":"TN_RIVER_BNDRY:WTR0100000000AZC2","properties":{"NF_ID":"WTR0100000000AZC2","admin_code":"51150","source_layer":"TN_RIVER_BNDRY","semantic":"zone","river_class":"지방하천","river_class_source":"중심선 공간조인","river_name":"경포천","river_code":"1620280","survey_method":"사진측량"},"geometry":{"type":"Polygon","coordinates":[[[128.82942,37.77594],[128.82936,37.77588],[128.82925,37.77593],[128.82937,37.77599],[128.82937,37.77598],[128.82938,37.77597],[128.8294,37.77596],[128.82942,37.77594]]]}},{"type":"Feature","id":"TN_RIVER_BNDRY:WTR0100000000AZD3","properties":{"NF_ID":"WTR0100000000AZD3","admin_code":"51150","source_layer":"TN_RIVER_BNDRY","semantic":"zone","river_class":"지방하천","river_class_source":"중심선 공간조인","river_name":"경포천","river_code":"1620280","survey_method":"사진측량"},"geometry":{"type":"Polygon","coordinates":[[[128.82936,37.77588],[128.82942,37.77594],[128.82952,37.77589],[128.8295,37.77587],[128.82949,37.77585],[128.82938,37.77589],[128.82938,37.77589],[128.82937,37.77589],[128.82936,37.77588]]]}},{"type":"Feature","id":"TN_RIVER_BNDRY:WTR0100000000AZE4","properties":{"NF_ID":"WTR0100000000AZE4","admin_code":"51150","source_layer":"TN_RIVER_BNDRY","semantic":"zone","river_class":"지방하천","river_class_source":"중심선 공간조인","river_name":"사천천","river_code":"1620260","survey_method":"사진측량"},"geometry":{"type":"Polygon","coordinates":[[[128.84504,37.82097],[128.84369,37.81926],[128.84287,37.81712],[128.8427,37.81622],[128.84139,37.8149],[128.83924,37.81343],[128.83867,37.8141],[128.8409,37.81585],[128.84139,37.81643],[128.84354,37.82151],[128.84504,37.82097]]]}},{"type":"Feature","id":"TN_RIVER_BNDRY:WTR0100000000AZF5","properties":{"NF_ID":"WTR0100000000AZF5","admin_code":"51150","source_layer":"TN_RIVER_BNDRY","semantic":"zone","river_class":"소하천","river_class_source":"중심선 공간조인","survey_method":"사진측량"},"geometry":{"type":"Polygon","coordinates":[[[128.82926,37.80029],[128.83043,37.7981],[128.82998,37.79867],[128.82926,37.80029]]]}},{"type":"Feature","id":"TN_RIVER_BNDRY:WTR0100000000AZG6","properties":{"NF_ID":"WTR0100000000AZG6","admin_code":"51150","source_layer":"TN_RIVER_BNDRY","semantic":"zone","river_class":"지방하천","river_class_source":"중심선 공간조인","river_name":"사천천","river_code":"1620260","survey_method":"사진측량"},"geometry":{"type":"Polygon","coordinates":[[[128.83118,37.80294],[128.82929,37.8003],[128.82897,37.8007],[128.83018,37.80265],[128.8308,37.80332],[128.83118,37.80294]]]}},{"type":"Feature","id":"TN_RIVER_BNDRY:WTR0100000000AZH7","properties":{"NF_ID":"WTR0100000000AZH7","admin_code":"51150","source_layer":"TN_RIVER_BNDRY","semantic":"zone","river_class":"지방하천","river_class_source":"중심선 공간조인","river_name":"사천천","river_code":"1620260","survey_method":"사진측량"},"geometry":{"type":"Polygon","coordinates":[[[128.82929,37.8003],[128.82885,37.80061],[128.82897,37.8007],[128.82929,37.8003]]]}},{"type":"Feature","id":"TN_RIVER_BNDRY:WTR0100000000AZI8","properties":{"NF_ID":"WTR0100000000AZI8","admin_code":"51150","source_layer":"TN_RIVER_BNDRY","semantic":"zone","river_class":"지방하천","river_class_source":"중심선 공간조인","river_name":"사천천","river_code":"1620260","survey_method":"사진측량"},"geometry":{"type":"Polygon","coordinates":[[[128.83746,37.81252],[128.83646,37.8113],[128.83386,37.80633],[128.83379,37.80568],[128.83171,37.80338],[128.83143,37.80317],[128.83085,37.80338],[128.83292,37.80563],[128.83631,37.81254],[128.83692,37.81335],[128.83746,37.81252]]]}},{"type":"Feature","id":"TN_RIVER_BNDRY:WTR0100000000AZJ9","properties":{"NF_ID":"WTR0100000000AZJ9","admin_code":"51150","source_layer":"TN_RIVER_BNDRY","semantic":"zone","river_class":"소하천","river_class_source":"중심선 공간조인","survey_method":"사진측량"},"geometry":{"type":"Polygon","coordinates":[[[128.83867,37.8141],[128.83856,37.81403],[128.83845,37.81443],[128.83867,37.8141]]]}},{"type":"Feature","id":"TN_RIVER_BNDRY:WTR0100000000AZKA","properties":{"NF_ID":"WTR0100000000AZKA","admin_code":"51150","source_layer":"TN_RIVER_BNDRY","semantic":"zone","river_class":"지방하천","river_class_source":"중심선 공간조인","river_name":"사천천","river_code":"1620260","survey_method":"사진측량"},"geometry":{"type":"Polygon","coordinates":[[[128.83924,37.81343],[128.83913,37.81337],[128.83856,37.81403],[128.83867,37.8141],[128.83924,37.81343]]]}},{"type":"Feature","id":"TN_RIVER_BNDRY:WTR0100000000AZLB","properties":{"NF_ID":"WTR0100000000AZLB","admin_code":"51150","source_layer":"TN_RIVER_BNDRY","semantic":"zone","river_class":"지방하천","river_class_source":"중심선 공간조인","river_name":"사천천","river_code":"1620260","survey_method":"사진측량"},"geometry":{"type":"Polygon","coordinates":[[[128.83913,37.81337],[128.8379,37.81285],[128.8372,37.8136],[128.83856,37.81403],[128.83913,37.81337]]]}},{"type":"Feature","id":"TN_RIVER_BNDRY:WTR0100000000AZMC","properties":{"NF_ID":"WTR0100000000AZMC","admin_code":"51150","source_layer":"TN_RIVER_BNDRY","semantic":"zone","river_class":"지방하천","river_class_source":"중심선 공간조인","river_name":"사천천","river_code":"1620260","survey_method":"사진측량"},"geometry":{"type":"Polygon","coordinates":[[[128.8379,37.81285],[128.83746,37.81252],[128.83692,37.81335],[128.8372,37.8136],[128.8379,37.81285]]]}},{"type":"Feature","id":"TN_RIVER_BNDRY:WTR0100000000AZND","properties":{"NF_ID":"WTR0100000000AZND","admin_code":"51150","source_layer":"TN_RIVER_BNDRY","semantic":"zone","river_class":"지방하천","river_class_source":"중심선 공간조인","river_name":"사천천","river_code":"1620260","survey_method":"사진측량"},"geometry":{"type":"Polygon","coordinates":[[[128.83143,37.80317],[128.83118,37.80294],[128.8308,37.80332],[128.83143,37.80317]]]}},{"type":"Feature","id":"TN_RIVER_BNDRY:WTR0100000000AZOE","properties":{"NF_ID":"WTR0100000000AZOE","admin_code":"51150","source_layer":"TN_RIVER_BNDRY","semantic":"zone","river_class":"소하천","river_class_source":"중심선 공간조인","survey_method":"사진측량"},"geometry":{"type":"Polygon","coordinates":[[[128.84371,37.82153],[128.84333,37.82143],[128.84401,37.8218],[128.84371,37.82153]]]}},{"type":"Feature","id":"TN_RIVER_BNDRY:WTR0100000000AZPF","properties":{"NF_ID":"WTR0100000000AZPF","admin_code":"51150","source_layer":"TN_RIVER_BNDRY","semantic":"zone","river_class":"지방하천","river_class_source":"중심선 공간조인","river_name":"사천천","river_code":"1620260","survey_method":"사진측량"},"geometry":{"type":"Polygon","coordinates":[[[128.84525,37.8212],[128.84504,37.82097],[128.84371,37.82153],[128.84401,37.8218],[128.84525,37.8212]]]}},{"type":"Feature","id":"TN_RIVER_BNDRY:WTR0100000000AZQG","properties":{"NF_ID":"WTR0100000000AZQG","admin_code":"51150","source_layer":"TN_RIVER_BNDRY","semantic":"zone","river_class":"지방하천","river_class_source":"중심선 공간조인","river_name":"연곡천","river_code":"1620240","survey_method":"사진측량"},"geometry":{"type":"Polygon","coordinates":[[[128.83273,37.85184],[128.82947,37.85421],[128.83128,37.85398],[128.83197,37.85406],[128.83601,37.85513],[128.83641,37.85504],[128.83788,37.85581],[128.83964,37.85766],[128.84048,37.85797],[128.84131,37.85877],[128.84181,37.85901],[128.84161,37.85898],[128.84671,37.86193],[128.84724,37.86239],[128.84916,37.8607],[128.84742,37.8597],[128.84635,37.85935],[128.84249,37.85712],[128.84075,37.8558],[128.84032,37.85462],[128.83991,37.85414],[128.83941,37.85379],[128.83668,37.85267],[128.83677,37.85218],[128.83332,37.85171],[128.83309,37.8517],[128.83297,37.85188],[128.83273,37.85184]]]}},{"type":"Feature","id":"TN_RIVER_BNDRY:WTR0100000000AZRH","properties":{"NF_ID":"WTR0100000000AZRH","admin_code":"51150","source_layer":"TN_RIVER_BNDRY","semantic":"zone","river_class":"소하천","river_class_source":"중심선 공간조인","survey_method":"사진측량"},"geometry":{"type":"Polygon","coordinates":[[[128.83878,37.87305],[128.83907,37.87312],[128.83907,37.87269],[128.83942,37.87234],[128.83836,37.87266],[128.83876,37.87273],[128.83878,37.87305]]]}},{"type":"Feature","id":"TN_RIVER_BNDRY:WTR0100000000AZSI","properties":{"NF_ID":"WTR0100000000AZSI","admin_code":"51150","source_layer":"TN_RIVER_BNDRY","semantic":"zone","river_class":"소하천","river_class_source":"중심선 공간조인","survey_method":"사진측량"},"geometry":{"type":"Polygon","coordinates":[[[128.83907,37.87312],[128.83878,37.87305],[128.8387,37.87326],[128.83893,37.87339],[128.83907,37.87312]]]}},{"type":"Feature","id":"TN_RIVER_BNDRY:WTR0100000000AZTJ","properties":{"NF_ID":"WTR0100000000AZTJ","admin_code":"51150","source_layer":"TN_RIVER_BNDRY","semantic":"zone","river_class":"소하천","river_class_source":"중심선 공간조인","survey_method":"사진측량"},"geometry":{"type":"Polygon","coordinates":[[[128.83838,37.87286],[128.83826,37.87272],[128.83801,37.87284],[128.83823,37.87301],[128.83838,37.87286]]]}},{"type":"Feature","id":"TN_RIVER_BNDRY:WTR0100000000AZUK","properties":{"NF_ID":"WTR0100000000AZUK","admin_code":"51150","source_layer":"TN_RIVER_BNDRY","semantic":"zone","river_class":"소하천","river_class_source":"중심선 공간조인","survey_method":"사진측량"},"geometry":{"type":"Polygon","coordinates":[[[128.83801,37.87284],[128.83826,37.87272],[128.83819,37.87261],[128.83762,37.8726],[128.83723,37.87294],[128.83692,37.87288],[128.83727,37.87295],[128.83765,37.87266],[128.83801,37.87284]]]}},{"type":"Feature","id":"TN_RIVER_BNDRY:WTR0100000000AZVL","properties":{"NF_ID":"WTR0100000000AZVL","admin_code":"51150","source_layer":"TN_RIVER_BNDRY","semantic":"zone","river_class":"소하천","river_class_source":"중심선 공간조인","survey_method":"사진측량"},"geometry":{"type":"Polygon","coordinates":[[[128.83823,37.87301],[128.83801,37.87284],[128.8377,37.87319],[128.83739,37.87318],[128.837,37.87364],[128.83714,37.87385],[128.83673,37.87426],[128.83616,37.87421],[128.83495,37.8748],[128.83432,37.87458],[128.83393,37.87461],[128.83384,37.87481],[128.83396,37.87465],[128.83429,37.87463],[128.83494,37.87484],[128.83605,37.87428],[128.83684,37.87433],[128.83798,37.87306],[128.83823,37.87301]]]}},{"type":"Feature","id":"TN_RIVER_BNDRY:WTR0100000000AZWM","properties":{"NF_ID":"WTR0100000000AZWM","admin_code":"51150","source_layer":"TN_RIVER_BNDRY","semantic":"zone","river_class":"소하천","river_class_source":"중심선 공간조인","survey_method":"사진측량"},"geometry":{"type":"Polygon","coordinates":[[[128.83878,37.87305],[128.83849,37.87286],[128.83823,37.87301],[128.8387,37.87326],[128.83878,37.87305]]]}},{"type":"Feature","id":"TN_RIVER_BNDRY:WTR0100000000AZXN","properties":{"NF_ID":"WTR0100000000AZXN","admin_code":"51150","source_layer":"TN_RIVER_BNDRY","semantic":"zone","river_class":"소하천","river_class_source":"중심선 공간조인","survey_method":"사진측량"},"geometry":{"type":"Polygon","coordinates":[[[128.83907,37.87312],[128.83893,37.87339],[128.8392,37.87369],[128.83979,37.87389],[128.83981,37.87379],[128.83947,37.87378],[128.83907,37.87312]]]}},{"type":"Feature","id":"TN_RIVER_BNDRY:WTR0100000000AZYO","properties":{"NF_ID":"WTR0100000000AZYO","admin_code":"51150","source_layer":"TN_RIVER_BNDRY","semantic":"zone","river_class":"지방하천","river_class_source":"중심선 공간조인","river_name":"연곡천","river_code":"1620240","survey_method":"사진측량"},"geometry":{"type":"Polygon","coordinates":[[[128.83273,37.85184],[128.83077,37.85203],[128.83009,37.85182],[128.82902,37.85399],[128.82947,37.85421],[128.83273,37.85184]]]}},{"type":"Feature","id":"TN_RIVER_BNDRY:WTR0100000000AZZP","properties":{"NF_ID":"WTR0100000000AZZP","admin_code":"51150","source_layer":"TN_RIVER_BNDRY","semantic":"zone","river_class":"소하천","river_class_source":"중심선 공간조인","survey_method":"사진측량"},"geometry":{"type":"Polygon","coordinates":[[[128.81381,37.85132],[128.81379,37.85131],[128.81372,37.85163],[128.81374,37.85163],[128.81381,37.85132]]]}},{"type":"Feature","id":"TN_RIVER_BNDRY:WTR0100000000B00S","properties":{"NF_ID":"WTR0100000000B00S","admin_code":"51150","source_layer":"TN_RIVER_BNDRY","semantic":"zone","river_class":"소하천","river_class_source":"중심선 공간조인","survey_method":"사진측량"},"geometry":{"type":"Polygon","coordinates":[[[128.82947,37.85421],[128.82902,37.85399],[128.82871,37.85405],[128.82781,37.85468],[128.82667,37.8552],[128.82479,37.85571],[128.82669,37.85526],[128.8277,37.85482],[128.82868,37.85417],[128.82947,37.85421]]]}},{"type":"Feature","id":"TN_RIVER_BNDRY:WTR0100000000B01T","properties":{"NF_ID":"WTR0100000000B01T","admin_code":"51150","source_layer":"TN_RIVER_BNDRY","semantic":"zone","river_class":"소하천","river_class_source":"중심선 공간조인","survey_method":"사진측량"},"geometry":{"type":"Polygon","coordinates":[[[128.81649,37.85534],[128.81715,37.85526],[128.81609,37.85532],[128.81509,37.85518],[128.81281,37.85534],[128.81507,37.85521],[128.81649,37.85534]]]}},{"type":"Feature","id":"TN_RIVER_BNDRY:WTR0100000000B02U","properties":{"NF_ID":"WTR0100000000B02U","admin_code":"51150","source_layer":"TN_RIVER_BNDRY","semantic":"zone","river_class":"지방하천","river_class_source":"중심선 공간조인","river_name":"신리천","river_code":"1620230","survey_method":"사진측량"},"geometry":{"type":"Polygon","coordinates":[[[128.82483,37.88233],[128.82456,37.88265],[128.82513,37.8832],[128.82843,37.88468],[128.82921,37.88512],[128.82951,37.88558],[128.82973,37.88562],[128.83007,37.8845],[128.82647,37.8833],[128.82483,37.88233]]]}},{"type":"Feature","id":"TN_RIVER_BNDRY:WTR0100000000B03V","properties":{"NF_ID":"WTR0100000000B03V","admin_code":"51150","source_layer":"TN_RIVER_BNDRY","semantic":"zone","river_class":"소하천","river_class_source":"중심선 공간조인","survey_method":"사진측량"},"geometry":{"type":"Polygon","coordinates":[[[128.80244,37.89316],[128.80226,37.89329],[128.80246,37.89332],[128.80244,37.89316]]]}},{"type":"Feature","id":"TN_RIVER_BNDRY:WTR0100000000B04W","properties":{"NF_ID":"WTR0100000000B04W","admin_code":"51150","source_layer":"TN_RIVER_BNDRY","semantic":"zone","river_class":"지방하천","river_class_source":"중심선 공간조인","river_name":"신리천","river_code":"1620230","survey_method":"사진측량"},"geometry":{"type":"Polygon","coordinates":[[[128.806,37.87476],[128.80587,37.87462],[128.80574,37.87521],[128.80594,37.87524],[128.806,37.87476]]]}},{"type":"Feature","id":"TN_RIVER_BNDRY:WTR0100000000B05X","properties":{"NF_ID":"WTR0100000000B05X","admin_code":"51150","source_layer":"TN_RIVER_BNDRY","semantic":"zone","river_class":"지방하천","river_class_source":"중심선 공간조인","river_name":"신리천","river_code":"1620230","survey_method":"사진측량"},"geometry":{"type":"Polygon","coordinates":[[[128.82475,37.88226],[128.82151,37.87982],[128.82092,37.87957],[128.81629,37.87801],[128.81459,37.87769],[128.81288,37.87758],[128.81271,37.87745],[128.81054,37.87706],[128.806,37.87476],[128.80594,37.87524],[128.80912,37.87678],[128.81046,37.87767],[128.8105,37.87785],[128.81181,37.87823],[128.81323,37.87814],[128.81575,37.87833],[128.81694,37.87859],[128.82015,37.87979],[128.82122,37.88002],[128.82436,37.8825],[128.82475,37.88226]]]}},{"type":"Feature","id":"TN_RIVER_BNDRY:WTR0100000000B06Y","properties":{"NF_ID":"WTR0100000000B06Y","admin_code":"51150","source_layer":"TN_RIVER_BNDRY","semantic":"zone","river_class":"소하천","river_class_source":"중심선 공간조인","survey_method":"사진측량"},"geometry":{"type":"Polygon","coordinates":[[[128.81699,37.90351],[128.8168,37.90298],[128.81081,37.89769],[128.80762,37.89443],[128.80514,37.89334],[128.80245,37.89315],[128.8025,37.89333],[128.80526,37.89346],[128.80758,37.89453],[128.81067,37.89769],[128.81417,37.9007],[128.81663,37.90301],[128.8169,37.9036],[128.81699,37.90351]]]}},{"type":"Feature","id":"TN_RIVER_BNDRY:WTR0100000000B07Z","properties":{"NF_ID":"WTR0100000000B07Z","admin_code":"51150","source_layer":"TN_RIVER_BNDRY","semantic":"zone","river_class":"소하천","river_class_source":"중심선 공간조인","survey_method":"사진측량"},"geometry":{"type":"Polygon","coordinates":[[[128.81699,37.90351],[128.8171,37.90342],[128.81691,37.90294],[128.8136,37.89987],[128.81108,37.89778],[128.8077,37.89436],[128.80546,37.89331],[128.8036,37.89312],[128.80538,37.89331],[128.80771,37.89443],[128.81093,37.8977],[128.81687,37.90297],[128.81699,37.90351]]]}},{"type":"Feature","id":"TN_RIVER_BNDRY:WTR0100000000B080","properties":{"NF_ID":"WTR0100000000B080","admin_code":"51150","source_layer":"TN_RIVER_BNDRY","semantic":"zone","river_class":"소하천","river_class_source":"중심선 공간조인","survey_method":"사진측량"},"geometry":{"type":"Polygon","coordinates":[[[128.81699,37.90385],[128.81675,37.90367],[128.81649,37.90303],[128.8106,37.89783],[128.80756,37.89475],[128.80568,37.89374],[128.80474,37.8935],[128.80248,37.89349],[128.8051,37.89362],[128.80571,37.89378],[128.80754,37.89477],[128.81034,37.89763],[128.81648,37.90311],[128.81671,37.90368],[128.81699,37.90385]]]}},{"type":"Feature","id":"TN_RIVER_BNDRY:WTR0100000000B091","properties":{"NF_ID":"WTR0100000000B091","admin_code":"51150","source_layer":"TN_RIVER_BNDRY","semantic":"zone","river_class":"소하천","river_class_source":"중심선 공간조인","survey_method":"사진측량"},"geometry":{"type":"Polygon","coordinates":[[[128.82475,37.88226],[128.82483,37.88233],[128.8251,37.88191],[128.82475,37.88226]]]}},{"type":"Feature","id":"TN_RIVER_BNDRY:WTR0100000000B0A2","properties":{"NF_ID":"WTR0100000000B0A2","admin_code":"51150","source_layer":"TN_RIVER_BNDRY","semantic":"zone","river_class":"지방하천","river_class_source":"중심선 공간조인","river_name":"신리천","river_code":"1620230","survey_method":"사진측량"},"geometry":{"type":"Polygon","coordinates":[[[128.82483,37.88233],[128.82475,37.88226],[128.82436,37.8825],[128.82456,37.88265],[128.82483,37.88233]]]}},{"type":"Feature","id":"TN_RIVER_BNDRY:WTR0100000000B0B3","properties":{"NF_ID":"WTR0100000000B0B3","admin_code":"51150","source_layer":"TN_RIVER_BNDRY","semantic":"zone","river_class":"소하천","river_class_source":"중심선 공간조인","survey_method":"사진측량"},"geometry":{"type":"Polygon","coordinates":[[[128.89412,37.78358],[128.89415,37.78358],[128.89416,37.78356],[128.89434,37.78304],[128.89492,37.7814],[128.89488,37.78139],[128.89458,37.78227],[128.89412,37.78358]]]}},{"type":"Feature","id":"TN_RIVER_BNDRY:WTR0100000000B0C4","properties":{"NF_ID":"WTR0100000000B0C4","admin_code":"51150","source_layer":"TN_RIVER_BNDRY","semantic":"zone","river_class":"지방하천","river_class_source":"중심선 공간조인","river_name":"위촌천","river_code":"1620290","survey_method":"사진측량"},"geometry":{"type":"Polygon","coordinates":[[[128.83711,37.75941],[128.83686,37.75925],[128.83426,37.75888],[128.83355,37.75894],[128.83221,37.75872],[128.83144,37.75888],[128.8309,37.75836],[128.8298,37.75826],[128.82853,37.75841],[128.82802,37.75803],[128.82691,37.75811],[128.8264,37.75871],[128.82591,37.75897],[128.8248,37.75891],[128.82397,37.75925],[128.82481,37.75893],[128.82591,37.75898],[128.82638,37.75875],[128.82695,37.75811],[128.828,37.75806],[128.82853,37.75844],[128.82979,37.75828],[128.83031,37.75844],[128.83089,37.75839],[128.83146,37.7589],[128.83221,37.75875],[128.83319,37.75889],[128.8334,37.75904],[128.83463,37.75898],[128.83711,37.75941]]]}},{"type":"Feature","id":"TN_RIVER_BNDRY:WTR0100000000B0D5","properties":{"NF_ID":"WTR0100000000B0D5","admin_code":"51150","source_layer":"TN_RIVER_BNDRY","semantic":"zone","river_class":"지방하천","river_class_source":"중심선 공간조인","river_name":"사천천","river_code":"1620260","survey_method":"사진측량"},"geometry":{"type":"Polygon","coordinates":[[[128.82926,37.80029],[128.82698,37.79901],[128.82498,37.79813],[128.82282,37.79665],[128.82122,37.79627],[128.81995,37.7956],[128.81954,37.79577],[128.82137,37.79675],[128.82306,37.79728],[128.82597,37.79942],[128.8275,37.79986],[128.82885,37.80061],[128.82926,37.80029]]]}},{"type":"Feature","id":"TN_RIVER_BNDRY:WTR0100000000B0E6","properties":{"NF_ID":"WTR0100000000B0E6","admin_code":"51150","source_layer":"TN_RIVER_BNDRY","semantic":"zone","river_class":"소하천","river_class_source":"중심선 공간조인","river_name":"감나무골천","survey_method":"사진측량"},"geometry":{"type":"Polygon","coordinates":[[[128.83085,37.80338],[128.82685,37.80349],[128.82584,37.80343],[128.82523,37.80323],[128.82471,37.80334],[128.82315,37.80246],[128.82461,37.80339],[128.82522,37.80328],[128.82597,37.8035],[128.82838,37.80357],[128.83085,37.80338]]]}},{"type":"Feature","id":"TN_RIVER_BNDRY:WTR0100000000B0F7","properties":{"NF_ID":"WTR0100000000B0F7","admin_code":"51150","source_layer":"TN_RIVER_BNDRY","semantic":"zone","river_class":"소하천","river_class_source":"중심선 공간조인","survey_method":"사진측량"},"geometry":{"type":"Polygon","coordinates":[[[128.82398,37.80459],[128.82453,37.80445],[128.82474,37.80393],[128.82533,37.80385],[128.82472,37.80389],[128.82449,37.80442],[128.82398,37.80459]]]}},{"type":"Feature","id":"TN_RIVER_BNDRY:WTR0100000000B0G8","properties":{"NF_ID":"WTR0100000000B0G8","admin_code":"51150","source_layer":"TN_RIVER_BNDRY","semantic":"zone","river_class":"소하천","river_class_source":"중심선 공간조인","river_name":"연내천","survey_method":"사진측량"},"geometry":{"type":"Polygon","coordinates":[[[128.8372,37.8136],[128.83692,37.81335],[128.83637,37.81399],[128.83568,37.81431],[128.83518,37.81433],[128.83427,37.81411],[128.83304,37.81353],[128.83134,37.81221],[128.82978,37.81122],[128.82802,37.81078],[128.82674,37.81094],[128.82508,37.81087],[128.82414,37.81203],[128.82433,37.81203],[128.82514,37.81098],[128.82663,37.81108],[128.82862,37.81099],[128.82958,37.81129],[128.83296,37.81359],[128.83483,37.81443],[128.83616,37.81445],[128.8372,37.8136]]]}},{"type":"Feature","id":"TN_RIVER_BNDRY:WTR0100000000B0H9","properties":{"NF_ID":"WTR0100000000B0H9","admin_code":"51150","source_layer":"TN_RIVER_BNDRY","semantic":"zone","river_class":"지방하천","river_class_source":"중심선 공간조인","river_name":"사천천","river_code":"1620260","survey_method":"사진측량"},"geometry":{"type":"Polygon","coordinates":[[[128.85098,37.8255],[128.85011,37.82521],[128.84915,37.82512],[128.84914,37.82493],[128.84843,37.82448],[128.84717,37.82333],[128.84525,37.8212],[128.84401,37.8218],[128.8466,37.82442],[128.84855,37.82592],[128.84961,37.82633],[128.85046,37.82634],[128.85098,37.8255]]]}},{"type":"Feature","id":"TN_RIVER_BNDRY:WTR0100000000B0IA","properties":{"NF_ID":"WTR0100000000B0IA","admin_code":"51150","source_layer":"TN_RIVER_BNDRY","semantic":"zone","river_class":"소하천","river_class_source":"중심선 공간조인","survey_method":"사진측량"},"geometry":{"type":"Polygon","coordinates":[[[128.83091,37.83144],[128.83415,37.83252],[128.83515,37.83226],[128.83608,37.83244],[128.83711,37.83212],[128.83774,37.83208],[128.83817,37.83221],[128.84114,37.83193],[128.84297,37.83226],[128.84393,37.83186],[128.84539,37.83061],[128.84806,37.83029],[128.85375,37.83093],[128.84812,37.83023],[128.84532,37.83059],[128.84397,37.83179],[128.84293,37.83221],[128.84088,37.83189],[128.83816,37.83216],[128.83752,37.83203],[128.83605,37.8324],[128.83511,37.83221],[128.83412,37.83246],[128.83091,37.83144]]]}},{"type":"Feature","id":"TN_RIVER_BNDRY:WTR0100000000B0JB","properties":{"NF_ID":"WTR0100000000B0JB","admin_code":"51150","source_layer":"TN_RIVER_BNDRY","semantic":"zone","river_class":"소하천","river_class_source":"중심선 공간조인","survey_method":"사진측량"},"geometry":{"type":"Polygon","coordinates":[[[128.86479,37.84796],[128.8557,37.84607],[128.85012,37.84407],[128.84768,37.84301],[128.84503,37.84125],[128.84105,37.83943],[128.83929,37.83824],[128.83741,37.83779],[128.8347,37.83785],[128.83424,37.83809],[128.83334,37.83904],[128.83059,37.83976],[128.82942,37.8405],[128.8274,37.84072],[128.82607,37.84053],[128.82426,37.84087],[128.8228,37.84072],[128.82173,37.84117],[128.82084,37.84215],[128.81942,37.84264],[128.81735,37.84108],[128.81582,37.84045],[128.81475,37.83892],[128.81409,37.8386],[128.81315,37.83847],[128.81281,37.83805],[128.8125,37.8376],[128.81207,37.83591],[128.81208,37.83457],[128.8122,37.83363],[128.813,37.83229],[128.81283,37.83218],[128.81217,37.83347],[128.81201,37.83389],[128.81195,37.83581],[128.81257,37.83793],[128.81311,37.83859],[128.81401,37.83869],[128.81465,37.83905],[128.81578,37.84051],[128.81621,37.84082],[128.81743,37.84125],[128.8193,37.84273],[128.82039,37.84248],[128.82122,37.84202],[128.82188,37.84118],[128.82283,37.84083],[128.82427,37.84097],[128.82595,37.84067],[128.82753,37.84081],[128.82952,37.84059],[128.83055,37.83987],[128.83334,37.83913],[128.83419,37.83823],[128.83478,37.83793],[128.83751,37.83791],[128.83901,37.83828],[128.84198,37.84014],[128.84514,37.84148],[128.84708,37.84274],[128.84714,37.84283],[128.84691,37.84281],[128.8469,37.84292],[128.85026,37.84419],[128.85567,37.84612],[128.86481,37.84806],[128.86479,37.84796]]]}},{"type":"Feature","id":"TN_RIVER_BNDRY:WTR0100000000B0KC","properties":{"NF_ID":"WTR0100000000B0KC","admin_code":"51150","source_layer":"TN_RIVER_BNDRY","semantic":"zone","river_class":"등급미확인","survey_method":"사진측량"},"geometry":{"type":"Polygon","coordinates":[[[128.80684,37.8497],[128.80681,37.84971],[128.80673,37.85],[128.80667,37.8503],[128.80667,37.85031],[128.80668,37.8503],[128.80676,37.85],[128.80684,37.8497]]]}},{"type":"Feature","id":"TN_RIVER_BNDRY:WTR0100000000B0LD","properties":{"NF_ID":"WTR0100000000B0LD","admin_code":"51150","source_layer":"TN_RIVER_BNDRY","semantic":"zone","river_class":"지방하천","river_class_source":"중심선 공간조인","river_name":"연곡천","river_code":"1620240","survey_method":"사진측량"},"geometry":{"type":"Polygon","coordinates":[[[128.83009,37.85182],[128.82917,37.85132],[128.82806,37.85122],[128.82436,37.84998],[128.82238,37.84901],[128.82209,37.84858],[128.82086,37.84821],[128.81476,37.84721],[128.81194,37.84834],[128.81465,37.8492],[128.81566,37.84917],[128.81891,37.84981],[128.81884,37.84998],[128.82652,37.85356],[128.82779,37.85397],[128.82794,37.85355],[128.82902,37.85382],[128.82902,37.85399],[128.83009,37.85182]]]}},{"type":"Feature","id":"TN_RIVER_BNDRY:WTR0100000000B0ME","properties":{"NF_ID":"WTR0100000000B0ME","admin_code":"51150","source_layer":"TN_RIVER_BNDRY","semantic":"zone","river_class":"소하천","river_class_source":"중심선 공간조인","survey_method":"사진측량"},"geometry":{"type":"Polygon","coordinates":[[[128.78681,37.86256],[128.78714,37.86338],[128.7884,37.86371],[128.78911,37.86445],[128.78995,37.86573],[128.79155,37.86676],[128.79199,37.86796],[128.79193,37.86844],[128.79341,37.8694],[128.79376,37.8699],[128.79469,37.87032],[128.79537,37.87084],[128.79713,37.87125],[128.79843,37.87118],[128.79925,37.87148],[128.79957,37.87203],[128.80082,37.87312],[128.8011,37.87396],[128.8019,37.87454],[128.80292,37.87446],[128.80403,37.87409],[128.80565,37.87427],[128.806,37.87476],[128.80574,37.87419],[128.80474,37.87417],[128.80399,37.87396],[128.80293,37.87441],[128.80194,37.87452],[128.80123,37.87404],[128.801,37.87317],[128.7997,37.87208],[128.79923,37.87139],[128.79832,37.87106],[128.79715,37.87113],[128.79535,37.87075],[128.79391,37.86991],[128.79344,37.86933],[128.79198,37.86839],[128.79215,37.86788],[128.79192,37.86692],[128.78999,37.86571],[128.78912,37.86436],[128.78837,37.86363],[128.78718,37.86336],[128.78704,37.86277],[128.78681,37.86256]]]}},{"type":"Feature","id":"TN_RIVER_BNDRY:WTR0100000000B0NF","properties":{"NF_ID":"WTR0100000000B0NF","admin_code":"51150","source_layer":"TN_RIVER_BNDRY","semantic":"zone","river_class":"지방하천","river_class_source":"중심선 공간조인","river_name":"신리천","river_code":"1620230","survey_method":"사진측량"},"geometry":{"type":"Polygon","coordinates":[[[128.80574,37.87521],[128.80587,37.87462],[128.80508,37.87488],[128.80385,37.87561],[128.80251,37.87608],[128.8015,37.87613],[128.80028,37.8758],[128.79908,37.87592],[128.79684,37.87728],[128.79571,37.87763],[128.78741,37.87688],[128.7876,37.8774],[128.79166,37.87774],[128.79335,37.87817],[128.79632,37.87804],[128.79686,37.87794],[128.79808,37.87703],[128.79885,37.87673],[128.79987,37.87651],[128.80199,37.87663],[128.8031,37.87647],[128.8039,37.87613],[128.80391,37.87598],[128.80476,37.87541],[128.80574,37.87521]]]}},{"type":"Feature","id":"TN_RIVER_BNDRY:WTR0100000000B0OG","properties":{"NF_ID":"WTR0100000000B0OG","admin_code":"51150","source_layer":"TN_RIVER_BNDRY","semantic":"zone","river_class":"소하천","river_class_source":"중심선 공간조인","survey_method":"사진측량"},"geometry":{"type":"Polygon","coordinates":[[[128.80244,37.89316],[128.80165,37.89225],[128.80028,37.89145],[128.79916,37.88988],[128.79881,37.88897],[128.79911,37.88989],[128.80024,37.89148],[128.80155,37.89223],[128.80226,37.89318],[128.80244,37.89316]]]}},{"type":"Feature","id":"TN_RIVER_BNDRY:WTR0100000000B0PH","properties":{"NF_ID":"WTR0100000000B0PH","admin_code":"51150","source_layer":"TN_RIVER_BNDRY","semantic":"zone","river_class":"소하천","river_class_source":"중심선 공간조인","survey_method":"사진측량"},"geometry":{"type":"Polygon","coordinates":[[[128.80226,37.89329],[128.80226,37.89318],[128.79931,37.89272],[128.79836,37.89196],[128.79767,37.89188],[128.79649,37.89147],[128.79521,37.8901],[128.79452,37.88908],[128.79196,37.88852],[128.79165,37.88853],[128.79082,37.88893],[128.79009,37.88898],[128.78792,37.88957],[128.78785,37.89007],[128.78746,37.89059],[128.78742,37.89105],[128.78698,37.89147],[128.78742,37.89115],[128.78753,37.89055],[128.78789,37.89008],[128.78802,37.88961],[128.7903,37.88898],[128.79091,37.88895],[128.79169,37.88861],[128.79212,37.88863],[128.79395,37.88897],[128.79438,37.88918],[128.79643,37.89152],[128.79766,37.89195],[128.79834,37.89202],[128.79927,37.89278],[128.80061,37.89294],[128.80149,37.89327],[128.80226,37.89329]]]}},{"type":"Feature","id":"TN_RIVER_BNDRY:WTR0100000000B0QI","properties":{"NF_ID":"WTR0100000000B0QI","admin_code":"51150","source_layer":"TN_RIVER_BNDRY","semantic":"zone","river_class":"소하천","river_class_source":"중심선 공간조인","river_name":"향호천","survey_method":"사진측량"},"geometry":{"type":"Polygon","coordinates":[[[128.80796,37.90746],[128.80809,37.9073],[128.80488,37.90038],[128.80031,37.89727],[128.79756,37.89745],[128.79706,37.89775],[128.79593,37.89886],[128.79387,37.89921],[128.79232,37.89972],[128.79116,37.90136],[128.78983,37.90269],[128.78853,37.90375],[128.78729,37.90408],[128.78638,37.90494],[128.78607,37.90476],[128.78631,37.9046],[128.78617,37.90296],[128.78587,37.90282],[128.78583,37.90252],[128.78564,37.9026],[128.78548,37.9024],[128.78527,37.9025],[128.78499,37.90215],[128.78521,37.90186],[128.78446,37.90159],[128.78455,37.90118],[128.78399,37.90152],[128.78372,37.9015],[128.78362,37.90055],[128.78345,37.90052],[128.7829,37.90098],[128.78262,37.9004],[128.78102,37.90079],[128.78085,37.90073],[128.78061,37.90018],[128.7802,37.90025],[128.77856,37.89986],[128.77835,37.90001],[128.77855,37.90031],[128.77965,37.90054],[128.78023,37.90106],[128.78075,37.90125],[128.78219,37.90083],[128.78221,37.90129],[128.78291,37.90204],[128.78378,37.90237],[128.78349,37.90262],[128.78363,37.90281],[128.78393,37.90294],[128.78424,37.90286],[128.78524,37.90353],[128.78518,37.90367],[128.78474,37.90355],[128.78453,37.90363],[128.7848,37.90386],[128.78454,37.90404],[128.7846,37.90455],[128.7843,37.90461],[128.78391,37.90427],[128.78316,37.90423],[128.78284,37.90432],[128.78221,37.90499],[128.78196,37.90462],[128.78063,37.9042],[128.77884,37.90432],[128.77902,37.90466],[128.77962,37.90503],[128.77947,37.90551],[128.77996,37.90559],[128.78033,37.90498],[128.78129,37.9056],[128.78163,37.90625],[128.78192,37.90621],[128.78221,37.90583],[128.78289,37.90537],[128.783,37.90495],[128.78348,37.905],[128.78358,37.90515],[128.78306,37.90592],[128.78311,37.90712],[128.78328,37.90724],[128.78386,37.907],[128.78397,37.90668],[128.78384,37.90648],[128.78403,37.9063],[128.78377,37.90611],[128.78393,37.90594],[128.78417,37.9062],[128.78458,37.90568],[128.78491,37.90553],[128.78526,37.90558],[128.78563,37.905],[128.78579,37.90495],[128.78619,37.90517],[128.78748,37.90409],[128.78868,37.90382],[128.78893,37.90363],[128.7913,37.90142],[128.79243,37.89977],[128.79603,37.8989],[128.79747,37.89761],[128.80018,37.89735],[128.80475,37.90049],[128.80796,37.90746]]]}},{"type":"Feature","id":"TN_RIVER_BNDRY:WTR0100000000B0RJ","properties":{"NF_ID":"WTR0100000000B0RJ","admin_code":"51150","source_layer":"TN_RIVER_BNDRY","semantic":"zone","river_class":"소하천","river_class_source":"중심선 공간조인","river_name":"향천","survey_method":"사진측량"},"geometry":{"type":"Polygon","coordinates":[[[128.80612,37.90979],[128.80607,37.90944],[128.80525,37.90904],[128.80549,37.90894],[128.80564,37.9085],[128.80462,37.90783],[128.80411,37.90802],[128.80378,37.90849],[128.80393,37.90891],[128.80452,37.90908],[128.79826,37.90863],[128.79478,37.91009],[128.79349,37.90973],[128.79288,37.90985],[128.79254,37.91028],[128.79296,37.90987],[128.7935,37.90977],[128.79481,37.91016],[128.79826,37.9087],[128.80535,37.90921],[128.80563,37.90941],[128.80577,37.91003],[128.80612,37.90979]]]}},{"type":"Feature","id":"TN_RIVER_BNDRY:WTR0100000000B0SK","properties":{"NF_ID":"WTR0100000000B0SK","admin_code":"51150","source_layer":"TN_RIVER_BNDRY","semantic":"zone","river_class":"지방하천","river_class_source":"중심선 공간조인","river_name":"강릉남대천","river_code":"1410010","survey_method":"사진측량"},"geometry":{"type":"Polygon","coordinates":[[[128.9504,37.76952],[128.94892,37.76701],[128.94681,37.7682],[128.94511,37.7689],[128.94355,37.76928],[128.94356,37.76946],[128.94336,37.76951],[128.94284,37.76953],[128.94279,37.7694],[128.93978,37.76952],[128.93929,37.76968],[128.93923,37.76951],[128.93047,37.76976],[128.92796,37.76936],[128.92793,37.76949],[128.9277,37.76945],[128.92772,37.76933],[128.92611,37.76907],[128.92575,37.77007],[128.92424,37.76944],[128.92384,37.76889],[128.92309,37.76836],[128.92169,37.76795],[128.92091,37.76752],[128.92051,37.76749],[128.91996,37.76768],[128.91929,37.76738],[128.91876,37.76677],[128.91772,37.76619],[128.91663,37.76593],[128.91594,37.76556],[128.91489,37.76558],[128.91324,37.76467],[128.91174,37.7632],[128.90784,37.75675],[128.90416,37.75369],[128.90404,37.75374],[128.90343,37.75295],[128.90155,37.75161],[128.89838,37.75],[128.89486,37.75],[128.89713,37.75058],[128.89959,37.75191],[128.90225,37.7539],[128.90378,37.75452],[128.90682,37.75707],[128.90744,37.75778],[128.91118,37.76373],[128.91202,37.76465],[128.91303,37.76544],[128.91502,37.76642],[128.92554,37.77076],[128.92548,37.77158],[128.92829,37.77203],[128.92998,37.77216],[128.94333,37.77204],[128.94481,37.77172],[128.94939,37.77029],[128.9504,37.76952]]]}},{"type":"Feature","id":"TN_RIVER_BNDRY:WTR0100000000B0TL","properties":{"NF_ID":"WTR0100000000B0TL","admin_code":"51150","source_layer":"TN_RIVER_BNDRY","semantic":"zone","river_class":"소하천","river_class_source":"중심선 공간조인","survey_method":"사진측량"},"geometry":{"type":"Polygon","coordinates":[[[128.9656,37.75556],[128.96601,37.75545],[128.96609,37.75561],[128.9663,37.75544],[128.96608,37.75539],[128.9662,37.75513],[128.96603,37.75494],[128.96378,37.75525],[128.96312,37.75518],[128.96286,37.75538],[128.96285,37.75509],[128.96103,37.75478],[128.95889,37.75399],[128.95758,37.75401],[128.95595,37.75305],[128.95511,37.75291],[128.9536,37.7519],[128.95359,37.75],[128.95334,37.75],[128.95339,37.75198],[128.95502,37.75308],[128.95585,37.75321],[128.9575,37.75418],[128.95882,37.75416],[128.96306,37.75564],[128.96498,37.75569],[128.9656,37.75556]]]}},{"type":"Feature","id":"TN_RIVER_BNDRY:WTR0100000000B0UM","properties":{"NF_ID":"WTR0100000000B0UM","admin_code":"51150","source_layer":"TN_RIVER_BNDRY","semantic":"zone","river_class":"지방하천","river_class_source":"중심선 공간조인","river_name":"섬석천","river_code":"1420040","survey_method":"사진측량"},"geometry":{"type":"Polygon","coordinates":[[[128.94163,37.75717],[128.94023,37.75596],[128.93938,37.75475],[128.93807,37.75343],[128.93519,37.75],[128.93467,37.75],[128.93685,37.75279],[128.93736,37.75332],[128.9381,37.75374],[128.9397,37.75586],[128.94111,37.7574],[128.94163,37.75717]]]}},{"type":"Feature","id":"TN_RIVER_BNDRY:WTR0100000000B0VN","properties":{"NF_ID":"WTR0100000000B0VN","admin_code":"51150","source_layer":"TN_RIVER_BNDRY","semantic":"zone","river_class":"소하천","river_class_source":"중심선 공간조인","survey_method":"사진측량"},"geometry":{"type":"Polygon","coordinates":[[[128.79405,37.75935],[128.79416,37.75935],[128.79404,37.75871],[128.79532,37.7569],[128.79497,37.75631],[128.79458,37.75602],[128.79427,37.75444],[128.79387,37.75357],[128.79404,37.75325],[128.7945,37.75311],[128.79514,37.75315],[128.79547,37.75292],[128.79567,37.75173],[128.79493,37.75069],[128.79496,37.75048],[128.79558,37.75],[128.79515,37.75021],[128.79489,37.75071],[128.79563,37.75171],[128.79538,37.75292],[128.79521,37.75309],[128.79404,37.75321],[128.79379,37.75368],[128.79414,37.75423],[128.79458,37.75621],[128.79506,37.75651],[128.79524,37.75686],[128.79479,37.75771],[128.79393,37.75871],[128.79405,37.75935]]]}},{"type":"Feature","id":"TN_RIVER_BNDRY:WTR0100000000B0WO","properties":{"NF_ID":"WTR0100000000B0WO","admin_code":"51150","source_layer":"TN_RIVER_BNDRY","semantic":"zone","river_class":"지방하천","river_class_source":"중심선 공간조인","river_name":"사천천","river_code":"1620260","survey_method":"사진측량"},"geometry":{"type":"Polygon","coordinates":[[[128.75032,37.77374],[128.75,37.77369],[128.75,37.77385],[128.75027,37.77395],[128.75032,37.77374]]]}},{"type":"Feature","id":"TN_RIVER_BNDRY:WTR0100000000B0XP","properties":{"NF_ID":"WTR0100000000B0XP","admin_code":"51150","source_layer":"TN_RIVER_BNDRY","semantic":"zone","river_class":"소하천","river_class_source":"중심선 공간조인","survey_method":"사진측량"},"geometry":{"type":"Polygon","coordinates":[[[128.75048,37.77393],[128.75027,37.77395],[128.75,37.77437],[128.75048,37.77393]]]}},{"type":"Feature","id":"TN_RIVER_BNDRY:WTR0100000000B0YQ","properties":{"NF_ID":"WTR0100000000B0YQ","admin_code":"51150","source_layer":"TN_RIVER_BNDRY","semantic":"zone","river_class":"지방하천","river_class_source":"중심선 공간조인","river_name":"신왕천","river_code":"1620250","survey_method":"사진측량"},"geometry":{"type":"Polygon","coordinates":[[[128.75053,37.8012],[128.75,37.80107],[128.75042,37.80149],[128.75,37.80186],[128.75,37.80217],[128.75058,37.80159],[128.75053,37.8012]]]}},{"type":"Feature","id":"TN_RIVER_BNDRY:WTR0100000000B0ZR","properties":{"NF_ID":"WTR0100000000B0ZR","admin_code":"51150","source_layer":"TN_RIVER_BNDRY","semantic":"zone","river_class":"지방하천","river_class_source":"중심선 공간조인","river_name":"신왕천","river_code":"1620250","survey_method":"사진측량"},"geometry":{"type":"Polygon","coordinates":[[[128.76308,37.80974],[128.76272,37.80968],[128.76234,37.80988],[128.76188,37.80957],[128.76184,37.80906],[128.76242,37.80775],[128.76219,37.80725],[128.76167,37.80675],[128.76094,37.80672],[128.7602,37.80756],[128.75995,37.80733],[128.75889,37.80745],[128.75831,37.80732],[128.75786,37.80678],[128.75717,37.80652],[128.7562,37.8069],[128.7558,37.80651],[128.75595,37.80616],[128.75583,37.80602],[128.75435,37.80578],[128.75425,37.80552],[128.75447,37.80526],[128.75575,37.80521],[128.75638,37.80483],[128.75666,37.80391],[128.75639,37.80348],[128.75575,37.80299],[128.75479,37.80272],[128.7547,37.8025],[128.75401,37.80203],[128.75355,37.802],[128.75268,37.80224],[128.75143,37.80218],[128.7511,37.80233],[128.75102,37.8026],[128.75074,37.80267],[128.75048,37.80308],[128.7503,37.80292],[128.75,37.80308],[128.75064,37.80308],[128.75081,37.80271],[128.75135,37.8023],[128.75289,37.80232],[128.75361,37.80203],[128.75399,37.80204],[128.75438,37.80257],[128.75476,37.80283],[128.75563,37.80304],[128.75634,37.80356],[128.75652,37.80392],[128.7565,37.80445],[128.75611,37.80491],[128.75503,37.80519],[128.75431,37.80518],[128.75413,37.80537],[128.75425,37.80579],[128.7545,37.80595],[128.7558,37.80608],[128.75575,37.80677],[128.7561,37.80697],[128.75651,37.80689],[128.75689,37.80659],[128.7575,37.80671],[128.75824,37.80715],[128.75821,37.80734],[128.75891,37.80757],[128.75942,37.80758],[128.75963,37.80741],[128.76027,37.80762],[128.76067,37.80713],[128.76101,37.80696],[128.76192,37.80716],[128.76231,37.80777],[128.7618,37.80892],[128.76176,37.80958],[128.76196,37.80985],[128.76243,37.80999],[128.76295,37.80975],[128.76335,37.81029],[128.76356,37.81025],[128.76308,37.80974]]]}},{"type":"Feature","id":"TN_RIVER_BNDRY:WTR0100000000B10T","properties":{"NF_ID":"WTR0100000000B10T","admin_code":"51150","source_layer":"TN_RIVER_BNDRY","semantic":"zone","river_class":"지방하천","river_class_source":"중심선 공간조인","river_name":"연곡천","river_code":"1620240","survey_method":"사진측량"},"geometry":{"type":"Polygon","coordinates":[[[128.75594,37.85027],[128.75597,37.8492],[128.75195,37.85056],[128.75,37.85023],[128.75,37.85073],[128.75062,37.8509],[128.75229,37.85096],[128.75417,37.85072],[128.75594,37.85027]]]}},{"type":"Feature","id":"TN_RIVER_BNDRY:WTR0100000000B11U","properties":{"NF_ID":"WTR0100000000B11U","admin_code":"51150","source_layer":"TN_RIVER_BNDRY","semantic":"zone","river_class":"지방하천","river_class_source":"중심선 공간조인","river_name":"신리천","river_code":"1620230","survey_method":"사진측량"},"geometry":{"type":"Polygon","coordinates":[[[128.75421,37.88027],[128.75255,37.87958],[128.75,37.8799],[128.75,37.88025],[128.75218,37.87988],[128.7529,37.87999],[128.75382,37.88039],[128.75421,37.88027]]]}},{"type":"Feature","id":"TN_RIVER_BNDRY:WTR0100000000B12V","properties":{"NF_ID":"WTR0100000000B12V","admin_code":"51150","source_layer":"TN_RIVER_BNDRY","semantic":"zone","river_class":"소하천","river_class_source":"중심선 공간조인","river_name":"속색천","survey_method":"사진측량"},"geometry":{"type":"Polygon","coordinates":[[[128.7539,37.88049],[128.75382,37.88039],[128.75301,37.88048],[128.75181,37.88124],[128.75107,37.88322],[128.75039,37.88404],[128.75,37.88426],[128.75043,37.88411],[128.75108,37.88332],[128.75192,37.88125],[128.75314,37.88053],[128.7539,37.88049]]]}},{"type":"Feature","id":"TN_RIVER_BNDRY:WTR0100000000B1C5","properties":{"NF_ID":"WTR0100000000B1C5","admin_code":"51150","source_layer":"TN_RIVER_BNDRY","semantic":"zone","river_class":"지방하천","river_class_source":"중심선 공간조인","river_name":"양양남대천","river_code":"1220010","survey_method":"사진측량"},"geometry":{"type":"Polygon","coordinates":[[[128.63953,37.87987],[128.6385,37.87975],[128.63558,37.87983],[128.63511,37.87967],[128.63468,37.87926],[128.63478,37.8789],[128.63586,37.87819],[128.63608,37.87771],[128.63611,37.87679],[128.63582,37.87609],[128.63522,37.87574],[128.63448,37.87502],[128.63493,37.87388],[128.63479,37.87365],[128.63485,37.87257],[128.63405,37.87144],[128.63368,37.8694],[128.63332,37.86857],[128.63353,37.86711],[128.63347,37.86622],[128.63284,37.86488],[128.63335,37.86456],[128.63244,37.86477],[128.63048,37.86411],[128.63014,37.86354],[128.63029,37.86208],[128.63004,37.86195],[128.62986,37.86293],[128.62994,37.86357],[128.63023,37.86412],[128.63082,37.86455],[128.63247,37.86523],[128.63297,37.86581],[128.63325,37.86682],[128.63298,37.86842],[128.63325,37.86957],[128.63367,37.87134],[128.63459,37.87278],[128.63444,37.87361],[128.63396,37.87453],[128.63444,37.87544],[128.63558,37.87603],[128.63591,37.87665],[128.63591,37.87773],[128.63544,37.87846],[128.63481,37.8787],[128.63441,37.87918],[128.63451,37.87946],[128.63474,37.87974],[128.6358,37.88003],[128.63921,37.88004],[128.63953,37.87987]]]}},{"type":"Feature","id":"TN_RIVER_BNDRY:WTR0100000000B1D6","properties":{"NF_ID":"WTR0100000000B1D6","admin_code":"51150","source_layer":"TN_RIVER_BNDRY","semantic":"zone","river_class":"소하천","river_class_source":"중심선 공간조인","survey_method":"사진측량"},"geometry":{"type":"Polygon","coordinates":[[[128.73505,37.87834],[128.73494,37.87907],[128.73509,37.87935],[128.73505,37.87834]]]}},{"type":"Feature","id":"TN_RIVER_BNDRY:WTR0100000000B1E7","properties":{"NF_ID":"WTR0100000000B1E7","admin_code":"51150","source_layer":"TN_RIVER_BNDRY","semantic":"zone","river_class":"지방하천","river_class_source":"중심선 공간조인","river_name":"신리천","river_code":"1620230","survey_method":"사진측량"},"geometry":{"type":"Polygon","coordinates":[[[128.73119,37.88005],[128.7313,37.88],[128.73067,37.87959],[128.72909,37.8794],[128.7277,37.88029],[128.72459,37.88089],[128.72454,37.87917],[128.72413,37.87934],[128.72396,37.87905],[128.72378,37.87921],[128.72348,37.87911],[128.7233,37.87928],[128.72261,37.87901],[128.72192,37.87918],[128.72173,37.87891],[128.71988,37.87892],[128.71951,37.87873],[128.71921,37.879],[128.71735,37.87908],[128.71729,37.87918],[128.71752,37.87921],[128.71745,37.87963],[128.71504,37.87903],[128.7136,37.87977],[128.71217,37.87983],[128.71127,37.87945],[128.70909,37.87993],[128.70818,37.87966],[128.70653,37.87962],[128.70503,37.87925],[128.70226,37.87949],[128.70166,37.87892],[128.70094,37.8787],[128.70057,37.87836],[128.69988,37.87825],[128.69895,37.87837],[128.69687,37.87805],[128.69641,37.87832],[128.69428,37.87807],[128.69217,37.87856],[128.69175,37.8782],[128.69105,37.87837],[128.69047,37.87829],[128.69013,37.87802],[128.68935,37.87816],[128.68831,37.87771],[128.68754,37.87768],[128.6871,37.87739],[128.68619,37.87759],[128.68563,37.87736],[128.6848,37.87757],[128.68298,37.87712],[128.68158,37.87701],[128.68327,37.87723],[128.68472,37.87762],[128.68519,37.87764],[128.68556,37.87744],[128.68627,37.87766],[128.68713,37.87749],[128.6875,37.87776],[128.68825,37.87777],[128.68938,37.87826],[128.69006,37.8781],[128.6905,37.87837],[128.69115,37.87846],[128.69171,37.87827],[128.69216,37.87865],[128.69425,37.87813],[128.69624,37.8784],[128.69687,37.87812],[128.69889,37.87844],[128.70045,37.8784],[128.70088,37.87875],[128.70142,37.87893],[128.70217,37.87958],[128.70395,37.87942],[128.70462,37.87949],[128.70506,37.87934],[128.70656,37.87978],[128.70782,37.87971],[128.70906,37.88001],[128.71129,37.87954],[128.71232,37.87998],[128.71379,37.87983],[128.71489,37.87918],[128.71556,37.87924],[128.71698,37.87957],[128.71785,37.88003],[128.7188,37.8799],[128.71909,37.88027],[128.72027,37.88004],[128.72088,37.88032],[128.72129,37.88017],[128.72162,37.88041],[128.72332,37.88036],[128.72365,37.88063],[128.72313,37.88084],[128.72335,37.88098],[128.72388,37.88096],[128.72405,37.88113],[128.7276,37.88046],[128.72928,37.87947],[128.73045,37.87965],[128.73119,37.88005]]]}},{"type":"Feature","id":"TN_RIVER_BNDRY:WTR0100000000B1F8","properties":{"NF_ID":"WTR0100000000B1F8","admin_code":"51150","source_layer":"TN_RIVER_BNDRY","semantic":"zone","river_class":"소하천","river_class_source":"중심선 공간조인","survey_method":"사진측량"},"geometry":{"type":"Polygon","coordinates":[[[128.63953,37.87987],[128.63973,37.87993],[128.63967,37.87982],[128.64004,37.87949],[128.64033,37.87854],[128.64055,37.87811],[128.64073,37.87808],[128.64049,37.87808],[128.64002,37.87938],[128.63953,37.87987]]]}},{"type":"Feature","id":"TN_RIVER_BNDRY:WTR0100000000B1G9","properties":{"NF_ID":"WTR0100000000B1G9","admin_code":"51150","source_layer":"TN_RIVER_BNDRY","semantic":"zone","river_class":"소하천","river_class_source":"중심선 공간조인","survey_method":"사진측량"},"geometry":{"type":"Polygon","coordinates":[[[128.715,37.86359],[128.7147,37.864],[128.7131,37.86516],[128.71288,37.86598],[128.71312,37.86533],[128.71477,37.86406],[128.715,37.86359]]]}},{"type":"Feature","id":"TN_RIVER_BNDRY:WTR0100000000B1HA","properties":{"NF_ID":"WTR0100000000B1HA","admin_code":"51150","source_layer":"TN_RIVER_BNDRY","semantic":"zone","river_class":"소하천","river_class_source":"중심선 공간조인","river_name":"거암천","survey_method":"사진측량"},"geometry":{"type":"Polygon","coordinates":[[[128.71503,37.86349],[128.71492,37.86347],[128.71489,37.86357],[128.715,37.86359],[128.71503,37.86349]]]}},{"type":"Feature","id":"TN_RIVER_BNDRY:WTR0100000000B1IB","properties":{"NF_ID":"WTR0100000000B1IB","admin_code":"51150","source_layer":"TN_RIVER_BNDRY","semantic":"zone","river_class":"등급미확인","survey_method":"사진측량"},"geometry":{"type":"Polygon","coordinates":[[[128.71503,37.86349],[128.71543,37.86381],[128.7154,37.86443],[128.71503,37.86492],[128.71418,37.86541],[128.71444,37.86631],[128.71366,37.86688],[128.7137,37.86744],[128.71507,37.86897],[128.71553,37.8689],[128.71624,37.86933],[128.71921,37.8701],[128.71973,37.87004],[128.72055,37.86947],[128.72273,37.86972],[128.72218,37.86951],[128.72052,37.8694],[128.71941,37.86998],[128.71843,37.86964],[128.71767,37.86965],[128.71688,37.86935],[128.71616,37.86926],[128.71559,37.86884],[128.7151,37.86895],[128.71379,37.86745],[128.71373,37.8669],[128.71449,37.86632],[128.71426,37.86544],[128.71511,37.86492],[128.71545,37.86445],[128.7155,37.86379],[128.71503,37.86349]]]}},{"type":"Feature","id":"TN_RIVER_BNDRY:WTR0100000000B1JC","properties":{"NF_ID":"WTR0100000000B1JC","admin_code":"51150","source_layer":"TN_RIVER_BNDRY","semantic":"zone","river_class":"소하천","river_class_source":"중심선 공간조인","river_name":"외계천","survey_method":"사진측량"},"geometry":{"type":"Polygon","coordinates":[[[128.70127,37.84948],[128.70082,37.84957],[128.70066,37.84976],[128.70095,37.85028],[128.70097,37.85141],[128.70065,37.85189],[128.70019,37.85209],[128.69978,37.85259],[128.69983,37.85352],[128.70009,37.85402],[128.69988,37.85262],[128.70027,37.85214],[128.70073,37.85192],[128.70106,37.85137],[128.70113,37.85059],[128.70078,37.84973],[128.70127,37.84948]]]}},{"type":"Feature","id":"TN_RIVER_BNDRY:WTR0100000000B1KD","properties":{"NF_ID":"WTR0100000000B1KD","admin_code":"51150","source_layer":"TN_RIVER_BNDRY","semantic":"zone","river_class":"등급미확인","survey_method":"사진측량"},"geometry":{"type":"Polygon","coordinates":[[[128.70241,37.8268],[128.70194,37.82653],[128.70169,37.82597],[128.70109,37.82547],[128.70085,37.82507],[128.70112,37.82465],[128.70106,37.82432],[128.70143,37.82321],[128.70133,37.82285],[128.69989,37.82151],[128.69826,37.82041],[128.69725,37.82022],[128.69738,37.82037],[128.69821,37.82057],[128.69856,37.82095],[128.70017,37.82198],[128.7012,37.82293],[128.70129,37.82326],[128.70095,37.82461],[128.70064,37.82502],[128.70188,37.82665],[128.70241,37.8268]]]}},{"type":"Feature","id":"TN_RIVER_BNDRY:WTR0100000000B1LE","properties":{"NF_ID":"WTR0100000000B1LE","admin_code":"51150","source_layer":"TN_RIVER_BNDRY","semantic":"zone","river_class":"지방하천","river_class_source":"중심선 공간조인","river_name":"연곡천","river_code":"1620240","survey_method":"사진측량"},"geometry":{"type":"Polygon","coordinates":[[[128.73457,37.84851],[128.73467,37.84809],[128.73443,37.8481],[128.73457,37.84851]]]}},{"type":"Feature","id":"TN_RIVER_BNDRY:WTR0100000000B1MF","properties":{"NF_ID":"WTR0100000000B1MF","admin_code":"51150","source_layer":"TN_RIVER_BNDRY","semantic":"zone","river_class":"지방하천","river_class_source":"중심선 공간조인","river_name":"연곡천","river_code":"1620240","survey_method":"사진측량"},"geometry":{"type":"Polygon","coordinates":[[[128.73991,37.84921],[128.74031,37.84859],[128.73998,37.84861],[128.73991,37.84921]]]}},{"type":"Feature","id":"TN_RIVER_BNDRY:WTR0100000000B1NG","properties":{"NF_ID":"WTR0100000000B1NG","admin_code":"51150","source_layer":"TN_RIVER_BNDRY","semantic":"zone","river_class":"지방하천","river_class_source":"중심선 공간조인","river_name":"연곡천","river_code":"1620240","survey_method":"사진측량"},"geometry":{"type":"Polygon","coordinates":[[[128.73984,37.84921],[128.73998,37.84861],[128.737,37.84845],[128.73629,37.84828],[128.73624,37.84839],[128.73554,37.84822],[128.73576,37.84811],[128.73552,37.848],[128.73534,37.84801],[128.73537,37.84825],[128.73467,37.84809],[128.73457,37.84851],[128.73626,37.84862],[128.73699,37.84905],[128.73834,37.84931],[128.73984,37.84921]]]}},{"type":"Feature","id":"TN_RIVER_BNDRY:WTR0100000000B1OH","properties":{"NF_ID":"WTR0100000000B1OH","admin_code":"51150","source_layer":"TN_RIVER_BNDRY","semantic":"zone","river_class":"소하천","river_class_source":"중심선 공간조인","river_name":"퇴곡천","survey_method":"사진측량"},"geometry":{"type":"Polygon","coordinates":[[[128.73457,37.84851],[128.73295,37.84983],[128.73254,37.84987],[128.7322,37.85045],[128.73156,37.85084],[128.73156,37.85148],[128.73077,37.85189],[128.7298,37.8537],[128.73081,37.85193],[128.73162,37.8515],[128.73161,37.85086],[128.73227,37.85045],[128.73257,37.84989],[128.73301,37.84983],[128.73434,37.84884],[128.73457,37.84851]]]}},{"type":"Feature","id":"TN_RIVER_BNDRY:WTR0100000000B1PI","properties":{"NF_ID":"WTR0100000000B1PI","admin_code":"51150","source_layer":"TN_RIVER_BNDRY","semantic":"zone","river_class":"소하천","river_class_source":"중심선 공간조인","survey_method":"사진측량"},"geometry":{"type":"Polygon","coordinates":[[[128.72678,37.84945],[128.72699,37.85016],[128.72633,37.85067],[128.72619,37.85132],[128.72636,37.85072],[128.72701,37.85018],[128.72678,37.84945]]]}},{"type":"Feature","id":"TN_RIVER_BNDRY:WTR0100000000B1QJ","properties":{"NF_ID":"WTR0100000000B1QJ","admin_code":"51150","source_layer":"TN_RIVER_BNDRY","semantic":"zone","river_class":"소하천","river_class_source":"중심선 공간조인","river_name":"본동천","survey_method":"사진측량"},"geometry":{"type":"Polygon","coordinates":[[[128.73991,37.84921],[128.73931,37.84985],[128.73906,37.8507],[128.7393,37.85211],[128.73838,37.85297],[128.73828,37.85334],[128.73845,37.85338],[128.73853,37.85301],[128.73937,37.85222],[128.73912,37.85074],[128.73933,37.84989],[128.73991,37.84921]]]}},{"type":"Feature","id":"TN_RIVER_BNDRY:WTR0100000000B1RK","properties":{"NF_ID":"WTR0100000000B1RK","admin_code":"51150","source_layer":"TN_RIVER_BNDRY","semantic":"zone","river_class":"소하천","river_class_source":"중심선 공간조인","river_name":"장천동천","survey_method":"사진측량"},"geometry":{"type":"Polygon","coordinates":[[[128.71605,37.82157],[128.71555,37.82096],[128.71547,37.82061],[128.71543,37.82106],[128.71586,37.82164],[128.71605,37.82157]]]}},{"type":"Feature","id":"TN_RIVER_BNDRY:WTR0100000000B1SL","properties":{"NF_ID":"WTR0100000000B1SL","admin_code":"51150","source_layer":"TN_RIVER_BNDRY","semantic":"zone","river_class":"소하천","river_class_source":"중심선 공간조인","river_name":"장천동천","survey_method":"사진측량"},"geometry":{"type":"Polygon","coordinates":[[[128.71547,37.82061],[128.71538,37.82054],[128.7153,37.8206],[128.71531,37.8206],[128.71534,37.82061],[128.71535,37.82062],[128.71536,37.82063],[128.71537,37.82066],[128.71547,37.82061]]]}},{"type":"Feature","id":"TN_RIVER_BNDRY:WTR0100000000B1TM","properties":{"NF_ID":"WTR0100000000B1TM","admin_code":"51150","source_layer":"TN_RIVER_BNDRY","semantic":"zone","river_class":"소하천","river_class_source":"중심선 공간조인","survey_method":"사진측량"},"geometry":{"type":"Polygon","coordinates":[[[128.71538,37.82054],[128.7156,37.82049],[128.71565,37.82014],[128.71538,37.82054]]]}},{"type":"Feature","id":"TN_RIVER_BNDRY:WTR0100000000B1UN","properties":{"NF_ID":"WTR0100000000B1UN","admin_code":"51150","source_layer":"TN_RIVER_BNDRY","semantic":"zone","river_class":"소하천","river_class_source":"중심선 공간조인","survey_method":"사진측량"},"geometry":{"type":"Polygon","coordinates":[[[128.71614,37.81835],[128.71626,37.8182],[128.7158,37.81848],[128.71557,37.81978],[128.71584,37.81855],[128.71614,37.81835]]]}},{"type":"Feature","id":"TN_RIVER_BNDRY:WTR0100000000B1VO","properties":{"NF_ID":"WTR0100000000B1VO","admin_code":"51150","source_layer":"TN_RIVER_BNDRY","semantic":"zone","river_class":"소하천","river_class_source":"중심선 공간조인","survey_method":"사진측량"},"geometry":{"type":"Polygon","coordinates":[[[128.70627,37.81601],[128.70621,37.81601],[128.7062,37.81601],[128.70614,37.81605],[128.70606,37.81611],[128.70606,37.81612],[128.70598,37.8162],[128.70603,37.81618],[128.70609,37.81615],[128.70614,37.8161],[128.70619,37.81607],[128.70619,37.81607],[128.7062,37.81606],[128.70625,37.81606],[128.70628,37.81602],[128.70627,37.81601]]]}},{"type":"Feature","id":"TN_RIVER_BNDRY:WTR0100000000B1WP","properties":{"NF_ID":"WTR0100000000B1WP","admin_code":"51150","source_layer":"TN_RIVER_BNDRY","semantic":"zone","river_class":"소하천","river_class_source":"중심선 공간조인","river_name":"장천동천","survey_method":"사진측량"},"geometry":{"type":"Polygon","coordinates":[[[128.71538,37.82054],[128.71489,37.82011],[128.71408,37.81999],[128.71538,37.82054]]]}},{"type":"Feature","id":"TN_RIVER_BNDRY:WTR0100000000B1XQ","properties":{"NF_ID":"WTR0100000000B1XQ","admin_code":"51150","source_layer":"TN_RIVER_BNDRY","semantic":"zone","river_class":"소하천","river_class_source":"중심선 공간조인","river_name":"장천동천","survey_method":"사진측량"},"geometry":{"type":"Polygon","coordinates":[[[128.71417,37.82012],[128.71408,37.81999],[128.71365,37.81999],[128.71382,37.82015],[128.71417,37.82012]]]}},{"type":"Feature","id":"TN_RIVER_BNDRY:WTR0100000000B1YR","properties":{"NF_ID":"WTR0100000000B1YR","admin_code":"51150","source_layer":"TN_RIVER_BNDRY","semantic":"zone","river_class":"소하천","river_class_source":"중심선 공간조인","river_name":"장천동천","survey_method":"사진측량"},"geometry":{"type":"Polygon","coordinates":[[[128.71417,37.82012],[128.71382,37.82015],[128.7148,37.82075],[128.71417,37.82012]]]}},{"type":"Feature","id":"TN_RIVER_BNDRY:WTR0100000000B1ZS","properties":{"NF_ID":"WTR0100000000B1ZS","admin_code":"51150","source_layer":"TN_RIVER_BNDRY","semantic":"zone","river_class":"소하천","river_class_source":"중심선 공간조인","survey_method":"사진측량"},"geometry":{"type":"Polygon","coordinates":[[[128.71586,37.82164],[128.71505,37.82134],[128.71546,37.82165],[128.71586,37.82164]]]}},{"type":"Feature","id":"TN_RIVER_BNDRY:WTR0100000000B20U","properties":{"NF_ID":"WTR0100000000B20U","admin_code":"51150","source_layer":"TN_RIVER_BNDRY","semantic":"zone","river_class":"소하천","river_class_source":"중심선 공간조인","river_name":"장천동천","survey_method":"사진측량"},"geometry":{"type":"Polygon","coordinates":[[[128.71605,37.82157],[128.71587,37.82168],[128.71624,37.82169],[128.71605,37.82157]]]}},{"type":"Feature","id":"TN_RIVER_BNDRY:WTR0100000000B21V","properties":{"NF_ID":"WTR0100000000B21V","admin_code":"51150","source_layer":"TN_RIVER_BNDRY","semantic":"zone","river_class":"지방하천","river_class_source":"중심선 공간조인","river_name":"연곡천","river_code":"1620240","survey_method":"사진측량"},"geometry":{"type":"Polygon","coordinates":[[[128.72115,37.84813],[128.7211,37.84784],[128.71977,37.84823],[128.71877,37.8482],[128.7166,37.84749],[128.71553,37.84741],[128.71374,37.84697],[128.71316,37.84667],[128.71273,37.8469],[128.71176,37.8469],[128.7114,37.84668],[128.71126,37.84683],[128.71193,37.84705],[128.71302,37.84693],[128.71394,37.84724],[128.71643,37.84768],[128.71845,37.84844],[128.72047,37.8485],[128.72066,37.84824],[128.72115,37.84813]]]}},{"type":"Feature","id":"TN_RIVER_BNDRY:WTR0100000000B22W","properties":{"NF_ID":"WTR0100000000B22W","admin_code":"51150","source_layer":"TN_RIVER_BNDRY","semantic":"zone","river_class":"소하천","river_class_source":"중심선 공간조인","river_name":"장천동천","survey_method":"사진측량"},"geometry":{"type":"Polygon","coordinates":[[[128.71624,37.82169],[128.71588,37.82172],[128.71629,37.82181],[128.71683,37.82253],[128.71644,37.82427],[128.71669,37.82447],[128.71718,37.82579],[128.71769,37.82596],[128.71802,37.82587],[128.71805,37.82598],[128.71925,37.82597],[128.7198,37.82671],[128.72029,37.82666],[128.72035,37.82685],[128.72045,37.82669],[128.72084,37.82675],[128.72114,37.82658],[128.72142,37.82676],[128.72164,37.82668],[128.72223,37.82681],[128.72269,37.82713],[128.72283,37.82741],[128.7227,37.82765],[128.72296,37.82766],[128.7231,37.82726],[128.7229,37.82733],[128.72226,37.82673],[128.72156,37.82661],[128.72157,37.82651],[128.7214,37.82665],[128.72095,37.82643],[128.71986,37.82658],[128.71948,37.82588],[128.71876,37.82576],[128.71771,37.82587],[128.71747,37.82576],[128.71715,37.8254],[128.71682,37.82447],[128.71658,37.82434],[128.71697,37.82262],[128.71679,37.82218],[128.71624,37.82169]]]}},{"type":"Feature","id":"TN_RIVER_BNDRY:WTR0100000000B23X","properties":{"NF_ID":"WTR0100000000B23X","admin_code":"51150","source_layer":"TN_RIVER_BNDRY","semantic":"zone","river_class":"소하천","river_class_source":"중심선 공간조인","survey_method":"사진측량"},"geometry":{"type":"Polygon","coordinates":[[[128.72279,37.82768],[128.72245,37.82819],[128.7227,37.82811],[128.72292,37.82771],[128.72279,37.82768]]]}},{"type":"Feature","id":"TN_RIVER_BNDRY:WTR0100000000B24Y","properties":{"NF_ID":"WTR0100000000B24Y","admin_code":"51150","source_layer":"TN_RIVER_BNDRY","semantic":"zone","river_class":"소하천","river_class_source":"중심선 공간조인","river_name":"장천동천","survey_method":"사진측량"},"geometry":{"type":"Polygon","coordinates":[[[128.72267,37.82785],[128.7204,37.82928],[128.72025,37.83],[128.71762,37.83274],[128.71638,37.8348],[128.71624,37.83533],[128.71669,37.83631],[128.71687,37.83726],[128.71681,37.83812],[128.71603,37.83977],[128.71552,37.84021],[128.71566,37.84032],[128.71594,37.84013],[128.71671,37.83895],[128.71712,37.83746],[128.71696,37.83662],[128.71653,37.83584],[128.71652,37.83505],[128.71675,37.83456],[128.71776,37.83286],[128.72043,37.83001],[128.72041,37.82954],[128.72065,37.8292],[128.72207,37.82845],[128.72267,37.82785]]]}},{"type":"Feature","id":"TN_RIVER_BNDRY:WTR0100000000B25Z","properties":{"NF_ID":"WTR0100000000B25Z","admin_code":"51150","source_layer":"TN_RIVER_BNDRY","semantic":"zone","river_class":"소하천","river_class_source":"중심선 공간조인","river_name":"장천동천","survey_method":"사진측량"},"geometry":{"type":"Polygon","coordinates":[[[128.72279,37.82768],[128.7227,37.82765],[128.72267,37.82769],[128.72262,37.82776],[128.72261,37.82778],[128.72267,37.82785],[128.72279,37.82768]]]}},{"type":"Feature","id":"TN_RIVER_BNDRY:WTR0100000000B260","properties":{"NF_ID":"WTR0100000000B260","admin_code":"51150","source_layer":"TN_RIVER_BNDRY","semantic":"zone","river_class":"소하천","river_class_source":"중심선 공간조인","river_name":"장천동천","survey_method":"사진측량"},"geometry":{"type":"Polygon","coordinates":[[[128.72153,37.84764],[128.72093,37.84635],[128.72065,37.84607],[128.72079,37.84535],[128.72143,37.84448],[128.72095,37.84264],[128.7206,37.84255],[128.71971,37.84284],[128.71893,37.84281],[128.71782,37.84238],[128.71735,37.8418],[128.71705,37.84179],[128.71686,37.84194],[128.71633,37.84182],[128.71611,37.84201],[128.71576,37.84196],[128.71531,37.8417],[128.71528,37.84109],[128.71511,37.84117],[128.71559,37.84042],[128.71538,37.8403],[128.71469,37.84141],[128.71485,37.84195],[128.7153,37.8422],[128.71573,37.84224],[128.71584,37.84211],[128.71612,37.84215],[128.71629,37.84192],[128.71681,37.84202],[128.71723,37.84187],[128.71764,37.84243],[128.7192,37.84308],[128.71933,37.8429],[128.71953,37.84299],[128.7206,37.84264],[128.7208,37.84269],[128.721,37.8436],[128.72118,37.84374],[128.72128,37.84458],[128.72069,37.84518],[128.7203,37.84607],[128.72058,37.84635],[128.72092,37.84764],[128.72113,37.84771],[128.7211,37.84784],[128.72153,37.84764]]]}},{"type":"Feature","id":"TN_RIVER_BNDRY:WTR0100000000B271","properties":{"NF_ID":"WTR0100000000B271","admin_code":"51150","source_layer":"TN_RIVER_BNDRY","semantic":"zone","river_class":"소하천","river_class_source":"중심선 공간조인","river_name":"장천동천","survey_method":"사진측량"},"geometry":{"type":"Polygon","coordinates":[[[128.71566,37.84032],[128.71552,37.84021],[128.71538,37.8403],[128.71559,37.84042],[128.71566,37.84032]]]}},{"type":"Feature","id":"TN_RIVER_BNDRY:WTR0100000000B282","properties":{"NF_ID":"WTR0100000000B282","admin_code":"51150","source_layer":"TN_RIVER_BNDRY","semantic":"zone","river_class":"소하천","river_class_source":"중심선 공간조인","survey_method":"사진측량"},"geometry":{"type":"Polygon","coordinates":[[[128.70369,37.84565],[128.70369,37.84547],[128.70312,37.84549],[128.70216,37.84576],[128.70247,37.8459],[128.70293,37.84567],[128.70369,37.84565]]]}},{"type":"Feature","id":"TN_RIVER_BNDRY:WTR0100000000B293","properties":{"NF_ID":"WTR0100000000B293","admin_code":"51150","source_layer":"TN_RIVER_BNDRY","semantic":"zone","river_class":"소하천","river_class_source":"중심선 공간조인","survey_method":"사진측량"},"geometry":{"type":"Polygon","coordinates":[[[128.70474,37.84604],[128.70378,37.84547],[128.70382,37.84565],[128.70426,37.84582],[128.7045,37.84614],[128.70474,37.84604]]]}},{"type":"Feature","id":"TN_RIVER_BNDRY:WTR0100000000B2A4","properties":{"NF_ID":"WTR0100000000B2A4","admin_code":"51150","source_layer":"TN_RIVER_BNDRY","semantic":"zone","river_class":"지방하천","river_class_source":"중심선 공간조인","river_name":"연곡천","river_code":"1620240","survey_method":"사진측량"},"geometry":{"type":"Polygon","coordinates":[[[128.70489,37.84614],[128.70474,37.84604],[128.7045,37.84614],[128.70474,37.84627],[128.70489,37.84614]]]}},{"type":"Feature","id":"TN_RIVER_BNDRY:WTR0100000000B2B5","properties":{"NF_ID":"WTR0100000000B2B5","admin_code":"51150","source_layer":"TN_RIVER_BNDRY","semantic":"zone","river_class":"지방하천","river_class_source":"중심선 공간조인","river_name":"연곡천","river_code":"1620240","survey_method":"사진측량"},"geometry":{"type":"Polygon","coordinates":[[[128.71131,37.84663],[128.70767,37.84598],[128.70572,37.84619],[128.70489,37.84614],[128.70474,37.84627],[128.70598,37.84635],[128.70628,37.84621],[128.70806,37.84612],[128.71118,37.84679],[128.71131,37.84663]]]}},{"type":"Feature","id":"TN_RIVER_BNDRY:WTR0100000000B2C6","properties":{"NF_ID":"WTR0100000000B2C6","admin_code":"51150","source_layer":"TN_RIVER_BNDRY","semantic":"zone","river_class":"지방하천","river_class_source":"중심선 공간조인","river_name":"연곡천","river_code":"1620240","survey_method":"사진측량"},"geometry":{"type":"Polygon","coordinates":[[[128.7114,37.84668],[128.71138,37.84666],[128.71132,37.84663],[128.71131,37.84663],[128.71118,37.84679],[128.71126,37.84683],[128.7114,37.84668]]]}},{"type":"Feature","id":"TN_RIVER_BNDRY:WTR0100000000B2D7","properties":{"NF_ID":"WTR0100000000B2D7","admin_code":"51150","source_layer":"TN_RIVER_BNDRY","semantic":"zone","river_class":"지방하천","river_class_source":"중심선 공간조인","river_name":"연곡천","river_code":"1620240","survey_method":"사진측량"},"geometry":{"type":"Polygon","coordinates":[[[128.72317,37.84854],[128.72318,37.84786],[128.72182,37.84779],[128.72153,37.84764],[128.72155,37.84814],[128.72258,37.84857],[128.72317,37.84854]]]}},{"type":"Feature","id":"TN_RIVER_BNDRY:WTR0100000000B2E8","properties":{"NF_ID":"WTR0100000000B2E8","admin_code":"51150","source_layer":"TN_RIVER_BNDRY","semantic":"zone","river_class":"지방하천","river_class_source":"중심선 공간조인","river_name":"연곡천","river_code":"1620240","survey_method":"사진측량"},"geometry":{"type":"Polygon","coordinates":[[[128.72153,37.84764],[128.7211,37.84784],[128.72115,37.84813],[128.72155,37.84814],[128.72153,37.84764]]]}},{"type":"Feature","id":"TN_RIVER_BNDRY:WTR0100000000B2F9","properties":{"NF_ID":"WTR0100000000B2F9","admin_code":"51150","source_layer":"TN_RIVER_BNDRY","semantic":"zone","river_class":"지방하천","river_class_source":"중심선 공간조인","river_name":"연곡천","river_code":"1620240","survey_method":"사진측량"},"geometry":{"type":"Polygon","coordinates":[[[128.70474,37.84627],[128.7045,37.84614],[128.70338,37.84626],[128.70247,37.8459],[128.70229,37.8462],[128.70377,37.84648],[128.70474,37.84627]]]}},{"type":"Feature","id":"TN_RIVER_BNDRY:WTR0100000000B2GA","properties":{"NF_ID":"WTR0100000000B2GA","admin_code":"51150","source_layer":"TN_RIVER_BNDRY","semantic":"zone","river_class":"지방하천","river_class_source":"중심선 공간조인","river_name":"연곡천","river_code":"1620240","survey_method":"사진측량"},"geometry":{"type":"Polygon","coordinates":[[[128.70247,37.8459],[128.70216,37.84576],[128.70188,37.84619],[128.70229,37.8462],[128.70247,37.8459]]]}},{"type":"Feature","id":"TN_RIVER_BNDRY:WTR0100000000B2HB","properties":{"NF_ID":"WTR0100000000B2HB","admin_code":"51150","source_layer":"TN_RIVER_BNDRY","semantic":"zone","river_class":"소하천","river_class_source":"중심선 공간조인","survey_method":"사진측량"},"geometry":{"type":"Polygon","coordinates":[[[128.70378,37.84547],[128.70369,37.84565],[128.70382,37.84565],[128.70378,37.84547]]]}},{"type":"Feature","id":"TN_RIVER_BNDRY:WTR0100000000B2IC","properties":{"NF_ID":"WTR0100000000B2IC","admin_code":"51150","source_layer":"TN_RIVER_BNDRY","semantic":"zone","river_class":"지방하천","river_class_source":"중심선 공간조인","river_name":"연곡천","river_code":"1620240","survey_method":"사진측량"},"geometry":{"type":"Polygon","coordinates":[[[128.72355,37.84792],[128.72318,37.84786],[128.72317,37.84854],[128.72355,37.84792]]]}},{"type":"Feature","id":"TN_RIVER_BNDRY:WTR0100000000B2JD","properties":{"NF_ID":"WTR0100000000B2JD","admin_code":"51150","source_layer":"TN_RIVER_BNDRY","semantic":"zone","river_class":"소하천","river_class_source":"중심선 공간조인","river_name":"외계천","survey_method":"사진측량"},"geometry":{"type":"Polygon","coordinates":[[[128.70125,37.84946],[128.70169,37.84908],[128.70149,37.84866],[128.70147,37.84786],[128.70141,37.84861],[128.70163,37.849],[128.70125,37.84946]]]}},{"type":"Feature","id":"TN_RIVER_BNDRY:WTR0100000000B2KE","properties":{"NF_ID":"WTR0100000000B2KE","admin_code":"51150","source_layer":"TN_RIVER_BNDRY","semantic":"zone","river_class":"지방하천","river_class_source":"중심선 공간조인","river_name":"연곡천","river_code":"1620240","survey_method":"사진측량"},"geometry":{"type":"Polygon","coordinates":[[[128.73443,37.8481],[128.72933,37.84765],[128.72929,37.84751],[128.72858,37.84736],[128.72785,37.84667],[128.72756,37.8466],[128.72679,37.84667],[128.72553,37.84725],[128.72492,37.84784],[128.72355,37.84792],[128.72322,37.84855],[128.7241,37.8486],[128.72563,37.8482],[128.72754,37.84714],[128.72828,37.84764],[128.72871,37.84758],[128.72902,37.84785],[128.72981,37.84813],[128.73447,37.84852],[128.73443,37.8481]]]}},{"type":"Feature","id":"TN_RIVER_BNDRY:WTR0100000000B2LF","properties":{"NF_ID":"WTR0100000000B2LF","admin_code":"51150","source_layer":"TN_RIVER_BNDRY","semantic":"zone","river_class":"소하천","river_class_source":"중심선 공간조인","survey_method":"사진측량"},"geometry":{"type":"Polygon","coordinates":[[[128.70369,37.84547],[128.70364,37.84495],[128.70414,37.84452],[128.7042,37.84383],[128.70342,37.84196],[128.7034,37.8423],[128.70391,37.84307],[128.70415,37.84382],[128.70408,37.84449],[128.70356,37.84492],[128.70369,37.84547]]]}},{"type":"Feature","id":"TN_RIVER_BNDRY:WTR0100000000B2MG","properties":{"NF_ID":"WTR0100000000B2MG","admin_code":"51150","source_layer":"TN_RIVER_BNDRY","semantic":"zone","river_class":"소하천","river_class_source":"중심선 공간조인","river_name":"내동천","survey_method":"사진측량"},"geometry":{"type":"Polygon","coordinates":[[[128.71552,37.84021],[128.71516,37.8398],[128.71453,37.83971],[128.71429,37.83951],[128.71466,37.83868],[128.71449,37.83835],[128.71428,37.8383],[128.71397,37.83855],[128.71369,37.83854],[128.71331,37.83816],[128.71328,37.83757],[128.71219,37.83762],[128.71183,37.83747],[128.71182,37.83733],[128.71267,37.83686],[128.71269,37.83638],[128.71091,37.83553],[128.71045,37.83471],[128.70919,37.83429],[128.70887,37.83375],[128.70821,37.83325],[128.70787,37.83247],[128.70783,37.83104],[128.70767,37.83066],[128.70699,37.83018],[128.70656,37.8296],[128.70509,37.82909],[128.70429,37.82856],[128.70233,37.8268],[128.70253,37.82719],[128.70419,37.82859],[128.70498,37.82914],[128.70638,37.82964],[128.70671,37.83011],[128.70756,37.83074],[128.70779,37.83243],[128.70809,37.83327],[128.70786,37.83333],[128.70868,37.83372],[128.70924,37.83438],[128.71036,37.83474],[128.711,37.83566],[128.71263,37.83643],[128.71257,37.83683],[128.71182,37.83724],[128.71173,37.8375],[128.7121,37.83768],[128.71285,37.8376],[128.71322,37.83771],[128.71322,37.83825],[128.7136,37.83858],[128.71396,37.8386],[128.7144,37.83838],[128.71453,37.8387],[128.71425,37.83956],[128.71451,37.83976],[128.71515,37.83986],[128.71541,37.8401],[128.71538,37.8403],[128.71552,37.84021]]]}},{"type":"Feature","id":"TN_RIVER_BNDRY:WTR0100000000B2NH","properties":{"NF_ID":"WTR0100000000B2NH","admin_code":"51150","source_layer":"TN_RIVER_BNDRY","semantic":"zone","river_class":"소하천","river_class_source":"중심선 공간조인","survey_method":"사진측량"},"geometry":{"type":"Polygon","coordinates":[[[128.71126,37.84683],[128.70971,37.84724],[128.70936,37.84748],[128.70893,37.8482],[128.7091,37.84915],[128.7084,37.8494],[128.70755,37.84937],[128.70621,37.85115],[128.70621,37.85186],[128.7063,37.85113],[128.70762,37.84942],[128.70839,37.84947],[128.70917,37.84911],[128.70901,37.84811],[128.70947,37.84746],[128.70981,37.84726],[128.71102,37.84703],[128.71126,37.84683]]]}},{"type":"Feature","id":"TN_RIVER_BNDRY:WTR0100000000B2OI","properties":{"NF_ID":"WTR0100000000B2OI","admin_code":"51150","source_layer":"TN_RIVER_BNDRY","semantic":"zone","river_class":"소하천","river_class_source":"중심선 공간조인","river_name":"거암천","survey_method":"사진측량"},"geometry":{"type":"Polygon","coordinates":[[[128.72322,37.84855],[128.7221,37.85011],[128.72095,37.85039],[128.71998,37.85092],[128.71995,37.85128],[128.72038,37.85203],[128.71958,37.85299],[128.72001,37.85339],[128.71999,37.85356],[128.71918,37.85415],[128.71865,37.85482],[128.71795,37.85499],[128.71697,37.85668],[128.71706,37.85683],[128.71804,37.85509],[128.71884,37.85484],[128.71931,37.85416],[128.72005,37.85362],[128.72009,37.85337],[128.7197,37.85296],[128.72048,37.8521],[128.72005,37.85117],[128.72012,37.85092],[128.72116,37.85042],[128.72217,37.85015],[128.72291,37.84922],[128.72322,37.84855]]]}},{"type":"Feature","id":"TN_RIVER_BNDRY:WTR0100000000B2PJ","properties":{"NF_ID":"WTR0100000000B2PJ","admin_code":"51150","source_layer":"TN_RIVER_BNDRY","semantic":"zone","river_class":"소하천","river_class_source":"중심선 공간조인","survey_method":"사진측량"},"geometry":{"type":"Polygon","coordinates":[[[128.71706,37.85683],[128.71694,37.8569],[128.71732,37.85734],[128.71706,37.85683]]]}},{"type":"Feature","id":"TN_RIVER_BNDRY:WTR0100000000B2QK","properties":{"NF_ID":"WTR0100000000B2QK","admin_code":"51150","source_layer":"TN_RIVER_BNDRY","semantic":"zone","river_class":"소하천","river_class_source":"중심선 공간조인","river_name":"거암천","survey_method":"사진측량"},"geometry":{"type":"Polygon","coordinates":[[[128.71694,37.8569],[128.71687,37.85677],[128.71675,37.85687],[128.71649,37.85729],[128.71639,37.85789],[128.71655,37.85809],[128.71659,37.85728],[128.71694,37.8569]]]}},{"type":"Feature","id":"TN_RIVER_BNDRY:WTR0100000000B2RL","properties":{"NF_ID":"WTR0100000000B2RL","admin_code":"51150","source_layer":"TN_RIVER_BNDRY","semantic":"zone","river_class":"소하천","river_class_source":"중심선 공간조인","river_name":"거암천","survey_method":"사진측량"},"geometry":{"type":"Polygon","coordinates":[[[128.71655,37.85809],[128.71648,37.85818],[128.71677,37.85831],[128.71681,37.85854],[128.71634,37.85896],[128.71566,37.86053],[128.71562,37.86219],[128.71492,37.86347],[128.71568,37.86228],[128.71572,37.8606],[128.71644,37.859],[128.71695,37.85849],[128.71655,37.85809]]]}},{"type":"Feature","id":"TN_RIVER_BNDRY:WTR0100000000B2SM","properties":{"NF_ID":"WTR0100000000B2SM","admin_code":"51150","source_layer":"TN_RIVER_BNDRY","semantic":"zone","river_class":"소하천","river_class_source":"중심선 공간조인","survey_method":"사진측량"},"geometry":{"type":"Polygon","coordinates":[[[128.71648,37.85818],[128.71618,37.85878],[128.71584,37.85903],[128.71489,37.85914],[128.71389,37.859],[128.71333,37.85931],[128.71226,37.85914],[128.71171,37.85888],[128.71104,37.859],[128.71038,37.85885],[128.70998,37.85895],[128.70933,37.85833],[128.70899,37.85828],[128.70862,37.8584],[128.70796,37.85918],[128.7068,37.85949],[128.70799,37.8592],[128.70865,37.85844],[128.70901,37.85832],[128.70929,37.85835],[128.70997,37.85901],[128.71036,37.8589],[128.7111,37.85906],[128.71167,37.85893],[128.71237,37.85923],[128.71333,37.85936],[128.71369,37.85928],[128.71392,37.85904],[128.71485,37.85918],[128.7159,37.85906],[128.71628,37.85875],[128.71648,37.85818]]]}},{"type":"Feature","id":"TN_RIVER_BNDRY:WTR0100000000B2TN","properties":{"NF_ID":"WTR0100000000B2TN","admin_code":"51150","source_layer":"TN_RIVER_BNDRY","semantic":"zone","river_class":"소하천","river_class_source":"중심선 공간조인","river_name":"거암천","survey_method":"사진측량"},"geometry":{"type":"Polygon","coordinates":[[[128.71655,37.85809],[128.71641,37.85805],[128.71641,37.85816],[128.71655,37.85809]]]}},{"type":"Feature","id":"TN_RIVER_BNDRY:WTR0100000000B2UO","properties":{"NF_ID":"WTR0100000000B2UO","admin_code":"51150","source_layer":"TN_RIVER_BNDRY","semantic":"zone","river_class":"소하천","river_class_source":"중심선 공간조인","survey_method":"사진측량"},"geometry":{"type":"Polygon","coordinates":[[[128.71706,37.85683],[128.71697,37.85668],[128.71694,37.8569],[128.71706,37.85683]]]}},{"type":"Feature","id":"TN_RIVER_BNDRY:WTR0100000000B31W","properties":{"NF_ID":"WTR0100000000B31W","admin_code":"51150","source_layer":"TN_RIVER_BNDRY","semantic":"zone","river_class":"소하천","river_class_source":"중심선 공간조인","survey_method":"사진측량"},"geometry":{"type":"Polygon","coordinates":[[[128.68473,37.80187],[128.68458,37.80181],[128.68448,37.80192],[128.68473,37.80187]]]}},{"type":"Feature","id":"TN_RIVER_BNDRY:WTR0100000000B32X","properties":{"NF_ID":"WTR0100000000B32X","admin_code":"51150","source_layer":"TN_RIVER_BNDRY","semantic":"zone","river_class":"소하천","river_class_source":"중심선 공간조인","river_name":"장천동천","survey_method":"사진측량"},"geometry":{"type":"Polygon","coordinates":[[[128.71382,37.82015],[128.71365,37.81999],[128.71243,37.82004],[128.71139,37.81983],[128.71032,37.81928],[128.70994,37.81867],[128.70975,37.81863],[128.70968,37.8177],[128.70836,37.81682],[128.70783,37.81554],[128.70746,37.81511],[128.70639,37.81448],[128.70589,37.81341],[128.70483,37.81319],[128.7024,37.81324],[128.70209,37.81245],[128.70253,37.8116],[128.70079,37.81045],[128.69976,37.81029],[128.69758,37.81062],[128.69713,37.81002],[128.6971,37.80915],[128.69647,37.80805],[128.6941,37.80695],[128.69376,37.80665],[128.69374,37.8064],[128.69338,37.80623],[128.69174,37.80616],[128.69077,37.80558],[128.69016,37.80546],[128.68936,37.80547],[128.68865,37.80567],[128.68839,37.80536],[128.68898,37.8049],[128.68887,37.80444],[128.68473,37.80187],[128.68468,37.80212],[128.68802,37.80393],[128.68885,37.80459],[128.6889,37.80485],[128.68823,37.80536],[128.68849,37.80574],[128.68885,37.80581],[128.68914,37.80558],[128.69006,37.80555],[128.69079,37.80576],[128.6916,37.80625],[128.69266,37.80623],[128.6935,37.80639],[128.69394,37.80696],[128.69579,37.80777],[128.69658,37.8083],[128.69699,37.80915],[128.6971,37.81038],[128.69756,37.81066],[128.69837,37.81071],[128.69985,37.81035],[128.69978,37.81044],[128.70031,37.8104],[128.70097,37.81063],[128.70103,37.81087],[128.70141,37.81089],[128.7024,37.81159],[128.70198,37.81235],[128.70193,37.81283],[128.70236,37.81327],[128.70517,37.81333],[128.70588,37.81366],[128.7059,37.814],[128.70627,37.81446],[128.70676,37.81468],[128.70673,37.81485],[128.70769,37.8157],[128.70841,37.81702],[128.70948,37.81762],[128.70953,37.8184],[128.70981,37.81891],[128.71064,37.81977],[128.71258,37.82017],[128.71382,37.82015]]]}},{"type":"Feature","id":"TN_RIVER_BNDRY:WTR0100000000B33Y","properties":{"NF_ID":"WTR0100000000B33Y","admin_code":"51150","source_layer":"TN_RIVER_BNDRY","semantic":"zone","river_class":"소하천","river_class_source":"중심선 공간조인","survey_method":"사진측량"},"geometry":{"type":"Polygon","coordinates":[[[128.68458,37.80181],[128.68473,37.80187],[128.68505,37.80149],[128.68492,37.80117],[128.68516,37.80081],[128.68518,37.80028],[128.68495,37.79975],[128.68669,37.79947],[128.68736,37.79877],[128.68649,37.79704],[128.68667,37.7965],[128.68689,37.79638],[128.68808,37.79666],[128.68866,37.79629],[128.68893,37.79587],[128.6895,37.79568],[128.68958,37.79542],[128.68927,37.79503],[128.69046,37.79477],[128.69067,37.79458],[128.69007,37.7935],[128.69009,37.79293],[128.69193,37.79259],[128.6927,37.79263],[128.69304,37.79223],[128.69296,37.79144],[128.69276,37.79128],[128.69248,37.79123],[128.69286,37.79147],[128.69299,37.79223],[128.69264,37.79257],[128.69195,37.79251],[128.69002,37.79289],[128.69,37.7935],[128.69058,37.79458],[128.69037,37.79475],[128.68962,37.79481],[128.68914,37.79506],[128.68943,37.79534],[128.68943,37.79566],[128.68887,37.79581],[128.68851,37.79635],[128.68815,37.79658],[128.68667,37.79636],[128.6864,37.79704],[128.68728,37.79878],[128.68666,37.79942],[128.68489,37.79969],[128.68511,37.80054],[128.68483,37.80157],[128.68458,37.80181]]]}},{"type":"Feature","id":"TN_RIVER_BNDRY:WTR0100000000B34Z","properties":{"NF_ID":"WTR0100000000B34Z","admin_code":"51150","source_layer":"TN_RIVER_BNDRY","semantic":"zone","river_class":"소하천","river_class_source":"중심선 공간조인","survey_method":"사진측량"},"geometry":{"type":"Polygon","coordinates":[[[128.67935,37.84562],[128.67835,37.84723],[128.67855,37.84803],[128.67842,37.84721],[128.67935,37.84562]]]}},{"type":"Feature","id":"TN_RIVER_BNDRY:WTR0100000000B350","properties":{"NF_ID":"WTR0100000000B350","admin_code":"51150","source_layer":"TN_RIVER_BNDRY","semantic":"zone","river_class":"지방하천","river_class_source":"중심선 공간조인","river_name":"연곡천","river_code":"1620240","survey_method":"사진측량"},"geometry":{"type":"Polygon","coordinates":[[[128.67935,37.84562],[128.67939,37.84534],[128.67926,37.84536],[128.67935,37.84562]]]}},{"type":"Feature","id":"TN_RIVER_BNDRY:WTR0100000000B361","properties":{"NF_ID":"WTR0100000000B361","admin_code":"51150","source_layer":"TN_RIVER_BNDRY","semantic":"zone","river_class":"지방하천","river_class_source":"중심선 공간조인","river_name":"연곡천","river_code":"1620240","survey_method":"사진측량"},"geometry":{"type":"Polygon","coordinates":[[[128.68777,37.84683],[128.6873,37.84686],[128.68719,37.84727],[128.68777,37.84683]]]}},{"type":"Feature","id":"TN_RIVER_BNDRY:WTR0100000000B372","properties":{"NF_ID":"WTR0100000000B372","admin_code":"51150","source_layer":"TN_RIVER_BNDRY","semantic":"zone","river_class":"소하천","river_class_source":"중심선 공간조인","survey_method":"사진측량"},"geometry":{"type":"Polygon","coordinates":[[[128.6993,37.8481],[128.69954,37.84857],[128.69946,37.84886],[128.69957,37.8485],[128.6993,37.8481]]]}},{"type":"Feature","id":"TN_RIVER_BNDRY:WTR0100000000B383","properties":{"NF_ID":"WTR0100000000B383","admin_code":"51150","source_layer":"TN_RIVER_BNDRY","semantic":"zone","river_class":"지방하천","river_class_source":"중심선 공간조인","river_name":"연곡천","river_code":"1620240","survey_method":"사진측량"},"geometry":{"type":"Polygon","coordinates":[[[128.6873,37.84686],[128.68648,37.84694],[128.68486,37.84656],[128.68232,37.84561],[128.67939,37.84534],[128.67935,37.84562],[128.68133,37.84568],[128.68269,37.84593],[128.68313,37.84615],[128.68298,37.84633],[128.68324,37.84619],[128.68593,37.8471],[128.68719,37.84727],[128.6873,37.84686]]]}},{"type":"Feature","id":"TN_RIVER_BNDRY:WTR0100000000B394","properties":{"NF_ID":"WTR0100000000B394","admin_code":"51150","source_layer":"TN_RIVER_BNDRY","semantic":"zone","river_class":"지방하천","river_class_source":"중심선 공간조인","river_name":"연곡천","river_code":"1620240","survey_method":"사진측량"},"geometry":{"type":"Polygon","coordinates":[[[128.70188,37.84619],[128.70216,37.84576],[128.69441,37.84674],[128.69333,37.84648],[128.69177,37.84639],[128.68921,37.84682],[128.68777,37.84683],[128.68728,37.84728],[128.69023,37.84698],[128.69582,37.84696],[128.69841,37.84647],[128.70188,37.84619]]]}},{"type":"Feature","id":"TN_RIVER_BNDRY:WTR0100000000B3A5","properties":{"NF_ID":"WTR0100000000B3A5","admin_code":"51150","source_layer":"TN_RIVER_BNDRY","semantic":"zone","river_class":"소하천","river_class_source":"중심선 공간조인","survey_method":"사진측량"},"geometry":{"type":"Polygon","coordinates":[[[128.68728,37.84728],[128.68663,37.84802],[128.68647,37.84871],[128.68659,37.84935],[128.6869,37.84978],[128.68708,37.85083],[128.68661,37.85142],[128.68607,37.85177],[128.68584,37.85234],[128.68532,37.85274],[128.68509,37.85384],[128.68432,37.85426],[128.68407,37.8547],[128.68402,37.85523],[128.6846,37.85599],[128.68444,37.85709],[128.68416,37.8575],[128.6845,37.85714],[128.68469,37.85599],[128.68415,37.85524],[128.68426,37.8545],[128.68514,37.85386],[128.68538,37.85278],[128.68716,37.85085],[128.68697,37.84973],[128.68667,37.84936],[128.68656,37.84869],[128.68675,37.84797],[128.68728,37.84728]]]}},{"type":"Feature","id":"TN_RIVER_BNDRY:WTR0100000000B3B6","properties":{"NF_ID":"WTR0100000000B3B6","admin_code":"51150","source_layer":"TN_RIVER_BNDRY","semantic":"zone","river_class":"소하천","river_class_source":"중심선 공간조인","survey_method":"사진측량"},"geometry":{"type":"Polygon","coordinates":[[[128.68458,37.80181],[128.68415,37.80148],[128.68333,37.80024],[128.68245,37.7997],[128.6817,37.79942],[128.68136,37.79943],[128.68156,37.79896],[128.68212,37.79835],[128.68207,37.7978],[128.68162,37.79756],[128.68009,37.79721],[128.67984,37.79702],[128.6798,37.79655],[128.67782,37.7962],[128.67667,37.7966],[128.67713,37.7966],[128.67699,37.79673],[128.67582,37.79678],[128.67551,37.79701],[128.67526,37.79694],[128.67526,37.79654],[128.67468,37.79632],[128.6743,37.79639],[128.67383,37.7968],[128.67355,37.79677],[128.67176,37.79408],[128.67169,37.79317],[128.67208,37.79276],[128.672,37.79228],[128.67041,37.79043],[128.66975,37.78994],[128.66956,37.78959],[128.66959,37.78912],[128.66929,37.7886],[128.66884,37.78842],[128.66815,37.78765],[128.66602,37.78729],[128.66571,37.7866],[128.66574,37.78696],[128.66606,37.78739],[128.66805,37.78767],[128.66876,37.78841],[128.66938,37.7888],[128.66964,37.78994],[128.671,37.79117],[128.67191,37.79231],[128.67193,37.79273],[128.67155,37.79324],[128.67162,37.79402],[128.67201,37.79452],[128.67221,37.79514],[128.67349,37.79682],[128.67391,37.79689],[128.67442,37.79644],[128.67471,37.79639],[128.6752,37.7966],[128.67517,37.79696],[128.67541,37.7971],[128.67594,37.79689],[128.6771,37.79686],[128.67787,37.79634],[128.67938,37.79651],[128.67975,37.79674],[128.67992,37.79734],[128.68193,37.79782],[128.68202,37.79826],[128.68131,37.7991],[128.68128,37.79954],[128.68265,37.79984],[128.6834,37.8004],[128.6841,37.80154],[128.68448,37.80192],[128.68458,37.80181]]]}},{"type":"Feature","id":"TN_RIVER_BNDRY:WTR0100000000B3C7","properties":{"NF_ID":"WTR0100000000B3C7","admin_code":"51150","source_layer":"TN_RIVER_BNDRY","semantic":"zone","river_class":"지방하천","river_class_source":"중심선 공간조인","river_name":"연곡천","river_code":"1620240","survey_method":"사진측량"},"geometry":{"type":"Polygon","coordinates":[[[128.6304,37.81717],[128.63036,37.81711],[128.63018,37.81719],[128.63019,37.81719],[128.63021,37.81721],[128.63022,37.81723],[128.6304,37.81717]]]}},{"type":"Feature","id":"TN_RIVER_BNDRY:WTR0100000000B3D8","properties":{"NF_ID":"WTR0100000000B3D8","admin_code":"51150","source_layer":"TN_RIVER_BNDRY","semantic":"zone","river_class":"지방하천","river_class_source":"중심선 공간조인","river_name":"연곡천","river_code":"1620240","survey_method":"사진측량"},"geometry":{"type":"Polygon","coordinates":[[[128.63036,37.81711],[128.62992,37.81621],[128.62992,37.81537],[128.63023,37.81505],[128.63005,37.81503],[128.62981,37.81534],[128.62979,37.81632],[128.63017,37.81717],[128.63036,37.81711]]]}},{"type":"Feature","id":"TN_RIVER_BNDRY:WTR0100000000B3E9","properties":{"NF_ID":"WTR0100000000B3E9","admin_code":"51150","source_layer":"TN_RIVER_BNDRY","semantic":"zone","river_class":"지방하천","river_class_source":"중심선 공간조인","river_name":"연곡천","river_code":"1620240","survey_method":"사진측량"},"geometry":{"type":"Polygon","coordinates":[[[128.63024,37.81494],[128.63007,37.81495],[128.63007,37.81495],[128.63007,37.81498],[128.63006,37.81502],[128.63005,37.81503],[128.63023,37.81505],[128.63024,37.81494]]]}},{"type":"Feature","id":"TN_RIVER_BNDRY:WTR0100000000B3FA","properties":{"NF_ID":"WTR0100000000B3FA","admin_code":"51150","source_layer":"TN_RIVER_BNDRY","semantic":"zone","river_class":"지방하천","river_class_source":"중심선 공간조인","river_name":"연곡천","river_code":"1620240","survey_method":"사진측량"},"geometry":{"type":"Polygon","coordinates":[[[128.63024,37.81494],[128.62943,37.81373],[128.62971,37.81276],[128.62958,37.81216],[128.62965,37.81043],[128.62853,37.8098],[128.62841,37.80934],[128.62811,37.80901],[128.62737,37.80873],[128.62723,37.80838],[128.62787,37.80743],[128.62792,37.80706],[128.62768,37.80661],[128.62664,37.80602],[128.62603,37.8053],[128.62595,37.80545],[128.62654,37.80614],[128.62773,37.80705],[128.62771,37.80737],[128.62714,37.80813],[128.62701,37.80865],[128.62801,37.80909],[128.62943,37.81142],[128.6296,37.81275],[128.62932,37.81367],[128.63007,37.81495],[128.63024,37.81494]]]}},{"type":"Feature","id":"TN_RIVER_BNDRY:WTR0100000000B3GB","properties":{"NF_ID":"WTR0100000000B3GB","admin_code":"51150","source_layer":"TN_RIVER_BNDRY","semantic":"zone","river_class":"지방하천","river_class_source":"중심선 공간조인","river_name":"연곡천","river_code":"1620240","survey_method":"사진측량"},"geometry":{"type":"Polygon","coordinates":[[[128.62603,37.8053],[128.62579,37.8054],[128.62595,37.80545],[128.62603,37.8053]]]}},{"type":"Feature","id":"TN_RIVER_BNDRY:WTR0100000000B3HC","properties":{"NF_ID":"WTR0100000000B3HC","admin_code":"51150","source_layer":"TN_RIVER_BNDRY","semantic":"zone","river_class":"소하천","river_class_source":"중심선 공간조인","survey_method":"사진측량"},"geometry":{"type":"Polygon","coordinates":[[[128.63024,37.81494],[128.63023,37.81505],[128.6304,37.81502],[128.63074,37.81472],[128.63024,37.81494]]]}},{"type":"Feature","id":"TN_RIVER_BNDRY:WTR0100000000B3ID","properties":{"NF_ID":"WTR0100000000B3ID","admin_code":"51150","source_layer":"TN_RIVER_BNDRY","semantic":"zone","river_class":"소하천","river_class_source":"중심선 공간조인","survey_method":"사진측량"},"geometry":{"type":"Polygon","coordinates":[[[128.62591,37.80526],[128.62632,37.80505],[128.62688,37.80499],[128.62718,37.80511],[128.62741,37.80484],[128.62715,37.80502],[128.62688,37.80491],[128.62626,37.80501],[128.62591,37.80526]]]}},{"type":"Feature","id":"TN_RIVER_BNDRY:WTR0100000000B3JE","properties":{"NF_ID":"WTR0100000000B3JE","admin_code":"51150","source_layer":"TN_RIVER_BNDRY","semantic":"zone","river_class":"소하천","river_class_source":"중심선 공간조인","survey_method":"사진측량"},"geometry":{"type":"Polygon","coordinates":[[[128.63036,37.81711],[128.63061,37.8165],[128.63038,37.81532],[128.63056,37.8166],[128.63036,37.81711]]]}},{"type":"Feature","id":"TN_RIVER_BNDRY:WTR0100000000B3KF","properties":{"NF_ID":"WTR0100000000B3KF","admin_code":"51150","source_layer":"TN_RIVER_BNDRY","semantic":"zone","river_class":"지방하천","river_class_source":"중심선 공간조인","river_name":"연곡천","river_code":"1620240","survey_method":"사진측량"},"geometry":{"type":"Polygon","coordinates":[[[128.67929,37.84562],[128.67926,37.84536],[128.67641,37.8458],[128.67566,37.84582],[128.67514,37.84567],[128.67399,37.84495],[128.67283,37.843],[128.67214,37.84238],[128.67157,37.8421],[128.67076,37.84224],[128.66922,37.84331],[128.66888,37.84339],[128.66779,37.84282],[128.66625,37.8423],[128.66558,37.84236],[128.66377,37.84299],[128.6609,37.84286],[128.65844,37.84243],[128.65765,37.84254],[128.65723,37.84274],[128.65684,37.84268],[128.65658,37.84211],[128.65669,37.8419],[128.65691,37.84188],[128.65724,37.84091],[128.65697,37.8389],[128.65678,37.83872],[128.65628,37.83863],[128.65584,37.83817],[128.65522,37.83787],[128.65437,37.8362],[128.65288,37.83567],[128.65144,37.83614],[128.65103,37.83613],[128.64948,37.83524],[128.64724,37.83422],[128.6461,37.83402],[128.64377,37.83313],[128.64346,37.83275],[128.64334,37.83186],[128.64273,37.83008],[128.64199,37.8287],[128.64136,37.82802],[128.64015,37.82778],[128.63895,37.82648],[128.63872,37.82592],[128.63794,37.82554],[128.63713,37.8249],[128.63706,37.82394],[128.63535,37.82251],[128.63521,37.82125],[128.6347,37.82051],[128.63457,37.81997],[128.63413,37.81973],[128.63327,37.8197],[128.63224,37.8194],[128.6312,37.81878],[128.63063,37.81817],[128.6304,37.81717],[128.63022,37.81723],[128.63046,37.81819],[128.63092,37.81875],[128.63228,37.81956],[128.63272,37.82006],[128.63309,37.8201],[128.6333,37.81983],[128.63356,37.81983],[128.63447,37.82046],[128.63509,37.8214],[128.63511,37.82215],[128.63477,37.82226],[128.63512,37.82223],[128.63592,37.82391],[128.63692,37.82467],[128.63747,37.82535],[128.63859,37.82601],[128.63889,37.82665],[128.64022,37.82795],[128.64122,37.82809],[128.64189,37.82874],[128.64266,37.83032],[128.64315,37.83173],[128.6433,37.83277],[128.64365,37.83321],[128.64599,37.83406],[128.64686,37.8342],[128.65107,37.83621],[128.65149,37.83622],[128.65276,37.83579],[128.65325,37.83584],[128.6542,37.83626],[128.65463,37.83733],[128.65519,37.83805],[128.65617,37.83871],[128.65672,37.83886],[128.65687,37.83908],[128.65708,37.84049],[128.65677,37.84165],[128.65629,37.84208],[128.65641,37.84281],[128.65742,37.84297],[128.65844,37.84257],[128.66118,37.84303],[128.66392,37.8432],[128.66449,37.84316],[128.66609,37.84251],[128.66687,37.84266],[128.66898,37.84358],[128.67003,37.84316],[128.67065,37.8426],[128.67152,37.84229],[128.67232,37.84299],[128.6718,37.84334],[128.67236,37.84313],[128.6727,37.84318],[128.67325,37.84391],[128.67315,37.84409],[128.67344,37.84493],[128.67513,37.84587],[128.67561,37.84601],[128.67608,37.84592],[128.67648,37.84612],[128.67722,37.84603],[128.67735,37.84575],[128.67929,37.84562]]]}},{"type":"Feature","id":"TN_RIVER_BNDRY:WTR0100000000B3LG","properties":{"NF_ID":"WTR0100000000B3LG","admin_code":"51150","source_layer":"TN_RIVER_BNDRY","semantic":"zone","river_class":"소하천","river_class_source":"중심선 공간조인","survey_method":"사진측량"},"geometry":{"type":"Polygon","coordinates":[[[128.63003,37.86187],[128.62841,37.86082],[128.62936,37.86159],[128.63003,37.86187]]]}},{"type":"Feature","id":"TN_RIVER_BNDRY:WTR0100000000B3MH","properties":{"NF_ID":"WTR0100000000B3MH","admin_code":"51150","source_layer":"TN_RIVER_BNDRY","semantic":"zone","river_class":"지방하천","river_class_source":"중심선 공간조인","river_name":"양양남대천","river_code":"1220010","survey_method":"사진측량"},"geometry":{"type":"Polygon","coordinates":[[[128.63034,37.86196],[128.63003,37.86187],[128.63029,37.86208],[128.63034,37.86196]]]}},{"type":"Feature","id":"TN_RIVER_BNDRY:WTR0100000000B3NI","properties":{"NF_ID":"WTR0100000000B3NI","admin_code":"51150","source_layer":"TN_RIVER_BNDRY","semantic":"zone","river_class":"지방하천","river_class_source":"중심선 공간조인","river_name":"양양남대천","river_code":"1220010","survey_method":"사진측량"},"geometry":{"type":"Polygon","coordinates":[[[128.63204,37.85625],[128.63134,37.85637],[128.63093,37.85728],[128.63044,37.86007],[128.63052,37.86055],[128.63003,37.86187],[128.63034,37.86196],[128.6307,37.86085],[128.63057,37.86011],[128.63116,37.85701],[128.63137,37.85652],[128.63183,37.8565],[128.63204,37.85625]]]}},{"type":"Feature","id":"TN_RIVER_BNDRY:WTR0100000000B3OJ","properties":{"NF_ID":"WTR0100000000B3OJ","admin_code":"51150","source_layer":"TN_RIVER_BNDRY","semantic":"zone","river_class":"지방하천","river_class_source":"중심선 공간조인","river_name":"양양남대천","river_code":"1220010","survey_method":"사진측량"},"geometry":{"type":"Polygon","coordinates":[[[128.63209,37.85621],[128.6319,37.85612],[128.63192,37.85619],[128.63191,37.85621],[128.63204,37.85625],[128.63209,37.85621]]]}},{"type":"Feature","id":"TN_RIVER_BNDRY:WTR0100000000B3PK","properties":{"NF_ID":"WTR0100000000B3PK","admin_code":"51150","source_layer":"TN_RIVER_BNDRY","semantic":"zone","river_class":"소하천","river_class_source":"중심선 공간조인","survey_method":"사진측량"},"geometry":{"type":"Polygon","coordinates":[[[128.63209,37.85621],[128.63192,37.85656],[128.63215,37.85645],[128.63209,37.85621]]]}},{"type":"Feature","id":"TN_RIVER_BNDRY:WTR0100000000B3QL","properties":{"NF_ID":"WTR0100000000B3QL","admin_code":"51150","source_layer":"TN_RIVER_BNDRY","semantic":"zone","river_class":"소하천","river_class_source":"중심선 공간조인","survey_method":"사진측량"},"geometry":{"type":"Polygon","coordinates":[[[128.61128,37.77064],[128.61087,37.77049],[128.61086,37.77049],[128.61064,37.77041],[128.61064,37.77042],[128.61084,37.77049],[128.6109,37.77055],[128.61095,37.77057],[128.61125,37.77068],[128.61126,37.77069],[128.61129,37.77065],[128.61128,37.77064]]]}},{"type":"Feature","id":"TN_RIVER_BNDRY:WTR0100000000B3RM","properties":{"NF_ID":"WTR0100000000B3RM","admin_code":"51150","source_layer":"TN_RIVER_BNDRY","semantic":"zone","river_class":"지방하천","river_class_source":"중심선 공간조인","river_name":"연곡천","river_code":"1620240","survey_method":"사진측량"},"geometry":{"type":"Polygon","coordinates":[[[128.6174,37.78033],[128.61728,37.78019],[128.61714,37.78026],[128.6174,37.78033]]]}},{"type":"Feature","id":"TN_RIVER_BNDRY:WTR0100000000B3SN","properties":{"NF_ID":"WTR0100000000B3SN","admin_code":"51150","source_layer":"TN_RIVER_BNDRY","semantic":"zone","river_class":"지방하천","river_class_source":"중심선 공간조인","river_name":"연곡천","river_code":"1620240","survey_method":"사진측량"},"geometry":{"type":"Polygon","coordinates":[[[128.61728,37.78019],[128.6174,37.78033],[128.61767,37.78],[128.6176,37.77963],[128.61757,37.78002],[128.61728,37.78019]]]}},{"type":"Feature","id":"TN_RIVER_BNDRY:WTR0100000000B3TO","properties":{"NF_ID":"WTR0100000000B3TO","admin_code":"51150","source_layer":"TN_RIVER_BNDRY","semantic":"zone","river_class":"지방하천","river_class_source":"중심선 공간조인","river_name":"연곡천","river_code":"1620240","survey_method":"사진측량"},"geometry":{"type":"Polygon","coordinates":[[[128.6174,37.78033],[128.61722,37.78036],[128.61713,37.78183],[128.61786,37.78231],[128.61812,37.78288],[128.61779,37.78383],[128.61793,37.78526],[128.61709,37.7863],[128.617,37.78666],[128.61761,37.78696],[128.61821,37.78782],[128.61933,37.78858],[128.62002,37.78939],[128.61999,37.79019],[128.62035,37.79042],[128.62071,37.79116],[128.62067,37.79186],[128.61998,37.79325],[128.6203,37.79375],[128.62023,37.79448],[128.62036,37.79485],[128.62142,37.79511],[128.6216,37.79567],[128.62157,37.79649],[128.62177,37.79649],[128.62165,37.79509],[128.62044,37.79469],[128.62053,37.79381],[128.62014,37.79322],[128.62082,37.79192],[128.62096,37.79116],[128.62015,37.79012],[128.6201,37.7892],[128.6193,37.78834],[128.61825,37.78772],[128.61782,37.78704],[128.61713,37.78659],[128.61768,37.78589],[128.61806,37.78566],[128.61834,37.78572],[128.61804,37.78548],[128.61792,37.78384],[128.61814,37.78345],[128.61813,37.78254],[128.618,37.78213],[128.61734,37.78179],[128.61723,37.78156],[128.6174,37.78033]]]}},{"type":"Feature","id":"TN_RIVER_BNDRY:WTR0100000000B3UP","properties":{"NF_ID":"WTR0100000000B3UP","admin_code":"51150","source_layer":"TN_RIVER_BNDRY","semantic":"zone","river_class":"지방하천","river_class_source":"중심선 공간조인","river_name":"연곡천","river_code":"1620240","survey_method":"사진측량"},"geometry":{"type":"Polygon","coordinates":[[[128.61728,37.78019],[128.61639,37.77969],[128.61583,37.77904],[128.61575,37.77878],[128.61601,37.77847],[128.61558,37.77788],[128.61537,37.77714],[128.61547,37.77636],[128.61504,37.77579],[128.61533,37.77666],[128.61532,37.77738],[128.61587,37.77852],[128.61565,37.77893],[128.61634,37.77977],[128.61714,37.78026],[128.61728,37.78019]]]}},{"type":"Feature","id":"TN_RIVER_BNDRY:WTR0100000000B3VQ","properties":{"NF_ID":"WTR0100000000B3VQ","admin_code":"51150","source_layer":"TN_RIVER_BNDRY","semantic":"zone","river_class":"지방하천","river_class_source":"중심선 공간조인","river_name":"연곡천","river_code":"1620240","survey_method":"사진측량"},"geometry":{"type":"Polygon","coordinates":[[[128.62157,37.79649],[128.62059,37.796],[128.62155,37.79668],[128.62157,37.79649]]]}},{"type":"Feature","id":"TN_RIVER_BNDRY:WTR0100000000B3WR","properties":{"NF_ID":"WTR0100000000B3WR","admin_code":"51150","source_layer":"TN_RIVER_BNDRY","semantic":"zone","river_class":"지방하천","river_class_source":"중심선 공간조인","river_name":"연곡천","river_code":"1620240","survey_method":"사진측량"},"geometry":{"type":"Polygon","coordinates":[[[128.62177,37.79649],[128.62157,37.79649],[128.62155,37.79668],[128.62179,37.7967],[128.62177,37.79649]]]}},{"type":"Feature","id":"TN_RIVER_BNDRY:WTR0100000000B3XS","properties":{"NF_ID":"WTR0100000000B3XS","admin_code":"51150","source_layer":"TN_RIVER_BNDRY","semantic":"zone","river_class":"지방하천","river_class_source":"중심선 공간조인","river_name":"연곡천","river_code":"1620240","survey_method":"사진측량"},"geometry":{"type":"Polygon","coordinates":[[[128.62591,37.80526],[128.62533,37.80502],[128.62448,37.8035],[128.62443,37.80257],[128.62382,37.80195],[128.6238,37.80144],[128.62422,37.80094],[128.62422,37.80036],[128.62223,37.79882],[128.62183,37.79699],[128.62224,37.79674],[128.62155,37.79668],[128.6215,37.7981],[128.62269,37.79944],[128.62407,37.80034],[128.62411,37.80067],[128.62361,37.8015],[128.62369,37.80213],[128.62435,37.80253],[128.62436,37.80367],[128.62482,37.80415],[128.62514,37.8051],[128.62557,37.80536],[128.62579,37.8054],[128.62591,37.80526]]]}},{"type":"Feature","id":"TN_RIVER_BNDRY:WTR0100000000B3YT","properties":{"NF_ID":"WTR0100000000B3YT","admin_code":"51150","source_layer":"TN_RIVER_BNDRY","semantic":"zone","river_class":"지방하천","river_class_source":"중심선 공간조인","river_name":"양양남대천","river_code":"1220010","survey_method":"사진측량"},"geometry":{"type":"Polygon","coordinates":[[[128.6319,37.85612],[128.63209,37.85621],[128.63159,37.8545],[128.63109,37.85387],[128.63079,37.85269],[128.63054,37.85249],[128.62881,37.85201],[128.62819,37.85077],[128.62814,37.84999],[128.62705,37.84936],[128.62632,37.84856],[128.62355,37.84838],[128.62279,37.84728],[128.6223,37.84691],[128.62122,37.84689],[128.62108,37.84718],[128.618,37.8469],[128.61823,37.84543],[128.61801,37.84444],[128.61864,37.84282],[128.61986,37.84088],[128.61953,37.83907],[128.61988,37.83852],[128.61978,37.83817],[128.61931,37.83793],[128.61849,37.83696],[128.61815,37.83614],[128.61813,37.83545],[128.61788,37.83475],[128.61805,37.83598],[128.61844,37.83698],[128.61928,37.83799],[128.61959,37.83808],[128.6198,37.83852],[128.61947,37.83902],[128.61946,37.83938],[128.61934,37.83929],[128.61975,37.84026],[128.61978,37.84082],[128.61844,37.84289],[128.61789,37.84441],[128.61787,37.84489],[128.61814,37.84543],[128.61783,37.8464],[128.6179,37.84694],[128.61835,37.84709],[128.61881,37.84698],[128.62085,37.8473],[128.62121,37.84726],[128.62142,37.84696],[128.62218,37.84701],[128.62256,37.84721],[128.62354,37.84846],[128.6263,37.84865],[128.62709,37.84953],[128.62811,37.85015],[128.62806,37.85069],[128.62862,37.85203],[128.62901,37.85226],[128.63029,37.85254],[128.63071,37.85281],[128.6319,37.85612]]]}},{"type":"Feature","id":"TN_RIVER_BNDRY:WTR0100000000BBJM","properties":{"NF_ID":"WTR0100000000BBJM","admin_code":"51150","source_layer":"TN_RIVER_BNDRY","semantic":"zone","river_class":"소하천","river_class_source":"중심선 공간조인","survey_method":"사진측량"},"geometry":{"type":"Polygon","coordinates":[[[128.7259,37.88795],[128.72576,37.88796],[128.72575,37.88805],[128.72583,37.88806],[128.7259,37.88795]]]}},{"type":"Feature","id":"TN_RIVER_BNDRY:WTR0100000000BBKN","properties":{"NF_ID":"WTR0100000000BBKN","admin_code":"51150","source_layer":"TN_RIVER_BNDRY","semantic":"zone","river_class":"소하천","river_class_source":"중심선 공간조인","survey_method":"사진측량"},"geometry":{"type":"Polygon","coordinates":[[[128.72575,37.88805],[128.72576,37.88796],[128.72554,37.88797],[128.72546,37.88798],[128.72539,37.88798],[128.72534,37.88797],[128.72528,37.88795],[128.72524,37.88794],[128.72518,37.88793],[128.72515,37.88795],[128.72514,37.88796],[128.72513,37.88797],[128.72513,37.88799],[128.72515,37.88801],[128.72518,37.88801],[128.72523,37.88803],[128.72533,37.88805],[128.72535,37.88806],[128.72538,37.88806],[128.72542,37.88807],[128.72545,37.88807],[128.72572,37.88804],[128.72574,37.88804],[128.72575,37.88805]]]}},{"type":"Feature","id":"TN_RIVER_BNDRY:WTR0100000000BBLO","properties":{"NF_ID":"WTR0100000000BBLO","admin_code":"51150","source_layer":"TN_RIVER_BNDRY","semantic":"zone","river_class":"소하천","river_class_source":"중심선 공간조인","survey_method":"사진측량"},"geometry":{"type":"Polygon","coordinates":[[[128.72583,37.88806],[128.72563,37.88888],[128.72527,37.88936],[128.72571,37.88894],[128.72583,37.88806]]]}},{"type":"Feature","id":"TN_RIVER_BNDRY:WTR0100000000BBMP","properties":{"NF_ID":"WTR0100000000BBMP","admin_code":"51150","source_layer":"TN_RIVER_BNDRY","semantic":"zone","river_class":"소하천","river_class_source":"중심선 공간조인","survey_method":"사진측량"},"geometry":{"type":"Polygon","coordinates":[[[128.73133,37.88023],[128.73119,37.88005],[128.72983,37.88052],[128.72889,37.88041],[128.72849,37.8806],[128.72792,37.88122],[128.72755,37.88245],[128.72809,37.88285],[128.72856,37.88296],[128.7287,37.88332],[128.72852,37.88374],[128.72745,37.88479],[128.72791,37.88528],[128.72759,37.88608],[128.72824,37.88671],[128.7285,37.88734],[128.72787,37.88784],[128.72702,37.88798],[128.7259,37.88795],[128.72583,37.88806],[128.72777,37.88799],[128.7283,37.88771],[128.72858,37.88736],[128.72829,37.88661],[128.72764,37.88603],[128.728,37.8854],[128.72758,37.88478],[128.72864,37.88374],[128.72881,37.88328],[128.72846,37.88281],[128.7281,37.88279],[128.72763,37.88248],[128.72798,37.88123],[128.72884,37.8805],[128.72988,37.88057],[128.73065,37.88027],[128.73133,37.88023]]]}},{"type":"Feature","id":"TN_RIVER_BNDRY:WTR0100000000BBNQ","properties":{"NF_ID":"WTR0100000000BBNQ","admin_code":"51150","source_layer":"TN_RIVER_BNDRY","semantic":"zone","river_class":"지방하천","river_class_source":"중심선 공간조인","river_name":"신리천","river_code":"1620230","survey_method":"사진측량"},"geometry":{"type":"Polygon","coordinates":[[[128.73158,37.88018],[128.73119,37.88005],[128.73133,37.88023],[128.73158,37.88018]]]}},{"type":"Feature","id":"TN_RIVER_BNDRY:WTR0100000000BBOR","properties":{"NF_ID":"WTR0100000000BBOR","admin_code":"51150","source_layer":"TN_RIVER_BNDRY","semantic":"zone","river_class":"소하천","river_class_source":"중심선 공간조인","survey_method":"사진측량"},"geometry":{"type":"Polygon","coordinates":[[[128.71762,37.87993],[128.71736,37.87975],[128.71748,37.88069],[128.71762,37.87993]]]}},{"type":"Feature","id":"TN_RIVER_BNDRY:WTR0100000000BBQT","properties":{"NF_ID":"WTR0100000000BBQT","admin_code":"51150","source_layer":"TN_RIVER_BNDRY","semantic":"zone","river_class":"소하천","river_class_source":"중심선 공간조인","survey_method":"사진측량"},"geometry":{"type":"Polygon","coordinates":[[[128.64055,37.88824],[128.6405,37.88843],[128.64215,37.88773],[128.64247,37.8872],[128.6419,37.88771],[128.64055,37.88824]]]}},{"type":"Feature","id":"TN_RIVER_BNDRY:WTR0100000000BBRU","properties":{"NF_ID":"WTR0100000000BBRU","admin_code":"51150","source_layer":"TN_RIVER_BNDRY","semantic":"zone","river_class":"지방하천","river_class_source":"중심선 공간조인","river_name":"양양남대천","river_code":"1220010","survey_method":"사진측량"},"geometry":{"type":"Polygon","coordinates":[[[128.6405,37.88843],[128.64055,37.88824],[128.64011,37.88826],[128.64016,37.88858],[128.6405,37.88843]]]}},{"type":"Feature","id":"TN_RIVER_BNDRY:WTR0100000000BBSV","properties":{"NF_ID":"WTR0100000000BBSV","admin_code":"51150","source_layer":"TN_RIVER_BNDRY","semantic":"zone","river_class":"지방하천","river_class_source":"중심선 공간조인","river_name":"양양남대천","river_code":"1220010","survey_method":"사진측량"},"geometry":{"type":"Polygon","coordinates":[[[128.64055,37.88824],[128.64096,37.88633],[128.64063,37.8851],[128.63991,37.88416],[128.63979,37.88364],[128.64008,37.88294],[128.64105,37.88173],[128.64111,37.88115],[128.64062,37.88045],[128.63973,37.87993],[128.63959,37.88019],[128.64032,37.88064],[128.64067,37.88145],[128.64055,37.88189],[128.63959,37.88292],[128.63934,37.88359],[128.63949,37.88431],[128.64049,37.88592],[128.64055,37.88678],[128.64011,37.88826],[128.64055,37.88824]]]}},{"type":"Feature","id":"TN_RIVER_BNDRY:WTR0100000000BBTW","properties":{"NF_ID":"WTR0100000000BBTW","admin_code":"51150","source_layer":"TN_RIVER_BNDRY","semantic":"zone","river_class":"지방하천","river_class_source":"중심선 공간조인","river_name":"양양남대천","river_code":"1220010","survey_method":"사진측량"},"geometry":{"type":"Polygon","coordinates":[[[128.63973,37.87993],[128.63953,37.87987],[128.63921,37.88004],[128.63959,37.88019],[128.63973,37.87993]]]}},{"type":"Feature","id":"TN_RIVER_BNDRY:WTR0100000000BBUX","properties":{"NF_ID":"WTR0100000000BBUX","admin_code":"51150","source_layer":"TN_RIVER_BNDRY","semantic":"zone","river_class":"소하천","river_class_source":"중심선 공간조인","survey_method":"사진측량"},"geometry":{"type":"Polygon","coordinates":[[[128.64038,37.89032],[128.64111,37.89017],[128.64265,37.89075],[128.64249,37.89054],[128.64112,37.89014],[128.64038,37.89032]]]}},{"type":"Feature","id":"TN_RIVER_BNDRY:WTR0100000000BBVY","properties":{"NF_ID":"WTR0100000000BBVY","admin_code":"51150","source_layer":"TN_RIVER_BNDRY","semantic":"zone","river_class":"지방하천","river_class_source":"중심선 공간조인","river_name":"양양남대천","river_code":"1220010","survey_method":"사진측량"},"geometry":{"type":"Polygon","coordinates":[[[128.64037,37.89036],[128.64006,37.89024],[128.64006,37.89037],[128.64037,37.89036]]]}},{"type":"Feature","id":"TN_RIVER_BNDRY:WTR0100000000BBWZ","properties":{"NF_ID":"WTR0100000000BBWZ","admin_code":"51150","source_layer":"TN_RIVER_BNDRY","semantic":"zone","river_class":"지방하천","river_class_source":"중심선 공간조인","river_name":"양양남대천","river_code":"1220010","survey_method":"사진측량"},"geometry":{"type":"Polygon","coordinates":[[[128.6405,37.88843],[128.64016,37.88858],[128.64023,37.88965],[128.64006,37.89024],[128.64038,37.89032],[128.6405,37.88843]]]}},{"type":"Feature","id":"TN_RIVER_BNDRY:WTR0100000000BCEI","properties":{"NF_ID":"WTR0100000000BCEI","admin_code":"51150","source_layer":"TN_RIVER_BNDRY","semantic":"zone","river_class":"지방하천","river_class_source":"중심선 공간조인","river_name":"연곡천","river_code":"1620240","survey_method":"사진측량"},"geometry":{"type":"Polygon","coordinates":[[[128.74907,37.84961],[128.74749,37.84859],[128.74617,37.84817],[128.74616,37.848],[128.7454,37.84789],[128.74483,37.84763],[128.74222,37.84846],[128.74057,37.8485],[128.74031,37.84859],[128.73991,37.84921],[128.74084,37.84921],[128.74542,37.84844],[128.74647,37.84867],[128.74875,37.85011],[128.74907,37.84961]]]}},{"type":"Feature","id":"TN_RIVER_BNDRY:WTR0100000000BCFJ","properties":{"NF_ID":"WTR0100000000BCFJ","admin_code":"51150","source_layer":"TN_RIVER_BNDRY","semantic":"zone","river_class":"지방하천","river_class_source":"중심선 공간조인","river_name":"연곡천","river_code":"1620240","survey_method":"사진측량"},"geometry":{"type":"Polygon","coordinates":[[[128.74942,37.84985],[128.74907,37.84961],[128.74875,37.85011],[128.74942,37.84985]]]}},{"type":"Feature","id":"TN_RIVER_BNDRY:WTR0100000000BCGK","properties":{"NF_ID":"WTR0100000000BCGK","admin_code":"51150","source_layer":"TN_RIVER_BNDRY","semantic":"zone","river_class":"소하천","river_class_source":"중심선 공간조인","river_name":"저서곡천","survey_method":"사진측량"},"geometry":{"type":"Polygon","coordinates":[[[128.74885,37.85012],[128.74854,37.85033],[128.74803,37.85038],[128.74747,37.85026],[128.74466,37.85024],[128.74415,37.85062],[128.74394,37.85129],[128.74279,37.85206],[128.74334,37.85272],[128.74253,37.85365],[128.74246,37.85398],[128.74262,37.85422],[128.74274,37.85425],[128.74252,37.85399],[128.7426,37.85363],[128.74338,37.85274],[128.74283,37.85208],[128.74401,37.8513],[128.74418,37.85065],[128.74469,37.85027],[128.74803,37.85042],[128.74856,37.85037],[128.74885,37.85012]]]}},{"type":"Feature","id":"TN_RIVER_BNDRY:WTR0100000000BCQU","properties":{"NF_ID":"WTR0100000000BCQU","admin_code":"51150","source_layer":"TN_RIVER_BNDRY","semantic":"zone","river_class":"지방하천","river_class_source":"중심선 공간조인","river_name":"사천천","river_code":"1620260","survey_method":"사진측량"},"geometry":{"type":"Polygon","coordinates":[[[128.74782,37.77286],[128.74735,37.77278],[128.74651,37.77289],[128.74624,37.77258],[128.747,37.77195],[128.74725,37.77089],[128.74814,37.77022],[128.74807,37.76957],[128.74855,37.76838],[128.74824,37.76824],[128.74713,37.7687],[128.74621,37.76849],[128.74608,37.7678],[128.74656,37.76736],[128.74671,37.767],[128.74606,37.76762],[128.74594,37.7683],[128.74607,37.76853],[128.74718,37.76881],[128.74839,37.76833],[128.74799,37.76959],[128.74809,37.77014],[128.7472,37.77084],[128.74705,37.77168],[128.7462,37.77244],[128.7462,37.77272],[128.74649,37.77296],[128.74757,37.77287],[128.74955,37.77372],[128.75,37.77385],[128.75,37.77369],[128.74782,37.77286]]]}},{"type":"Feature","id":"TN_RIVER_BNDRY:WTR0100000000BCRV","properties":{"NF_ID":"WTR0100000000BCRV","admin_code":"51150","source_layer":"TN_RIVER_BNDRY","semantic":"zone","river_class":"소하천","river_class_source":"중심선 공간조인","survey_method":"사진측량"},"geometry":{"type":"Polygon","coordinates":[[[128.74731,37.77485],[128.74791,37.77438],[128.74887,37.77469],[128.74962,37.77436],[128.75,37.77437],[128.75,37.77426],[128.74888,37.77463],[128.74791,37.77434],[128.74734,37.77479],[128.74682,37.77484],[128.74575,37.77409],[128.74326,37.77407],[128.74568,37.77412],[128.74605,37.77426],[128.74665,37.77484],[128.74731,37.77485]]]}},{"type":"Feature","id":"TN_RIVER_BNDRY:WTR0100000000BCUY","properties":{"NF_ID":"WTR0100000000BCUY","admin_code":"51150","source_layer":"TN_RIVER_BNDRY","semantic":"zone","river_class":"지방하천","river_class_source":"중심선 공간조인","river_name":"신왕천","river_code":"1620250","survey_method":"사진측량"},"geometry":{"type":"Polygon","coordinates":[[[128.74962,37.80133],[128.75,37.80116],[128.74993,37.80106],[128.74915,37.80129],[128.74834,37.80125],[128.74837,37.8011],[128.74894,37.80092],[128.74923,37.80037],[128.74898,37.79999],[128.74785,37.79944],[128.74667,37.79971],[128.74651,37.80007],[128.74657,37.80099],[128.74617,37.80129],[128.74511,37.80134],[128.74269,37.80067],[128.74246,37.80041],[128.7425,37.80011],[128.74345,37.79942],[128.74361,37.79911],[128.74302,37.79778],[128.74179,37.7971],[128.74119,37.79604],[128.74073,37.79614],[128.74005,37.7968],[128.73956,37.79682],[128.73914,37.79662],[128.73867,37.79564],[128.7381,37.795],[128.73831,37.7941],[128.73793,37.79385],[128.73707,37.79391],[128.73688,37.7936],[128.73703,37.79329],[128.73763,37.79296],[128.73776,37.79271],[128.73727,37.79186],[128.73715,37.79129],[128.73665,37.79114],[128.73589,37.79134],[128.73539,37.79108],[128.73512,37.79068],[128.73509,37.79021],[128.73374,37.78888],[128.73339,37.78793],[128.73269,37.78784],[128.73235,37.78753],[128.73265,37.7879],[128.73341,37.78806],[128.73365,37.78892],[128.73493,37.7901],[128.73505,37.79075],[128.73539,37.79118],[128.73582,37.7914],[128.73675,37.7912],[128.73713,37.7914],[128.73716,37.7918],[128.73769,37.79275],[128.7368,37.79338],[128.73681,37.7938],[128.73703,37.794],[128.73796,37.79393],[128.73814,37.79402],[128.73825,37.79436],[128.73801,37.79503],[128.73858,37.7957],[128.73912,37.79673],[128.7396,37.7969],[128.74017,37.79684],[128.74113,37.79611],[128.74171,37.79718],[128.74291,37.79779],[128.74348,37.7991],[128.74237,37.80012],[128.74245,37.80057],[128.74312,37.80091],[128.74473,37.80136],[128.74621,37.80138],[128.74664,37.80111],[128.7467,37.79982],[128.74776,37.79952],[128.74839,37.79977],[128.74905,37.8003],[128.74898,37.80067],[128.74824,37.80104],[128.74813,37.80134],[128.74861,37.80149],[128.74962,37.80133]]]}},{"type":"Feature","id":"TN_RIVER_BNDRY:WTR0100000000BCVZ","properties":{"NF_ID":"WTR0100000000BCVZ","admin_code":"51150","source_layer":"TN_RIVER_BNDRY","semantic":"zone","river_class":"지방하천","river_class_source":"중심선 공간조인","river_name":"신왕천","river_code":"1620250","survey_method":"사진측량"},"geometry":{"type":"Polygon","coordinates":[[[128.75,37.80217],[128.75,37.80186],[128.74982,37.80225],[128.75,37.80316],[128.75,37.80217]]]}},{"type":"Feature","id":"TN_RIVER_BNDRY:WTR0100000000BCX1","properties":{"NF_ID":"WTR0100000000BCX1","admin_code":"51150","source_layer":"TN_RIVER_BNDRY","semantic":"zone","river_class":"지방하천","river_class_source":"중심선 공간조인","river_name":"연곡천","river_code":"1620240","survey_method":"사진측량"},"geometry":{"type":"Polygon","coordinates":[[[128.74942,37.84985],[128.74885,37.85012],[128.74963,37.85065],[128.75,37.85073],[128.75,37.85023],[128.74942,37.84985]]]}},{"type":"Feature","id":"TN_RIVER_BNDRY:WTR0100000000BCY2","properties":{"NF_ID":"WTR0100000000BCY2","admin_code":"51150","source_layer":"TN_RIVER_BNDRY","semantic":"zone","river_class":"지방하천","river_class_source":"중심선 공간조인","river_name":"신리천","river_code":"1620230","survey_method":"사진측량"},"geometry":{"type":"Polygon","coordinates":[[[128.73158,37.88018],[128.73133,37.88023],[128.73182,37.88056],[128.73262,37.88085],[128.7372,37.88002],[128.73829,37.88059],[128.73918,37.88084],[128.7405,37.88041],[128.74135,37.88065],[128.74301,37.88073],[128.74368,37.88085],[128.74384,37.88103],[128.74555,37.88122],[128.74762,37.88076],[128.74838,37.88074],[128.75,37.88025],[128.75,37.8799],[128.74854,37.88045],[128.74553,37.88101],[128.7427,37.88062],[128.74251,37.88048],[128.7417,37.88055],[128.74057,37.88016],[128.73953,37.88049],[128.73898,37.88047],[128.7382,37.88019],[128.73775,37.87979],[128.73732,37.8797],[128.73624,37.87982],[128.73525,37.88035],[128.73398,37.88041],[128.73275,37.88068],[128.73233,37.88061],[128.73158,37.88018]]]}},{"type":"Feature","id":"TN_RIVER_BNDRY:WTR0100000000BCZ3","properties":{"NF_ID":"WTR0100000000BCZ3","admin_code":"51150","source_layer":"TN_RIVER_BNDRY","semantic":"zone","river_class":"소하천","river_class_source":"중심선 공간조인","survey_method":"사진측량"},"geometry":{"type":"Polygon","coordinates":[[[128.74717,37.88711],[128.74768,37.8865],[128.74793,37.88644],[128.74791,37.88586],[128.7491,37.88536],[128.74902,37.88453],[128.75,37.88419],[128.74891,37.88453],[128.74906,37.88533],[128.74787,37.88584],[128.74779,37.88634],[128.74713,37.88707],[128.74663,37.88707],[128.74717,37.88711]]]}}]}