{"type":"FeatureCollection","features":[{"type":"Feature","id":"TN_RIVER_BNDRY:WTR0100000000SGRG","properties":{"NF_ID":"WTR0100000000SGRG","admin_code":"47130","source_layer":"TN_RIVER_BNDRY","semantic":"zone","river_class":"소하천","river_class_source":"중심선 공간조인","survey_method":"사진측량"},"geometry":{"type":"Polygon","coordinates":[[[129.28832,36.00032],[129.28724,36.00184],[129.28564,36.00333],[129.2852,36.00459],[129.28518,36.00519],[129.28545,36.00569],[129.28541,36.00637],[129.28635,36.00752],[129.2863,36.0081],[129.28704,36.00856],[129.28738,36.00902],[129.28679,36.0096],[129.28647,36.01079],[129.28652,36.01163],[129.28624,36.01249],[129.2867,36.01264],[129.2875,36.01217],[129.28832,36.01127],[129.28796,36.01074],[129.28655,36.011],[129.28687,36.00965],[129.28726,36.00934],[129.28743,36.00897],[129.28703,36.00845],[129.28638,36.00808],[129.2864,36.00748],[129.28551,36.00641],[129.28552,36.0057],[129.28526,36.00524],[129.28524,36.00467],[129.28561,36.00343],[129.28725,36.00198],[129.28832,36.00032]]]}},{"type":"Feature","id":"TN_RIVER_BNDRY:WTR0100000000SGSH","properties":{"NF_ID":"WTR0100000000SGSH","admin_code":"47130","source_layer":"TN_RIVER_BNDRY","semantic":"zone","river_class":"소하천","river_class_source":"중심선 공간조인","survey_method":"사진측량"},"geometry":{"type":"Polygon","coordinates":[[[129.28838,36.00027],[129.28831,36.00019],[129.28823,36.0003],[129.28832,36.00032],[129.28835,36.00029],[129.28838,36.00027]]]}},{"type":"Feature","id":"TN_RIVER_BNDRY:WTR0100000000SGTI","properties":{"NF_ID":"WTR0100000000SGTI","admin_code":"47130","source_layer":"TN_RIVER_BNDRY","semantic":"zone","river_class":"소하천","river_class_source":"중심선 공간조인","survey_method":"사진측량"},"geometry":{"type":"Polygon","coordinates":[[[129.28886,36.00196],[129.28877,36.00259],[129.28827,36.00331],[129.28884,36.00254],[129.28886,36.00196]]]}},{"type":"Feature","id":"TN_RIVER_BNDRY:WTR0100000000SIOF","properties":{"NF_ID":"WTR0100000000SIOF","admin_code":"47130","source_layer":"TN_RIVER_BNDRY","semantic":"zone","river_class":"소하천","river_class_source":"중심선 공간조인","survey_method":"사진측량"},"geometry":{"type":"Polygon","coordinates":[[[129.26137,36.02853],[129.26016,36.02823],[129.26027,36.02841],[129.26137,36.02853]]]}},{"type":"Feature","id":"TN_RIVER_BNDRY:WTR0100000000SIPG","properties":{"NF_ID":"WTR0100000000SIPG","admin_code":"47130","source_layer":"TN_RIVER_BNDRY","semantic":"zone","river_class":"소하천","river_class_source":"중심선 공간조인","survey_method":"사진측량"},"geometry":{"type":"Polygon","coordinates":[[[129.26027,36.02841],[129.26016,36.02823],[129.25995,36.02893],[129.2601,36.03048],[129.26089,36.03122],[129.26222,36.03171],[129.26324,36.03292],[129.26562,36.03428],[129.26602,36.03476],[129.26641,36.0349],[129.26732,36.03584],[129.2672,36.03637],[129.26663,36.03661],[129.26713,36.03647],[129.26735,36.03578],[129.26778,36.03581],[129.26714,36.03564],[129.26565,36.03422],[129.26338,36.03297],[129.26226,36.03165],[129.26096,36.03122],[129.26028,36.03059],[129.26009,36.03029],[129.26008,36.02955],[129.26027,36.02841]]]}},{"type":"Feature","id":"TN_RIVER_BNDRY:WTR0100000000SIQH","properties":{"NF_ID":"WTR0100000000SIQH","admin_code":"47130","source_layer":"TN_RIVER_BNDRY","semantic":"zone","river_class":"소하천","river_class_source":"중심선 공간조인","survey_method":"사진측량"},"geometry":{"type":"Polygon","coordinates":[[[129.25035,36.02572],[129.25017,36.02579],[129.25027,36.02619],[129.25035,36.02572]]]}},{"type":"Feature","id":"TN_RIVER_BNDRY:WTR0100000000SIRI","properties":{"NF_ID":"WTR0100000000SIRI","admin_code":"47130","source_layer":"TN_RIVER_BNDRY","semantic":"zone","river_class":"소하천","river_class_source":"중심선 공간조인","survey_method":"사진측량"},"geometry":{"type":"Polygon","coordinates":[[[129.26137,36.02853],[129.2619,36.02866],[129.26304,36.02933],[129.2633,36.02974],[129.26377,36.03002],[129.26392,36.03036],[129.26559,36.03107],[129.26651,36.03098],[129.26752,36.03141],[129.2681,36.0315],[129.26906,36.03121],[129.26809,36.03146],[129.2665,36.03092],[129.26562,36.03105],[129.26397,36.03035],[129.26306,36.0293],[129.2619,36.02862],[129.26137,36.02853]]]}},{"type":"Feature","id":"TN_RIVER_BNDRY:WTR0100000000SME9","properties":{"NF_ID":"WTR0100000000SME9","admin_code":"47130","source_layer":"TN_RIVER_BNDRY","semantic":"zone","river_class":"소하천","river_class_source":"중심선 공간조인","survey_method":"사진측량"},"geometry":{"type":"Polygon","coordinates":[[[129.2567,36.06383],[129.25627,36.06389],[129.25608,36.06366],[129.25564,36.0637],[129.2552,36.06252],[129.25487,36.06211],[129.25441,36.0619],[129.25351,36.06178],[129.25167,36.06016],[129.2505,36.05864],[129.25033,36.05873],[129.25218,36.0608],[129.25338,36.06181],[129.25369,36.06195],[129.2544,36.06193],[129.25482,36.06213],[129.25562,36.06372],[129.25608,36.0637],[129.25623,36.06393],[129.2567,36.06383]]]}},{"type":"Feature","id":"TN_RIVER_BNDRY:WTR0100000000SMFA","properties":{"NF_ID":"WTR0100000000SMFA","admin_code":"47130","source_layer":"TN_RIVER_BNDRY","semantic":"zone","river_class":"소하천","river_class_source":"중심선 공간조인","survey_method":"사진측량"},"geometry":{"type":"Polygon","coordinates":[[[129.25675,36.06378],[129.2579,36.06352],[129.25993,36.06388],[129.25959,36.06371],[129.25896,36.06375],[129.2579,36.0635],[129.25675,36.06378]]]}},{"type":"Feature","id":"TN_RIVER_BNDRY:WTR0100000000SMGB","properties":{"NF_ID":"WTR0100000000SMGB","admin_code":"47130","source_layer":"TN_RIVER_BNDRY","semantic":"zone","river_class":"소하천","river_class_source":"중심선 공간조인","survey_method":"사진측량"},"geometry":{"type":"Polygon","coordinates":[[[129.25028,36.05837],[129.2505,36.05864],[129.25157,36.05888],[129.25028,36.05837]]]}},{"type":"Feature","id":"TN_RIVER_BNDRY:WTR0100000000SMHC","properties":{"NF_ID":"WTR0100000000SMHC","admin_code":"47130","source_layer":"TN_RIVER_BNDRY","semantic":"zone","river_class":"소하천","river_class_source":"중심선 공간조인","survey_method":"사진측량"},"geometry":{"type":"Polygon","coordinates":[[[129.25372,36.05966],[129.25371,36.05964],[129.25366,36.05964],[129.25363,36.05964],[129.25362,36.05964],[129.2536,36.05963],[129.25358,36.05962],[129.2535,36.0596],[129.25348,36.05959],[129.25347,36.05959],[129.25345,36.05959],[129.25343,36.05959],[129.25342,36.05959],[129.2534,36.05959],[129.25338,36.05959],[129.25336,36.0596],[129.25335,36.0596],[129.25333,36.05961],[129.25331,36.05962],[129.25329,36.05963],[129.25328,36.05963],[129.25326,36.05963],[129.25325,36.05963],[129.25324,36.05963],[129.25322,36.05963],[129.2532,36.05962],[129.2532,36.05961],[129.25318,36.0596],[129.25316,36.05959],[129.25315,36.05958],[129.25314,36.05958],[129.25312,36.05958],[129.25308,36.05958],[129.25306,36.05959],[129.25304,36.0596],[129.25305,36.05964],[129.25306,36.05965],[129.2531,36.05964],[129.25311,36.05964],[129.25313,36.05964],[129.25315,36.05964],[129.25317,36.05964],[129.25318,36.05964],[129.2532,36.05965],[129.25322,36.05965],[129.25324,36.05965],[129.25326,36.05965],[129.25328,36.05965],[129.25329,36.05965],[129.25331,36.05964],[129.2534,36.05961],[129.25345,36.0596],[129.25346,36.0596],[129.25347,36.05961],[129.25358,36.05964],[129.2536,36.05965],[129.25362,36.05966],[129.25365,36.05966],[129.25366,36.05966],[129.25372,36.05966]]]}},{"type":"Feature","id":"TN_RIVER_BNDRY:WTR0100000000SMID","properties":{"NF_ID":"WTR0100000000SMID","admin_code":"47130","source_layer":"TN_RIVER_BNDRY","semantic":"zone","river_class":"소하천","river_class_source":"중심선 공간조인","survey_method":"사진측량"},"geometry":{"type":"Polygon","coordinates":[[[129.25246,36.0591],[129.25172,36.05889],[129.25258,36.05923],[129.25246,36.0591]]]}},{"type":"Feature","id":"TN_RIVER_BNDRY:WTR0100000000SMJE","properties":{"NF_ID":"WTR0100000000SMJE","admin_code":"47130","source_layer":"TN_RIVER_BNDRY","semantic":"zone","river_class":"소하천","river_class_source":"중심선 공간조인","survey_method":"사진측량"},"geometry":{"type":"Polygon","coordinates":[[[129.2505,36.05864],[129.25028,36.05837],[129.25011,36.05851],[129.25033,36.05873],[129.2505,36.05864]]]}},{"type":"Feature","id":"TN_RIVER_BNDRY:WTR0100000000SMKF","properties":{"NF_ID":"WTR0100000000SMKF","admin_code":"47130","source_layer":"TN_RIVER_BNDRY","semantic":"zone","river_class":"소하천","river_class_source":"중심선 공간조인","survey_method":"사진측량"},"geometry":{"type":"Polygon","coordinates":[[[129.25684,36.0638],[129.25675,36.06378],[129.2567,36.06383],[129.25673,36.06384],[129.25675,36.06384],[129.25677,36.06385],[129.25679,36.06386],[129.25684,36.0638]]]}},{"type":"Feature","id":"TN_RIVER_BNDRY:WTR0100000000SMLG","properties":{"NF_ID":"WTR0100000000SMLG","admin_code":"47130","source_layer":"TN_RIVER_BNDRY","semantic":"zone","river_class":"소하천","river_class_source":"중심선 공간조인","survey_method":"사진측량"},"geometry":{"type":"Polygon","coordinates":[[[129.25684,36.0638],[129.25742,36.06468],[129.25749,36.06529],[129.25791,36.06557],[129.25819,36.06601],[129.25834,36.06677],[129.25812,36.06716],[129.25847,36.06738],[129.25823,36.06713],[129.25836,36.06635],[129.25817,36.06585],[129.25752,36.06528],[129.25743,36.06453],[129.25684,36.0638]]]}},{"type":"Feature","id":"TN_RIVER_BNDRY:WTR0100000000SMMH","properties":{"NF_ID":"WTR0100000000SMMH","admin_code":"47130","source_layer":"TN_RIVER_BNDRY","semantic":"zone","river_class":"소하천","river_class_source":"중심선 공간조인","survey_method":"사진측량"},"geometry":{"type":"Polygon","coordinates":[[[129.27084,36.06184],[129.2708,36.06223],[129.27105,36.062],[129.2716,36.06231],[129.27168,36.06214],[129.27084,36.06184]]]}},{"type":"Feature","id":"TN_RIVER_BNDRY:WTR0100000000SMNI","properties":{"NF_ID":"WTR0100000000SMNI","admin_code":"47130","source_layer":"TN_RIVER_BNDRY","semantic":"zone","river_class":"소하천","river_class_source":"중심선 공간조인","survey_method":"사진측량"},"geometry":{"type":"Polygon","coordinates":[[[129.27084,36.06184],[129.27049,36.06184],[129.27049,36.06223],[129.2708,36.06223],[129.27084,36.06184]]]}},{"type":"Feature","id":"TN_RIVER_BNDRY:WTR0100000000SN40","properties":{"NF_ID":"WTR0100000000SN40","admin_code":"47130","source_layer":"TN_RIVER_BNDRY","semantic":"zone","river_class":"소하천","river_class_source":"중심선 공간조인","survey_method":"사진측량"},"geometry":{"type":"Polygon","coordinates":[[[129.27229,36.00718],[129.27223,36.00714],[129.2722,36.00717],[129.27216,36.00721],[129.27222,36.00725],[129.27225,36.00723],[129.27229,36.00718]]]}},{"type":"Feature","id":"TN_RIVER_BNDRY:WTR0100000000SN51","properties":{"NF_ID":"WTR0100000000SN51","admin_code":"47130","source_layer":"TN_RIVER_BNDRY","semantic":"zone","river_class":"소하천","river_class_source":"중심선 공간조인","survey_method":"사진측량"},"geometry":{"type":"Polygon","coordinates":[[[129.27341,36.00783],[129.27336,36.00778],[129.27329,36.00775],[129.27315,36.0077],[129.27306,36.00768],[129.27297,36.00765],[129.27291,36.00761],[129.27286,36.00757],[129.27278,36.00749],[129.27269,36.00742],[129.27229,36.00718],[129.27225,36.00723],[129.27222,36.00725],[129.2724,36.00732],[129.27261,36.00743],[129.2727,36.00748],[129.27272,36.00751],[129.27276,36.00754],[129.27283,36.00762],[129.27296,36.00769],[129.27315,36.00773],[129.27332,36.00779],[129.2734,36.00784],[129.27341,36.00783]]]}},{"type":"Feature","id":"TN_RIVER_BNDRY:WTR0100000000SN62","properties":{"NF_ID":"WTR0100000000SN62","admin_code":"47130","source_layer":"TN_RIVER_BNDRY","semantic":"zone","river_class":"소하천","river_class_source":"중심선 공간조인","survey_method":"사진측량"},"geometry":{"type":"Polygon","coordinates":[[[129.27222,36.00725],[129.27169,36.00744],[129.27054,36.00755],[129.27168,36.00747],[129.27222,36.00725]]]}},{"type":"Feature","id":"TN_RIVER_BNDRY:WTR0100000000SOLI","properties":{"NF_ID":"WTR0100000000SOLI","admin_code":"47130","source_layer":"TN_RIVER_BNDRY","semantic":"zone","river_class":"소하천","river_class_source":"중심선 공간조인","survey_method":"사진측량"},"geometry":{"type":"Polygon","coordinates":[[[129.2708,36.06223],[129.27046,36.06229],[129.27072,36.06338],[129.27162,36.0636],[129.27157,36.06428],[129.27236,36.06516],[129.27342,36.06606],[129.27405,36.06627],[129.27437,36.06693],[129.27507,36.06704],[129.2753,36.06771],[129.2761,36.06776],[129.27603,36.06815],[129.27621,36.06837],[129.27651,36.06845],[129.27659,36.06877],[129.27656,36.06841],[129.27606,36.06812],[129.27613,36.06772],[129.27533,36.06768],[129.27511,36.06702],[129.27447,36.0669],[129.27411,36.0662],[129.27349,36.06602],[129.273,36.06539],[129.27261,36.0653],[129.27185,36.06448],[129.2717,36.06354],[129.27084,36.06308],[129.2708,36.06223]]]}},{"type":"Feature","id":"TN_RIVER_BNDRY:WTR0100000000SP0Y","properties":{"NF_ID":"WTR0100000000SP0Y","admin_code":"47130","source_layer":"TN_RIVER_BNDRY","semantic":"zone","river_class":"소하천","river_class_source":"중심선 공간조인","survey_method":"사진측량"},"geometry":{"type":"Polygon","coordinates":[[[129.27223,36.00714],[129.27373,36.00579],[129.27504,36.0049],[129.27624,36.0031],[129.27765,36.00254],[129.2775,36.00248],[129.27624,36.00305],[129.27499,36.00486],[129.27346,36.00592],[129.27223,36.00714]]]}},{"type":"Feature","id":"TN_RIVER_BNDRY:WTR0100000000SP1Z","properties":{"NF_ID":"WTR0100000000SP1Z","admin_code":"47130","source_layer":"TN_RIVER_BNDRY","semantic":"zone","river_class":"소하천","river_class_source":"중심선 공간조인","survey_method":"사진측량"},"geometry":{"type":"Polygon","coordinates":[[[129.27341,36.00783],[129.27369,36.00833],[129.27416,36.00855],[129.27437,36.00917],[129.27541,36.00965],[129.27652,36.011],[129.27674,36.01151],[129.27757,36.01198],[129.27731,36.01343],[129.2776,36.0119],[129.27681,36.01149],[129.27543,36.00958],[129.27443,36.00915],[129.27421,36.0085],[129.2737,36.00829],[129.27341,36.00783]]]}},{"type":"Feature","id":"TN_RIVER_BNDRY:WTR0100000000SPNL","properties":{"NF_ID":"WTR0100000000SPNL","admin_code":"47130","source_layer":"TN_RIVER_BNDRY","semantic":"zone","river_class":"등급미확인","survey_method":"사진측량"},"geometry":{"type":"Polygon","coordinates":[[[129.27588,36.04085],[129.27491,36.04064],[129.27487,36.04049],[129.27529,36.04005],[129.27486,36.03931],[129.27522,36.03884],[129.27708,36.03835],[129.27728,36.03796],[129.2775,36.03789],[129.27724,36.03791],[129.27703,36.03833],[129.27519,36.03881],[129.27483,36.03924],[129.27524,36.04004],[129.27482,36.04048],[129.27489,36.04068],[129.27573,36.04081],[129.27653,36.04139],[129.27656,36.04123],[129.27624,36.04119],[129.27588,36.04085]]]}},{"type":"Feature","id":"TN_RIVER_BNDRY:WTR0100000000SPPN","properties":{"NF_ID":"WTR0100000000SPPN","admin_code":"47130","source_layer":"TN_RIVER_BNDRY","semantic":"zone","river_class":"소하천","river_class_source":"중심선 공간조인","survey_method":"사진측량"},"geometry":{"type":"Polygon","coordinates":[[[129.28831,36.00019],[129.28845,36.00026],[129.28923,36.0],[129.28831,36.00019]]]}},{"type":"Feature","id":"TN_RIVER_BNDRY:WTR0100000000SPTR","properties":{"NF_ID":"WTR0100000000SPTR","admin_code":"47130","source_layer":"TN_RIVER_BNDRY","semantic":"zone","river_class":"소하천","river_class_source":"중심선 공간조인","survey_method":"사진측량"},"geometry":{"type":"Polygon","coordinates":[[[129.28823,36.0003],[129.28831,36.00019],[129.28685,36.0],[129.28823,36.0003]]]}},{"type":"Feature","id":"TN_RIVER_BNDRY:WTR0100000000SPUS","properties":{"NF_ID":"WTR0100000000SPUS","admin_code":"47130","source_layer":"TN_RIVER_BNDRY","semantic":"zone","river_class":"소하천","river_class_source":"중심선 공간조인","survey_method":"사진측량"},"geometry":{"type":"Polygon","coordinates":[[[129.27854,36.0],[129.2785,36.0],[129.2785,36.0],[129.27847,36.00021],[129.27842,36.00062],[129.27839,36.00086],[129.27832,36.00121],[129.27827,36.00144],[129.27825,36.0015],[129.27824,36.00151],[129.27823,36.00153],[129.27821,36.00154],[129.27815,36.00177],[129.27812,36.00186],[129.27806,36.002],[129.27816,36.00203],[129.27818,36.00198],[129.27821,36.00188],[129.27827,36.00166],[129.27832,36.00144],[129.27836,36.00126],[129.27843,36.00091],[129.27848,36.00058],[129.27853,36.00012],[129.27854,36.0],[129.27854,36.0]]]}},{"type":"Feature","id":"TN_RIVER_BNDRY:WTR0100000000SPWU","properties":{"NF_ID":"WTR0100000000SPWU","admin_code":"47130","source_layer":"TN_RIVER_BNDRY","semantic":"zone","river_class":"소하천","river_class_source":"중심선 공간조인","survey_method":"사진측량"},"geometry":{"type":"Polygon","coordinates":[[[129.25783,36.00265],[129.25713,36.00255],[129.25514,36.00138],[129.25423,36.0],[129.25504,36.00134],[129.2571,36.00256],[129.25775,36.00264],[129.25782,36.00287],[129.25871,36.00324],[129.25907,36.00362],[129.25875,36.00321],[129.25785,36.00284],[129.25783,36.00265]]]}},{"type":"Feature","id":"TN_RIVER_BNDRY:WTR0100000000SQ54","properties":{"NF_ID":"WTR0100000000SQ54","admin_code":"47130","source_layer":"TN_RIVER_BNDRY","semantic":"zone","river_class":"등급미확인","survey_method":"사진측량"},"geometry":{"type":"Polygon","coordinates":[[[129.25,36.02552],[129.25035,36.02572],[129.25011,36.02527],[129.25,36.02357],[129.25,36.02552]]]}},{"type":"Feature","id":"TN_RIVER_BNDRY:WTR0100000000SQ65","properties":{"NF_ID":"WTR0100000000SQ65","admin_code":"47130","source_layer":"TN_RIVER_BNDRY","semantic":"zone","river_class":"소하천","river_class_source":"중심선 공간조인","survey_method":"사진측량"},"geometry":{"type":"Polygon","coordinates":[[[129.25035,36.02572],[129.25,36.02552],[129.25,36.0257],[129.25035,36.02572]]]}},{"type":"Feature","id":"TN_RIVER_BNDRY:WTR0100000000SQ87","properties":{"NF_ID":"WTR0100000000SQ87","admin_code":"47130","source_layer":"TN_RIVER_BNDRY","semantic":"zone","river_class":"등급미확인","survey_method":"사진측량"},"geometry":{"type":"Polygon","coordinates":[[[129.25017,36.02579],[129.25,36.0257],[129.25,36.02605],[129.25017,36.02579]]]}},{"type":"Feature","id":"TN_RIVER_BNDRY:WTR0100000000SQ98","properties":{"NF_ID":"WTR0100000000SQ98","admin_code":"47130","source_layer":"TN_RIVER_BNDRY","semantic":"zone","river_class":"소하천","river_class_source":"중심선 공간조인","survey_method":"사진측량"},"geometry":{"type":"Polygon","coordinates":[[[129.26016,36.02823],[129.26137,36.02853],[129.26142,36.02817],[129.26202,36.02763],[129.26234,36.0269],[129.26276,36.0267],[129.2629,36.02596],[129.26344,36.02562],[129.26316,36.02436],[129.26348,36.02406],[129.26324,36.02368],[129.26508,36.02379],[129.26458,36.02296],[129.26389,36.02271],[129.26412,36.02268],[129.26434,36.02217],[129.26376,36.02184],[129.26352,36.02189],[129.26339,36.02172],[129.26366,36.02154],[129.26503,36.02153],[129.26467,36.02081],[129.26463,36.02034],[129.26495,36.02036],[129.26507,36.02021],[129.26471,36.01967],[129.26471,36.01939],[129.26496,36.01921],[129.26571,36.01918],[129.26521,36.01871],[129.26506,36.01797],[129.26534,36.01794],[129.26557,36.01825],[129.26608,36.01839],[129.26602,36.01803],[129.26626,36.018],[129.26569,36.01758],[129.26592,36.01764],[129.26652,36.01737],[129.26641,36.0171],[129.26585,36.01692],[129.2663,36.01682],[129.26626,36.01653],[129.26646,36.01625],[129.2663,36.01581],[129.26686,36.01548],[129.26678,36.01524],[129.26706,36.01497],[129.26715,36.01429],[129.26813,36.01235],[129.26883,36.01037],[129.26901,36.0102],[129.26985,36.01143],[129.26943,36.01261],[129.26961,36.0126],[129.27015,36.01191],[129.27022,36.01152],[129.26991,36.01038],[129.27019,36.00966],[129.26872,36.0083],[129.26841,36.00844],[129.267,36.00836],[129.2659,36.00795],[129.26557,36.00814],[129.2649,36.00804],[129.26442,36.00738],[129.26364,36.00679],[129.26257,36.00644],[129.26202,36.00661],[129.26192,36.00597],[129.26214,36.00603],[129.26217,36.00585],[129.26208,36.0055],[129.2619,36.00541],[129.26052,36.00592],[129.26088,36.0066],[129.2609,36.0072],[129.26045,36.00747],[129.26028,36.00813],[129.2599,36.00847],[129.26033,36.00866],[129.26103,36.0084],[129.26128,36.00881],[129.26128,36.00933],[129.2601,36.00925],[129.25964,36.00965],[129.25906,36.00943],[129.25863,36.00888],[129.2581,36.00879],[129.25805,36.00863],[129.25771,36.0088],[129.25823,36.00899],[129.25829,36.0096],[129.25886,36.01033],[129.25876,36.01063],[129.25781,36.01132],[129.2578,36.01166],[129.25835,36.0117],[129.25816,36.0119],[129.25835,36.01216],[129.25817,36.01245],[129.25775,36.0125],[129.25727,36.01312],[129.25806,36.01342],[129.2575,36.01388],[129.2573,36.01433],[129.25649,36.01437],[129.25623,36.01408],[129.25617,36.01444],[129.25595,36.01466],[129.25617,36.01488],[129.25583,36.01497],[129.25581,36.01531],[129.25611,36.0158],[129.25604,36.01602],[129.25649,36.01605],[129.25674,36.01573],[129.25711,36.01574],[129.25741,36.01592],[129.25748,36.01552],[129.25813,36.01531],[129.25845,36.01478],[129.25926,36.01444],[129.25947,36.01449],[129.25939,36.01511],[129.2597,36.01515],[129.26015,36.01456],[129.26085,36.01464],[129.26045,36.01406],[129.26055,36.01362],[129.26144,36.01295],[129.26212,36.01275],[129.26246,36.01311],[129.26199,36.01349],[129.2619,36.01375],[129.26238,36.01388],[129.26246,36.01405],[129.26285,36.01401],[129.26301,36.01423],[129.26266,36.01467],[129.26285,36.01507],[129.26214,36.01569],[129.26175,36.01578],[129.26224,36.0159],[129.26336,36.0158],[129.26298,36.01643],[129.26296,36.01687],[129.26262,36.01709],[129.26255,36.01751],[129.26218,36.01781],[129.26159,36.01783],[129.26161,36.01807],[129.26121,36.01832],[129.26052,36.01844],[129.26091,36.01897],[129.26084,36.01963],[129.26062,36.01962],[129.26073,36.01982],[129.26058,36.02015],[129.2599,36.02054],[129.25933,36.02056],[129.25996,36.02103],[129.25934,36.02149],[129.25932,36.02183],[129.25886,36.02201],[129.25916,36.02191],[129.25904,36.02206],[129.25677,36.02334],[129.25538,36.02354],[129.25272,36.02364],[129.25195,36.02338],[129.25,36.02229],[129.25243,36.02363],[129.25328,36.02372],[129.25533,36.02358],[129.25648,36.02348],[129.25708,36.02327],[129.25897,36.02218],[129.25953,36.0216],[129.26004,36.02166],[129.26099,36.02133],[129.26138,36.02142],[129.26148,36.02167],[129.26102,36.0233],[129.26129,36.02486],[129.26103,36.02565],[129.26027,36.02675],[129.25977,36.0272],[129.26044,36.02736],[129.26016,36.02823]]]}},{"type":"Feature","id":"TN_RIVER_BNDRY:WTR0100000000SQA9","properties":{"NF_ID":"WTR0100000000SQA9","admin_code":"47130","source_layer":"TN_RIVER_BNDRY","semantic":"zone","river_class":"소하천","river_class_source":"중심선 공간조인","survey_method":"사진측량"},"geometry":{"type":"Polygon","coordinates":[[[129.26051,36.05044],[129.26095,36.05014],[129.26136,36.04933],[129.26312,36.04819],[129.26503,36.04781],[129.26592,36.04725],[129.2664,36.04752],[129.26784,36.0478],[129.26845,36.0483],[129.26896,36.04835],[129.26836,36.04817],[129.26785,36.04772],[129.26641,36.04749],[129.26589,36.04718],[129.26503,36.04776],[129.26389,36.04788],[129.26305,36.04817],[129.2613,36.04925],[129.26088,36.05015],[129.26046,36.05038],[129.26,36.05005],[129.25918,36.04989],[129.25846,36.04942],[129.25801,36.04998],[129.25785,36.04998],[129.25757,36.04969],[129.25549,36.04881],[129.2546,36.04755],[129.25279,36.04629],[129.25211,36.04543],[129.25082,36.04487],[129.25033,36.04383],[129.25,36.0435],[129.25067,36.0449],[129.25198,36.04552],[129.25283,36.0465],[129.2544,36.04753],[129.25561,36.04899],[129.25733,36.04964],[129.25841,36.05041],[129.2599,36.05058],[129.26051,36.05044]]]}},{"type":"Feature","id":"TN_RIVER_BNDRY:WTR0100000000SQBA","properties":{"NF_ID":"WTR0100000000SQBA","admin_code":"47130","source_layer":"TN_RIVER_BNDRY","semantic":"zone","river_class":"소하천","river_class_source":"중심선 공간조인","survey_method":"사진측량"},"geometry":{"type":"Polygon","coordinates":[[[129.25028,36.05837],[129.25,36.0583],[129.25,36.05846],[129.25028,36.05837]]]}},{"type":"Feature","id":"TN_RIVER_BNDRY:WTR0100000000SQCB","properties":{"NF_ID":"WTR0100000000SQCB","admin_code":"47130","source_layer":"TN_RIVER_BNDRY","semantic":"zone","river_class":"소하천","river_class_source":"중심선 공간조인","survey_method":"사진측량"},"geometry":{"type":"Polygon","coordinates":[[[129.27049,36.06184],[129.27084,36.06184],[129.27059,36.06151],[129.26985,36.06119],[129.26869,36.06117],[129.26807,36.06046],[129.26765,36.06044],[129.26639,36.05967],[129.26625,36.05965],[129.26567,36.06076],[129.2652,36.05997],[129.2646,36.05988],[129.26419,36.05954],[129.26277,36.05923],[129.26229,36.05878],[129.26193,36.05869],[129.26101,36.05884],[129.26042,36.0587],[129.25944,36.05818],[129.25765,36.05683],[129.25419,36.05512],[129.25341,36.05437],[129.25284,36.05405],[129.25184,36.05382],[129.25,36.05382],[129.25,36.05399],[129.25159,36.05385],[129.25287,36.05417],[129.25414,36.05523],[129.25669,36.05646],[129.25985,36.05853],[129.26099,36.05892],[129.26209,36.05875],[129.26271,36.05927],[129.26417,36.05957],[129.26453,36.05993],[129.26511,36.06],[129.26579,36.06092],[129.26583,36.06125],[129.2661,36.06097],[129.26714,36.06155],[129.2677,36.06107],[129.26817,36.06148],[129.26931,36.06161],[129.27002,36.06145],[129.27049,36.06184]]]}},{"type":"Feature","id":"TN_RIVER_BNDRY:WTR0100000000SQDC","properties":{"NF_ID":"WTR0100000000SQDC","admin_code":"47130","source_layer":"TN_RIVER_BNDRY","semantic":"zone","river_class":"소하천","river_class_source":"중심선 공간조인","survey_method":"사진측량"},"geometry":{"type":"Polygon","coordinates":[[[129.25503,36.06532],[129.25511,36.06493],[129.25461,36.06463],[129.25444,36.06392],[129.2541,36.06409],[129.25372,36.06393],[129.25337,36.06411],[129.25277,36.06416],[129.25212,36.06452],[129.25206,36.0647],[129.25166,36.06445],[129.25123,36.06445],[129.25124,36.06411],[129.25,36.06338],[129.2512,36.06411],[129.25113,36.06448],[129.25166,36.06446],[129.25207,36.06471],[129.25218,36.0645],[129.25283,36.06418],[129.25451,36.06406],[129.2545,36.06457],[129.25504,36.06493],[129.25501,36.06521],[129.25431,36.06529],[129.25376,36.06578],[129.25391,36.06645],[129.25466,36.06787],[129.2546,36.06815],[129.25509,36.06814],[129.25532,36.06774],[129.25503,36.06532]]]}},{"type":"Feature","id":"TN_RIVER_BNDRY:WTR0100000000SRUU","properties":{"NF_ID":"WTR0100000000SRUU","admin_code":"47130","source_layer":"TN_RIVER_BNDRY","semantic":"zone","river_class":"소하천","river_class_source":"중심선 공간조인","survey_method":"사진측량"},"geometry":{"type":"Polygon","coordinates":[[[129.15796,36.02243],[129.15718,36.02234],[129.15648,36.02268],[129.15588,36.02326],[129.15549,36.02403],[129.15482,36.02436],[129.15394,36.02604],[129.15345,36.0266],[129.15301,36.02675],[129.15282,36.02698],[129.15292,36.02737],[129.15214,36.02838],[129.15206,36.0291],[129.15149,36.02943],[129.15214,36.02919],[129.15224,36.02843],[129.15296,36.02744],[129.15295,36.02697],[129.15349,36.02669],[129.15412,36.02597],[129.15439,36.02523],[129.15483,36.02481],[129.15485,36.02444],[129.15556,36.02416],[129.15596,36.02332],[129.15621,36.02321],[129.15651,36.02273],[129.15712,36.02242],[129.15796,36.02243]]]}},{"type":"Feature","id":"TN_RIVER_BNDRY:WTR0100000000SRVV","properties":{"NF_ID":"WTR0100000000SRVV","admin_code":"47130","source_layer":"TN_RIVER_BNDRY","semantic":"zone","river_class":"지방하천","river_class_source":"중심선 공간조인","river_name":"옥산천","river_code":"1021460","survey_method":"사진측량"},"geometry":{"type":"Polygon","coordinates":[[[129.1581,36.02235],[129.15796,36.02243],[129.15821,36.02282],[129.15827,36.02396],[129.15869,36.02464],[129.15902,36.02454],[129.15915,36.02488],[129.15887,36.0258],[129.15915,36.02739],[129.15934,36.02751],[129.15949,36.029],[129.1597,36.02937],[129.15953,36.03021],[129.15915,36.03037],[129.15846,36.03137],[129.1574,36.03162],[129.15691,36.03193],[129.15746,36.03166],[129.15836,36.03172],[129.1594,36.03055],[129.1602,36.03026],[129.16048,36.03034],[129.16228,36.03275],[129.16288,36.03322],[129.16315,36.03388],[129.16393,36.0346],[129.16419,36.03474],[129.16455,36.03471],[129.16435,36.03495],[129.16555,36.03614],[129.16628,36.03638],[129.16671,36.03671],[129.16682,36.03749],[129.1672,36.03842],[129.16676,36.03669],[129.16628,36.03635],[129.16557,36.03611],[129.16497,36.03493],[129.16449,36.03459],[129.16467,36.03433],[129.16444,36.03403],[129.16453,36.03356],[129.16437,36.03322],[129.164,36.03293],[129.16326,36.03172],[129.16248,36.03115],[129.16248,36.03097],[129.16283,36.03086],[129.16254,36.03078],[129.16237,36.0309],[129.16208,36.03062],[129.16215,36.02994],[129.16151,36.028],[129.1604,36.02632],[129.16062,36.02518],[129.16039,36.02481],[129.16048,36.02434],[129.16035,36.02414],[129.15897,36.02436],[129.15856,36.02426],[129.15838,36.02397],[129.15835,36.02277],[129.1581,36.02235]]]}},{"type":"Feature","id":"TN_RIVER_BNDRY:WTR0100000000SRWW","properties":{"NF_ID":"WTR0100000000SRWW","admin_code":"47130","source_layer":"TN_RIVER_BNDRY","semantic":"zone","river_class":"소하천","river_class_source":"중심선 공간조인","survey_method":"사진측량"},"geometry":{"type":"Polygon","coordinates":[[[129.23867,36.03273],[129.23237,36.03463],[129.2298,36.03563],[129.22896,36.03575],[129.22784,36.03541],[129.22709,36.03554],[129.22574,36.03505],[129.22484,36.03507],[129.22422,36.03529],[129.22428,36.03547],[129.22481,36.03513],[129.22579,36.03511],[129.22671,36.03556],[129.22789,36.03551],[129.22918,36.03585],[129.23236,36.0347],[129.23867,36.03273]]]}},{"type":"Feature","id":"TN_RIVER_BNDRY:WTR0100000000SS01","properties":{"NF_ID":"WTR0100000000SS01","admin_code":"47130","source_layer":"TN_RIVER_BNDRY","semantic":"zone","river_class":"지방하천","river_class_source":"중심선 공간조인","river_name":"옥산천","river_code":"1021460","survey_method":"사진측량"},"geometry":{"type":"Polygon","coordinates":[[[129.16513,36.04889],[129.16508,36.0488],[129.16485,36.0492],[129.16437,36.04946],[129.16407,36.05008],[129.1644,36.0495],[129.16513,36.04889]]]}},{"type":"Feature","id":"TN_RIVER_BNDRY:WTR0100000000SU7A","properties":{"NF_ID":"WTR0100000000SU7A","admin_code":"47130","source_layer":"TN_RIVER_BNDRY","semantic":"zone","river_class":"지방하천","river_class_source":"중심선 공간조인","river_name":"옥산천","river_code":"1021460","survey_method":"사진측량"},"geometry":{"type":"Polygon","coordinates":[[[129.1581,36.02235],[129.15805,36.02226],[129.15788,36.02234],[129.1581,36.02235]]]}},{"type":"Feature","id":"TN_RIVER_BNDRY:WTR0100000000SURU","properties":{"NF_ID":"WTR0100000000SURU","admin_code":"47130","source_layer":"TN_RIVER_BNDRY","semantic":"zone","river_class":"지방하천","river_class_source":"중심선 공간조인","river_name":"기계천","river_code":"2120240","survey_method":"사진측량"},"geometry":{"type":"Polygon","coordinates":[[[129.24511,36.04172],[129.24342,36.04149],[129.2397,36.04903],[129.24191,36.04991],[129.24463,36.0441],[129.24454,36.04355],[129.24511,36.04172]]]}},{"type":"Feature","id":"TN_RIVER_BNDRY:WTR0100000000SUSV","properties":{"NF_ID":"WTR0100000000SUSV","admin_code":"47130","source_layer":"TN_RIVER_BNDRY","semantic":"zone","river_class":"지방하천","river_class_source":"중심선 공간조인","river_name":"기계천","river_code":"2120240","survey_method":"사진측량"},"geometry":{"type":"Polygon","coordinates":[[[129.24546,36.04126],[129.24355,36.04101],[129.24342,36.04149],[129.24511,36.04172],[129.24546,36.04126]]]}},{"type":"Feature","id":"TN_RIVER_BNDRY:WTR0100000000SUTW","properties":{"NF_ID":"WTR0100000000SUTW","admin_code":"47130","source_layer":"TN_RIVER_BNDRY","semantic":"zone","river_class":"소하천","river_class_source":"중심선 공간조인","survey_method":"사진측량"},"geometry":{"type":"Polygon","coordinates":[[[129.24757,36.02756],[129.24785,36.02688],[129.24716,36.02714],[129.24649,36.02772],[129.24423,36.02905],[129.24189,36.02991],[129.24123,36.03042],[129.24041,36.03072],[129.23922,36.03157],[129.23869,36.0327],[129.23894,36.03258],[129.23942,36.03159],[129.24052,36.03084],[129.2414,36.03047],[129.24181,36.03011],[129.24436,36.02912],[129.24723,36.02733],[129.24757,36.02756]]]}},{"type":"Feature","id":"TN_RIVER_BNDRY:WTR0100000000SUUX","properties":{"NF_ID":"WTR0100000000SUUX","admin_code":"47130","source_layer":"TN_RIVER_BNDRY","semantic":"zone","river_class":"지방하천","river_class_source":"중심선 공간조인","river_name":"기계천","river_code":"2120240","survey_method":"사진측량"},"geometry":{"type":"Polygon","coordinates":[[[129.24922,36.02826],[129.24757,36.02756],[129.2471,36.03037],[129.2443,36.03772],[129.24355,36.04101],[129.24546,36.04126],[129.24578,36.04073],[129.24592,36.03848],[129.24883,36.0312],[129.24922,36.02826]]]}},{"type":"Feature","id":"TN_RIVER_BNDRY:WTR0100000000SUVY","properties":{"NF_ID":"WTR0100000000SUVY","admin_code":"47130","source_layer":"TN_RIVER_BNDRY","semantic":"zone","river_class":"지방하천","river_class_source":"중심선 공간조인","river_name":"기계천","river_code":"2120240","survey_method":"사진측량"},"geometry":{"type":"Polygon","coordinates":[[[129.24948,36.02749],[129.24785,36.02688],[129.24757,36.02756],[129.24922,36.02826],[129.24948,36.02749]]]}},{"type":"Feature","id":"TN_RIVER_BNDRY:WTR0100000000SUWZ","properties":{"NF_ID":"WTR0100000000SUWZ","admin_code":"47130","source_layer":"TN_RIVER_BNDRY","semantic":"zone","river_class":"소하천","river_class_source":"중심선 공간조인","survey_method":"사진측량"},"geometry":{"type":"Polygon","coordinates":[[[129.23877,36.03272],[129.23869,36.0327],[129.23867,36.03273],[129.23873,36.03276],[129.23877,36.03272]]]}},{"type":"Feature","id":"TN_RIVER_BNDRY:WTR0100000000SUX0","properties":{"NF_ID":"WTR0100000000SUX0","admin_code":"47130","source_layer":"TN_RIVER_BNDRY","semantic":"zone","river_class":"소하천","river_class_source":"중심선 공간조인","survey_method":"사진측량"},"geometry":{"type":"Polygon","coordinates":[[[129.23873,36.03276],[129.23867,36.03273],[129.23865,36.03277],[129.23861,36.0328],[129.23856,36.033],[129.23851,36.03319],[129.23844,36.03338],[129.23835,36.03366],[129.23831,36.03382],[129.23824,36.03404],[129.23821,36.03418],[129.23817,36.03436],[129.23814,36.03443],[129.23811,36.03449],[129.23804,36.03454],[129.23803,36.03456],[129.23805,36.03457],[129.23808,36.03456],[129.23813,36.03452],[129.23816,36.03448],[129.23818,36.03445],[129.2382,36.03437],[129.23823,36.03427],[129.23828,36.03408],[129.23831,36.03394],[129.23835,36.03379],[129.23841,36.03361],[129.23845,36.0335],[129.2385,36.03337],[129.23854,36.03326],[129.23856,36.0332],[129.23859,36.03314],[129.2386,36.03309],[129.23864,36.03293],[129.23866,36.03283],[129.23869,36.0328],[129.23873,36.03276]]]}},{"type":"Feature","id":"TN_RIVER_BNDRY:WTR0100000000SUY1","properties":{"NF_ID":"WTR0100000000SUY1","admin_code":"47130","source_layer":"TN_RIVER_BNDRY","semantic":"zone","river_class":"소하천","river_class_source":"중심선 공간조인","survey_method":"사진측량"},"geometry":{"type":"Polygon","coordinates":[[[129.22428,36.03547],[129.22409,36.03548],[129.22416,36.03579],[129.22428,36.03547]]]}},{"type":"Feature","id":"TN_RIVER_BNDRY:WTR0100000000SUZ2","properties":{"NF_ID":"WTR0100000000SUZ2","admin_code":"47130","source_layer":"TN_RIVER_BNDRY","semantic":"zone","river_class":"소하천","river_class_source":"중심선 공간조인","survey_method":"사진측량"},"geometry":{"type":"Polygon","coordinates":[[[129.22409,36.03548],[129.22407,36.03534],[129.22357,36.03521],[129.22113,36.03524],[129.22002,36.03554],[129.21964,36.03585],[129.21811,36.03641],[129.21758,36.03646],[129.2173,36.0363],[129.21759,36.03651],[129.21815,36.03646],[129.21966,36.03589],[129.22003,36.03557],[129.22113,36.03527],[129.22336,36.03528],[129.22409,36.03548]]]}},{"type":"Feature","id":"TN_RIVER_BNDRY:WTR0100000000SV04","properties":{"NF_ID":"WTR0100000000SV04","admin_code":"47130","source_layer":"TN_RIVER_BNDRY","semantic":"zone","river_class":"소하천","river_class_source":"중심선 공간조인","survey_method":"사진측량"},"geometry":{"type":"Polygon","coordinates":[[[129.22428,36.03547],[129.22422,36.03529],[129.22407,36.03534],[129.22409,36.03548],[129.22428,36.03547]]]}},{"type":"Feature","id":"TN_RIVER_BNDRY:WTR0100000000SV26","properties":{"NF_ID":"WTR0100000000SV26","admin_code":"47130","source_layer":"TN_RIVER_BNDRY","semantic":"zone","river_class":"소하천","river_class_source":"중심선 공간조인","survey_method":"사진측량"},"geometry":{"type":"Polygon","coordinates":[[[129.16717,36.0385],[129.16716,36.0384],[129.16711,36.03846],[129.16705,36.03854],[129.16701,36.03864],[129.167,36.03871],[129.16699,36.03875],[129.16698,36.03879],[129.16696,36.03883],[129.16692,36.03887],[129.16681,36.03898],[129.16669,36.03909],[129.16668,36.03913],[129.16668,36.03913],[129.16685,36.03901],[129.1669,36.03895],[129.16695,36.03891],[129.16698,36.03886],[129.16701,36.03882],[129.16702,36.03878],[129.16703,36.03872],[129.16704,36.03871],[129.16709,36.03859],[129.16714,36.03852],[129.16717,36.0385]]]}},{"type":"Feature","id":"TN_RIVER_BNDRY:WTR0100000000SV37","properties":{"NF_ID":"WTR0100000000SV37","admin_code":"47130","source_layer":"TN_RIVER_BNDRY","semantic":"zone","river_class":"지방하천","river_class_source":"중심선 공간조인","river_name":"옥산천","river_code":"1021460","survey_method":"사진측량"},"geometry":{"type":"Polygon","coordinates":[[[129.1675,36.04082],[129.16742,36.04077],[129.16737,36.0408],[129.1674,36.04086],[129.1675,36.04082]]]}},{"type":"Feature","id":"TN_RIVER_BNDRY:WTR0100000000SV48","properties":{"NF_ID":"WTR0100000000SV48","admin_code":"47130","source_layer":"TN_RIVER_BNDRY","semantic":"zone","river_class":"소하천","river_class_source":"중심선 공간조인","survey_method":"사진측량"},"geometry":{"type":"Polygon","coordinates":[[[129.16522,36.04384],[129.16527,36.04377],[129.16525,36.04377],[129.16523,36.04378],[129.1652,36.04378],[129.16514,36.04378],[129.16509,36.04377],[129.16505,36.04376],[129.16501,36.04376],[129.16495,36.04375],[129.16493,36.04375],[129.16486,36.04375],[129.16481,36.04375],[129.16476,36.04376],[129.1647,36.04376],[129.16464,36.04376],[129.16453,36.04379],[129.1644,36.04383],[129.16435,36.04383],[129.16431,36.04384],[129.16426,36.04384],[129.16423,36.04383],[129.16418,36.04383],[129.16412,36.04382],[129.16406,36.04381],[129.16403,36.04381],[129.16395,36.04381],[129.16389,36.04381],[129.16385,36.04381],[129.16382,36.04382],[129.16378,36.04382],[129.16373,36.04382],[129.16362,36.04383],[129.16354,36.04383],[129.16342,36.04382],[129.16339,36.04381],[129.16333,36.04381],[129.1633,36.0438],[129.16328,36.0438],[129.16327,36.04381],[129.16326,36.04382],[129.16326,36.04383],[129.16326,36.04384],[129.16327,36.04384],[129.1633,36.04385],[129.16335,36.04386],[129.16341,36.04386],[129.16347,36.04386],[129.16354,36.04386],[129.1636,36.04386],[129.16364,36.04386],[129.16372,36.04386],[129.16378,36.04385],[129.16387,36.04385],[129.16393,36.04385],[129.16398,36.04385],[129.16402,36.04386],[129.16407,36.04386],[129.16412,36.04387],[129.16416,36.04387],[129.1642,36.04387],[129.16424,36.04387],[129.1643,36.04388],[129.16439,36.04387],[129.16443,36.04387],[129.16448,36.04386],[129.16456,36.04384],[129.16461,36.04383],[129.16467,36.04382],[129.16474,36.04381],[129.16479,36.0438],[129.16487,36.04379],[129.16491,36.04379],[129.16496,36.04379],[129.165,36.04379],[129.16504,36.0438],[129.16509,36.04381],[129.16517,36.04382],[129.16522,36.04384]]]}},{"type":"Feature","id":"TN_RIVER_BNDRY:WTR0100000000SV59","properties":{"NF_ID":"WTR0100000000SV59","admin_code":"47130","source_layer":"TN_RIVER_BNDRY","semantic":"zone","river_class":"지방하천","river_class_source":"중심선 공간조인","river_name":"옥산천","river_code":"1021460","survey_method":"사진측량"},"geometry":{"type":"Polygon","coordinates":[[[129.16537,36.04381],[129.16527,36.04377],[129.16522,36.04384],[129.16532,36.04389],[129.16537,36.04381]]]}},{"type":"Feature","id":"TN_RIVER_BNDRY:WTR0100000000SV6A","properties":{"NF_ID":"WTR0100000000SV6A","admin_code":"47130","source_layer":"TN_RIVER_BNDRY","semantic":"zone","river_class":"소하천","river_class_source":"중심선 공간조인","survey_method":"사진측량"},"geometry":{"type":"Polygon","coordinates":[[[129.16522,36.04888],[129.16513,36.04889],[129.16514,36.0489],[129.16515,36.04891],[129.16515,36.04893],[129.16514,36.04896],[129.16513,36.04904],[129.16513,36.04907],[129.16513,36.04912],[129.16514,36.04919],[129.16515,36.0492],[129.16516,36.04921],[129.16518,36.04921],[129.16519,36.04921],[129.1652,36.0492],[129.16521,36.04917],[129.16521,36.04914],[129.16522,36.04908],[129.16522,36.04904],[129.16523,36.04901],[129.16523,36.04895],[129.16523,36.04892],[129.16522,36.04889],[129.16522,36.04888]]]}},{"type":"Feature","id":"TN_RIVER_BNDRY:WTR0100000000SV7B","properties":{"NF_ID":"WTR0100000000SV7B","admin_code":"47130","source_layer":"TN_RIVER_BNDRY","semantic":"zone","river_class":"지방하천","river_class_source":"중심선 공간조인","river_name":"옥산천","river_code":"1021460","survey_method":"사진측량"},"geometry":{"type":"Polygon","coordinates":[[[129.16522,36.04888],[129.16521,36.04885],[129.16518,36.04878],[129.16508,36.0488],[129.16513,36.04889],[129.16522,36.04888]]]}},{"type":"Feature","id":"TN_RIVER_BNDRY:WTR0100000000SV8C","properties":{"NF_ID":"WTR0100000000SV8C","admin_code":"47130","source_layer":"TN_RIVER_BNDRY","semantic":"zone","river_class":"지방하천","river_class_source":"중심선 공간조인","river_name":"옥산천","river_code":"1021460","survey_method":"사진측량"},"geometry":{"type":"Polygon","coordinates":[[[129.16518,36.04878],[129.16477,36.0484],[129.16466,36.04773],[129.1657,36.04653],[129.16551,36.04547],[129.16521,36.04522],[129.16516,36.04495],[129.16555,36.04424],[129.16537,36.04381],[129.16549,36.04426],[129.16513,36.04466],[129.1651,36.045],[129.16547,36.04558],[129.16562,36.04656],[129.16455,36.04772],[129.16476,36.04852],[129.16518,36.04878]]]}},{"type":"Feature","id":"TN_RIVER_BNDRY:WTR0100000000SV9D","properties":{"NF_ID":"WTR0100000000SV9D","admin_code":"47130","source_layer":"TN_RIVER_BNDRY","semantic":"zone","river_class":"지방하천","river_class_source":"중심선 공간조인","river_name":"옥산천","river_code":"1021460","survey_method":"사진측량"},"geometry":{"type":"Polygon","coordinates":[[[129.1674,36.04086],[129.16714,36.0409],[129.16708,36.04127],[129.16652,36.04198],[129.16614,36.04288],[129.16527,36.04377],[129.1662,36.04291],[129.16656,36.04205],[129.16719,36.04127],[129.16722,36.04092],[129.1674,36.04086]]]}},{"type":"Feature","id":"TN_RIVER_BNDRY:WTR0100000000SVAE","properties":{"NF_ID":"WTR0100000000SVAE","admin_code":"47130","source_layer":"TN_RIVER_BNDRY","semantic":"zone","river_class":"소하천","river_class_source":"중심선 공간조인","survey_method":"사진측량"},"geometry":{"type":"Polygon","coordinates":[[[129.1675,36.04082],[129.1674,36.04086],[129.16741,36.04087],[129.16741,36.04087],[129.16741,36.04089],[129.16741,36.04093],[129.16742,36.041],[129.16742,36.04103],[129.16742,36.04107],[129.16742,36.04109],[129.16742,36.04116],[129.16742,36.04121],[129.16741,36.04124],[129.16741,36.04128],[129.16741,36.0413],[129.16741,36.04133],[129.16741,36.04138],[129.16741,36.04142],[129.16741,36.04145],[129.16741,36.04151],[129.16741,36.04153],[129.16741,36.04158],[129.16741,36.04161],[129.16741,36.04163],[129.16741,36.04166],[129.16741,36.04169],[129.16741,36.04171],[129.16741,36.04174],[129.16741,36.04176],[129.16741,36.04179],[129.16741,36.04181],[129.16742,36.04182],[129.16742,36.04183],[129.16745,36.04183],[129.16746,36.04183],[129.16747,36.04183],[129.16749,36.04182],[129.16749,36.0418],[129.16748,36.04174],[129.16748,36.04172],[129.16748,36.04168],[129.16748,36.04163],[129.16748,36.04154],[129.16748,36.0415],[129.16748,36.04145],[129.16748,36.04141],[129.16748,36.04135],[129.16748,36.04126],[129.16748,36.04119],[129.16748,36.0411],[129.16748,36.04103],[129.16748,36.04097],[129.16749,36.04093],[129.16749,36.04089],[129.16749,36.04085],[129.1675,36.04082]]]}},{"type":"Feature","id":"TN_RIVER_BNDRY:WTR0100000000SVBF","properties":{"NF_ID":"WTR0100000000SVBF","admin_code":"47130","source_layer":"TN_RIVER_BNDRY","semantic":"zone","river_class":"지방하천","river_class_source":"중심선 공간조인","river_name":"옥산천","river_code":"1021460","survey_method":"사진측량"},"geometry":{"type":"Polygon","coordinates":[[[129.1672,36.03842],[129.16748,36.0389],[129.16738,36.04035],[129.1675,36.04082],[129.16755,36.03889],[129.1672,36.03842]]]}},{"type":"Feature","id":"TN_RIVER_BNDRY:WTR0100000000SVCG","properties":{"NF_ID":"WTR0100000000SVCG","admin_code":"47130","source_layer":"TN_RIVER_BNDRY","semantic":"zone","river_class":"소하천","river_class_source":"중심선 공간조인","survey_method":"사진측량"},"geometry":{"type":"Polygon","coordinates":[[[129.16577,36.03434],[129.16625,36.03418],[129.16553,36.03433],[129.16526,36.03416],[129.16487,36.03422],[129.16525,36.03423],[129.16548,36.0344],[129.16577,36.03434]]]}},{"type":"Feature","id":"TN_RIVER_BNDRY:WTR0100000000SVDH","properties":{"NF_ID":"WTR0100000000SVDH","admin_code":"47130","source_layer":"TN_RIVER_BNDRY","semantic":"zone","river_class":"지방하천","river_class_source":"중심선 공간조인","river_name":"옥산천","river_code":"1021460","survey_method":"사진측량"},"geometry":{"type":"Polygon","coordinates":[[[129.1672,36.03842],[129.16716,36.0384],[129.16717,36.0385],[129.16719,36.0385],[129.16721,36.0385],[129.1672,36.03842]]]}},{"type":"Feature","id":"TN_RIVER_BNDRY:WTR0100000000T4V9","properties":{"NF_ID":"WTR0100000000T4V9","admin_code":"47130","source_layer":"TN_RIVER_BNDRY","semantic":"zone","river_class":"소하천","river_class_source":"중심선 공간조인","survey_method":"사진측량"},"geometry":{"type":"Polygon","coordinates":[[[129.23766,36.00633],[129.23744,36.00629],[129.23744,36.0064],[129.23766,36.00633]]]}},{"type":"Feature","id":"TN_RIVER_BNDRY:WTR0100000000T4WA","properties":{"NF_ID":"WTR0100000000T4WA","admin_code":"47130","source_layer":"TN_RIVER_BNDRY","semantic":"zone","river_class":"소하천","river_class_source":"중심선 공간조인","survey_method":"사진측량"},"geometry":{"type":"Polygon","coordinates":[[[129.24056,36.01826],[129.23926,36.01571],[129.239,36.01245],[129.23775,36.0112],[129.23764,36.00642],[129.23744,36.0064],[129.2376,36.01121],[129.23888,36.01249],[129.23918,36.01576],[129.24042,36.01827],[129.24056,36.01826]]]}},{"type":"Feature","id":"TN_RIVER_BNDRY:WTR0100000000T4XB","properties":{"NF_ID":"WTR0100000000T4XB","admin_code":"47130","source_layer":"TN_RIVER_BNDRY","semantic":"zone","river_class":"소하천","river_class_source":"중심선 공간조인","survey_method":"사진측량"},"geometry":{"type":"Polygon","coordinates":[[[129.24056,36.01844],[129.24056,36.01826],[129.24042,36.01827],[129.2404,36.01846],[129.24056,36.01844]]]}},{"type":"Feature","id":"TN_RIVER_BNDRY:WTR0100000000T4YC","properties":{"NF_ID":"WTR0100000000T4YC","admin_code":"47130","source_layer":"TN_RIVER_BNDRY","semantic":"zone","river_class":"지방하천","river_class_source":"중심선 공간조인","river_name":"기계천","river_code":"2120240","survey_method":"사진측량"},"geometry":{"type":"Polygon","coordinates":[[[129.24912,36.01774],[129.24877,36.01728],[129.24703,36.01833],[129.24724,36.01874],[129.24912,36.01774]]]}},{"type":"Feature","id":"TN_RIVER_BNDRY:WTR0100000000T4ZD","properties":{"NF_ID":"WTR0100000000T4ZD","admin_code":"47130","source_layer":"TN_RIVER_BNDRY","semantic":"zone","river_class":"지방하천","river_class_source":"중심선 공간조인","river_name":"기계천","river_code":"2120240","survey_method":"사진측량"},"geometry":{"type":"Polygon","coordinates":[[[129.24982,36.02223],[129.248,36.02206],[129.24802,36.02221],[129.24982,36.02223]]]}},{"type":"Feature","id":"TN_RIVER_BNDRY:WTR0100000000T50F","properties":{"NF_ID":"WTR0100000000T50F","admin_code":"47130","source_layer":"TN_RIVER_BNDRY","semantic":"zone","river_class":"소하천","river_class_source":"중심선 공간조인","survey_method":"사진측량"},"geometry":{"type":"Polygon","coordinates":[[[129.24724,36.01874],[129.24703,36.01833],[129.24676,36.01859],[129.24588,36.01869],[129.24056,36.01826],[129.24056,36.01844],[129.24568,36.01887],[129.24724,36.01874]]]}},{"type":"Feature","id":"TN_RIVER_BNDRY:WTR0100000000T51G","properties":{"NF_ID":"WTR0100000000T51G","admin_code":"47130","source_layer":"TN_RIVER_BNDRY","semantic":"zone","river_class":"지방하천","river_class_source":"중심선 공간조인","river_name":"기계천","river_code":"2120240","survey_method":"사진측량"},"geometry":{"type":"Polygon","coordinates":[[[129.24912,36.01774],[129.24711,36.01879],[129.24765,36.01951],[129.248,36.02206],[129.24982,36.02223],[129.24912,36.01774]]]}},{"type":"Feature","id":"TN_RIVER_BNDRY:WTR0100000000T5L0","properties":{"NF_ID":"WTR0100000000T5L0","admin_code":"47130","source_layer":"TN_RIVER_BNDRY","semantic":"zone","river_class":"소하천","river_class_source":"중심선 공간조인","survey_method":"사진측량"},"geometry":{"type":"Polygon","coordinates":[[[129.24258,36.05207],[129.24214,36.05121],[129.24151,36.05162],[129.24212,36.05228],[129.24258,36.05207]]]}},{"type":"Feature","id":"TN_RIVER_BNDRY:WTR0100000000T5M1","properties":{"NF_ID":"WTR0100000000T5M1","admin_code":"47130","source_layer":"TN_RIVER_BNDRY","semantic":"zone","river_class":"지방하천","river_class_source":"중심선 공간조인","river_name":"기계천","river_code":"2120240","survey_method":"사진측량"},"geometry":{"type":"Polygon","coordinates":[[[129.2408,36.05112],[129.23888,36.05041],[129.2383,36.05159],[129.23763,36.05211],[129.23801,36.0534],[129.23914,36.05289],[129.23922,36.05243],[129.2408,36.05112]]]}},{"type":"Feature","id":"TN_RIVER_BNDRY:WTR0100000000T5N2","properties":{"NF_ID":"WTR0100000000T5N2","admin_code":"47130","source_layer":"TN_RIVER_BNDRY","semantic":"zone","river_class":"지방하천","river_class_source":"중심선 공간조인","river_name":"내단천","river_code":"2120260","survey_method":"사진측량"},"geometry":{"type":"Polygon","coordinates":[[[129.23946,36.05629],[129.23946,36.05624],[129.23917,36.05624],[129.23917,36.05629],[129.23917,36.0563],[129.23946,36.05629]]]}},{"type":"Feature","id":"TN_RIVER_BNDRY:WTR0100000000T5R6","properties":{"NF_ID":"WTR0100000000T5R6","admin_code":"47130","source_layer":"TN_RIVER_BNDRY","semantic":"zone","river_class":"소하천","river_class_source":"중심선 공간조인","survey_method":"사진측량"},"geometry":{"type":"Polygon","coordinates":[[[129.19741,36.01572],[129.19767,36.01563],[129.19694,36.01509],[129.19742,36.01487],[129.1969,36.01504],[129.19683,36.01545],[129.19697,36.01598],[129.19741,36.01572]]]}},{"type":"Feature","id":"TN_RIVER_BNDRY:WTR0100000000T5S7","properties":{"NF_ID":"WTR0100000000T5S7","admin_code":"47130","source_layer":"TN_RIVER_BNDRY","semantic":"zone","river_class":"소하천","river_class_source":"중심선 공간조인","survey_method":"사진측량"},"geometry":{"type":"Polygon","coordinates":[[[129.21127,36.02328],[129.21122,36.0231],[129.20788,36.02353],[129.2067,36.02379],[129.20624,36.02439],[129.20545,36.02432],[129.20528,36.02454],[129.20429,36.02467],[129.20398,36.02486],[129.2043,36.0247],[129.2052,36.02463],[129.20549,36.02435],[129.2063,36.02442],[129.20671,36.02387],[129.20779,36.02361],[129.20882,36.02349],[129.20974,36.02356],[129.21127,36.02328]]]}},{"type":"Feature","id":"TN_RIVER_BNDRY:WTR0100000000T5T8","properties":{"NF_ID":"WTR0100000000T5T8","admin_code":"47130","source_layer":"TN_RIVER_BNDRY","semantic":"zone","river_class":"소하천","river_class_source":"중심선 공간조인","survey_method":"사진측량"},"geometry":{"type":"Polygon","coordinates":[[[129.21152,36.02303],[129.21122,36.0231],[129.21127,36.02328],[129.21162,36.02329],[129.21152,36.02303]]]}},{"type":"Feature","id":"TN_RIVER_BNDRY:WTR0100000000T5ZE","properties":{"NF_ID":"WTR0100000000T5ZE","admin_code":"47130","source_layer":"TN_RIVER_BNDRY","semantic":"zone","river_class":"소하천","river_class_source":"중심선 공간조인","survey_method":"사진측량"},"geometry":{"type":"Polygon","coordinates":[[[129.19348,36.00699],[129.19485,36.00662],[129.19521,36.00543],[129.19471,36.00668],[129.19347,36.0069],[129.19289,36.00715],[129.1919,36.00798],[129.19141,36.00951],[129.19165,36.00985],[129.19134,36.01038],[129.19149,36.01086],[129.19087,36.01136],[129.19103,36.01251],[129.18986,36.014],[129.18961,36.01553],[129.18965,36.01673],[129.18993,36.01397],[129.19108,36.01251],[129.19093,36.01136],[129.19154,36.01086],[129.19136,36.01042],[129.19171,36.00988],[129.19148,36.00944],[129.1919,36.00821],[129.19256,36.00743],[129.19348,36.00699]]]}},{"type":"Feature","id":"TN_RIVER_BNDRY:WTR0100000000T60G","properties":{"NF_ID":"WTR0100000000T60G","admin_code":"47130","source_layer":"TN_RIVER_BNDRY","semantic":"zone","river_class":"소하천","river_class_source":"중심선 공간조인","survey_method":"사진측량"},"geometry":{"type":"Polygon","coordinates":[[[129.20836,36.01579],[129.20802,36.01582],[129.20749,36.01699],[129.20792,36.01644],[129.20801,36.01602],[129.20836,36.01579]]]}},{"type":"Feature","id":"TN_RIVER_BNDRY:WTR0100000000T61H","properties":{"NF_ID":"WTR0100000000T61H","admin_code":"47130","source_layer":"TN_RIVER_BNDRY","semantic":"zone","river_class":"소하천","river_class_source":"중심선 공간조인","survey_method":"사진측량"},"geometry":{"type":"Polygon","coordinates":[[[129.20752,36.017],[129.20716,36.01752],[129.20626,36.01799],[129.20586,36.01802],[129.20581,36.01829],[129.20474,36.01919],[129.20428,36.0199],[129.20389,36.02008],[129.20368,36.02004],[129.20359,36.02018],[129.20429,36.01992],[129.2051,36.01885],[129.20575,36.0184],[129.20586,36.01806],[129.20632,36.01799],[129.20738,36.0174],[129.20752,36.017]]]}},{"type":"Feature","id":"TN_RIVER_BNDRY:WTR0100000000T68O","properties":{"NF_ID":"WTR0100000000T68O","admin_code":"47130","source_layer":"TN_RIVER_BNDRY","semantic":"zone","river_class":"소하천","river_class_source":"중심선 공간조인","survey_method":"사진측량"},"geometry":{"type":"Polygon","coordinates":[[[129.23744,36.0064],[129.23744,36.00629],[129.23693,36.00626],[129.22811,36.00583],[129.227,36.00563],[129.22589,36.0058],[129.22186,36.00572],[129.21905,36.00796],[129.21384,36.01029],[129.2134,36.0115],[129.21163,36.01276],[129.21203,36.01421],[129.21194,36.01443],[129.21126,36.01478],[129.207,36.01451],[129.20514,36.01454],[129.20436,36.01441],[129.2044,36.01392],[129.20398,36.01394],[129.20388,36.01372],[129.20308,36.01341],[129.20283,36.0137],[129.20244,36.01369],[129.20165,36.01396],[129.20288,36.01371],[129.20309,36.01344],[129.20387,36.01376],[129.20394,36.01397],[129.20434,36.01396],[129.20431,36.01437],[129.20446,36.01446],[129.20955,36.01474],[129.20906,36.01523],[129.20862,36.01531],[129.20836,36.01579],[129.20864,36.01533],[129.20907,36.01525],[129.20958,36.01474],[129.21128,36.01484],[129.2113,36.01514],[129.2113,36.01483],[129.2121,36.01429],[129.21177,36.01275],[129.21352,36.0115],[129.21389,36.01034],[129.21901,36.00806],[129.22191,36.00578],[129.22596,36.00585],[129.2268,36.00568],[129.22816,36.0059],[129.23744,36.0064]]]}},{"type":"Feature","id":"TN_RIVER_BNDRY:WTR0100000000T69P","properties":{"NF_ID":"WTR0100000000T69P","admin_code":"47130","source_layer":"TN_RIVER_BNDRY","semantic":"zone","river_class":"소하천","river_class_source":"중심선 공간조인","survey_method":"사진측량"},"geometry":{"type":"Polygon","coordinates":[[[129.2404,36.01846],[129.24042,36.01827],[129.2395,36.01859],[129.23462,36.01921],[129.23305,36.01998],[129.23087,36.02044],[129.23006,36.02105],[129.2286,36.02125],[129.22769,36.02192],[129.2264,36.02238],[129.22564,36.02283],[129.22512,36.02245],[129.22437,36.02217],[129.22362,36.02228],[129.22282,36.02201],[129.22182,36.02203],[129.22104,36.02166],[129.2197,36.02142],[129.21827,36.02075],[129.21548,36.02181],[129.21152,36.02303],[129.21162,36.02329],[129.21275,36.02296],[129.21641,36.02148],[129.21801,36.02101],[129.21862,36.02105],[129.21948,36.02161],[129.22099,36.02191],[129.22152,36.0222],[129.22269,36.02215],[129.22334,36.02246],[129.22458,36.0224],[129.22575,36.02313],[129.22645,36.02258],[129.2278,36.02204],[129.22875,36.02135],[129.23031,36.02107],[129.23102,36.02053],[129.23299,36.02013],[129.23432,36.01942],[129.23937,36.0188],[129.2404,36.01846]]]}},{"type":"Feature","id":"TN_RIVER_BNDRY:WTR0100000000T6DT","properties":{"NF_ID":"WTR0100000000T6DT","admin_code":"47130","source_layer":"TN_RIVER_BNDRY","semantic":"zone","river_class":"소하천","river_class_source":"중심선 공간조인","survey_method":"사진측량"},"geometry":{"type":"Polygon","coordinates":[[[129.24051,36.01861],[129.23964,36.019],[129.23864,36.02694],[129.2401,36.0301],[129.23869,36.02693],[129.23972,36.01906],[129.24051,36.01861]]]}},{"type":"Feature","id":"TN_RIVER_BNDRY:WTR0100000000T6EU","properties":{"NF_ID":"WTR0100000000T6EU","admin_code":"47130","source_layer":"TN_RIVER_BNDRY","semantic":"zone","river_class":"소하천","river_class_source":"중심선 공간조인","survey_method":"사진측량"},"geometry":{"type":"Polygon","coordinates":[[[129.21162,36.02329],[129.21127,36.02328],[129.21144,36.02398],[129.21089,36.02455],[129.21042,36.02551],[129.21019,36.02608],[129.21017,36.02675],[129.20918,36.02768],[129.20923,36.0286],[129.20884,36.02964],[129.20891,36.0303],[129.20807,36.03098],[129.20816,36.03143],[129.20787,36.03177],[129.20825,36.0314],[129.20814,36.03107],[129.20899,36.03028],[129.20889,36.02971],[129.20929,36.02863],[129.20929,36.02769],[129.21021,36.0268],[129.21027,36.02604],[129.21108,36.02439],[129.21148,36.024],[129.21143,36.02344],[129.21162,36.02329]]]}},{"type":"Feature","id":"TN_RIVER_BNDRY:WTR0100000000T6FV","properties":{"NF_ID":"WTR0100000000T6FV","admin_code":"47130","source_layer":"TN_RIVER_BNDRY","semantic":"zone","river_class":"지방하천","river_class_source":"중심선 공간조인","river_name":"기계천","river_code":"2120240","survey_method":"사진측량"},"geometry":{"type":"Polygon","coordinates":[[[129.24191,36.04991],[129.2397,36.04903],[129.23888,36.05041],[129.2408,36.05112],[129.24191,36.04991]]]}},{"type":"Feature","id":"TN_RIVER_BNDRY:WTR0100000000T6GW","properties":{"NF_ID":"WTR0100000000T6GW","admin_code":"47130","source_layer":"TN_RIVER_BNDRY","semantic":"zone","river_class":"소하천","river_class_source":"중심선 공간조인","survey_method":"사진측량"},"geometry":{"type":"Polygon","coordinates":[[[129.24214,36.05121],[129.24191,36.04991],[129.2408,36.05112],[129.24151,36.05162],[129.24214,36.05121]]]}},{"type":"Feature","id":"TN_RIVER_BNDRY:WTR0100000000T6UA","properties":{"NF_ID":"WTR0100000000T6UA","admin_code":"47130","source_layer":"TN_RIVER_BNDRY","semantic":"zone","river_class":"소하천","river_class_source":"중심선 공간조인","survey_method":"사진측량"},"geometry":{"type":"Polygon","coordinates":[[[129.17952,36.00653],[129.18014,36.00632],[129.18094,36.00543],[129.18211,36.0045],[129.18284,36.00444],[129.18372,36.00354],[129.18436,36.00343],[129.18491,36.00274],[129.18516,36.00172],[129.18556,36.00146],[129.18541,36.00126],[129.18548,36.00103],[129.18693,36.00068],[129.18699,36.0],[129.18683,36.00065],[129.18544,36.00092],[129.18547,36.00146],[129.18512,36.00169],[129.18502,36.00239],[129.18445,36.00328],[129.18369,36.00351],[129.1828,36.00439],[129.18207,36.00446],[129.18011,36.00626],[129.17952,36.00653]]]}},{"type":"Feature","id":"TN_RIVER_BNDRY:WTR0100000000T6VB","properties":{"NF_ID":"WTR0100000000T6VB","admin_code":"47130","source_layer":"TN_RIVER_BNDRY","semantic":"zone","river_class":"소하천","river_class_source":"중심선 공간조인","survey_method":"사진측량"},"geometry":{"type":"Polygon","coordinates":[[[129.23744,36.00629],[129.23771,36.00625],[129.23773,36.00542],[129.23841,36.00331],[129.23995,36.00077],[129.24097,36.0],[129.24066,36.0],[129.23974,36.00073],[129.23813,36.00337],[129.23751,36.0054],[129.23744,36.00629]]]}},{"type":"Feature","id":"TN_RIVER_BNDRY:WTR0100000000T6WC","properties":{"NF_ID":"WTR0100000000T6WC","admin_code":"47130","source_layer":"TN_RIVER_BNDRY","semantic":"zone","river_class":"소하천","river_class_source":"중심선 공간조인","survey_method":"사진측량"},"geometry":{"type":"Polygon","coordinates":[[[129.1733,36.00894],[129.1737,36.0088],[129.17358,36.00788],[129.17397,36.00662],[129.17413,36.00526],[129.17405,36.00373],[129.17387,36.00334],[129.17328,36.00295],[129.17234,36.00176],[129.17253,36.00133],[129.17251,36.00076],[129.17237,36.0],[129.17223,36.0],[129.17242,36.00113],[129.17229,36.00179],[129.17331,36.00307],[129.17384,36.00342],[129.17394,36.0037],[129.17386,36.00647],[129.1735,36.00789],[129.17358,36.00878],[129.17319,36.00892],[129.17316,36.00928],[129.17283,36.00945],[129.17254,36.00987],[129.17247,36.01031],[129.17202,36.01054],[129.17156,36.01165],[129.17207,36.01095],[129.17207,36.01054],[129.17256,36.01033],[129.17259,36.00987],[129.1729,36.00948],[129.17323,36.00935],[129.1733,36.00894]]]}},{"type":"Feature","id":"TN_RIVER_BNDRY:WTR0100000000T70H","properties":{"NF_ID":"WTR0100000000T70H","admin_code":"47130","source_layer":"TN_RIVER_BNDRY","semantic":"zone","river_class":"지방하천","river_class_source":"중심선 공간조인","river_name":"기계천","river_code":"2120240","survey_method":"사진측량"},"geometry":{"type":"Polygon","coordinates":[[[129.24877,36.01728],[129.24747,36.01592],[129.24693,36.01486],[129.24674,36.01096],[129.24679,36.00974],[129.24695,36.0097],[129.24683,36.0085],[129.24656,36.00808],[129.24664,36.00743],[129.2468,36.00734],[129.24745,36.00485],[129.24799,36.00345],[129.24823,36.00196],[129.2487,36.0015],[129.24959,36.0],[129.24864,36.0],[129.24749,36.00225],[129.24709,36.0023],[129.24702,36.00244],[129.24429,36.00965],[129.24408,36.01101],[129.24451,36.01146],[129.24457,36.01385],[129.24501,36.01531],[129.24703,36.01833],[129.24877,36.01728]]]}},{"type":"Feature","id":"TN_RIVER_BNDRY:WTR0100000000T71I","properties":{"NF_ID":"WTR0100000000T71I","admin_code":"47130","source_layer":"TN_RIVER_BNDRY","semantic":"zone","river_class":"지방하천","river_class_source":"중심선 공간조인","river_name":"옥산천","river_code":"1021460","survey_method":"사진측량"},"geometry":{"type":"Polygon","coordinates":[[[129.15805,36.02226],[129.15794,36.02175],[129.15866,36.01882],[129.16177,36.01524],[129.16247,36.01339],[129.16324,36.01282],[129.16285,36.01172],[129.1638,36.00938],[129.16501,36.00762],[129.16465,36.0062],[129.16466,36.00538],[129.16541,36.00502],[129.16569,36.00403],[129.16695,36.00287],[129.16772,36.00168],[129.16815,36.00051],[129.1685,36.0],[129.16808,36.00034],[129.16773,36.00124],[129.16686,36.00258],[129.16527,36.00397],[129.16526,36.00486],[129.16443,36.00525],[129.1644,36.00618],[129.16474,36.00759],[129.1635,36.0096],[129.16306,36.01093],[129.16265,36.01159],[129.16265,36.01196],[129.16302,36.01263],[129.16234,36.01328],[129.16133,36.01552],[129.16012,36.01698],[129.15967,36.01731],[129.15852,36.01883],[129.15778,36.02183],[129.15788,36.02234],[129.15805,36.02226]]]}},{"type":"Feature","id":"TN_RIVER_BNDRY:WTR0100000000T72J","properties":{"NF_ID":"WTR0100000000T72J","admin_code":"47130","source_layer":"TN_RIVER_BNDRY","semantic":"zone","river_class":"지방하천","river_class_source":"중심선 공간조인","river_name":"기계천","river_code":"2120240","survey_method":"사진측량"},"geometry":{"type":"Polygon","coordinates":[[[129.24984,36.02231],[129.24802,36.02221],[129.24836,36.02461],[129.25,36.02552],[129.24984,36.02231]]]}},{"type":"Feature","id":"TN_RIVER_BNDRY:WTR0100000000T73K","properties":{"NF_ID":"WTR0100000000T73K","admin_code":"47130","source_layer":"TN_RIVER_BNDRY","semantic":"zone","river_class":"지방하천","river_class_source":"중심선 공간조인","river_name":"기계천","river_code":"2120240","survey_method":"사진측량"},"geometry":{"type":"Polygon","coordinates":[[[129.25,36.02552],[129.24841,36.02465],[129.24842,36.02479],[129.25,36.0257],[129.25,36.02552]]]}},{"type":"Feature","id":"TN_RIVER_BNDRY:WTR0100000000T74L","properties":{"NF_ID":"WTR0100000000T74L","admin_code":"47130","source_layer":"TN_RIVER_BNDRY","semantic":"zone","river_class":"지방하천","river_class_source":"중심선 공간조인","river_name":"기계천","river_code":"2120240","survey_method":"사진측량"},"geometry":{"type":"Polygon","coordinates":[[[129.25,36.0257],[129.24842,36.02479],[129.24826,36.02607],[129.24785,36.02688],[129.24948,36.02749],[129.24982,36.02673],[129.25,36.0257]]]}},{"type":"Feature","id":"TN_RIVER_BNDRY:WTR0100000000T75M","properties":{"NF_ID":"WTR0100000000T75M","admin_code":"47130","source_layer":"TN_RIVER_BNDRY","semantic":"zone","river_class":"소하천","river_class_source":"중심선 공간조인","survey_method":"사진측량"},"geometry":{"type":"Polygon","coordinates":[[[129.24982,36.02223],[129.24984,36.02231],[129.24994,36.02234],[129.25,36.02236],[129.25,36.02229],[129.24986,36.02225],[129.24983,36.02225],[129.24982,36.02223]]]}},{"type":"Feature","id":"TN_RIVER_BNDRY:WTR0100000000T78P","properties":{"NF_ID":"WTR0100000000T78P","admin_code":"47130","source_layer":"TN_RIVER_BNDRY","semantic":"zone","river_class":"소하천","river_class_source":"중심선 공간조인","survey_method":"사진측량"},"geometry":{"type":"Polygon","coordinates":[[[129.24546,36.04126],[129.24511,36.04172],[129.24598,36.04179],[129.24931,36.0432],[129.25,36.04366],[129.24973,36.04327],[129.24764,36.04239],[129.24641,36.04171],[129.24553,36.04143],[129.24546,36.04126]]]}},{"type":"Feature","id":"TN_RIVER_BNDRY:WTR0100000000T79Q","properties":{"NF_ID":"WTR0100000000T79Q","admin_code":"47130","source_layer":"TN_RIVER_BNDRY","semantic":"zone","river_class":"소하천","river_class_source":"중심선 공간조인","survey_method":"사진측량"},"geometry":{"type":"Polygon","coordinates":[[[129.24258,36.05207],[129.24212,36.05228],[129.2438,36.05413],[129.24565,36.05503],[129.24668,36.05604],[129.24763,36.05658],[129.24819,36.05727],[129.25,36.05846],[129.25,36.0583],[129.2483,36.05721],[129.24773,36.05649],[129.24678,36.05598],[129.24574,36.05497],[129.24459,36.05442],[129.24374,36.05381],[129.24242,36.05241],[129.24258,36.05207]]]}},{"type":"Feature","id":"TN_RIVER_BNDRY:WTR0100000000T7AR","properties":{"NF_ID":"WTR0100000000T7AR","admin_code":"47130","source_layer":"TN_RIVER_BNDRY","semantic":"zone","river_class":"소하천","river_class_source":"중심선 공간조인","survey_method":"사진측량"},"geometry":{"type":"Polygon","coordinates":[[[129.24214,36.05121],[129.24258,36.05207],[129.24348,36.0522],[129.24467,36.05313],[129.2454,36.05344],[129.24682,36.05349],[129.25,36.05399],[129.25,36.05382],[129.24869,36.05376],[129.24692,36.05334],[129.24538,36.05325],[129.24465,36.05292],[129.24312,36.05155],[129.24274,36.05158],[129.24214,36.05121]]]}},{"type":"Feature","id":"TN_RIVER_BNDRY:WTR0100000000T7CT","properties":{"NF_ID":"WTR0100000000T7CT","admin_code":"47130","source_layer":"TN_RIVER_BNDRY","semantic":"zone","river_class":"소하천","river_class_source":"중심선 공간조인","survey_method":"사진측량"},"geometry":{"type":"Polygon","coordinates":[[[129.23946,36.05624],[129.24097,36.05677],[129.2416,36.05766],[129.24183,36.0614],[129.2427,36.0616],[129.24401,36.06222],[129.24501,36.06218],[129.24632,36.06257],[129.24675,36.0623],[129.24747,36.06256],[129.24819,36.06259],[129.24905,36.06319],[129.25,36.06343],[129.24911,36.06316],[129.24822,36.06253],[129.24749,36.0625],[129.24677,36.06225],[129.24625,36.06251],[129.24507,36.06211],[129.24405,36.06215],[129.2428,36.06154],[129.24191,36.06133],[129.2417,36.05928],[129.24188,36.05898],[129.24155,36.05743],[129.24087,36.05663],[129.23946,36.05624]]]}},{"type":"Feature","id":"TN_RIVER_BNDRY:WTR0100000001N96K","properties":{"NF_ID":"WTR0100000001N96K","admin_code":"47130","source_layer":"TN_RIVER_BNDRY","semantic":"zone","river_class":"소하천","river_class_source":"중심선 공간조인","survey_method":"사진측량"},"geometry":{"type":"Polygon","coordinates":[[[129.30107,35.66719],[129.30064,35.66578],[129.30003,35.66522],[129.29905,35.66386],[129.29768,35.66281],[129.29715,35.66263],[129.29666,35.6621],[129.29623,35.66113],[129.29525,35.66094],[129.29497,35.66065],[129.29449,35.65892],[129.29404,35.65867],[129.29361,35.65749],[129.294,35.65501],[129.29336,35.65338],[129.29391,35.65508],[129.29355,35.65668],[129.29371,35.65826],[129.29395,35.65872],[129.29441,35.65895],[129.29485,35.6606],[129.29523,35.66102],[129.29599,35.6611],[129.2963,35.66128],[129.29649,35.66197],[129.29705,35.66275],[129.2976,35.66286],[129.29898,35.66395],[129.3005,35.66578],[129.30085,35.66701],[129.30096,35.66724],[129.30107,35.66719]]]}},{"type":"Feature","id":"TN_RIVER_BNDRY:WTR0100000001N98M","properties":{"NF_ID":"WTR0100000001N98M","admin_code":"47130","source_layer":"TN_RIVER_BNDRY","semantic":"zone","river_class":"지방하천","river_class_source":"중심선 공간조인","river_name":"동천","river_code":"2220440","survey_method":"사진측량"},"geometry":{"type":"Polygon","coordinates":[[[129.33083,35.69335],[129.33041,35.6919],[129.32982,35.69126],[129.32765,35.68961],[129.32506,35.68806],[129.32322,35.68616],[129.32194,35.68434],[129.32128,35.68282],[129.32109,35.68174],[129.32118,35.67979],[129.32012,35.67974],[129.32003,35.68069],[129.32027,35.68241],[129.32074,35.6839],[129.32147,35.68519],[129.32336,35.68727],[129.32573,35.68932],[129.32918,35.69185],[129.32974,35.69258],[129.32995,35.69342],[129.33083,35.69335]]]}},{"type":"Feature","id":"TN_RIVER_BNDRY:WTR0100000001N99N","properties":{"NF_ID":"WTR0100000001N99N","admin_code":"47130","source_layer":"TN_RIVER_BNDRY","semantic":"zone","river_class":"지방하천","river_class_source":"중심선 공간조인","river_name":"왕신천","river_code":"2120270","survey_method":"사진측량"},"geometry":{"type":"Polygon","coordinates":[[[129.32012,35.67974],[129.32024,35.6792],[129.32009,35.67941],[129.31929,35.67971],[129.31789,35.68057],[129.31572,35.68055],[129.31345,35.67938],[129.31188,35.67814],[129.31124,35.67808],[129.31199,35.67854],[129.31267,35.67933],[129.31514,35.68074],[129.31559,35.68086],[129.31696,35.68098],[129.31824,35.68074],[129.31982,35.67978],[129.32012,35.67974]]]}},{"type":"Feature","id":"TN_RIVER_BNDRY:WTR0100000001N9AO","properties":{"NF_ID":"WTR0100000001N9AO","admin_code":"47130","source_layer":"TN_RIVER_BNDRY","semantic":"zone","river_class":"소하천","river_class_source":"중심선 공간조인","survey_method":"사진측량"},"geometry":{"type":"Polygon","coordinates":[[[129.2997,35.71986],[129.30024,35.71993],[129.29991,35.71924],[129.29957,35.71782],[129.30054,35.71661],[129.30172,35.71365],[129.30174,35.71341],[129.30129,35.71269],[129.30129,35.71175],[129.30153,35.71144],[129.30162,35.7106],[129.30065,35.70961],[129.29838,35.70962],[129.29784,35.70933],[129.29715,35.70953],[129.29679,35.7092],[129.29668,35.70852],[129.29614,35.70862],[129.29498,35.70836],[129.29612,35.70867],[129.29664,35.70858],[129.29669,35.70919],[129.29712,35.70961],[129.29779,35.70946],[129.29827,35.70974],[129.30059,35.70969],[129.30151,35.71052],[129.30121,35.71275],[129.3016,35.71357],[129.30029,35.7166],[129.2995,35.7175],[129.2997,35.71986]]]}},{"type":"Feature","id":"TN_RIVER_BNDRY:WTR0100000001N9BP","properties":{"NF_ID":"WTR0100000001N9BP","admin_code":"47130","source_layer":"TN_RIVER_BNDRY","semantic":"zone","river_class":"지방하천","river_class_source":"중심선 공간조인","river_name":"원동천","river_code":"2120130","survey_method":"사진측량"},"geometry":{"type":"Polygon","coordinates":[[[129.28055,35.7284],[129.28032,35.72837],[129.28044,35.73031],[129.28117,35.73182],[129.28147,35.7333],[129.28192,35.73387],[129.28314,35.73436],[129.28473,35.73561],[129.28595,35.73585],[129.28743,35.73575],[129.2878,35.73596],[129.28952,35.73775],[129.291,35.7389],[129.29138,35.73994],[129.29192,35.74067],[129.29179,35.74133],[129.29149,35.7418],[129.2907,35.74235],[129.29004,35.74321],[129.28804,35.7442],[129.28836,35.74453],[129.29063,35.74331],[129.29108,35.74248],[129.29172,35.74204],[129.29199,35.74164],[129.29223,35.74057],[129.29163,35.73989],[129.29111,35.73856],[129.28968,35.73745],[129.28799,35.73567],[129.28749,35.73549],[129.28567,35.73556],[129.28485,35.73536],[129.28331,35.73414],[129.28185,35.73345],[129.28153,35.73179],[129.28052,35.73021],[129.28039,35.72936],[129.28055,35.7284]]]}},{"type":"Feature","id":"TN_RIVER_BNDRY:WTR0100000001N9CQ","properties":{"NF_ID":"WTR0100000001N9CQ","admin_code":"47130","source_layer":"TN_RIVER_BNDRY","semantic":"zone","river_class":"소하천","river_class_source":"중심선 공간조인","survey_method":"사진측량"},"geometry":{"type":"Polygon","coordinates":[[[129.30709,35.72242],[129.30682,35.72234],[129.3069,35.72252],[129.30465,35.72692],[129.30513,35.72857],[129.30505,35.72907],[129.30566,35.72985],[129.30653,35.73029],[129.3068,35.73121],[129.30661,35.73031],[129.30565,35.72975],[129.30517,35.72901],[129.30518,35.72856],[129.30469,35.72692],[129.30709,35.72242]]]}},{"type":"Feature","id":"TN_RIVER_BNDRY:WTR0100000001N9DR","properties":{"NF_ID":"WTR0100000001N9DR","admin_code":"47130","source_layer":"TN_RIVER_BNDRY","semantic":"zone","river_class":"소하천","river_class_source":"중심선 공간조인","survey_method":"사진측량"},"geometry":{"type":"Polygon","coordinates":[[[129.34529,35.72979],[129.3455,35.72954],[129.34443,35.72967],[129.34363,35.72929],[129.34225,35.72917],[129.33689,35.7298],[129.33494,35.72915],[129.33356,35.72946],[129.32926,35.72998],[129.32729,35.72993],[129.32786,35.73008],[129.32935,35.73009],[129.33376,35.72952],[129.3348,35.72926],[129.33684,35.73001],[129.3422,35.7293],[129.34363,35.72938],[129.34449,35.72979],[129.34529,35.72979]]]}},{"type":"Feature","id":"TN_RIVER_BNDRY:WTR0100000001N9ES","properties":{"NF_ID":"WTR0100000001N9ES","admin_code":"47130","source_layer":"TN_RIVER_BNDRY","semantic":"zone","river_class":"소하천","river_class_source":"중심선 공간조인","survey_method":"사진측량"},"geometry":{"type":"Polygon","coordinates":[[[129.32755,35.70825],[129.32759,35.7084],[129.32787,35.70825],[129.32902,35.70864],[129.3294,35.70923],[129.32903,35.7086],[129.32786,35.70818],[129.32755,35.70825]]]}},{"type":"Feature","id":"TN_RIVER_BNDRY:WTR0100000001N9FT","properties":{"NF_ID":"WTR0100000001N9FT","admin_code":"47130","source_layer":"TN_RIVER_BNDRY","semantic":"zone","river_class":"소하천","river_class_source":"중심선 공간조인","survey_method":"사진측량"},"geometry":{"type":"Polygon","coordinates":[[[129.31987,35.73804],[129.32071,35.73972],[129.32043,35.74027],[129.32051,35.74055],[129.323,35.74163],[129.32375,35.74177],[129.32474,35.74157],[129.32529,35.74165],[129.32585,35.74209],[129.32614,35.74283],[129.3264,35.74303],[129.32717,35.74313],[129.32925,35.7442],[129.33027,35.7442],[129.33098,35.74453],[129.33217,35.74545],[129.33284,35.74566],[129.33335,35.74555],[129.33377,35.74573],[129.33335,35.74552],[129.33287,35.74563],[129.33222,35.74543],[129.33102,35.74446],[129.33027,35.74408],[129.3292,35.74405],[129.32757,35.74332],[129.32727,35.74305],[129.32646,35.74298],[129.32623,35.74282],[129.32588,35.74188],[129.32554,35.74155],[129.32456,35.74146],[129.32361,35.74168],[129.32276,35.74144],[129.32054,35.74043],[129.32079,35.73972],[129.32038,35.73908],[129.32022,35.73842],[129.31987,35.73804]]]}},{"type":"Feature","id":"TN_RIVER_BNDRY:WTR0100000001N9HV","properties":{"NF_ID":"WTR0100000001N9HV","admin_code":"47130","source_layer":"TN_RIVER_BNDRY","semantic":"zone","river_class":"소하천","river_class_source":"중심선 공간조인","survey_method":"사진측량"},"geometry":{"type":"Polygon","coordinates":[[[129.29991,35.73105],[129.29978,35.73111],[129.29983,35.732],[129.29889,35.733],[129.29793,35.73459],[129.29733,35.73479],[129.29694,35.73526],[129.29699,35.73698],[129.29711,35.73662],[129.297,35.73542],[129.2974,35.73483],[129.29797,35.73465],[129.29869,35.7334],[129.29991,35.73202],[129.29991,35.73105]]]}},{"type":"Feature","id":"TN_RIVER_BNDRY:WTR0100000001N9IW","properties":{"NF_ID":"WTR0100000001N9IW","admin_code":"47130","source_layer":"TN_RIVER_BNDRY","semantic":"zone","river_class":"지방하천","river_class_source":"중심선 공간조인","river_name":"동천","river_code":"2220440","survey_method":"사진측량"},"geometry":{"type":"Polygon","coordinates":[[[129.32877,35.67231],[129.32777,35.67194],[129.3271,35.67255],[129.327,35.67272],[129.32716,35.67401],[129.32835,35.673],[129.32877,35.67231]]]}},{"type":"Feature","id":"TN_RIVER_BNDRY:WTR0100000001N9WA","properties":{"NF_ID":"WTR0100000001N9WA","admin_code":"47130","source_layer":"TN_RIVER_BNDRY","semantic":"zone","river_class":"소하천","river_class_source":"중심선 공간조인","survey_method":"사진측량"},"geometry":{"type":"Polygon","coordinates":[[[129.41609,35.67485],[129.41602,35.67472],[129.41537,35.67504],[129.41457,35.67511],[129.41355,35.67476],[129.41245,35.67468],[129.41056,35.67512],[129.40902,35.67508],[129.40857,35.67533],[129.40853,35.67584],[129.40619,35.67677],[129.4057,35.67658],[129.4054,35.67614],[129.40599,35.67587],[129.40619,35.67554],[129.40562,35.67455],[129.40524,35.67442],[129.40474,35.67479],[129.4044,35.67477],[129.40232,35.67329],[129.40208,35.67296],[129.40173,35.6729],[129.40104,35.67309],[129.39982,35.67306],[129.39941,35.67325],[129.39902,35.67377],[129.39863,35.67381],[129.39796,35.67355],[129.39739,35.67365],[129.3964,35.67417],[129.39591,35.67473],[129.39362,35.67531],[129.39221,35.67629],[129.39226,35.67638],[129.39381,35.67532],[129.39594,35.67479],[129.39639,35.67423],[129.39744,35.67367],[129.39793,35.67359],[129.39861,35.67385],[129.39902,35.6738],[129.39961,35.67318],[129.4011,35.67313],[129.40175,35.67295],[129.40202,35.673],[129.40224,35.67332],[129.40447,35.6749],[129.40484,35.67485],[129.40521,35.67458],[129.40549,35.67462],[129.40604,35.67554],[129.40529,35.67612],[129.40584,35.67682],[129.40681,35.67669],[129.40735,35.67651],[129.4078,35.67616],[129.4087,35.67588],[129.40865,35.67545],[129.40891,35.67521],[129.41059,35.67523],[129.41242,35.6748],[129.41356,35.67488],[129.41431,35.67521],[129.41512,35.67525],[129.41609,35.67485]]]}},{"type":"Feature","id":"TN_RIVER_BNDRY:WTR0100000001N9XB","properties":{"NF_ID":"WTR0100000001N9XB","admin_code":"47130","source_layer":"TN_RIVER_BNDRY","semantic":"zone","river_class":"소하천","river_class_source":"중심선 공간조인","survey_method":"사진측량"},"geometry":{"type":"Polygon","coordinates":[[[129.33981,35.68436],[129.33914,35.68417],[129.33926,35.68455],[129.33956,35.68454],[129.33929,35.68465],[129.33965,35.68544],[129.34212,35.68762],[129.34286,35.68874],[129.34576,35.68958],[129.34591,35.68942],[129.34811,35.68971],[129.3466,35.69166],[129.34795,35.6923],[129.34804,35.69256],[129.34894,35.69304],[129.3498,35.69334],[129.35024,35.69379],[129.35064,35.69388],[129.34977,35.69274],[129.35002,35.69232],[129.34936,35.69205],[129.34912,35.69175],[129.34903,35.69085],[129.3494,35.69073],[129.34979,35.6909],[129.34954,35.69033],[129.34976,35.68987],[129.34963,35.68974],[129.34986,35.68942],[129.34926,35.68968],[129.34915,35.6901],[129.34849,35.6901],[129.34848,35.68987],[129.34795,35.68954],[129.34592,35.68934],[129.34426,35.68895],[129.34335,35.68855],[129.34034,35.68563],[129.33981,35.68463],[129.3396,35.68454],[129.33987,35.68451],[129.33981,35.68436]]]}},{"type":"Feature","id":"TN_RIVER_BNDRY:WTR0100000001NAQ5","properties":{"NF_ID":"WTR0100000001NAQ5","admin_code":"47130","source_layer":"TN_RIVER_BNDRY","semantic":"zone","river_class":"지방하천","river_class_source":"중심선 공간조인","river_name":"두산천","river_code":"2220390","survey_method":"사진측량"},"geometry":{"type":"Polygon","coordinates":[[[129.28422,35.64939],[129.28408,35.64929],[129.28346,35.64982],[129.28344,35.65069],[129.2821,35.65018],[129.28175,35.6503],[129.28184,35.652],[129.28235,35.65315],[129.28195,35.6542],[129.28137,35.65469],[129.277,35.65606],[129.2738,35.65558],[129.27311,35.65593],[129.27242,35.65584],[129.2731,35.65596],[129.27383,35.65564],[129.27693,35.65615],[129.27796,35.6559],[129.27946,35.65526],[129.28046,35.65508],[129.28216,35.65539],[129.28241,35.65563],[129.28241,35.65518],[129.28278,35.65445],[129.28392,35.65279],[129.28384,35.65234],[129.28319,35.65146],[129.28352,35.65081],[129.28353,35.64993],[129.28422,35.64939]]]}},{"type":"Feature","id":"TN_RIVER_BNDRY:WTR0100000001NAR6","properties":{"NF_ID":"WTR0100000001NAR6","admin_code":"47130","source_layer":"TN_RIVER_BNDRY","semantic":"zone","river_class":"지방하천","river_class_source":"중심선 공간조인","river_name":"수렴천","river_code":"2620570","survey_method":"사진측량"},"geometry":{"type":"Polygon","coordinates":[[[129.41653,35.67461],[129.41609,35.67485],[129.41621,35.67492],[129.41614,35.67535],[129.41477,35.67715],[129.41336,35.67817],[129.41258,35.67841],[129.41153,35.67955],[129.41137,35.68011],[129.41161,35.68035],[129.41136,35.68035],[129.41118,35.68074],[129.41064,35.68089],[129.41081,35.6816],[129.41047,35.68196],[129.41065,35.68232],[129.41035,35.6825],[129.41045,35.68267],[129.41094,35.68284],[129.4115,35.68254],[129.41158,35.6822],[129.41136,35.68157],[129.41208,35.68144],[129.41279,35.68107],[129.41297,35.68059],[129.41289,35.68035],[129.41149,35.67989],[129.41162,35.67955],[129.41269,35.67862],[129.41344,35.67831],[129.41491,35.67732],[129.41632,35.67548],[129.41653,35.67461]]]}},{"type":"Feature","id":"TN_RIVER_BNDRY:WTR0100000001NAS7","properties":{"NF_ID":"WTR0100000001NAS7","admin_code":"47130","source_layer":"TN_RIVER_BNDRY","semantic":"zone","river_class":"소하천","river_class_source":"중심선 공간조인","survey_method":"사진측량"},"geometry":{"type":"Polygon","coordinates":[[[129.43392,35.66672],[129.43359,35.66682],[129.43386,35.66746],[129.43382,35.6679],[129.43263,35.66904],[129.43263,35.67023],[129.43216,35.67071],[129.43137,35.67236],[129.4306,35.67306],[129.43053,35.67345],[129.43075,35.67442],[129.42987,35.67567],[129.43018,35.67647],[129.43017,35.67688],[129.43003,35.67708],[129.42947,35.67728],[129.4291,35.67774],[129.42928,35.67832],[129.42887,35.67901],[129.42862,35.68011],[129.42819,35.68025],[129.42871,35.68008],[129.42896,35.67895],[129.42935,35.6783],[129.42917,35.67775],[129.42949,35.67734],[129.43011,35.67713],[129.43021,35.67693],[129.43025,35.67644],[129.42995,35.67571],[129.43084,35.67449],[129.43079,35.67316],[129.43154,35.67224],[129.43223,35.67071],[129.43265,35.67032],[129.43276,35.66901],[129.43388,35.66793],[129.4338,35.66692],[129.43392,35.66672]]]}},{"type":"Feature","id":"TN_RIVER_BNDRY:WTR0100000001NAU9","properties":{"NF_ID":"WTR0100000001NAU9","admin_code":"47130","source_layer":"TN_RIVER_BNDRY","semantic":"zone","river_class":"소하천","river_class_source":"중심선 공간조인","survey_method":"사진측량"},"geometry":{"type":"Polygon","coordinates":[[[129.35034,35.68104],[129.35075,35.68102],[129.3507,35.6809],[129.35123,35.68079],[129.35207,35.68097],[129.35206,35.68085],[129.35326,35.68075],[129.3556,35.68087],[129.3556,35.68074],[129.35319,35.68055],[129.34977,35.68085],[129.34918,35.68072],[129.34869,35.68033],[129.34672,35.67989],[129.34464,35.6785],[129.34169,35.67844],[129.34024,35.67805],[129.33922,35.67799],[129.33832,35.67817],[129.33757,35.6779],[129.33707,35.67753],[129.33631,35.67736],[129.33509,35.67744],[129.33614,35.67741],[129.33696,35.67758],[129.33755,35.678],[129.33823,35.67823],[129.3403,35.67817],[129.34169,35.67858],[129.34444,35.67866],[129.34525,35.67923],[129.34617,35.67955],[129.34667,35.67996],[129.34859,35.68046],[129.34926,35.68084],[129.35034,35.68104]]]}},{"type":"Feature","id":"TN_RIVER_BNDRY:WTR0100000001NAWB","properties":{"NF_ID":"WTR0100000001NAWB","admin_code":"47130","source_layer":"TN_RIVER_BNDRY","semantic":"zone","river_class":"지방하천","river_class_source":"중심선 공간조인","river_name":"수렴천","river_code":"2620570","survey_method":"사진측량"},"geometry":{"type":"Polygon","coordinates":[[[129.41041,35.68265],[129.41045,35.68244],[129.41012,35.68245],[129.40966,35.68354],[129.40848,35.68325],[129.40803,35.68343],[129.4079,35.68416],[129.40738,35.68475],[129.4066,35.68508],[129.40606,35.68607],[129.40539,35.68593],[129.40419,35.68649],[129.40338,35.68737],[129.40134,35.68763],[129.40096,35.688],[129.40026,35.68792],[129.39872,35.68865],[129.39822,35.68848],[129.39688,35.68737],[129.39631,35.68725],[129.39581,35.68745],[129.39538,35.68835],[129.39521,35.6884],[129.39362,35.68756],[129.39306,35.68767],[129.39128,35.68759],[129.38979,35.68714],[129.3883,35.68744],[129.38729,35.68709],[129.38474,35.68663],[129.38444,35.68698],[129.38386,35.68687],[129.38448,35.68702],[129.38476,35.68666],[129.38634,35.68691],[129.38834,35.68753],[129.38962,35.68727],[129.39085,35.68767],[129.39362,35.68765],[129.39518,35.68847],[129.39549,35.68836],[129.39587,35.68748],[129.3963,35.68732],[129.39706,35.68762],[129.39851,35.68873],[129.3988,35.68875],[129.39993,35.68817],[129.40116,35.68814],[129.40144,35.68768],[129.40347,35.68742],[129.40428,35.68655],[129.40543,35.68607],[129.40619,35.68625],[129.40622,35.68583],[129.40662,35.68521],[129.40746,35.6848],[129.40798,35.68419],[129.40814,35.68357],[129.40849,35.68342],[129.40938,35.68376],[129.40987,35.68371],[129.41041,35.68265]]]}},{"type":"Feature","id":"TN_RIVER_BNDRY:WTR0100000001NAXC","properties":{"NF_ID":"WTR0100000001NAXC","admin_code":"47130","source_layer":"TN_RIVER_BNDRY","semantic":"zone","river_class":"지방하천","river_class_source":"중심선 공간조인","river_name":"하서천","river_code":"2620560","survey_method":"사진측량"},"geometry":{"type":"Polygon","coordinates":[[[129.41719,35.70694],[129.41711,35.70428],[129.41734,35.70303],[129.41825,35.70198],[129.41905,35.70168],[129.41926,35.70207],[129.41934,35.70143],[129.42137,35.70029],[129.42182,35.69976],[129.42143,35.69941],[129.42082,35.70003],[129.41774,35.70144],[129.41721,35.70182],[129.41663,35.70268],[129.4164,35.70361],[129.41634,35.70667],[129.4164,35.70705],[129.41719,35.70694]]]}},{"type":"Feature","id":"TN_RIVER_BNDRY:WTR0100000001NAYD","properties":{"NF_ID":"WTR0100000001NAYD","admin_code":"47130","source_layer":"TN_RIVER_BNDRY","semantic":"zone","river_class":"소하천","river_class_source":"중심선 공간조인","survey_method":"사진측량"},"geometry":{"type":"Polygon","coordinates":[[[129.40649,35.69832],[129.40598,35.69848],[129.406,35.69869],[129.4064,35.69914],[129.40676,35.69897],[129.40713,35.6993],[129.40721,35.69998],[129.40693,35.70042],[129.40599,35.70074],[129.40552,35.70182],[129.40492,35.70192],[129.40436,35.70145],[129.40336,35.70135],[129.4031,35.70161],[129.40328,35.70218],[129.40236,35.70196],[129.40195,35.70202],[129.4016,35.70291],[129.39938,35.70334],[129.39937,35.70356],[129.3999,35.70401],[129.39928,35.70441],[129.3993,35.70501],[129.39888,35.70535],[129.39783,35.70558],[129.39756,35.70602],[129.39674,35.70584],[129.39631,35.70637],[129.39551,35.70657],[129.39495,35.70636],[129.39395,35.70653],[129.39321,35.70609],[129.39239,35.70634],[129.39321,35.70617],[129.39387,35.7066],[129.39455,35.7065],[129.39544,35.70668],[129.39641,35.70646],[129.39686,35.70593],[129.39768,35.70608],[129.39786,35.7056],[129.39895,35.70537],[129.39933,35.70507],[129.39995,35.70399],[129.39938,35.70349],[129.39946,35.70335],[129.40165,35.70304],[129.40194,35.70278],[129.40189,35.70231],[129.40206,35.70207],[129.40338,35.70225],[129.40334,35.70143],[129.40435,35.70149],[129.40479,35.70194],[129.40553,35.70188],[129.40626,35.70066],[129.40726,35.70033],[129.40741,35.69914],[129.40666,35.69876],[129.40649,35.69832]]]}},{"type":"Feature","id":"TN_RIVER_BNDRY:WTR0100000001NAZE","properties":{"NF_ID":"WTR0100000001NAZE","admin_code":"47130","source_layer":"TN_RIVER_BNDRY","semantic":"zone","river_class":"소하천","river_class_source":"중심선 공간조인","survey_method":"사진측량"},"geometry":{"type":"Polygon","coordinates":[[[129.44688,35.69904],[129.44725,35.70007],[129.4465,35.70085],[129.44636,35.70138],[129.44658,35.7008],[129.44724,35.70028],[129.44733,35.70003],[129.44688,35.69904]]]}},{"type":"Feature","id":"TN_RIVER_BNDRY:WTR0100000001NB0G","properties":{"NF_ID":"WTR0100000001NB0G","admin_code":"47130","source_layer":"TN_RIVER_BNDRY","semantic":"zone","river_class":"소하천","river_class_source":"중심선 공간조인","survey_method":"사진측량"},"geometry":{"type":"Polygon","coordinates":[[[129.47165,35.69913],[129.4711,35.69907],[129.4706,35.69919],[129.4716,35.69919],[129.47218,35.69966],[129.47237,35.70021],[129.47223,35.69964],[129.47165,35.69913]]]}},{"type":"Feature","id":"TN_RIVER_BNDRY:WTR0100000001NB1H","properties":{"NF_ID":"WTR0100000001NB1H","admin_code":"47130","source_layer":"TN_RIVER_BNDRY","semantic":"zone","river_class":"소하천","river_class_source":"중심선 공간조인","survey_method":"사진측량"},"geometry":{"type":"Polygon","coordinates":[[[129.45317,35.72554],[129.45012,35.72391],[129.44919,35.72314],[129.44662,35.72295],[129.44491,35.72225],[129.4449,35.7219],[129.44445,35.72115],[129.44449,35.72024],[129.44392,35.71927],[129.44235,35.71921],[129.44171,35.71903],[129.44166,35.71915],[129.44212,35.71931],[129.44357,35.7193],[129.44388,35.71942],[129.44435,35.72031],[129.44428,35.72139],[129.44517,35.72275],[129.44599,35.72313],[129.44902,35.72322],[129.44988,35.72408],[129.45309,35.72562],[129.45317,35.72554]]]}},{"type":"Feature","id":"TN_RIVER_BNDRY:WTR0100000001NB2I","properties":{"NF_ID":"WTR0100000001NB2I","admin_code":"47130","source_layer":"TN_RIVER_BNDRY","semantic":"zone","river_class":"소하천","river_class_source":"중심선 공간조인","survey_method":"사진측량"},"geometry":{"type":"Polygon","coordinates":[[[129.34282,35.74091],[129.34147,35.74182],[129.34224,35.74212],[129.34334,35.74228],[129.34362,35.74269],[129.34408,35.74275],[129.34571,35.74362],[129.34697,35.74401],[129.34834,35.74376],[129.34861,35.74352],[129.34912,35.74385],[129.3496,35.74387],[129.34991,35.7441],[129.35036,35.74416],[129.35125,35.74505],[129.35104,35.74462],[129.35045,35.74408],[129.34904,35.74373],[129.34863,35.74345],[129.34822,35.74371],[129.34696,35.74394],[129.346,35.74342],[129.34552,35.7428],[129.34494,35.74309],[129.34412,35.7427],[129.34366,35.74265],[129.34344,35.74225],[129.3424,35.74199],[129.34289,35.74194],[129.34287,35.74117],[129.3431,35.74101],[129.34282,35.74091]]]}},{"type":"Feature","id":"TN_RIVER_BNDRY:WTR0100000001NB3J","properties":{"NF_ID":"WTR0100000001NB3J","admin_code":"47130","source_layer":"TN_RIVER_BNDRY","semantic":"zone","river_class":"소하천","river_class_source":"중심선 공간조인","survey_method":"사진측량"},"geometry":{"type":"Polygon","coordinates":[[[129.34157,35.74024],[129.34282,35.74091],[129.34293,35.74077],[129.34385,35.74114],[129.34436,35.74106],[129.34495,35.74121],[129.34669,35.74097],[129.34758,35.74138],[129.34792,35.7421],[129.34866,35.74229],[129.34915,35.74221],[129.3501,35.74143],[129.35044,35.74171],[129.35264,35.7423],[129.35304,35.7427],[129.35365,35.74259],[129.35388,35.74288],[129.35438,35.74274],[129.35507,35.74345],[129.35546,35.74347],[129.35505,35.74339],[129.35489,35.74302],[129.35446,35.7427],[129.3539,35.74282],[129.35367,35.74253],[129.35298,35.74261],[129.35255,35.74218],[129.35049,35.7416],[129.35018,35.74137],[129.34992,35.74137],[129.34912,35.74214],[129.3486,35.74221],[129.34801,35.74206],[129.34766,35.74131],[129.34705,35.74097],[129.3441,35.74077],[129.3437,35.74091],[129.34341,35.74039],[129.34283,35.74028],[129.3425,35.74003],[129.34238,35.74021],[129.34157,35.74024]]]}},{"type":"Feature","id":"TN_RIVER_BNDRY:WTR0100000001NB4K","properties":{"NF_ID":"WTR0100000001NB4K","admin_code":"47130","source_layer":"TN_RIVER_BNDRY","semantic":"zone","river_class":"소하천","river_class_source":"중심선 공간조인","survey_method":"사진측량"},"geometry":{"type":"Polygon","coordinates":[[[129.39166,35.72163],[129.39133,35.72179],[129.39121,35.72276],[129.39053,35.72309],[129.39056,35.72348],[129.39026,35.72358],[129.38983,35.72351],[129.3896,35.72407],[129.3891,35.72441],[129.3883,35.72445],[129.38798,35.72474],[129.3883,35.7253],[129.38791,35.72553],[129.38725,35.72554],[129.38681,35.72626],[129.38596,35.72628],[129.38529,35.72666],[129.38531,35.72757],[129.38462,35.72777],[129.38402,35.72879],[129.38327,35.72918],[129.38323,35.7295],[129.38265,35.73],[129.38251,35.73047],[129.38186,35.73048],[129.38182,35.7308],[129.38208,35.73133],[129.38186,35.73159],[129.38084,35.73164],[129.3805,35.73205],[129.37981,35.73177],[129.3793,35.73245],[129.37872,35.73224],[129.37705,35.73261],[129.37573,35.73259],[129.37443,35.73293],[129.37347,35.73242],[129.37303,35.73249],[129.37257,35.73276],[129.37221,35.73271],[129.37256,35.7328],[129.37307,35.7325],[129.37354,35.73249],[129.37444,35.73297],[129.37577,35.73261],[129.37684,35.73266],[129.37826,35.73236],[129.37936,35.73252],[129.37949,35.73209],[129.37982,35.73181],[129.38052,35.73208],[129.38092,35.73168],[129.38189,35.73163],[129.38212,35.73133],[129.38187,35.73053],[129.38239,35.73055],[129.38272,35.73039],[129.38266,35.73004],[129.38328,35.72951],[129.38317,35.72936],[129.38329,35.72921],[129.38406,35.7288],[129.38466,35.7278],[129.38535,35.7276],[129.38532,35.72667],[129.38603,35.72631],[129.38658,35.72641],[129.38688,35.72625],[129.38726,35.72557],[129.38795,35.72555],[129.38833,35.72532],[129.38799,35.72479],[129.38846,35.72443],[129.3891,35.72448],[129.38966,35.72405],[129.38967,35.72373],[129.38988,35.72352],[129.39024,35.72361],[129.39058,35.72349],[129.39058,35.72309],[129.39123,35.72278],[129.39139,35.72178],[129.39166,35.72163]]]}},{"type":"Feature","id":"TN_RIVER_BNDRY:WTR0100000001NB5L","properties":{"NF_ID":"WTR0100000001NB5L","admin_code":"47130","source_layer":"TN_RIVER_BNDRY","semantic":"zone","river_class":"소하천","river_class_source":"중심선 공간조인","survey_method":"사진측량"},"geometry":{"type":"Polygon","coordinates":[[[129.45097,35.74258],[129.4491,35.74266],[129.44873,35.74332],[129.44926,35.74271],[129.45097,35.74258]]]}},{"type":"Feature","id":"TN_RIVER_BNDRY:WTR0100000001NB6M","properties":{"NF_ID":"WTR0100000001NB6M","admin_code":"47130","source_layer":"TN_RIVER_BNDRY","semantic":"zone","river_class":"소하천","river_class_source":"중심선 공간조인","survey_method":"사진측량"},"geometry":{"type":"Polygon","coordinates":[[[129.44878,35.74334],[129.44887,35.74369],[129.44869,35.74463],[129.44885,35.74538],[129.45035,35.74639],[129.44892,35.74544],[129.44873,35.74467],[129.44891,35.74378],[129.44878,35.74334]]]}},{"type":"Feature","id":"TN_RIVER_BNDRY:WTR0100000001NB7N","properties":{"NF_ID":"WTR0100000001NB7N","admin_code":"47130","source_layer":"TN_RIVER_BNDRY","semantic":"zone","river_class":"지방하천","river_class_source":"중심선 공간조인","river_name":"나산천","river_code":"2620550","survey_method":"사진측량"},"geometry":{"type":"Polygon","coordinates":[[[129.4552,35.72327],[129.45478,35.72313],[129.45398,35.72459],[129.45306,35.72566],[129.45,35.72766],[129.44743,35.72839],[129.44742,35.72875],[129.44806,35.72845],[129.44998,35.728],[129.4502,35.72842],[129.4502,35.72787],[129.45037,35.72765],[129.4537,35.72575],[129.4552,35.72327]]]}},{"type":"Feature","id":"TN_RIVER_BNDRY:WTR0100000001NIRE","properties":{"NF_ID":"WTR0100000001NIRE","admin_code":"47130","source_layer":"TN_RIVER_BNDRY","semantic":"zone","river_class":"소하천","river_class_source":"중심선 공간조인","survey_method":"사진측량"},"geometry":{"type":"Polygon","coordinates":[[[129.29978,35.73111],[129.29975,35.73096],[129.29917,35.73134],[129.29722,35.73139],[129.29923,35.73143],[129.29978,35.73111]]]}},{"type":"Feature","id":"TN_RIVER_BNDRY:WTR0100000001NISF","properties":{"NF_ID":"WTR0100000001NISF","admin_code":"47130","source_layer":"TN_RIVER_BNDRY","semantic":"zone","river_class":"소하천","river_class_source":"중심선 공간조인","survey_method":"사진측량"},"geometry":{"type":"Polygon","coordinates":[[[129.29991,35.73105],[129.29991,35.73093],[129.29975,35.73096],[129.29978,35.73111],[129.29991,35.73105]]]}},{"type":"Feature","id":"TN_RIVER_BNDRY:WTR0100000001NITG","properties":{"NF_ID":"WTR0100000001NITG","admin_code":"47130","source_layer":"TN_RIVER_BNDRY","semantic":"zone","river_class":"지방하천","river_class_source":"중심선 공간조인","river_name":"원동천","river_code":"2120130","survey_method":"사진측량"},"geometry":{"type":"Polygon","coordinates":[[[129.28836,35.74453],[129.28804,35.7442],[129.28795,35.74426],[129.2882,35.74462],[129.28836,35.74453]]]}},{"type":"Feature","id":"TN_RIVER_BNDRY:WTR0100000001NIUH","properties":{"NF_ID":"WTR0100000001NIUH","admin_code":"47130","source_layer":"TN_RIVER_BNDRY","semantic":"zone","river_class":"소하천","river_class_source":"중심선 공간조인","survey_method":"사진측량"},"geometry":{"type":"Polygon","coordinates":[[[129.31987,35.73804],[129.31977,35.73794],[129.31971,35.73802],[129.31972,35.73803],[129.31977,35.73806],[129.31981,35.73809],[129.31987,35.73804]]]}},{"type":"Feature","id":"TN_RIVER_BNDRY:WTR0100000001NIVI","properties":{"NF_ID":"WTR0100000001NIVI","admin_code":"47130","source_layer":"TN_RIVER_BNDRY","semantic":"zone","river_class":"소하천","river_class_source":"중심선 공간조인","survey_method":"사진측량"},"geometry":{"type":"Polygon","coordinates":[[[129.31977,35.73794],[129.31987,35.73804],[129.32011,35.73768],[129.31977,35.73794]]]}},{"type":"Feature","id":"TN_RIVER_BNDRY:WTR0100000001NIWJ","properties":{"NF_ID":"WTR0100000001NIWJ","admin_code":"47130","source_layer":"TN_RIVER_BNDRY","semantic":"zone","river_class":"소하천","river_class_source":"중심선 공간조인","survey_method":"사진측량"},"geometry":{"type":"Polygon","coordinates":[[[129.32346,35.72667],[129.32303,35.72662],[129.32268,35.72697],[129.32316,35.72708],[129.32346,35.72667]]]}},{"type":"Feature","id":"TN_RIVER_BNDRY:WTR0100000001NIXK","properties":{"NF_ID":"WTR0100000001NIXK","admin_code":"47130","source_layer":"TN_RIVER_BNDRY","semantic":"zone","river_class":"지방하천","river_class_source":"중심선 공간조인","river_name":"동천","river_code":"2220440","survey_method":"사진측량"},"geometry":{"type":"Polygon","coordinates":[[[129.30859,35.73692],[129.30824,35.73694],[129.30837,35.73724],[129.30867,35.73726],[129.30859,35.73692]]]}},{"type":"Feature","id":"TN_RIVER_BNDRY:WTR0100000001NIYL","properties":{"NF_ID":"WTR0100000001NIYL","admin_code":"47130","source_layer":"TN_RIVER_BNDRY","semantic":"zone","river_class":"지방하천","river_class_source":"중심선 공간조인","river_name":"동천","river_code":"2220440","survey_method":"사진측량"},"geometry":{"type":"Polygon","coordinates":[[[129.30988,35.74163],[129.30955,35.74159],[129.30963,35.74177],[129.30991,35.74183],[129.30988,35.74163]]]}},{"type":"Feature","id":"TN_RIVER_BNDRY:WTR0100000001NIZM","properties":{"NF_ID":"WTR0100000001NIZM","admin_code":"47130","source_layer":"TN_RIVER_BNDRY","semantic":"zone","river_class":"소하천","river_class_source":"중심선 공간조인","survey_method":"사진측량"},"geometry":{"type":"Polygon","coordinates":[[[129.31977,35.73794],[129.31905,35.7377],[129.31778,35.73758],[129.31671,35.73703],[129.31581,35.73703],[129.31509,35.73685],[129.31358,35.73679],[129.31176,35.73711],[129.30924,35.73714],[129.30884,35.73713],[129.30859,35.73692],[129.30867,35.73726],[129.3115,35.73726],[129.31361,35.7369],[129.3166,35.73711],[129.31782,35.7377],[129.31977,35.73794]]]}},{"type":"Feature","id":"TN_RIVER_BNDRY:WTR0100000001NJ0O","properties":{"NF_ID":"WTR0100000001NJ0O","admin_code":"47130","source_layer":"TN_RIVER_BNDRY","semantic":"zone","river_class":"지방하천","river_class_source":"중심선 공간조인","river_name":"동천","river_code":"2220440","survey_method":"사진측량"},"geometry":{"type":"Polygon","coordinates":[[[129.30867,35.73726],[129.30837,35.73724],[129.30856,35.73924],[129.30955,35.74159],[129.30988,35.74163],[129.30875,35.73897],[129.30867,35.73726]]]}},{"type":"Feature","id":"TN_RIVER_BNDRY:WTR0100000001NJ1P","properties":{"NF_ID":"WTR0100000001NJ1P","admin_code":"47130","source_layer":"TN_RIVER_BNDRY","semantic":"zone","river_class":"소하천","river_class_source":"중심선 공간조인","survey_method":"사진측량"},"geometry":{"type":"Polygon","coordinates":[[[129.34282,35.74091],[129.34157,35.74024],[129.34047,35.74135],[129.34139,35.74178],[129.34282,35.74091]]]}},{"type":"Feature","id":"TN_RIVER_BNDRY:WTR0100000001NJ2Q","properties":{"NF_ID":"WTR0100000001NJ2Q","admin_code":"47130","source_layer":"TN_RIVER_BNDRY","semantic":"zone","river_class":"소하천","river_class_source":"중심선 공간조인","survey_method":"사진측량"},"geometry":{"type":"Polygon","coordinates":[[[129.3455,35.72954],[129.34565,35.72965],[129.34575,35.72908],[129.34646,35.72872],[129.34572,35.72901],[129.34567,35.72945],[129.3455,35.72954]]]}},{"type":"Feature","id":"TN_RIVER_BNDRY:WTR0100000001NJ3R","properties":{"NF_ID":"WTR0100000001NJ3R","admin_code":"47130","source_layer":"TN_RIVER_BNDRY","semantic":"zone","river_class":"소하천","river_class_source":"중심선 공간조인","survey_method":"사진측량"},"geometry":{"type":"Polygon","coordinates":[[[129.34565,35.72965],[129.3455,35.72954],[129.34529,35.72979],[129.34565,35.72965]]]}},{"type":"Feature","id":"TN_RIVER_BNDRY:WTR0100000001NJ4S","properties":{"NF_ID":"WTR0100000001NJ4S","admin_code":"47130","source_layer":"TN_RIVER_BNDRY","semantic":"zone","river_class":"소하천","river_class_source":"중심선 공간조인","survey_method":"사진측량"},"geometry":{"type":"Polygon","coordinates":[[[129.33328,35.73409],[129.33292,35.73405],[129.33296,35.73418],[129.33328,35.73409]]]}},{"type":"Feature","id":"TN_RIVER_BNDRY:WTR0100000001NJ5T","properties":{"NF_ID":"WTR0100000001NJ5T","admin_code":"47130","source_layer":"TN_RIVER_BNDRY","semantic":"zone","river_class":"소하천","river_class_source":"중심선 공간조인","survey_method":"사진측량"},"geometry":{"type":"Polygon","coordinates":[[[129.32786,35.73008],[129.32729,35.72993],[129.32699,35.73017],[129.3274,35.73029],[129.32786,35.73008]]]}},{"type":"Feature","id":"TN_RIVER_BNDRY:WTR0100000001NJ6U","properties":{"NF_ID":"WTR0100000001NJ6U","admin_code":"47130","source_layer":"TN_RIVER_BNDRY","semantic":"zone","river_class":"소하천","river_class_source":"중심선 공간조인","survey_method":"사진측량"},"geometry":{"type":"Polygon","coordinates":[[[129.33324,35.73401],[129.33412,35.73398],[129.33539,35.73476],[129.33683,35.73488],[129.33771,35.73613],[129.33826,35.73604],[129.33916,35.73649],[129.34037,35.7366],[129.33914,35.73642],[129.33826,35.736],[129.33768,35.73607],[129.33706,35.73496],[129.3367,35.73472],[129.33611,35.73484],[129.33565,35.73476],[129.3342,35.73395],[129.33324,35.73401]]]}},{"type":"Feature","id":"TN_RIVER_BNDRY:WTR0100000001NJ7V","properties":{"NF_ID":"WTR0100000001NJ7V","admin_code":"47130","source_layer":"TN_RIVER_BNDRY","semantic":"zone","river_class":"소하천","river_class_source":"중심선 공간조인","survey_method":"사진측량"},"geometry":{"type":"Polygon","coordinates":[[[129.34157,35.74024],[129.34133,35.74021],[129.34124,35.74],[129.34104,35.74007],[129.34046,35.73933],[129.3407,35.73885],[129.33822,35.73865],[129.33721,35.73776],[129.33608,35.73758],[129.33576,35.73723],[129.33589,35.7368],[129.33571,35.73636],[129.33443,35.73603],[129.33331,35.73469],[129.33328,35.73409],[129.33296,35.73418],[129.33336,35.73507],[129.33434,35.7361],[129.33557,35.73649],[129.33573,35.73681],[129.33572,35.73761],[129.33701,35.73789],[129.33787,35.73876],[129.33806,35.73864],[129.34028,35.73897],[129.33891,35.74065],[129.33979,35.74117],[129.34013,35.74115],[129.34047,35.74135],[129.34157,35.74024]]]}},{"type":"Feature","id":"TN_RIVER_BNDRY:WTR0100000001NJ8W","properties":{"NF_ID":"WTR0100000001NJ8W","admin_code":"47130","source_layer":"TN_RIVER_BNDRY","semantic":"zone","river_class":"소하천","river_class_source":"중심선 공간조인","survey_method":"사진측량"},"geometry":{"type":"Polygon","coordinates":[[[129.34565,35.72965],[129.34546,35.72979],[129.34606,35.73008],[129.3465,35.73076],[129.34708,35.73119],[129.34838,35.73128],[129.34797,35.73111],[129.34708,35.73114],[129.34666,35.73078],[129.34641,35.73002],[129.34565,35.72965]]]}},{"type":"Feature","id":"TN_RIVER_BNDRY:WTR0100000001NJ9X","properties":{"NF_ID":"WTR0100000001NJ9X","admin_code":"47130","source_layer":"TN_RIVER_BNDRY","semantic":"zone","river_class":"소하천","river_class_source":"중심선 공간조인","survey_method":"사진측량"},"geometry":{"type":"Polygon","coordinates":[[[129.33324,35.73401],[129.33242,35.73327],[129.33189,35.73215],[129.33147,35.73174],[129.32786,35.73008],[129.3274,35.73029],[129.33132,35.73194],[129.33238,35.73353],[129.33292,35.73405],[129.33324,35.73401]]]}},{"type":"Feature","id":"TN_RIVER_BNDRY:WTR0100000001NJAY","properties":{"NF_ID":"WTR0100000001NJAY","admin_code":"47130","source_layer":"TN_RIVER_BNDRY","semantic":"zone","river_class":"소하천","river_class_source":"중심선 공간조인","survey_method":"사진측량"},"geometry":{"type":"Polygon","coordinates":[[[129.2997,35.71986],[129.29855,35.71985],[129.29641,35.7189],[129.29563,35.71881],[129.29354,35.71808],[129.29252,35.71798],[129.29108,35.71686],[129.2897,35.71698],[129.2892,35.71679],[129.28893,35.71632],[129.28947,35.71551],[129.28944,35.71517],[129.2888,35.71443],[129.28932,35.71528],[129.28927,35.71561],[129.28879,35.71636],[129.28917,35.71692],[129.28999,35.71705],[129.29111,35.71698],[129.29152,35.71772],[129.29236,35.71818],[129.29374,35.71839],[129.299,35.72013],[129.29979,35.72026],[129.2997,35.71986]]]}},{"type":"Feature","id":"TN_RIVER_BNDRY:WTR0100000001NJBZ","properties":{"NF_ID":"WTR0100000001NJBZ","admin_code":"47130","source_layer":"TN_RIVER_BNDRY","semantic":"zone","river_class":"지방하천","river_class_source":"중심선 공간조인","river_name":"동천","river_code":"2220440","survey_method":"사진측량"},"geometry":{"type":"Polygon","coordinates":[[[129.32153,35.70354],[129.32072,35.70322],[129.32062,35.70341],[129.32147,35.70369],[129.32153,35.70354]]]}},{"type":"Feature","id":"TN_RIVER_BNDRY:WTR0100000001NJC0","properties":{"NF_ID":"WTR0100000001NJC0","admin_code":"47130","source_layer":"TN_RIVER_BNDRY","semantic":"zone","river_class":"지방하천","river_class_source":"중심선 공간조인","river_name":"동천","river_code":"2220440","survey_method":"사진측량"},"geometry":{"type":"Polygon","coordinates":[[[129.30803,35.72161],[129.30776,35.72144],[129.30712,35.7217],[129.30682,35.72234],[129.30709,35.72242],[129.30803,35.72161]]]}},{"type":"Feature","id":"TN_RIVER_BNDRY:WTR0100000001NJD1","properties":{"NF_ID":"WTR0100000001NJD1","admin_code":"47130","source_layer":"TN_RIVER_BNDRY","semantic":"zone","river_class":"지방하천","river_class_source":"중심선 공간조인","river_name":"동천","river_code":"2220440","survey_method":"사진측량"},"geometry":{"type":"Polygon","coordinates":[[[129.31116,35.71889],[129.31071,35.7183],[129.30943,35.71986],[129.30776,35.72144],[129.30803,35.72161],[129.30954,35.72026],[129.31009,35.71956],[129.31055,35.71942],[129.31116,35.71889]]]}},{"type":"Feature","id":"TN_RIVER_BNDRY:WTR0100000001NJE2","properties":{"NF_ID":"WTR0100000001NJE2","admin_code":"47130","source_layer":"TN_RIVER_BNDRY","semantic":"zone","river_class":"지방하천","river_class_source":"중심선 공간조인","river_name":"동천","river_code":"2220440","survey_method":"사진측량"},"geometry":{"type":"Polygon","coordinates":[[[129.3115,35.71855],[129.31095,35.71806],[129.31071,35.7183],[129.31116,35.71889],[129.3115,35.71855]]]}},{"type":"Feature","id":"TN_RIVER_BNDRY:WTR0100000001NJF3","properties":{"NF_ID":"WTR0100000001NJF3","admin_code":"47130","source_layer":"TN_RIVER_BNDRY","semantic":"zone","river_class":"소하천","river_class_source":"중심선 공간조인","survey_method":"사진측량"},"geometry":{"type":"Polygon","coordinates":[[[129.31321,35.72225],[129.31311,35.72193],[129.31312,35.72296],[129.31321,35.72225]]]}},{"type":"Feature","id":"TN_RIVER_BNDRY:WTR0100000001NJG4","properties":{"NF_ID":"WTR0100000001NJG4","admin_code":"47130","source_layer":"TN_RIVER_BNDRY","semantic":"zone","river_class":"소하천","river_class_source":"중심선 공간조인","survey_method":"사진측량"},"geometry":{"type":"Polygon","coordinates":[[[129.31311,35.72193],[129.31265,35.72132],[129.31235,35.72009],[129.3115,35.71855],[129.31116,35.71889],[129.31173,35.7194],[129.31213,35.72024],[129.31183,35.72146],[129.31303,35.72292],[129.31311,35.72193]]]}},{"type":"Feature","id":"TN_RIVER_BNDRY:WTR0100000001NJH5","properties":{"NF_ID":"WTR0100000001NJH5","admin_code":"47130","source_layer":"TN_RIVER_BNDRY","semantic":"zone","river_class":"지방하천","river_class_source":"중심선 공간조인","river_name":"동천","river_code":"2220440","survey_method":"사진측량"},"geometry":{"type":"Polygon","coordinates":[[[129.30498,35.72278],[129.30456,35.72254],[129.30412,35.72277],[129.30215,35.72477],[129.30258,35.7248],[129.30428,35.72304],[129.30498,35.72278]]]}},{"type":"Feature","id":"TN_RIVER_BNDRY:WTR0100000001NJI6","properties":{"NF_ID":"WTR0100000001NJI6","admin_code":"47130","source_layer":"TN_RIVER_BNDRY","semantic":"zone","river_class":"지방하천","river_class_source":"중심선 공간조인","river_name":"동천","river_code":"2220440","survey_method":"사진측량"},"geometry":{"type":"Polygon","coordinates":[[[129.30546,35.7227],[129.30498,35.72233],[129.30456,35.72254],[129.30498,35.72278],[129.30546,35.7227]]]}},{"type":"Feature","id":"TN_RIVER_BNDRY:WTR0100000001NJJ7","properties":{"NF_ID":"WTR0100000001NJJ7","admin_code":"47130","source_layer":"TN_RIVER_BNDRY","semantic":"zone","river_class":"소하천","river_class_source":"중심선 공간조인","survey_method":"사진측량"},"geometry":{"type":"Polygon","coordinates":[[[129.30498,35.72233],[129.30313,35.72167],[129.3022,35.72059],[129.30184,35.72037],[129.30048,35.72011],[129.30024,35.71993],[129.30021,35.72032],[129.30152,35.7206],[129.30307,35.722],[129.30456,35.72254],[129.30498,35.72233]]]}},{"type":"Feature","id":"TN_RIVER_BNDRY:WTR0100000001NJK8","properties":{"NF_ID":"WTR0100000001NJK8","admin_code":"47130","source_layer":"TN_RIVER_BNDRY","semantic":"zone","river_class":"지방하천","river_class_source":"중심선 공간조인","river_name":"동천","river_code":"2220440","survey_method":"사진측량"},"geometry":{"type":"Polygon","coordinates":[[[129.32147,35.70369],[129.32062,35.70341],[129.32012,35.7047],[129.3201,35.70547],[129.32105,35.706],[129.32099,35.70478],[129.32147,35.70369]]]}},{"type":"Feature","id":"TN_RIVER_BNDRY:WTR0100000001NJL9","properties":{"NF_ID":"WTR0100000001NJL9","admin_code":"47130","source_layer":"TN_RIVER_BNDRY","semantic":"zone","river_class":"지방하천","river_class_source":"중심선 공간조인","river_name":"동천","river_code":"2220440","survey_method":"사진측량"},"geometry":{"type":"Polygon","coordinates":[[[129.30682,35.72234],[129.30712,35.7217],[129.30577,35.72232],[129.30498,35.72233],[129.30546,35.7227],[129.30682,35.72234]]]}},{"type":"Feature","id":"TN_RIVER_BNDRY:WTR0100000001NJMA","properties":{"NF_ID":"WTR0100000001NJMA","admin_code":"47130","source_layer":"TN_RIVER_BNDRY","semantic":"zone","river_class":"지방하천","river_class_source":"중심선 공간조인","river_name":"입실천","river_code":"2220450","survey_method":"사진측량"},"geometry":{"type":"Polygon","coordinates":[[[129.32105,35.706],[129.3201,35.70547],[129.31974,35.70578],[129.3201,35.70641],[129.32105,35.706]]]}},{"type":"Feature","id":"TN_RIVER_BNDRY:WTR0100000001NJNB","properties":{"NF_ID":"WTR0100000001NJNB","admin_code":"47130","source_layer":"TN_RIVER_BNDRY","semantic":"zone","river_class":"지방하천","river_class_source":"중심선 공간조인","river_name":"동천","river_code":"2220440","survey_method":"사진측량"},"geometry":{"type":"Polygon","coordinates":[[[129.3201,35.70641],[129.31965,35.70579],[129.31875,35.70628],[129.31716,35.70672],[129.31642,35.70719],[129.31566,35.70924],[129.31655,35.71047],[129.31666,35.7109],[129.31675,35.71181],[129.31652,35.71256],[129.31448,35.7146],[129.31292,35.71576],[129.31184,35.71699],[129.31095,35.71806],[129.3115,35.71855],[129.31158,35.71823],[129.31223,35.71747],[129.31687,35.71342],[129.31765,35.71247],[129.31784,35.71185],[129.31777,35.71104],[129.31664,35.70875],[129.31687,35.70761],[129.31718,35.70722],[129.31764,35.707],[129.3201,35.70641]]]}},{"type":"Feature","id":"TN_RIVER_BNDRY:WTR0100000001NJOC","properties":{"NF_ID":"WTR0100000001NJOC","admin_code":"47130","source_layer":"TN_RIVER_BNDRY","semantic":"zone","river_class":"소하천","river_class_source":"중심선 공간조인","survey_method":"사진측량"},"geometry":{"type":"Polygon","coordinates":[[[129.31312,35.72296],[129.31318,35.724],[129.31265,35.72493],[129.31323,35.72406],[129.31329,35.72344],[129.31312,35.72296]]]}},{"type":"Feature","id":"TN_RIVER_BNDRY:WTR0100000001NJPD","properties":{"NF_ID":"WTR0100000001NJPD","admin_code":"47130","source_layer":"TN_RIVER_BNDRY","semantic":"zone","river_class":"소하천","river_class_source":"중심선 공간조인","survey_method":"사진측량"},"geometry":{"type":"Polygon","coordinates":[[[129.32759,35.7084],[129.32755,35.70825],[129.3274,35.7083],[129.32759,35.7084]]]}},{"type":"Feature","id":"TN_RIVER_BNDRY:WTR0100000001NJQE","properties":{"NF_ID":"WTR0100000001NJQE","admin_code":"47130","source_layer":"TN_RIVER_BNDRY","semantic":"zone","river_class":"소하천","river_class_source":"중심선 공간조인","survey_method":"사진측량"},"geometry":{"type":"Polygon","coordinates":[[[129.32759,35.7084],[129.32748,35.70845],[129.328,35.70928],[129.32897,35.71024],[129.32992,35.71178],[129.33095,35.71233],[129.33137,35.71281],[129.33211,35.71324],[129.33529,35.71353],[129.33832,35.7146],[129.33951,35.71476],[129.3398,35.71467],[129.3379,35.71435],[129.33536,35.71345],[129.33299,35.71313],[129.33234,35.71317],[129.33186,35.71302],[129.331,35.71229],[129.33006,35.71182],[129.32916,35.71036],[129.32812,35.70931],[129.32759,35.7084]]]}},{"type":"Feature","id":"TN_RIVER_BNDRY:WTR0100000001NJRF","properties":{"NF_ID":"WTR0100000001NJRF","admin_code":"47130","source_layer":"TN_RIVER_BNDRY","semantic":"zone","river_class":"지방하천","river_class_source":"중심선 공간조인","river_name":"동천","river_code":"2220440","survey_method":"사진측량"},"geometry":{"type":"Polygon","coordinates":[[[129.32457,35.69942],[129.32327,35.69966],[129.3232,35.69983],[129.32411,35.69998],[129.32457,35.69942]]]}},{"type":"Feature","id":"TN_RIVER_BNDRY:WTR0100000001NJSG","properties":{"NF_ID":"WTR0100000001NJSG","admin_code":"47130","source_layer":"TN_RIVER_BNDRY","semantic":"zone","river_class":"소하천","river_class_source":"중심선 공간조인","survey_method":"사진측량"},"geometry":{"type":"Polygon","coordinates":[[[129.3235,35.69559],[129.32317,35.69557],[129.32322,35.69574],[129.32353,35.69582],[129.3235,35.69559]]]}},{"type":"Feature","id":"TN_RIVER_BNDRY:WTR0100000001NJTH","properties":{"NF_ID":"WTR0100000001NJTH","admin_code":"47130","source_layer":"TN_RIVER_BNDRY","semantic":"zone","river_class":"지방하천","river_class_source":"중심선 공간조인","river_name":"동천","river_code":"2220440","survey_method":"사진측량"},"geometry":{"type":"Polygon","coordinates":[[[129.32155,35.67897],[129.32024,35.6792],[129.32012,35.67974],[129.32118,35.67979],[129.32155,35.67897]]]}},{"type":"Feature","id":"TN_RIVER_BNDRY:WTR0100000001NJUI","properties":{"NF_ID":"WTR0100000001NJUI","admin_code":"47130","source_layer":"TN_RIVER_BNDRY","semantic":"zone","river_class":"지방하천","river_class_source":"중심선 공간조인","river_name":"왕신천","river_code":"2120270","survey_method":"사진측량"},"geometry":{"type":"Polygon","coordinates":[[[129.30981,35.67591],[129.3094,35.67587],[129.3096,35.67619],[129.30981,35.67591]]]}},{"type":"Feature","id":"TN_RIVER_BNDRY:WTR0100000001NJVJ","properties":{"NF_ID":"WTR0100000001NJVJ","admin_code":"47130","source_layer":"TN_RIVER_BNDRY","semantic":"zone","river_class":"소하천","river_class_source":"중심선 공간조인","survey_method":"사진측량"},"geometry":{"type":"Polygon","coordinates":[[[129.30161,35.68324],[129.30148,35.68319],[129.3015,35.68327],[129.30165,35.68333],[129.30161,35.68324]]]}},{"type":"Feature","id":"TN_RIVER_BNDRY:WTR0100000001NJWK","properties":{"NF_ID":"WTR0100000001NJWK","admin_code":"47130","source_layer":"TN_RIVER_BNDRY","semantic":"zone","river_class":"소하천","river_class_source":"중심선 공간조인","survey_method":"사진측량"},"geometry":{"type":"Polygon","coordinates":[[[129.30781,35.69507],[129.30768,35.69499],[129.30765,35.69501],[129.30774,35.69508],[129.30775,35.69508],[129.30781,35.69507]]]}},{"type":"Feature","id":"TN_RIVER_BNDRY:WTR0100000001NJXL","properties":{"NF_ID":"WTR0100000001NJXL","admin_code":"47130","source_layer":"TN_RIVER_BNDRY","semantic":"zone","river_class":"소하천","river_class_source":"중심선 공간조인","survey_method":"사진측량"},"geometry":{"type":"Polygon","coordinates":[[[129.30165,35.68333],[129.3015,35.68327],[129.30151,35.68327],[129.30154,35.68331],[129.30156,35.68333],[129.30159,35.68336],[129.30162,35.6834],[129.30167,35.68345],[129.30169,35.68348],[129.30171,35.68347],[129.3017,35.68344],[129.30165,35.68334],[129.30165,35.68333],[129.30165,35.68333]]]}},{"type":"Feature","id":"TN_RIVER_BNDRY:WTR0100000001NJYM","properties":{"NF_ID":"WTR0100000001NJYM","admin_code":"47130","source_layer":"TN_RIVER_BNDRY","semantic":"zone","river_class":"소하천","river_class_source":"중심선 공간조인","survey_method":"사진측량"},"geometry":{"type":"Polygon","coordinates":[[[129.30161,35.68324],[129.30177,35.68347],[129.30144,35.68449],[129.30182,35.6835],[129.30161,35.68324]]]}},{"type":"Feature","id":"TN_RIVER_BNDRY:WTR0100000001NJZN","properties":{"NF_ID":"WTR0100000001NJZN","admin_code":"47130","source_layer":"TN_RIVER_BNDRY","semantic":"zone","river_class":"소하천","river_class_source":"중심선 공간조인","survey_method":"사진측량"},"geometry":{"type":"Polygon","coordinates":[[[129.30768,35.69499],[129.30764,35.69497],[129.30762,35.69496],[129.30753,35.69492],[129.30737,35.69487],[129.30729,35.69483],[129.30722,35.69479],[129.30712,35.69473],[129.30706,35.69469],[129.30694,35.69459],[129.30686,35.69454],[129.30677,35.69449],[129.30668,35.69447],[129.30668,35.69448],[129.30672,35.69451],[129.30678,35.69454],[129.30686,35.69459],[129.30698,35.69467],[129.30709,35.69475],[129.30718,35.69481],[129.30724,35.69484],[129.30729,35.69487],[129.30734,35.69489],[129.30739,35.69491],[129.30747,35.69494],[129.30751,35.69496],[129.30754,35.69497],[129.3076,35.695],[129.30761,35.69499],[129.30765,35.69501],[129.30768,35.69499]]]}},{"type":"Feature","id":"TN_RIVER_BNDRY:WTR0100000001NK0P","properties":{"NF_ID":"WTR0100000001NK0P","admin_code":"47130","source_layer":"TN_RIVER_BNDRY","semantic":"zone","river_class":"지방하천","river_class_source":"중심선 공간조인","river_name":"왕신천","river_code":"2120270","survey_method":"사진측량"},"geometry":{"type":"Polygon","coordinates":[[[129.30981,35.67591],[129.3096,35.67619],[129.30995,35.67674],[129.31103,35.67788],[129.31174,35.678],[129.30981,35.67591]]]}},{"type":"Feature","id":"TN_RIVER_BNDRY:WTR0100000001NK1Q","properties":{"NF_ID":"WTR0100000001NK1Q","admin_code":"47130","source_layer":"TN_RIVER_BNDRY","semantic":"zone","river_class":"지방하천","river_class_source":"중심선 공간조인","river_name":"왕신천","river_code":"2120270","survey_method":"사진측량"},"geometry":{"type":"Polygon","coordinates":[[[129.31174,35.678],[129.31103,35.67788],[129.31124,35.67808],[129.31188,35.67814],[129.31174,35.678]]]}},{"type":"Feature","id":"TN_RIVER_BNDRY:WTR0100000001NK2R","properties":{"NF_ID":"WTR0100000001NK2R","admin_code":"47130","source_layer":"TN_RIVER_BNDRY","semantic":"zone","river_class":"소하천","river_class_source":"중심선 공간조인","survey_method":"사진측량"},"geometry":{"type":"Polygon","coordinates":[[[129.32317,35.69557],[129.3235,35.69559],[129.3227,35.69413],[129.3222,35.69384],[129.32093,35.69236],[129.31996,35.69193],[129.31922,35.69137],[129.31844,35.69017],[129.31315,35.6888],[129.31335,35.68899],[129.31421,35.68925],[129.31832,35.69026],[129.31925,35.69154],[129.32086,35.69244],[129.32219,35.69393],[129.32264,35.69423],[129.32317,35.69557]]]}},{"type":"Feature","id":"TN_RIVER_BNDRY:WTR0100000001NK3S","properties":{"NF_ID":"WTR0100000001NK3S","admin_code":"47130","source_layer":"TN_RIVER_BNDRY","semantic":"zone","river_class":"소하천","river_class_source":"중심선 공간조인","survey_method":"사진측량"},"geometry":{"type":"Polygon","coordinates":[[[129.32317,35.69557],[129.31586,35.69372],[129.31165,35.69309],[129.31052,35.69323],[129.31012,35.69417],[129.30892,35.69492],[129.3086,35.69504],[129.30768,35.69499],[129.30884,35.69506],[129.3102,35.69421],[129.31058,35.69332],[129.31152,35.69317],[129.31535,35.69371],[129.32322,35.69574],[129.32317,35.69557]]]}},{"type":"Feature","id":"TN_RIVER_BNDRY:WTR0100000001NK4T","properties":{"NF_ID":"WTR0100000001NK4T","admin_code":"47130","source_layer":"TN_RIVER_BNDRY","semantic":"zone","river_class":"소하천","river_class_source":"중심선 공간조인","survey_method":"사진측량"},"geometry":{"type":"Polygon","coordinates":[[[129.30774,35.69508],[129.30764,35.69502],[129.30704,35.6959],[129.30619,35.69649],[129.30461,35.69824],[129.30431,35.69712],[129.30363,35.69707],[129.30342,35.69722],[129.30307,35.69874],[129.3036,35.69893],[129.30449,35.69829],[129.30409,35.69858],[129.30321,35.69985],[129.30418,35.69855],[129.30487,35.69819],[129.30629,35.69655],[129.30706,35.69609],[129.30774,35.69508]]]}},{"type":"Feature","id":"TN_RIVER_BNDRY:WTR0100000001NK5U","properties":{"NF_ID":"WTR0100000001NK5U","admin_code":"47130","source_layer":"TN_RIVER_BNDRY","semantic":"zone","river_class":"소하천","river_class_source":"중심선 공간조인","survey_method":"사진측량"},"geometry":{"type":"Polygon","coordinates":[[[129.31124,35.67808],[129.31103,35.67788],[129.30826,35.67724],[129.30578,35.67718],[129.30493,35.67813],[129.30428,35.67822],[129.30313,35.67868],[129.30222,35.67925],[129.302,35.68055],[129.30177,35.681],[129.30188,35.6816],[129.30173,35.68233],[129.30143,35.68283],[129.30148,35.68319],[129.30161,35.68324],[129.30152,35.68285],[129.30183,35.68225],[129.30195,35.68157],[129.30185,35.68095],[129.30209,35.68048],[129.30228,35.67928],[129.30315,35.67872],[129.30423,35.67829],[129.30495,35.67817],[129.30583,35.67723],[129.30842,35.67734],[129.31124,35.67808]]]}},{"type":"Feature","id":"TN_RIVER_BNDRY:WTR0100000001NK6V","properties":{"NF_ID":"WTR0100000001NK6V","admin_code":"47130","source_layer":"TN_RIVER_BNDRY","semantic":"zone","river_class":"지방하천","river_class_source":"중심선 공간조인","river_name":"동천","river_code":"2220440","survey_method":"사진측량"},"geometry":{"type":"Polygon","coordinates":[[[129.32734,35.69716],[129.32662,35.69663],[129.32615,35.69677],[129.32708,35.69726],[129.32734,35.69716]]]}},{"type":"Feature","id":"TN_RIVER_BNDRY:WTR0100000001NK7W","properties":{"NF_ID":"WTR0100000001NK7W","admin_code":"47130","source_layer":"TN_RIVER_BNDRY","semantic":"zone","river_class":"지방하천","river_class_source":"중심선 공간조인","river_name":"동천","river_code":"2220440","survey_method":"사진측량"},"geometry":{"type":"Polygon","coordinates":[[[129.32757,35.69711],[129.32752,35.69651],[129.32662,35.69663],[129.32734,35.69716],[129.32757,35.69711]]]}},{"type":"Feature","id":"TN_RIVER_BNDRY:WTR0100000001NK8X","properties":{"NF_ID":"WTR0100000001NK8X","admin_code":"47130","source_layer":"TN_RIVER_BNDRY","semantic":"zone","river_class":"소하천","river_class_source":"중심선 공간조인","survey_method":"사진측량"},"geometry":{"type":"Polygon","coordinates":[[[129.33083,35.69335],[129.33176,35.69325],[129.33277,35.69342],[129.33173,35.69319],[129.33083,35.69335]]]}},{"type":"Feature","id":"TN_RIVER_BNDRY:WTR0100000001NK9Y","properties":{"NF_ID":"WTR0100000001NK9Y","admin_code":"47130","source_layer":"TN_RIVER_BNDRY","semantic":"zone","river_class":"지방하천","river_class_source":"중심선 공간조인","river_name":"동천","river_code":"2220440","survey_method":"사진측량"},"geometry":{"type":"Polygon","coordinates":[[[129.33087,35.6934],[129.33083,35.69335],[129.32995,35.69342],[129.32995,35.69345],[129.32995,35.69346],[129.33087,35.6934]]]}},{"type":"Feature","id":"TN_RIVER_BNDRY:WTR0100000001NKAZ","properties":{"NF_ID":"WTR0100000001NKAZ","admin_code":"47130","source_layer":"TN_RIVER_BNDRY","semantic":"zone","river_class":"소하천","river_class_source":"중심선 공간조인","survey_method":"사진측량"},"geometry":{"type":"Polygon","coordinates":[[[129.3398,35.68429],[129.33907,35.68396],[129.33914,35.68417],[129.3398,35.68429]]]}},{"type":"Feature","id":"TN_RIVER_BNDRY:WTR0100000001NKB0","properties":{"NF_ID":"WTR0100000001NKB0","admin_code":"47130","source_layer":"TN_RIVER_BNDRY","semantic":"zone","river_class":"소하천","river_class_source":"중심선 공간조인","survey_method":"사진측량"},"geometry":{"type":"Polygon","coordinates":[[[129.3398,35.68429],[129.34043,35.68451],[129.34131,35.68452],[129.3398,35.68429]]]}},{"type":"Feature","id":"TN_RIVER_BNDRY:WTR0100000001NKC1","properties":{"NF_ID":"WTR0100000001NKC1","admin_code":"47130","source_layer":"TN_RIVER_BNDRY","semantic":"zone","river_class":"소하천","river_class_source":"중심선 공간조인","survey_method":"사진측량"},"geometry":{"type":"Polygon","coordinates":[[[129.32785,35.69706],[129.32757,35.69711],[129.32721,35.69853],[129.32785,35.69706]]]}},{"type":"Feature","id":"TN_RIVER_BNDRY:WTR0100000001NKD2","properties":{"NF_ID":"WTR0100000001NKD2","admin_code":"47130","source_layer":"TN_RIVER_BNDRY","semantic":"zone","river_class":"지방하천","river_class_source":"중심선 공간조인","river_name":"동천","river_code":"2220440","survey_method":"사진측량"},"geometry":{"type":"Polygon","coordinates":[[[129.33087,35.6934],[129.32995,35.69346],[129.32975,35.69464],[129.32905,35.69551],[129.32797,35.69608],[129.32785,35.69706],[129.32931,35.69642],[129.33015,35.69572],[129.33079,35.69445],[129.33087,35.6934]]]}},{"type":"Feature","id":"TN_RIVER_BNDRY:WTR0100000001NKE3","properties":{"NF_ID":"WTR0100000001NKE3","admin_code":"47130","source_layer":"TN_RIVER_BNDRY","semantic":"zone","river_class":"지방하천","river_class_source":"중심선 공간조인","river_name":"동천","river_code":"2220440","survey_method":"사진측량"},"geometry":{"type":"Polygon","coordinates":[[[129.32785,35.69706],[129.32797,35.69608],[129.32752,35.69651],[129.32757,35.69711],[129.32785,35.69706]]]}},{"type":"Feature","id":"TN_RIVER_BNDRY:WTR0100000001NKF4","properties":{"NF_ID":"WTR0100000001NKF4","admin_code":"47130","source_layer":"TN_RIVER_BNDRY","semantic":"zone","river_class":"지방하천","river_class_source":"중심선 공간조인","river_name":"왕신천","river_code":"2120270","survey_method":"사진측량"},"geometry":{"type":"Polygon","coordinates":[[[129.2848,35.66418],[129.28302,35.66336],[129.2823,35.66353],[129.2812,35.6634],[129.28067,35.6628],[129.27934,35.66282],[129.27873,35.66261],[129.27812,35.66266],[129.27928,35.66288],[129.28055,35.66289],[129.28081,35.66335],[129.28114,35.66348],[129.28227,35.66368],[129.2829,35.66344],[129.2848,35.66418]]]}},{"type":"Feature","id":"TN_RIVER_BNDRY:WTR0100000001NKG5","properties":{"NF_ID":"WTR0100000001NKG5","admin_code":"47130","source_layer":"TN_RIVER_BNDRY","semantic":"zone","river_class":"소하천","river_class_source":"중심선 공간조인","survey_method":"사진측량"},"geometry":{"type":"Polygon","coordinates":[[[129.27812,35.66266],[129.27811,35.66266],[129.2781,35.66266],[129.27808,35.66265],[129.27808,35.66265],[129.27805,35.66262],[129.27804,35.66261],[129.27803,35.66261],[129.27802,35.66261],[129.278,35.66261],[129.27799,35.66261],[129.27799,35.66262],[129.27801,35.66263],[129.27803,35.66266],[129.27812,35.66273],[129.27814,35.66274],[129.27812,35.66266]]]}},{"type":"Feature","id":"TN_RIVER_BNDRY:WTR0100000001NKH6","properties":{"NF_ID":"WTR0100000001NKH6","admin_code":"47130","source_layer":"TN_RIVER_BNDRY","semantic":"zone","river_class":"지방하천","river_class_source":"중심선 공간조인","river_name":"왕신천","river_code":"2120270","survey_method":"사진측량"},"geometry":{"type":"Polygon","coordinates":[[[129.29358,35.67207],[129.29267,35.67142],[129.29214,35.67024],[129.2911,35.66922],[129.29102,35.66803],[129.29063,35.66737],[129.2893,35.66701],[129.2888,35.66727],[129.28884,35.66736],[129.28942,35.66715],[129.29052,35.66746],[129.2908,35.66778],[129.29094,35.66935],[129.29181,35.67],[129.29267,35.67157],[129.29337,35.67218],[129.29358,35.67207]]]}},{"type":"Feature","id":"TN_RIVER_BNDRY:WTR0100000001NKI7","properties":{"NF_ID":"WTR0100000001NKI7","admin_code":"47130","source_layer":"TN_RIVER_BNDRY","semantic":"zone","river_class":"지방하천","river_class_source":"중심선 공간조인","river_name":"왕신천","river_code":"2120270","survey_method":"사진측량"},"geometry":{"type":"Polygon","coordinates":[[[129.27832,35.66271],[129.27812,35.66266],[129.27814,35.66274],[129.27827,35.66275],[129.27832,35.66271]]]}},{"type":"Feature","id":"TN_RIVER_BNDRY:WTR0100000001NKJ8","properties":{"NF_ID":"WTR0100000001NKJ8","admin_code":"47130","source_layer":"TN_RIVER_BNDRY","semantic":"zone","river_class":"지방하천","river_class_source":"중심선 공간조인","river_name":"왕신천","river_code":"2120270","survey_method":"사진측량"},"geometry":{"type":"Polygon","coordinates":[[[129.27827,35.66275],[129.27814,35.66274],[129.27815,35.66275],[129.27815,35.66276],[129.27815,35.66276],[129.27815,35.66277],[129.27811,35.66282],[129.27805,35.66287],[129.27798,35.66291],[129.27791,35.66295],[129.27782,35.66299],[129.27775,35.66302],[129.27769,35.66306],[129.27764,35.66309],[129.2776,35.66311],[129.27761,35.66312],[129.27765,35.66312],[129.2777,35.66311],[129.27786,35.66304],[129.27801,35.66298],[129.27812,35.6629],[129.27819,35.66283],[129.27827,35.66275]]]}},{"type":"Feature","id":"TN_RIVER_BNDRY:WTR0100000001NKK9","properties":{"NF_ID":"WTR0100000001NKK9","admin_code":"47130","source_layer":"TN_RIVER_BNDRY","semantic":"zone","river_class":"소하천","river_class_source":"중심선 공간조인","survey_method":"사진측량"},"geometry":{"type":"Polygon","coordinates":[[[129.28491,35.66673],[129.28475,35.66662],[129.2847,35.6671],[129.28402,35.66765],[129.28389,35.66807],[129.28346,35.6683],[129.28283,35.66835],[129.28237,35.66867],[129.28156,35.66938],[129.28053,35.6708],[129.27997,35.67095],[129.27935,35.67178],[129.27859,35.67191],[129.27778,35.67169],[129.27624,35.67197],[129.27736,35.67181],[129.27863,35.67199],[129.27943,35.67181],[129.28004,35.67101],[129.28057,35.67085],[129.28117,35.67002],[129.28253,35.66865],[129.28291,35.66839],[129.28348,35.66837],[129.28391,35.66814],[129.28411,35.66766],[129.28489,35.66703],[129.28491,35.66673]]]}},{"type":"Feature","id":"TN_RIVER_BNDRY:WTR0100000001NKLA","properties":{"NF_ID":"WTR0100000001NKLA","admin_code":"47130","source_layer":"TN_RIVER_BNDRY","semantic":"zone","river_class":"지방하천","river_class_source":"중심선 공간조인","river_name":"왕신천","river_code":"2120270","survey_method":"사진측량"},"geometry":{"type":"Polygon","coordinates":[[[129.29378,35.67213],[129.29337,35.67218],[129.29353,35.67225],[129.29378,35.67213]]]}},{"type":"Feature","id":"TN_RIVER_BNDRY:WTR0100000001NKMB","properties":{"NF_ID":"WTR0100000001NKMB","admin_code":"47130","source_layer":"TN_RIVER_BNDRY","semantic":"zone","river_class":"지방하천","river_class_source":"중심선 공간조인","river_name":"왕신천","river_code":"2120270","survey_method":"사진측량"},"geometry":{"type":"Polygon","coordinates":[[[129.2888,35.66727],[129.2894,35.66691],[129.28949,35.66543],[129.28879,35.66509],[129.28686,35.66483],[129.28477,35.6642],[129.28558,35.66518],[129.28559,35.66592],[129.28555,35.66608],[129.28497,35.66635],[129.28475,35.66662],[129.2862,35.66678],[129.28753,35.66669],[129.28809,35.66715],[129.2888,35.66727]]]}},{"type":"Feature","id":"TN_RIVER_BNDRY:WTR0100000001NKNC","properties":{"NF_ID":"WTR0100000001NKNC","admin_code":"47130","source_layer":"TN_RIVER_BNDRY","semantic":"zone","river_class":"지방하천","river_class_source":"중심선 공간조인","river_name":"왕신천","river_code":"2120270","survey_method":"사진측량"},"geometry":{"type":"Polygon","coordinates":[[[129.30945,35.67605],[129.3094,35.67587],[129.30887,35.67574],[129.30788,35.67579],[129.30715,35.67561],[129.30516,35.67431],[129.30303,35.6738],[129.30211,35.67321],[129.30141,35.67308],[129.29952,35.67225],[129.29828,35.67147],[129.2975,35.67144],[129.29499,35.67214],[129.29378,35.67213],[129.29353,35.67225],[129.2943,35.67242],[129.29498,35.67236],[129.29726,35.67171],[129.29809,35.67167],[129.30072,35.6731],[129.30237,35.6738],[129.30497,35.67461],[129.3072,35.67598],[129.3081,35.67615],[129.30945,35.67605]]]}},{"type":"Feature","id":"TN_RIVER_BNDRY:WTR0100000001NKOD","properties":{"NF_ID":"WTR0100000001NKOD","admin_code":"47130","source_layer":"TN_RIVER_BNDRY","semantic":"zone","river_class":"소하천","river_class_source":"중심선 공간조인","survey_method":"사진측량"},"geometry":{"type":"Polygon","coordinates":[[[129.30107,35.66719],[129.30163,35.66669],[129.30128,35.66686],[129.30107,35.66719]]]}},{"type":"Feature","id":"TN_RIVER_BNDRY:WTR0100000001NKPE","properties":{"NF_ID":"WTR0100000001NKPE","admin_code":"47130","source_layer":"TN_RIVER_BNDRY","semantic":"zone","river_class":"소하천","river_class_source":"중심선 공간조인","survey_method":"사진측량"},"geometry":{"type":"Polygon","coordinates":[[[129.30115,35.66722],[129.30096,35.66724],[129.30107,35.66733],[129.30115,35.66722]]]}},{"type":"Feature","id":"TN_RIVER_BNDRY:WTR0100000001NKQF","properties":{"NF_ID":"WTR0100000001NKQF","admin_code":"47130","source_layer":"TN_RIVER_BNDRY","semantic":"zone","river_class":"소하천","river_class_source":"중심선 공간조인","survey_method":"사진측량"},"geometry":{"type":"Polygon","coordinates":[[[129.30243,35.66601],[129.30322,35.66587],[129.30372,35.66529],[129.30455,35.66469],[129.30494,35.66408],[129.30573,35.66367],[129.30664,35.66354],[129.30565,35.66364],[129.30566,35.66377],[129.30494,35.66404],[129.30453,35.66466],[129.30394,35.66499],[129.30312,35.66587],[129.30237,35.66594],[129.30199,35.66623],[129.30243,35.66601]]]}},{"type":"Feature","id":"TN_RIVER_BNDRY:WTR0100000001NKSH","properties":{"NF_ID":"WTR0100000001NKSH","admin_code":"47130","source_layer":"TN_RIVER_BNDRY","semantic":"zone","river_class":"지방하천","river_class_source":"중심선 공간조인","river_name":"동천","river_code":"2220440","survey_method":"사진측량"},"geometry":{"type":"Polygon","coordinates":[[[129.32904,35.67215],[129.32834,35.67163],[129.32777,35.67194],[129.32877,35.67231],[129.32904,35.67215]]]}},{"type":"Feature","id":"TN_RIVER_BNDRY:WTR0100000001NL1R","properties":{"NF_ID":"WTR0100000001NL1R","admin_code":"47130","source_layer":"TN_RIVER_BNDRY","semantic":"zone","river_class":"지방하천","river_class_source":"중심선 공간조인","river_name":"동천","river_code":"2220440","survey_method":"사진측량"},"geometry":{"type":"Polygon","coordinates":[[[129.3335,35.66973],[129.33346,35.66951],[129.33261,35.66935],[129.33106,35.66954],[129.32892,35.67098],[129.32834,35.67163],[129.32904,35.67215],[129.32924,35.67161],[129.33087,35.67003],[129.3335,35.66973]]]}},{"type":"Feature","id":"TN_RIVER_BNDRY:WTR0100000001NL3T","properties":{"NF_ID":"WTR0100000001NL3T","admin_code":"47130","source_layer":"TN_RIVER_BNDRY","semantic":"zone","river_class":"지방하천","river_class_source":"중심선 공간조인","river_name":"동천","river_code":"2210440","survey_method":"사진측량"},"geometry":{"type":"Polygon","coordinates":[[[129.3339,35.66943],[129.33346,35.66951],[129.3335,35.66973],[129.33406,35.66973],[129.3339,35.66943]]]}},{"type":"Feature","id":"TN_RIVER_BNDRY:WTR0100000001NL6W","properties":{"NF_ID":"WTR0100000001NL6W","admin_code":"47130","source_layer":"TN_RIVER_BNDRY","semantic":"zone","river_class":"지방하천","river_class_source":"중심선 공간조인","river_name":"동천","river_code":"2220440","survey_method":"사진측량"},"geometry":{"type":"Polygon","coordinates":[[[129.327,35.67272],[129.32682,35.67295],[129.32692,35.674],[129.32716,35.67401],[129.327,35.67272]]]}},{"type":"Feature","id":"TN_RIVER_BNDRY:WTR0100000001NM8Z","properties":{"NF_ID":"WTR0100000001NM8Z","admin_code":"47130","source_layer":"TN_RIVER_BNDRY","semantic":"zone","river_class":"소하천","river_class_source":"중심선 공간조인","survey_method":"사진측량"},"geometry":{"type":"Polygon","coordinates":[[[129.32729,35.72993],[129.32606,35.72898],[129.32483,35.72771],[129.32346,35.72667],[129.32316,35.72708],[129.32419,35.72773],[129.32653,35.72988],[129.32699,35.73017],[129.32729,35.72993]]]}},{"type":"Feature","id":"TN_RIVER_BNDRY:WTR0100000001NM90","properties":{"NF_ID":"WTR0100000001NM90","admin_code":"47130","source_layer":"TN_RIVER_BNDRY","semantic":"zone","river_class":"소하천","river_class_source":"중심선 공간조인","survey_method":"사진측량"},"geometry":{"type":"Polygon","coordinates":[[[129.32303,35.72662],[129.3216,35.72638],[129.3213,35.72621],[129.31894,35.72372],[129.3177,35.72297],[129.31616,35.72311],[129.31384,35.72266],[129.31321,35.72225],[129.31312,35.72296],[129.31331,35.72305],[129.31461,35.72337],[129.31823,35.72386],[129.31878,35.72423],[129.32031,35.72601],[129.32108,35.7265],[129.3226,35.72697],[129.32303,35.72662]]]}},{"type":"Feature","id":"TN_RIVER_BNDRY:WTR0100000001NMA1","properties":{"NF_ID":"WTR0100000001NMA1","admin_code":"47130","source_layer":"TN_RIVER_BNDRY","semantic":"zone","river_class":"소하천","river_class_source":"중심선 공간조인","survey_method":"사진측량"},"geometry":{"type":"Polygon","coordinates":[[[129.29991,35.73093],[129.2999,35.72661],[129.30123,35.72578],[129.30215,35.72477],[129.30175,35.72498],[129.301,35.72581],[129.29974,35.72654],[129.29975,35.73096],[129.29991,35.73093]]]}},{"type":"Feature","id":"TN_RIVER_BNDRY:WTR0100000001NMB2","properties":{"NF_ID":"WTR0100000001NMB2","admin_code":"47130","source_layer":"TN_RIVER_BNDRY","semantic":"zone","river_class":"지방하천","river_class_source":"중심선 공간조인","river_name":"동천","river_code":"2220440","survey_method":"사진측량"},"geometry":{"type":"Polygon","coordinates":[[[129.30251,35.7249],[129.30258,35.7248],[129.30215,35.72477],[129.302,35.72506],[129.30251,35.7249]]]}},{"type":"Feature","id":"TN_RIVER_BNDRY:WTR0100000001NMC3","properties":{"NF_ID":"WTR0100000001NMC3","admin_code":"47130","source_layer":"TN_RIVER_BNDRY","semantic":"zone","river_class":"지방하천","river_class_source":"중심선 공간조인","river_name":"동천","river_code":"2220440","survey_method":"사진측량"},"geometry":{"type":"Polygon","coordinates":[[[129.30859,35.73692],[129.30712,35.73377],[129.30584,35.73173],[129.30429,35.7285],[129.30278,35.72774],[129.30231,35.7273],[129.30205,35.72654],[129.30251,35.7249],[129.302,35.72506],[129.30163,35.72655],[129.3017,35.72735],[129.30229,35.72783],[129.30414,35.72879],[129.30481,35.73064],[129.30535,35.73116],[129.30824,35.73694],[129.30859,35.73692]]]}},{"type":"Feature","id":"TN_RIVER_BNDRY:WTR0100000001NMD4","properties":{"NF_ID":"WTR0100000001NMD4","admin_code":"47130","source_layer":"TN_RIVER_BNDRY","semantic":"zone","river_class":"소하천","river_class_source":"중심선 공간조인","survey_method":"사진측량"},"geometry":{"type":"Polygon","coordinates":[[[129.32755,35.70825],[129.32723,35.70757],[129.32635,35.70693],[129.32497,35.70516],[129.32367,35.70466],[129.32265,35.70395],[129.32153,35.70354],[129.32147,35.70369],[129.32482,35.70531],[129.32631,35.7071],[129.32713,35.70759],[129.3274,35.7083],[129.32755,35.70825]]]}},{"type":"Feature","id":"TN_RIVER_BNDRY:WTR0100000001NME5","properties":{"NF_ID":"WTR0100000001NME5","admin_code":"47130","source_layer":"TN_RIVER_BNDRY","semantic":"zone","river_class":"소하천","river_class_source":"중심선 공간조인","survey_method":"사진측량"},"geometry":{"type":"Polygon","coordinates":[[[129.30024,35.71993],[129.2997,35.71986],[129.29979,35.72026],[129.30021,35.72032],[129.30024,35.71993]]]}},{"type":"Feature","id":"TN_RIVER_BNDRY:WTR0100000001NMF6","properties":{"NF_ID":"WTR0100000001NMF6","admin_code":"47130","source_layer":"TN_RIVER_BNDRY","semantic":"zone","river_class":"지방하천","river_class_source":"중심선 공간조인","river_name":"동천","river_code":"2220440","survey_method":"사진측량"},"geometry":{"type":"Polygon","coordinates":[[[129.32411,35.69998],[129.3231,35.69989],[129.32072,35.70322],[129.32153,35.70354],[129.32164,35.70254],[129.32245,35.70147],[129.32282,35.70111],[129.32319,35.70099],[129.32357,35.70044],[129.32355,35.7001],[129.32411,35.69998]]]}},{"type":"Feature","id":"TN_RIVER_BNDRY:WTR0100000001NMG7","properties":{"NF_ID":"WTR0100000001NMG7","admin_code":"47130","source_layer":"TN_RIVER_BNDRY","semantic":"zone","river_class":"지방하천","river_class_source":"중심선 공간조인","river_name":"동천","river_code":"2220440","survey_method":"사진측량"},"geometry":{"type":"Polygon","coordinates":[[[129.32457,35.69942],[129.32583,35.69793],[129.32708,35.69726],[129.32615,35.69677],[129.32454,35.69798],[129.32327,35.69966],[129.32457,35.69942]]]}},{"type":"Feature","id":"TN_RIVER_BNDRY:WTR0100000001NMH8","properties":{"NF_ID":"WTR0100000001NMH8","admin_code":"47130","source_layer":"TN_RIVER_BNDRY","semantic":"zone","river_class":"소하천","river_class_source":"중심선 공간조인","survey_method":"사진측량"},"geometry":{"type":"Polygon","coordinates":[[[129.32662,35.69663],[129.32584,35.69637],[129.32514,35.69594],[129.3242,35.69584],[129.3235,35.69559],[129.32353,35.69582],[129.32509,35.69612],[129.32615,35.69677],[129.32662,35.69663]]]}},{"type":"Feature","id":"TN_RIVER_BNDRY:WTR0100000001NMI9","properties":{"NF_ID":"WTR0100000001NMI9","admin_code":"47130","source_layer":"TN_RIVER_BNDRY","semantic":"zone","river_class":"소하천","river_class_source":"중심선 공간조인","survey_method":"사진측량"},"geometry":{"type":"Polygon","coordinates":[[[129.33406,35.66973],[129.3335,35.66973],[129.33324,35.67025],[129.33295,35.67028],[129.33291,35.67067],[129.33293,35.67354],[129.33361,35.6758],[129.33411,35.67699],[129.33474,35.67809],[129.33501,35.67826],[129.33527,35.67908],[129.33605,35.67994],[129.33602,35.68014],[129.33781,35.68198],[129.33907,35.68396],[129.3398,35.68429],[129.33926,35.68307],[129.33758,35.68151],[129.33541,35.67905],[129.33497,35.67809],[129.33506,35.67794],[129.33458,35.67716],[129.33384,35.67474],[129.3334,35.67202],[129.33345,35.67076],[129.33406,35.6703],[129.33343,35.67014],[129.33352,35.66994],[129.33406,35.66973]]]}},{"type":"Feature","id":"TN_RIVER_BNDRY:WTR0100000001NMJA","properties":{"NF_ID":"WTR0100000001NMJA","admin_code":"47130","source_layer":"TN_RIVER_BNDRY","semantic":"zone","river_class":"소하천","river_class_source":"중심선 공간조인","survey_method":"사진측량"},"geometry":{"type":"Polygon","coordinates":[[[129.30115,35.66722],[129.30107,35.66733],[129.30149,35.66781],[129.30325,35.66827],[129.30357,35.66891],[129.30521,35.6707],[129.30646,35.67123],[129.30663,35.67152],[129.30656,35.67225],[129.30681,35.67268],[129.3071,35.67295],[129.30863,35.67362],[129.30892,35.67426],[129.30905,35.67527],[129.30941,35.67566],[129.3094,35.67587],[129.30981,35.67591],[129.30924,35.67519],[129.30916,35.67383],[129.30898,35.67347],[129.30853,35.67315],[129.3079,35.6731],[129.30709,35.67275],[129.3067,35.67222],[129.30679,35.67161],[129.3066,35.67116],[129.30609,35.67092],[129.30561,35.67088],[129.30516,35.6705],[129.30389,35.66905],[129.3035,35.66823],[129.30281,35.66796],[129.30197,35.66786],[129.30115,35.66722]]]}},{"type":"Feature","id":"TN_RIVER_BNDRY:WTR0100000001NMKB","properties":{"NF_ID":"WTR0100000001NMKB","admin_code":"47130","source_layer":"TN_RIVER_BNDRY","semantic":"zone","river_class":"소하천","river_class_source":"중심선 공간조인","survey_method":"사진측량"},"geometry":{"type":"Polygon","coordinates":[[[129.32777,35.67194],[129.32834,35.67163],[129.32724,35.67148],[129.32537,35.67148],[129.3229,35.67183],[129.3228,35.67249],[129.32318,35.67248],[129.32309,35.67223],[129.32325,35.67182],[129.32535,35.67153],[129.32692,35.67154],[129.32708,35.67173],[129.32762,35.6718],[129.32777,35.67194]]]}},{"type":"Feature","id":"TN_RIVER_BNDRY:WTR0100000001NMLC","properties":{"NF_ID":"WTR0100000001NMLC","admin_code":"47130","source_layer":"TN_RIVER_BNDRY","semantic":"zone","river_class":"소하천","river_class_source":"중심선 공간조인","survey_method":"사진측량"},"geometry":{"type":"Polygon","coordinates":[[[129.32484,35.66674],[129.32458,35.66664],[129.32427,35.66673],[129.32406,35.66656],[129.32363,35.66663],[129.32332,35.6662],[129.32325,35.66638],[129.32361,35.66668],[129.32488,35.6668],[129.32566,35.66721],[129.32579,35.66755],[129.32664,35.66785],[129.3271,35.66827],[129.32861,35.66887],[129.32902,35.6689],[129.32941,35.66935],[129.32903,35.66885],[129.32855,35.6688],[129.32714,35.66822],[129.32664,35.6678],[129.32583,35.66751],[129.32564,35.66715],[129.32484,35.66674]]]}},{"type":"Feature","id":"TN_RIVER_BNDRY:WTR0100000001NMNE","properties":{"NF_ID":"WTR0100000001NMNE","admin_code":"47130","source_layer":"TN_RIVER_BNDRY","semantic":"zone","river_class":"소하천","river_class_source":"중심선 공간조인","survey_method":"사진측량"},"geometry":{"type":"Polygon","coordinates":[[[129.3232,35.69983],[129.32327,35.69966],[129.32186,35.70001],[129.31965,35.7014],[129.3186,35.70104],[129.31785,35.7005],[129.31618,35.69996],[129.31556,35.7],[129.31353,35.70059],[129.31545,35.70008],[129.31614,35.70003],[129.31753,35.70044],[129.31855,35.70107],[129.31967,35.70147],[129.32189,35.7001],[129.3232,35.69983]]]}},{"type":"Feature","id":"TN_RIVER_BNDRY:WTR0100000001NMOF","properties":{"NF_ID":"WTR0100000001NMOF","admin_code":"47130","source_layer":"TN_RIVER_BNDRY","semantic":"zone","river_class":"소하천","river_class_source":"중심선 공간조인","survey_method":"사진측량"},"geometry":{"type":"Polygon","coordinates":[[[129.32716,35.67401],[129.32692,35.674],[129.32709,35.67424],[129.32695,35.67549],[129.32706,35.67651],[129.32817,35.67737],[129.32642,35.6789],[129.3257,35.68008],[129.32648,35.67893],[129.32711,35.67853],[129.32828,35.67735],[129.32713,35.67649],[129.32701,35.67544],[129.32716,35.67401]]]}},{"type":"Feature","id":"TN_RIVER_BNDRY:WTR0100000001NN2U","properties":{"NF_ID":"WTR0100000001NN2U","admin_code":"47130","source_layer":"TN_RIVER_BNDRY","semantic":"zone","river_class":"지방하천","river_class_source":"중심선 공간조인","river_name":"수렴천","river_code":"2620570","survey_method":"사진측량"},"geometry":{"type":"Polygon","coordinates":[[[129.42306,35.67104],[129.42286,35.6707],[129.42257,35.67074],[129.4228,35.67112],[129.42306,35.67104]]]}},{"type":"Feature","id":"TN_RIVER_BNDRY:WTR0100000001NN3V","properties":{"NF_ID":"WTR0100000001NN3V","admin_code":"47130","source_layer":"TN_RIVER_BNDRY","semantic":"zone","river_class":"소하천","river_class_source":"중심선 공간조인","survey_method":"사진측량"},"geometry":{"type":"Polygon","coordinates":[[[129.42286,35.6707],[129.42154,35.67002],[129.41999,35.66859],[129.4194,35.66829],[129.4181,35.66801],[129.4175,35.66808],[129.41661,35.66783],[129.41611,35.66785],[129.41527,35.66815],[129.41567,35.66814],[129.41607,35.66791],[129.41678,35.66791],[129.41752,35.66814],[129.41808,35.66805],[129.41935,35.66837],[129.42003,35.66877],[129.42013,35.66902],[129.42177,35.67028],[129.42256,35.67061],[129.42257,35.67074],[129.42286,35.6707]]]}},{"type":"Feature","id":"TN_RIVER_BNDRY:WTR0100000001NN4W","properties":{"NF_ID":"WTR0100000001NN4W","admin_code":"47130","source_layer":"TN_RIVER_BNDRY","semantic":"zone","river_class":"소하천","river_class_source":"중심선 공간조인","survey_method":"사진측량"},"geometry":{"type":"Polygon","coordinates":[[[129.41546,35.6682],[129.41527,35.66815],[129.41518,35.66826],[129.41546,35.6682]]]}},{"type":"Feature","id":"TN_RIVER_BNDRY:WTR0100000001NN5X","properties":{"NF_ID":"WTR0100000001NN5X","admin_code":"47130","source_layer":"TN_RIVER_BNDRY","semantic":"zone","river_class":"소하천","river_class_source":"중심선 공간조인","survey_method":"사진측량"},"geometry":{"type":"Polygon","coordinates":[[[129.4153,35.6683],[129.41518,35.66826],[129.41511,35.66863],[129.41479,35.66885],[129.41407,35.66872],[129.41487,35.66889],[129.4152,35.66866],[129.4153,35.6683]]]}},{"type":"Feature","id":"TN_RIVER_BNDRY:WTR0100000001NN7Z","properties":{"NF_ID":"WTR0100000001NN7Z","admin_code":"47130","source_layer":"TN_RIVER_BNDRY","semantic":"zone","river_class":"소하천","river_class_source":"중심선 공간조인","survey_method":"사진측량"},"geometry":{"type":"Polygon","coordinates":[[[129.41527,35.66815],[129.41522,35.66816],[129.415,35.66821],[129.41501,35.66824],[129.41514,35.66825],[129.41515,35.66825],[129.41517,35.66826],[129.41517,35.66826],[129.41518,35.66826],[129.41527,35.66815]]]}},{"type":"Feature","id":"TN_RIVER_BNDRY:WTR0100000001NN80","properties":{"NF_ID":"WTR0100000001NN80","admin_code":"47130","source_layer":"TN_RIVER_BNDRY","semantic":"zone","river_class":"지방하천","river_class_source":"중심선 공간조인","river_name":"수렴천","river_code":"2620570","survey_method":"사진측량"},"geometry":{"type":"Polygon","coordinates":[[[129.4228,35.67112],[129.42257,35.67074],[129.41767,35.67333],[129.41646,35.67427],[129.41653,35.67461],[129.41823,35.67333],[129.42147,35.67158],[129.4228,35.67112]]]}},{"type":"Feature","id":"TN_RIVER_BNDRY:WTR0100000001NN91","properties":{"NF_ID":"WTR0100000001NN91","admin_code":"47130","source_layer":"TN_RIVER_BNDRY","semantic":"zone","river_class":"지방하천","river_class_source":"중심선 공간조인","river_name":"수렴천","river_code":"2620570","survey_method":"사진측량"},"geometry":{"type":"Polygon","coordinates":[[[129.41653,35.67461],[129.41646,35.67427],[129.41602,35.67472],[129.41609,35.67485],[129.41653,35.67461]]]}},{"type":"Feature","id":"TN_RIVER_BNDRY:WTR0100000001NNA2","properties":{"NF_ID":"WTR0100000001NNA2","admin_code":"47130","source_layer":"TN_RIVER_BNDRY","semantic":"zone","river_class":"지방하천","river_class_source":"중심선 공간조인","river_name":"수렴천","river_code":"2620570","survey_method":"사진측량"},"geometry":{"type":"Polygon","coordinates":[[[129.43668,35.66529],[129.43628,35.66487],[129.43654,35.66532],[129.43668,35.66529]]]}},{"type":"Feature","id":"TN_RIVER_BNDRY:WTR0100000001NNB3","properties":{"NF_ID":"WTR0100000001NNB3","admin_code":"47130","source_layer":"TN_RIVER_BNDRY","semantic":"zone","river_class":"지방하천","river_class_source":"중심선 공간조인","river_name":"수렴천","river_code":"2620570","survey_method":"사진측량"},"geometry":{"type":"Polygon","coordinates":[[[129.43654,35.66532],[129.43628,35.66487],[129.43371,35.66629],[129.43392,35.66672],[129.43502,35.66592],[129.43654,35.66532]]]}},{"type":"Feature","id":"TN_RIVER_BNDRY:WTR0100000001NNC4","properties":{"NF_ID":"WTR0100000001NNC4","admin_code":"47130","source_layer":"TN_RIVER_BNDRY","semantic":"zone","river_class":"소하천","river_class_source":"중심선 공간조인","survey_method":"사진측량"},"geometry":{"type":"Polygon","coordinates":[[[129.43633,35.66485],[129.43534,35.66373],[129.43403,35.66355],[129.43448,35.66375],[129.43533,35.66378],[129.43633,35.66485]]]}},{"type":"Feature","id":"TN_RIVER_BNDRY:WTR0100000001NND5","properties":{"NF_ID":"WTR0100000001NND5","admin_code":"47130","source_layer":"TN_RIVER_BNDRY","semantic":"zone","river_class":"지방하천","river_class_source":"중심선 공간조인","river_name":"수렴천","river_code":"2620570","survey_method":"사진측량"},"geometry":{"type":"Polygon","coordinates":[[[129.43392,35.66672],[129.43371,35.66629],[129.43336,35.66644],[129.43359,35.66682],[129.43392,35.66672]]]}},{"type":"Feature","id":"TN_RIVER_BNDRY:WTR0100000001NOD6","properties":{"NF_ID":"WTR0100000001NOD6","admin_code":"47130","source_layer":"TN_RIVER_BNDRY","semantic":"zone","river_class":"지방하천","river_class_source":"중심선 공간조인","river_name":"수렴천","river_code":"2620570","survey_method":"사진측량"},"geometry":{"type":"Polygon","coordinates":[[[129.43633,35.66485],[129.43668,35.66529],[129.43815,35.665],[129.43823,35.66519],[129.43914,35.66528],[129.44829,35.66376],[129.44964,35.66391],[129.45142,35.66457],[129.45272,35.66482],[129.45379,35.66483],[129.45394,35.66495],[129.45405,35.6648],[129.4545,35.66476],[129.454,35.66471],[129.4534,35.66427],[129.45222,35.66421],[129.4506,35.66386],[129.44874,35.66314],[129.44707,35.66324],[129.44515,35.66389],[129.43985,35.6647],[129.43912,35.66474],[129.4379,35.66451],[129.43633,35.66485]]]}},{"type":"Feature","id":"TN_RIVER_BNDRY:WTR0100000001NOE7","properties":{"NF_ID":"WTR0100000001NOE7","admin_code":"47130","source_layer":"TN_RIVER_BNDRY","semantic":"zone","river_class":"지방하천","river_class_source":"중심선 공간조인","river_name":"수렴천","river_code":"2620570","survey_method":"사진측량"},"geometry":{"type":"Polygon","coordinates":[[[129.43359,35.66682],[129.43336,35.66644],[129.42819,35.66856],[129.42663,35.66954],[129.42429,35.67044],[129.42313,35.67053],[129.42286,35.6707],[129.42306,35.67104],[129.42577,35.67024],[129.42891,35.66866],[129.43359,35.66682]]]}},{"type":"Feature","id":"TN_RIVER_BNDRY:WTR0100000001NOTM","properties":{"NF_ID":"WTR0100000001NOTM","admin_code":"47130","source_layer":"TN_RIVER_BNDRY","semantic":"zone","river_class":"소하천","river_class_source":"중심선 공간조인","survey_method":"사진측량"},"geometry":{"type":"Polygon","coordinates":[[[129.32303,35.72662],[129.32346,35.72667],[129.32342,35.72655],[129.32457,35.72584],[129.325,35.72573],[129.3267,35.72603],[129.32786,35.72607],[129.32987,35.72545],[129.33138,35.72567],[129.33169,35.7262],[129.33215,35.72628],[129.33239,35.72614],[129.33261,35.72554],[129.33337,35.7253],[129.33359,35.7247],[129.33338,35.72442],[129.33304,35.72434],[129.33226,35.7246],[129.33222,35.72492],[129.33253,35.7257],[129.33215,35.72622],[129.33179,35.7261],[129.33151,35.72554],[129.33002,35.72534],[129.32821,35.72592],[129.3272,35.72602],[129.32522,35.72564],[129.32443,35.72568],[129.32303,35.72662]]]}},{"type":"Feature","id":"TN_RIVER_BNDRY:WTR0100000001NOUN","properties":{"NF_ID":"WTR0100000001NOUN","admin_code":"47130","source_layer":"TN_RIVER_BNDRY","semantic":"zone","river_class":"소하천","river_class_source":"중심선 공간조인","survey_method":"사진측량"},"geometry":{"type":"Polygon","coordinates":[[[129.29353,35.67225],[129.29337,35.67218],[129.29221,35.67274],[129.29036,35.6732],[129.29,35.67352],[129.28974,35.67448],[129.28936,35.67493],[129.28952,35.67782],[129.28991,35.6796],[129.29028,35.6804],[129.28997,35.68134],[129.29009,35.68196],[129.28946,35.68311],[129.28682,35.68321],[129.28645,35.6835],[129.28633,35.68402],[129.28601,35.68416],[129.28567,35.68386],[129.28512,35.68425],[129.28509,35.68451],[129.28535,35.6846],[129.28541,35.68435],[129.2858,35.6844],[129.28638,35.6841],[129.28656,35.68391],[129.28655,35.68355],[129.28705,35.68323],[129.28952,35.68316],[129.28963,35.68281],[129.29046,35.68201],[129.29061,35.68174],[129.2904,35.68123],[129.29048,35.68043],[129.29002,35.67961],[129.28965,35.67788],[129.28949,35.67504],[129.29012,35.67361],[129.2905,35.67327],[129.29217,35.67284],[129.29353,35.67225]]]}},{"type":"Feature","id":"TN_RIVER_BNDRY:WTR0100000001NOVO","properties":{"NF_ID":"WTR0100000001NOVO","admin_code":"47130","source_layer":"TN_RIVER_BNDRY","semantic":"zone","river_class":"소하천","river_class_source":"중심선 공간조인","survey_method":"사진측량"},"geometry":{"type":"Polygon","coordinates":[[[129.25254,35.71793],[129.25238,35.71796],[129.25409,35.71905],[129.25448,35.7196],[129.25418,35.72071],[129.25465,35.72157],[129.25451,35.7219],[129.25467,35.72222],[129.25456,35.72293],[129.25494,35.72403],[129.25481,35.7243],[129.25492,35.72491],[129.25516,35.72516],[129.25481,35.72544],[129.25521,35.72513],[129.25497,35.72492],[129.25485,35.72432],[129.25499,35.72404],[129.25459,35.72289],[129.25472,35.72218],[129.25455,35.7219],[129.2547,35.72155],[129.25422,35.72069],[129.25462,35.7196],[129.25419,35.71905],[129.25254,35.71793]]]}},{"type":"Feature","id":"TN_RIVER_BNDRY:WTR0100000001NOWP","properties":{"NF_ID":"WTR0100000001NOWP","admin_code":"47130","source_layer":"TN_RIVER_BNDRY","semantic":"zone","river_class":"소하천","river_class_source":"중심선 공간조인","survey_method":"사진측량"},"geometry":{"type":"Polygon","coordinates":[[[129.28032,35.72837],[129.27943,35.72792],[129.27892,35.72714],[129.27844,35.72699],[129.27757,35.72721],[129.27639,35.72802],[129.27582,35.72884],[129.27573,35.72929],[129.27518,35.72969],[129.27473,35.72964],[129.27444,35.72943],[129.27416,35.72954],[129.27205,35.72956],[129.27045,35.72905],[129.27199,35.72961],[129.27443,35.72955],[129.2747,35.72975],[129.27516,35.72977],[129.27583,35.72933],[129.27596,35.7288],[129.27646,35.72809],[129.27764,35.72731],[129.27842,35.72713],[129.27884,35.72726],[129.2793,35.72799],[129.28032,35.72837]]]}},{"type":"Feature","id":"TN_RIVER_BNDRY:WTR0100000001NOXQ","properties":{"NF_ID":"WTR0100000001NOXQ","admin_code":"47130","source_layer":"TN_RIVER_BNDRY","semantic":"zone","river_class":"지방하천","river_class_source":"중심선 공간조인","river_name":"명계천","survey_method":"사진측량"},"geometry":{"type":"Polygon","coordinates":[[[129.27035,35.71237],[129.27021,35.71224],[129.26948,35.71354],[129.2692,35.71375],[129.26671,35.71388],[129.26638,35.71374],[129.2663,35.71348],[129.26573,35.71302],[129.26542,35.71295],[129.26462,35.71334],[129.26351,35.71337],[129.26279,35.71391],[129.26172,35.7142],[129.25952,35.71423],[129.2582,35.71449],[129.25775,35.71467],[129.25636,35.71585],[129.25645,35.71596],[129.25802,35.71473],[129.25882,35.71447],[129.25959,35.7143],[129.2621,35.71418],[129.26295,35.71392],[129.26357,35.71343],[129.2646,35.71345],[129.26547,35.713],[129.26577,35.71312],[129.26629,35.71377],[129.26671,35.71401],[129.26923,35.71389],[129.26957,35.71368],[129.27035,35.71237]]]}},{"type":"Feature","id":"TN_RIVER_BNDRY:WTR0100000001NOYR","properties":{"NF_ID":"WTR0100000001NOYR","admin_code":"47130","source_layer":"TN_RIVER_BNDRY","semantic":"zone","river_class":"소하천","river_class_source":"중심선 공간조인","survey_method":"사진측량"},"geometry":{"type":"Polygon","coordinates":[[[129.25636,35.71585],[129.25593,35.7155],[129.25577,35.71491],[129.25641,35.71353],[129.25612,35.71259],[129.2557,35.71238],[129.25583,35.71209],[129.25574,35.71174],[129.25532,35.71162],[129.25518,35.71176],[129.25528,35.71202],[129.25536,35.71214],[129.25569,35.71199],[129.25563,35.71237],[129.25609,35.71262],[129.25637,35.71354],[129.25581,35.71442],[129.25572,35.7151],[129.2559,35.71555],[129.25636,35.71585]]]}},{"type":"Feature","id":"TN_RIVER_BNDRY:WTR0100000001NOZS","properties":{"NF_ID":"WTR0100000001NOZS","admin_code":"47130","source_layer":"TN_RIVER_BNDRY","semantic":"zone","river_class":"지방하천","river_class_source":"중심선 공간조인","river_name":"명계천","survey_method":"사진측량"},"geometry":{"type":"Polygon","coordinates":[[[129.27155,35.70233],[129.27266,35.70139],[129.27159,35.70207],[129.27155,35.70233]]]}},{"type":"Feature","id":"TN_RIVER_BNDRY:WTR0100000001NP0U","properties":{"NF_ID":"WTR0100000001NP0U","admin_code":"47130","source_layer":"TN_RIVER_BNDRY","semantic":"zone","river_class":"소하천","river_class_source":"중심선 공간조인","survey_method":"사진측량"},"geometry":{"type":"Polygon","coordinates":[[[129.27026,35.71202],[129.2698,35.71159],[129.27001,35.71103],[129.26917,35.71015],[129.26911,35.70965],[129.26853,35.70931],[129.26828,35.70866],[129.26801,35.70852],[129.26766,35.70868],[129.26766,35.7084],[129.26744,35.70816],[129.26694,35.70819],[129.26722,35.70816],[129.26745,35.7083],[129.26755,35.70867],[129.26824,35.7087],[129.26843,35.70933],[129.2691,35.70972],[129.2691,35.71017],[129.26997,35.71108],[129.26969,35.71165],[129.27021,35.71224],[129.27026,35.71202]]]}},{"type":"Feature","id":"TN_RIVER_BNDRY:WTR0100000001NP1V","properties":{"NF_ID":"WTR0100000001NP1V","admin_code":"47130","source_layer":"TN_RIVER_BNDRY","semantic":"zone","river_class":"지방하천","river_class_source":"중심선 공간조인","river_name":"명계천","survey_method":"사진측량"},"geometry":{"type":"Polygon","coordinates":[[[129.27042,35.7122],[129.27026,35.71202],[129.27021,35.71224],[129.27035,35.71237],[129.27042,35.7122]]]}},{"type":"Feature","id":"TN_RIVER_BNDRY:WTR0100000001NP2W","properties":{"NF_ID":"WTR0100000001NP2W","admin_code":"47130","source_layer":"TN_RIVER_BNDRY","semantic":"zone","river_class":"지방하천","river_class_source":"중심선 공간조인","river_name":"명계천","survey_method":"사진측량"},"geometry":{"type":"Polygon","coordinates":[[[129.27134,35.70383],[129.27128,35.70415],[129.27169,35.7045],[129.27141,35.70508],[129.27195,35.70576],[129.27193,35.70662],[129.27222,35.70722],[129.27213,35.70772],[129.27227,35.70835],[129.27173,35.70916],[129.27194,35.70956],[129.27169,35.71016],[129.27063,35.71097],[129.27037,35.71207],[129.27026,35.71202],[129.27042,35.7122],[129.27073,35.71095],[129.2719,35.70998],[129.27207,35.70951],[129.27186,35.70916],[129.27233,35.70854],[129.27236,35.70732],[129.27206,35.70678],[129.27206,35.70567],[129.27162,35.70502],[129.27182,35.7045],[129.27136,35.70407],[129.27134,35.70383]]]}},{"type":"Feature","id":"TN_RIVER_BNDRY:WTR0100000001NP3X","properties":{"NF_ID":"WTR0100000001NP3X","admin_code":"47130","source_layer":"TN_RIVER_BNDRY","semantic":"zone","river_class":"지방하천","river_class_source":"중심선 공간조인","river_name":"명계천","survey_method":"사진측량"},"geometry":{"type":"Polygon","coordinates":[[[129.25254,35.71793],[129.2524,35.71782],[129.25219,35.7179],[129.25254,35.71793]]]}},{"type":"Feature","id":"TN_RIVER_BNDRY:WTR0100000001NP4Y","properties":{"NF_ID":"WTR0100000001NP4Y","admin_code":"47130","source_layer":"TN_RIVER_BNDRY","semantic":"zone","river_class":"지방하천","river_class_source":"중심선 공간조인","river_name":"명계천","survey_method":"사진측량"},"geometry":{"type":"Polygon","coordinates":[[[129.25639,35.71599],[129.25628,35.71591],[129.2548,35.71656],[129.2524,35.71782],[129.25254,35.71793],[129.25334,35.71759],[129.25639,35.71599]]]}},{"type":"Feature","id":"TN_RIVER_BNDRY:WTR0100000001NP5Z","properties":{"NF_ID":"WTR0100000001NP5Z","admin_code":"47130","source_layer":"TN_RIVER_BNDRY","semantic":"zone","river_class":"지방하천","river_class_source":"중심선 공간조인","river_name":"명계천","survey_method":"사진측량"},"geometry":{"type":"Polygon","coordinates":[[[129.25645,35.71596],[129.25636,35.71585],[129.25628,35.71591],[129.25639,35.71599],[129.25645,35.71596]]]}},{"type":"Feature","id":"TN_RIVER_BNDRY:WTR0100000001NP60","properties":{"NF_ID":"WTR0100000001NP60","admin_code":"47130","source_layer":"TN_RIVER_BNDRY","semantic":"zone","river_class":"지방하천","river_class_source":"중심선 공간조인","river_name":"명계천","survey_method":"사진측량"},"geometry":{"type":"Polygon","coordinates":[[[129.25238,35.71796],[129.25219,35.7179],[129.25103,35.7183],[129.25011,35.71909],[129.25024,35.72116],[129.25067,35.7213],[129.25088,35.72087],[129.25043,35.72014],[129.25078,35.71971],[129.2505,35.71936],[129.25113,35.71906],[129.25107,35.71887],[129.25134,35.71873],[129.2515,35.71837],[129.25238,35.71796]]]}},{"type":"Feature","id":"TN_RIVER_BNDRY:WTR0100000001NP71","properties":{"NF_ID":"WTR0100000001NP71","admin_code":"47130","source_layer":"TN_RIVER_BNDRY","semantic":"zone","river_class":"지방하천","river_class_source":"중심선 공간조인","river_name":"명계천","survey_method":"사진측량"},"geometry":{"type":"Polygon","coordinates":[[[129.27155,35.70233],[129.27137,35.70265],[129.27149,35.70318],[129.27121,35.70377],[129.27198,35.70388],[129.27213,35.70382],[129.27208,35.70307],[129.27155,35.70233]]]}},{"type":"Feature","id":"TN_RIVER_BNDRY:WTR0100000001NP82","properties":{"NF_ID":"WTR0100000001NP82","admin_code":"47130","source_layer":"TN_RIVER_BNDRY","semantic":"zone","river_class":"지방하천","river_class_source":"중심선 공간조인","river_name":"원동천","river_code":"2120130","survey_method":"사진측량"},"geometry":{"type":"Polygon","coordinates":[[[129.28077,35.72701],[129.27991,35.72687],[129.27853,35.72612],[129.27739,35.72587],[129.2761,35.72532],[129.27714,35.72589],[129.27839,35.72618],[129.27996,35.72701],[129.2807,35.72713],[129.28077,35.72701]]]}},{"type":"Feature","id":"TN_RIVER_BNDRY:WTR0100000001NP93","properties":{"NF_ID":"WTR0100000001NP93","admin_code":"47130","source_layer":"TN_RIVER_BNDRY","semantic":"zone","river_class":"지방하천","river_class_source":"중심선 공간조인","river_name":"원동천","river_code":"2120130","survey_method":"사진측량"},"geometry":{"type":"Polygon","coordinates":[[[129.28086,35.72714],[129.2807,35.72713],[129.28034,35.72829],[129.28056,35.72833],[129.28086,35.72714]]]}},{"type":"Feature","id":"TN_RIVER_BNDRY:WTR0100000001NPA4","properties":{"NF_ID":"WTR0100000001NPA4","admin_code":"47130","source_layer":"TN_RIVER_BNDRY","semantic":"zone","river_class":"지방하천","river_class_source":"중심선 공간조인","river_name":"원동천","river_code":"2120130","survey_method":"사진측량"},"geometry":{"type":"Polygon","coordinates":[[[129.28056,35.72833],[129.28034,35.72829],[129.28032,35.72837],[129.28055,35.7284],[129.28055,35.72835],[129.28056,35.72833]]]}},{"type":"Feature","id":"TN_RIVER_BNDRY:WTR0100000001NPB5","properties":{"NF_ID":"WTR0100000001NPB5","admin_code":"47130","source_layer":"TN_RIVER_BNDRY","semantic":"zone","river_class":"소하천","river_class_source":"중심선 공간조인","survey_method":"사진측량"},"geometry":{"type":"Polygon","coordinates":[[[129.28077,35.72701],[129.28089,35.72706],[129.28101,35.72678],[129.28077,35.72701]]]}},{"type":"Feature","id":"TN_RIVER_BNDRY:WTR0100000001NPC6","properties":{"NF_ID":"WTR0100000001NPC6","admin_code":"47130","source_layer":"TN_RIVER_BNDRY","semantic":"zone","river_class":"지방하천","river_class_source":"중심선 공간조인","river_name":"원동천","river_code":"2120130","survey_method":"사진측량"},"geometry":{"type":"Polygon","coordinates":[[[129.28089,35.72706],[129.28077,35.72701],[129.2807,35.72713],[129.28089,35.72706]]]}},{"type":"Feature","id":"TN_RIVER_BNDRY:WTR0100000001NPD7","properties":{"NF_ID":"WTR0100000001NPD7","admin_code":"47130","source_layer":"TN_RIVER_BNDRY","semantic":"zone","river_class":"소하천","river_class_source":"중심선 공간조인","survey_method":"사진측량"},"geometry":{"type":"Polygon","coordinates":[[[129.2855,35.74748],[129.28317,35.74457],[129.28173,35.74383],[129.28239,35.74229],[129.28229,35.7414],[129.2819,35.74111],[129.28029,35.74113],[129.28055,35.74124],[129.28183,35.74116],[129.28216,35.74136],[129.28226,35.74244],[129.28157,35.74389],[129.28306,35.74461],[129.28541,35.74762],[129.2855,35.74748]]]}},{"type":"Feature","id":"TN_RIVER_BNDRY:WTR0100000001NPE8","properties":{"NF_ID":"WTR0100000001NPE8","admin_code":"47130","source_layer":"TN_RIVER_BNDRY","semantic":"zone","river_class":"소하천","river_class_source":"중심선 공간조인","survey_method":"사진측량"},"geometry":{"type":"Polygon","coordinates":[[[129.28804,35.7442],[129.28505,35.74045],[129.28792,35.74422],[129.28804,35.7442]]]}},{"type":"Feature","id":"TN_RIVER_BNDRY:WTR0100000001NPF9","properties":{"NF_ID":"WTR0100000001NPF9","admin_code":"47130","source_layer":"TN_RIVER_BNDRY","semantic":"zone","river_class":"지방하천","river_class_source":"중심선 공간조인","river_name":"원동천","river_code":"2120130","survey_method":"사진측량"},"geometry":{"type":"Polygon","coordinates":[[[129.2882,35.74462],[129.28795,35.74426],[129.28675,35.74523],[129.2855,35.74748],[129.28593,35.74777],[129.28743,35.74535],[129.2882,35.74462]]]}},{"type":"Feature","id":"TN_RIVER_BNDRY:WTR0100000001NPGA","properties":{"NF_ID":"WTR0100000001NPGA","admin_code":"47130","source_layer":"TN_RIVER_BNDRY","semantic":"zone","river_class":"지방하천","river_class_source":"중심선 공간조인","river_name":"원동천","river_code":"2120130","survey_method":"사진측량"},"geometry":{"type":"Polygon","coordinates":[[[129.28593,35.74777],[129.2855,35.74748],[129.28541,35.74762],[129.28581,35.74801],[129.28593,35.74777]]]}},{"type":"Feature","id":"TN_RIVER_BNDRY:WTR0100000001NPNH","properties":{"NF_ID":"WTR0100000001NPNH","admin_code":"47130","source_layer":"TN_RIVER_BNDRY","semantic":"zone","river_class":"소하천","river_class_source":"중심선 공간조인","survey_method":"사진측량"},"geometry":{"type":"Polygon","coordinates":[[[129.42142,35.69822],[129.42122,35.69815],[129.42129,35.69869],[129.42142,35.69822]]]}},{"type":"Feature","id":"TN_RIVER_BNDRY:WTR0100000001NPOI","properties":{"NF_ID":"WTR0100000001NPOI","admin_code":"47130","source_layer":"TN_RIVER_BNDRY","semantic":"zone","river_class":"소하천","river_class_source":"중심선 공간조인","survey_method":"사진측량"},"geometry":{"type":"Polygon","coordinates":[[[129.42212,35.69904],[129.42149,35.69889],[129.42142,35.69822],[129.42129,35.69869],[129.42143,35.69941],[129.42212,35.69904]]]}},{"type":"Feature","id":"TN_RIVER_BNDRY:WTR0100000001NPPJ","properties":{"NF_ID":"WTR0100000001NPPJ","admin_code":"47130","source_layer":"TN_RIVER_BNDRY","semantic":"zone","river_class":"소하천","river_class_source":"중심선 공간조인","survey_method":"사진측량"},"geometry":{"type":"Polygon","coordinates":[[[129.42122,35.69815],[129.42142,35.69822],[129.42132,35.69787],[129.42075,35.69753],[129.42008,35.69676],[129.42069,35.69755],[129.42129,35.6979],[129.42122,35.69815]]]}},{"type":"Feature","id":"TN_RIVER_BNDRY:WTR0100000001NPQK","properties":{"NF_ID":"WTR0100000001NPQK","admin_code":"47130","source_layer":"TN_RIVER_BNDRY","semantic":"zone","river_class":"지방하천","river_class_source":"중심선 공간조인","river_name":"하서천","river_code":"2620560","survey_method":"사진측량"},"geometry":{"type":"Polygon","coordinates":[[[129.42248,35.69933],[129.42212,35.69904],[129.42143,35.69941],[129.42182,35.69976],[129.42248,35.69933]]]}},{"type":"Feature","id":"TN_RIVER_BNDRY:WTR0100000001NPRL","properties":{"NF_ID":"WTR0100000001NPRL","admin_code":"47130","source_layer":"TN_RIVER_BNDRY","semantic":"zone","river_class":"소하천","river_class_source":"중심선 공간조인","survey_method":"사진측량"},"geometry":{"type":"Polygon","coordinates":[[[129.42819,35.68019],[129.42815,35.68019],[129.42813,35.68019],[129.42813,35.68025],[129.42819,35.68025],[129.42819,35.68019]]]}},{"type":"Feature","id":"TN_RIVER_BNDRY:WTR0100000001NPSM","properties":{"NF_ID":"WTR0100000001NPSM","admin_code":"47130","source_layer":"TN_RIVER_BNDRY","semantic":"zone","river_class":"소하천","river_class_source":"중심선 공간조인","survey_method":"사진측량"},"geometry":{"type":"Polygon","coordinates":[[[129.42819,35.68025],[129.42803,35.68087],[129.4285,35.68145],[129.42813,35.68185],[129.42817,35.68217],[129.42794,35.68248],[129.42797,35.68272],[129.42828,35.68289],[129.42814,35.68269],[129.42821,35.68185],[129.42854,35.6815],[129.42848,35.68122],[129.42808,35.68088],[129.42819,35.68025]]]}},{"type":"Feature","id":"TN_RIVER_BNDRY:WTR0100000001NPTN","properties":{"NF_ID":"WTR0100000001NPTN","admin_code":"47130","source_layer":"TN_RIVER_BNDRY","semantic":"zone","river_class":"지방하천","river_class_source":"중심선 공간조인","river_name":"하서천","river_code":"2620560","survey_method":"사진측량"},"geometry":{"type":"Polygon","coordinates":[[[129.44196,35.69809],[129.44183,35.69748],[129.44169,35.69752],[129.44196,35.69809]]]}},{"type":"Feature","id":"TN_RIVER_BNDRY:WTR0100000001NPUO","properties":{"NF_ID":"WTR0100000001NPUO","admin_code":"47130","source_layer":"TN_RIVER_BNDRY","semantic":"zone","river_class":"소하천","river_class_source":"중심선 공간조인","survey_method":"사진측량"},"geometry":{"type":"Polygon","coordinates":[[[129.44031,35.67889],[129.44007,35.67872],[129.44054,35.67812],[129.44119,35.67777],[129.44139,35.67727],[129.44184,35.67697],[129.44144,35.67717],[129.44113,35.67778],[129.4405,35.67809],[129.44044,35.67834],[129.43997,35.67876],[129.4398,35.67928],[129.43997,35.67945],[129.4404,35.67903],[129.44031,35.67889]]]}},{"type":"Feature","id":"TN_RIVER_BNDRY:WTR0100000001NPVP","properties":{"NF_ID":"WTR0100000001NPVP","admin_code":"47130","source_layer":"TN_RIVER_BNDRY","semantic":"zone","river_class":"소하천","river_class_source":"중심선 공간조인","survey_method":"사진측량"},"geometry":{"type":"Polygon","coordinates":[[[129.44797,35.67805],[129.4487,35.67719],[129.45002,35.6772],[129.45094,35.67749],[129.45169,35.67718],[129.45252,35.67722],[129.45297,35.67675],[129.45356,35.67681],[129.45296,35.67673],[129.45245,35.67722],[129.45161,35.67717],[129.45075,35.67748],[129.45028,35.67722],[129.44868,35.67716],[129.44813,35.67775],[129.44776,35.6776],[129.44712,35.67797],[129.44767,35.67814],[129.44797,35.67805]]]}},{"type":"Feature","id":"TN_RIVER_BNDRY:WTR0100000001NPWQ","properties":{"NF_ID":"WTR0100000001NPWQ","admin_code":"47130","source_layer":"TN_RIVER_BNDRY","semantic":"zone","river_class":"소하천","river_class_source":"중심선 공간조인","survey_method":"사진측량"},"geometry":{"type":"Polygon","coordinates":[[[129.45432,35.68626],[129.45432,35.68621],[129.45408,35.68625],[129.45386,35.68628],[129.45368,35.6863],[129.45358,35.68631],[129.4535,35.68632],[129.4535,35.68633],[129.45363,35.68633],[129.45384,35.68631],[129.45404,35.68629],[129.45432,35.68626]]]}},{"type":"Feature","id":"TN_RIVER_BNDRY:WTR0100000001NPXR","properties":{"NF_ID":"WTR0100000001NPXR","admin_code":"47130","source_layer":"TN_RIVER_BNDRY","semantic":"zone","river_class":"소하천","river_class_source":"중심선 공간조인","survey_method":"사진측량"},"geometry":{"type":"Polygon","coordinates":[[[129.45842,35.68081],[129.45839,35.6808],[129.45833,35.68077],[129.45825,35.68073],[129.45813,35.68067],[129.45795,35.68058],[129.45776,35.68047],[129.45775,35.68046],[129.45773,35.68046],[129.45773,35.68046],[129.45773,35.68047],[129.45774,35.6805],[129.45774,35.6805],[129.45776,35.68052],[129.45787,35.68059],[129.45808,35.68071],[129.45827,35.68079],[129.45838,35.68084],[129.45842,35.68081]]]}},{"type":"Feature","id":"TN_RIVER_BNDRY:WTR0100000001NPYS","properties":{"NF_ID":"WTR0100000001NPYS","admin_code":"47130","source_layer":"TN_RIVER_BNDRY","semantic":"zone","river_class":"지방하천","river_class_source":"중심선 공간조인","river_name":"하서천","river_code":"2620560","survey_method":"사진측량"},"geometry":{"type":"Polygon","coordinates":[[[129.45546,35.68615],[129.45546,35.68602],[129.45432,35.68626],[129.45546,35.68615]]]}},{"type":"Feature","id":"TN_RIVER_BNDRY:WTR0100000001NPZT","properties":{"NF_ID":"WTR0100000001NPZT","admin_code":"47130","source_layer":"TN_RIVER_BNDRY","semantic":"zone","river_class":"지방하천","river_class_source":"중심선 공간조인","river_name":"하서천","river_code":"2620560","survey_method":"사진측량"},"geometry":{"type":"Polygon","coordinates":[[[129.45546,35.68602],[129.4556,35.68537],[129.45637,35.68417],[129.45806,35.68238],[129.4594,35.68137],[129.45838,35.68084],[129.45675,35.68225],[129.45452,35.68485],[129.45432,35.68621],[129.45546,35.68602]]]}},{"type":"Feature","id":"TN_RIVER_BNDRY:WTR0100000001NQ0V","properties":{"NF_ID":"WTR0100000001NQ0V","admin_code":"47130","source_layer":"TN_RIVER_BNDRY","semantic":"zone","river_class":"지방하천","river_class_source":"중심선 공간조인","river_name":"하서천","river_code":"2620560","survey_method":"사진측량"},"geometry":{"type":"Polygon","coordinates":[[[129.45957,35.68123],[129.45838,35.68084],[129.4594,35.68137],[129.45957,35.68123]]]}},{"type":"Feature","id":"TN_RIVER_BNDRY:WTR0100000001NQ1W","properties":{"NF_ID":"WTR0100000001NQ1W","admin_code":"47130","source_layer":"TN_RIVER_BNDRY","semantic":"zone","river_class":"지방하천","river_class_source":"중심선 공간조인","river_name":"하서천","river_code":"2620560","survey_method":"사진측량"},"geometry":{"type":"Polygon","coordinates":[[[129.45842,35.68081],[129.45957,35.68123],[129.46276,35.67871],[129.46446,35.67798],[129.46444,35.67777],[129.46461,35.67769],[129.46436,35.67759],[129.46437,35.67745],[129.4651,35.67757],[129.46498,35.67725],[129.46454,35.67679],[129.46243,35.67809],[129.46215,35.67803],[129.45842,35.68081]]]}},{"type":"Feature","id":"TN_RIVER_BNDRY:WTR0100000001NQ2X","properties":{"NF_ID":"WTR0100000001NQ2X","admin_code":"47130","source_layer":"TN_RIVER_BNDRY","semantic":"zone","river_class":"지방하천","river_class_source":"중심선 공간조인","river_name":"하서천","river_code":"2620560","survey_method":"사진측량"},"geometry":{"type":"Polygon","coordinates":[[[129.45546,35.68615],[129.45432,35.68626],[129.45474,35.68856],[129.45403,35.68998],[129.45316,35.6911],[129.45055,35.69312],[129.44742,35.69412],[129.44314,35.69685],[129.44183,35.69748],[129.44196,35.69809],[129.44339,35.69754],[129.44717,35.69539],[129.44718,35.69518],[129.44745,35.69522],[129.44911,35.69429],[129.45271,35.69335],[129.45279,35.69291],[129.45342,35.69205],[129.45455,35.69082],[129.45516,35.6904],[129.45548,35.68981],[129.45576,35.68895],[129.45546,35.68615]]]}},{"type":"Feature","id":"TN_RIVER_BNDRY:WTR0100000001NQ3Y","properties":{"NF_ID":"WTR0100000001NQ3Y","admin_code":"47130","source_layer":"TN_RIVER_BNDRY","semantic":"zone","river_class":"소하천","river_class_source":"중심선 공간조인","survey_method":"사진측량"},"geometry":{"type":"Polygon","coordinates":[[[129.42813,35.68025],[129.42767,35.6802],[129.42742,35.68095],[129.42722,35.68107],[129.42591,35.68002],[129.4257,35.68005],[129.42543,35.68053],[129.42493,35.68032],[129.42461,35.68059],[129.42494,35.68037],[129.42548,35.68057],[129.42583,35.68007],[129.42719,35.68109],[129.42758,35.68078],[129.42769,35.68024],[129.42813,35.68025]]]}},{"type":"Feature","id":"TN_RIVER_BNDRY:WTR0100000001NQ4Z","properties":{"NF_ID":"WTR0100000001NQ4Z","admin_code":"47130","source_layer":"TN_RIVER_BNDRY","semantic":"zone","river_class":"지방하천","river_class_source":"중심선 공간조인","river_name":"하서천","river_code":"2620560","survey_method":"사진측량"},"geometry":{"type":"Polygon","coordinates":[[[129.44194,35.69812],[129.44169,35.69752],[129.44037,35.69765],[129.43858,35.69746],[129.43836,35.69763],[129.43743,35.69766],[129.43576,35.69746],[129.43333,35.69631],[129.43289,35.6959],[129.43302,35.6959],[129.43106,35.69473],[129.43057,35.6943],[129.43073,35.69392],[129.43022,35.6934],[129.42847,35.6932],[129.42741,35.69352],[129.42586,35.69479],[129.4246,35.69658],[129.42416,35.69689],[129.4232,35.69819],[129.42212,35.69904],[129.42248,35.69933],[129.42332,35.69877],[129.42541,35.69653],[129.42783,35.69467],[129.42833,35.69453],[129.42921,35.69452],[129.42997,35.69469],[129.43093,35.69568],[129.43257,35.69686],[129.43406,35.69756],[129.43684,35.69853],[129.43766,35.69859],[129.43872,35.69826],[129.44058,35.69846],[129.44194,35.69812]]]}},{"type":"Feature","id":"TN_RIVER_BNDRY:WTR0100000001NQ50","properties":{"NF_ID":"WTR0100000001NQ50","admin_code":"47130","source_layer":"TN_RIVER_BNDRY","semantic":"zone","river_class":"소하천","river_class_source":"중심선 공간조인","survey_method":"사진측량"},"geometry":{"type":"Polygon","coordinates":[[[129.44196,35.69809],[129.44194,35.69812],[129.44197,35.69813],[129.44197,35.69814],[129.44198,35.69815],[129.44199,35.69816],[129.44199,35.69817],[129.44199,35.69817],[129.44199,35.69818],[129.44199,35.6982],[129.442,35.69823],[129.44203,35.69826],[129.44206,35.6983],[129.44209,35.69835],[129.4421,35.69836],[129.44211,35.69837],[129.44212,35.69838],[129.44213,35.69839],[129.44213,35.69841],[129.44213,35.69841],[129.44214,35.69843],[129.44215,35.69848],[129.44217,35.69852],[129.44215,35.69837],[129.44214,35.69836],[129.44213,35.69832],[129.44211,35.69829],[129.44208,35.69825],[129.44206,35.69823],[129.44204,35.69821],[129.44203,35.69818],[129.44202,35.69816],[129.442,35.69813],[129.442,35.69813],[129.44199,35.69812],[129.44198,35.69811],[129.44197,35.6981],[129.44196,35.69809]]]}},{"type":"Feature","id":"TN_RIVER_BNDRY:WTR0100000001NQ61","properties":{"NF_ID":"WTR0100000001NQ61","admin_code":"47130","source_layer":"TN_RIVER_BNDRY","semantic":"zone","river_class":"소하천","river_class_source":"중심선 공간조인","survey_method":"사진측량"},"geometry":{"type":"Polygon","coordinates":[[[129.42122,35.69815],[129.41817,35.69727],[129.41757,35.69742],[129.41643,35.69841],[129.41573,35.69852],[129.41507,35.69822],[129.41407,35.69721],[129.4131,35.69682],[129.41205,35.69712],[129.41149,35.69792],[129.41122,35.69801],[129.41063,35.69779],[129.41018,35.69741],[129.40804,35.69787],[129.40719,35.69759],[129.40609,35.6975],[129.40649,35.69832],[129.40706,35.69818],[129.40704,35.69765],[129.40802,35.69797],[129.41021,35.69754],[129.41074,35.69813],[129.41129,35.69821],[129.41181,35.69784],[129.41223,35.69725],[129.41296,35.69701],[129.41369,35.69715],[129.415,35.69835],[129.4157,35.69858],[129.41667,35.69835],[129.41731,35.69778],[129.41813,35.69742],[129.42072,35.69809],[129.42123,35.69856],[129.42122,35.69815]]]}},{"type":"Feature","id":"TN_RIVER_BNDRY:WTR0100000001NQ72","properties":{"NF_ID":"WTR0100000001NQ72","admin_code":"47130","source_layer":"TN_RIVER_BNDRY","semantic":"zone","river_class":"소하천","river_class_source":"중심선 공간조인","survey_method":"사진측량"},"geometry":{"type":"Polygon","coordinates":[[[129.40609,35.6975],[129.4052,35.69696],[129.40472,35.69712],[129.4043,35.69687],[129.40401,35.69689],[129.40481,35.69729],[129.40526,35.69711],[129.40563,35.69791],[129.40609,35.6975]]]}},{"type":"Feature","id":"TN_RIVER_BNDRY:WTR0100000001NQ83","properties":{"NF_ID":"WTR0100000001NQ83","admin_code":"47130","source_layer":"TN_RIVER_BNDRY","semantic":"zone","river_class":"소하천","river_class_source":"중심선 공간조인","survey_method":"사진측량"},"geometry":{"type":"Polygon","coordinates":[[[129.40649,35.69832],[129.40609,35.6975],[129.40563,35.69791],[129.4059,35.69814],[129.40598,35.69848],[129.40649,35.69832]]]}},{"type":"Feature","id":"TN_RIVER_BNDRY:WTR0100000001NQ94","properties":{"NF_ID":"WTR0100000001NQ94","admin_code":"47130","source_layer":"TN_RIVER_BNDRY","semantic":"zone","river_class":"지방하천","river_class_source":"중심선 공간조인","river_name":"나산천","river_code":"2620550","survey_method":"사진측량"},"geometry":{"type":"Polygon","coordinates":[[[129.46437,35.70779],[129.46426,35.70748],[129.4628,35.70787],[129.46204,35.70824],[129.46098,35.70898],[129.45988,35.71013],[129.45948,35.71082],[129.45934,35.71158],[129.45955,35.71362],[129.45881,35.71572],[129.45481,35.72309],[129.45521,35.72325],[129.46014,35.71432],[129.46019,35.7137],[129.45965,35.71177],[129.46015,35.71038],[129.46122,35.70923],[129.46204,35.70859],[129.46294,35.70811],[129.46437,35.70779]]]}},{"type":"Feature","id":"TN_RIVER_BNDRY:WTR0100000001NQA5","properties":{"NF_ID":"WTR0100000001NQA5","admin_code":"47130","source_layer":"TN_RIVER_BNDRY","semantic":"zone","river_class":"소하천","river_class_source":"중심선 공간조인","survey_method":"사진측량"},"geometry":{"type":"Polygon","coordinates":[[[129.46372,35.73859],[129.46372,35.73826],[129.46421,35.73824],[129.46259,35.73825],[129.46292,35.73855],[129.46372,35.73859]]]}},{"type":"Feature","id":"TN_RIVER_BNDRY:WTR0100000001NQB6","properties":{"NF_ID":"WTR0100000001NQB6","admin_code":"47130","source_layer":"TN_RIVER_BNDRY","semantic":"zone","river_class":"소하천","river_class_source":"중심선 공간조인","survey_method":"사진측량"},"geometry":{"type":"Polygon","coordinates":[[[129.47652,35.73549],[129.47648,35.73541],[129.47635,35.73543],[129.47639,35.73552],[129.47645,35.7355],[129.47648,35.73549],[129.4765,35.73549],[129.47652,35.73549]]]}},{"type":"Feature","id":"TN_RIVER_BNDRY:WTR0100000001NQC7","properties":{"NF_ID":"WTR0100000001NQC7","admin_code":"47130","source_layer":"TN_RIVER_BNDRY","semantic":"zone","river_class":"소하천","river_class_source":"중심선 공간조인","survey_method":"사진측량"},"geometry":{"type":"Polygon","coordinates":[[[129.47639,35.73552],[129.47635,35.73543],[129.47633,35.73545],[129.47624,35.73549],[129.47609,35.73556],[129.47607,35.73557],[129.47604,35.73557],[129.47599,35.73558],[129.47598,35.73558],[129.47595,35.73557],[129.47594,35.73557],[129.47583,35.73554],[129.4757,35.73552],[129.4756,35.73551],[129.47552,35.73551],[129.47545,35.73551],[129.47537,35.73553],[129.47527,35.73555],[129.47521,35.73556],[129.4752,35.73559],[129.47525,35.73559],[129.47533,35.73557],[129.47543,35.73556],[129.4755,35.73556],[129.47556,35.73556],[129.47558,35.73556],[129.47563,35.73556],[129.47566,35.73556],[129.47572,35.73556],[129.47574,35.73557],[129.47578,35.73557],[129.47581,35.73558],[129.47583,35.73558],[129.47586,35.73559],[129.47592,35.7356],[129.47596,35.7356],[129.47598,35.73561],[129.476,35.73561],[129.47602,35.73561],[129.47604,35.73561],[129.47606,35.73561],[129.47608,35.73561],[129.47609,35.73561],[129.47615,35.7356],[129.47627,35.73556],[129.47638,35.73552],[129.47639,35.73552]]]}},{"type":"Feature","id":"TN_RIVER_BNDRY:WTR0100000001NQD8","properties":{"NF_ID":"WTR0100000001NQD8","admin_code":"47130","source_layer":"TN_RIVER_BNDRY","semantic":"zone","river_class":"소하천","river_class_source":"중심선 공간조인","survey_method":"사진측량"},"geometry":{"type":"Polygon","coordinates":[[[129.48035,35.74449],[129.47945,35.74488],[129.47933,35.74558],[129.47683,35.74718],[129.47946,35.7455],[129.47947,35.74514],[129.48035,35.74449]]]}},{"type":"Feature","id":"TN_RIVER_BNDRY:WTR0100000001NQE9","properties":{"NF_ID":"WTR0100000001NQE9","admin_code":"47130","source_layer":"TN_RIVER_BNDRY","semantic":"zone","river_class":"지방하천","river_class_source":"중심선 공간조인","river_name":"나산천","river_code":"2620550","survey_method":"사진측량"},"geometry":{"type":"Polygon","coordinates":[[[129.45521,35.72325],[129.45481,35.72309],[129.45478,35.72313],[129.4552,35.72327],[129.45521,35.72326],[129.45521,35.72325]]]}},{"type":"Feature","id":"TN_RIVER_BNDRY:WTR0100000001NQFA","properties":{"NF_ID":"WTR0100000001NQFA","admin_code":"47130","source_layer":"TN_RIVER_BNDRY","semantic":"zone","river_class":"지방하천","river_class_source":"중심선 공간조인","river_name":"나산천","river_code":"2620550","survey_method":"사진측량"},"geometry":{"type":"Polygon","coordinates":[[[129.46446,35.70777],[129.46433,35.70747],[129.46426,35.70748],[129.46437,35.70779],[129.46446,35.70777]]]}},{"type":"Feature","id":"TN_RIVER_BNDRY:WTR0100000001NQGB","properties":{"NF_ID":"WTR0100000001NQGB","admin_code":"47130","source_layer":"TN_RIVER_BNDRY","semantic":"zone","river_class":"소하천","river_class_source":"중심선 공간조인","survey_method":"사진측량"},"geometry":{"type":"Polygon","coordinates":[[[129.46433,35.70747],[129.46426,35.70728],[129.46417,35.70706],[129.46405,35.70677],[129.46396,35.70654],[129.46393,35.70652],[129.46392,35.70652],[129.4639,35.70653],[129.46389,35.70653],[129.46389,35.70656],[129.46403,35.70693],[129.46418,35.7073],[129.46426,35.70748],[129.46426,35.70748],[129.46433,35.70747]]]}},{"type":"Feature","id":"TN_RIVER_BNDRY:WTR0100000001NQHC","properties":{"NF_ID":"WTR0100000001NQHC","admin_code":"47130","source_layer":"TN_RIVER_BNDRY","semantic":"zone","river_class":"소하천","river_class_source":"중심선 공간조인","survey_method":"사진측량"},"geometry":{"type":"Polygon","coordinates":[[[129.45521,35.72325],[129.45574,35.72347],[129.45631,35.72412],[129.45627,35.725],[129.45637,35.72415],[129.45576,35.72345],[129.45521,35.72325]]]}},{"type":"Feature","id":"TN_RIVER_BNDRY:WTR0100000001NQID","properties":{"NF_ID":"WTR0100000001NQID","admin_code":"47130","source_layer":"TN_RIVER_BNDRY","semantic":"zone","river_class":"소하천","river_class_source":"중심선 공간조인","survey_method":"사진측량"},"geometry":{"type":"Polygon","coordinates":[[[129.46566,35.74971],[129.46338,35.74849],[129.46272,35.74744],[129.46221,35.74716],[129.46207,35.74666],[129.46128,35.74623],[129.46089,35.7448],[129.45909,35.74425],[129.46089,35.74489],[129.46113,35.74611],[129.46141,35.74646],[129.46203,35.74676],[129.46211,35.74717],[129.46271,35.74761],[129.46324,35.74849],[129.46539,35.74976],[129.46566,35.74971]]]}},{"type":"Feature","id":"TN_RIVER_BNDRY:WTR0100000001NQJE","properties":{"NF_ID":"WTR0100000001NQJE","admin_code":"47130","source_layer":"TN_RIVER_BNDRY","semantic":"zone","river_class":"소하천","river_class_source":"중심선 공간조인","survey_method":"사진측량"},"geometry":{"type":"Polygon","coordinates":[[[129.45929,35.74438],[129.45901,35.74418],[129.45465,35.74304],[129.4534,35.74226],[129.45085,35.74252],[129.45337,35.74239],[129.45464,35.74315],[129.45929,35.74438]]]}},{"type":"Feature","id":"TN_RIVER_BNDRY:WTR0100000001NQKF","properties":{"NF_ID":"WTR0100000001NQKF","admin_code":"47130","source_layer":"TN_RIVER_BNDRY","semantic":"zone","river_class":"지방하천","river_class_source":"중심선 공간조인","river_name":"나산천","river_code":"2620550","survey_method":"사진측량"},"geometry":{"type":"Polygon","coordinates":[[[129.46433,35.70747],[129.46446,35.70777],[129.4711,35.70656],[129.47123,35.70638],[129.47192,35.70627],[129.47253,35.7065],[129.47401,35.70752],[129.47361,35.70721],[129.47272,35.70588],[129.47251,35.70585],[129.46433,35.70747]]]}},{"type":"Feature","id":"TN_RIVER_BNDRY:WTR0100000001NQLG","properties":{"NF_ID":"WTR0100000001NQLG","admin_code":"47130","source_layer":"TN_RIVER_BNDRY","semantic":"zone","river_class":"소하천","river_class_source":"중심선 공간조인","survey_method":"사진측량"},"geometry":{"type":"Polygon","coordinates":[[[129.47648,35.73541],[129.47799,35.73567],[129.47971,35.73534],[129.48075,35.73619],[129.48148,35.73658],[129.48396,35.73708],[129.48438,35.73702],[129.48492,35.73722],[129.48493,35.73699],[129.48398,35.73699],[129.48146,35.73643],[129.47962,35.73523],[129.47826,35.7356],[129.47648,35.73541]]]}},{"type":"Feature","id":"TN_RIVER_BNDRY:WTR0100000001NQMH","properties":{"NF_ID":"WTR0100000001NQMH","admin_code":"47130","source_layer":"TN_RIVER_BNDRY","semantic":"zone","river_class":"소하천","river_class_source":"중심선 공간조인","survey_method":"사진측량"},"geometry":{"type":"Polygon","coordinates":[[[129.47648,35.73541],[129.47594,35.73479],[129.47513,35.73425],[129.47518,35.73449],[129.47583,35.7348],[129.47635,35.73543],[129.47648,35.73541]]]}},{"type":"Feature","id":"TN_RIVER_BNDRY:WTR0100000001NQNI","properties":{"NF_ID":"WTR0100000001NQNI","admin_code":"47130","source_layer":"TN_RIVER_BNDRY","semantic":"zone","river_class":"소하천","river_class_source":"중심선 공간조인","survey_method":"사진측량"},"geometry":{"type":"Polygon","coordinates":[[[129.35341,35.72165],[129.3533,35.72168],[129.35336,35.7217],[129.3534,35.72169],[129.35351,35.72169],[129.35365,35.72167],[129.35371,35.72165],[129.35382,35.72162],[129.35382,35.72161],[129.35371,35.72163],[129.35368,35.72162],[129.35362,35.72162],[129.35347,35.72165],[129.35345,35.72166],[129.35343,35.72166],[129.35341,35.72165],[129.35341,35.72165]]]}},{"type":"Feature","id":"TN_RIVER_BNDRY:WTR0100000001NQOJ","properties":{"NF_ID":"WTR0100000001NQOJ","admin_code":"47130","source_layer":"TN_RIVER_BNDRY","semantic":"zone","river_class":"지방하천","river_class_source":"중심선 공간조인","river_name":"입실천","river_code":"2220450","survey_method":"사진측량"},"geometry":{"type":"Polygon","coordinates":[[[129.35341,35.72165],[129.35329,35.72161],[129.35325,35.72162],[129.3532,35.72162],[129.3533,35.72168],[129.35341,35.72165]]]}},{"type":"Feature","id":"TN_RIVER_BNDRY:WTR0100000001NQPK","properties":{"NF_ID":"WTR0100000001NQPK","admin_code":"47130","source_layer":"TN_RIVER_BNDRY","semantic":"zone","river_class":"지방하천","river_class_source":"중심선 공간조인","river_name":"입실천","river_code":"2220450","survey_method":"사진측량"},"geometry":{"type":"Polygon","coordinates":[[[129.36018,35.72122],[129.36052,35.72119],[129.36027,35.7211],[129.35839,35.72092],[129.35843,35.7205],[129.35813,35.7204],[129.35811,35.72021],[129.35663,35.72068],[129.35625,35.72063],[129.35592,35.72029],[129.35576,35.71973],[129.3555,35.72025],[129.3552,35.72011],[129.35411,35.72057],[129.35329,35.72161],[129.35341,35.72165],[129.35416,35.72062],[129.35485,35.72038],[129.35529,35.72171],[129.3559,35.7216],[129.35723,35.72183],[129.35881,35.72114],[129.36018,35.72122]]]}},{"type":"Feature","id":"TN_RIVER_BNDRY:WTR0100000001NQQL","properties":{"NF_ID":"WTR0100000001NQQL","admin_code":"47130","source_layer":"TN_RIVER_BNDRY","semantic":"zone","river_class":"지방하천","river_class_source":"중심선 공간조인","river_name":"입실천","river_code":"2220450","survey_method":"사진측량"},"geometry":{"type":"Polygon","coordinates":[[[129.36052,35.72119],[129.36018,35.72122],[129.36026,35.72126],[129.36054,35.72127],[129.36052,35.72119]]]}},{"type":"Feature","id":"TN_RIVER_BNDRY:WTR0100000001NQRM","properties":{"NF_ID":"WTR0100000001NQRM","admin_code":"47130","source_layer":"TN_RIVER_BNDRY","semantic":"zone","river_class":"소하천","river_class_source":"중심선 공간조인","survey_method":"사진측량"},"geometry":{"type":"Polygon","coordinates":[[[129.36052,35.72119],[129.36155,35.72161],[129.36187,35.72161],[129.36052,35.72119]]]}},{"type":"Feature","id":"TN_RIVER_BNDRY:WTR0100000001NQSN","properties":{"NF_ID":"WTR0100000001NQSN","admin_code":"47130","source_layer":"TN_RIVER_BNDRY","semantic":"zone","river_class":"지방하천","river_class_source":"중심선 공간조인","river_name":"입실천","river_code":"2220450","survey_method":"사진측량"},"geometry":{"type":"Polygon","coordinates":[[[129.36054,35.72127],[129.36026,35.72126],[129.36087,35.72194],[129.36199,35.72266],[129.36054,35.72127]]]}},{"type":"Feature","id":"TN_RIVER_BNDRY:WTR0100000001NQTO","properties":{"NF_ID":"WTR0100000001NQTO","admin_code":"47130","source_layer":"TN_RIVER_BNDRY","semantic":"zone","river_class":"지방하천","river_class_source":"중심선 공간조인","river_name":"나산천","river_code":"2620550","survey_method":"사진측량"},"geometry":{"type":"Polygon","coordinates":[[[129.44742,35.72875],[129.44743,35.72839],[129.44736,35.7284],[129.44739,35.72876],[129.44742,35.72875]]]}},{"type":"Feature","id":"TN_RIVER_BNDRY:WTR0100000001NQUP","properties":{"NF_ID":"WTR0100000001NQUP","admin_code":"47130","source_layer":"TN_RIVER_BNDRY","semantic":"zone","river_class":"지방하천","river_class_source":"중심선 공간조인","river_name":"나산천","river_code":"2620550","survey_method":"사진측량"},"geometry":{"type":"Polygon","coordinates":[[[129.44739,35.72876],[129.44736,35.7284],[129.44604,35.72879],[129.4446,35.72871],[129.44331,35.72907],[129.44271,35.72956],[129.44267,35.73017],[129.44233,35.73105],[129.44034,35.7339],[129.44007,35.73455],[129.43936,35.73481],[129.43978,35.73493],[129.4403,35.73448],[129.44059,35.73385],[129.44225,35.73152],[129.44325,35.7295],[129.44428,35.72908],[129.44603,35.72909],[129.44739,35.72876]]]}},{"type":"Feature","id":"TN_RIVER_BNDRY:WTR0100000001NQVQ","properties":{"NF_ID":"WTR0100000001NQVQ","admin_code":"47130","source_layer":"TN_RIVER_BNDRY","semantic":"zone","river_class":"소하천","river_class_source":"중심선 공간조인","survey_method":"사진측량"},"geometry":{"type":"Polygon","coordinates":[[[129.41615,35.71829],[129.41641,35.71787],[129.41577,35.71792],[129.41481,35.71765],[129.41411,35.71822],[129.41273,35.71793],[129.41206,35.71813],[129.41124,35.71907],[129.41057,35.72085],[129.40855,35.7219],[129.4064,35.72195],[129.40564,35.72287],[129.40456,35.72328],[129.40459,35.72362],[129.40416,35.72383],[129.4027,35.72367],[129.40205,35.72385],[129.40191,35.72327],[129.40113,35.72351],[129.40008,35.72332],[129.39842,35.72379],[129.39742,35.72345],[129.39677,35.72292],[129.39672,35.7225],[129.3958,35.72204],[129.39413,35.72217],[129.39297,35.722],[129.39213,35.72156],[129.39166,35.72163],[129.3928,35.72222],[129.39384,35.7225],[129.39464,35.72233],[129.39602,35.72236],[129.39646,35.72272],[129.39664,35.72342],[129.39841,35.72395],[129.39968,35.72357],[129.40073,35.72367],[129.40186,35.72338],[129.40175,35.72376],[129.40194,35.72398],[129.40271,35.72376],[129.40318,35.72399],[129.40433,35.724],[129.40484,35.72378],[129.4049,35.72348],[129.4057,35.7231],[129.4065,35.72212],[129.40874,35.72207],[129.40965,35.7214],[129.41064,35.72101],[129.41095,35.72066],[129.41137,35.71928],[129.41213,35.71823],[129.41288,35.71806],[129.41424,35.71839],[129.41485,35.71793],[129.41615,35.71829]]]}},{"type":"Feature","id":"TN_RIVER_BNDRY:WTR0100000001NQWR","properties":{"NF_ID":"WTR0100000001NQWR","admin_code":"47130","source_layer":"TN_RIVER_BNDRY","semantic":"zone","river_class":"지방하천","river_class_source":"중심선 공간조인","river_name":"하서천","river_code":"2620560","survey_method":"사진측량"},"geometry":{"type":"Polygon","coordinates":[[[129.41641,35.71843],[129.41615,35.71829],[129.41401,35.72111],[129.4142,35.72512],[129.41391,35.72624],[129.41346,35.7266],[129.41279,35.72753],[129.41249,35.72845],[129.41365,35.72938],[129.41355,35.73081],[129.41371,35.732],[129.4133,35.73249],[129.4127,35.73265],[129.41266,35.73279],[129.41348,35.73263],[129.41392,35.73204],[129.41384,35.72936],[129.41281,35.72832],[129.41306,35.72753],[129.41413,35.72629],[129.41438,35.72555],[129.41449,35.72452],[129.41421,35.72275],[129.4142,35.72132],[129.41444,35.7208],[129.41641,35.71843]]]}},{"type":"Feature","id":"TN_RIVER_BNDRY:WTR0100000001NQXS","properties":{"NF_ID":"WTR0100000001NQXS","admin_code":"47130","source_layer":"TN_RIVER_BNDRY","semantic":"zone","river_class":"지방하천","river_class_source":"중심선 공간조인","river_name":"하서천","river_code":"2620560","survey_method":"사진측량"},"geometry":{"type":"Polygon","coordinates":[[[129.40889,35.7315],[129.40786,35.73167],[129.40747,35.73136],[129.40698,35.73126],[129.40549,35.73194],[129.40342,35.73184],[129.40167,35.7326],[129.39907,35.73345],[129.39753,35.73432],[129.39661,35.73386],[129.39613,35.7343],[129.39623,35.73502],[129.39552,35.73554],[129.39489,35.73573],[129.39384,35.73575],[129.39285,35.73621],[129.39169,35.73637],[129.39075,35.73667],[129.38996,35.73721],[129.38923,35.73747],[129.389,35.73785],[129.39071,35.73675],[129.3914,35.73649],[129.39297,35.73628],[129.3939,35.73579],[129.39534,35.73579],[129.39624,35.73524],[129.39639,35.73424],[129.39668,35.73404],[129.39754,35.73441],[129.39942,35.73347],[129.4013,35.7329],[129.40316,35.73213],[129.40399,35.73212],[129.40541,35.73234],[129.40577,35.73224],[129.40673,35.73144],[129.40715,35.73142],[129.4076,35.73174],[129.40889,35.7315]]]}},{"type":"Feature","id":"TN_RIVER_BNDRY:WTR0100000001NQYT","properties":{"NF_ID":"WTR0100000001NQYT","admin_code":"47130","source_layer":"TN_RIVER_BNDRY","semantic":"zone","river_class":"소하천","river_class_source":"중심선 공간조인","survey_method":"사진측량"},"geometry":{"type":"Polygon","coordinates":[[[129.41763,35.71148],[129.41746,35.71121],[129.41704,35.71177],[129.4157,35.71249],[129.41435,35.71389],[129.41354,35.71428],[129.41326,35.71504],[129.41285,35.71543],[129.41152,35.71531],[129.41007,35.71596],[129.40953,35.71601],[129.40927,35.71641],[129.40884,35.71654],[129.4088,35.71608],[129.40839,35.71599],[129.40717,35.71656],[129.40576,35.71792],[129.40427,35.71898],[129.40591,35.71803],[129.40632,35.71746],[129.40679,35.71713],[129.4074,35.71711],[129.40793,35.71672],[129.40926,35.71648],[129.40956,35.71605],[129.41014,35.71597],[129.4115,35.71538],[129.41206,35.71537],[129.41237,35.71556],[129.41289,35.71552],[129.41327,35.7152],[129.41362,35.71425],[129.41436,35.71397],[129.41583,35.71247],[129.41684,35.71201],[129.4175,35.71143],[129.41763,35.71148]]]}},{"type":"Feature","id":"TN_RIVER_BNDRY:WTR0100000001NQZU","properties":{"NF_ID":"WTR0100000001NQZU","admin_code":"47130","source_layer":"TN_RIVER_BNDRY","semantic":"zone","river_class":"소하천","river_class_source":"중심선 공간조인","survey_method":"사진측량"},"geometry":{"type":"Polygon","coordinates":[[[129.43775,35.73982],[129.43755,35.74053],[129.43768,35.74086],[129.43867,35.74163],[129.43866,35.74265],[129.43832,35.74291],[129.43852,35.74325],[129.43838,35.74289],[129.43872,35.74268],[129.43873,35.7416],[129.43769,35.74082],[129.43758,35.74054],[129.43775,35.73982]]]}},{"type":"Feature","id":"TN_RIVER_BNDRY:WTR0100000001NR0W","properties":{"NF_ID":"WTR0100000001NR0W","admin_code":"47130","source_layer":"TN_RIVER_BNDRY","semantic":"zone","river_class":"지방하천","river_class_source":"중심선 공간조인","river_name":"나산천","river_code":"2620550","survey_method":"사진측량"},"geometry":{"type":"Polygon","coordinates":[[[129.43938,35.73502],[129.43923,35.73485],[129.43899,35.73573],[129.43948,35.73674],[129.4395,35.73769],[129.43983,35.73819],[129.43889,35.73886],[129.43858,35.73942],[129.43775,35.73982],[129.43862,35.73949],[129.43915,35.73879],[129.43997,35.7382],[129.43961,35.73769],[129.4396,35.73682],[129.43916,35.73594],[129.43938,35.73502]]]}},{"type":"Feature","id":"TN_RIVER_BNDRY:WTR0100000001NR1X","properties":{"NF_ID":"WTR0100000001NR1X","admin_code":"47130","source_layer":"TN_RIVER_BNDRY","semantic":"zone","river_class":"지방하천","river_class_source":"중심선 공간조인","river_name":"하서천","river_code":"2620560","survey_method":"사진측량"},"geometry":{"type":"Polygon","coordinates":[[[129.38904,35.73786],[129.389,35.73785],[129.38897,35.7379],[129.38903,35.73792],[129.38903,35.73789],[129.38904,35.73786]]]}},{"type":"Feature","id":"TN_RIVER_BNDRY:WTR0100000001NR2Y","properties":{"NF_ID":"WTR0100000001NR2Y","admin_code":"47130","source_layer":"TN_RIVER_BNDRY","semantic":"zone","river_class":"소하천","river_class_source":"중심선 공간조인","survey_method":"사진측량"},"geometry":{"type":"Polygon","coordinates":[[[129.41266,35.73279],[129.41252,35.73272],[129.41153,35.73329],[129.41084,35.73341],[129.41044,35.73399],[129.40953,35.73443],[129.40905,35.73518],[129.40912,35.7353],[129.40868,35.73621],[129.40885,35.73653],[129.40964,35.73697],[129.40934,35.73758],[129.40929,35.73926],[129.40876,35.7396],[129.40916,35.74007],[129.4085,35.74039],[129.40848,35.74124],[129.40745,35.74125],[129.4074,35.74145],[129.40716,35.7413],[129.40665,35.74177],[129.40759,35.74135],[129.40857,35.74125],[129.40843,35.74103],[129.40853,35.74042],[129.40922,35.74007],[129.40883,35.73964],[129.40934,35.73926],[129.4093,35.73813],[129.40971,35.73694],[129.40876,35.73625],[129.40962,35.7345],[129.41057,35.73403],[129.41086,35.7335],[129.41163,35.73333],[129.41197,35.73303],[129.41266,35.73279]]]}},{"type":"Feature","id":"TN_RIVER_BNDRY:WTR0100000001NR3Z","properties":{"NF_ID":"WTR0100000001NR3Z","admin_code":"47130","source_layer":"TN_RIVER_BNDRY","semantic":"zone","river_class":"지방하천","river_class_source":"중심선 공간조인","river_name":"하서천","river_code":"2620560","survey_method":"사진측량"},"geometry":{"type":"Polygon","coordinates":[[[129.4127,35.73265],[129.41252,35.73272],[129.41266,35.73279],[129.4127,35.73265]]]}},{"type":"Feature","id":"TN_RIVER_BNDRY:WTR0100000001NR40","properties":{"NF_ID":"WTR0100000001NR40","admin_code":"47130","source_layer":"TN_RIVER_BNDRY","semantic":"zone","river_class":"소하천","river_class_source":"중심선 공간조인","survey_method":"사진측량"},"geometry":{"type":"Polygon","coordinates":[[[129.403,35.74756],[129.40249,35.74771],[129.40235,35.74796],[129.403,35.74756]]]}},{"type":"Feature","id":"TN_RIVER_BNDRY:WTR0100000001NR51","properties":{"NF_ID":"WTR0100000001NR51","admin_code":"47130","source_layer":"TN_RIVER_BNDRY","semantic":"zone","river_class":"지방하천","river_class_source":"중심선 공간조인","river_name":"나산천","river_code":"2620550","survey_method":"사진측량"},"geometry":{"type":"Polygon","coordinates":[[[129.43956,35.73494],[129.43923,35.73485],[129.43938,35.73502],[129.43956,35.73494]]]}},{"type":"Feature","id":"TN_RIVER_BNDRY:WTR0100000001NR62","properties":{"NF_ID":"WTR0100000001NR62","admin_code":"47130","source_layer":"TN_RIVER_BNDRY","semantic":"zone","river_class":"소하천","river_class_source":"중심선 공간조인","survey_method":"사진측량"},"geometry":{"type":"Polygon","coordinates":[[[129.44878,35.74334],[129.44873,35.74332],[129.44872,35.74333],[129.44871,35.74334],[129.44874,35.7434],[129.44878,35.74334]]]}},{"type":"Feature","id":"TN_RIVER_BNDRY:WTR0100000001NR73","properties":{"NF_ID":"WTR0100000001NR73","admin_code":"47130","source_layer":"TN_RIVER_BNDRY","semantic":"zone","river_class":"지방하천","river_class_source":"중심선 공간조인","river_name":"나산천","river_code":"2620550","survey_method":"사진측량"},"geometry":{"type":"Polygon","coordinates":[[[129.43776,35.73975],[129.43769,35.73975],[129.43771,35.73981],[129.43775,35.73982],[129.43776,35.73975]]]}},{"type":"Feature","id":"TN_RIVER_BNDRY:WTR0100000001NR84","properties":{"NF_ID":"WTR0100000001NR84","admin_code":"47130","source_layer":"TN_RIVER_BNDRY","semantic":"zone","river_class":"소하천","river_class_source":"중심선 공간조인","survey_method":"사진측량"},"geometry":{"type":"Polygon","coordinates":[[[129.43936,35.73481],[129.43789,35.73408],[129.43786,35.73358],[129.43635,35.73286],[129.43498,35.73114],[129.43401,35.73067],[129.43386,35.73019],[129.43266,35.72997],[129.43227,35.73034],[129.43194,35.73042],[129.43127,35.73004],[129.4317,35.73039],[129.43209,35.73049],[129.43273,35.73001],[129.43368,35.73023],[129.43372,35.73082],[129.43402,35.73124],[129.43398,35.7316],[129.4346,35.73229],[129.43448,35.7328],[129.43464,35.7329],[129.43496,35.73275],[129.43512,35.73286],[129.43517,35.73319],[129.43555,35.73364],[129.43541,35.73401],[129.43605,35.73372],[129.43675,35.73385],[129.43718,35.7334],[129.43772,35.73364],[129.43766,35.73398],[129.43781,35.73415],[129.43936,35.73481]]]}},{"type":"Feature","id":"TN_RIVER_BNDRY:WTR0100000001NR95","properties":{"NF_ID":"WTR0100000001NR95","admin_code":"47130","source_layer":"TN_RIVER_BNDRY","semantic":"zone","river_class":"소하천","river_class_source":"중심선 공간조인","survey_method":"사진측량"},"geometry":{"type":"Polygon","coordinates":[[[129.44874,35.7434],[129.44753,35.74386],[129.44672,35.74376],[129.44545,35.74428],[129.44458,35.74529],[129.44379,35.74559],[129.4426,35.74679],[129.44276,35.74684],[129.44301,35.74633],[129.44373,35.7459],[129.4439,35.74558],[129.44464,35.74531],[129.44542,35.74435],[129.44678,35.7438],[129.44764,35.74389],[129.44874,35.7434]]]}},{"type":"Feature","id":"TN_RIVER_BNDRY:WTR0100000001NRA6","properties":{"NF_ID":"WTR0100000001NRA6","admin_code":"47130","source_layer":"TN_RIVER_BNDRY","semantic":"zone","river_class":"소하천","river_class_source":"중심선 공간조인","survey_method":"사진측량"},"geometry":{"type":"Polygon","coordinates":[[[129.44743,35.72839],[129.44743,35.72839],[129.4474,35.72837],[129.44734,35.72833],[129.44715,35.72812],[129.44689,35.72786],[129.44669,35.72767],[129.44655,35.72757],[129.44638,35.72741],[129.44626,35.7273],[129.44615,35.7272],[129.44615,35.7272],[129.44609,35.72719],[129.44607,35.72719],[129.44606,35.72721],[129.44607,35.72722],[129.44617,35.72726],[129.44624,35.72731],[129.44634,35.72742],[129.44643,35.7275],[129.44653,35.72759],[129.44665,35.72769],[129.44678,35.72781],[129.44692,35.72796],[129.4471,35.72814],[129.44733,35.72836],[129.44736,35.7284],[129.44743,35.72839]]]}},{"type":"Feature","id":"TN_RIVER_BNDRY:WTR0100000001NRB7","properties":{"NF_ID":"WTR0100000001NRB7","admin_code":"47130","source_layer":"TN_RIVER_BNDRY","semantic":"zone","river_class":"소하천","river_class_source":"중심선 공간조인","survey_method":"사진측량"},"geometry":{"type":"Polygon","coordinates":[[[129.39213,35.72156],[129.39208,35.72151],[129.39208,35.7215],[129.39208,35.72148],[129.39201,35.72148],[129.3916,35.72155],[129.39166,35.72163],[129.39213,35.72156]]]}},{"type":"Feature","id":"TN_RIVER_BNDRY:WTR0100000001NRC8","properties":{"NF_ID":"WTR0100000001NRC8","admin_code":"47130","source_layer":"TN_RIVER_BNDRY","semantic":"zone","river_class":"지방하천","river_class_source":"중심선 공간조인","river_name":"하서천","river_code":"2620560","survey_method":"사진측량"},"geometry":{"type":"Polygon","coordinates":[[[129.41722,35.70717],[129.41719,35.70694],[129.4164,35.70705],[129.4165,35.7073],[129.41722,35.70717]]]}},{"type":"Feature","id":"TN_RIVER_BNDRY:WTR0100000001NRD9","properties":{"NF_ID":"WTR0100000001NRD9","admin_code":"47130","source_layer":"TN_RIVER_BNDRY","semantic":"zone","river_class":"지방하천","river_class_source":"중심선 공간조인","river_name":"하서천","river_code":"2620560","survey_method":"사진측량"},"geometry":{"type":"Polygon","coordinates":[[[129.41782,35.71062],[129.41722,35.70717],[129.4165,35.7073],[129.41688,35.70847],[129.4172,35.7107],[129.41746,35.71121],[129.41782,35.71062]]]}},{"type":"Feature","id":"TN_RIVER_BNDRY:WTR0100000001NREA","properties":{"NF_ID":"WTR0100000001NREA","admin_code":"47130","source_layer":"TN_RIVER_BNDRY","semantic":"zone","river_class":"지방하천","river_class_source":"중심선 공간조인","river_name":"하서천","river_code":"2620560","survey_method":"사진측량"},"geometry":{"type":"Polygon","coordinates":[[[129.41814,35.71144],[129.41782,35.71062],[129.41746,35.71121],[129.41763,35.71148],[129.41814,35.71144]]]}},{"type":"Feature","id":"TN_RIVER_BNDRY:WTR0100000001NRFB","properties":{"NF_ID":"WTR0100000001NRFB","admin_code":"47130","source_layer":"TN_RIVER_BNDRY","semantic":"zone","river_class":"지방하천","river_class_source":"중심선 공간조인","river_name":"하서천","river_code":"2620560","survey_method":"사진측량"},"geometry":{"type":"Polygon","coordinates":[[[129.41814,35.71144],[129.41763,35.71148],[129.41865,35.7126],[129.41849,35.71265],[129.41852,35.71416],[129.41801,35.71601],[129.41716,35.71736],[129.41641,35.71787],[129.41689,35.71807],[129.4186,35.71693],[129.41933,35.71451],[129.41933,35.71379],[129.4191,35.71323],[129.41924,35.713],[129.41814,35.71144]]]}},{"type":"Feature","id":"TN_RIVER_BNDRY:WTR0100000001NRGC","properties":{"NF_ID":"WTR0100000001NRGC","admin_code":"47130","source_layer":"TN_RIVER_BNDRY","semantic":"zone","river_class":"지방하천","river_class_source":"중심선 공간조인","river_name":"하서천","river_code":"2620560","survey_method":"사진측량"},"geometry":{"type":"Polygon","coordinates":[[[129.41689,35.71807],[129.41641,35.71787],[129.41615,35.71829],[129.41641,35.71843],[129.41689,35.71807]]]}},{"type":"Feature","id":"TN_RIVER_BNDRY:WTR0100000001NRHD","properties":{"NF_ID":"WTR0100000001NRHD","admin_code":"47130","source_layer":"TN_RIVER_BNDRY","semantic":"zone","river_class":"소하천","river_class_source":"중심선 공간조인","survey_method":"사진측량"},"geometry":{"type":"Polygon","coordinates":[[[129.41143,35.70795],[129.41077,35.70745],[129.40996,35.70714],[129.40994,35.70699],[129.40927,35.70705],[129.40908,35.70686],[129.40859,35.70687],[129.40811,35.70663],[129.40784,35.70668],[129.40909,35.70688],[129.40926,35.70707],[129.40993,35.707],[129.40993,35.70715],[129.41078,35.70748],[129.41143,35.70795]]]}},{"type":"Feature","id":"TN_RIVER_BNDRY:WTR0100000001NRIE","properties":{"NF_ID":"WTR0100000001NRIE","admin_code":"47130","source_layer":"TN_RIVER_BNDRY","semantic":"zone","river_class":"소하천","river_class_source":"중심선 공간조인","survey_method":"사진측량"},"geometry":{"type":"Polygon","coordinates":[[[129.41152,35.70796],[129.41143,35.70795],[129.4115,35.70803],[129.41156,35.70803],[129.41152,35.70796]]]}},{"type":"Feature","id":"TN_RIVER_BNDRY:WTR0100000001NRJF","properties":{"NF_ID":"WTR0100000001NRJF","admin_code":"47130","source_layer":"TN_RIVER_BNDRY","semantic":"zone","river_class":"소하천","river_class_source":"중심선 공간조인","survey_method":"사진측량"},"geometry":{"type":"Polygon","coordinates":[[[129.39226,35.67638],[129.39224,35.67667],[129.39175,35.677],[129.39156,35.6775],[129.39116,35.67732],[129.39102,35.67747],[129.3912,35.67739],[129.39165,35.67755],[129.39179,35.67709],[129.39231,35.67669],[129.39226,35.67638]]]}},{"type":"Feature","id":"TN_RIVER_BNDRY:WTR0100000001NRKG","properties":{"NF_ID":"WTR0100000001NRKG","admin_code":"47130","source_layer":"TN_RIVER_BNDRY","semantic":"zone","river_class":"소하천","river_class_source":"중심선 공간조인","survey_method":"사진측량"},"geometry":{"type":"Polygon","coordinates":[[[129.39217,35.67643],[129.39159,35.67663],[129.39149,35.67584],[129.39108,35.67585],[129.39144,35.67593],[129.39152,35.6767],[129.39217,35.67643]]]}},{"type":"Feature","id":"TN_RIVER_BNDRY:WTR0100000001NRLH","properties":{"NF_ID":"WTR0100000001NRLH","admin_code":"47130","source_layer":"TN_RIVER_BNDRY","semantic":"zone","river_class":"소하천","river_class_source":"중심선 공간조인","survey_method":"사진측량"},"geometry":{"type":"Polygon","coordinates":[[[129.38388,35.68685],[129.38385,35.68684],[129.38384,35.68684],[129.38383,35.68684],[129.3838,35.68683],[129.38377,35.68685],[129.38386,35.68687],[129.38388,35.68685]]]}},{"type":"Feature","id":"TN_RIVER_BNDRY:WTR0100000001NRMI","properties":{"NF_ID":"WTR0100000001NRMI","admin_code":"47130","source_layer":"TN_RIVER_BNDRY","semantic":"zone","river_class":"소하천","river_class_source":"중심선 공간조인","survey_method":"사진측량"},"geometry":{"type":"Polygon","coordinates":[[[129.38386,35.68687],[129.38312,35.68707],[129.38309,35.68735],[129.38317,35.68709],[129.38386,35.68687]]]}},{"type":"Feature","id":"TN_RIVER_BNDRY:WTR0100000001NRNJ","properties":{"NF_ID":"WTR0100000001NRNJ","admin_code":"47130","source_layer":"TN_RIVER_BNDRY","semantic":"zone","river_class":"소하천","river_class_source":"중심선 공간조인","survey_method":"사진측량"},"geometry":{"type":"Polygon","coordinates":[[[129.3838,35.68683],[129.38341,35.68665],[129.38346,35.68642],[129.3833,35.68627],[129.38266,35.68586],[129.38234,35.68601],[129.38101,35.68499],[129.38044,35.68504],[129.38027,35.68522],[129.37999,35.68481],[129.37962,35.68476],[129.37926,35.68498],[129.37928,35.68548],[129.37915,35.68554],[129.3769,35.68509],[129.37689,35.68564],[129.37796,35.68566],[129.37801,35.68531],[129.37874,35.68556],[129.3793,35.68554],[129.3793,35.685],[129.37967,35.68478],[129.37997,35.68486],[129.38026,35.68525],[129.38048,35.68506],[129.38099,35.68502],[129.38232,35.68606],[129.38265,35.6859],[129.38322,35.68626],[129.38342,35.68642],[129.3834,35.68668],[129.3838,35.68683]]]}},{"type":"Feature","id":"TN_RIVER_BNDRY:WTR0100000001NROK","properties":{"NF_ID":"WTR0100000001NROK","admin_code":"47130","source_layer":"TN_RIVER_BNDRY","semantic":"zone","river_class":"소하천","river_class_source":"중심선 공간조인","survey_method":"사진측량"},"geometry":{"type":"Polygon","coordinates":[[[129.39226,35.67638],[129.39221,35.67629],[129.39219,35.67631],[129.39214,35.67634],[129.39212,35.67635],[129.39217,35.67643],[129.39226,35.67638]]]}},{"type":"Feature","id":"TN_RIVER_BNDRY:WTR0100000001NRPL","properties":{"NF_ID":"WTR0100000001NRPL","admin_code":"47130","source_layer":"TN_RIVER_BNDRY","semantic":"zone","river_class":"소하천","river_class_source":"중심선 공간조인","survey_method":"사진측량"},"geometry":{"type":"Polygon","coordinates":[[[129.43982,35.70526],[129.43994,35.7053],[129.44038,35.70477],[129.43982,35.70526]]]}},{"type":"Feature","id":"TN_RIVER_BNDRY:WTR0100000001NRQM","properties":{"NF_ID":"WTR0100000001NRQM","admin_code":"47130","source_layer":"TN_RIVER_BNDRY","semantic":"zone","river_class":"소하천","river_class_source":"중심선 공간조인","survey_method":"사진측량"},"geometry":{"type":"Polygon","coordinates":[[[129.43994,35.7053],[129.43989,35.70545],[129.44005,35.70545],[129.43994,35.7053]]]}},{"type":"Feature","id":"TN_RIVER_BNDRY:WTR0100000001NRRN","properties":{"NF_ID":"WTR0100000001NRRN","admin_code":"47130","source_layer":"TN_RIVER_BNDRY","semantic":"zone","river_class":"소하천","river_class_source":"중심선 공간조인","survey_method":"사진측량"},"geometry":{"type":"Polygon","coordinates":[[[129.43989,35.70545],[129.43994,35.7053],[129.43982,35.70526],[129.43982,35.70532],[129.43983,35.70534],[129.43984,35.70552],[129.43989,35.70545]]]}},{"type":"Feature","id":"TN_RIVER_BNDRY:WTR0100000001NRSO","properties":{"NF_ID":"WTR0100000001NRSO","admin_code":"47130","source_layer":"TN_RIVER_BNDRY","semantic":"zone","river_class":"소하천","river_class_source":"중심선 공간조인","survey_method":"사진측량"},"geometry":{"type":"Polygon","coordinates":[[[129.43989,35.70545],[129.43976,35.70612],[129.43943,35.70649],[129.43983,35.70617],[129.43989,35.70545]]]}},{"type":"Feature","id":"TN_RIVER_BNDRY:WTR0100000001NRTP","properties":{"NF_ID":"WTR0100000001NRTP","admin_code":"47130","source_layer":"TN_RIVER_BNDRY","semantic":"zone","river_class":"소하천","river_class_source":"중심선 공간조인","survey_method":"사진측량"},"geometry":{"type":"Polygon","coordinates":[[[129.43924,35.70652],[129.43938,35.70642],[129.43872,35.70641],[129.43812,35.70684],[129.43851,35.70656],[129.43924,35.70652]]]}},{"type":"Feature","id":"TN_RIVER_BNDRY:WTR0100000001NRUQ","properties":{"NF_ID":"WTR0100000001NRUQ","admin_code":"47130","source_layer":"TN_RIVER_BNDRY","semantic":"zone","river_class":"소하천","river_class_source":"중심선 공간조인","survey_method":"사진측량"},"geometry":{"type":"Polygon","coordinates":[[[129.43934,35.70657],[129.43924,35.70652],[129.43894,35.70725],[129.43934,35.70657]]]}},{"type":"Feature","id":"TN_RIVER_BNDRY:WTR0100000001NRVR","properties":{"NF_ID":"WTR0100000001NRVR","admin_code":"47130","source_layer":"TN_RIVER_BNDRY","semantic":"zone","river_class":"소하천","river_class_source":"중심선 공간조인","survey_method":"사진측량"},"geometry":{"type":"Polygon","coordinates":[[[129.43943,35.70649],[129.43938,35.70642],[129.43924,35.70652],[129.43934,35.70657],[129.43943,35.70649]]]}},{"type":"Feature","id":"TN_RIVER_BNDRY:WTR0100000001NRWS","properties":{"NF_ID":"WTR0100000001NRWS","admin_code":"47130","source_layer":"TN_RIVER_BNDRY","semantic":"zone","river_class":"소하천","river_class_source":"중심선 공간조인","survey_method":"사진측량"},"geometry":{"type":"Polygon","coordinates":[[[129.39201,35.72148],[129.39143,35.72092],[129.39021,35.72049],[129.39006,35.71958],[129.38943,35.71916],[129.38841,35.71881],[129.38717,35.71914],[129.38689,35.7191],[129.3848,35.71734],[129.38306,35.71716],[129.38218,35.71685],[129.38142,35.71741],[129.38163,35.71747],[129.38258,35.71718],[129.38446,35.7175],[129.385,35.71768],[129.38513,35.71795],[129.38688,35.71919],[129.38835,35.71903],[129.38904,35.71916],[129.38972,35.71965],[129.38983,35.72053],[129.39122,35.72115],[129.3916,35.72155],[129.39201,35.72148]]]}},{"type":"Feature","id":"TN_RIVER_BNDRY:WTR0100000001NRXT","properties":{"NF_ID":"WTR0100000001NRXT","admin_code":"47130","source_layer":"TN_RIVER_BNDRY","semantic":"zone","river_class":"소하천","river_class_source":"중심선 공간조인","survey_method":"사진측량"},"geometry":{"type":"Polygon","coordinates":[[[129.4115,35.70803],[129.41116,35.70804],[129.4106,35.70852],[129.40927,35.70873],[129.40907,35.70894],[129.4083,35.70891],[129.40907,35.70901],[129.40932,35.70877],[129.41059,35.70861],[129.41097,35.70841],[129.41115,35.70812],[129.4115,35.70803]]]}},{"type":"Feature","id":"TN_RIVER_BNDRY:WTR0100000001NRYU","properties":{"NF_ID":"WTR0100000001NRYU","admin_code":"47130","source_layer":"TN_RIVER_BNDRY","semantic":"zone","river_class":"소하천","river_class_source":"중심선 공간조인","survey_method":"사진측량"},"geometry":{"type":"Polygon","coordinates":[[[129.38897,35.7379],[129.38886,35.73775],[129.38814,35.73776],[129.38796,35.73757],[129.38762,35.73787],[129.38606,35.73794],[129.3851,35.73719],[129.38418,35.73761],[129.38195,35.73671],[129.38083,35.73698],[129.38016,35.73699],[129.37973,35.73693],[129.37935,35.73666],[129.37847,35.73658],[129.37864,35.7367],[129.37946,35.73675],[129.37964,35.73699],[129.38005,35.73705],[129.38094,35.73701],[129.38189,35.73677],[129.38421,35.73764],[129.38507,35.73721],[129.38605,35.73796],[129.38766,35.73789],[129.38796,35.73759],[129.3881,35.73777],[129.38885,35.73777],[129.38897,35.7379]]]}},{"type":"Feature","id":"TN_RIVER_BNDRY:WTR0100000001NRZV","properties":{"NF_ID":"WTR0100000001NRZV","admin_code":"47130","source_layer":"TN_RIVER_BNDRY","semantic":"zone","river_class":"지방하천","river_class_source":"중심선 공간조인","river_name":"하서천","river_code":"2620560","survey_method":"사진측량"},"geometry":{"type":"Polygon","coordinates":[[[129.38903,35.73792],[129.3892,35.73862],[129.38954,35.73906],[129.38953,35.73933],[129.38918,35.73975],[129.38923,35.74063],[129.38938,35.74107],[129.38959,35.7411],[129.3896,35.74145],[129.38892,35.74146],[129.38866,35.74229],[129.388,35.74249],[129.38716,35.74321],[129.38693,35.74391],[129.38726,35.74434],[129.38722,35.745],[129.38641,35.74603],[129.3858,35.74621],[129.38642,35.74612],[129.38729,35.74511],[129.38737,35.74444],[129.38701,35.74383],[129.3872,35.74326],[129.38789,35.74259],[129.38892,35.74222],[129.38901,35.74175],[129.38969,35.74153],[129.38964,35.74111],[129.38942,35.74103],[129.38926,35.74062],[129.38921,35.73974],[129.38963,35.73912],[129.38903,35.73792]]]}},{"type":"Feature","id":"TN_RIVER_BNDRY:WTR0100000001NS0X","properties":{"NF_ID":"WTR0100000001NS0X","admin_code":"47130","source_layer":"TN_RIVER_BNDRY","semantic":"zone","river_class":"소하천","river_class_source":"중심선 공간조인","survey_method":"사진측량"},"geometry":{"type":"Polygon","coordinates":[[[129.4165,35.7073],[129.4164,35.70705],[129.41588,35.70721],[129.41526,35.70691],[129.41357,35.7073],[129.4124,35.70801],[129.41152,35.70796],[129.41239,35.70807],[129.41372,35.7073],[129.41519,35.70698],[129.41591,35.7074],[129.4165,35.7073]]]}},{"type":"Feature","id":"TN_RIVER_BNDRY:WTR0100000001NS1Y","properties":{"NF_ID":"WTR0100000001NS1Y","admin_code":"47130","source_layer":"TN_RIVER_BNDRY","semantic":"zone","river_class":"지방하천","river_class_source":"중심선 공간조인","river_name":"나산천","river_code":"2620550","survey_method":"사진측량"},"geometry":{"type":"Polygon","coordinates":[[[129.43771,35.73981],[129.43685,35.73978],[129.43573,35.74019],[129.43522,35.74059],[129.43392,35.74092],[129.43377,35.74138],[129.43285,35.74203],[129.43325,35.7419],[129.43384,35.74141],[129.4339,35.74103],[129.43525,35.74062],[129.43677,35.73986],[129.43771,35.73981]]]}},{"type":"Feature","id":"TN_RIVER_BNDRY:WTR0100000001NS2Z","properties":{"NF_ID":"WTR0100000001NS2Z","admin_code":"47130","source_layer":"TN_RIVER_BNDRY","semantic":"zone","river_class":"지방하천","river_class_source":"중심선 공간조인","river_name":"하서천","river_code":"2620560","survey_method":"사진측량"},"geometry":{"type":"Polygon","coordinates":[[[129.41266,35.73262],[129.41164,35.73221],[129.4113,35.73177],[129.4098,35.7309],[129.40906,35.73138],[129.40982,35.73096],[129.41135,35.73184],[129.41165,35.73238],[129.41252,35.73272],[129.41266,35.73262]]]}},{"type":"Feature","id":"TN_RIVER_BNDRY:WTR0100000001NS30","properties":{"NF_ID":"WTR0100000001NS30","admin_code":"47130","source_layer":"TN_RIVER_BNDRY","semantic":"zone","river_class":"지방하천","river_class_source":"중심선 공간조인","river_name":"하서천","river_code":"2620560","survey_method":"사진측량"},"geometry":{"type":"Polygon","coordinates":[[[129.4091,35.73141],[129.40828,35.73187],[129.40827,35.73207],[129.40793,35.73178],[129.4077,35.73183],[129.40797,35.73211],[129.4086,35.73221],[129.40907,35.73167],[129.4091,35.73141]]]}},{"type":"Feature","id":"TN_RIVER_BNDRY:WTR0100000001NS41","properties":{"NF_ID":"WTR0100000001NS41","admin_code":"47130","source_layer":"TN_RIVER_BNDRY","semantic":"zone","river_class":"지방하천","river_class_source":"중심선 공간조인","river_name":"하서천","river_code":"2620560","survey_method":"사진측량"},"geometry":{"type":"Polygon","coordinates":[[[129.4091,35.73141],[129.40906,35.73138],[129.409,35.73141],[129.40887,35.73146],[129.40889,35.7315],[129.4091,35.73141]]]}},{"type":"Feature","id":"TN_RIVER_BNDRY:WTR0100000001NS52","properties":{"NF_ID":"WTR0100000001NS52","admin_code":"47130","source_layer":"TN_RIVER_BNDRY","semantic":"zone","river_class":"지방하천","river_class_source":"중심선 공간조인","river_name":"입실천","river_code":"2220450","survey_method":"사진측량"},"geometry":{"type":"Polygon","coordinates":[[[129.3533,35.72168],[129.35285,35.72152],[129.35261,35.72162],[129.35194,35.72147],[129.35069,35.72164],[129.35013,35.72191],[129.34945,35.72167],[129.34897,35.72122],[129.34848,35.72115],[129.34714,35.72155],[129.34659,35.72197],[129.34553,35.7222],[129.34415,35.72191],[129.34136,35.72185],[129.33992,35.72139],[129.33972,35.72117],[129.33914,35.72108],[129.33617,35.71855],[129.33415,35.71714],[129.33085,35.71563],[129.3241,35.71155],[129.32357,35.71105],[129.32368,35.71094],[129.32277,35.70964],[129.32156,35.70691],[129.32107,35.7064],[129.32105,35.706],[129.3201,35.70641],[129.32069,35.70662],[129.32204,35.70998],[129.32383,35.7116],[129.33039,35.71564],[129.33419,35.7174],[129.33613,35.71877],[129.33779,35.72046],[129.33919,35.72143],[129.34034,35.72194],[129.34211,35.72223],[129.34411,35.72199],[129.34567,35.72227],[129.34875,35.72136],[129.34912,35.72142],[129.34952,35.72176],[129.35015,35.72196],[129.35082,35.72167],[129.35241,35.72158],[129.35257,35.72168],[129.35282,35.72157],[129.3533,35.72168]]]}},{"type":"Feature","id":"TN_RIVER_BNDRY:WTR0100000001NS74","properties":{"NF_ID":"WTR0100000001NS74","admin_code":"47130","source_layer":"TN_RIVER_BNDRY","semantic":"zone","river_class":"지방하천","river_class_source":"중심선 공간조인","river_name":"동천","river_code":"2220440","survey_method":"사진측량"},"geometry":{"type":"Polygon","coordinates":[[[129.32155,35.67897],[129.32179,35.67887],[129.32373,35.67662],[129.32652,35.67449],[129.32692,35.674],[129.32682,35.67295],[129.32659,35.6733],[129.3259,35.6736],[129.3235,35.6753],[129.32062,35.67834],[129.32023,35.6789],[129.32024,35.6792],[129.32155,35.67897]]]}},{"type":"Feature","id":"TN_RIVER_BNDRY:WTR0100000001NVWW","properties":{"NF_ID":"WTR0100000001NVWW","admin_code":"47130","source_layer":"TN_RIVER_BNDRY","semantic":"zone","river_class":"지방하천","river_class_source":"중심선 공간조인","river_name":"명계천","survey_method":"사진측량"},"geometry":{"type":"Polygon","coordinates":[[[129.25067,35.7213],[129.25024,35.72116],[129.25,35.72161],[129.25,35.72223],[129.25035,35.72194],[129.25067,35.7213]]]}},{"type":"Feature","id":"TN_RIVER_BNDRY:WTR0100000001NVXX","properties":{"NF_ID":"WTR0100000001NVXX","admin_code":"47130","source_layer":"TN_RIVER_BNDRY","semantic":"zone","river_class":"소하천","river_class_source":"중심선 공간조인","survey_method":"사진측량"},"geometry":{"type":"Polygon","coordinates":[[[129.30988,35.74163],[129.30991,35.74183],[129.31097,35.74208],[129.31212,35.74177],[129.31366,35.7422],[129.31492,35.74218],[129.316,35.74234],[129.31711,35.74213],[129.31789,35.7425],[129.31907,35.74245],[129.31992,35.74281],[129.32132,35.74212],[129.32187,35.74206],[129.32247,35.74359],[129.32335,35.74385],[129.32397,35.74431],[129.32455,35.74448],[129.32527,35.74506],[129.326,35.74509],[129.32636,35.74542],[129.3281,35.74601],[129.32889,35.74686],[129.32902,35.74764],[129.3295,35.74794],[129.32973,35.74853],[129.33018,35.74878],[129.33127,35.74902],[129.33133,35.74959],[129.3316,35.75],[129.33139,35.74903],[129.32983,35.74854],[129.32968,35.748],[129.32911,35.74756],[129.32892,35.74677],[129.32816,35.74593],[129.32653,35.74539],[129.32605,35.74503],[129.32539,35.74497],[129.32468,35.7444],[129.32251,35.74351],[129.32193,35.74194],[129.32119,35.74208],[129.3199,35.7427],[129.31912,35.74235],[129.31824,35.74242],[129.31689,35.74199],[129.31561,35.7422],[129.3135,35.74204],[129.31229,35.74164],[129.31102,35.74196],[129.30988,35.74163]]]}},{"type":"Feature","id":"TN_RIVER_BNDRY:WTR0100000001NVYY","properties":{"NF_ID":"WTR0100000001NVYY","admin_code":"47130","source_layer":"TN_RIVER_BNDRY","semantic":"zone","river_class":"지방하천","river_class_source":"중심선 공간조인","river_name":"대종천","river_code":"2620520","survey_method":"사진측량"},"geometry":{"type":"Polygon","coordinates":[[[129.46566,35.74971],[129.46634,35.75],[129.46711,35.75],[129.46967,35.748],[129.47229,35.74665],[129.47587,35.74546],[129.48001,35.74448],[129.47934,35.74342],[129.47858,35.74354],[129.47717,35.74411],[129.47133,35.74571],[129.47015,35.74635],[129.46894,35.74725],[129.46812,35.7476],[129.46559,35.74741],[129.46724,35.74761],[129.46763,35.74779],[129.46566,35.74971]]]}},{"type":"Feature","id":"TN_RIVER_BNDRY:WTR0100000001NVZZ","properties":{"NF_ID":"WTR0100000001NVZZ","admin_code":"47130","source_layer":"TN_RIVER_BNDRY","semantic":"zone","river_class":"지방하천","river_class_source":"중심선 공간조인","river_name":"동천","river_code":"2220440","survey_method":"사진측량"},"geometry":{"type":"Polygon","coordinates":[[[129.30991,35.74183],[129.30963,35.74177],[129.31075,35.74503],[129.31243,35.74705],[129.31331,35.74783],[129.31333,35.74883],[129.31275,35.75],[129.31294,35.75],[129.31349,35.74895],[129.31345,35.74766],[129.31256,35.74693],[129.31103,35.74509],[129.30991,35.74183]]]}},{"type":"Feature","id":"TN_RIVER_BNDRY:WTR0100000001NW01","properties":{"NF_ID":"WTR0100000001NW01","admin_code":"47130","source_layer":"TN_RIVER_BNDRY","semantic":"zone","river_class":"소하천","river_class_source":"중심선 공간조인","survey_method":"사진측량"},"geometry":{"type":"Polygon","coordinates":[[[129.45354,35.74996],[129.45353,35.74996],[129.45352,35.74996],[129.45351,35.74996],[129.45346,35.75],[129.45351,35.75],[129.45354,35.74998],[129.45354,35.74997],[129.45355,35.74997],[129.45354,35.74996]]]}},{"type":"Feature","id":"TN_RIVER_BNDRY:WTR0100000001NW12","properties":{"NF_ID":"WTR0100000001NW12","admin_code":"47130","source_layer":"TN_RIVER_BNDRY","semantic":"zone","river_class":"지방하천","river_class_source":"중심선 공간조인","river_name":"대종천","river_code":"2620520","survey_method":"사진측량"},"geometry":{"type":"Polygon","coordinates":[[[129.46566,35.74971],[129.46539,35.74976],[129.46583,35.75],[129.46634,35.75],[129.46566,35.74971]]]}},{"type":"Feature","id":"TN_RIVER_BNDRY:WTR0100000001NW23","properties":{"NF_ID":"WTR0100000001NW23","admin_code":"47130","source_layer":"TN_RIVER_BNDRY","semantic":"zone","river_class":"소하천","river_class_source":"중심선 공간조인","survey_method":"사진측량"},"geometry":{"type":"Polygon","coordinates":[[[129.28707,35.74622],[129.28578,35.74845],[129.28445,35.75],[129.28494,35.7497],[129.28583,35.74855],[129.28707,35.74622]]]}},{"type":"Feature","id":"TN_RIVER_BNDRY:WTR0100000001NW34","properties":{"NF_ID":"WTR0100000001NW34","admin_code":"47130","source_layer":"TN_RIVER_BNDRY","semantic":"zone","river_class":"지방하천","river_class_source":"중심선 공간조인","river_name":"원동천","river_code":"2120130","survey_method":"사진측량"},"geometry":{"type":"Polygon","coordinates":[[[129.28581,35.74801],[129.28541,35.74762],[129.28523,35.7483],[129.28451,35.74938],[129.28379,35.75],[129.28427,35.75],[129.28455,35.74977],[129.28581,35.74801]]]}},{"type":"Feature","id":"TN_RIVER_BNDRY:WTR0100000001NW45","properties":{"NF_ID":"WTR0100000001NW45","admin_code":"47130","source_layer":"TN_RIVER_BNDRY","semantic":"zone","river_class":"등급미확인","survey_method":"사진측량"},"geometry":{"type":"Polygon","coordinates":[[[129.46539,35.74976],[129.46522,35.75],[129.46583,35.75],[129.46539,35.74976]]]}},{"type":"Feature","id":"TN_RIVER_BNDRY:WTR0100000001NW78","properties":{"NF_ID":"WTR0100000001NW78","admin_code":"47130","source_layer":"TN_RIVER_BNDRY","semantic":"zone","river_class":"소하천","river_class_source":"중심선 공간조인","survey_method":"사진측량"},"geometry":{"type":"Polygon","coordinates":[[[129.06085,35.68614],[129.06076,35.68606],[129.06045,35.68637],[129.06025,35.68745],[129.05901,35.68903],[129.05894,35.69],[129.05786,35.69102],[129.05741,35.69198],[129.05764,35.69207],[129.05825,35.6908],[129.05899,35.69006],[129.05914,35.68918],[129.0603,35.68751],[129.06056,35.68638],[129.06085,35.68614]]]}},{"type":"Feature","id":"TN_RIVER_BNDRY:WTR0100000001NW89","properties":{"NF_ID":"WTR0100000001NW89","admin_code":"47130","source_layer":"TN_RIVER_BNDRY","semantic":"zone","river_class":"지방하천","river_class_source":"중심선 공간조인","river_name":"범곡천","river_code":"2026980","survey_method":"사진측량"},"geometry":{"type":"Polygon","coordinates":[[[129.05334,35.68767],[129.05328,35.68757],[129.05303,35.68764],[129.05313,35.68774],[129.05334,35.68767]]]}},{"type":"Feature","id":"TN_RIVER_BNDRY:WTR0100000001NW9A","properties":{"NF_ID":"WTR0100000001NW9A","admin_code":"47130","source_layer":"TN_RIVER_BNDRY","semantic":"zone","river_class":"지방하천","river_class_source":"중심선 공간조인","river_name":"범곡천","river_code":"2026980","survey_method":"사진측량"},"geometry":{"type":"Polygon","coordinates":[[[129.05741,35.69198],[129.05536,35.69028],[129.05484,35.69006],[129.05411,35.68902],[129.0538,35.68885],[129.05334,35.68767],[129.05313,35.68774],[129.05358,35.68851],[129.05358,35.68886],[129.05469,35.69007],[129.05726,35.69215],[129.05741,35.69198]]]}},{"type":"Feature","id":"TN_RIVER_BNDRY:WTR0100000001NWAB","properties":{"NF_ID":"WTR0100000001NWAB","admin_code":"47130","source_layer":"TN_RIVER_BNDRY","semantic":"zone","river_class":"지방하천","river_class_source":"중심선 공간조인","river_name":"범곡천","river_code":"2026980","survey_method":"사진측량"},"geometry":{"type":"Polygon","coordinates":[[[129.05178,35.68274],[129.05167,35.68285],[129.05188,35.68299],[129.05178,35.68274]]]}},{"type":"Feature","id":"TN_RIVER_BNDRY:WTR0100000001NWBC","properties":{"NF_ID":"WTR0100000001NWBC","admin_code":"47130","source_layer":"TN_RIVER_BNDRY","semantic":"zone","river_class":"지방하천","river_class_source":"중심선 공간조인","river_name":"범곡천","river_code":"2026980","survey_method":"사진측량"},"geometry":{"type":"Polygon","coordinates":[[[129.05764,35.69207],[129.05741,35.69198],[129.05726,35.69215],[129.05738,35.69226],[129.05764,35.69207]]]}},{"type":"Feature","id":"TN_RIVER_BNDRY:WTR0100000001NWCD","properties":{"NF_ID":"WTR0100000001NWCD","admin_code":"47130","source_layer":"TN_RIVER_BNDRY","semantic":"zone","river_class":"소하천","river_class_source":"중심선 공간조인","survey_method":"사진측량"},"geometry":{"type":"Polygon","coordinates":[[[129.06096,35.68606],[129.06086,35.68599],[129.06076,35.68606],[129.06085,35.68614],[129.06088,35.68611],[129.06089,35.6861],[129.06096,35.68606]]]}},{"type":"Feature","id":"TN_RIVER_BNDRY:WTR0100000001NWDE","properties":{"NF_ID":"WTR0100000001NWDE","admin_code":"47130","source_layer":"TN_RIVER_BNDRY","semantic":"zone","river_class":"소하천","river_class_source":"중심선 공간조인","survey_method":"사진측량"},"geometry":{"type":"Polygon","coordinates":[[[129.06086,35.68599],[129.06075,35.68537],[129.06073,35.68593],[129.06076,35.68606],[129.06086,35.68599]]]}},{"type":"Feature","id":"TN_RIVER_BNDRY:WTR0100000001NWEF","properties":{"NF_ID":"WTR0100000001NWEF","admin_code":"47130","source_layer":"TN_RIVER_BNDRY","semantic":"zone","river_class":"소하천","river_class_source":"중심선 공간조인","survey_method":"사진측량"},"geometry":{"type":"Polygon","coordinates":[[[129.06086,35.68599],[129.06096,35.68606],[129.06143,35.68567],[129.06188,35.68474],[129.06239,35.6843],[129.06221,35.6838],[129.06256,35.68367],[129.06292,35.68323],[129.06372,35.68287],[129.06402,35.68118],[129.06353,35.68296],[129.06288,35.6832],[129.06261,35.68356],[129.06217,35.68376],[129.06226,35.6843],[129.06185,35.6847],[129.06133,35.68571],[129.06086,35.68599]]]}},{"type":"Feature","id":"TN_RIVER_BNDRY:WTR0100000001NWFG","properties":{"NF_ID":"WTR0100000001NWFG","admin_code":"47130","source_layer":"TN_RIVER_BNDRY","semantic":"zone","river_class":"지방하천","river_class_source":"중심선 공간조인","river_name":"범곡천","river_code":"2026980","survey_method":"사진측량"},"geometry":{"type":"Polygon","coordinates":[[[129.05328,35.68757],[129.05256,35.68612],[129.05141,35.68565],[129.05036,35.68476],[129.05127,35.68379],[129.05145,35.6838],[129.05183,35.68343],[129.05188,35.68299],[129.05167,35.68285],[129.05157,35.6834],[129.05027,35.68447],[129.0503,35.68492],[129.05134,35.68592],[129.05245,35.68643],[129.05303,35.68764],[129.05328,35.68757]]]}},{"type":"Feature","id":"TN_RIVER_BNDRY:WTR0100000001NWGH","properties":{"NF_ID":"WTR0100000001NWGH","admin_code":"47130","source_layer":"TN_RIVER_BNDRY","semantic":"zone","river_class":"소하천","river_class_source":"중심선 공간조인","survey_method":"사진측량"},"geometry":{"type":"Polygon","coordinates":[[[129.05167,35.6828],[129.05159,35.68281],[129.05152,35.6828],[129.05148,35.6828],[129.05146,35.6828],[129.05133,35.68281],[129.05126,35.68282],[129.05125,35.68282],[129.05118,35.68281],[129.05107,35.68275],[129.05105,35.68274],[129.051,35.68273],[129.05099,35.68273],[129.05099,35.68273],[129.05099,35.68274],[129.051,35.68275],[129.05101,35.68277],[129.05107,35.6828],[129.05109,35.68282],[129.05116,35.68284],[129.05123,35.68285],[129.05125,35.68284],[129.0513,35.68284],[129.05148,35.68283],[129.05151,35.68283],[129.05159,35.68283],[129.05167,35.68285],[129.05167,35.6828]]]}},{"type":"Feature","id":"TN_RIVER_BNDRY:WTR0100000001NWKL","properties":{"NF_ID":"WTR0100000001NWKL","admin_code":"47130","source_layer":"TN_RIVER_BNDRY","semantic":"zone","river_class":"소하천","river_class_source":"중심선 공간조인","survey_method":"사진측량"},"geometry":{"type":"Polygon","coordinates":[[[129.08048,35.69584],[129.07981,35.69451],[129.07933,35.69425],[129.07889,35.69424],[129.07971,35.69451],[129.08048,35.69584]]]}},{"type":"Feature","id":"TN_RIVER_BNDRY:WTR0100000001NWST","properties":{"NF_ID":"WTR0100000001NWST","admin_code":"47130","source_layer":"TN_RIVER_BNDRY","semantic":"zone","river_class":"지방하천","river_class_source":"중심선 공간조인","river_name":"범곡천","river_code":"2026980","survey_method":"사진측량"},"geometry":{"type":"Polygon","coordinates":[[[129.0566,35.66864],[129.05641,35.66861],[129.05553,35.66955],[129.05512,35.67069],[129.05438,35.67143],[129.05431,35.67222],[129.05337,35.67352],[129.05264,35.67416],[129.05337,35.67369],[129.05442,35.67231],[129.05471,35.67122],[129.0551,35.67112],[129.05539,35.67082],[129.0556,35.66974],[129.0566,35.66864]]]}},{"type":"Feature","id":"TN_RIVER_BNDRY:WTR0100000001NWTU","properties":{"NF_ID":"WTR0100000001NWTU","admin_code":"47130","source_layer":"TN_RIVER_BNDRY","semantic":"zone","river_class":"지방하천","river_class_source":"중심선 공간조인","river_name":"범곡천","river_code":"2026980","survey_method":"사진측량"},"geometry":{"type":"Polygon","coordinates":[[[129.0527,35.67425],[129.05271,35.67423],[129.05272,35.67419],[129.05264,35.67416],[129.05261,35.67425],[129.0527,35.67425]]]}},{"type":"Feature","id":"TN_RIVER_BNDRY:WTR0100000001NWUV","properties":{"NF_ID":"WTR0100000001NWUV","admin_code":"47130","source_layer":"TN_RIVER_BNDRY","semantic":"zone","river_class":"소하천","river_class_source":"중심선 공간조인","survey_method":"사진측량"},"geometry":{"type":"Polygon","coordinates":[[[129.05264,35.67416],[129.05158,35.67407],[129.05133,35.67369],[129.0507,35.67338],[129.05018,35.67356],[129.05059,35.67344],[129.05108,35.67357],[129.05157,35.67412],[129.05261,35.67425],[129.05264,35.67416]]]}},{"type":"Feature","id":"TN_RIVER_BNDRY:WTR0100000001NWVW","properties":{"NF_ID":"WTR0100000001NWVW","admin_code":"47130","source_layer":"TN_RIVER_BNDRY","semantic":"zone","river_class":"지방하천","river_class_source":"중심선 공간조인","river_name":"범곡천","river_code":"2026980","survey_method":"사진측량"},"geometry":{"type":"Polygon","coordinates":[[[129.05946,35.66456],[129.0596,35.6646],[129.05964,35.66447],[129.05964,35.66354],[129.05946,35.66456]]]}},{"type":"Feature","id":"TN_RIVER_BNDRY:WTR0100000001NWWX","properties":{"NF_ID":"WTR0100000001NWWX","admin_code":"47130","source_layer":"TN_RIVER_BNDRY","semantic":"zone","river_class":"지방하천","river_class_source":"중심선 공간조인","river_name":"범곡천","river_code":"2026980","survey_method":"사진측량"},"geometry":{"type":"Polygon","coordinates":[[[129.0596,35.6646],[129.05946,35.66456],[129.05941,35.66468],[129.05955,35.66472],[129.0596,35.6646]]]}},{"type":"Feature","id":"TN_RIVER_BNDRY:WTR0100000001NWXY","properties":{"NF_ID":"WTR0100000001NWXY","admin_code":"47130","source_layer":"TN_RIVER_BNDRY","semantic":"zone","river_class":"지방하천","river_class_source":"중심선 공간조인","river_name":"범곡천","river_code":"2026980","survey_method":"사진측량"},"geometry":{"type":"Polygon","coordinates":[[[129.05946,35.66456],[129.05887,35.66444],[129.0581,35.66355],[129.05785,35.66355],[129.05876,35.66446],[129.05941,35.66468],[129.05946,35.66456]]]}},{"type":"Feature","id":"TN_RIVER_BNDRY:WTR0100000001NWYZ","properties":{"NF_ID":"WTR0100000001NWYZ","admin_code":"47130","source_layer":"TN_RIVER_BNDRY","semantic":"zone","river_class":"소하천","river_class_source":"중심선 공간조인","survey_method":"사진측량"},"geometry":{"type":"Polygon","coordinates":[[[129.05646,35.66853],[129.05639,35.66854],[129.05615,35.66853],[129.05613,35.66853],[129.05613,35.66854],[129.05613,35.66854],[129.05618,35.66857],[129.0563,35.66859],[129.05634,35.6686],[129.05641,35.66861],[129.05641,35.66861],[129.05646,35.66853]]]}},{"type":"Feature","id":"TN_RIVER_BNDRY:WTR0100000001NWZ0","properties":{"NF_ID":"WTR0100000001NWZ0","admin_code":"47130","source_layer":"TN_RIVER_BNDRY","semantic":"zone","river_class":"지방하천","river_class_source":"중심선 공간조인","river_name":"범곡천","river_code":"2026980","survey_method":"사진측량"},"geometry":{"type":"Polygon","coordinates":[[[129.05955,35.66472],[129.05941,35.66468],[129.05921,35.66502],[129.0588,35.66615],[129.05724,35.66637],[129.05679,35.66709],[129.05691,35.66769],[129.05646,35.66853],[129.05666,35.66854],[129.05702,35.66777],[129.05712,35.66677],[129.05815,35.66636],[129.05897,35.66645],[129.05883,35.66632],[129.05955,35.66472]]]}},{"type":"Feature","id":"TN_RIVER_BNDRY:WTR0100000001NX02","properties":{"NF_ID":"WTR0100000001NX02","admin_code":"47130","source_layer":"TN_RIVER_BNDRY","semantic":"zone","river_class":"지방하천","river_class_source":"중심선 공간조인","river_name":"범곡천","river_code":"2026980","survey_method":"사진측량"},"geometry":{"type":"Polygon","coordinates":[[[129.05666,35.66854],[129.05646,35.66853],[129.05641,35.66861],[129.0566,35.66864],[129.05666,35.66854]]]}},{"type":"Feature","id":"TN_RIVER_BNDRY:WTR0100000001NXHJ","properties":{"NF_ID":"WTR0100000001NXHJ","admin_code":"47130","source_layer":"TN_RIVER_BNDRY","semantic":"zone","river_class":"지방하천","river_class_source":"중심선 공간조인","river_name":"범곡천","river_code":"2026980","survey_method":"사진측량"},"geometry":{"type":"Polygon","coordinates":[[[129.05178,35.68274],[129.05141,35.68173],[129.05135,35.68031],[129.05164,35.67975],[129.05162,35.67838],[129.05208,35.67768],[129.05278,35.67575],[129.0527,35.67425],[129.05249,35.67486],[129.05265,35.67563],[129.05236,35.67603],[129.05185,35.67777],[129.0515,35.67831],[129.05145,35.67982],[129.05115,35.6806],[129.05146,35.6824],[129.05167,35.6828],[129.05178,35.68274]]]}},{"type":"Feature","id":"TN_RIVER_BNDRY:WTR0100000001NXJL","properties":{"NF_ID":"WTR0100000001NXJL","admin_code":"47130","source_layer":"TN_RIVER_BNDRY","semantic":"zone","river_class":"소하천","river_class_source":"중심선 공간조인","survey_method":"사진측량"},"geometry":{"type":"Polygon","coordinates":[[[129.24373,35.72535],[129.24366,35.72521],[129.24162,35.72592],[129.24167,35.72603],[129.24373,35.72535]]]}},{"type":"Feature","id":"TN_RIVER_BNDRY:WTR0100000001NXKM","properties":{"NF_ID":"WTR0100000001NXKM","admin_code":"47130","source_layer":"TN_RIVER_BNDRY","semantic":"zone","river_class":"소하천","river_class_source":"중심선 공간조인","survey_method":"사진측량"},"geometry":{"type":"Polygon","coordinates":[[[129.24147,35.7259],[129.24259,35.72546],[129.24183,35.72565],[129.24147,35.7259]]]}},{"type":"Feature","id":"TN_RIVER_BNDRY:WTR0100000001NXLN","properties":{"NF_ID":"WTR0100000001NXLN","admin_code":"47130","source_layer":"TN_RIVER_BNDRY","semantic":"zone","river_class":"소하천","river_class_source":"중심선 공간조인","survey_method":"사진측량"},"geometry":{"type":"Polygon","coordinates":[[[129.24155,35.72607],[129.24147,35.7259],[129.24101,35.72612],[129.2403,35.7261],[129.23922,35.72662],[129.23891,35.72692],[129.23884,35.72743],[129.23918,35.72796],[129.23912,35.72856],[129.23815,35.72854],[129.23812,35.72868],[129.23929,35.7288],[129.23942,35.72826],[129.23915,35.72748],[129.23925,35.72691],[129.24046,35.72624],[129.241,35.72625],[129.24155,35.72607]]]}},{"type":"Feature","id":"TN_RIVER_BNDRY:WTR0100000001NXMO","properties":{"NF_ID":"WTR0100000001NXMO","admin_code":"47130","source_layer":"TN_RIVER_BNDRY","semantic":"zone","river_class":"소하천","river_class_source":"중심선 공간조인","survey_method":"사진측량"},"geometry":{"type":"Polygon","coordinates":[[[129.24167,35.72603],[129.24162,35.72592],[129.24147,35.7259],[129.24155,35.72607],[129.24167,35.72603]]]}},{"type":"Feature","id":"TN_RIVER_BNDRY:WTR0100000001NXNP","properties":{"NF_ID":"WTR0100000001NXNP","admin_code":"47130","source_layer":"TN_RIVER_BNDRY","semantic":"zone","river_class":"소하천","river_class_source":"중심선 공간조인","survey_method":"사진측량"},"geometry":{"type":"Polygon","coordinates":[[[129.23703,35.74986],[129.23713,35.74982],[129.23713,35.74982],[129.23713,35.74981],[129.23709,35.74982],[129.23707,35.74983],[129.23705,35.74983],[129.23704,35.74983],[129.23703,35.74983],[129.23703,35.74982],[129.23703,35.74981],[129.23702,35.7498],[129.237,35.74979],[129.23699,35.74978],[129.23699,35.74978],[129.23703,35.74968],[129.23704,35.74967],[129.23705,35.74965],[129.23707,35.74962],[129.2371,35.74957],[129.23715,35.74947],[129.23719,35.74937],[129.23722,35.74928],[129.23725,35.7492],[129.23727,35.74915],[129.23728,35.74913],[129.23728,35.74913],[129.23729,35.74906],[129.2373,35.74905],[129.23729,35.74904],[129.23729,35.74904],[129.23728,35.74903],[129.23728,35.74902],[129.23729,35.74899],[129.23728,35.74899],[129.23728,35.74899],[129.23728,35.74899],[129.23727,35.74903],[129.23727,35.74903],[129.23727,35.74904],[129.23727,35.74905],[129.23728,35.74905],[129.23726,35.74914],[129.23726,35.74914],[129.23726,35.74915],[129.23725,35.74915],[129.23723,35.74916],[129.23722,35.74917],[129.23722,35.74917],[129.2372,35.74925],[129.23715,35.74937],[129.23711,35.74946],[129.23706,35.74957],[129.23703,35.74964],[129.23702,35.74967],[129.23702,35.74967],[129.23701,35.74967],[129.23698,35.74977],[129.23698,35.74978],[129.23697,35.74979],[129.23695,35.74984],[129.23697,35.74986],[129.23703,35.74986]]]}},{"type":"Feature","id":"TN_RIVER_BNDRY:WTR0100000001NXOQ","properties":{"NF_ID":"WTR0100000001NXOQ","admin_code":"47130","source_layer":"TN_RIVER_BNDRY","semantic":"zone","river_class":"소하천","river_class_source":"중심선 공간조인","survey_method":"사진측량"},"geometry":{"type":"Polygon","coordinates":[[[129.2036,35.72758],[129.20359,35.72753],[129.20358,35.72752],[129.20357,35.72741],[129.20349,35.72711],[129.20348,35.72705],[129.20346,35.72691],[129.20342,35.72659],[129.20342,35.72657],[129.20339,35.72641],[129.20339,35.72639],[129.20335,35.72605],[129.20333,35.72587],[129.20331,35.72556],[129.20331,35.72554],[129.2033,35.72547],[129.20329,35.72544],[129.20326,35.72553],[129.20328,35.72586],[129.2033,35.72604],[129.20333,35.72624],[129.20334,35.7264],[129.20335,35.72641],[129.20337,35.72656],[129.20337,35.72657],[129.20341,35.72689],[129.20343,35.72704],[129.2035,35.72734],[129.20355,35.72752],[129.20355,35.72754],[129.20356,35.72759],[129.2036,35.72758]]]}},{"type":"Feature","id":"TN_RIVER_BNDRY:WTR0100000001NXPR","properties":{"NF_ID":"WTR0100000001NXPR","admin_code":"47130","source_layer":"TN_RIVER_BNDRY","semantic":"zone","river_class":"지방하천","river_class_source":"중심선 공간조인","river_name":"형산강","river_code":"2100010","survey_method":"사진측량"},"geometry":{"type":"Polygon","coordinates":[[[129.20385,35.72846],[129.2036,35.72758],[129.20371,35.72851],[129.20385,35.72846]]]}},{"type":"Feature","id":"TN_RIVER_BNDRY:WTR0100000001NXQS","properties":{"NF_ID":"WTR0100000001NXQS","admin_code":"47130","source_layer":"TN_RIVER_BNDRY","semantic":"zone","river_class":"지방하천","river_class_source":"중심선 공간조인","river_name":"형산강","river_code":"2120010","survey_method":"사진측량"},"geometry":{"type":"Polygon","coordinates":[[[129.20266,35.74897],[129.20209,35.74838],[129.2017,35.74827],[129.20202,35.74824],[129.20182,35.74775],[129.20045,35.74798],[129.20113,35.7496],[129.20266,35.74897]]]}},{"type":"Feature","id":"TN_RIVER_BNDRY:WTR0100000001NXRT","properties":{"NF_ID":"WTR0100000001NXRT","admin_code":"47130","source_layer":"TN_RIVER_BNDRY","semantic":"zone","river_class":"지방하천","river_class_source":"중심선 공간조인","river_name":"형산강","river_code":"2100010","survey_method":"사진측량"},"geometry":{"type":"Polygon","coordinates":[[[129.20182,35.74775],[129.20087,35.74362],[129.2002,35.74355],[129.20003,35.7425],[129.19962,35.74153],[129.20033,35.74136],[129.20018,35.73931],[129.20038,35.73852],[129.2024,35.73655],[129.20273,35.73598],[129.20303,35.73379],[129.20249,35.73178],[129.20217,35.72969],[129.20232,35.72926],[129.20263,35.72899],[129.20371,35.72851],[129.20356,35.72759],[129.20198,35.72821],[129.2014,35.72872],[129.20108,35.72925],[129.20105,35.72976],[129.20204,35.73401],[129.20181,35.73528],[129.20147,35.73601],[129.19848,35.73802],[129.19779,35.74016],[129.19789,35.74128],[129.1997,35.74405],[129.20045,35.74733],[129.20045,35.74798],[129.20182,35.74775]]]}},{"type":"Feature","id":"TN_RIVER_BNDRY:WTR0100000001NXSU","properties":{"NF_ID":"WTR0100000001NXSU","admin_code":"47130","source_layer":"TN_RIVER_BNDRY","semantic":"zone","river_class":"소하천","river_class_source":"중심선 공간조인","survey_method":"사진측량"},"geometry":{"type":"Polygon","coordinates":[[[129.18978,35.74829],[129.18915,35.74857],[129.18894,35.74817],[129.18831,35.74817],[129.18819,35.74789],[129.18829,35.74818],[129.18893,35.74818],[129.18914,35.74859],[129.18978,35.74829]]]}},{"type":"Feature","id":"TN_RIVER_BNDRY:WTR0100000001NXTV","properties":{"NF_ID":"WTR0100000001NXTV","admin_code":"47130","source_layer":"TN_RIVER_BNDRY","semantic":"zone","river_class":"소하천","river_class_source":"중심선 공간조인","survey_method":"사진측량"},"geometry":{"type":"Polygon","coordinates":[[[129.1898,35.74827],[129.18977,35.74825],[129.18974,35.74827],[129.18978,35.74829],[129.1898,35.74827]]]}},{"type":"Feature","id":"TN_RIVER_BNDRY:WTR0100000001NXUW","properties":{"NF_ID":"WTR0100000001NXUW","admin_code":"47130","source_layer":"TN_RIVER_BNDRY","semantic":"zone","river_class":"소하천","river_class_source":"중심선 공간조인","survey_method":"사진측량"},"geometry":{"type":"Polygon","coordinates":[[[129.18977,35.74825],[129.18967,35.74819],[129.1896,35.74816],[129.18955,35.74814],[129.18952,35.74814],[129.18951,35.74814],[129.1895,35.74814],[129.18949,35.74815],[129.18948,35.74815],[129.18948,35.74815],[129.18948,35.74815],[129.18949,35.74816],[129.1895,35.74816],[129.18958,35.74818],[129.18964,35.7482],[129.18974,35.74827],[129.18974,35.74827],[129.18974,35.74827],[129.18977,35.74825]]]}},{"type":"Feature","id":"TN_RIVER_BNDRY:WTR0100000001NXVX","properties":{"NF_ID":"WTR0100000001NXVX","admin_code":"47130","source_layer":"TN_RIVER_BNDRY","semantic":"zone","river_class":"지방하천","river_class_source":"중심선 공간조인","river_name":"이조천","river_code":"2120050","survey_method":"사진측량"},"geometry":{"type":"Polygon","coordinates":[[[129.17938,35.74286],[129.17747,35.74253],[129.17738,35.74352],[129.17889,35.7434],[129.17877,35.74351],[129.17917,35.74354],[129.17938,35.74286]]]}},{"type":"Feature","id":"TN_RIVER_BNDRY:WTR0100000001NXWY","properties":{"NF_ID":"WTR0100000001NXWY","admin_code":"47130","source_layer":"TN_RIVER_BNDRY","semantic":"zone","river_class":"소하천","river_class_source":"중심선 공간조인","survey_method":"사진측량"},"geometry":{"type":"Polygon","coordinates":[[[129.17935,35.74611],[129.17966,35.74798],[129.18026,35.74998],[129.17935,35.74611]]]}},{"type":"Feature","id":"TN_RIVER_BNDRY:WTR0100000001NXXZ","properties":{"NF_ID":"WTR0100000001NXXZ","admin_code":"47130","source_layer":"TN_RIVER_BNDRY","semantic":"zone","river_class":"소하천","river_class_source":"중심선 공간조인","survey_method":"사진측량"},"geometry":{"type":"Polygon","coordinates":[[[129.19118,35.7483],[129.19179,35.74884],[129.19363,35.74966],[129.19183,35.74881],[129.19118,35.7483]]]}},{"type":"Feature","id":"TN_RIVER_BNDRY:WTR0100000001NXY0","properties":{"NF_ID":"WTR0100000001NXY0","admin_code":"47130","source_layer":"TN_RIVER_BNDRY","semantic":"zone","river_class":"소하천","river_class_source":"중심선 공간조인","survey_method":"사진측량"},"geometry":{"type":"Polygon","coordinates":[[[129.19113,35.74834],[129.19061,35.74868],[129.18978,35.74829],[129.19047,35.7487],[129.19073,35.74868],[129.19113,35.74834]]]}},{"type":"Feature","id":"TN_RIVER_BNDRY:WTR0100000001NXZ1","properties":{"NF_ID":"WTR0100000001NXZ1","admin_code":"47130","source_layer":"TN_RIVER_BNDRY","semantic":"zone","river_class":"소하천","river_class_source":"중심선 공간조인","survey_method":"사진측량"},"geometry":{"type":"Polygon","coordinates":[[[129.19114,35.74826],[129.19086,35.74798],[129.19083,35.74799],[129.19083,35.74799],[129.19083,35.748],[129.19083,35.74801],[129.19092,35.74812],[129.19109,35.74829],[129.1911,35.7483],[129.19114,35.74826]]]}},{"type":"Feature","id":"TN_RIVER_BNDRY:WTR0100000001NY03","properties":{"NF_ID":"WTR0100000001NY03","admin_code":"47130","source_layer":"TN_RIVER_BNDRY","semantic":"zone","river_class":"소하천","river_class_source":"중심선 공간조인","survey_method":"사진측량"},"geometry":{"type":"Polygon","coordinates":[[[129.19118,35.7483],[129.19114,35.74826],[129.1911,35.7483],[129.19113,35.74834],[129.19118,35.7483]]]}},{"type":"Feature","id":"TN_RIVER_BNDRY:WTR0100000001NY14","properties":{"NF_ID":"WTR0100000001NY14","admin_code":"47130","source_layer":"TN_RIVER_BNDRY","semantic":"zone","river_class":"소하천","river_class_source":"중심선 공간조인","survey_method":"사진측량"},"geometry":{"type":"Polygon","coordinates":[[[129.23615,35.72836],[129.23567,35.73002],[129.23571,35.73127],[129.23572,35.73004],[129.23615,35.72836]]]}},{"type":"Feature","id":"TN_RIVER_BNDRY:WTR0100000001NY25","properties":{"NF_ID":"WTR0100000001NY25","admin_code":"47130","source_layer":"TN_RIVER_BNDRY","semantic":"zone","river_class":"소하천","river_class_source":"중심선 공간조인","survey_method":"사진측량"},"geometry":{"type":"Polygon","coordinates":[[[129.23815,35.72854],[129.23798,35.72851],[129.23797,35.72863],[129.23812,35.72868],[129.23815,35.72854]]]}},{"type":"Feature","id":"TN_RIVER_BNDRY:WTR0100000001NY36","properties":{"NF_ID":"WTR0100000001NY36","admin_code":"47130","source_layer":"TN_RIVER_BNDRY","semantic":"zone","river_class":"소하천","river_class_source":"중심선 공간조인","survey_method":"사진측량"},"geometry":{"type":"Polygon","coordinates":[[[129.23812,35.72868],[129.23797,35.72863],[129.23826,35.72918],[129.23802,35.72952],[129.23806,35.72987],[129.23826,35.73008],[129.23882,35.73025],[129.23921,35.73087],[129.24078,35.73147],[129.24105,35.732],[129.24187,35.73196],[129.24249,35.73223],[129.24266,35.73248],[129.24304,35.73248],[129.24193,35.73193],[129.24112,35.73195],[129.24085,35.73145],[129.23928,35.73084],[129.23889,35.73022],[129.23832,35.73004],[129.23814,35.72981],[129.23808,35.7296],[129.23835,35.72917],[129.23812,35.72868]]]}},{"type":"Feature","id":"TN_RIVER_BNDRY:WTR0100000001NY47","properties":{"NF_ID":"WTR0100000001NY47","admin_code":"47130","source_layer":"TN_RIVER_BNDRY","semantic":"zone","river_class":"소하천","river_class_source":"중심선 공간조인","survey_method":"사진측량"},"geometry":{"type":"Polygon","coordinates":[[[129.22889,35.72529],[129.22866,35.72521],[129.22835,35.72547],[129.22869,35.72553],[129.22889,35.72529]]]}},{"type":"Feature","id":"TN_RIVER_BNDRY:WTR0100000001NY58","properties":{"NF_ID":"WTR0100000001NY58","admin_code":"47130","source_layer":"TN_RIVER_BNDRY","semantic":"zone","river_class":"소하천","river_class_source":"중심선 공간조인","survey_method":"사진측량"},"geometry":{"type":"Polygon","coordinates":[[[129.23798,35.72851],[129.23638,35.72818],[129.23615,35.72836],[129.23797,35.72863],[129.23798,35.72851]]]}},{"type":"Feature","id":"TN_RIVER_BNDRY:WTR0100000001NY69","properties":{"NF_ID":"WTR0100000001NY69","admin_code":"47130","source_layer":"TN_RIVER_BNDRY","semantic":"zone","river_class":"소하천","river_class_source":"중심선 공간조인","survey_method":"사진측량"},"geometry":{"type":"Polygon","coordinates":[[[129.23638,35.72818],[129.23635,35.72818],[129.2361,35.72835],[129.23615,35.72836],[129.23619,35.72835],[129.23638,35.72818]]]}},{"type":"Feature","id":"TN_RIVER_BNDRY:WTR0100000001NY7A","properties":{"NF_ID":"WTR0100000001NY7A","admin_code":"47130","source_layer":"TN_RIVER_BNDRY","semantic":"zone","river_class":"소하천","river_class_source":"중심선 공간조인","survey_method":"사진측량"},"geometry":{"type":"Polygon","coordinates":[[[129.23635,35.72818],[129.23463,35.72796],[129.23264,35.7274],[129.23073,35.72665],[129.22936,35.72546],[129.22889,35.72529],[129.22869,35.72553],[129.22923,35.72569],[129.2306,35.72688],[129.23302,35.72779],[129.2352,35.72827],[129.2361,35.72835],[129.23635,35.72818]]]}},{"type":"Feature","id":"TN_RIVER_BNDRY:WTR0100000001NY8B","properties":{"NF_ID":"WTR0100000001NY8B","admin_code":"47130","source_layer":"TN_RIVER_BNDRY","semantic":"zone","river_class":"소하천","river_class_source":"중심선 공간조인","survey_method":"사진측량"},"geometry":{"type":"Polygon","coordinates":[[[129.23523,35.74575],[129.23512,35.74563],[129.23513,35.74593],[129.23523,35.74575]]]}},{"type":"Feature","id":"TN_RIVER_BNDRY:WTR0100000001NY9C","properties":{"NF_ID":"WTR0100000001NY9C","admin_code":"47130","source_layer":"TN_RIVER_BNDRY","semantic":"zone","river_class":"소하천","river_class_source":"중심선 공간조인","survey_method":"사진측량"},"geometry":{"type":"Polygon","coordinates":[[[129.23523,35.74575],[129.23513,35.74594],[129.23598,35.74693],[129.23699,35.74762],[129.23734,35.7484],[129.23711,35.74748],[129.23617,35.74686],[129.23523,35.74575]]]}},{"type":"Feature","id":"TN_RIVER_BNDRY:WTR0100000001NYLO","properties":{"NF_ID":"WTR0100000001NYLO","admin_code":"47130","source_layer":"TN_RIVER_BNDRY","semantic":"zone","river_class":"지방하천","river_class_source":"중심선 공간조인","river_name":"복안천","river_code":"2120030","survey_method":"사진측량"},"geometry":{"type":"Polygon","coordinates":[[[129.20691,35.72125],[129.20657,35.72123],[129.20517,35.72051],[129.20219,35.71867],[129.20185,35.71811],[129.20135,35.71642],[129.20061,35.71531],[129.19971,35.71449],[129.19918,35.71432],[129.19749,35.71444],[129.19658,35.7142],[129.19573,35.71376],[129.19534,35.71326],[129.19546,35.71312],[129.1955,35.71115],[129.19477,35.7109],[129.19464,35.7123],[129.19518,35.71369],[129.19654,35.71444],[129.1966,35.71465],[129.19669,35.71454],[129.19736,35.71475],[129.19816,35.71465],[129.19875,35.71473],[129.2,35.71521],[129.20079,35.7163],[129.20065,35.71677],[129.20078,35.71725],[129.2006,35.71744],[129.20101,35.71848],[129.2015,35.71895],[129.20601,35.72181],[129.20691,35.72125]]]}},{"type":"Feature","id":"TN_RIVER_BNDRY:WTR0100000001O06C","properties":{"NF_ID":"WTR0100000001O06C","admin_code":"47130","source_layer":"TN_RIVER_BNDRY","semantic":"zone","river_class":"지방하천","river_class_source":"중심선 공간조인","river_name":"복안천","river_code":"2120030","survey_method":"사진측량"},"geometry":{"type":"Polygon","coordinates":[[[129.20779,35.72082],[129.20601,35.72181],[129.20783,35.72205],[129.20779,35.72082]]]}},{"type":"Feature","id":"TN_RIVER_BNDRY:WTR0100000001O0BH","properties":{"NF_ID":"WTR0100000001O0BH","admin_code":"47130","source_layer":"TN_RIVER_BNDRY","semantic":"zone","river_class":"소하천","river_class_source":"중심선 공간조인","survey_method":"사진측량"},"geometry":{"type":"Polygon","coordinates":[[[129.22866,35.72521],[129.22889,35.72529],[129.22949,35.72485],[129.22959,35.72451],[129.23016,35.7243],[129.23062,35.72382],[129.23174,35.72325],[129.2331,35.72164],[129.23346,35.72142],[129.23361,35.72085],[129.23542,35.71919],[129.23561,35.71858],[129.23697,35.71728],[129.23563,35.71848],[129.23538,35.71917],[129.23362,35.72072],[129.23339,35.7214],[129.23301,35.72165],[129.23165,35.72327],[129.23062,35.72376],[129.23017,35.72422],[129.22955,35.7245],[129.22941,35.7248],[129.22866,35.72521]]]}},{"type":"Feature","id":"TN_RIVER_BNDRY:WTR0100000001O0CI","properties":{"NF_ID":"WTR0100000001O0CI","admin_code":"47130","source_layer":"TN_RIVER_BNDRY","semantic":"zone","river_class":"소하천","river_class_source":"중심선 공간조인","survey_method":"사진측량"},"geometry":{"type":"Polygon","coordinates":[[[129.22835,35.72547],[129.22866,35.72521],[129.22727,35.72524],[129.22612,35.725],[129.22383,35.72311],[129.22036,35.72085],[129.21707,35.7199],[129.21661,35.71987],[129.21488,35.72024],[129.21326,35.72091],[129.21246,35.72108],[129.20933,35.72065],[129.20779,35.72082],[129.20783,35.72205],[129.20886,35.72107],[129.20976,35.72106],[129.21081,35.72147],[129.21209,35.72157],[129.21366,35.72117],[129.21429,35.72075],[129.21565,35.72038],[129.21723,35.7203],[129.21837,35.72055],[129.2196,35.72089],[129.22071,35.72148],[129.22156,35.72231],[129.22428,35.72415],[129.22504,35.72491],[129.22529,35.72549],[129.22835,35.72547]]]}},{"type":"Feature","id":"TN_RIVER_BNDRY:WTR0100000001O0DJ","properties":{"NF_ID":"WTR0100000001O0DJ","admin_code":"47130","source_layer":"TN_RIVER_BNDRY","semantic":"zone","river_class":"지방하천","river_class_source":"중심선 공간조인","river_name":"형산강","river_code":"2100010","survey_method":"사진측량"},"geometry":{"type":"Polygon","coordinates":[[[129.20783,35.72205],[129.20601,35.72181],[129.20615,35.72446],[129.2057,35.72643],[129.20453,35.72732],[129.2036,35.72758],[129.20385,35.72846],[129.2057,35.72793],[129.20631,35.72747],[129.20705,35.72469],[129.20688,35.72483],[129.20803,35.72256],[129.20781,35.72235],[129.20783,35.72205]]]}},{"type":"Feature","id":"TN_RIVER_BNDRY:WTR0100000001O0EK","properties":{"NF_ID":"WTR0100000001O0EK","admin_code":"47130","source_layer":"TN_RIVER_BNDRY","semantic":"zone","river_class":"소하천","river_class_source":"중심선 공간조인","survey_method":"사진측량"},"geometry":{"type":"Polygon","coordinates":[[[129.24378,35.72533],[129.24372,35.7252],[129.24366,35.72521],[129.24373,35.72535],[129.24376,35.72534],[129.24378,35.72533]]]}},{"type":"Feature","id":"TN_RIVER_BNDRY:WTR0100000001O0FL","properties":{"NF_ID":"WTR0100000001O0FL","admin_code":"47130","source_layer":"TN_RIVER_BNDRY","semantic":"zone","river_class":"소하천","river_class_source":"중심선 공간조인","survey_method":"사진측량"},"geometry":{"type":"Polygon","coordinates":[[[129.24372,35.7252],[129.24378,35.72533],[129.24423,35.72521],[129.24372,35.7252]]]}},{"type":"Feature","id":"TN_RIVER_BNDRY:WTR0100000001O0GM","properties":{"NF_ID":"WTR0100000001O0GM","admin_code":"47130","source_layer":"TN_RIVER_BNDRY","semantic":"zone","river_class":"소하천","river_class_source":"중심선 공간조인","survey_method":"사진측량"},"geometry":{"type":"Polygon","coordinates":[[[129.24372,35.7252],[129.24364,35.725],[129.24363,35.72499],[129.24363,35.72498],[129.24359,35.72499],[129.24359,35.725],[129.24366,35.72517],[129.24364,35.72518],[129.24366,35.72521],[129.24372,35.7252]]]}},{"type":"Feature","id":"TN_RIVER_BNDRY:WTR0100000001OCTB","properties":{"NF_ID":"WTR0100000001OCTB","admin_code":"47130","source_layer":"TN_RIVER_BNDRY","semantic":"zone","river_class":"지방하천","river_class_source":"중심선 공간조인","river_name":"능동천","river_code":"2220030","survey_method":"사진측량"},"geometry":{"type":"Polygon","coordinates":[[[129.06527,35.64775],[129.06499,35.64766],[129.06501,35.64784],[129.06527,35.64775]]]}},{"type":"Feature","id":"TN_RIVER_BNDRY:WTR0100000001OCUC","properties":{"NF_ID":"WTR0100000001OCUC","admin_code":"47130","source_layer":"TN_RIVER_BNDRY","semantic":"zone","river_class":"소하천","river_class_source":"중심선 공간조인","survey_method":"사진측량"},"geometry":{"type":"Polygon","coordinates":[[[129.06527,35.64775],[129.06509,35.64787],[129.06533,35.64794],[129.06747,35.64833],[129.0669,35.64808],[129.06527,35.64775]]]}},{"type":"Feature","id":"TN_RIVER_BNDRY:WTR0100000001ODBU","properties":{"NF_ID":"WTR0100000001ODBU","admin_code":"47130","source_layer":"TN_RIVER_BNDRY","semantic":"zone","river_class":"소하천","river_class_source":"중심선 공간조인","survey_method":"사진측량"},"geometry":{"type":"Polygon","coordinates":[[[129.07624,35.71202],[129.07586,35.71195],[129.0756,35.71209],[129.07614,35.71201],[129.07687,35.71255],[129.07624,35.71202]]]}},{"type":"Feature","id":"TN_RIVER_BNDRY:WTR0100000001ODCV","properties":{"NF_ID":"WTR0100000001ODCV","admin_code":"47130","source_layer":"TN_RIVER_BNDRY","semantic":"zone","river_class":"소하천","river_class_source":"중심선 공간조인","survey_method":"사진측량"},"geometry":{"type":"Polygon","coordinates":[[[129.07594,35.70979],[129.07657,35.70937],[129.07681,35.70954],[129.07673,35.70934],[129.07644,35.70937],[129.07594,35.70979]]]}},{"type":"Feature","id":"TN_RIVER_BNDRY:WTR0100000001ODDW","properties":{"NF_ID":"WTR0100000001ODDW","admin_code":"47130","source_layer":"TN_RIVER_BNDRY","semantic":"zone","river_class":"지방하천","river_class_source":"중심선 공간조인","river_name":"동창천","river_code":"2026960","survey_method":"사진측량"},"geometry":{"type":"Polygon","coordinates":[[[129.07595,35.70981],[129.07594,35.70979],[129.07568,35.70986],[129.0757,35.70989],[129.07595,35.70981]]]}},{"type":"Feature","id":"TN_RIVER_BNDRY:WTR0100000001ODEX","properties":{"NF_ID":"WTR0100000001ODEX","admin_code":"47130","source_layer":"TN_RIVER_BNDRY","semantic":"zone","river_class":"소하천","river_class_source":"중심선 공간조인","survey_method":"사진측량"},"geometry":{"type":"Polygon","coordinates":[[[129.07537,35.71745],[129.07534,35.71744],[129.07532,35.7175],[129.07535,35.71752],[129.07537,35.71745]]]}},{"type":"Feature","id":"TN_RIVER_BNDRY:WTR0100000001ODFY","properties":{"NF_ID":"WTR0100000001ODFY","admin_code":"47130","source_layer":"TN_RIVER_BNDRY","semantic":"zone","river_class":"소하천","river_class_source":"중심선 공간조인","survey_method":"사진측량"},"geometry":{"type":"Polygon","coordinates":[[[129.07537,35.71745],[129.07595,35.71792],[129.07584,35.71762],[129.07537,35.71745]]]}},{"type":"Feature","id":"TN_RIVER_BNDRY:WTR0100000001ODGZ","properties":{"NF_ID":"WTR0100000001ODGZ","admin_code":"47130","source_layer":"TN_RIVER_BNDRY","semantic":"zone","river_class":"소하천","river_class_source":"중심선 공간조인","survey_method":"사진측량"},"geometry":{"type":"Polygon","coordinates":[[[129.07535,35.71752],[129.07532,35.7175],[129.07532,35.71755],[129.07531,35.71756],[129.07531,35.71758],[129.0753,35.71759],[129.07531,35.7176],[129.07531,35.71761],[129.07531,35.71761],[129.07532,35.71761],[129.07533,35.7176],[129.07533,35.7176],[129.07534,35.7176],[129.07535,35.71758],[129.07535,35.71756],[129.07535,35.71752]]]}},{"type":"Feature","id":"TN_RIVER_BNDRY:WTR0100000001ODH0","properties":{"NF_ID":"WTR0100000001ODH0","admin_code":"47130","source_layer":"TN_RIVER_BNDRY","semantic":"zone","river_class":"소하천","river_class_source":"중심선 공간조인","survey_method":"사진측량"},"geometry":{"type":"Polygon","coordinates":[[[129.07534,35.71744],[129.07534,35.71743],[129.0753,35.71739],[129.07529,35.71737],[129.07526,35.7173],[129.07523,35.71722],[129.07523,35.71722],[129.07523,35.7172],[129.07522,35.71716],[129.07521,35.71707],[129.0752,35.71705],[129.0752,35.71704],[129.07521,35.717],[129.07515,35.71684],[129.07514,35.71682],[129.07513,35.7168],[129.07512,35.71677],[129.07508,35.71678],[129.0751,35.71688],[129.07514,35.71697],[129.07514,35.71697],[129.07515,35.71699],[129.07514,35.71702],[129.07513,35.71704],[129.07513,35.71711],[129.07515,35.71719],[129.07515,35.71723],[129.07519,35.71733],[129.07523,35.7174],[129.07528,35.71747],[129.07532,35.7175],[129.07534,35.71744]]]}},{"type":"Feature","id":"TN_RIVER_BNDRY:WTR0100000001ODI1","properties":{"NF_ID":"WTR0100000001ODI1","admin_code":"47130","source_layer":"TN_RIVER_BNDRY","semantic":"zone","river_class":"지방하천","river_class_source":"중심선 공간조인","river_name":"동창천","river_code":"2026960","survey_method":"사진측량"},"geometry":{"type":"Polygon","coordinates":[[[129.07578,35.70601],[129.07545,35.70586],[129.07539,35.70595],[129.07578,35.70601]]]}},{"type":"Feature","id":"TN_RIVER_BNDRY:WTR0100000001ODJ2","properties":{"NF_ID":"WTR0100000001ODJ2","admin_code":"47130","source_layer":"TN_RIVER_BNDRY","semantic":"zone","river_class":"소하천","river_class_source":"중심선 공간조인","survey_method":"사진측량"},"geometry":{"type":"Polygon","coordinates":[[[129.07578,35.70601],[129.07574,35.70606],[129.07581,35.70607],[129.07592,35.70608],[129.07596,35.70609],[129.07602,35.7061],[129.07607,35.70611],[129.07611,35.70611],[129.07616,35.70613],[129.07617,35.70611],[129.07616,35.70609],[129.07611,35.70608],[129.07595,35.70605],[129.07586,35.70603],[129.07578,35.70601]]]}},{"type":"Feature","id":"TN_RIVER_BNDRY:WTR0100000001ODM5","properties":{"NF_ID":"WTR0100000001ODM5","admin_code":"47130","source_layer":"TN_RIVER_BNDRY","semantic":"zone","river_class":"소하천","river_class_source":"중심선 공간조인","survey_method":"사진측량"},"geometry":{"type":"Polygon","coordinates":[[[129.1035,35.72216],[129.10322,35.72245],[129.10213,35.72284],[129.10326,35.72247],[129.1035,35.72216]]]}},{"type":"Feature","id":"TN_RIVER_BNDRY:WTR0100000001OEG0","properties":{"NF_ID":"WTR0100000001OEG0","admin_code":"47130","source_layer":"TN_RIVER_BNDRY","semantic":"zone","river_class":"소하천","river_class_source":"중심선 공간조인","survey_method":"사진측량"},"geometry":{"type":"Polygon","coordinates":[[[129.17119,35.72446],[129.17055,35.72403],[129.16865,35.72377],[129.16681,35.72312],[129.1662,35.72275],[129.1663,35.7224],[129.16611,35.72222],[129.16606,35.72278],[129.16662,35.72314],[129.16856,35.72385],[129.17041,35.72408],[129.17108,35.72457],[129.17119,35.72446]]]}},{"type":"Feature","id":"TN_RIVER_BNDRY:WTR0100000001OEH1","properties":{"NF_ID":"WTR0100000001OEH1","admin_code":"47130","source_layer":"TN_RIVER_BNDRY","semantic":"zone","river_class":"소하천","river_class_source":"중심선 공간조인","survey_method":"사진측량"},"geometry":{"type":"Polygon","coordinates":[[[129.1713,35.72453],[129.17108,35.72457],[129.17119,35.72464],[129.1713,35.72453]]]}},{"type":"Feature","id":"TN_RIVER_BNDRY:WTR0100000001OEI2","properties":{"NF_ID":"WTR0100000001OEI2","admin_code":"47130","source_layer":"TN_RIVER_BNDRY","semantic":"zone","river_class":"소하천","river_class_source":"중심선 공간조인","survey_method":"사진측량"},"geometry":{"type":"Polygon","coordinates":[[[129.17119,35.72446],[129.1713,35.72453],[129.17201,35.72376],[129.17152,35.72335],[129.17143,35.72254],[129.17074,35.72254],[129.17055,35.72237],[129.17039,35.72173],[129.1705,35.7208],[129.1703,35.72146],[129.17043,35.7223],[129.17068,35.72257],[129.17132,35.72257],[129.17136,35.72334],[129.1719,35.72377],[129.17119,35.72446]]]}},{"type":"Feature","id":"TN_RIVER_BNDRY:WTR0100000001OEL5","properties":{"NF_ID":"WTR0100000001OEL5","admin_code":"47130","source_layer":"TN_RIVER_BNDRY","semantic":"zone","river_class":"소하천","river_class_source":"중심선 공간조인","survey_method":"사진측량"},"geometry":{"type":"Polygon","coordinates":[[[129.03191,35.71564],[129.03263,35.71403],[129.03124,35.71491],[129.03175,35.71567],[129.03191,35.71564]]]}},{"type":"Feature","id":"TN_RIVER_BNDRY:WTR0100000001OEM6","properties":{"NF_ID":"WTR0100000001OEM6","admin_code":"47130","source_layer":"TN_RIVER_BNDRY","semantic":"zone","river_class":"소하천","river_class_source":"중심선 공간조인","survey_method":"사진측량"},"geometry":{"type":"Polygon","coordinates":[[[129.02055,35.70251],[129.02031,35.70259],[129.0202,35.7031],[129.01946,35.70329],[129.01946,35.70367],[129.01924,35.7038],[129.01952,35.70388],[129.01854,35.70416],[129.01791,35.70452],[129.01764,35.70491],[129.01693,35.70543],[129.01785,35.70607],[129.01818,35.70586],[129.0183,35.70552],[129.01942,35.70496],[129.02026,35.70414],[129.02052,35.70419],[129.02055,35.70361],[129.02082,35.70314],[129.02065,35.70306],[129.02055,35.70251]]]}},{"type":"Feature","id":"TN_RIVER_BNDRY:WTR0100000001OEN7","properties":{"NF_ID":"WTR0100000001OEN7","admin_code":"47130","source_layer":"TN_RIVER_BNDRY","semantic":"zone","river_class":"소하천","river_class_source":"중심선 공간조인","survey_method":"사진측량"},"geometry":{"type":"Polygon","coordinates":[[[129.08413,35.7327],[129.08354,35.73295],[129.08274,35.73403],[129.08213,35.73452],[129.08162,35.73539],[129.08057,35.73578],[129.08007,35.73631],[129.07954,35.73639],[129.07875,35.7371],[129.07817,35.73806],[129.07795,35.73823],[129.07727,35.73832],[129.07632,35.74012],[129.07525,35.74106],[129.07468,35.74258],[129.07487,35.74351],[129.07446,35.74445],[129.07456,35.7453],[129.07415,35.74561],[129.07412,35.74621],[129.0738,35.74684],[129.07341,35.747],[129.07334,35.74736],[129.07261,35.74794],[129.07245,35.74855],[129.07268,35.74886],[129.07263,35.74914],[129.07213,35.74942],[129.07278,35.7491],[129.07273,35.74872],[129.07251,35.74852],[129.07263,35.74799],[129.07338,35.7474],[129.07347,35.74704],[129.07401,35.74675],[129.07419,35.74571],[129.07464,35.74535],[129.07454,35.7445],[129.07497,35.74334],[129.07477,35.74253],[129.0754,35.74096],[129.07639,35.74017],[129.07734,35.73834],[129.07815,35.73815],[129.07958,35.73643],[129.0803,35.73626],[129.08068,35.73582],[129.0817,35.73546],[129.08224,35.73452],[129.08277,35.73409],[129.08342,35.7332],[129.08413,35.7327]]]}},{"type":"Feature","id":"TN_RIVER_BNDRY:WTR0100000001OEO8","properties":{"NF_ID":"WTR0100000001OEO8","admin_code":"47130","source_layer":"TN_RIVER_BNDRY","semantic":"zone","river_class":"소하천","river_class_source":"중심선 공간조인","survey_method":"사진측량"},"geometry":{"type":"Polygon","coordinates":[[[129.03782,35.73804],[129.03831,35.73804],[129.03824,35.73747],[129.03804,35.7375],[129.03782,35.73804]]]}},{"type":"Feature","id":"TN_RIVER_BNDRY:WTR0100000001OEP9","properties":{"NF_ID":"WTR0100000001OEP9","admin_code":"47130","source_layer":"TN_RIVER_BNDRY","semantic":"zone","river_class":"소하천","river_class_source":"중심선 공간조인","survey_method":"사진측량"},"geometry":{"type":"Polygon","coordinates":[[[129.12965,35.74802],[129.12878,35.74766],[129.12837,35.74713],[129.1282,35.74525],[129.12791,35.74486],[129.12738,35.74458],[129.12671,35.74458],[129.12585,35.74474],[129.12444,35.74551],[129.12386,35.74558],[129.12333,35.74541],[129.12023,35.74167],[129.11819,35.74084],[129.11779,35.74081],[129.11742,35.74101],[129.1183,35.74101],[129.12006,35.74202],[129.1216,35.7437],[129.12251,35.74509],[129.12333,35.74567],[129.12412,35.74582],[129.12603,35.74498],[129.12687,35.74488],[129.12749,35.745],[129.12782,35.74523],[129.12788,35.74655],[129.12839,35.74768],[129.1291,35.74821],[129.12973,35.74835],[129.12965,35.74802]]]}},{"type":"Feature","id":"TN_RIVER_BNDRY:WTR0100000001OEQA","properties":{"NF_ID":"WTR0100000001OEQA","admin_code":"47130","source_layer":"TN_RIVER_BNDRY","semantic":"zone","river_class":"소하천","river_class_source":"중심선 공간조인","survey_method":"사진측량"},"geometry":{"type":"Polygon","coordinates":[[[129.10201,35.72869],[129.10194,35.7286],[129.10143,35.72898],[129.10103,35.72868],[129.10063,35.72866],[129.10022,35.72886],[129.1002,35.72928],[129.09919,35.7291],[129.09894,35.72917],[129.10028,35.72936],[129.10039,35.72888],[129.10098,35.72875],[129.10149,35.72906],[129.10201,35.72869]]]}},{"type":"Feature","id":"TN_RIVER_BNDRY:WTR0100000001OERB","properties":{"NF_ID":"WTR0100000001OERB","admin_code":"47130","source_layer":"TN_RIVER_BNDRY","semantic":"zone","river_class":"소하천","river_class_source":"중심선 공간조인","survey_method":"사진측량"},"geometry":{"type":"Polygon","coordinates":[[[129.0568,35.70496],[129.05676,35.70496],[129.05674,35.70497],[129.05674,35.70498],[129.05673,35.70499],[129.05673,35.70499],[129.05673,35.705],[129.05673,35.705],[129.05674,35.705],[129.05687,35.70501],[129.05702,35.70503],[129.05703,35.70504],[129.05704,35.70506],[129.05706,35.70507],[129.05707,35.70507],[129.05708,35.70507],[129.05709,35.70507],[129.0571,35.70506],[129.05711,35.70503],[129.0571,35.70502],[129.0571,35.70502],[129.05708,35.705],[129.05694,35.70497],[129.05686,35.70497],[129.0568,35.70496]]]}},{"type":"Feature","id":"TN_RIVER_BNDRY:WTR0100000001OESC","properties":{"NF_ID":"WTR0100000001OESC","admin_code":"47130","source_layer":"TN_RIVER_BNDRY","semantic":"zone","river_class":"지방하천","river_class_source":"중심선 공간조인","river_name":"범곡천","river_code":"2026980","survey_method":"사진측량"},"geometry":{"type":"Polygon","coordinates":[[[129.0564,35.71887],[129.05594,35.71834],[129.05571,35.71852],[129.05584,35.71905],[129.0564,35.71887]]]}},{"type":"Feature","id":"TN_RIVER_BNDRY:WTR0100000001OETD","properties":{"NF_ID":"WTR0100000001OETD","admin_code":"47130","source_layer":"TN_RIVER_BNDRY","semantic":"zone","river_class":"지방하천","river_class_source":"중심선 공간조인","river_name":"범곡천","river_code":"2026980","survey_method":"사진측량"},"geometry":{"type":"Polygon","coordinates":[[[129.05594,35.71834],[129.05566,35.71745],[129.05587,35.71681],[129.05543,35.71677],[129.05551,35.71818],[129.05533,35.71832],[129.05571,35.71852],[129.05594,35.71834]]]}},{"type":"Feature","id":"TN_RIVER_BNDRY:WTR0100000001OEUE","properties":{"NF_ID":"WTR0100000001OEUE","admin_code":"47130","source_layer":"TN_RIVER_BNDRY","semantic":"zone","river_class":"지방하천","river_class_source":"중심선 공간조인","river_name":"범곡천","river_code":"2026980","survey_method":"사진측량"},"geometry":{"type":"Polygon","coordinates":[[[129.05604,35.71649],[129.05544,35.71645],[129.05543,35.71677],[129.05587,35.71681],[129.05604,35.71649]]]}},{"type":"Feature","id":"TN_RIVER_BNDRY:WTR0100000001OEVF","properties":{"NF_ID":"WTR0100000001OEVF","admin_code":"47130","source_layer":"TN_RIVER_BNDRY","semantic":"zone","river_class":"지방하천","river_class_source":"중심선 공간조인","river_name":"범곡천","river_code":"2026980","survey_method":"사진측량"},"geometry":{"type":"Polygon","coordinates":[[[129.05604,35.71649],[129.05587,35.71681],[129.05618,35.71767],[129.05594,35.71834],[129.0564,35.71887],[129.05604,35.71649]]]}},{"type":"Feature","id":"TN_RIVER_BNDRY:WTR0100000001OEWG","properties":{"NF_ID":"WTR0100000001OEWG","admin_code":"47130","source_layer":"TN_RIVER_BNDRY","semantic":"zone","river_class":"지방하천","river_class_source":"중심선 공간조인","river_name":"범곡천","river_code":"2026980","survey_method":"사진측량"},"geometry":{"type":"Polygon","coordinates":[[[129.05713,35.721],[129.05659,35.71988],[129.0564,35.71887],[129.05584,35.71905],[129.05572,35.71998],[129.05601,35.72026],[129.056,35.72058],[129.05622,35.72045],[129.05625,35.72131],[129.05713,35.721]]]}},{"type":"Feature","id":"TN_RIVER_BNDRY:WTR0100000001OEXH","properties":{"NF_ID":"WTR0100000001OEXH","admin_code":"47130","source_layer":"TN_RIVER_BNDRY","semantic":"zone","river_class":"지방하천","river_class_source":"중심선 공간조인","river_name":"범곡천","river_code":"2026980","survey_method":"사진측량"},"geometry":{"type":"Polygon","coordinates":[[[129.06062,35.72903],[129.06022,35.72862],[129.05996,35.72862],[129.05991,35.72831],[129.05938,35.72758],[129.05894,35.72644],[129.05896,35.72576],[129.05836,35.7245],[129.05837,35.72333],[129.05744,35.72193],[129.05727,35.72114],[129.05629,35.72141],[129.05649,35.72192],[129.05667,35.72192],[129.05659,35.72173],[129.0568,35.72219],[129.05661,35.72222],[129.05688,35.72225],[129.05738,35.72301],[129.05852,35.72682],[129.05976,35.72957],[129.05978,35.7305],[129.06062,35.72903]]]}},{"type":"Feature","id":"TN_RIVER_BNDRY:WTR0100000001OF1M","properties":{"NF_ID":"WTR0100000001OF1M","admin_code":"47130","source_layer":"TN_RIVER_BNDRY","semantic":"zone","river_class":"소하천","river_class_source":"중심선 공간조인","survey_method":"사진측량"},"geometry":{"type":"Polygon","coordinates":[[[129.06111,35.73268],[129.0606,35.7336],[129.06025,35.73471],[129.06111,35.73268]]]}},{"type":"Feature","id":"TN_RIVER_BNDRY:WTR0100000001OF2N","properties":{"NF_ID":"WTR0100000001OF2N","admin_code":"47130","source_layer":"TN_RIVER_BNDRY","semantic":"zone","river_class":"소하천","river_class_source":"중심선 공간조인","survey_method":"사진측량"},"geometry":{"type":"Polygon","coordinates":[[[129.17472,35.73881],[129.17344,35.73886],[129.17228,35.73807],[129.17063,35.73788],[129.16857,35.73659],[129.16291,35.73534],[129.16244,35.73502],[129.16185,35.73386],[129.16085,35.7334],[129.15821,35.73325],[129.15749,35.73298],[129.15635,35.7335],[129.15569,35.73346],[129.1553,35.73368],[129.15509,35.73471],[129.15483,35.73501],[129.15423,35.73506],[129.15337,35.73473],[129.15303,35.73474],[129.15159,35.73557],[129.15052,35.73503],[129.14947,35.73514],[129.14852,35.73499],[129.14827,35.73482],[129.14821,35.7345],[129.14763,35.73434],[129.14665,35.73426],[129.14631,35.73451],[129.14581,35.73459],[129.14555,35.73454],[129.14536,35.73422],[129.14491,35.73412],[129.1441,35.73464],[129.14385,35.73394],[129.14297,35.73351],[129.14311,35.73372],[129.14375,35.73398],[129.14408,35.73471],[129.14506,35.73417],[129.1454,35.73434],[129.14554,35.7347],[129.14648,35.73459],[129.14764,35.7351],[129.14775,35.73453],[129.14803,35.73453],[129.14851,35.73504],[129.14926,35.73521],[129.15051,35.7351],[129.15159,35.73566],[129.15312,35.73479],[129.15419,35.73514],[129.155,35.73504],[129.15546,35.73369],[129.1567,35.73351],[129.15737,35.73317],[129.15822,35.73337],[129.16073,35.73347],[129.16143,35.73368],[129.16186,35.734],[129.16227,35.73504],[129.16279,35.73542],[129.16549,35.736],[129.16731,35.73667],[129.16863,35.73677],[129.17002,35.73776],[129.17082,35.73807],[129.17223,35.73819],[129.17341,35.73897],[129.17471,35.73909],[129.17472,35.73881]]]}},{"type":"Feature","id":"TN_RIVER_BNDRY:WTR0100000001OF3O","properties":{"NF_ID":"WTR0100000001OF3O","admin_code":"47130","source_layer":"TN_RIVER_BNDRY","semantic":"zone","river_class":"소하천","river_class_source":"중심선 공간조인","survey_method":"사진측량"},"geometry":{"type":"Polygon","coordinates":[[[129.01237,35.74672],[129.01409,35.74613],[129.01488,35.74544],[129.01541,35.74552],[129.01566,35.74539],[129.01618,35.74484],[129.01637,35.74354],[129.01724,35.74274],[129.01786,35.74182],[129.01876,35.74146],[129.01935,35.74083],[129.02025,35.74048],[129.02074,35.74],[129.02185,35.73951],[129.02253,35.73863],[129.0234,35.7384],[129.02349,35.73811],[129.02442,35.73713],[129.02414,35.73677],[129.02411,35.73644],[129.02471,35.73633],[129.02492,35.73575],[129.02473,35.73558],[129.024,35.73598],[129.0241,35.73681],[129.02434,35.73716],[129.02345,35.73804],[129.02335,35.73836],[129.02256,35.73854],[129.02178,35.73945],[129.02062,35.73989],[129.02034,35.74032],[129.01927,35.74081],[129.01876,35.74143],[129.01781,35.74178],[129.01758,35.74227],[129.01631,35.74351],[129.01607,35.74483],[129.01547,35.74542],[129.01482,35.74538],[129.0139,35.74615],[129.01366,35.74613],[129.01267,35.74663],[129.01178,35.74672],[129.01137,35.74692],[129.01237,35.74672]]]}},{"type":"Feature","id":"TN_RIVER_BNDRY:WTR0100000001OF4P","properties":{"NF_ID":"WTR0100000001OF4P","admin_code":"47130","source_layer":"TN_RIVER_BNDRY","semantic":"zone","river_class":"소하천","river_class_source":"중심선 공간조인","survey_method":"사진측량"},"geometry":{"type":"Polygon","coordinates":[[[129.03032,35.7249],[129.03021,35.72496],[129.03042,35.7251],[129.0306,35.72562],[129.03132,35.72645],[129.03115,35.72725],[129.03138,35.72745],[129.03186,35.72743],[129.03144,35.72741],[129.03122,35.72723],[129.03138,35.72638],[129.03064,35.72559],[129.03032,35.7249]]]}},{"type":"Feature","id":"TN_RIVER_BNDRY:WTR0100000001OF5Q","properties":{"NF_ID":"WTR0100000001OF5Q","admin_code":"47130","source_layer":"TN_RIVER_BNDRY","semantic":"zone","river_class":"소하천","river_class_source":"중심선 공간조인","survey_method":"사진측량"},"geometry":{"type":"Polygon","coordinates":[[[129.15953,35.74919],[129.15953,35.74919],[129.15951,35.7492],[129.15948,35.74922],[129.15944,35.74927],[129.1594,35.74931],[129.15937,35.74934],[129.1593,35.74937],[129.15921,35.74941],[129.15914,35.74942],[129.15906,35.74944],[129.1589,35.74948],[129.15878,35.74952],[129.15875,35.74953],[129.1587,35.74956],[129.15863,35.74958],[129.15854,35.74963],[129.15833,35.74969],[129.15819,35.74975],[129.15816,35.74976],[129.15811,35.7498],[129.15806,35.74983],[129.15799,35.74986],[129.15791,35.74989],[129.1578,35.74994],[129.1578,35.74995],[129.1578,35.74995],[129.1578,35.74995],[129.1578,35.74995],[129.15781,35.74995],[129.15794,35.74989],[129.15803,35.74986],[129.15809,35.74984],[129.15811,35.74982],[129.15816,35.74978],[129.15817,35.74977],[129.15818,35.74977],[129.15831,35.74972],[129.15849,35.74966],[129.15855,35.74964],[129.15868,35.74959],[129.15868,35.74958],[129.1587,35.74958],[129.15877,35.74955],[129.15879,35.74953],[129.15886,35.74951],[129.15895,35.74949],[129.15902,35.74947],[129.15905,35.74947],[129.15905,35.74947],[129.15906,35.74947],[129.15908,35.74946],[129.15916,35.74944],[129.15926,35.7494],[129.15938,35.74935],[129.15942,35.74933],[129.15945,35.74929],[129.15949,35.74924],[129.15953,35.74919]]]}},{"type":"Feature","id":"TN_RIVER_BNDRY:WTR0100000001OF6R","properties":{"NF_ID":"WTR0100000001OF6R","admin_code":"47130","source_layer":"TN_RIVER_BNDRY","semantic":"zone","river_class":"소하천","river_class_source":"중심선 공간조인","survey_method":"사진측량"},"geometry":{"type":"Polygon","coordinates":[[[129.14062,35.73032],[129.14052,35.73034],[129.14057,35.73039],[129.14058,35.73041],[129.14058,35.73042],[129.14058,35.73047],[129.14066,35.73048],[129.14062,35.73032]]]}},{"type":"Feature","id":"TN_RIVER_BNDRY:WTR0100000001OF7S","properties":{"NF_ID":"WTR0100000001OF7S","admin_code":"47130","source_layer":"TN_RIVER_BNDRY","semantic":"zone","river_class":"소하천","river_class_source":"중심선 공간조인","survey_method":"사진측량"},"geometry":{"type":"Polygon","coordinates":[[[129.14062,35.73032],[129.14066,35.73048],[129.14074,35.73026],[129.14062,35.73032]]]}},{"type":"Feature","id":"TN_RIVER_BNDRY:WTR0100000001OF8T","properties":{"NF_ID":"WTR0100000001OF8T","admin_code":"47130","source_layer":"TN_RIVER_BNDRY","semantic":"zone","river_class":"소하천","river_class_source":"중심선 공간조인","survey_method":"사진측량"},"geometry":{"type":"Polygon","coordinates":[[[129.14062,35.73032],[129.14044,35.73017],[129.14042,35.72975],[129.14038,35.73015],[129.14062,35.73032]]]}},{"type":"Feature","id":"TN_RIVER_BNDRY:WTR0100000001OF9U","properties":{"NF_ID":"WTR0100000001OF9U","admin_code":"47130","source_layer":"TN_RIVER_BNDRY","semantic":"zone","river_class":"지방하천","river_class_source":"중심선 공간조인","river_name":"이조천","river_code":"2120050","survey_method":"사진측량"},"geometry":{"type":"Polygon","coordinates":[[[129.13013,35.74793],[129.12965,35.74802],[129.12973,35.74835],[129.13004,35.74846],[129.13013,35.74793]]]}},{"type":"Feature","id":"TN_RIVER_BNDRY:WTR0100000001OFAV","properties":{"NF_ID":"WTR0100000001OFAV","admin_code":"47130","source_layer":"TN_RIVER_BNDRY","semantic":"zone","river_class":"소하천","river_class_source":"중심선 공간조인","survey_method":"사진측량"},"geometry":{"type":"Polygon","coordinates":[[[129.06185,35.73798],[129.06136,35.73731],[129.06094,35.73626],[129.06113,35.73538],[129.06325,35.73493],[129.06515,35.73376],[129.06276,35.73507],[129.06116,35.73527],[129.06078,35.73606],[129.06128,35.73728],[129.06185,35.73798]]]}},{"type":"Feature","id":"TN_RIVER_BNDRY:WTR0100000001OFBW","properties":{"NF_ID":"WTR0100000001OFBW","admin_code":"47130","source_layer":"TN_RIVER_BNDRY","semantic":"zone","river_class":"소하천","river_class_source":"중심선 공간조인","survey_method":"사진측량"},"geometry":{"type":"Polygon","coordinates":[[[129.10832,35.72886],[129.10824,35.72848],[129.10798,35.72849],[129.10815,35.7289],[129.10832,35.72886]]]}},{"type":"Feature","id":"TN_RIVER_BNDRY:WTR0100000001OFCX","properties":{"NF_ID":"WTR0100000001OFCX","admin_code":"47130","source_layer":"TN_RIVER_BNDRY","semantic":"zone","river_class":"소하천","river_class_source":"중심선 공간조인","survey_method":"사진측량"},"geometry":{"type":"Polygon","coordinates":[[[129.11742,35.74101],[129.11779,35.74081],[129.11826,35.74079],[129.11879,35.73996],[129.11749,35.7395],[129.11715,35.73953],[129.11608,35.73883],[129.11505,35.7384],[129.11459,35.73773],[129.11373,35.73747],[129.11314,35.73711],[129.11251,35.73613],[129.11198,35.73563],[129.11136,35.7354],[129.11,35.7335],[129.10993,35.73162],[129.10969,35.73097],[129.10832,35.72886],[129.10815,35.7289],[129.10971,35.73151],[129.1096,35.73276],[129.11006,35.73435],[129.10999,35.73646],[129.1106,35.73738],[129.11053,35.73761],[129.11087,35.73809],[129.11121,35.73951],[129.11056,35.74114],[129.1106,35.74137],[129.11086,35.7415],[129.1107,35.74156],[129.11076,35.74177],[129.11128,35.74138],[129.1124,35.74128],[129.11334,35.7413],[129.11347,35.74161],[129.11398,35.74148],[129.11418,35.74172],[129.11452,35.74182],[129.11532,35.74137],[129.1169,35.74133],[129.11742,35.74101]]]}},{"type":"Feature","id":"TN_RIVER_BNDRY:WTR0100000001OFDY","properties":{"NF_ID":"WTR0100000001OFDY","admin_code":"47130","source_layer":"TN_RIVER_BNDRY","semantic":"zone","river_class":"소하천","river_class_source":"중심선 공간조인","survey_method":"사진측량"},"geometry":{"type":"Polygon","coordinates":[[[129.10815,35.7289],[129.10798,35.72849],[129.10744,35.72856],[129.10697,35.72887],[129.1062,35.72845],[129.10536,35.72885],[129.10487,35.72874],[129.10454,35.72847],[129.10363,35.72831],[129.10234,35.72835],[129.10199,35.72853],[129.10206,35.72862],[129.1025,35.72841],[129.10363,35.72839],[129.10442,35.72854],[129.10516,35.72894],[129.10559,35.7289],[129.10614,35.72857],[129.10698,35.72897],[129.10761,35.72865],[129.10815,35.7289]]]}},{"type":"Feature","id":"TN_RIVER_BNDRY:WTR0100000001OFEZ","properties":{"NF_ID":"WTR0100000001OFEZ","admin_code":"47130","source_layer":"TN_RIVER_BNDRY","semantic":"zone","river_class":"지방하천","river_class_source":"중심선 공간조인","river_name":"동창천","river_code":"2026960","survey_method":"사진측량"},"geometry":{"type":"Polygon","coordinates":[[[129.07094,35.71608],[129.07056,35.71607],[129.06957,35.71789],[129.06939,35.71951],[129.06891,35.7203],[129.06824,35.72236],[129.06773,35.72287],[129.06711,35.72302],[129.06671,35.72295],[129.06592,35.7222],[129.06481,35.72224],[129.06444,35.72243],[129.06443,35.72296],[129.06472,35.72352],[129.06629,35.72429],[129.06644,35.72449],[129.06637,35.72474],[129.06523,35.72498],[129.06488,35.72636],[129.06463,35.72667],[129.06304,35.7268],[129.06249,35.7271],[129.06062,35.72903],[129.06104,35.72933],[129.06179,35.72825],[129.0625,35.72759],[129.0633,35.72719],[129.06494,35.7268],[129.06531,35.72625],[129.0655,35.72515],[129.06596,35.72505],[129.06672,35.72517],[129.06695,35.725],[129.06697,35.72462],[129.06668,35.72419],[129.06485,35.72334],[129.06471,35.7226],[129.06493,35.72243],[129.06581,35.72241],[129.06668,35.72323],[129.06738,35.72317],[129.06802,35.72291],[129.06858,35.72225],[129.06912,35.7206],[129.06939,35.72033],[129.06966,35.71957],[129.06978,35.71807],[129.07094,35.71608]]]}},{"type":"Feature","id":"TN_RIVER_BNDRY:WTR0100000001OFF0","properties":{"NF_ID":"WTR0100000001OFF0","admin_code":"47130","source_layer":"TN_RIVER_BNDRY","semantic":"zone","river_class":"소하천","river_class_source":"중심선 공간조인","survey_method":"사진측량"},"geometry":{"type":"Polygon","coordinates":[[[129.05361,35.71869],[129.05399,35.71863],[129.05384,35.71855],[129.05355,35.71869],[129.05294,35.71856],[129.05361,35.71869]]]}},{"type":"Feature","id":"TN_RIVER_BNDRY:WTR0100000001OFG1","properties":{"NF_ID":"WTR0100000001OFG1","admin_code":"47130","source_layer":"TN_RIVER_BNDRY","semantic":"zone","river_class":"지방하천","river_class_source":"중심선 공간조인","river_name":"범곡천","river_code":"2026980","survey_method":"사진측량"},"geometry":{"type":"Polygon","coordinates":[[[129.05727,35.72114],[129.05713,35.721],[129.05625,35.72131],[129.05629,35.72141],[129.05727,35.72114]]]}},{"type":"Feature","id":"TN_RIVER_BNDRY:WTR0100000001OFH2","properties":{"NF_ID":"WTR0100000001OFH2","admin_code":"47130","source_layer":"TN_RIVER_BNDRY","semantic":"zone","river_class":"소하천","river_class_source":"중심선 공간조인","survey_method":"사진측량"},"geometry":{"type":"Polygon","coordinates":[[[129.05713,35.721],[129.05727,35.72114],[129.058,35.72073],[129.05817,35.7203],[129.05792,35.71952],[129.05808,35.71942],[129.05806,35.71904],[129.05787,35.7193],[129.05765,35.71875],[129.05726,35.71854],[129.05729,35.71715],[129.05724,35.71854],[129.05768,35.71892],[129.05805,35.72022],[129.05792,35.72066],[129.05713,35.721]]]}},{"type":"Feature","id":"TN_RIVER_BNDRY:WTR0100000001OFI3","properties":{"NF_ID":"WTR0100000001OFI3","admin_code":"47130","source_layer":"TN_RIVER_BNDRY","semantic":"zone","river_class":"소하천","river_class_source":"중심선 공간조인","survey_method":"사진측량"},"geometry":{"type":"Polygon","coordinates":[[[129.01481,35.72423],[129.01411,35.72423],[129.01354,35.72583],[129.01316,35.726],[129.01294,35.7273],[129.01172,35.73012],[129.00999,35.73493],[129.0106,35.73517],[129.01098,35.73441],[129.01218,35.73028],[129.01314,35.72919],[129.01381,35.72778],[129.01406,35.72706],[129.01395,35.72608],[129.01481,35.72423]]]}},{"type":"Feature","id":"TN_RIVER_BNDRY:WTR0100000001OFJ4","properties":{"NF_ID":"WTR0100000001OFJ4","admin_code":"47130","source_layer":"TN_RIVER_BNDRY","semantic":"zone","river_class":"소하천","river_class_source":"중심선 공간조인","survey_method":"사진측량"},"geometry":{"type":"Polygon","coordinates":[[[129.00209,35.74413],[129.00236,35.74435],[129.00233,35.74458],[129.00138,35.74717],[129.00241,35.74447],[129.00237,35.74426],[129.00209,35.74413]]]}},{"type":"Feature","id":"TN_RIVER_BNDRY:WTR0100000001OFK5","properties":{"NF_ID":"WTR0100000001OFK5","admin_code":"47130","source_layer":"TN_RIVER_BNDRY","semantic":"zone","river_class":"소하천","river_class_source":"중심선 공간조인","survey_method":"사진측량"},"geometry":{"type":"Polygon","coordinates":[[[129.00949,35.72703],[129.00917,35.72698],[129.00899,35.72676],[129.00909,35.72697],[129.01023,35.72751],[129.01061,35.72814],[129.01117,35.72829],[129.01129,35.72868],[129.0112,35.72825],[129.01072,35.72816],[129.01023,35.72749],[129.00978,35.72736],[129.00949,35.72703]]]}},{"type":"Feature","id":"TN_RIVER_BNDRY:WTR0100000001OFL6","properties":{"NF_ID":"WTR0100000001OFL6","admin_code":"47130","source_layer":"TN_RIVER_BNDRY","semantic":"zone","river_class":"소하천","river_class_source":"중심선 공간조인","survey_method":"사진측량"},"geometry":{"type":"Polygon","coordinates":[[[129.00999,35.73493],[129.00981,35.7349],[129.00904,35.73402],[129.00774,35.73398],[129.00624,35.73355],[129.00565,35.7337],[129.00632,35.73361],[129.00675,35.73385],[129.00774,35.73406],[129.00892,35.73408],[129.0098,35.73521],[129.01004,35.73587],[129.00999,35.73493]]]}},{"type":"Feature","id":"TN_RIVER_BNDRY:WTR0100000001OFM7","properties":{"NF_ID":"WTR0100000001OFM7","admin_code":"47130","source_layer":"TN_RIVER_BNDRY","semantic":"zone","river_class":"소하천","river_class_source":"중심선 공간조인","survey_method":"사진측량"},"geometry":{"type":"Polygon","coordinates":[[[129.0106,35.73517],[129.00999,35.73493],[129.01004,35.73587],[129.0105,35.736],[129.0106,35.73517]]]}},{"type":"Feature","id":"TN_RIVER_BNDRY:WTR0100000001OFN8","properties":{"NF_ID":"WTR0100000001OFN8","admin_code":"47130","source_layer":"TN_RIVER_BNDRY","semantic":"zone","river_class":"소하천","river_class_source":"중심선 공간조인","survey_method":"사진측량"},"geometry":{"type":"Polygon","coordinates":[[[129.02609,35.73312],[129.02607,35.7331],[129.02606,35.73311],[129.02605,35.73312],[129.02605,35.7332],[129.02606,35.73334],[129.02606,35.73337],[129.02607,35.73337],[129.02607,35.73338],[129.02607,35.73339],[129.02607,35.7334],[129.02609,35.73348],[129.02611,35.73352],[129.02613,35.73356],[129.02614,35.7336],[129.02616,35.73362],[129.02618,35.73363],[129.0262,35.73363],[129.02621,35.73361],[129.02619,35.73359],[129.02618,35.73358],[129.02617,35.73358],[129.02616,35.73354],[129.02613,35.73348],[129.0261,35.73337],[129.0261,35.73336],[129.02609,35.73331],[129.02609,35.73324],[129.02609,35.73321],[129.02609,35.73319],[129.02609,35.73314],[129.02609,35.73313],[129.02609,35.73312],[129.02609,35.73312],[129.02609,35.73312]]]}},{"type":"Feature","id":"TN_RIVER_BNDRY:WTR0100000001OFO9","properties":{"NF_ID":"WTR0100000001OFO9","admin_code":"47130","source_layer":"TN_RIVER_BNDRY","semantic":"zone","river_class":"지방하천","river_class_source":"중심선 공간조인","river_name":"범곡천","river_code":"2026980","survey_method":"사진측량"},"geometry":{"type":"Polygon","coordinates":[[[129.06104,35.72933],[129.06062,35.72903],[129.05978,35.7305],[129.06033,35.73073],[129.06104,35.72933]]]}},{"type":"Feature","id":"TN_RIVER_BNDRY:WTR0100000001OFPA","properties":{"NF_ID":"WTR0100000001OFPA","admin_code":"47130","source_layer":"TN_RIVER_BNDRY","semantic":"zone","river_class":"소하천","river_class_source":"중심선 공간조인","survey_method":"사진측량"},"geometry":{"type":"Polygon","coordinates":[[[129.06468,35.74131],[129.06464,35.74129],[129.06456,35.74135],[129.06468,35.74136],[129.06468,35.74131]]]}},{"type":"Feature","id":"TN_RIVER_BNDRY:WTR0100000001OFQB","properties":{"NF_ID":"WTR0100000001OFQB","admin_code":"47130","source_layer":"TN_RIVER_BNDRY","semantic":"zone","river_class":"소하천","river_class_source":"중심선 공간조인","survey_method":"사진측량"},"geometry":{"type":"Polygon","coordinates":[[[129.06464,35.74129],[129.06421,35.74058],[129.06355,35.74011],[129.06464,35.74129]]]}},{"type":"Feature","id":"TN_RIVER_BNDRY:WTR0100000001OFRC","properties":{"NF_ID":"WTR0100000001OFRC","admin_code":"47130","source_layer":"TN_RIVER_BNDRY","semantic":"zone","river_class":"소하천","river_class_source":"중심선 공간조인","survey_method":"사진측량"},"geometry":{"type":"Polygon","coordinates":[[[129.05711,35.72945],[129.05711,35.72943],[129.05709,35.72932],[129.05707,35.72925],[129.05707,35.72922],[129.05707,35.72922],[129.05707,35.72921],[129.05704,35.72916],[129.05704,35.72914],[129.05703,35.72909],[129.05702,35.72907],[129.05702,35.72907],[129.05702,35.72904],[129.05702,35.72903],[129.05703,35.72898],[129.05703,35.72896],[129.05703,35.72894],[129.05703,35.72893],[129.05703,35.72892],[129.05702,35.72891],[129.057,35.7289],[129.05698,35.72891],[129.05699,35.72892],[129.057,35.72894],[129.057,35.72896],[129.05699,35.72901],[129.05698,35.72903],[129.05698,35.72904],[129.05698,35.72906],[129.05698,35.72907],[129.05698,35.72908],[129.05698,35.72909],[129.05698,35.7291],[129.05699,35.72912],[129.05703,35.72923],[129.05705,35.72931],[129.05706,35.7294],[129.05707,35.72943],[129.05707,35.72945],[129.05706,35.72945],[129.05711,35.72945]]]}},{"type":"Feature","id":"TN_RIVER_BNDRY:WTR0100000001OFSD","properties":{"NF_ID":"WTR0100000001OFSD","admin_code":"47130","source_layer":"TN_RIVER_BNDRY","semantic":"zone","river_class":"소하천","river_class_source":"중심선 공간조인","survey_method":"사진측량"},"geometry":{"type":"Polygon","coordinates":[[[129.05712,35.72955],[129.05712,35.72953],[129.05712,35.72947],[129.05711,35.72945],[129.05706,35.72945],[129.05707,35.72955],[129.05712,35.72955]]]}},{"type":"Feature","id":"TN_RIVER_BNDRY:WTR0100000001OFTE","properties":{"NF_ID":"WTR0100000001OFTE","admin_code":"47130","source_layer":"TN_RIVER_BNDRY","semantic":"zone","river_class":"소하천","river_class_source":"중심선 공간조인","survey_method":"사진측량"},"geometry":{"type":"Polygon","coordinates":[[[129.05706,35.72945],[129.05706,35.72945],[129.05706,35.72945],[129.05704,35.72944],[129.057,35.72942],[129.0569,35.72932],[129.05686,35.72929],[129.05685,35.72928],[129.05684,35.72928],[129.05683,35.72928],[129.05683,35.72928],[129.05682,35.72929],[129.05688,35.72936],[129.05696,35.72943],[129.05701,35.72948],[129.05706,35.72953],[129.05707,35.72955],[129.05706,35.72945]]]}},{"type":"Feature","id":"TN_RIVER_BNDRY:WTR0100000001OFUF","properties":{"NF_ID":"WTR0100000001OFUF","admin_code":"47130","source_layer":"TN_RIVER_BNDRY","semantic":"zone","river_class":"소하천","river_class_source":"중심선 공간조인","survey_method":"사진측량"},"geometry":{"type":"Polygon","coordinates":[[[129.06464,35.74129],[129.06439,35.7407],[129.06368,35.74008],[129.06435,35.74073],[129.06464,35.74129]]]}},{"type":"Feature","id":"TN_RIVER_BNDRY:WTR0100000001OFVG","properties":{"NF_ID":"WTR0100000001OFVG","admin_code":"47130","source_layer":"TN_RIVER_BNDRY","semantic":"zone","river_class":"소하천","river_class_source":"중심선 공간조인","survey_method":"사진측량"},"geometry":{"type":"Polygon","coordinates":[[[129.06288,35.74154],[129.06205,35.74036],[129.06194,35.74003],[129.06207,35.73932],[129.06182,35.73919],[129.06202,35.73932],[129.06196,35.74031],[129.06288,35.74174],[129.06315,35.74195],[129.0632,35.74172],[129.06288,35.74154]]]}},{"type":"Feature","id":"TN_RIVER_BNDRY:WTR0100000001OFWH","properties":{"NF_ID":"WTR0100000001OFWH","admin_code":"47130","source_layer":"TN_RIVER_BNDRY","semantic":"zone","river_class":"소하천","river_class_source":"중심선 공간조인","survey_method":"사진측량"},"geometry":{"type":"Polygon","coordinates":[[[129.06166,35.72714],[129.06164,35.72711],[129.06163,35.72711],[129.0616,35.72711],[129.06144,35.72717],[129.06124,35.72724],[129.06104,35.72735],[129.06103,35.72737],[129.06105,35.72738],[129.06106,35.7274],[129.06127,35.7273],[129.06154,35.7272],[129.06166,35.72714]]]}},{"type":"Feature","id":"TN_RIVER_BNDRY:WTR0100000001OFXI","properties":{"NF_ID":"WTR0100000001OFXI","admin_code":"47130","source_layer":"TN_RIVER_BNDRY","semantic":"zone","river_class":"지방하천","river_class_source":"중심선 공간조인","river_name":"동창천","river_code":"2026960","survey_method":"사진측량"},"geometry":{"type":"Polygon","coordinates":[[[129.06004,35.73251],[129.0584,35.7325],[129.0584,35.73251],[129.06005,35.73254],[129.06004,35.73251]]]}},{"type":"Feature","id":"TN_RIVER_BNDRY:WTR0100000001OFYJ","properties":{"NF_ID":"WTR0100000001OFYJ","admin_code":"47130","source_layer":"TN_RIVER_BNDRY","semantic":"zone","river_class":"지방하천","river_class_source":"중심선 공간조인","river_name":"동창천","river_code":"2026960","survey_method":"사진측량"},"geometry":{"type":"Polygon","coordinates":[[[129.06033,35.73073],[129.05978,35.7305],[129.05957,35.7311],[129.05875,35.73233],[129.05857,35.73244],[129.05854,35.73232],[129.05898,35.73183],[129.0586,35.73168],[129.0584,35.7325],[129.06004,35.73251],[129.06006,35.7315],[129.06033,35.73073]]]}},{"type":"Feature","id":"TN_RIVER_BNDRY:WTR0100000001OFZK","properties":{"NF_ID":"WTR0100000001OFZK","admin_code":"47130","source_layer":"TN_RIVER_BNDRY","semantic":"zone","river_class":"소하천","river_class_source":"중심선 공간조인","survey_method":"사진측량"},"geometry":{"type":"Polygon","coordinates":[[[129.0584,35.7325],[129.05791,35.73229],[129.0578,35.73095],[129.05707,35.72955],[129.05775,35.73097],[129.05788,35.73233],[129.0584,35.7325]]]}},{"type":"Feature","id":"TN_RIVER_BNDRY:WTR0100000001OG0M","properties":{"NF_ID":"WTR0100000001OG0M","admin_code":"47130","source_layer":"TN_RIVER_BNDRY","semantic":"zone","river_class":"소하천","river_class_source":"중심선 공간조인","survey_method":"사진측량"},"geometry":{"type":"Polygon","coordinates":[[[129.06185,35.73798],[129.06188,35.73801],[129.06188,35.73801],[129.062,35.7379],[129.06205,35.73787],[129.06205,35.73786],[129.06205,35.73786],[129.06204,35.73786],[129.06203,35.73786],[129.06192,35.73793],[129.06187,35.73798],[129.06186,35.73798],[129.06185,35.73798],[129.06185,35.73798]]]}},{"type":"Feature","id":"TN_RIVER_BNDRY:WTR0100000001OG1N","properties":{"NF_ID":"WTR0100000001OG1N","admin_code":"47130","source_layer":"TN_RIVER_BNDRY","semantic":"zone","river_class":"소하천","river_class_source":"중심선 공간조인","survey_method":"사진측량"},"geometry":{"type":"Polygon","coordinates":[[[129.06188,35.73801],[129.06185,35.73798],[129.06184,35.738],[129.06185,35.73802],[129.06188,35.73801]]]}},{"type":"Feature","id":"TN_RIVER_BNDRY:WTR0100000001OG2O","properties":{"NF_ID":"WTR0100000001OG2O","admin_code":"47130","source_layer":"TN_RIVER_BNDRY","semantic":"zone","river_class":"소하천","river_class_source":"중심선 공간조인","survey_method":"사진측량"},"geometry":{"type":"Polygon","coordinates":[[[129.06188,35.73801],[129.06189,35.7383],[129.06257,35.73912],[129.06188,35.73801]]]}},{"type":"Feature","id":"TN_RIVER_BNDRY:WTR0100000001OG3P","properties":{"NF_ID":"WTR0100000001OG3P","admin_code":"47130","source_layer":"TN_RIVER_BNDRY","semantic":"zone","river_class":"소하천","river_class_source":"중심선 공간조인","survey_method":"사진측량"},"geometry":{"type":"Polygon","coordinates":[[[129.08413,35.73267],[129.08456,35.73283],[129.08496,35.73279],[129.08413,35.73267]]]}},{"type":"Feature","id":"TN_RIVER_BNDRY:WTR0100000001OG4Q","properties":{"NF_ID":"WTR0100000001OG4Q","admin_code":"47130","source_layer":"TN_RIVER_BNDRY","semantic":"zone","river_class":"소하천","river_class_source":"중심선 공간조인","survey_method":"사진측량"},"geometry":{"type":"Polygon","coordinates":[[[129.08404,35.73267],[129.08419,35.73214],[129.08487,35.73115],[129.08416,35.73208],[129.08404,35.73267]]]}},{"type":"Feature","id":"TN_RIVER_BNDRY:WTR0100000001OG5R","properties":{"NF_ID":"WTR0100000001OG5R","admin_code":"47130","source_layer":"TN_RIVER_BNDRY","semantic":"zone","river_class":"소하천","river_class_source":"중심선 공간조인","survey_method":"사진측량"},"geometry":{"type":"Polygon","coordinates":[[[129.08413,35.7327],[129.08413,35.73267],[129.08404,35.73267],[129.08403,35.7327],[129.08413,35.7327]]]}},{"type":"Feature","id":"TN_RIVER_BNDRY:WTR0100000001OG6S","properties":{"NF_ID":"WTR0100000001OG6S","admin_code":"47130","source_layer":"TN_RIVER_BNDRY","semantic":"zone","river_class":"소하천","river_class_source":"중심선 공간조인","survey_method":"사진측량"},"geometry":{"type":"Polygon","coordinates":[[[129.12191,35.7481],[129.12206,35.74831],[129.1223,35.74826],[129.12288,35.74779],[129.12343,35.74789],[129.12478,35.74726],[129.12341,35.74788],[129.12289,35.74776],[129.12222,35.7481],[129.12191,35.7481]]]}},{"type":"Feature","id":"TN_RIVER_BNDRY:WTR0100000001OG7T","properties":{"NF_ID":"WTR0100000001OG7T","admin_code":"47130","source_layer":"TN_RIVER_BNDRY","semantic":"zone","river_class":"소하천","river_class_source":"중심선 공간조인","survey_method":"사진측량"},"geometry":{"type":"Polygon","coordinates":[[[129.10586,35.74527],[129.10759,35.74473],[129.10832,35.74386],[129.10925,35.74378],[129.10916,35.7432],[129.10911,35.74365],[129.10818,35.74384],[129.10774,35.74427],[129.10756,35.7447],[129.10598,35.74512],[129.10586,35.74527]]]}},{"type":"Feature","id":"TN_RIVER_BNDRY:WTR0100000001OG8U","properties":{"NF_ID":"WTR0100000001OG8U","admin_code":"47130","source_layer":"TN_RIVER_BNDRY","semantic":"zone","river_class":"소하천","river_class_source":"중심선 공간조인","survey_method":"사진측량"},"geometry":{"type":"Polygon","coordinates":[[[129.10206,35.72862],[129.10199,35.72853],[129.10194,35.7286],[129.10201,35.72869],[129.10206,35.72862]]]}},{"type":"Feature","id":"TN_RIVER_BNDRY:WTR0100000001OG9V","properties":{"NF_ID":"WTR0100000001OG9V","admin_code":"47130","source_layer":"TN_RIVER_BNDRY","semantic":"zone","river_class":"소하천","river_class_source":"중심선 공간조인","survey_method":"사진측량"},"geometry":{"type":"Polygon","coordinates":[[[129.01408,35.7184],[129.01303,35.71847],[129.01269,35.71816],[129.01173,35.71775],[129.01071,35.71789],[129.0106,35.71773],[129.01068,35.71793],[129.01173,35.71777],[129.01274,35.71821],[129.01302,35.7185],[129.01408,35.7184]]]}},{"type":"Feature","id":"TN_RIVER_BNDRY:WTR0100000001OGAW","properties":{"NF_ID":"WTR0100000001OGAW","admin_code":"47130","source_layer":"TN_RIVER_BNDRY","semantic":"zone","river_class":"소하천","river_class_source":"중심선 공간조인","survey_method":"사진측량"},"geometry":{"type":"Polygon","coordinates":[[[129.01433,35.71838],[129.01432,35.71837],[129.01432,35.71835],[129.01431,35.71832],[129.01409,35.71834],[129.01408,35.7184],[129.01433,35.71838]]]}},{"type":"Feature","id":"TN_RIVER_BNDRY:WTR0100000001OGBX","properties":{"NF_ID":"WTR0100000001OGBX","admin_code":"47130","source_layer":"TN_RIVER_BNDRY","semantic":"zone","river_class":"소하천","river_class_source":"중심선 공간조인","survey_method":"사진측량"},"geometry":{"type":"Polygon","coordinates":[[[129.01465,35.72376],[129.01347,35.72288],[129.01317,35.72237],[129.01338,35.72188],[129.01451,35.72086],[129.01488,35.7202],[129.01433,35.71838],[129.01408,35.7184],[129.01456,35.71974],[129.01453,35.72042],[129.01326,35.72155],[129.01292,35.72238],[129.01321,35.72293],[129.01415,35.72381],[129.01465,35.72376]]]}},{"type":"Feature","id":"TN_RIVER_BNDRY:WTR0100000001OGCY","properties":{"NF_ID":"WTR0100000001OGCY","admin_code":"47130","source_layer":"TN_RIVER_BNDRY","semantic":"zone","river_class":"소하천","river_class_source":"중심선 공간조인","survey_method":"사진측량"},"geometry":{"type":"Polygon","coordinates":[[[129.01465,35.72376],[129.01415,35.72381],[129.01411,35.72423],[129.01481,35.72423],[129.01465,35.72376]]]}},{"type":"Feature","id":"TN_RIVER_BNDRY:WTR0100000001OGDZ","properties":{"NF_ID":"WTR0100000001OGDZ","admin_code":"47130","source_layer":"TN_RIVER_BNDRY","semantic":"zone","river_class":"소하천","river_class_source":"중심선 공간조인","survey_method":"사진측량"},"geometry":{"type":"Polygon","coordinates":[[[129.00859,35.71488],[129.00897,35.71475],[129.00802,35.71483],[129.00642,35.71415],[129.00798,35.71485],[129.00859,35.71488]]]}},{"type":"Feature","id":"TN_RIVER_BNDRY:WTR0100000001OGE0","properties":{"NF_ID":"WTR0100000001OGE0","admin_code":"47130","source_layer":"TN_RIVER_BNDRY","semantic":"zone","river_class":"소하천","river_class_source":"중심선 공간조인","survey_method":"사진측량"},"geometry":{"type":"Polygon","coordinates":[[[129.01492,35.70821],[129.0147,35.7081],[129.01465,35.70816],[129.01487,35.70829],[129.01488,35.70826],[129.01491,35.70823],[129.01492,35.70821]]]}},{"type":"Feature","id":"TN_RIVER_BNDRY:WTR0100000001OGF1","properties":{"NF_ID":"WTR0100000001OGF1","admin_code":"47130","source_layer":"TN_RIVER_BNDRY","semantic":"zone","river_class":"소하천","river_class_source":"중심선 공간조인","survey_method":"사진측량"},"geometry":{"type":"Polygon","coordinates":[[[129.01431,35.71832],[129.01392,35.71755],[129.01279,35.71713],[129.0121,35.71664],[129.01183,35.71572],[129.01304,35.71374],[129.01361,35.7132],[129.01431,35.71162],[129.01438,35.71108],[129.014,35.71067],[129.01398,35.71024],[129.01482,35.70855],[129.01487,35.70829],[129.01465,35.70816],[129.01458,35.70879],[129.01382,35.71018],[129.01393,35.71093],[129.01421,35.71143],[129.01392,35.71227],[129.01166,35.7156],[129.01177,35.71651],[129.01208,35.7169],[129.01251,35.71726],[129.01367,35.71761],[129.01409,35.71834],[129.01431,35.71832]]]}},{"type":"Feature","id":"TN_RIVER_BNDRY:WTR0100000001OGG2","properties":{"NF_ID":"WTR0100000001OGG2","admin_code":"47130","source_layer":"TN_RIVER_BNDRY","semantic":"zone","river_class":"소하천","river_class_source":"중심선 공간조인","survey_method":"사진측량"},"geometry":{"type":"Polygon","coordinates":[[[129.03032,35.7249],[129.03028,35.72487],[129.03027,35.72487],[129.03027,35.72487],[129.03026,35.72487],[129.03021,35.72487],[129.03021,35.72496],[129.03032,35.7249]]]}},{"type":"Feature","id":"TN_RIVER_BNDRY:WTR0100000001OGH3","properties":{"NF_ID":"WTR0100000001OGH3","admin_code":"47130","source_layer":"TN_RIVER_BNDRY","semantic":"zone","river_class":"소하천","river_class_source":"중심선 공간조인","survey_method":"사진측량"},"geometry":{"type":"Polygon","coordinates":[[[129.03028,35.72487],[129.03086,35.72472],[129.03101,35.72449],[129.03196,35.72434],[129.03182,35.72426],[129.03101,35.72443],[129.03028,35.72487]]]}},{"type":"Feature","id":"TN_RIVER_BNDRY:WTR0100000001OGI4","properties":{"NF_ID":"WTR0100000001OGI4","admin_code":"47130","source_layer":"TN_RIVER_BNDRY","semantic":"zone","river_class":"소하천","river_class_source":"중심선 공간조인","survey_method":"사진측량"},"geometry":{"type":"Polygon","coordinates":[[[129.03264,35.71404],[129.03326,35.71355],[129.03412,35.71362],[129.03533,35.71257],[129.03542,35.71195],[129.03598,35.71161],[129.03639,35.71004],[129.03617,35.71027],[129.03591,35.71155],[129.03537,35.71194],[129.03519,35.7122],[129.03527,35.71253],[129.03469,35.71318],[129.03404,35.71361],[129.03321,35.71351],[129.03264,35.71404]]]}},{"type":"Feature","id":"TN_RIVER_BNDRY:WTR0100000001OGJ5","properties":{"NF_ID":"WTR0100000001OGJ5","admin_code":"47130","source_layer":"TN_RIVER_BNDRY","semantic":"zone","river_class":"소하천","river_class_source":"중심선 공간조인","survey_method":"사진측량"},"geometry":{"type":"Polygon","coordinates":[[[129.02669,35.72337],[129.02674,35.72326],[129.02655,35.72324],[129.0265,35.72341],[129.02669,35.72337]]]}},{"type":"Feature","id":"TN_RIVER_BNDRY:WTR0100000001OGK6","properties":{"NF_ID":"WTR0100000001OGK6","admin_code":"47130","source_layer":"TN_RIVER_BNDRY","semantic":"zone","river_class":"소하천","river_class_source":"중심선 공간조인","survey_method":"사진측량"},"geometry":{"type":"Polygon","coordinates":[[[129.03021,35.72487],[129.02947,35.72466],[129.02826,35.72353],[129.02674,35.72326],[129.02669,35.72337],[129.02823,35.72361],[129.02948,35.72478],[129.02983,35.72492],[129.03021,35.72496],[129.03021,35.72487]]]}},{"type":"Feature","id":"TN_RIVER_BNDRY:WTR0100000001OGL7","properties":{"NF_ID":"WTR0100000001OGL7","admin_code":"47130","source_layer":"TN_RIVER_BNDRY","semantic":"zone","river_class":"소하천","river_class_source":"중심선 공간조인","survey_method":"사진측량"},"geometry":{"type":"Polygon","coordinates":[[[129.03191,35.71564],[129.03158,35.71568],[129.03142,35.71557],[129.03002,35.7159],[129.02944,35.71589],[129.02916,35.71608],[129.02924,35.71672],[129.02835,35.71839],[129.02837,35.71893],[129.02868,35.71943],[129.028,35.72092],[129.02853,35.72164],[129.02677,35.72246],[129.02655,35.72324],[129.02674,35.72326],[129.02698,35.72245],[129.02867,35.72164],[129.02816,35.72112],[129.02812,35.72075],[129.02883,35.71954],[129.02849,35.719],[129.02842,35.71853],[129.02853,35.71807],[129.02938,35.71676],[129.02947,35.7164],[129.02929,35.71633],[129.02927,35.71613],[129.03191,35.71564]]]}},{"type":"Feature","id":"TN_RIVER_BNDRY:WTR0100000001OGQC","properties":{"NF_ID":"WTR0100000001OGQC","admin_code":"47130","source_layer":"TN_RIVER_BNDRY","semantic":"zone","river_class":"지방하천","river_class_source":"중심선 공간조인","river_name":"동창천","river_code":"2026960","survey_method":"사진측량"},"geometry":{"type":"Polygon","coordinates":[[[129.07097,35.716],[129.07064,35.71595],[129.07056,35.71607],[129.07097,35.716]]]}},{"type":"Feature","id":"TN_RIVER_BNDRY:WTR0100000001OGRD","properties":{"NF_ID":"WTR0100000001OGRD","admin_code":"47130","source_layer":"TN_RIVER_BNDRY","semantic":"zone","river_class":"소하천","river_class_source":"중심선 공간조인","survey_method":"사진측량"},"geometry":{"type":"Polygon","coordinates":[[[129.10199,35.72853],[129.10155,35.72818],[129.10084,35.72799],[129.09939,35.72826],[129.09911,35.72793],[129.09849,35.72783],[129.09806,35.72738],[129.09875,35.72811],[129.09905,35.72795],[129.09935,35.72829],[129.10081,35.72805],[129.10151,35.72822],[129.10199,35.72853]]]}},{"type":"Feature","id":"TN_RIVER_BNDRY:WTR0100000001OGSE","properties":{"NF_ID":"WTR0100000001OGSE","admin_code":"47130","source_layer":"TN_RIVER_BNDRY","semantic":"zone","river_class":"소하천","river_class_source":"중심선 공간조인","survey_method":"사진측량"},"geometry":{"type":"Polygon","coordinates":[[[129.02055,35.70251],[129.02144,35.70104],[129.0215,35.70066],[129.02098,35.70015],[129.02134,35.70089],[129.02016,35.70207],[129.02031,35.70259],[129.02055,35.70251]]]}},{"type":"Feature","id":"TN_RIVER_BNDRY:WTR0100000001OGTF","properties":{"NF_ID":"WTR0100000001OGTF","admin_code":"47130","source_layer":"TN_RIVER_BNDRY","semantic":"zone","river_class":"소하천","river_class_source":"중심선 공간조인","survey_method":"사진측량"},"geometry":{"type":"Polygon","coordinates":[[[129.0265,35.72341],[129.02655,35.72324],[129.02598,35.72345],[129.0243,35.72367],[129.023,35.72368],[129.02231,35.72351],[129.02146,35.72306],[129.02101,35.72305],[129.01976,35.72338],[129.0183,35.72413],[129.01743,35.72422],[129.01575,35.72373],[129.01465,35.72376],[129.01481,35.72423],[129.0159,35.72398],[129.01764,35.72442],[129.01895,35.72403],[129.01907,35.72413],[129.01898,35.724],[129.01993,35.72344],[129.02109,35.72313],[129.02225,35.72367],[129.02318,35.72383],[129.02614,35.72357],[129.0265,35.72341]]]}},{"type":"Feature","id":"TN_RIVER_BNDRY:WTR0100000001OGUG","properties":{"NF_ID":"WTR0100000001OGUG","admin_code":"47130","source_layer":"TN_RIVER_BNDRY","semantic":"zone","river_class":"소하천","river_class_source":"중심선 공간조인","survey_method":"사진측량"},"geometry":{"type":"Polygon","coordinates":[[[129.07097,35.716],[129.07157,35.7161],[129.07237,35.71603],[129.0728,35.71616],[129.07304,35.71605],[129.07097,35.716]]]}},{"type":"Feature","id":"TN_RIVER_BNDRY:WTR0100000001OGVH","properties":{"NF_ID":"WTR0100000001OGVH","admin_code":"47130","source_layer":"TN_RIVER_BNDRY","semantic":"zone","river_class":"지방하천","river_class_source":"중심선 공간조인","river_name":"범곡천","river_code":"2026980","survey_method":"사진측량"},"geometry":{"type":"Polygon","coordinates":[[[129.05588,35.71552],[129.05536,35.71551],[129.05544,35.71645],[129.05604,35.71649],[129.05588,35.71552]]]}},{"type":"Feature","id":"TN_RIVER_BNDRY:WTR0100000001OGWI","properties":{"NF_ID":"WTR0100000001OGWI","admin_code":"47130","source_layer":"TN_RIVER_BNDRY","semantic":"zone","river_class":"소하천","river_class_source":"중심선 공간조인","survey_method":"사진측량"},"geometry":{"type":"Polygon","coordinates":[[[129.05532,35.71542],[129.0553,35.71543],[129.05528,35.71541],[129.05509,35.71536],[129.05505,35.71537],[129.05504,35.71537],[129.05503,35.71538],[129.05503,35.71538],[129.05503,35.71539],[129.05504,35.71539],[129.05505,35.7154],[129.05505,35.71541],[129.05506,35.71541],[129.05511,35.71543],[129.05512,35.71544],[129.05527,35.71549],[129.05533,35.7155],[129.05536,35.71551],[129.05532,35.71542]]]}},{"type":"Feature","id":"TN_RIVER_BNDRY:WTR0100000001OGXJ","properties":{"NF_ID":"WTR0100000001OGXJ","admin_code":"47130","source_layer":"TN_RIVER_BNDRY","semantic":"zone","river_class":"지방하천","river_class_source":"중심선 공간조인","river_name":"범곡천","river_code":"2026980","survey_method":"사진측량"},"geometry":{"type":"Polygon","coordinates":[[[129.05587,35.71542],[129.05532,35.71542],[129.05588,35.71552],[129.05587,35.71542]]]}},{"type":"Feature","id":"TN_RIVER_BNDRY:WTR0100000001OGYK","properties":{"NF_ID":"WTR0100000001OGYK","admin_code":"47130","source_layer":"TN_RIVER_BNDRY","semantic":"zone","river_class":"소하천","river_class_source":"중심선 공간조인","survey_method":"사진측량"},"geometry":{"type":"Polygon","coordinates":[[[129.0147,35.7081],[129.01468,35.7081],[129.01468,35.7081],[129.01466,35.70809],[129.01461,35.70806],[129.0146,35.70806],[129.01447,35.70797],[129.01439,35.7079],[129.0143,35.70784],[129.01429,35.70784],[129.01427,35.70784],[129.01426,35.70784],[129.01425,35.70785],[129.01426,35.70787],[129.01427,35.70789],[129.01429,35.70791],[129.01432,35.70793],[129.01437,35.70798],[129.01448,35.70805],[129.01458,35.7081],[129.01463,35.70813],[129.01465,35.70815],[129.01465,35.70816],[129.0147,35.7081]]]}},{"type":"Feature","id":"TN_RIVER_BNDRY:WTR0100000001OGZL","properties":{"NF_ID":"WTR0100000001OGZL","admin_code":"47130","source_layer":"TN_RIVER_BNDRY","semantic":"zone","river_class":"소하천","river_class_source":"중심선 공간조인","survey_method":"사진측량"},"geometry":{"type":"Polygon","coordinates":[[[129.0147,35.7081],[129.01492,35.70821],[129.01692,35.70647],[129.01639,35.70624],[129.01645,35.70561],[129.01696,35.70513],[129.01637,35.70559],[129.01616,35.70686],[129.0147,35.7081]]]}},{"type":"Feature","id":"TN_RIVER_BNDRY:WTR0100000001OH0N","properties":{"NF_ID":"WTR0100000001OH0N","admin_code":"47130","source_layer":"TN_RIVER_BNDRY","semantic":"zone","river_class":"지방하천","river_class_source":"중심선 공간조인","river_name":"이조천","river_code":"2120050","survey_method":"사진측량"},"geometry":{"type":"Polygon","coordinates":[[[129.16589,35.74897],[129.16542,35.74836],[129.1653,35.74838],[129.16572,35.749],[129.16589,35.74897]]]}},{"type":"Feature","id":"TN_RIVER_BNDRY:WTR0100000001OH1O","properties":{"NF_ID":"WTR0100000001OH1O","admin_code":"47130","source_layer":"TN_RIVER_BNDRY","semantic":"zone","river_class":"소하천","river_class_source":"중심선 공간조인","survey_method":"사진측량"},"geometry":{"type":"Polygon","coordinates":[[[129.1653,35.74838],[129.16542,35.74836],[129.1653,35.74827],[129.16503,35.74828],[129.1611,35.74899],[129.16029,35.74886],[129.16108,35.74906],[129.16271,35.7487],[129.1653,35.74838]]]}},{"type":"Feature","id":"TN_RIVER_BNDRY:WTR0100000001OH2P","properties":{"NF_ID":"WTR0100000001OH2P","admin_code":"47130","source_layer":"TN_RIVER_BNDRY","semantic":"zone","river_class":"지방하천","river_class_source":"중심선 공간조인","river_name":"이조천","river_code":"2120050","survey_method":"사진측량"},"geometry":{"type":"Polygon","coordinates":[[[129.17053,35.74843],[129.17067,35.74697],[129.17054,35.74703],[129.17053,35.74843]]]}},{"type":"Feature","id":"TN_RIVER_BNDRY:WTR0100000001OH3Q","properties":{"NF_ID":"WTR0100000001OH3Q","admin_code":"47130","source_layer":"TN_RIVER_BNDRY","semantic":"zone","river_class":"지방하천","river_class_source":"중심선 공간조인","river_name":"이조천","river_code":"2120050","survey_method":"사진측량"},"geometry":{"type":"Polygon","coordinates":[[[129.17045,35.74844],[129.17054,35.74703],[129.16888,35.74766],[129.16542,35.74836],[129.16589,35.74897],[129.16697,35.74874],[129.17045,35.74844]]]}},{"type":"Feature","id":"TN_RIVER_BNDRY:WTR0100000001OH4R","properties":{"NF_ID":"WTR0100000001OH4R","admin_code":"47130","source_layer":"TN_RIVER_BNDRY","semantic":"zone","river_class":"소하천","river_class_source":"중심선 공간조인","survey_method":"사진측량"},"geometry":{"type":"Polygon","coordinates":[[[129.17053,35.74843],[129.1695,35.74873],[129.16997,35.74872],[129.17053,35.74843]]]}},{"type":"Feature","id":"TN_RIVER_BNDRY:WTR0100000001OH5S","properties":{"NF_ID":"WTR0100000001OH5S","admin_code":"47130","source_layer":"TN_RIVER_BNDRY","semantic":"zone","river_class":"지방하천","river_class_source":"중심선 공간조인","river_name":"이조천","river_code":"2120050","survey_method":"사진측량"},"geometry":{"type":"Polygon","coordinates":[[[129.17412,35.7457],[129.17324,35.7453],[129.17395,35.74583],[129.17412,35.7457]]]}},{"type":"Feature","id":"TN_RIVER_BNDRY:WTR0100000001OH6T","properties":{"NF_ID":"WTR0100000001OH6T","admin_code":"47130","source_layer":"TN_RIVER_BNDRY","semantic":"zone","river_class":"지방하천","river_class_source":"중심선 공간조인","river_name":"이조천","river_code":"2120050","survey_method":"사진측량"},"geometry":{"type":"Polygon","coordinates":[[[129.17395,35.74583],[129.17324,35.7453],[129.17171,35.74643],[129.17067,35.74697],[129.17053,35.74843],[129.17395,35.74583]]]}},{"type":"Feature","id":"TN_RIVER_BNDRY:WTR0100000001OH7U","properties":{"NF_ID":"WTR0100000001OH7U","admin_code":"47130","source_layer":"TN_RIVER_BNDRY","semantic":"zone","river_class":"소하천","river_class_source":"중심선 공간조인","survey_method":"사진측량"},"geometry":{"type":"Polygon","coordinates":[[[129.06468,35.74136],[129.06456,35.74135],[129.06441,35.74219],[129.06457,35.7435],[129.0639,35.74467],[129.0647,35.74352],[129.06454,35.74227],[129.06468,35.74136]]]}},{"type":"Feature","id":"TN_RIVER_BNDRY:WTR0100000001OH8V","properties":{"NF_ID":"WTR0100000001OH8V","admin_code":"47130","source_layer":"TN_RIVER_BNDRY","semantic":"zone","river_class":"소하천","river_class_source":"중심선 공간조인","survey_method":"사진측량"},"geometry":{"type":"Polygon","coordinates":[[[129.03783,35.73806],[129.03794,35.73907],[129.03723,35.73985],[129.03676,35.74165],[129.03719,35.74445],[129.03757,35.74502],[129.03795,35.74524],[129.03755,35.74495],[129.03726,35.74446],[129.03684,35.74149],[129.03725,35.7399],[129.03801,35.73907],[129.03783,35.73806]]]}},{"type":"Feature","id":"TN_RIVER_BNDRY:WTR0100000001OH9W","properties":{"NF_ID":"WTR0100000001OH9W","admin_code":"47130","source_layer":"TN_RIVER_BNDRY","semantic":"zone","river_class":"소하천","river_class_source":"중심선 공간조인","survey_method":"사진측량"},"geometry":{"type":"Polygon","coordinates":[[[129.14066,35.73048],[129.14047,35.73144],[129.14082,35.73181],[129.1406,35.73142],[129.14066,35.73048]]]}},{"type":"Feature","id":"TN_RIVER_BNDRY:WTR0100000001OHAX","properties":{"NF_ID":"WTR0100000001OHAX","admin_code":"47130","source_layer":"TN_RIVER_BNDRY","semantic":"zone","river_class":"소하천","river_class_source":"중심선 공간조인","survey_method":"사진측량"},"geometry":{"type":"Polygon","coordinates":[[[129.06287,35.73105],[129.063,35.73089],[129.06352,35.73087],[129.06375,35.73072],[129.063,35.73087],[129.06282,35.73105],[129.06218,35.73097],[129.06287,35.73105]]]}},{"type":"Feature","id":"TN_RIVER_BNDRY:WTR0100000001OHBY","properties":{"NF_ID":"WTR0100000001OHBY","admin_code":"47130","source_layer":"TN_RIVER_BNDRY","semantic":"zone","river_class":"소하천","river_class_source":"중심선 공간조인","survey_method":"사진측량"},"geometry":{"type":"Polygon","coordinates":[[[129.17324,35.7453],[129.17287,35.74515],[129.17154,35.74517],[129.16991,35.74585],[129.16848,35.74667],[129.16501,35.74779],[129.16356,35.74581],[129.16305,35.74572],[129.16262,35.74534],[129.16301,35.74575],[129.16352,35.74586],[129.16499,35.74787],[129.16866,35.74663],[129.16992,35.74592],[129.17156,35.74523],[129.17324,35.7453]]]}},{"type":"Feature","id":"TN_RIVER_BNDRY:WTR0100000001OHCZ","properties":{"NF_ID":"WTR0100000001OHCZ","admin_code":"47130","source_layer":"TN_RIVER_BNDRY","semantic":"zone","river_class":"소하천","river_class_source":"중심선 공간조인","survey_method":"사진측량"},"geometry":{"type":"Polygon","coordinates":[[[129.12192,35.74821],[129.12181,35.7481],[129.12111,35.74811],[129.12159,35.74851],[129.12191,35.7485],[129.12192,35.74821]]]}},{"type":"Feature","id":"TN_RIVER_BNDRY:WTR0100000001OHD0","properties":{"NF_ID":"WTR0100000001OHD0","admin_code":"47130","source_layer":"TN_RIVER_BNDRY","semantic":"zone","river_class":"소하천","river_class_source":"중심선 공간조인","survey_method":"사진측량"},"geometry":{"type":"Polygon","coordinates":[[[129.12193,35.74817],[129.12193,35.74816],[129.12191,35.7481],[129.1219,35.74812],[129.12192,35.74821],[129.12193,35.74817]]]}},{"type":"Feature","id":"TN_RIVER_BNDRY:WTR0100000001OHF2","properties":{"NF_ID":"WTR0100000001OHF2","admin_code":"47130","source_layer":"TN_RIVER_BNDRY","semantic":"zone","river_class":"지방하천","river_class_source":"중심선 공간조인","river_name":"능동천","river_code":"2220030","survey_method":"사진측량"},"geometry":{"type":"Polygon","coordinates":[[[129.06509,35.64787],[129.06498,35.6483],[129.0653,35.6486],[129.06536,35.64908],[129.06607,35.64963],[129.06619,35.65003],[129.06626,35.64977],[129.06611,35.64949],[129.06555,35.64913],[129.06509,35.64787]]]}},{"type":"Feature","id":"TN_RIVER_BNDRY:WTR0100000001OHPC","properties":{"NF_ID":"WTR0100000001OHPC","admin_code":"47130","source_layer":"TN_RIVER_BNDRY","semantic":"zone","river_class":"소하천","river_class_source":"중심선 공간조인","survey_method":"사진측량"},"geometry":{"type":"Polygon","coordinates":[[[129.05313,35.68774],[129.05303,35.68764],[129.05211,35.68775],[129.05021,35.68855],[129.04985,35.68856],[129.04828,35.68961],[129.0499,35.6886],[129.05232,35.68777],[129.05313,35.68774]]]}},{"type":"Feature","id":"TN_RIVER_BNDRY:WTR0100000001OHQD","properties":{"NF_ID":"WTR0100000001OHQD","admin_code":"47130","source_layer":"TN_RIVER_BNDRY","semantic":"zone","river_class":"지방하천","river_class_source":"중심선 공간조인","river_name":"동창천","river_code":"2026960","survey_method":"사진측량"},"geometry":{"type":"Polygon","coordinates":[[[129.08057,35.69605],[129.08041,35.69591],[129.0785,35.6986],[129.07747,35.69919],[129.07718,35.69965],[129.07726,35.70019],[129.07806,35.701],[129.07816,35.70197],[129.07607,35.70481],[129.07545,35.70586],[129.07578,35.70601],[129.07663,35.70448],[129.07832,35.70216],[129.07838,35.70124],[129.07807,35.70067],[129.07757,35.70027],[129.07749,35.69953],[129.07895,35.69853],[129.08057,35.69605]]]}},{"type":"Feature","id":"TN_RIVER_BNDRY:WTR0100000001OHSF","properties":{"NF_ID":"WTR0100000001OHSF","admin_code":"47130","source_layer":"TN_RIVER_BNDRY","semantic":"zone","river_class":"지방하천","river_class_source":"중심선 공간조인","river_name":"동창천","river_code":"2026960","survey_method":"사진측량"},"geometry":{"type":"Polygon","coordinates":[[[129.07594,35.70979],[129.07528,35.70829],[129.07502,35.7071],[129.07574,35.70606],[129.07539,35.70595],[129.07485,35.70702],[129.07488,35.70744],[129.07532,35.7092],[129.07568,35.70986],[129.07594,35.70979]]]}},{"type":"Feature","id":"TN_RIVER_BNDRY:WTR0100000001OHTG","properties":{"NF_ID":"WTR0100000001OHTG","admin_code":"47130","source_layer":"TN_RIVER_BNDRY","semantic":"zone","river_class":"지방하천","river_class_source":"중심선 공간조인","river_name":"범곡천","river_code":"2026980","survey_method":"사진측량"},"geometry":{"type":"Polygon","coordinates":[[[129.05764,35.69207],[129.05738,35.69226],[129.05772,35.6926],[129.05784,35.69303],[129.05707,35.69406],[129.05652,35.69518],[129.05638,35.69641],[129.05665,35.69693],[129.05899,35.69811],[129.05925,35.69915],[129.05968,35.7],[129.05975,35.70377],[129.05823,35.70551],[129.05802,35.70623],[129.05822,35.70707],[129.05907,35.7078],[129.05941,35.70843],[129.05899,35.70902],[129.05766,35.70963],[129.05593,35.71241],[129.05516,35.7145],[129.05532,35.71542],[129.05587,35.71542],[129.05612,35.71331],[129.05735,35.71078],[129.05789,35.71006],[129.05947,35.7092],[129.05975,35.70877],[129.05957,35.70786],[129.05844,35.70709],[129.05818,35.70657],[129.05855,35.70548],[129.05933,35.70489],[129.06001,35.70374],[129.05982,35.69981],[129.05908,35.69791],[129.05704,35.69689],[129.05661,35.69647],[129.0567,35.69553],[129.05708,35.69446],[129.05815,35.69301],[129.05764,35.69207]]]}},{"type":"Feature","id":"TN_RIVER_BNDRY:WTR0100000001OHUH","properties":{"NF_ID":"WTR0100000001OHUH","admin_code":"47130","source_layer":"TN_RIVER_BNDRY","semantic":"zone","river_class":"지방하천","river_class_source":"중심선 공간조인","river_name":"동창천","river_code":"2026960","survey_method":"사진측량"},"geometry":{"type":"Polygon","coordinates":[[[129.07595,35.70981],[129.0757,35.70989],[129.07567,35.71041],[129.07462,35.7123],[129.07379,35.71297],[129.07278,35.71337],[129.07064,35.71595],[129.07097,35.716],[129.07175,35.7148],[129.07289,35.71359],[129.07402,35.71312],[129.07504,35.71204],[129.07517,35.71211],[129.07508,35.712],[129.07594,35.71047],[129.07595,35.70981]]]}},{"type":"Feature","id":"TN_RIVER_BNDRY:WTR0100000001OHVI","properties":{"NF_ID":"WTR0100000001OHVI","admin_code":"47130","source_layer":"TN_RIVER_BNDRY","semantic":"zone","river_class":"소하천","river_class_source":"중심선 공간조인","survey_method":"사진측량"},"geometry":{"type":"Polygon","coordinates":[[[129.10824,35.72848],[129.10827,35.72792],[129.10864,35.72706],[129.10863,35.7264],[129.10848,35.72654],[129.1082,35.72623],[129.10746,35.725],[129.10784,35.72264],[129.10857,35.72119],[129.10785,35.72043],[129.10809,35.7198],[129.10798,35.71947],[129.10733,35.71907],[129.10746,35.71829],[129.10708,35.71765],[129.10683,35.7161],[129.1071,35.71555],[129.10809,35.71519],[129.10793,35.71454],[129.10805,35.71306],[129.1091,35.71264],[129.10905,35.71241],[129.10849,35.71191],[129.10892,35.71252],[129.10799,35.71301],[129.10784,35.71334],[129.10784,35.71458],[129.10805,35.71501],[129.10722,35.71539],[129.10673,35.71594],[129.10689,35.71726],[129.10738,35.71831],[129.10722,35.71915],[129.10779,35.71956],[129.10771,35.7204],[129.10838,35.72121],[129.10767,35.72265],[129.10732,35.72497],[129.10849,35.72692],[129.10798,35.72828],[129.10798,35.72849],[129.10824,35.72848]]]}},{"type":"Feature","id":"TN_RIVER_BNDRY:WTR0100000001OHWJ","properties":{"NF_ID":"WTR0100000001OHWJ","admin_code":"47130","source_layer":"TN_RIVER_BNDRY","semantic":"zone","river_class":"소하천","river_class_source":"중심선 공간조인","survey_method":"사진측량"},"geometry":{"type":"Polygon","coordinates":[[[129.1713,35.72453],[129.17119,35.72464],[129.17302,35.72612],[129.17254,35.72694],[129.17245,35.72766],[129.17246,35.72807],[129.17304,35.72846],[129.17272,35.72931],[129.17312,35.7322],[129.17302,35.73302],[129.17352,35.73383],[129.17417,35.73587],[129.17426,35.73686],[129.17482,35.73808],[129.17472,35.73881],[129.175,35.73889],[129.17485,35.73734],[129.17437,35.73684],[129.17442,35.73573],[129.17368,35.73363],[129.1732,35.7329],[129.1733,35.73228],[129.173,35.73041],[129.173,35.72898],[129.1732,35.72845],[129.17307,35.72824],[129.1726,35.72807],[129.17254,35.72783],[129.17272,35.72678],[129.17307,35.72638],[129.17315,35.72602],[129.1713,35.72453]]]}},{"type":"Feature","id":"TN_RIVER_BNDRY:WTR0100000001OHXK","properties":{"NF_ID":"WTR0100000001OHXK","admin_code":"47130","source_layer":"TN_RIVER_BNDRY","semantic":"zone","river_class":"소하천","river_class_source":"중심선 공간조인","survey_method":"사진측량"},"geometry":{"type":"Polygon","coordinates":[[[129.175,35.73889],[129.17472,35.73881],[129.17471,35.73909],[129.1752,35.73916],[129.175,35.73889]]]}},{"type":"Feature","id":"TN_RIVER_BNDRY:WTR0100000001OHYL","properties":{"NF_ID":"WTR0100000001OHYL","admin_code":"47130","source_layer":"TN_RIVER_BNDRY","semantic":"zone","river_class":"소하천","river_class_source":"중심선 공간조인","survey_method":"사진측량"},"geometry":{"type":"Polygon","coordinates":[[[129.1752,35.73916],[129.17471,35.73909],[129.17513,35.74067],[129.17745,35.74212],[129.17757,35.74235],[129.17747,35.74253],[129.17938,35.74286],[129.17854,35.74257],[129.17749,35.74168],[129.17573,35.74068],[129.1753,35.73994],[129.1752,35.73916]]]}},{"type":"Feature","id":"TN_RIVER_BNDRY:WTR0100000001OHZM","properties":{"NF_ID":"WTR0100000001OHZM","admin_code":"47130","source_layer":"TN_RIVER_BNDRY","semantic":"zone","river_class":"지방하천","river_class_source":"중심선 공간조인","river_name":"이조천","river_code":"2120050","survey_method":"사진측량"},"geometry":{"type":"Polygon","coordinates":[[[129.17738,35.74352],[129.17747,35.74253],[129.17533,35.74367],[129.1733,35.74527],[129.17412,35.7457],[129.1761,35.74407],[129.17738,35.74352]]]}},{"type":"Feature","id":"TN_RIVER_BNDRY:WTR0100000001OITH","properties":{"NF_ID":"WTR0100000001OITH","admin_code":"47130","source_layer":"TN_RIVER_BNDRY","semantic":"zone","river_class":"지방하천","river_class_source":"중심선 공간조인","river_name":"명계천","survey_method":"사진측량"},"geometry":{"type":"Polygon","coordinates":[[[129.24359,35.72499],[129.24479,35.72479],[129.24524,35.72445],[129.24659,35.72408],[129.24659,35.7238],[129.2469,35.72378],[129.24671,35.72328],[129.24688,35.72196],[129.24712,35.72169],[129.24752,35.72168],[129.2485,35.72243],[129.24909,35.72265],[129.25,35.72223],[129.25,35.72161],[129.24981,35.72181],[129.24874,35.72173],[129.24746,35.72107],[129.24674,35.72102],[129.24606,35.72147],[129.24574,35.72254],[129.24497,35.72274],[129.24497,35.72249],[129.24455,35.72224],[129.24441,35.72196],[129.24325,35.72137],[129.24253,35.72035],[129.24149,35.71937],[129.24132,35.71956],[129.2414,35.71983],[129.24238,35.72131],[129.24289,35.72256],[129.24191,35.72382],[129.24177,35.72445],[129.24345,35.72512],[129.24359,35.72499]]]}},{"type":"Feature","id":"TN_RIVER_BNDRY:WTR0100000001OIUI","properties":{"NF_ID":"WTR0100000001OIUI","admin_code":"47130","source_layer":"TN_RIVER_BNDRY","semantic":"zone","river_class":"등급미확인","survey_method":"사진측량"},"geometry":{"type":"Polygon","coordinates":[[[129.00005,35.7319],[129.0,35.73186],[129.0,35.73197],[129.00009,35.73203],[129.00011,35.73204],[129.0001,35.73203],[129.0001,35.73202],[129.00011,35.732],[129.00011,35.73199],[129.00011,35.73197],[129.00011,35.73195],[129.00005,35.7319]]]}},{"type":"Feature","id":"TN_RIVER_BNDRY:WTR0100000001OIVJ","properties":{"NF_ID":"WTR0100000001OIVJ","admin_code":"47130","source_layer":"TN_RIVER_BNDRY","semantic":"zone","river_class":"소하천","river_class_source":"중심선 공간조인","survey_method":"사진측량"},"geometry":{"type":"Polygon","coordinates":[[[129.08633,35.74958],[129.08589,35.7495],[129.08549,35.74917],[129.08491,35.74898],[129.08422,35.74904],[129.08407,35.74887],[129.08368,35.74888],[129.08405,35.74891],[129.08423,35.74909],[129.08468,35.749],[129.08533,35.74917],[129.08582,35.74955],[129.08625,35.74959],[129.08676,35.75],[129.08633,35.74958]]]}},{"type":"Feature","id":"TN_RIVER_BNDRY:WTR0100000001OIWK","properties":{"NF_ID":"WTR0100000001OIWK","admin_code":"47130","source_layer":"TN_RIVER_BNDRY","semantic":"zone","river_class":"소하천","river_class_source":"중심선 공간조인","survey_method":"사진측량"},"geometry":{"type":"Polygon","coordinates":[[[129.0105,35.736],[129.01004,35.73587],[129.01003,35.73661],[129.00826,35.73913],[129.00683,35.73995],[129.00506,35.74044],[129.00432,35.74282],[129.00412,35.74288],[129.00339,35.74382],[129.00302,35.74602],[129.00254,35.74736],[129.00148,35.74858],[129.00057,35.75],[129.00122,35.75],[129.00299,35.74743],[129.00386,35.74463],[129.00459,35.74331],[129.00484,35.74223],[129.00548,35.74081],[129.00731,35.74011],[129.00834,35.73954],[129.00957,35.73826],[129.01011,35.73744],[129.0105,35.736]]]}},{"type":"Feature","id":"TN_RIVER_BNDRY:WTR0100000001OIXL","properties":{"NF_ID":"WTR0100000001OIXL","admin_code":"47130","source_layer":"TN_RIVER_BNDRY","semantic":"zone","river_class":"소하천","river_class_source":"중심선 공간조인","survey_method":"사진측량"},"geometry":{"type":"Polygon","coordinates":[[[129.12142,35.74847],[129.12136,35.74824],[129.12111,35.74811],[129.11978,35.74833],[129.11911,35.74803],[129.11864,35.74808],[129.11855,35.74848],[129.11798,35.74912],[129.1169,35.74907],[129.1167,35.74932],[129.11672,35.74969],[129.11631,35.75],[129.11676,35.7497],[129.11674,35.74933],[129.11693,35.74909],[129.118,35.74916],[129.11857,35.74852],[129.11866,35.74811],[129.11908,35.74807],[129.11977,35.74837],[129.12037,35.74829],[129.12142,35.74847]]]}},{"type":"Feature","id":"TN_RIVER_BNDRY:WTR0100000001OIYM","properties":{"NF_ID":"WTR0100000001OIYM","admin_code":"47130","source_layer":"TN_RIVER_BNDRY","semantic":"zone","river_class":"지방하천","river_class_source":"중심선 공간조인","river_name":"이조천","river_code":"2120050","survey_method":"사진측량"},"geometry":{"type":"Polygon","coordinates":[[[129.20113,35.7496],[129.20045,35.74798],[129.19986,35.74848],[129.1972,35.74945],[129.19655,35.74945],[129.19454,35.74908],[129.19448,35.74883],[129.19197,35.74649],[129.19031,35.74587],[129.18769,35.7456],[129.18474,35.74442],[129.18323,35.74335],[129.17938,35.74286],[129.17917,35.74354],[129.18254,35.74396],[129.18677,35.74616],[129.19001,35.74658],[129.19163,35.74722],[129.19211,35.74753],[129.19429,35.74976],[129.19586,35.75],[129.19777,35.75],[129.20003,35.74943],[129.20045,35.7494],[129.20113,35.7496]]]}},{"type":"Feature","id":"TN_RIVER_BNDRY:WTR0100000001OIZN","properties":{"NF_ID":"WTR0100000001OIZN","admin_code":"47130","source_layer":"TN_RIVER_BNDRY","semantic":"zone","river_class":"지방하천","river_class_source":"중심선 공간조인","river_name":"동창천","river_code":"2026960","survey_method":"사진측량"},"geometry":{"type":"Polygon","coordinates":[[[129.0639,35.74467],[129.06345,35.74438],[129.06325,35.74384],[129.06282,35.74349],[129.06174,35.74083],[129.06097,35.73735],[129.06,35.73449],[129.06005,35.73254],[129.0584,35.73251],[129.05911,35.73519],[129.06009,35.7371],[129.06073,35.74021],[129.0615,35.74157],[129.06222,35.74339],[129.06238,35.74456],[129.06186,35.74468],[129.06195,35.74496],[129.06165,35.74517],[129.06267,35.74648],[129.06387,35.74731],[129.06419,35.74898],[129.065,35.75],[129.06732,35.75],[129.0673,35.74745],[129.06665,35.74569],[129.06651,35.74561],[129.06615,35.74586],[129.06415,35.74523],[129.06383,35.74488],[129.0639,35.74467]]]}},{"type":"Feature","id":"TN_RIVER_BNDRY:WTR0100000001OJ0P","properties":{"NF_ID":"WTR0100000001OJ0P","admin_code":"47130","source_layer":"TN_RIVER_BNDRY","semantic":"zone","river_class":"소하천","river_class_source":"중심선 공간조인","survey_method":"사진측량"},"geometry":{"type":"Polygon","coordinates":[[[129.23502,35.74583],[129.23512,35.74563],[129.23409,35.74468],[129.23308,35.74438],[129.23189,35.74432],[129.23135,35.74401],[129.23039,35.74279],[129.22987,35.74176],[129.22805,35.73976],[129.22651,35.7401],[129.22522,35.73987],[129.22332,35.74002],[129.22107,35.74041],[129.21941,35.74087],[129.21677,35.74073],[129.21474,35.74189],[129.21384,35.74288],[129.21065,35.74463],[129.2101,35.74534],[129.20993,35.7463],[129.20933,35.74693],[129.20873,35.74736],[129.20604,35.74818],[129.20463,35.74929],[129.20422,35.74979],[129.20386,35.74989],[129.20396,35.75],[129.20473,35.75],[129.20506,35.74937],[129.20661,35.74816],[129.20917,35.74733],[129.2102,35.74648],[129.21063,35.74485],[129.21376,35.74317],[129.21584,35.74174],[129.2178,35.74103],[129.21829,35.74095],[129.21936,35.74113],[129.22138,35.74057],[129.22325,35.74027],[129.22504,35.74008],[129.22651,35.74031],[129.228,35.73993],[129.2296,35.74175],[129.22993,35.74258],[129.23111,35.74394],[129.2312,35.74429],[129.23385,35.74478],[129.23502,35.74583]]]}},{"type":"Feature","id":"TN_RIVER_BNDRY:WTR0100000001OJ1Q","properties":{"NF_ID":"WTR0100000001OJ1Q","admin_code":"47130","source_layer":"TN_RIVER_BNDRY","semantic":"zone","river_class":"지방하천","river_class_source":"중심선 공간조인","river_name":"형산강","river_code":"2120010","survey_method":"사진측량"},"geometry":{"type":"Polygon","coordinates":[[[129.20386,35.74989],[129.20266,35.74897],[129.20113,35.7496],[129.20182,35.75],[129.20372,35.75],[129.20386,35.74989]]]}},{"type":"Feature","id":"TN_RIVER_BNDRY:WTR0100000001OJ2R","properties":{"NF_ID":"WTR0100000001OJ2R","admin_code":"47130","source_layer":"TN_RIVER_BNDRY","semantic":"zone","river_class":"소하천","river_class_source":"중심선 공간조인","survey_method":"사진측량"},"geometry":{"type":"Polygon","coordinates":[[[129.03842,35.74632],[129.03864,35.74727],[129.03923,35.74859],[129.03953,35.75],[129.0394,35.74875],[129.03842,35.74632]]]}},{"type":"Feature","id":"TN_RIVER_BNDRY:WTR0100000001OJ3S","properties":{"NF_ID":"WTR0100000001OJ3S","admin_code":"47130","source_layer":"TN_RIVER_BNDRY","semantic":"zone","river_class":"등급미확인","survey_method":"사진측량"},"geometry":{"type":"Polygon","coordinates":[[[129.20386,35.74989],[129.20372,35.75],[129.20396,35.75],[129.20386,35.74989]]]}},{"type":"Feature","id":"TN_RIVER_BNDRY:WTR0100000001OJ4T","properties":{"NF_ID":"WTR0100000001OJ4T","admin_code":"47130","source_layer":"TN_RIVER_BNDRY","semantic":"zone","river_class":"등급미확인","survey_method":"사진측량"},"geometry":{"type":"Polygon","coordinates":[[[129.23708,35.74998],[129.23691,35.74996],[129.2369,35.75],[129.23708,35.75],[129.23708,35.74998]]]}},{"type":"Feature","id":"TN_RIVER_BNDRY:WTR0100000001OJ5U","properties":{"NF_ID":"WTR0100000001OJ5U","admin_code":"47130","source_layer":"TN_RIVER_BNDRY","semantic":"zone","river_class":"지방하천","river_class_source":"중심선 공간조인","river_name":"이조천","river_code":"2120050","survey_method":"사진측량"},"geometry":{"type":"Polygon","coordinates":[[[129.1508,35.75],[129.14964,35.74918],[129.14389,35.74702],[129.13843,35.7478],[129.13568,35.74861],[129.13488,35.74862],[129.13261,35.74807],[129.13013,35.74793],[129.13004,35.74846],[129.1306,35.74832],[129.13342,35.74867],[129.13502,35.74904],[129.13641,35.74906],[129.13918,35.74828],[129.14266,35.74776],[129.1443,35.74803],[129.14909,35.75],[129.1508,35.75]]]}},{"type":"Feature","id":"TN_RIVER_BNDRY:WTR0100000001OJ6V","properties":{"NF_ID":"WTR0100000001OJ6V","admin_code":"47130","source_layer":"TN_RIVER_BNDRY","semantic":"zone","river_class":"지방하천","river_class_source":"중심선 공간조인","river_name":"이조천","river_code":"2120050","survey_method":"사진측량"},"geometry":{"type":"Polygon","coordinates":[[[129.16572,35.749],[129.1653,35.74838],[129.16278,35.74899],[129.15997,35.75],[129.16172,35.74996],[129.16316,35.74946],[129.16572,35.749]]]}},{"type":"Feature","id":"TN_RIVER_BNDRY:WTR0100000001OJ7W","properties":{"NF_ID":"WTR0100000001OJ7W","admin_code":"47130","source_layer":"TN_RIVER_BNDRY","semantic":"zone","river_class":"소하천","river_class_source":"중심선 공간조인","survey_method":"사진측량"},"geometry":{"type":"Polygon","coordinates":[[[129.23513,35.74593],[129.23502,35.74583],[129.2351,35.74665],[129.2356,35.74751],[129.23555,35.74814],[129.23577,35.74891],[129.23534,35.74924],[129.23556,35.75],[129.23546,35.74925],[129.23584,35.74881],[129.23562,35.74742],[129.23516,35.74669],[129.23513,35.74593]]]}},{"type":"Feature","id":"TN_RIVER_BNDRY:WTR0100000001OJ8X","properties":{"NF_ID":"WTR0100000001OJ8X","admin_code":"47130","source_layer":"TN_RIVER_BNDRY","semantic":"zone","river_class":"지방하천","river_class_source":"중심선 공간조인","river_name":"이조천","river_code":"2120050","survey_method":"사진측량"},"geometry":{"type":"Polygon","coordinates":[[[129.13004,35.74846],[129.12973,35.74835],[129.12931,35.74906],[129.12745,35.74961],[129.12676,35.75],[129.12797,35.74985],[129.12947,35.74926],[129.13004,35.74846]]]}},{"type":"Feature","id":"TN_RIVER_BNDRY:WTR0100000001OJC1","properties":{"NF_ID":"WTR0100000001OJC1","admin_code":"47130","source_layer":"TN_RIVER_BNDRY","semantic":"zone","river_class":"소하천","river_class_source":"중심선 공간조인","survey_method":"사진측량"},"geometry":{"type":"Polygon","coordinates":[[[129.51045,35.83561],[129.51022,35.83582],[129.51082,35.8357],[129.51285,35.83421],[129.5137,35.83454],[129.51399,35.83452],[129.51429,35.8343],[129.51419,35.83405],[129.51464,35.83378],[129.51453,35.83367],[129.51402,35.834],[129.51408,35.83428],[129.51393,35.83442],[129.51308,35.83409],[129.5127,35.83414],[129.51075,35.83562],[129.51045,35.83561]]]}},{"type":"Feature","id":"TN_RIVER_BNDRY:WTR0100000001OKH7","properties":{"NF_ID":"WTR0100000001OKH7","admin_code":"47130","source_layer":"TN_RIVER_BNDRY","semantic":"zone","river_class":"소하천","river_class_source":"중심선 공간조인","survey_method":"사진측량"},"geometry":{"type":"Polygon","coordinates":[[[129.50419,35.80934],[129.50458,35.80932],[129.50524,35.809],[129.50513,35.80893],[129.50456,35.80925],[129.50413,35.80932],[129.50383,35.80972],[129.50347,35.81128],[129.50392,35.813],[129.50372,35.81361],[129.50295,35.81404],[129.50301,35.81453],[129.50302,35.81404],[129.50384,35.81359],[129.504,35.81297],[129.50353,35.81124],[129.5039,35.80971],[129.50419,35.80934]]]}},{"type":"Feature","id":"TN_RIVER_BNDRY:WTR0100000001OKI8","properties":{"NF_ID":"WTR0100000001OKI8","admin_code":"47130","source_layer":"TN_RIVER_BNDRY","semantic":"zone","river_class":"소하천","river_class_source":"중심선 공간조인","survey_method":"사진측량"},"geometry":{"type":"Polygon","coordinates":[[[129.50861,35.82308],[129.50844,35.82316],[129.50843,35.824],[129.50871,35.82428],[129.50881,35.82415],[129.50856,35.82397],[129.50861,35.82308]]]}},{"type":"Feature","id":"TN_RIVER_BNDRY:WTR0100000001OKJ9","properties":{"NF_ID":"WTR0100000001OKJ9","admin_code":"47130","source_layer":"TN_RIVER_BNDRY","semantic":"zone","river_class":"소하천","river_class_source":"중심선 공간조인","survey_method":"사진측량"},"geometry":{"type":"Polygon","coordinates":[[[129.50846,35.82289],[129.50766,35.82259],[129.50743,35.82235],[129.5077,35.8227],[129.50846,35.82289]]]}},{"type":"Feature","id":"TN_RIVER_BNDRY:WTR0100000001OKKA","properties":{"NF_ID":"WTR0100000001OKKA","admin_code":"47130","source_layer":"TN_RIVER_BNDRY","semantic":"zone","river_class":"소하천","river_class_source":"중심선 공간조인","survey_method":"사진측량"},"geometry":{"type":"Polygon","coordinates":[[[129.50861,35.82308],[129.5083,35.8229],[129.50844,35.82316],[129.50861,35.82308]]]}},{"type":"Feature","id":"TN_RIVER_BNDRY:WTR0100000001OKLB","properties":{"NF_ID":"WTR0100000001OKLB","admin_code":"47130","source_layer":"TN_RIVER_BNDRY","semantic":"zone","river_class":"소하천","river_class_source":"중심선 공간조인","survey_method":"사진측량"},"geometry":{"type":"Polygon","coordinates":[[[129.50635,35.82217],[129.50527,35.82207],[129.50423,35.82216],[129.50635,35.82217]]]}},{"type":"Feature","id":"TN_RIVER_BNDRY:WTR0100000001OKMC","properties":{"NF_ID":"WTR0100000001OKMC","admin_code":"47130","source_layer":"TN_RIVER_BNDRY","semantic":"zone","river_class":"등급미확인","survey_method":"사진측량"},"geometry":{"type":"Polygon","coordinates":[[[129.50429,35.82215],[129.50369,35.82188],[129.50126,35.82201],[129.50363,35.82193],[129.50429,35.82215]]]}},{"type":"Feature","id":"TN_RIVER_BNDRY:WTR0100000001OKND","properties":{"NF_ID":"WTR0100000001OKND","admin_code":"47130","source_layer":"TN_RIVER_BNDRY","semantic":"zone","river_class":"등급미확인","survey_method":"사진측량"},"geometry":{"type":"Polygon","coordinates":[[[129.50742,35.82238],[129.50743,35.82235],[129.50742,35.82235],[129.50698,35.82221],[129.50637,35.82209],[129.50636,35.8221],[129.50635,35.82217],[129.50635,35.82218],[129.50635,35.82218],[129.50696,35.82229],[129.50745,35.82245],[129.50742,35.82238]]]}},{"type":"Feature","id":"TN_RIVER_BNDRY:WTR0100000001OKQG","properties":{"NF_ID":"WTR0100000001OKQG","admin_code":"47130","source_layer":"TN_RIVER_BNDRY","semantic":"zone","river_class":"소하천","river_class_source":"중심선 공간조인","survey_method":"사진측량"},"geometry":{"type":"Polygon","coordinates":[[[129.50127,35.82202],[129.50126,35.82201],[129.50126,35.82201],[129.50125,35.822],[129.50121,35.82201],[129.50119,35.822],[129.50109,35.82196],[129.50103,35.82193],[129.501,35.82192],[129.50094,35.8219],[129.50088,35.82188],[129.50085,35.82187],[129.50081,35.82186],[129.50077,35.82185],[129.50073,35.82185],[129.50069,35.82185],[129.50065,35.82184],[129.50064,35.82184],[129.50062,35.82184],[129.50059,35.82182],[129.50055,35.82181],[129.50053,35.8218],[129.50052,35.82179],[129.5005,35.82177],[129.50048,35.82175],[129.50044,35.82172],[129.50043,35.8217],[129.50041,35.82169],[129.50038,35.82166],[129.50034,35.82165],[129.50031,35.82164],[129.50029,35.82164],[129.50025,35.82162],[129.50004,35.82158],[129.5,35.82158],[129.5,35.82162],[129.50003,35.82163],[129.50006,35.82163],[129.5002,35.82165],[129.50032,35.82167],[129.50037,35.82168],[129.50041,35.82173],[129.50048,35.8218],[129.50055,35.82184],[129.50068,35.82187],[129.50077,35.82188],[129.50082,35.82188],[129.50084,35.82189],[129.50088,35.8219],[129.50095,35.82192],[129.50099,35.82193],[129.50099,35.82193],[129.50101,35.82194],[129.50104,35.82197],[129.50116,35.82203],[129.5012,35.82204],[129.50124,35.82203],[129.50127,35.82202]]]}},{"type":"Feature","id":"TN_RIVER_BNDRY:WTR0100000001OKRH","properties":{"NF_ID":"WTR0100000001OKRH","admin_code":"47130","source_layer":"TN_RIVER_BNDRY","semantic":"zone","river_class":"소하천","river_class_source":"중심선 공간조인","survey_method":"사진측량"},"geometry":{"type":"Polygon","coordinates":[[[129.50844,35.82316],[129.5083,35.8229],[129.5077,35.82291],[129.50383,35.8239],[129.50057,35.82423],[129.5,35.82438],[129.5,35.82455],[129.50154,35.82416],[129.50384,35.824],[129.50723,35.82322],[129.50767,35.82324],[129.50791,35.82306],[129.50844,35.82316]]]}},{"type":"Feature","id":"TN_RIVER_BNDRY:WTR0100000001OKSI","properties":{"NF_ID":"WTR0100000001OKSI","admin_code":"47130","source_layer":"TN_RIVER_BNDRY","semantic":"zone","river_class":"소하천","river_class_source":"중심선 공간조인","survey_method":"사진측량"},"geometry":{"type":"Polygon","coordinates":[[[129.51019,35.83572],[129.5105,35.83554],[129.51043,35.8346],[129.50967,35.83484],[129.50847,35.83447],[129.50832,35.83511],[129.50787,35.83511],[129.50764,35.83552],[129.50781,35.83571],[129.50776,35.83598],[129.50712,35.83574],[129.50683,35.83592],[129.50554,35.83588],[129.50544,35.83544],[129.50489,35.8359],[129.50426,35.8359],[129.50406,35.83576],[129.50372,35.8359],[129.50323,35.83587],[129.50329,35.83548],[129.50315,35.83538],[129.50274,35.83587],[129.50197,35.8357],[129.50179,35.83551],[129.50077,35.83603],[129.5,35.83555],[129.5,35.83639],[129.50102,35.83715],[129.50161,35.83727],[129.50195,35.83703],[129.50243,35.83711],[129.50238,35.8373],[129.50196,35.83756],[129.50211,35.83768],[129.5025,35.83764],[129.50314,35.8372],[129.50424,35.83711],[129.50532,35.83737],[129.50616,35.83716],[129.50665,35.83736],[129.5069,35.83722],[129.50743,35.8374],[129.50812,35.83725],[129.50899,35.83735],[129.50967,35.83712],[129.50939,35.83676],[129.5095,35.83637],[129.50982,35.83623],[129.50977,35.836],[129.50997,35.83572],[129.51019,35.83572]]]}},{"type":"Feature","id":"TN_RIVER_BNDRY:WTR0100000001OL1S","properties":{"NF_ID":"WTR0100000001OL1S","admin_code":"47130","source_layer":"TN_RIVER_BNDRY","semantic":"zone","river_class":"소하천","river_class_source":"중심선 공간조인","survey_method":"사진측량"},"geometry":{"type":"Polygon","coordinates":[[[129.46909,35.7827],[129.46909,35.78284],[129.47046,35.78294],[129.47296,35.78273],[129.47416,35.78333],[129.47562,35.78372],[129.49135,35.78529],[129.49085,35.78505],[129.49091,35.7847],[129.48933,35.7849],[129.47526,35.78347],[129.47289,35.78256],[129.46909,35.7827]]]}},{"type":"Feature","id":"TN_RIVER_BNDRY:WTR0100000001OL2T","properties":{"NF_ID":"WTR0100000001OL2T","admin_code":"47130","source_layer":"TN_RIVER_BNDRY","semantic":"zone","river_class":"소하천","river_class_source":"중심선 공간조인","survey_method":"사진측량"},"geometry":{"type":"Polygon","coordinates":[[[129.46897,35.78284],[129.46896,35.7827],[129.46829,35.78284],[129.46711,35.78328],[129.46321,35.78547],[129.46293,35.78605],[129.46336,35.78721],[129.46319,35.78784],[129.46074,35.78855],[129.45914,35.78958],[129.45766,35.78967],[129.45675,35.7899],[129.45629,35.79129],[129.45595,35.79166],[129.45608,35.79169],[129.45635,35.79138],[129.45693,35.78996],[129.45918,35.78968],[129.46109,35.78856],[129.46328,35.78803],[129.46351,35.7873],[129.46324,35.78604],[129.46354,35.78557],[129.46727,35.78341],[129.46897,35.78284]]]}},{"type":"Feature","id":"TN_RIVER_BNDRY:WTR0100000001OL3U","properties":{"NF_ID":"WTR0100000001OL3U","admin_code":"47130","source_layer":"TN_RIVER_BNDRY","semantic":"zone","river_class":"지방하천","river_class_source":"중심선 공간조인","river_name":"대종천","river_code":"2620520","survey_method":"사진측량"},"geometry":{"type":"Polygon","coordinates":[[[129.44232,35.78101],[129.44072,35.78108],[129.4423,35.78111],[129.44232,35.78101]]]}},{"type":"Feature","id":"TN_RIVER_BNDRY:WTR0100000001OL4V","properties":{"NF_ID":"WTR0100000001OL4V","admin_code":"47130","source_layer":"TN_RIVER_BNDRY","semantic":"zone","river_class":"지방하천","river_class_source":"중심선 공간조인","river_name":"대종천","river_code":"2620520","survey_method":"사진측량"},"geometry":{"type":"Polygon","coordinates":[[[129.44317,35.77901],[129.44152,35.77858],[129.44074,35.78099],[129.44232,35.78101],[129.44317,35.77901]]]}},{"type":"Feature","id":"TN_RIVER_BNDRY:WTR0100000001OL5W","properties":{"NF_ID":"WTR0100000001OL5W","admin_code":"47130","source_layer":"TN_RIVER_BNDRY","semantic":"zone","river_class":"지방하천","river_class_source":"중심선 공간조인","river_name":"대종천","river_code":"2620520","survey_method":"사진측량"},"geometry":{"type":"Polygon","coordinates":[[[129.44334,35.77868],[129.44178,35.77826],[129.44163,35.77855],[129.44317,35.77901],[129.44334,35.77868]]]}},{"type":"Feature","id":"TN_RIVER_BNDRY:WTR0100000001OL6X","properties":{"NF_ID":"WTR0100000001OL6X","admin_code":"47130","source_layer":"TN_RIVER_BNDRY","semantic":"zone","river_class":"지방하천","river_class_source":"중심선 공간조인","river_name":"대종천","river_code":"2620520","survey_method":"사진측량"},"geometry":{"type":"Polygon","coordinates":[[[129.43679,35.79546],[129.43496,35.79527],[129.43446,35.79582],[129.43605,35.79622],[129.43679,35.79546]]]}},{"type":"Feature","id":"TN_RIVER_BNDRY:WTR0100000001OL7Y","properties":{"NF_ID":"WTR0100000001OL7Y","admin_code":"47130","source_layer":"TN_RIVER_BNDRY","semantic":"zone","river_class":"지방하천","river_class_source":"중심선 공간조인","river_name":"대종천","river_code":"2620520","survey_method":"사진측량"},"geometry":{"type":"Polygon","coordinates":[[[129.4423,35.78111],[129.44072,35.78108],[129.44011,35.78754],[129.43973,35.78905],[129.43896,35.79046],[129.43771,35.79221],[129.43496,35.79527],[129.43679,35.79546],[129.43914,35.79275],[129.44127,35.7894],[129.44155,35.78868],[129.4423,35.78111]]]}},{"type":"Feature","id":"TN_RIVER_BNDRY:WTR0100000001OL8Z","properties":{"NF_ID":"WTR0100000001OL8Z","admin_code":"47130","source_layer":"TN_RIVER_BNDRY","semantic":"zone","river_class":"소하천","river_class_source":"중심선 공간조인","survey_method":"사진측량"},"geometry":{"type":"Polygon","coordinates":[[[129.46896,35.7827],[129.46745,35.78101],[129.4672,35.78017],[129.46708,35.77906],[129.4675,35.77818],[129.46721,35.77786],[129.46708,35.77671],[129.46757,35.77536],[129.46704,35.77672],[129.46705,35.77777],[129.46745,35.77815],[129.46705,35.77899],[129.46716,35.78016],[129.46746,35.7811],[129.46896,35.7827]]]}},{"type":"Feature","id":"TN_RIVER_BNDRY:WTR0100000001OL90","properties":{"NF_ID":"WTR0100000001OL90","admin_code":"47130","source_layer":"TN_RIVER_BNDRY","semantic":"zone","river_class":"지방하천","river_class_source":"중심선 공간조인","river_name":"대종천","river_code":"2620520","survey_method":"사진측량"},"geometry":{"type":"Polygon","coordinates":[[[129.40958,35.79297],[129.40935,35.79292],[129.40895,35.79348],[129.40926,35.79362],[129.40958,35.79297]]]}},{"type":"Feature","id":"TN_RIVER_BNDRY:WTR0100000001OLA1","properties":{"NF_ID":"WTR0100000001OLA1","admin_code":"47130","source_layer":"TN_RIVER_BNDRY","semantic":"zone","river_class":"소하천","river_class_source":"중심선 공간조인","survey_method":"사진측량"},"geometry":{"type":"Polygon","coordinates":[[[129.40935,35.79292],[129.40958,35.79297],[129.40984,35.79239],[129.40982,35.7915],[129.40952,35.79108],[129.41011,35.79029],[129.41018,35.78986],[129.4096,35.78951],[129.40931,35.78857],[129.40905,35.78856],[129.40931,35.78887],[129.40951,35.78955],[129.41006,35.78995],[129.40941,35.79103],[129.40944,35.79129],[129.40978,35.79156],[129.40981,35.79216],[129.40935,35.79292]]]}},{"type":"Feature","id":"TN_RIVER_BNDRY:WTR0100000001OLB2","properties":{"NF_ID":"WTR0100000001OLB2","admin_code":"47130","source_layer":"TN_RIVER_BNDRY","semantic":"zone","river_class":"소하천","river_class_source":"중심선 공간조인","survey_method":"사진측량"},"geometry":{"type":"Polygon","coordinates":[[[129.44072,35.78108],[129.43937,35.78101],[129.43871,35.78072],[129.43801,35.78017],[129.43765,35.7801],[129.43596,35.7805],[129.43441,35.78029],[129.43367,35.78078],[129.43326,35.7814],[129.43369,35.78081],[129.43445,35.78032],[129.43595,35.78053],[129.43764,35.78016],[129.43922,35.78101],[129.44072,35.78108]]]}},{"type":"Feature","id":"TN_RIVER_BNDRY:WTR0100000001OLC3","properties":{"NF_ID":"WTR0100000001OLC3","admin_code":"47130","source_layer":"TN_RIVER_BNDRY","semantic":"zone","river_class":"소하천","river_class_source":"중심선 공간조인","survey_method":"사진측량"},"geometry":{"type":"Polygon","coordinates":[[[129.42964,35.78266],[129.43009,35.78231],[129.43064,35.78249],[129.43193,35.78214],[129.4307,35.78241],[129.43,35.78227],[129.42955,35.78264],[129.42912,35.78262],[129.42854,35.78233],[129.42915,35.78266],[129.42964,35.78266]]]}},{"type":"Feature","id":"TN_RIVER_BNDRY:WTR0100000001OLD4","properties":{"NF_ID":"WTR0100000001OLD4","admin_code":"47130","source_layer":"TN_RIVER_BNDRY","semantic":"zone","river_class":"소하천","river_class_source":"중심선 공간조인","survey_method":"사진측량"},"geometry":{"type":"Polygon","coordinates":[[[129.44729,35.78413],[129.44667,35.78417],[129.44638,35.78405],[129.44582,35.78337],[129.44632,35.78409],[129.44668,35.78422],[129.44723,35.78413],[129.44762,35.78491],[129.44729,35.78413]]]}},{"type":"Feature","id":"TN_RIVER_BNDRY:WTR0100000001OLE5","properties":{"NF_ID":"WTR0100000001OLE5","admin_code":"47130","source_layer":"TN_RIVER_BNDRY","semantic":"zone","river_class":"소하천","river_class_source":"중심선 공간조인","survey_method":"사진측량"},"geometry":{"type":"Polygon","coordinates":[[[129.44518,35.77708],[129.44387,35.77907],[129.44374,35.7796],[129.4441,35.78004],[129.44404,35.78085],[129.44417,35.78002],[129.4438,35.77959],[129.44392,35.7791],[129.44436,35.7786],[129.44518,35.77708]]]}},{"type":"Feature","id":"TN_RIVER_BNDRY:WTR0100000001OLF6","properties":{"NF_ID":"WTR0100000001OLF6","admin_code":"47130","source_layer":"TN_RIVER_BNDRY","semantic":"zone","river_class":"소하천","river_class_source":"중심선 공간조인","survey_method":"사진측량"},"geometry":{"type":"Polygon","coordinates":[[[129.46909,35.7827],[129.46896,35.7827],[129.46897,35.78284],[129.46899,35.78284],[129.46901,35.78284],[129.46903,35.78284],[129.46909,35.78284],[129.46909,35.7827]]]}},{"type":"Feature","id":"TN_RIVER_BNDRY:WTR0100000001OLG7","properties":{"NF_ID":"WTR0100000001OLG7","admin_code":"47130","source_layer":"TN_RIVER_BNDRY","semantic":"zone","river_class":"소하천","river_class_source":"중심선 공간조인","survey_method":"사진측량"},"geometry":{"type":"Polygon","coordinates":[[[129.45608,35.79169],[129.45595,35.79166],[129.45588,35.79173],[129.45599,35.79177],[129.45601,35.79175],[129.45608,35.79169]]]}},{"type":"Feature","id":"TN_RIVER_BNDRY:WTR0100000001OLH8","properties":{"NF_ID":"WTR0100000001OLH8","admin_code":"47130","source_layer":"TN_RIVER_BNDRY","semantic":"zone","river_class":"소하천","river_class_source":"중심선 공간조인","survey_method":"사진측량"},"geometry":{"type":"Polygon","coordinates":[[[129.45074,35.79502],[129.4505,35.79516],[129.45033,35.79591],[129.44975,35.79632],[129.44943,35.7968],[129.44978,35.79632],[129.45037,35.7959],[129.45053,35.79517],[129.45074,35.79502]]]}},{"type":"Feature","id":"TN_RIVER_BNDRY:WTR0100000001OLI9","properties":{"NF_ID":"WTR0100000001OLI9","admin_code":"47130","source_layer":"TN_RIVER_BNDRY","semantic":"zone","river_class":"소하천","river_class_source":"중심선 공간조인","survey_method":"사진측량"},"geometry":{"type":"Polygon","coordinates":[[[129.48756,35.78021],[129.48664,35.78001],[129.48673,35.78014],[129.48616,35.78025],[129.48784,35.78034],[129.48756,35.78021]]]}},{"type":"Feature","id":"TN_RIVER_BNDRY:WTR0100000001OLJA","properties":{"NF_ID":"WTR0100000001OLJA","admin_code":"47130","source_layer":"TN_RIVER_BNDRY","semantic":"zone","river_class":"소하천","river_class_source":"중심선 공간조인","survey_method":"사진측량"},"geometry":{"type":"Polygon","coordinates":[[[129.3131,35.75278],[129.31316,35.75294],[129.31397,35.75301],[129.31676,35.75305],[129.31844,35.75346],[129.31983,35.75331],[129.32136,35.75288],[129.32257,35.75305],[129.32353,35.7537],[129.32478,35.75338],[129.32604,35.75347],[129.32685,35.75386],[129.32752,35.75396],[129.32792,35.75487],[129.32918,35.75518],[129.32992,35.75494],[129.33013,35.75448],[129.33035,35.75438],[129.33013,35.75442],[129.32987,35.75491],[129.32919,35.75511],[129.32806,35.75486],[129.32748,35.75386],[129.32691,35.75381],[129.32605,35.75341],[129.32489,35.75329],[129.32362,35.75365],[129.32266,35.75299],[129.3214,35.75281],[129.31978,35.75326],[129.31856,35.7534],[129.31684,35.75296],[129.31345,35.7529],[129.3131,35.75278]]]}},{"type":"Feature","id":"TN_RIVER_BNDRY:WTR0100000001OLKB","properties":{"NF_ID":"WTR0100000001OLKB","admin_code":"47130","source_layer":"TN_RIVER_BNDRY","semantic":"zone","river_class":"지방하천","river_class_source":"중심선 공간조인","river_name":"남천","river_code":"1020500","survey_method":"사진측량"},"geometry":{"type":"Polygon","coordinates":[[[129.26282,35.7848],[129.26241,35.78412],[129.26231,35.78357],[129.26279,35.78183],[129.26315,35.7812],[129.26358,35.78085],[129.26447,35.78085],[129.2649,35.78019],[129.26472,35.78011],[129.26288,35.77991],[129.26172,35.78179],[129.2613,35.78323],[129.26139,35.78426],[129.26196,35.78516],[129.26282,35.7848]]]}},{"type":"Feature","id":"TN_RIVER_BNDRY:WTR0100000001OLLC","properties":{"NF_ID":"WTR0100000001OLLC","admin_code":"47130","source_layer":"TN_RIVER_BNDRY","semantic":"zone","river_class":"지방하천","river_class_source":"중심선 공간조인","river_name":"남천","river_code":"1020500","survey_method":"사진측량"},"geometry":{"type":"Polygon","coordinates":[[[129.2582,35.79767],[129.25857,35.79417],[129.259,35.79352],[129.26122,35.79224],[129.26419,35.79121],[129.26598,35.79087],[129.26638,35.79056],[129.26499,35.7902],[129.26001,35.79207],[129.25782,35.79376],[129.25741,35.79769],[129.2582,35.79767]]]}},{"type":"Feature","id":"TN_RIVER_BNDRY:WTR0100000001OLMD","properties":{"NF_ID":"WTR0100000001OLMD","admin_code":"47130","source_layer":"TN_RIVER_BNDRY","semantic":"zone","river_class":"소하천","river_class_source":"중심선 공간조인","survey_method":"사진측량"},"geometry":{"type":"Polygon","coordinates":[[[129.26712,35.77624],[129.26706,35.77615],[129.26397,35.77624],[129.26326,35.77572],[129.2632,35.77546],[129.26272,35.77506],[129.26246,35.77495],[129.26231,35.77517],[129.26259,35.77548],[129.26276,35.77525],[129.26296,35.77534],[129.26321,35.77579],[129.26395,35.77632],[129.26712,35.77624]]]}},{"type":"Feature","id":"TN_RIVER_BNDRY:WTR0100000001OLNE","properties":{"NF_ID":"WTR0100000001OLNE","admin_code":"47130","source_layer":"TN_RIVER_BNDRY","semantic":"zone","river_class":"지방하천","river_class_source":"중심선 공간조인","river_name":"남천","river_code":"1020500","survey_method":"사진측량"},"geometry":{"type":"Polygon","coordinates":[[[129.26641,35.79047],[129.26537,35.7898],[129.26499,35.7902],[129.26638,35.79056],[129.26641,35.79047]]]}},{"type":"Feature","id":"TN_RIVER_BNDRY:WTR0100000001OLOF","properties":{"NF_ID":"WTR0100000001OLOF","admin_code":"47130","source_layer":"TN_RIVER_BNDRY","semantic":"zone","river_class":"지방하천","river_class_source":"중심선 공간조인","river_name":"남천","river_code":"1020500","survey_method":"사진측량"},"geometry":{"type":"Polygon","coordinates":[[[129.26289,35.78489],[129.26197,35.78523],[129.26382,35.78731],[129.26537,35.7898],[129.26641,35.79047],[129.26635,35.78956],[129.26534,35.78781],[129.26289,35.78489]]]}},{"type":"Feature","id":"TN_RIVER_BNDRY:WTR0100000001OLPG","properties":{"NF_ID":"WTR0100000001OLPG","admin_code":"47130","source_layer":"TN_RIVER_BNDRY","semantic":"zone","river_class":"지방하천","river_class_source":"중심선 공간조인","river_name":"남천","river_code":"1020500","survey_method":"사진측량"},"geometry":{"type":"Polygon","coordinates":[[[129.26289,35.78489],[129.26282,35.7848],[129.26197,35.78523],[129.26289,35.78489]]]}},{"type":"Feature","id":"TN_RIVER_BNDRY:WTR0100000001OLQH","properties":{"NF_ID":"WTR0100000001OLQH","admin_code":"47130","source_layer":"TN_RIVER_BNDRY","semantic":"zone","river_class":"지방하천","river_class_source":"중심선 공간조인","river_name":"남천","river_code":"1020500","survey_method":"사진측량"},"geometry":{"type":"Polygon","coordinates":[[[129.265,35.78024],[129.2649,35.78019],[129.26447,35.78085],[129.26469,35.78087],[129.265,35.78024]]]}},{"type":"Feature","id":"TN_RIVER_BNDRY:WTR0100000001OLRI","properties":{"NF_ID":"WTR0100000001OLRI","admin_code":"47130","source_layer":"TN_RIVER_BNDRY","semantic":"zone","river_class":"소하천","river_class_source":"중심선 공간조인","survey_method":"사진측량"},"geometry":{"type":"Polygon","coordinates":[[[129.26733,35.77626],[129.26712,35.77624],[129.26738,35.77657],[129.26732,35.77697],[129.2649,35.78019],[129.265,35.78024],[129.2675,35.77693],[129.26755,35.7766],[129.26733,35.77626]]]}},{"type":"Feature","id":"TN_RIVER_BNDRY:WTR0100000001OLSJ","properties":{"NF_ID":"WTR0100000001OLSJ","admin_code":"47130","source_layer":"TN_RIVER_BNDRY","semantic":"zone","river_class":"소하천","river_class_source":"중심선 공간조인","survey_method":"사진측량"},"geometry":{"type":"Polygon","coordinates":[[[129.26197,35.78523],[129.26119,35.78533],[129.26015,35.78647],[129.25928,35.7863],[129.25815,35.78579],[129.25917,35.78628],[129.26016,35.78651],[129.26126,35.78541],[129.26197,35.78523]]]}},{"type":"Feature","id":"TN_RIVER_BNDRY:WTR0100000001OLTK","properties":{"NF_ID":"WTR0100000001OLTK","admin_code":"47130","source_layer":"TN_RIVER_BNDRY","semantic":"zone","river_class":"소하천","river_class_source":"중심선 공간조인","survey_method":"사진측량"},"geometry":{"type":"Polygon","coordinates":[[[129.2582,35.79767],[129.25816,35.79779],[129.26244,35.79732],[129.26619,35.79855],[129.26248,35.7973],[129.2582,35.79767]]]}},{"type":"Feature","id":"TN_RIVER_BNDRY:WTR0100000001OLUL","properties":{"NF_ID":"WTR0100000001OLUL","admin_code":"47130","source_layer":"TN_RIVER_BNDRY","semantic":"zone","river_class":"지방하천","river_class_source":"중심선 공간조인","river_name":"남천","river_code":"1020500","survey_method":"사진측량"},"geometry":{"type":"Polygon","coordinates":[[[129.25816,35.79779],[129.2582,35.79767],[129.25741,35.79769],[129.2574,35.79782],[129.25816,35.79779]]]}},{"type":"Feature","id":"TN_RIVER_BNDRY:WTR0100000001OLVM","properties":{"NF_ID":"WTR0100000001OLVM","admin_code":"47130","source_layer":"TN_RIVER_BNDRY","semantic":"zone","river_class":"지방하천","river_class_source":"중심선 공간조인","river_name":"남천","river_code":"1020500","survey_method":"사진측량"},"geometry":{"type":"Polygon","coordinates":[[[129.27388,35.77541],[129.27279,35.77528],[129.27301,35.77666],[129.27297,35.77858],[129.27315,35.77862],[129.27297,35.77865],[129.27249,35.77984],[129.27178,35.78042],[129.27023,35.78103],[129.26891,35.78125],[129.26683,35.78114],[129.265,35.78024],[129.26469,35.78087],[129.26667,35.78179],[129.26951,35.78216],[129.27287,35.78107],[129.27384,35.78018],[129.27399,35.77974],[129.27388,35.77541]]]}},{"type":"Feature","id":"TN_RIVER_BNDRY:WTR0100000001OLWN","properties":{"NF_ID":"WTR0100000001OLWN","admin_code":"47130","source_layer":"TN_RIVER_BNDRY","semantic":"zone","river_class":"지방하천","river_class_source":"중심선 공간조인","river_name":"대종천","river_code":"2620520","survey_method":"사진측량"},"geometry":{"type":"Polygon","coordinates":[[[129.36579,35.76578],[129.36518,35.76469],[129.36429,35.76446],[129.36438,35.76376],[129.36415,35.76332],[129.36376,35.7631],[129.36403,35.76239],[129.36394,35.76167],[129.36428,35.76122],[129.36421,35.76075],[129.36451,35.76043],[129.3645,35.75999],[129.36492,35.75954],[129.36496,35.75806],[129.36523,35.75752],[129.36562,35.75723],[129.3655,35.75686],[129.36591,35.75566],[129.36585,35.755],[129.3654,35.75683],[129.36547,35.75723],[129.36512,35.75751],[129.36482,35.75823],[129.36478,35.75951],[129.36423,35.75987],[129.36441,35.76034],[129.36379,35.76164],[129.36392,35.76246],[129.36364,35.76301],[129.36423,35.76368],[129.3642,35.76451],[129.36516,35.76494],[129.36567,35.76596],[129.36579,35.76578]]]}},{"type":"Feature","id":"TN_RIVER_BNDRY:WTR0100000001OLXO","properties":{"NF_ID":"WTR0100000001OLXO","admin_code":"47130","source_layer":"TN_RIVER_BNDRY","semantic":"zone","river_class":"소하천","river_class_source":"중심선 공간조인","survey_method":"사진측량"},"geometry":{"type":"Polygon","coordinates":[[[129.27116,35.76152],[129.27091,35.76046],[129.27048,35.76018],[129.27085,35.76052],[129.27116,35.76152]]]}},{"type":"Feature","id":"TN_RIVER_BNDRY:WTR0100000001OLYP","properties":{"NF_ID":"WTR0100000001OLYP","admin_code":"47130","source_layer":"TN_RIVER_BNDRY","semantic":"zone","river_class":"소하천","river_class_source":"중심선 공간조인","survey_method":"사진측량"},"geometry":{"type":"Polygon","coordinates":[[[129.27584,35.75682],[129.27485,35.75564],[129.27439,35.75535],[129.27381,35.75528],[129.27373,35.75493],[129.27332,35.75448],[129.2727,35.75428],[129.27209,35.75286],[129.2716,35.75243],[129.27141,35.75167],[129.27111,35.75149],[129.27155,35.75255],[129.2721,35.75308],[129.27258,35.75437],[129.27334,35.75462],[129.27387,35.75545],[129.27465,35.75558],[129.27561,35.75692],[129.27584,35.75682]]]}},{"type":"Feature","id":"TN_RIVER_BNDRY:WTR0100000001OLZQ","properties":{"NF_ID":"WTR0100000001OLZQ","admin_code":"47130","source_layer":"TN_RIVER_BNDRY","semantic":"zone","river_class":"지방하천","river_class_source":"중심선 공간조인","river_name":"원동천","river_code":"2120130","survey_method":"사진측량"},"geometry":{"type":"Polygon","coordinates":[[[129.27904,35.76118],[129.27879,35.76076],[129.27867,35.76095],[129.27896,35.7613],[129.27904,35.76118]]]}},{"type":"Feature","id":"TN_RIVER_BNDRY:WTR0100000001OM0S","properties":{"NF_ID":"WTR0100000001OM0S","admin_code":"47130","source_layer":"TN_RIVER_BNDRY","semantic":"zone","river_class":"지방하천","river_class_source":"중심선 공간조인","river_name":"동천","river_code":"2220440","survey_method":"사진측량"},"geometry":{"type":"Polygon","coordinates":[[[129.31316,35.75294],[129.3131,35.75278],[129.31281,35.7528],[129.31296,35.75301],[129.31316,35.75294]]]}},{"type":"Feature","id":"TN_RIVER_BNDRY:WTR0100000001OM1T","properties":{"NF_ID":"WTR0100000001OM1T","admin_code":"47130","source_layer":"TN_RIVER_BNDRY","semantic":"zone","river_class":"지방하천","river_class_source":"중심선 공간조인","river_name":"원동천","river_code":"2120130","survey_method":"사진측량"},"geometry":{"type":"Polygon","coordinates":[[[129.28114,35.75799],[129.28071,35.75781],[129.28046,35.7582],[129.27879,35.76076],[129.27904,35.76118],[129.28114,35.75799]]]}},{"type":"Feature","id":"TN_RIVER_BNDRY:WTR0100000001OM2U","properties":{"NF_ID":"WTR0100000001OM2U","admin_code":"47130","source_layer":"TN_RIVER_BNDRY","semantic":"zone","river_class":"지방하천","river_class_source":"중심선 공간조인","river_name":"원동천","river_code":"2120130","survey_method":"사진측량"},"geometry":{"type":"Polygon","coordinates":[[[129.28138,35.75765],[129.28132,35.75738],[129.28099,35.7574],[129.28071,35.75781],[129.28114,35.75799],[129.28138,35.75765]]]}},{"type":"Feature","id":"TN_RIVER_BNDRY:WTR0100000001OM3V","properties":{"NF_ID":"WTR0100000001OM3V","admin_code":"47130","source_layer":"TN_RIVER_BNDRY","semantic":"zone","river_class":"소하천","river_class_source":"중심선 공간조인","survey_method":"사진측량"},"geometry":{"type":"Polygon","coordinates":[[[129.27879,35.76076],[129.2762,35.75728],[129.27603,35.75734],[129.27867,35.76095],[129.27879,35.76076]]]}},{"type":"Feature","id":"TN_RIVER_BNDRY:WTR0100000001OM4W","properties":{"NF_ID":"WTR0100000001OM4W","admin_code":"47130","source_layer":"TN_RIVER_BNDRY","semantic":"zone","river_class":"소하천","river_class_source":"중심선 공간조인","survey_method":"사진측량"},"geometry":{"type":"Polygon","coordinates":[[[129.28164,35.75731],[129.2816,35.75714],[129.28133,35.75739],[129.28138,35.75765],[129.28164,35.75731]]]}},{"type":"Feature","id":"TN_RIVER_BNDRY:WTR0100000001OM5X","properties":{"NF_ID":"WTR0100000001OM5X","admin_code":"47130","source_layer":"TN_RIVER_BNDRY","semantic":"zone","river_class":"소하천","river_class_source":"중심선 공간조인","survey_method":"사진측량"},"geometry":{"type":"Polygon","coordinates":[[[129.28176,35.75723],[129.2816,35.75714],[129.28164,35.75731],[129.28176,35.75723]]]}},{"type":"Feature","id":"TN_RIVER_BNDRY:WTR0100000001OM6Y","properties":{"NF_ID":"WTR0100000001OM6Y","admin_code":"47130","source_layer":"TN_RIVER_BNDRY","semantic":"zone","river_class":"소하천","river_class_source":"중심선 공간조인","survey_method":"사진측량"},"geometry":{"type":"Polygon","coordinates":[[[129.2762,35.75728],[129.27584,35.75682],[129.27561,35.75692],[129.27564,35.75713],[129.27603,35.75734],[129.2762,35.75728]]]}},{"type":"Feature","id":"TN_RIVER_BNDRY:WTR0100000001OM7Z","properties":{"NF_ID":"WTR0100000001OM7Z","admin_code":"47130","source_layer":"TN_RIVER_BNDRY","semantic":"zone","river_class":"소하천","river_class_source":"중심선 공간조인","survey_method":"사진측량"},"geometry":{"type":"Polygon","coordinates":[[[129.27561,35.75692],[129.2738,35.75649],[129.27315,35.75609],[129.27382,35.75658],[129.27442,35.75663],[129.27564,35.75713],[129.27561,35.75692]]]}},{"type":"Feature","id":"TN_RIVER_BNDRY:WTR0100000001OM80","properties":{"NF_ID":"WTR0100000001OM80","admin_code":"47130","source_layer":"TN_RIVER_BNDRY","semantic":"zone","river_class":"소하천","river_class_source":"중심선 공간조인","survey_method":"사진측량"},"geometry":{"type":"Polygon","coordinates":[[[129.32744,35.7699],[129.32723,35.76976],[129.32651,35.77009],[129.32491,35.77039],[129.32371,35.77205],[129.32406,35.77215],[129.32498,35.77063],[129.32744,35.7699]]]}},{"type":"Feature","id":"TN_RIVER_BNDRY:WTR0100000001OM91","properties":{"NF_ID":"WTR0100000001OM91","admin_code":"47130","source_layer":"TN_RIVER_BNDRY","semantic":"zone","river_class":"소하천","river_class_source":"중심선 공간조인","survey_method":"사진측량"},"geometry":{"type":"Polygon","coordinates":[[[129.32406,35.77215],[129.32388,35.77223],[129.32474,35.77217],[129.32545,35.77228],[129.32674,35.77289],[129.32769,35.77294],[129.32906,35.77327],[129.32945,35.77351],[129.33,35.77346],[129.33049,35.77405],[129.3309,35.77421],[129.33151,35.77417],[129.33321,35.77443],[129.3342,35.77432],[129.33557,35.77513],[129.33653,35.77629],[129.33807,35.77673],[129.33864,35.77728],[129.34002,35.77746],[129.34119,35.77781],[129.34228,35.77741],[129.34331,35.7782],[129.34281,35.77759],[129.34233,35.77737],[129.34121,35.77771],[129.34012,35.7774],[129.33872,35.77722],[129.33817,35.77669],[129.33656,35.77622],[129.33561,35.77506],[129.33438,35.77429],[129.33387,35.77421],[129.33317,35.77436],[129.33087,35.77411],[129.33052,35.77396],[129.33009,35.77338],[129.32953,35.77345],[129.32894,35.77316],[129.3277,35.77287],[129.32676,35.77281],[129.3251,35.77213],[129.32406,35.77215]]]}},{"type":"Feature","id":"TN_RIVER_BNDRY:WTR0100000001OMA2","properties":{"NF_ID":"WTR0100000001OMA2","admin_code":"47130","source_layer":"TN_RIVER_BNDRY","semantic":"zone","river_class":"지방하천","river_class_source":"중심선 공간조인","river_name":"남천","river_code":"1020500","survey_method":"사진측량"},"geometry":{"type":"Polygon","coordinates":[[[129.30526,35.77366],[129.30436,35.77302],[129.30423,35.77379],[129.30469,35.77406],[129.30526,35.77366]]]}},{"type":"Feature","id":"TN_RIVER_BNDRY:WTR0100000001OMB3","properties":{"NF_ID":"WTR0100000001OMB3","admin_code":"47130","source_layer":"TN_RIVER_BNDRY","semantic":"zone","river_class":"소하천","river_class_source":"중심선 공간조인","survey_method":"사진측량"},"geometry":{"type":"Polygon","coordinates":[[[129.39407,35.77547],[129.39323,35.77486],[129.39209,35.77444],[129.39153,35.77363],[129.39048,35.77284],[129.38983,35.77183],[129.38904,35.77128],[129.38781,35.7699],[129.38679,35.76971],[129.38678,35.77015],[129.38961,35.77234],[129.39052,35.77351],[129.3915,35.77442],[129.3928,35.7754],[129.39351,35.77574],[129.39379,35.77583],[129.39407,35.77547]]]}},{"type":"Feature","id":"TN_RIVER_BNDRY:WTR0100000001OMC4","properties":{"NF_ID":"WTR0100000001OMC4","admin_code":"47130","source_layer":"TN_RIVER_BNDRY","semantic":"zone","river_class":"소하천","river_class_source":"중심선 공간조인","survey_method":"사진측량"},"geometry":{"type":"Polygon","coordinates":[[[129.2672,35.77614],[129.26681,35.77571],[129.26663,35.77498],[129.26698,35.77364],[129.26659,35.77188],[129.2665,35.77221],[129.26692,35.77354],[129.26682,35.77437],[129.26651,35.77501],[129.26672,35.77576],[129.2672,35.77614]]]}},{"type":"Feature","id":"TN_RIVER_BNDRY:WTR0100000001OMD5","properties":{"NF_ID":"WTR0100000001OMD5","admin_code":"47130","source_layer":"TN_RIVER_BNDRY","semantic":"zone","river_class":"소하천","river_class_source":"중심선 공간조인","survey_method":"사진측량"},"geometry":{"type":"Polygon","coordinates":[[[129.39407,35.77547],[129.39448,35.77488],[129.39451,35.77452],[129.39427,35.77417],[129.39444,35.7748],[129.39407,35.77547]]]}},{"type":"Feature","id":"TN_RIVER_BNDRY:WTR0100000001OME6","properties":{"NF_ID":"WTR0100000001OME6","admin_code":"47130","source_layer":"TN_RIVER_BNDRY","semantic":"zone","river_class":"소하천","river_class_source":"중심선 공간조인","survey_method":"사진측량"},"geometry":{"type":"Polygon","coordinates":[[[129.27106,35.7889],[129.27467,35.78497],[129.27555,35.78455],[129.27551,35.78431],[129.27447,35.78507],[129.27133,35.78842],[129.27106,35.7889]]]}},{"type":"Feature","id":"TN_RIVER_BNDRY:WTR0100000001OMF7","properties":{"NF_ID":"WTR0100000001OMF7","admin_code":"47130","source_layer":"TN_RIVER_BNDRY","semantic":"zone","river_class":"소하천","river_class_source":"중심선 공간조인","survey_method":"사진측량"},"geometry":{"type":"Polygon","coordinates":[[[129.30049,35.77988],[129.30012,35.78011],[129.29976,35.7811],[129.30012,35.78058],[129.30018,35.78012],[129.30049,35.77988]]]}},{"type":"Feature","id":"TN_RIVER_BNDRY:WTR0100000001OMG8","properties":{"NF_ID":"WTR0100000001OMG8","admin_code":"47130","source_layer":"TN_RIVER_BNDRY","semantic":"zone","river_class":"소하천","river_class_source":"중심선 공간조인","survey_method":"사진측량"},"geometry":{"type":"Polygon","coordinates":[[[129.32292,35.78957],[129.32255,35.79016],[129.32244,35.79103],[129.32251,35.79127],[129.32287,35.79149],[129.32329,35.79234],[129.32504,35.7931],[129.32548,35.79301],[129.3253,35.79348],[129.3264,35.79399],[129.32623,35.7936],[129.32551,35.79299],[129.32512,35.79306],[129.32488,35.79285],[129.32334,35.79228],[129.32292,35.79144],[129.32248,35.79102],[129.32292,35.78957]]]}},{"type":"Feature","id":"TN_RIVER_BNDRY:WTR0100000001OMH9","properties":{"NF_ID":"WTR0100000001OMH9","admin_code":"47130","source_layer":"TN_RIVER_BNDRY","semantic":"zone","river_class":"소하천","river_class_source":"중심선 공간조인","survey_method":"사진측량"},"geometry":{"type":"Polygon","coordinates":[[[129.32307,35.7895],[129.32297,35.78966],[129.32376,35.79031],[129.32515,35.79069],[129.32568,35.791],[129.32847,35.79093],[129.32996,35.79126],[129.33048,35.7915],[129.33183,35.79172],[129.33313,35.79236],[129.33177,35.79162],[129.32848,35.79085],[129.32572,35.79087],[129.3252,35.79058],[129.32403,35.79032],[129.32307,35.7895]]]}},{"type":"Feature","id":"TN_RIVER_BNDRY:WTR0100000001OMIA","properties":{"NF_ID":"WTR0100000001OMIA","admin_code":"47130","source_layer":"TN_RIVER_BNDRY","semantic":"zone","river_class":"소하천","river_class_source":"중심선 공간조인","survey_method":"사진측량"},"geometry":{"type":"Polygon","coordinates":[[[129.32705,35.781],[129.32755,35.78083],[129.32859,35.78102],[129.32839,35.7809],[129.32755,35.7808],[129.327,35.78098],[129.32599,35.78045],[129.32406,35.78045],[129.32603,35.78049],[129.32698,35.78108],[129.32705,35.781]]]}},{"type":"Feature","id":"TN_RIVER_BNDRY:WTR0100000001OMJB","properties":{"NF_ID":"WTR0100000001OMJB","admin_code":"47130","source_layer":"TN_RIVER_BNDRY","semantic":"zone","river_class":"소하천","river_class_source":"중심선 공간조인","survey_method":"사진측량"},"geometry":{"type":"Polygon","coordinates":[[[129.38679,35.76971],[129.38658,35.76968],[129.38657,35.77003],[129.38678,35.77015],[129.38679,35.76971]]]}},{"type":"Feature","id":"TN_RIVER_BNDRY:WTR0100000001OMKC","properties":{"NF_ID":"WTR0100000001OMKC","admin_code":"47130","source_layer":"TN_RIVER_BNDRY","semantic":"zone","river_class":"소하천","river_class_source":"중심선 공간조인","survey_method":"사진측량"},"geometry":{"type":"Polygon","coordinates":[[[129.38658,35.76968],[129.38679,35.76971],[129.38682,35.76913],[129.38821,35.76712],[129.38688,35.76871],[129.38661,35.76917],[129.38658,35.76968]]]}},{"type":"Feature","id":"TN_RIVER_BNDRY:WTR0100000001OMLD","properties":{"NF_ID":"WTR0100000001OMLD","admin_code":"47130","source_layer":"TN_RIVER_BNDRY","semantic":"zone","river_class":"지방하천","river_class_source":"중심선 공간조인","river_name":"대종천","river_code":"2620520","survey_method":"사진측량"},"geometry":{"type":"Polygon","coordinates":[[[129.36588,35.76583],[129.36567,35.76596],[129.36577,35.76608],[129.36588,35.76583]]]}},{"type":"Feature","id":"TN_RIVER_BNDRY:WTR0100000001OMME","properties":{"NF_ID":"WTR0100000001OMME","admin_code":"47130","source_layer":"TN_RIVER_BNDRY","semantic":"zone","river_class":"소하천","river_class_source":"중심선 공간조인","survey_method":"사진측량"},"geometry":{"type":"Polygon","coordinates":[[[129.36579,35.76578],[129.36604,35.76503],[129.36724,35.76451],[129.36745,35.76392],[129.36833,35.76342],[129.3674,35.76388],[129.36719,35.76447],[129.36593,35.76495],[129.36579,35.76578]]]}},{"type":"Feature","id":"TN_RIVER_BNDRY:WTR0100000001OMNF","properties":{"NF_ID":"WTR0100000001OMNF","admin_code":"47130","source_layer":"TN_RIVER_BNDRY","semantic":"zone","river_class":"소하천","river_class_source":"중심선 공간조인","survey_method":"사진측량"},"geometry":{"type":"Polygon","coordinates":[[[129.27108,35.76152],[129.27009,35.7613],[129.2688,35.7614],[129.26791,35.76125],[129.26858,35.76148],[129.26999,35.76138],[129.27116,35.76166],[129.27108,35.76152]]]}},{"type":"Feature","id":"TN_RIVER_BNDRY:WTR0100000001OMOG","properties":{"NF_ID":"WTR0100000001OMOG","admin_code":"47130","source_layer":"TN_RIVER_BNDRY","semantic":"zone","river_class":"소하천","river_class_source":"중심선 공간조인","survey_method":"사진측량"},"geometry":{"type":"Polygon","coordinates":[[[129.27243,35.76309],[129.27209,35.76305],[129.27227,35.76322],[129.27243,35.76309]]]}},{"type":"Feature","id":"TN_RIVER_BNDRY:WTR0100000001OMPH","properties":{"NF_ID":"WTR0100000001OMPH","admin_code":"47130","source_layer":"TN_RIVER_BNDRY","semantic":"zone","river_class":"소하천","river_class_source":"중심선 공간조인","survey_method":"사진측량"},"geometry":{"type":"Polygon","coordinates":[[[129.27128,35.76164],[129.27124,35.76162],[129.2712,35.76159],[129.27119,35.76158],[129.27116,35.76152],[129.27108,35.76152],[129.27116,35.76166],[129.27128,35.76164]]]}},{"type":"Feature","id":"TN_RIVER_BNDRY:WTR0100000001OMQI","properties":{"NF_ID":"WTR0100000001OMQI","admin_code":"47130","source_layer":"TN_RIVER_BNDRY","semantic":"zone","river_class":"소하천","river_class_source":"중심선 공간조인","survey_method":"사진측량"},"geometry":{"type":"Polygon","coordinates":[[[129.27212,35.76317],[129.27209,35.76305],[129.27051,35.76329],[129.26897,35.76334],[129.27212,35.76317]]]}},{"type":"Feature","id":"TN_RIVER_BNDRY:WTR0100000001OMRJ","properties":{"NF_ID":"WTR0100000001OMRJ","admin_code":"47130","source_layer":"TN_RIVER_BNDRY","semantic":"zone","river_class":"소하천","river_class_source":"중심선 공간조인","survey_method":"사진측량"},"geometry":{"type":"Polygon","coordinates":[[[129.38772,35.79016],[129.38759,35.79003],[129.38669,35.79003],[129.38585,35.79024],[129.38667,35.79011],[129.38772,35.79016]]]}},{"type":"Feature","id":"TN_RIVER_BNDRY:WTR0100000001OMSK","properties":{"NF_ID":"WTR0100000001OMSK","admin_code":"47130","source_layer":"TN_RIVER_BNDRY","semantic":"zone","river_class":"소하천","river_class_source":"중심선 공간조인","survey_method":"사진측량"},"geometry":{"type":"Polygon","coordinates":[[[129.38171,35.79805],[129.38163,35.79808],[129.38163,35.79809],[129.38163,35.79812],[129.38163,35.79834],[129.38162,35.79855],[129.38167,35.79855],[129.3817,35.7984],[129.38169,35.79821],[129.3817,35.79808],[129.3817,35.79806],[129.38171,35.79805]]]}},{"type":"Feature","id":"TN_RIVER_BNDRY:WTR0100000001OMTL","properties":{"NF_ID":"WTR0100000001OMTL","admin_code":"47130","source_layer":"TN_RIVER_BNDRY","semantic":"zone","river_class":"소하천","river_class_source":"중심선 공간조인","survey_method":"사진측량"},"geometry":{"type":"Polygon","coordinates":[[[129.38171,35.79805],[129.38171,35.79798],[129.38162,35.798],[129.38163,35.79808],[129.38171,35.79805]]]}},{"type":"Feature","id":"TN_RIVER_BNDRY:WTR0100000001OMUM","properties":{"NF_ID":"WTR0100000001OMUM","admin_code":"47130","source_layer":"TN_RIVER_BNDRY","semantic":"zone","river_class":"소하천","river_class_source":"중심선 공간조인","survey_method":"사진측량"},"geometry":{"type":"Polygon","coordinates":[[[129.38634,35.79622],[129.38628,35.79602],[129.38522,35.79593],[129.38278,35.7967],[129.38249,35.79695],[129.38233,35.79762],[129.38171,35.79805],[129.38242,35.79783],[129.38277,35.79686],[129.38515,35.79605],[129.38634,35.79622]]]}},{"type":"Feature","id":"TN_RIVER_BNDRY:WTR0100000001OMVN","properties":{"NF_ID":"WTR0100000001OMVN","admin_code":"47130","source_layer":"TN_RIVER_BNDRY","semantic":"zone","river_class":"소하천","river_class_source":"중심선 공간조인","survey_method":"사진측량"},"geometry":{"type":"Polygon","coordinates":[[[129.39413,35.77551],[129.39379,35.77583],[129.3939,35.77587],[129.39413,35.77551]]]}},{"type":"Feature","id":"TN_RIVER_BNDRY:WTR0100000001OMWO","properties":{"NF_ID":"WTR0100000001OMWO","admin_code":"47130","source_layer":"TN_RIVER_BNDRY","semantic":"zone","river_class":"지방하천","river_class_source":"중심선 공간조인","river_name":"대종천","river_code":"2620520","survey_method":"사진측량"},"geometry":{"type":"Polygon","coordinates":[[[129.39777,35.79359],[129.39513,35.79324],[129.3948,35.7935],[129.39586,35.79385],[129.39766,35.79418],[129.39777,35.79359]]]}},{"type":"Feature","id":"TN_RIVER_BNDRY:WTR0100000001OMXP","properties":{"NF_ID":"WTR0100000001OMXP","admin_code":"47130","source_layer":"TN_RIVER_BNDRY","semantic":"zone","river_class":"지방하천","river_class_source":"중심선 공간조인","river_name":"대종천","river_code":"2620520","survey_method":"사진측량"},"geometry":{"type":"Polygon","coordinates":[[[129.39513,35.79324],[129.39485,35.793],[129.39437,35.79335],[129.3948,35.7935],[129.39513,35.79324]]]}},{"type":"Feature","id":"TN_RIVER_BNDRY:WTR0100000001OMYQ","properties":{"NF_ID":"WTR0100000001OMYQ","admin_code":"47130","source_layer":"TN_RIVER_BNDRY","semantic":"zone","river_class":"지방하천","river_class_source":"중심선 공간조인","river_name":"대종천","river_code":"2620520","survey_method":"사진측량"},"geometry":{"type":"Polygon","coordinates":[[[129.39804,35.79366],[129.39777,35.79359],[129.39766,35.79418],[129.39788,35.7942],[129.39804,35.79366]]]}},{"type":"Feature","id":"TN_RIVER_BNDRY:WTR0100000001OMZR","properties":{"NF_ID":"WTR0100000001OMZR","admin_code":"47130","source_layer":"TN_RIVER_BNDRY","semantic":"zone","river_class":"소하천","river_class_source":"중심선 공간조인","survey_method":"사진측량"},"geometry":{"type":"Polygon","coordinates":[[[129.32566,35.77818],[129.32559,35.77816],[129.32557,35.77824],[129.32563,35.77826],[129.32566,35.77818]]]}},{"type":"Feature","id":"TN_RIVER_BNDRY:WTR0100000001ON0T","properties":{"NF_ID":"WTR0100000001ON0T","admin_code":"47130","source_layer":"TN_RIVER_BNDRY","semantic":"zone","river_class":"소하천","river_class_source":"중심선 공간조인","survey_method":"사진측량"},"geometry":{"type":"Polygon","coordinates":[[[129.33462,35.78166],[129.33431,35.7813],[129.33375,35.78145],[129.33288,35.78138],[129.33154,35.78118],[129.33092,35.78089],[129.3302,35.78077],[129.3293,35.78092],[129.33029,35.78082],[129.3315,35.78122],[129.33281,35.78142],[129.33375,35.78154],[129.33428,35.78142],[129.33497,35.78207],[129.33519,35.78249],[129.33558,35.78242],[129.33514,35.7824],[129.33507,35.78207],[129.33462,35.78166]]]}},{"type":"Feature","id":"TN_RIVER_BNDRY:WTR0100000001ON1U","properties":{"NF_ID":"WTR0100000001ON1U","admin_code":"47130","source_layer":"TN_RIVER_BNDRY","semantic":"zone","river_class":"소하천","river_class_source":"중심선 공간조인","survey_method":"사진측량"},"geometry":{"type":"Polygon","coordinates":[[[129.33235,35.78914],[129.33187,35.78891],[129.33181,35.78904],[129.33157,35.789],[129.33154,35.78876],[129.33072,35.78845],[129.32932,35.78843],[129.32781,35.78764],[129.32756,35.78722],[129.32721,35.7875],[129.32769,35.7877],[129.32776,35.78748],[129.32806,35.78785],[129.32937,35.78851],[129.33064,35.78852],[129.33141,35.78877],[129.33179,35.7892],[129.33205,35.78909],[129.33236,35.78919],[129.33311,35.78965],[129.3339,35.7899],[129.33445,35.79031],[129.33437,35.79011],[129.33392,35.78986],[129.33313,35.78961],[129.33235,35.78914]]]}},{"type":"Feature","id":"TN_RIVER_BNDRY:WTR0100000001ON2V","properties":{"NF_ID":"WTR0100000001ON2V","admin_code":"47130","source_layer":"TN_RIVER_BNDRY","semantic":"zone","river_class":"소하천","river_class_source":"중심선 공간조인","survey_method":"사진측량"},"geometry":{"type":"Polygon","coordinates":[[[129.32307,35.7895],[129.32301,35.78939],[129.32288,35.78946],[129.32292,35.78957],[129.32307,35.7895]]]}},{"type":"Feature","id":"TN_RIVER_BNDRY:WTR0100000001ON3W","properties":{"NF_ID":"WTR0100000001ON3W","admin_code":"47130","source_layer":"TN_RIVER_BNDRY","semantic":"zone","river_class":"소하천","river_class_source":"중심선 공간조인","survey_method":"사진측량"},"geometry":{"type":"Polygon","coordinates":[[[129.31935,35.78035],[129.31944,35.78098],[129.31998,35.7815],[129.31949,35.78098],[129.31935,35.78035]]]}},{"type":"Feature","id":"TN_RIVER_BNDRY:WTR0100000001ON4X","properties":{"NF_ID":"WTR0100000001ON4X","admin_code":"47130","source_layer":"TN_RIVER_BNDRY","semantic":"zone","river_class":"지방하천","river_class_source":"중심선 공간조인","river_name":"남천","river_code":"1020500","survey_method":"사진측량"},"geometry":{"type":"Polygon","coordinates":[[[129.30695,35.78475],[129.30678,35.7842],[129.30619,35.78428],[129.30632,35.78479],[129.30695,35.78475]]]}},{"type":"Feature","id":"TN_RIVER_BNDRY:WTR0100000001ON5Y","properties":{"NF_ID":"WTR0100000001ON5Y","admin_code":"47130","source_layer":"TN_RIVER_BNDRY","semantic":"zone","river_class":"소하천","river_class_source":"중심선 공간조인","survey_method":"사진측량"},"geometry":{"type":"Polygon","coordinates":[[[129.27107,35.7892],[129.27106,35.7889],[129.27085,35.78927],[129.27107,35.7892]]]}},{"type":"Feature","id":"TN_RIVER_BNDRY:WTR0100000001ON6Z","properties":{"NF_ID":"WTR0100000001ON6Z","admin_code":"47130","source_layer":"TN_RIVER_BNDRY","semantic":"zone","river_class":"소하천","river_class_source":"중심선 공간조인","survey_method":"사진측량"},"geometry":{"type":"Polygon","coordinates":[[[129.27106,35.7889],[129.27107,35.7892],[129.27137,35.78899],[129.27207,35.78904],[129.27321,35.78928],[129.27446,35.78983],[129.27455,35.78947],[129.2722,35.78895],[129.27106,35.7889]]]}},{"type":"Feature","id":"TN_RIVER_BNDRY:WTR0100000001ON70","properties":{"NF_ID":"WTR0100000001ON70","admin_code":"47130","source_layer":"TN_RIVER_BNDRY","semantic":"zone","river_class":"소하천","river_class_source":"중심선 공간조인","survey_method":"사진측량"},"geometry":{"type":"Polygon","coordinates":[[[129.2672,35.77614],[129.26706,35.77615],[129.26712,35.77624],[129.26733,35.77626],[129.2672,35.77614]]]}},{"type":"Feature","id":"TN_RIVER_BNDRY:WTR0100000001ON81","properties":{"NF_ID":"WTR0100000001ON81","admin_code":"47130","source_layer":"TN_RIVER_BNDRY","semantic":"zone","river_class":"지방하천","river_class_source":"중심선 공간조인","river_name":"남천","river_code":"1020500","survey_method":"사진측량"},"geometry":{"type":"Polygon","coordinates":[[[129.30999,35.7962],[129.30872,35.79454],[129.30759,35.79069],[129.30636,35.78735],[129.30687,35.78592],[129.30695,35.78475],[129.30632,35.78479],[129.30639,35.78606],[129.30585,35.78682],[129.30581,35.78714],[129.30693,35.79014],[129.30735,35.79083],[129.30751,35.79164],[129.3077,35.79184],[129.30766,35.79228],[129.30851,35.79467],[129.30934,35.79575],[129.30999,35.7962]]]}},{"type":"Feature","id":"TN_RIVER_BNDRY:WTR0100000001ON92","properties":{"NF_ID":"WTR0100000001ON92","admin_code":"47130","source_layer":"TN_RIVER_BNDRY","semantic":"zone","river_class":"소하천","river_class_source":"중심선 공간조인","survey_method":"사진측량"},"geometry":{"type":"Polygon","coordinates":[[[129.3948,35.7935],[129.39437,35.79335],[129.39232,35.79508],[129.39001,35.79637],[129.3886,35.79656],[129.38665,35.79596],[129.38663,35.79633],[129.38919,35.7972],[129.3905,35.79663],[129.39221,35.79557],[129.39363,35.79417],[129.3948,35.7935]]]}},{"type":"Feature","id":"TN_RIVER_BNDRY:WTR0100000001ONA3","properties":{"NF_ID":"WTR0100000001ONA3","admin_code":"47130","source_layer":"TN_RIVER_BNDRY","semantic":"zone","river_class":"소하천","river_class_source":"중심선 공간조인","survey_method":"사진측량"},"geometry":{"type":"Polygon","coordinates":[[[129.38665,35.79596],[129.3863,35.79527],[129.38585,35.79481],[129.38451,35.79509],[129.3841,35.79504],[129.38388,35.79469],[129.38396,35.79412],[129.38374,35.79384],[129.38299,35.79402],[129.38275,35.79389],[129.38236,35.79404],[129.38212,35.79384],[129.38162,35.79396],[129.38137,35.79351],[129.38044,35.79371],[129.37956,35.79342],[129.37895,35.79374],[129.37856,35.79294],[129.37819,35.79283],[129.37845,35.79233],[129.37788,35.79208],[129.37772,35.79163],[129.37744,35.79143],[129.37689,35.79188],[129.37642,35.79159],[129.37559,35.79152],[129.37542,35.79167],[129.37546,35.79228],[129.37405,35.79228],[129.37336,35.79257],[129.37285,35.79305],[129.37418,35.79233],[129.37555,35.79232],[129.37551,35.79171],[129.37564,35.79158],[129.37635,35.79164],[129.37689,35.79192],[129.37751,35.79153],[129.37772,35.79172],[129.37779,35.79216],[129.37841,35.7924],[129.37816,35.79288],[129.37865,35.7932],[129.37894,35.79381],[129.37947,35.79352],[129.38043,35.79378],[129.38123,35.79359],[129.38146,35.7937],[129.38156,35.79405],[129.38199,35.79394],[129.38239,35.79413],[129.38278,35.79401],[129.38324,35.7943],[129.38357,35.79402],[129.38385,35.79426],[129.38373,35.79466],[129.38401,35.79516],[129.38437,35.79522],[129.38579,35.79492],[129.38626,35.79546],[129.38628,35.79602],[129.38665,35.79596]]]}},{"type":"Feature","id":"TN_RIVER_BNDRY:WTR0100000001ONB4","properties":{"NF_ID":"WTR0100000001ONB4","admin_code":"47130","source_layer":"TN_RIVER_BNDRY","semantic":"zone","river_class":"지방하천","river_class_source":"중심선 공간조인","river_name":"대종천","river_code":"2620520","survey_method":"사진측량"},"geometry":{"type":"Polygon","coordinates":[[[129.38808,35.79009],[129.38795,35.78991],[129.38759,35.79003],[129.38772,35.79016],[129.38808,35.79009]]]}},{"type":"Feature","id":"TN_RIVER_BNDRY:WTR0100000001ONC5","properties":{"NF_ID":"WTR0100000001ONC5","admin_code":"47130","source_layer":"TN_RIVER_BNDRY","semantic":"zone","river_class":"소하천","river_class_source":"중심선 공간조인","survey_method":"사진측량"},"geometry":{"type":"Polygon","coordinates":[[[129.38665,35.79596],[129.38628,35.79602],[129.38634,35.79622],[129.38663,35.79633],[129.38665,35.79596]]]}},{"type":"Feature","id":"TN_RIVER_BNDRY:WTR0100000001OND6","properties":{"NF_ID":"WTR0100000001OND6","admin_code":"47130","source_layer":"TN_RIVER_BNDRY","semantic":"zone","river_class":"지방하천","river_class_source":"중심선 공간조인","river_name":"남천","river_code":"1020500","survey_method":"사진측량"},"geometry":{"type":"Polygon","coordinates":[[[129.31014,35.7963],[129.30999,35.7962],[129.30993,35.79627],[129.31007,35.79636],[129.31014,35.7963]]]}},{"type":"Feature","id":"TN_RIVER_BNDRY:WTR0100000001ONE7","properties":{"NF_ID":"WTR0100000001ONE7","admin_code":"47130","source_layer":"TN_RIVER_BNDRY","semantic":"zone","river_class":"소하천","river_class_source":"중심선 공간조인","survey_method":"사진측량"},"geometry":{"type":"Polygon","coordinates":[[[129.32563,35.77826],[129.3255,35.77861],[129.32633,35.77929],[129.3262,35.77993],[129.32635,35.78011],[129.32704,35.78022],[129.32822,35.77995],[129.32907,35.78068],[129.3282,35.77989],[129.32713,35.78017],[129.32637,35.78003],[129.32638,35.77924],[129.32559,35.77863],[129.32563,35.77826]]]}},{"type":"Feature","id":"TN_RIVER_BNDRY:WTR0100000001ONF8","properties":{"NF_ID":"WTR0100000001ONF8","admin_code":"47130","source_layer":"TN_RIVER_BNDRY","semantic":"zone","river_class":"소하천","river_class_source":"중심선 공간조인","survey_method":"사진측량"},"geometry":{"type":"Polygon","coordinates":[[[129.32566,35.77818],[129.32638,35.77812],[129.32705,35.77825],[129.32883,35.77799],[129.32938,35.77767],[129.32971,35.7778],[129.3293,35.77761],[129.32877,35.77792],[129.32697,35.77816],[129.32635,35.77805],[129.32566,35.77818]]]}},{"type":"Feature","id":"TN_RIVER_BNDRY:WTR0100000001ONG9","properties":{"NF_ID":"WTR0100000001ONG9","admin_code":"47130","source_layer":"TN_RIVER_BNDRY","semantic":"zone","river_class":"소하천","river_class_source":"중심선 공간조인","survey_method":"사진측량"},"geometry":{"type":"Polygon","coordinates":[[[129.27235,35.76304],[129.27137,35.76169],[129.27116,35.76166],[129.27209,35.76305],[129.27235,35.76304]]]}},{"type":"Feature","id":"TN_RIVER_BNDRY:WTR0100000001ONHA","properties":{"NF_ID":"WTR0100000001ONHA","admin_code":"47130","source_layer":"TN_RIVER_BNDRY","semantic":"zone","river_class":"소하천","river_class_source":"중심선 공간조인","survey_method":"사진측량"},"geometry":{"type":"Polygon","coordinates":[[[129.38658,35.76968],[129.38586,35.7694],[129.38482,35.76851],[129.38358,35.76843],[129.38228,35.76782],[129.38163,35.7674],[129.38137,35.7669],[129.38144,35.76737],[129.38191,35.76779],[129.38193,35.76798],[129.38208,35.7679],[129.38343,35.76859],[129.38504,35.76889],[129.38539,35.76931],[129.38657,35.77003],[129.38658,35.76968]]]}},{"type":"Feature","id":"TN_RIVER_BNDRY:WTR0100000001ONIB","properties":{"NF_ID":"WTR0100000001ONIB","admin_code":"47130","source_layer":"TN_RIVER_BNDRY","semantic":"zone","river_class":"소하천","river_class_source":"중심선 공간조인","survey_method":"사진측량"},"geometry":{"type":"Polygon","coordinates":[[[129.32376,35.77221],[129.32339,35.77227],[129.32245,35.77297],[129.32142,35.77319],[129.32093,35.7732],[129.32052,35.77299],[129.31903,35.77277],[129.31809,35.77281],[129.31636,35.77359],[129.31521,35.77452],[129.31425,35.77483],[129.31372,35.77515],[129.31423,35.7753],[129.31459,35.77494],[129.31742,35.77345],[129.31888,35.7732],[129.32128,35.7734],[129.32293,35.77292],[129.32376,35.77221]]]}},{"type":"Feature","id":"TN_RIVER_BNDRY:WTR0100000001ONJC","properties":{"NF_ID":"WTR0100000001ONJC","admin_code":"47130","source_layer":"TN_RIVER_BNDRY","semantic":"zone","river_class":"소하천","river_class_source":"중심선 공간조인","survey_method":"사진측량"},"geometry":{"type":"Polygon","coordinates":[[[129.31372,35.77515],[129.31242,35.77513],[129.30666,35.77409],[129.30526,35.77366],[129.30469,35.77406],[129.30561,35.77411],[129.30745,35.77482],[129.31117,35.7755],[129.31364,35.77555],[129.31372,35.77515]]]}},{"type":"Feature","id":"TN_RIVER_BNDRY:WTR0100000001ONKD","properties":{"NF_ID":"WTR0100000001ONKD","admin_code":"47130","source_layer":"TN_RIVER_BNDRY","semantic":"zone","river_class":"소하천","river_class_source":"중심선 공간조인","survey_method":"사진측량"},"geometry":{"type":"Polygon","coordinates":[[[129.30213,35.77141],[129.30219,35.77133],[129.30124,35.7711],[129.2992,35.77076],[129.30213,35.77141]]]}},{"type":"Feature","id":"TN_RIVER_BNDRY:WTR0100000001ONLE","properties":{"NF_ID":"WTR0100000001ONLE","admin_code":"47130","source_layer":"TN_RIVER_BNDRY","semantic":"zone","river_class":"소하천","river_class_source":"중심선 공간조인","survey_method":"사진측량"},"geometry":{"type":"Polygon","coordinates":[[[129.28173,35.75713],[129.28176,35.75723],[129.29051,35.75546],[129.29135,35.75557],[129.29769,35.75732],[129.29813,35.75755],[129.29901,35.75854],[129.29927,35.75921],[129.29976,35.75908],[129.30056,35.75942],[129.30087,35.76042],[129.30075,35.76082],[129.30102,35.7609],[129.3017,35.76075],[129.30236,35.76108],[129.30343,35.76229],[129.30367,35.76279],[129.30392,35.76289],[129.30417,35.76259],[129.3044,35.76262],[129.30515,35.76357],[129.30613,35.76423],[129.30515,35.76349],[129.30428,35.7624],[129.30437,35.76217],[129.30502,35.76183],[129.30342,35.76026],[129.30253,35.75831],[129.30216,35.75791],[129.30147,35.75764],[129.30088,35.7576],[129.30039,35.75776],[129.29978,35.75835],[129.2997,35.7587],[129.30034,35.75914],[129.30012,35.75921],[129.29962,35.75898],[129.29939,35.75914],[129.29901,35.75837],[129.29787,35.75729],[129.29209,35.75565],[129.29056,35.75537],[129.28173,35.75713]]]}},{"type":"Feature","id":"TN_RIVER_BNDRY:WTR0100000001ONMF","properties":{"NF_ID":"WTR0100000001ONMF","admin_code":"47130","source_layer":"TN_RIVER_BNDRY","semantic":"zone","river_class":"소하천","river_class_source":"중심선 공간조인","survey_method":"사진측량"},"geometry":{"type":"Polygon","coordinates":[[[129.32377,35.7722],[129.32406,35.77215],[129.32371,35.77205],[129.32352,35.7722],[129.32377,35.7722]]]}},{"type":"Feature","id":"TN_RIVER_BNDRY:WTR0100000001ONNG","properties":{"NF_ID":"WTR0100000001ONNG","admin_code":"47130","source_layer":"TN_RIVER_BNDRY","semantic":"zone","river_class":"소하천","river_class_source":"중심선 공간조인","survey_method":"사진측량"},"geometry":{"type":"Polygon","coordinates":[[[129.27509,35.76509],[129.2743,35.76401],[129.27243,35.76309],[129.27227,35.76322],[129.27436,35.76417],[129.2747,35.76467],[129.27483,35.7653],[129.27509,35.76509]]]}},{"type":"Feature","id":"TN_RIVER_BNDRY:WTR0100000001ONOH","properties":{"NF_ID":"WTR0100000001ONOH","admin_code":"47130","source_layer":"TN_RIVER_BNDRY","semantic":"zone","river_class":"지방하천","river_class_source":"중심선 공간조인","river_name":"원동천","river_code":"2120130","survey_method":"사진측량"},"geometry":{"type":"Polygon","coordinates":[[[129.27531,35.76551],[129.27509,35.76509],[129.27483,35.7653],[129.27509,35.76575],[129.27531,35.76551]]]}},{"type":"Feature","id":"TN_RIVER_BNDRY:WTR0100000001ONPI","properties":{"NF_ID":"WTR0100000001ONPI","admin_code":"47130","source_layer":"TN_RIVER_BNDRY","semantic":"zone","river_class":"지방하천","river_class_source":"중심선 공간조인","river_name":"남천","river_code":"1020500","survey_method":"사진측량"},"geometry":{"type":"Polygon","coordinates":[[[129.27407,35.77489],[129.27348,35.77439],[129.27279,35.77528],[129.27388,35.77541],[129.27407,35.77489]]]}},{"type":"Feature","id":"TN_RIVER_BNDRY:WTR0100000001ONQJ","properties":{"NF_ID":"WTR0100000001ONQJ","admin_code":"47130","source_layer":"TN_RIVER_BNDRY","semantic":"zone","river_class":"소하천","river_class_source":"중심선 공간조인","survey_method":"사진측량"},"geometry":{"type":"Polygon","coordinates":[[[129.32557,35.77824],[129.32546,35.77808],[129.32449,35.77786],[129.32397,35.77795],[129.32336,35.7783],[129.32061,35.77792],[129.31954,35.77796],[129.31852,35.77731],[129.31625,35.77667],[129.31423,35.7753],[129.31409,35.77565],[129.31454,35.7757],[129.31615,35.77676],[129.31865,35.7776],[129.31884,35.77771],[129.31893,35.77816],[129.31923,35.77826],[129.31888,35.77805],[129.31895,35.7778],[129.31929,35.77788],[129.31981,35.77841],[129.31954,35.77801],[129.32045,35.77797],[129.32339,35.7784],[129.3244,35.77794],[129.32557,35.77824]]]}},{"type":"Feature","id":"TN_RIVER_BNDRY:WTR0100000001ONRK","properties":{"NF_ID":"WTR0100000001ONRK","admin_code":"47130","source_layer":"TN_RIVER_BNDRY","semantic":"zone","river_class":"소하천","river_class_source":"중심선 공간조인","survey_method":"사진측량"},"geometry":{"type":"Polygon","coordinates":[[[129.32757,35.76964],[129.32774,35.76977],[129.33065,35.76827],[129.33247,35.7676],[129.33511,35.76767],[129.33616,35.76728],[129.33741,35.76731],[129.3384,35.76705],[129.34074,35.76756],[129.34156,35.76744],[129.34071,35.76749],[129.33837,35.76698],[129.33739,35.76722],[129.33601,35.76722],[129.33529,35.76751],[129.33308,35.76743],[129.33076,35.76807],[129.32797,35.76957],[129.32757,35.76964]]]}},{"type":"Feature","id":"TN_RIVER_BNDRY:WTR0100000001ONSL","properties":{"NF_ID":"WTR0100000001ONSL","admin_code":"47130","source_layer":"TN_RIVER_BNDRY","semantic":"zone","river_class":"소하천","river_class_source":"중심선 공간조인","survey_method":"사진측량"},"geometry":{"type":"Polygon","coordinates":[[[129.32774,35.76977],[129.32757,35.76964],[129.32723,35.76976],[129.32744,35.7699],[129.32774,35.76977]]]}},{"type":"Feature","id":"TN_RIVER_BNDRY:WTR0100000001ONTM","properties":{"NF_ID":"WTR0100000001ONTM","admin_code":"47130","source_layer":"TN_RIVER_BNDRY","semantic":"zone","river_class":"소하천","river_class_source":"중심선 공간조인","survey_method":"사진측량"},"geometry":{"type":"Polygon","coordinates":[[[129.32774,35.76977],[129.32744,35.7699],[129.32771,35.76987],[129.32844,35.77022],[129.33027,35.77067],[129.33158,35.77059],[129.33334,35.77098],[129.33445,35.77086],[129.33288,35.77091],[129.33196,35.7706],[129.33118,35.77052],[129.3303,35.77063],[129.3284,35.77016],[129.32774,35.76977]]]}},{"type":"Feature","id":"TN_RIVER_BNDRY:WTR0100000001ONUN","properties":{"NF_ID":"WTR0100000001ONUN","admin_code":"47130","source_layer":"TN_RIVER_BNDRY","semantic":"zone","river_class":"소하천","river_class_source":"중심선 공간조인","survey_method":"사진측량"},"geometry":{"type":"Polygon","coordinates":[[[129.3429,35.76721],[129.34301,35.76728],[129.343,35.76714],[129.34283,35.76692],[129.34308,35.76678],[129.34302,35.76618],[129.34343,35.76588],[129.3431,35.76536],[129.3434,35.76497],[129.34329,35.76431],[129.344,35.76364],[129.34423,35.76278],[129.34479,35.76187],[129.34576,35.76141],[129.34467,35.76177],[129.34386,35.7637],[129.34209,35.76458],[129.34185,35.76517],[129.34143,35.76532],[129.34101,35.76518],[129.3409,35.76556],[129.34038,35.7654],[129.33991,35.76557],[129.34119,35.76723],[129.34157,35.76728],[129.34161,35.76705],[129.34209,35.76708],[129.34298,35.76745],[129.3429,35.76721]]]}},{"type":"Feature","id":"TN_RIVER_BNDRY:WTR0100000001ONVO","properties":{"NF_ID":"WTR0100000001ONVO","admin_code":"47130","source_layer":"TN_RIVER_BNDRY","semantic":"zone","river_class":"소하천","river_class_source":"중심선 공간조인","survey_method":"사진측량"},"geometry":{"type":"Polygon","coordinates":[[[129.34442,35.77219],[129.34466,35.77218],[129.34461,35.77209],[129.34374,35.77208],[129.34294,35.77163],[129.3418,35.77161],[129.34122,35.77128],[129.34101,35.7717],[129.3407,35.77169],[129.34056,35.77137],[129.33975,35.77133],[129.33871,35.77064],[129.33594,35.77056],[129.33873,35.77068],[129.33966,35.77133],[129.34052,35.77141],[129.34074,35.77177],[129.34152,35.77183],[129.34182,35.77166],[129.34272,35.77168],[129.34391,35.77222],[129.34442,35.77219]]]}},{"type":"Feature","id":"TN_RIVER_BNDRY:WTR0100000001ONWP","properties":{"NF_ID":"WTR0100000001ONWP","admin_code":"47130","source_layer":"TN_RIVER_BNDRY","semantic":"zone","river_class":"지방하천","river_class_source":"중심선 공간조인","river_name":"원동천","river_code":"2120130","survey_method":"사진측량"},"geometry":{"type":"Polygon","coordinates":[[[129.27896,35.7613],[129.27867,35.76095],[129.27801,35.76189],[129.27509,35.76509],[129.27531,35.76551],[129.27828,35.76225],[129.27896,35.7613]]]}},{"type":"Feature","id":"TN_RIVER_BNDRY:WTR0100000001ONXQ","properties":{"NF_ID":"WTR0100000001ONXQ","admin_code":"47130","source_layer":"TN_RIVER_BNDRY","semantic":"zone","river_class":"소하천","river_class_source":"중심선 공간조인","survey_method":"사진측량"},"geometry":{"type":"Polygon","coordinates":[[[129.29105,35.76677],[129.29063,35.76669],[129.29107,35.76688],[129.29263,35.76736],[129.29105,35.76677]]]}},{"type":"Feature","id":"TN_RIVER_BNDRY:WTR0100000001ONYR","properties":{"NF_ID":"WTR0100000001ONYR","admin_code":"47130","source_layer":"TN_RIVER_BNDRY","semantic":"zone","river_class":"소하천","river_class_source":"중심선 공간조인","survey_method":"사진측량"},"geometry":{"type":"Polygon","coordinates":[[[129.28885,35.76716],[129.28854,35.76699],[129.28853,35.76701],[129.2884,35.76694],[129.2884,35.76693],[129.2884,35.76692],[129.2884,35.7669],[129.28836,35.76687],[129.28824,35.76678],[129.28814,35.76671],[129.28807,35.76667],[129.28805,35.76666],[129.28798,35.76662],[129.28796,35.76661],[129.28795,35.76661],[129.28794,35.76661],[129.28793,35.76661],[129.28792,35.76663],[129.28791,35.76664],[129.28792,35.76666],[129.28794,35.76667],[129.28804,35.76675],[129.28815,35.76682],[129.28826,35.76691],[129.28832,35.76695],[129.28834,35.76696],[129.28836,35.76696],[129.28837,35.76696],[129.28838,35.76696],[129.28839,35.76696],[129.28851,35.76704],[129.2885,35.76705],[129.28873,35.76718],[129.28876,35.7672],[129.28882,35.76722],[129.28885,35.76723],[129.28892,35.76721],[129.28885,35.76716]]]}},{"type":"Feature","id":"TN_RIVER_BNDRY:WTR0100000001ONZS","properties":{"NF_ID":"WTR0100000001ONZS","admin_code":"47130","source_layer":"TN_RIVER_BNDRY","semantic":"zone","river_class":"소하천","river_class_source":"중심선 공간조인","survey_method":"사진측량"},"geometry":{"type":"Polygon","coordinates":[[[129.28615,35.76689],[129.28612,35.76685],[129.28527,35.76736],[129.28472,35.76776],[129.28477,35.76779],[129.28485,35.76775],[129.28556,35.76725],[129.28615,35.76689]]]}},{"type":"Feature","id":"TN_RIVER_BNDRY:WTR0100000001OO0U","properties":{"NF_ID":"WTR0100000001OO0U","admin_code":"47130","source_layer":"TN_RIVER_BNDRY","semantic":"zone","river_class":"소하천","river_class_source":"중심선 공간조인","survey_method":"사진측량"},"geometry":{"type":"Polygon","coordinates":[[[129.31423,35.7753],[129.31372,35.77515],[129.31364,35.77555],[129.31409,35.77565],[129.31423,35.7753]]]}},{"type":"Feature","id":"TN_RIVER_BNDRY:WTR0100000001OO1V","properties":{"NF_ID":"WTR0100000001OO1V","admin_code":"47130","source_layer":"TN_RIVER_BNDRY","semantic":"zone","river_class":"지방하천","river_class_source":"중심선 공간조인","river_name":"원동천","river_code":"2120130","survey_method":"사진측량"},"geometry":{"type":"Polygon","coordinates":[[[129.27348,35.77439],[129.27321,35.7743],[129.27337,35.77368],[129.2744,35.77198],[129.27449,35.77125],[129.27417,35.77057],[129.27294,35.76919],[129.27271,35.76843],[129.27509,35.76575],[129.27483,35.7653],[129.27272,35.76764],[129.27216,35.76846],[129.27225,35.76906],[129.27335,35.77013],[129.27398,35.77129],[129.27351,35.7728],[129.27323,35.77305],[129.2729,35.77384],[129.27267,35.77391],[129.27256,35.7743],[129.27251,35.77495],[129.27279,35.77528],[129.27348,35.77439]]]}},{"type":"Feature","id":"TN_RIVER_BNDRY:WTR0100000001OO2W","properties":{"NF_ID":"WTR0100000001OO2W","admin_code":"47130","source_layer":"TN_RIVER_BNDRY","semantic":"zone","river_class":"지방하천","river_class_source":"중심선 공간조인","river_name":"남천","river_code":"1020500","survey_method":"사진측량"},"geometry":{"type":"Polygon","coordinates":[[[129.30678,35.7842],[129.30637,35.78334],[129.30604,35.78303],[129.30507,35.77976],[129.30434,35.77645],[129.30434,35.77561],[129.3045,35.77558],[129.30435,35.77546],[129.30438,35.77502],[129.30452,35.77423],[129.30469,35.77406],[129.30423,35.77379],[129.30398,35.77709],[129.30448,35.77958],[129.30619,35.78428],[129.30678,35.7842]]]}},{"type":"Feature","id":"TN_RIVER_BNDRY:WTR0100000001OO3X","properties":{"NF_ID":"WTR0100000001OO3X","admin_code":"47130","source_layer":"TN_RIVER_BNDRY","semantic":"zone","river_class":"소하천","river_class_source":"중심선 공간조인","survey_method":"사진측량"},"geometry":{"type":"Polygon","coordinates":[[[129.27107,35.7892],[129.27085,35.78927],[129.27071,35.78991],[129.27019,35.79034],[129.26947,35.79021],[129.26849,35.7905],[129.26669,35.79044],[129.26673,35.79025],[129.26638,35.79056],[129.2684,35.79063],[129.26939,35.79027],[129.27019,35.79042],[129.27072,35.79005],[129.27107,35.7892]]]}},{"type":"Feature","id":"TN_RIVER_BNDRY:WTR0100000001OO4Y","properties":{"NF_ID":"WTR0100000001OO4Y","admin_code":"47130","source_layer":"TN_RIVER_BNDRY","semantic":"zone","river_class":"지방하천","river_class_source":"중심선 공간조인","river_name":"동천","river_code":"2220440","survey_method":"사진측량"},"geometry":{"type":"Polygon","coordinates":[[[129.33201,35.75948],[129.33118,35.75933],[129.33038,35.75946],[129.32965,35.75921],[129.32963,35.75896],[129.32954,35.75908],[129.32966,35.75932],[129.33048,35.75967],[129.33112,35.75947],[129.33201,35.75948]]]}},{"type":"Feature","id":"TN_RIVER_BNDRY:WTR0100000001OO5Z","properties":{"NF_ID":"WTR0100000001OO5Z","admin_code":"47130","source_layer":"TN_RIVER_BNDRY","semantic":"zone","river_class":"등급미확인","survey_method":"사진측량"},"geometry":{"type":"Polygon","coordinates":[[[129.33212,35.75936],[129.33212,35.75947],[129.33235,35.75948],[129.33212,35.75936]]]}},{"type":"Feature","id":"TN_RIVER_BNDRY:WTR0100000001OO60","properties":{"NF_ID":"WTR0100000001OO60","admin_code":"47130","source_layer":"TN_RIVER_BNDRY","semantic":"zone","river_class":"등급미확인","survey_method":"사진측량"},"geometry":{"type":"Polygon","coordinates":[[[129.33212,35.75936],[129.33257,35.75892],[129.33385,35.75889],[129.33415,35.75884],[129.33413,35.75872],[129.33324,35.75875],[129.33291,35.7589],[129.33249,35.7588],[129.33202,35.75909],[129.33199,35.7594],[129.33212,35.75936]]]}},{"type":"Feature","id":"TN_RIVER_BNDRY:WTR0100000001OO71","properties":{"NF_ID":"WTR0100000001OO71","admin_code":"47130","source_layer":"TN_RIVER_BNDRY","semantic":"zone","river_class":"등급미확인","survey_method":"사진측량"},"geometry":{"type":"Polygon","coordinates":[[[129.33212,35.75947],[129.33212,35.75936],[129.33199,35.7594],[129.33212,35.75947]]]}},{"type":"Feature","id":"TN_RIVER_BNDRY:WTR0100000001OO82","properties":{"NF_ID":"WTR0100000001OO82","admin_code":"47130","source_layer":"TN_RIVER_BNDRY","semantic":"zone","river_class":"소하천","river_class_source":"중심선 공간조인","survey_method":"사진측량"},"geometry":{"type":"Polygon","coordinates":[[[129.38235,35.78907],[129.38197,35.78896],[129.38116,35.78926],[129.38014,35.78854],[129.37962,35.78908],[129.38016,35.78859],[129.38116,35.78931],[129.38205,35.78899],[129.3832,35.78946],[129.38235,35.78907]]]}},{"type":"Feature","id":"TN_RIVER_BNDRY:WTR0100000001OO93","properties":{"NF_ID":"WTR0100000001OO93","admin_code":"47130","source_layer":"TN_RIVER_BNDRY","semantic":"zone","river_class":"지방하천","river_class_source":"중심선 공간조인","river_name":"동천","river_code":"2220440","survey_method":"사진측량"},"geometry":{"type":"Polygon","coordinates":[[[129.32961,35.75896],[129.32916,35.75848],[129.32848,35.75869],[129.32792,35.75975],[129.32716,35.76042],[129.32659,35.7607],[129.32545,35.76069],[129.32504,35.76108],[129.32458,35.76114],[129.3231,35.75991],[129.32278,35.75939],[129.3223,35.75915],[129.32153,35.75841],[129.32078,35.7585],[129.32016,35.75823],[129.31911,35.75757],[129.31839,35.75662],[129.31673,35.75619],[129.31555,35.75643],[129.31479,35.75639],[129.31429,35.75629],[129.31349,35.75586],[129.31327,35.75501],[129.31284,35.75448],[129.31325,35.75363],[129.31316,35.75294],[129.31296,35.75301],[129.31313,35.75364],[129.31266,35.75447],[129.31317,35.75507],[129.31343,35.75591],[129.31401,35.75629],[129.31475,35.75652],[129.31542,35.75656],[129.31678,35.75627],[129.31841,35.75671],[129.31899,35.75754],[129.32005,35.75832],[129.32073,35.75858],[129.32157,35.75856],[129.32278,35.7595],[129.32304,35.75996],[129.32446,35.76119],[129.32506,35.76115],[129.32551,35.76075],[129.32655,35.76078],[129.32717,35.76047],[129.32793,35.75984],[129.32869,35.75865],[129.32911,35.75856],[129.32961,35.75896]]]}},{"type":"Feature","id":"TN_RIVER_BNDRY:WTR0100000001OOA4","properties":{"NF_ID":"WTR0100000001OOA4","admin_code":"47130","source_layer":"TN_RIVER_BNDRY","semantic":"zone","river_class":"지방하천","river_class_source":"중심선 공간조인","river_name":"대종천","river_code":"2620520","survey_method":"사진측량"},"geometry":{"type":"Polygon","coordinates":[[[129.38795,35.78991],[129.38775,35.78988],[129.3869,35.78883],[129.38589,35.78712],[129.38413,35.78521],[129.38311,35.78194],[129.38247,35.78069],[129.38239,35.77997],[129.38022,35.77844],[129.37922,35.77826],[129.37828,35.77848],[129.37775,35.77839],[129.37731,35.77778],[129.37666,35.7756],[129.37591,35.77527],[129.37428,35.77512],[129.37396,35.7744],[129.37251,35.77411],[129.37212,35.77372],[129.3715,35.77343],[129.37038,35.77227],[129.37013,35.77171],[129.36957,35.77169],[129.3693,35.77097],[129.3693,35.7702],[129.36847,35.76985],[129.36831,35.7689],[129.36721,35.76842],[129.367,35.76755],[129.366,35.76728],[129.36578,35.76706],[129.36557,35.76658],[129.36576,35.76617],[129.36567,35.76596],[129.36548,35.76642],[129.36558,35.76698],[129.36605,35.76739],[129.36682,35.76758],[129.36712,35.76847],[129.36824,35.76899],[129.36839,35.76993],[129.36918,35.77021],[129.36915,35.77091],[129.36951,35.77179],[129.37041,35.77237],[129.37146,35.77368],[129.37194,35.7738],[129.37245,35.77425],[129.37361,35.77452],[129.37402,35.77523],[129.37429,35.77536],[129.37469,35.7753],[129.37551,35.77562],[129.37609,35.77562],[129.37658,35.7761],[129.37696,35.77779],[129.37746,35.77856],[129.3785,35.77869],[129.37933,35.77841],[129.38028,35.7787],[129.38057,35.77903],[129.38221,35.78003],[129.38222,35.78066],[129.38364,35.78402],[129.38392,35.78525],[129.38525,35.78675],[129.38759,35.79003],[129.38795,35.78991]]]}},{"type":"Feature","id":"TN_RIVER_BNDRY:WTR0100000001OOB5","properties":{"NF_ID":"WTR0100000001OOB5","admin_code":"47130","source_layer":"TN_RIVER_BNDRY","semantic":"zone","river_class":"소하천","river_class_source":"중심선 공간조인","survey_method":"사진측량"},"geometry":{"type":"Polygon","coordinates":[[[129.32301,35.78939],[129.32276,35.78912],[129.32151,35.78875],[129.31975,35.78846],[129.31806,35.78707],[129.31574,35.7858],[129.31448,35.78563],[129.3138,35.785],[129.31319,35.78477],[129.31086,35.78462],[129.31002,35.7842],[129.30921,35.78417],[129.30836,35.78444],[129.30678,35.7842],[129.30695,35.78475],[129.30723,35.78462],[129.30837,35.7847],[129.30969,35.78439],[129.31066,35.78481],[129.31238,35.78485],[129.31334,35.78505],[129.31456,35.78581],[129.31573,35.78594],[129.31888,35.7877],[129.31977,35.78852],[129.32137,35.78878],[129.32261,35.7892],[129.32288,35.78946],[129.32301,35.78939]]]}},{"type":"Feature","id":"TN_RIVER_BNDRY:WTR0100000001OOC6","properties":{"NF_ID":"WTR0100000001OOC6","admin_code":"47130","source_layer":"TN_RIVER_BNDRY","semantic":"zone","river_class":"지방하천","river_class_source":"중심선 공간조인","river_name":"대종천","river_code":"2620520","survey_method":"사진측량"},"geometry":{"type":"Polygon","coordinates":[[[129.39485,35.793],[129.3931,35.79208],[129.38945,35.79133],[129.38874,35.79094],[129.38816,35.79011],[129.38772,35.79016],[129.38897,35.7916],[129.38941,35.79168],[129.38933,35.79184],[129.39115,35.79202],[129.39203,35.79229],[129.39233,35.7922],[129.39243,35.79245],[129.39386,35.79286],[129.39437,35.79335],[129.39485,35.793]]]}},{"type":"Feature","id":"TN_RIVER_BNDRY:WTR0100000001OOD7","properties":{"NF_ID":"WTR0100000001OOD7","admin_code":"47130","source_layer":"TN_RIVER_BNDRY","semantic":"zone","river_class":"지방하천","river_class_source":"중심선 공간조인","river_name":"남천","river_code":"1020500","survey_method":"사진측량"},"geometry":{"type":"Polygon","coordinates":[[[129.30423,35.77379],[129.30436,35.77302],[129.30211,35.7716],[129.29636,35.77022],[129.2916,35.76859],[129.2885,35.76722],[129.28653,35.76593],[129.28246,35.76567],[129.28048,35.76628],[129.27881,35.76732],[129.27793,35.76842],[129.27707,35.77073],[129.27654,35.77157],[129.27593,35.77236],[129.27347,35.77438],[129.27407,35.77489],[129.27658,35.7726],[129.27801,35.77096],[129.27925,35.76839],[129.28004,35.76762],[129.28189,35.76659],[129.28282,35.76626],[129.28386,35.76619],[129.28515,35.76631],[129.28628,35.76662],[129.28875,35.7682],[129.29542,35.77082],[129.2988,35.77139],[129.30167,35.77241],[129.30215,35.77246],[129.3031,35.77287],[129.30423,35.77379]]]}},{"type":"Feature","id":"TN_RIVER_BNDRY:WTR0100000001OOE8","properties":{"NF_ID":"WTR0100000001OOE8","admin_code":"47130","source_layer":"TN_RIVER_BNDRY","semantic":"zone","river_class":"소하천","river_class_source":"중심선 공간조인","survey_method":"사진측량"},"geometry":{"type":"Polygon","coordinates":[[[129.43045,35.76475],[129.42984,35.76415],[129.42951,35.76355],[129.42878,35.76345],[129.42795,35.76207],[129.4272,35.76187],[129.42683,35.76042],[129.42592,35.76004],[129.42564,35.75943],[129.42415,35.75915],[129.42307,35.75951],[129.42278,35.75975],[129.42223,35.7597],[129.42182,35.75998],[129.42144,35.76002],[129.42096,35.75931],[129.42053,35.7593],[129.41985,35.75872],[129.41888,35.75842],[129.41984,35.75876],[129.42047,35.75932],[129.42092,35.75933],[129.42147,35.76005],[129.42188,35.75999],[129.42223,35.75973],[129.42275,35.75978],[129.42311,35.75952],[129.42413,35.75918],[129.4256,35.75948],[129.42588,35.76007],[129.42675,35.7604],[129.42715,35.76193],[129.42792,35.76213],[129.42874,35.76351],[129.42941,35.76358],[129.42985,35.76434],[129.43038,35.76486],[129.43045,35.76475]]]}},{"type":"Feature","id":"TN_RIVER_BNDRY:WTR0100000001OOF9","properties":{"NF_ID":"WTR0100000001OOF9","admin_code":"47130","source_layer":"TN_RIVER_BNDRY","semantic":"zone","river_class":"소하천","river_class_source":"중심선 공간조인","survey_method":"사진측량"},"geometry":{"type":"Polygon","coordinates":[[[129.43572,35.76199],[129.43627,35.76267],[129.43663,35.76406],[129.43632,35.76263],[129.43572,35.76199]]]}},{"type":"Feature","id":"TN_RIVER_BNDRY:WTR0100000001OOGA","properties":{"NF_ID":"WTR0100000001OOGA","admin_code":"47130","source_layer":"TN_RIVER_BNDRY","semantic":"zone","river_class":"소하천","river_class_source":"중심선 공간조인","survey_method":"사진측량"},"geometry":{"type":"Polygon","coordinates":[[[129.43046,35.76491],[129.42862,35.76609],[129.42819,35.76621],[129.42603,35.76617],[129.42361,35.76652],[129.42259,35.76641],[129.42181,35.76649],[129.42133,35.76688],[129.41903,35.76709],[129.41787,35.76692],[129.41652,35.76838],[129.415,35.76793],[129.41345,35.76874],[129.41155,35.76885],[129.41053,35.76831],[129.41153,35.76889],[129.41343,35.7688],[129.41499,35.76797],[129.4165,35.76843],[129.4173,35.76775],[129.41785,35.76695],[129.41898,35.76711],[129.42133,35.76693],[129.42179,35.76658],[129.42248,35.76649],[129.42438,35.76654],[129.42635,35.76623],[129.42808,35.76631],[129.42869,35.76613],[129.43046,35.76491]]]}},{"type":"Feature","id":"TN_RIVER_BNDRY:WTR0100000001OOHB","properties":{"NF_ID":"WTR0100000001OOHB","admin_code":"47130","source_layer":"TN_RIVER_BNDRY","semantic":"zone","river_class":"소하천","river_class_source":"중심선 공간조인","survey_method":"사진측량"},"geometry":{"type":"Polygon","coordinates":[[[129.44901,35.76721],[129.44959,35.76686],[129.44649,35.76704],[129.4442,35.76702],[129.44296,35.76684],[129.44284,35.76701],[129.44428,35.76737],[129.44839,35.76711],[129.44901,35.76721]]]}},{"type":"Feature","id":"TN_RIVER_BNDRY:WTR0100000001OOIC","properties":{"NF_ID":"WTR0100000001OOIC","admin_code":"47130","source_layer":"TN_RIVER_BNDRY","semantic":"zone","river_class":"소하천","river_class_source":"중심선 공간조인","survey_method":"사진측량"},"geometry":{"type":"Polygon","coordinates":[[[129.43663,35.76406],[129.43657,35.76473],[129.43718,35.76624],[129.4366,35.76472],[129.43663,35.76406]]]}},{"type":"Feature","id":"TN_RIVER_BNDRY:WTR0100000001OOJD","properties":{"NF_ID":"WTR0100000001OOJD","admin_code":"47130","source_layer":"TN_RIVER_BNDRY","semantic":"zone","river_class":"소하천","river_class_source":"중심선 공간조인","survey_method":"사진측량"},"geometry":{"type":"Polygon","coordinates":[[[129.43059,35.76481],[129.43046,35.76491],[129.43121,35.76507],[129.43291,35.7659],[129.43368,35.76601],[129.43059,35.76481]]]}},{"type":"Feature","id":"TN_RIVER_BNDRY:WTR0100000001OOKE","properties":{"NF_ID":"WTR0100000001OOKE","admin_code":"47130","source_layer":"TN_RIVER_BNDRY","semantic":"zone","river_class":"소하천","river_class_source":"중심선 공간조인","survey_method":"사진측량"},"geometry":{"type":"Polygon","coordinates":[[[129.49243,35.76035],[129.49233,35.76027],[129.49196,35.7607],[129.49045,35.7613],[129.48888,35.76219],[129.48744,35.76326],[129.48728,35.76354],[129.48657,35.76389],[129.48723,35.76362],[129.4891,35.76213],[129.49044,35.76135],[129.4919,35.76075],[129.49243,35.76035]]]}},{"type":"Feature","id":"TN_RIVER_BNDRY:WTR0100000001OOLF","properties":{"NF_ID":"WTR0100000001OOLF","admin_code":"47130","source_layer":"TN_RIVER_BNDRY","semantic":"zone","river_class":"소하천","river_class_source":"중심선 공간조인","survey_method":"사진측량"},"geometry":{"type":"Polygon","coordinates":[[[129.48552,35.76485],[129.48574,35.7647],[129.4856,35.76461],[129.48547,35.76483],[129.48498,35.76505],[129.48552,35.76485]]]}},{"type":"Feature","id":"TN_RIVER_BNDRY:WTR0100000001OOMG","properties":{"NF_ID":"WTR0100000001OOMG","admin_code":"47130","source_layer":"TN_RIVER_BNDRY","semantic":"zone","river_class":"소하천","river_class_source":"중심선 공간조인","survey_method":"사진측량"},"geometry":{"type":"Polygon","coordinates":[[[129.43572,35.76199],[129.43571,35.76198],[129.43568,35.76189],[129.43565,35.76174],[129.43563,35.76165],[129.43562,35.76161],[129.43561,35.76161],[129.43559,35.76162],[129.43557,35.76162],[129.43558,35.76162],[129.43559,35.76166],[129.43561,35.76174],[129.43564,35.7619],[129.43567,35.76199],[129.43568,35.76199],[129.43572,35.76199]]]}},{"type":"Feature","id":"TN_RIVER_BNDRY:WTR0100000001OONH","properties":{"NF_ID":"WTR0100000001OONH","admin_code":"47130","source_layer":"TN_RIVER_BNDRY","semantic":"zone","river_class":"소하천","river_class_source":"중심선 공간조인","survey_method":"사진측량"},"geometry":{"type":"Polygon","coordinates":[[[129.41887,35.75837],[129.41891,35.75837],[129.41891,35.75835],[129.41891,35.75828],[129.4189,35.75824],[129.41889,35.7582],[129.41887,35.75816],[129.41885,35.75813],[129.41882,35.75809],[129.41878,35.75806],[129.41876,35.75805],[129.41879,35.75812],[129.41882,35.75817],[129.41884,35.7582],[129.41886,35.75825],[129.41887,35.75827],[129.41887,35.75831],[129.41887,35.75835],[129.41887,35.75837]]]}},{"type":"Feature","id":"TN_RIVER_BNDRY:WTR0100000001OOOI","properties":{"NF_ID":"WTR0100000001OOOI","admin_code":"47130","source_layer":"TN_RIVER_BNDRY","semantic":"zone","river_class":"소하천","river_class_source":"중심선 공간조인","survey_method":"사진측량"},"geometry":{"type":"Polygon","coordinates":[[[129.41892,35.7584],[129.41891,35.75839],[129.41891,35.75837],[129.41887,35.75837],[129.41887,35.75839],[129.41887,35.7584],[129.41887,35.75841],[129.41888,35.75842],[129.41892,35.7584]]]}},{"type":"Feature","id":"TN_RIVER_BNDRY:WTR0100000001OOPJ","properties":{"NF_ID":"WTR0100000001OOPJ","admin_code":"47130","source_layer":"TN_RIVER_BNDRY","semantic":"zone","river_class":"소하천","river_class_source":"중심선 공간조인","survey_method":"사진측량"},"geometry":{"type":"Polygon","coordinates":[[[129.41557,35.75165],[129.41446,35.75166],[129.41314,35.75221],[129.41452,35.75307],[129.4152,35.75317],[129.41557,35.75165]]]}},{"type":"Feature","id":"TN_RIVER_BNDRY:WTR0100000001OOQK","properties":{"NF_ID":"WTR0100000001OOQK","admin_code":"47130","source_layer":"TN_RIVER_BNDRY","semantic":"zone","river_class":"소하천","river_class_source":"중심선 공간조인","survey_method":"사진측량"},"geometry":{"type":"Polygon","coordinates":[[[129.40799,35.75593],[129.40826,35.75518],[129.4087,35.75476],[129.40948,35.75458],[129.4109,35.75469],[129.41187,35.75394],[129.41248,35.75374],[129.41237,35.75334],[129.4127,35.75325],[129.41312,35.75345],[129.41372,35.7531],[129.41452,35.75307],[129.41313,35.75221],[129.41272,35.75265],[129.41267,35.75319],[129.41189,35.75335],[129.4119,35.75388],[129.41109,35.75453],[129.41074,35.75466],[129.40952,35.7545],[129.40882,35.75464],[129.40821,35.75514],[129.40782,35.75595],[129.40799,35.75593]]]}},{"type":"Feature","id":"TN_RIVER_BNDRY:WTR0100000001OORL","properties":{"NF_ID":"WTR0100000001OORL","admin_code":"47130","source_layer":"TN_RIVER_BNDRY","semantic":"zone","river_class":"등급미확인","survey_method":"사진측량"},"geometry":{"type":"Polygon","coordinates":[[[129.4726,35.76129],[129.47226,35.76145],[129.47229,35.76165],[129.47281,35.76156],[129.4726,35.76129]]]}},{"type":"Feature","id":"TN_RIVER_BNDRY:WTR0100000001OOSM","properties":{"NF_ID":"WTR0100000001OOSM","admin_code":"47130","source_layer":"TN_RIVER_BNDRY","semantic":"zone","river_class":"소하천","river_class_source":"중심선 공간조인","survey_method":"사진측량"},"geometry":{"type":"Polygon","coordinates":[[[129.47255,35.76128],[129.47355,35.76064],[129.47399,35.7607],[129.47441,35.76028],[129.47475,35.76018],[129.47539,35.75918],[129.47617,35.7586],[129.47738,35.7583],[129.47858,35.75709],[129.4805,35.75628],[129.48091,35.75592],[129.48149,35.7557],[129.48187,35.75511],[129.48257,35.75469],[129.48309,35.75482],[129.48385,35.75419],[129.48515,35.75449],[129.4861,35.7538],[129.48678,35.75364],[129.48946,35.75378],[129.49067,35.75429],[129.4916,35.75446],[129.49066,35.75423],[129.48968,35.75378],[129.48693,35.75361],[129.48616,35.75372],[129.48512,35.75446],[129.48378,35.75417],[129.48311,35.75473],[129.48255,35.75464],[129.48186,35.75504],[129.48134,35.75573],[129.48088,35.75589],[129.48052,35.75623],[129.47853,35.75704],[129.47744,35.75821],[129.47702,35.75841],[129.47621,35.75852],[129.47534,35.75918],[129.47472,35.76016],[129.4744,35.76023],[129.47398,35.76065],[129.47353,35.7606],[129.47255,35.76128]]]}},{"type":"Feature","id":"TN_RIVER_BNDRY:WTR0100000001OOTN","properties":{"NF_ID":"WTR0100000001OOTN","admin_code":"47130","source_layer":"TN_RIVER_BNDRY","semantic":"zone","river_class":"소하천","river_class_source":"중심선 공간조인","survey_method":"사진측량"},"geometry":{"type":"Polygon","coordinates":[[[129.40799,35.75593],[129.40782,35.75595],[129.40779,35.75603],[129.4079,35.75605],[129.40792,35.75603],[129.40794,35.75601],[129.40797,35.75598],[129.40799,35.75593]]]}},{"type":"Feature","id":"TN_RIVER_BNDRY:WTR0100000001OOUO","properties":{"NF_ID":"WTR0100000001OOUO","admin_code":"47130","source_layer":"TN_RIVER_BNDRY","semantic":"zone","river_class":"소하천","river_class_source":"중심선 공간조인","survey_method":"사진측량"},"geometry":{"type":"Polygon","coordinates":[[[129.4079,35.75605],[129.40755,35.75626],[129.40745,35.75661],[129.4079,35.75605]]]}},{"type":"Feature","id":"TN_RIVER_BNDRY:WTR0100000001OOVP","properties":{"NF_ID":"WTR0100000001OOVP","admin_code":"47130","source_layer":"TN_RIVER_BNDRY","semantic":"zone","river_class":"소하천","river_class_source":"중심선 공간조인","survey_method":"사진측량"},"geometry":{"type":"Polygon","coordinates":[[[129.40779,35.75603],[129.40782,35.75595],[129.40777,35.75597],[129.40771,35.75598],[129.40767,35.75599],[129.40759,35.75599],[129.40751,35.75597],[129.40743,35.75594],[129.40735,35.7559],[129.40729,35.75586],[129.4072,35.75583],[129.40711,35.75579],[129.40704,35.75577],[129.40698,35.75575],[129.40691,35.75575],[129.40689,35.75576],[129.40697,35.75578],[129.40702,35.75579],[129.40708,35.75582],[129.40718,35.75585],[129.40727,35.75589],[129.40734,35.75594],[129.40739,35.75597],[129.40744,35.756],[129.40753,35.75603],[129.40761,35.75604],[129.40768,35.75603],[129.40773,35.75602],[129.40778,35.75602],[129.40778,35.75602],[129.40779,35.75603]]]}},{"type":"Feature","id":"TN_RIVER_BNDRY:WTR0100000001OOWQ","properties":{"NF_ID":"WTR0100000001OOWQ","admin_code":"47130","source_layer":"TN_RIVER_BNDRY","semantic":"zone","river_class":"소하천","river_class_source":"중심선 공간조인","survey_method":"사진측량"},"geometry":{"type":"Polygon","coordinates":[[[129.41557,35.75165],[129.4152,35.75317],[129.41534,35.75318],[129.41622,35.75301],[129.41673,35.75273],[129.41843,35.75265],[129.41864,35.75167],[129.41984,35.75095],[129.42155,35.75162],[129.42293,35.75147],[129.423,35.7513],[129.42664,35.75195],[129.42722,35.75247],[129.42748,35.75331],[129.4285,35.75429],[129.42908,35.75511],[129.42944,35.7571],[129.43342,35.76531],[129.43393,35.76603],[129.43024,35.75834],[129.42918,35.75452],[129.42867,35.7539],[129.42775,35.7533],[129.42753,35.75259],[129.42706,35.7519],[129.42648,35.75162],[129.423,35.75105],[129.423,35.75088],[129.42264,35.75078],[129.42143,35.75072],[129.42043,35.75028],[129.41846,35.75158],[129.41837,35.75217],[129.41809,35.75238],[129.41727,35.75161],[129.41628,35.75173],[129.41557,35.75165]]]}},{"type":"Feature","id":"TN_RIVER_BNDRY:WTR0100000001OOXR","properties":{"NF_ID":"WTR0100000001OOXR","admin_code":"47130","source_layer":"TN_RIVER_BNDRY","semantic":"zone","river_class":"소하천","river_class_source":"중심선 공간조인","survey_method":"사진측량"},"geometry":{"type":"Polygon","coordinates":[[[129.48648,35.77189],[129.487,35.77153],[129.48753,35.77157],[129.48782,35.77133],[129.48806,35.77074],[129.48879,35.77081],[129.489,35.77056],[129.48931,35.77079],[129.48967,35.77077],[129.4898,35.7706],[129.48958,35.77035],[129.48968,35.77025],[129.49069,35.77053],[129.49101,35.77015],[129.49209,35.77015],[129.49259,35.76986],[129.49394,35.77015],[129.49272,35.76975],[129.49193,35.77009],[129.49096,35.77006],[129.49069,35.77047],[129.4897,35.7702],[129.48951,35.77032],[129.48966,35.77061],[129.48941,35.77074],[129.48895,35.77049],[129.48879,35.77071],[129.48806,35.77065],[129.4875,35.77152],[129.487,35.77147],[129.48646,35.77187],[129.48576,35.77184],[129.48648,35.77189]]]}},{"type":"Feature","id":"TN_RIVER_BNDRY:WTR0100000001OOYS","properties":{"NF_ID":"WTR0100000001OOYS","admin_code":"47130","source_layer":"TN_RIVER_BNDRY","semantic":"zone","river_class":"소하천","river_class_source":"중심선 공간조인","survey_method":"사진측량"},"geometry":{"type":"Polygon","coordinates":[[[129.46585,35.76143],[129.46591,35.76131],[129.4656,35.76139],[129.4641,35.76123],[129.4634,35.7602],[129.46351,35.76061],[129.46414,35.76135],[129.46585,35.76143]]]}},{"type":"Feature","id":"TN_RIVER_BNDRY:WTR0100000001OOZT","properties":{"NF_ID":"WTR0100000001OOZT","admin_code":"47130","source_layer":"TN_RIVER_BNDRY","semantic":"zone","river_class":"소하천","river_class_source":"중심선 공간조인","survey_method":"사진측량"},"geometry":{"type":"Polygon","coordinates":[[[129.45323,35.76816],[129.45319,35.76814],[129.45311,35.76827],[129.453,35.76844],[129.45291,35.76858],[129.45291,35.76859],[129.45291,35.7686],[129.45292,35.7686],[129.45292,35.7686],[129.45294,35.7686],[129.45295,35.76859],[129.45303,35.76847],[129.45315,35.76829],[129.45322,35.76817],[129.45323,35.76816]]]}},{"type":"Feature","id":"TN_RIVER_BNDRY:WTR0100000001OP0V","properties":{"NF_ID":"WTR0100000001OP0V","admin_code":"47130","source_layer":"TN_RIVER_BNDRY","semantic":"zone","river_class":"소하천","river_class_source":"중심선 공간조인","survey_method":"사진측량"},"geometry":{"type":"Polygon","coordinates":[[[129.45327,35.76808],[129.45329,35.76835],[129.45417,35.76876],[129.45467,35.76928],[129.45514,35.76923],[129.45473,35.76921],[129.45407,35.76864],[129.45332,35.76835],[129.45327,35.76808]]]}},{"type":"Feature","id":"TN_RIVER_BNDRY:WTR0100000001OP1W","properties":{"NF_ID":"WTR0100000001OP1W","admin_code":"47130","source_layer":"TN_RIVER_BNDRY","semantic":"zone","river_class":"소하천","river_class_source":"중심선 공간조인","survey_method":"사진측량"},"geometry":{"type":"Polygon","coordinates":[[[129.45327,35.76808],[129.45324,35.76806],[129.45319,35.76814],[129.45323,35.76816],[129.45327,35.76808]]]}},{"type":"Feature","id":"TN_RIVER_BNDRY:WTR0100000001OP2X","properties":{"NF_ID":"WTR0100000001OP2X","admin_code":"47130","source_layer":"TN_RIVER_BNDRY","semantic":"zone","river_class":"소하천","river_class_source":"중심선 공간조인","survey_method":"사진측량"},"geometry":{"type":"Polygon","coordinates":[[[129.43561,35.76161],[129.43544,35.76121],[129.43567,35.76082],[129.43541,35.76121],[129.43561,35.76161]]]}},{"type":"Feature","id":"TN_RIVER_BNDRY:WTR0100000001OP3Y","properties":{"NF_ID":"WTR0100000001OP3Y","admin_code":"47130","source_layer":"TN_RIVER_BNDRY","semantic":"zone","river_class":"소하천","river_class_source":"중심선 공간조인","survey_method":"사진측량"},"geometry":{"type":"Polygon","coordinates":[[[129.43059,35.76481],[129.43047,35.76477],[129.43045,35.76475],[129.43038,35.76486],[129.43046,35.76491],[129.43059,35.76481]]]}},{"type":"Feature","id":"TN_RIVER_BNDRY:WTR0100000001OP4Z","properties":{"NF_ID":"WTR0100000001OP4Z","admin_code":"47130","source_layer":"TN_RIVER_BNDRY","semantic":"zone","river_class":"소하천","river_class_source":"중심선 공간조인","survey_method":"사진측량"},"geometry":{"type":"Polygon","coordinates":[[[129.46047,35.7622],[129.46088,35.76124],[129.46039,35.76222],[129.46049,35.76284],[129.46152,35.76401],[129.46255,35.76451],[129.46278,35.76516],[129.4636,35.76618],[129.46349,35.7672],[129.4637,35.76781],[129.46357,35.76707],[129.46375,35.76615],[129.46281,35.76506],[129.46261,35.76444],[129.46172,35.76397],[129.4611,35.7634],[129.4606,35.76276],[129.46047,35.7622]]]}},{"type":"Feature","id":"TN_RIVER_BNDRY:WTR0100000001OP50","properties":{"NF_ID":"WTR0100000001OP50","admin_code":"47130","source_layer":"TN_RIVER_BNDRY","semantic":"zone","river_class":"지방하천","river_class_source":"중심선 공간조인","river_name":"대종천","river_code":"2620520","survey_method":"사진측량"},"geometry":{"type":"Polygon","coordinates":[[[129.45234,35.76706],[129.44959,35.76686],[129.44901,35.76721],[129.45066,35.76805],[129.45234,35.76706]]]}},{"type":"Feature","id":"TN_RIVER_BNDRY:WTR0100000001OP61","properties":{"NF_ID":"WTR0100000001OP61","admin_code":"47130","source_layer":"TN_RIVER_BNDRY","semantic":"zone","river_class":"소하천","river_class_source":"중심선 공간조인","survey_method":"사진측량"},"geometry":{"type":"Polygon","coordinates":[[[129.45324,35.76806],[129.45327,35.76808],[129.45328,35.76806],[129.4534,35.76788],[129.45355,35.76765],[129.45372,35.76739],[129.45386,35.76717],[129.45399,35.76694],[129.45405,35.76684],[129.45422,35.76676],[129.45421,35.76673],[129.45404,35.76681],[129.45401,35.76684],[129.45385,35.76711],[129.45372,35.76732],[129.45362,35.76746],[129.45343,35.76776],[129.45326,35.76803],[129.45324,35.76806]]]}},{"type":"Feature","id":"TN_RIVER_BNDRY:WTR0100000001OP72","properties":{"NF_ID":"WTR0100000001OP72","admin_code":"47130","source_layer":"TN_RIVER_BNDRY","semantic":"zone","river_class":"소하천","river_class_source":"중심선 공간조인","survey_method":"사진측량"},"geometry":{"type":"Polygon","coordinates":[[[129.41446,35.75166],[129.41239,35.75119],[129.41143,35.75051],[129.40968,35.75029],[129.40896,35.75038],[129.40842,35.75087],[129.40765,35.75088],[129.40706,35.75107],[129.4063,35.7505],[129.40563,35.7511],[129.40502,35.7508],[129.40356,35.75056],[129.40288,35.75126],[129.40207,35.75097],[129.40143,35.75152],[129.3998,35.75163],[129.3989,35.75204],[129.39855,35.75161],[129.39786,35.7514],[129.39647,35.75203],[129.39644,35.75218],[129.39791,35.75145],[129.3985,35.75164],[129.39865,35.75203],[129.39887,35.75209],[129.39983,35.7517],[129.40137,35.75162],[129.4021,35.75108],[129.40288,35.75132],[129.40348,35.75068],[129.40399,35.75103],[129.40508,35.75094],[129.40566,35.75119],[129.40632,35.75064],[129.40703,35.75118],[129.40765,35.75097],[129.40842,35.75095],[129.40912,35.75052],[129.41109,35.75058],[129.41145,35.7507],[129.41184,35.75131],[129.41287,35.75173],[129.41314,35.75221],[129.41446,35.75166]]]}},{"type":"Feature","id":"TN_RIVER_BNDRY:WTR0100000001OP83","properties":{"NF_ID":"WTR0100000001OP83","admin_code":"47130","source_layer":"TN_RIVER_BNDRY","semantic":"zone","river_class":"소하천","river_class_source":"중심선 공간조인","survey_method":"사진측량"},"geometry":{"type":"Polygon","coordinates":[[[129.44178,35.77826],[129.44137,35.77832],[129.44075,35.77786],[129.44022,35.77767],[129.43792,35.77744],[129.43643,35.77584],[129.43455,35.77501],[129.43464,35.77454],[129.43447,35.77439],[129.43361,35.77421],[129.43316,35.77385],[129.43276,35.7738],[129.43272,35.77294],[129.43229,35.77285],[129.43213,35.77297],[129.43265,35.77311],[129.43264,35.77383],[129.43321,35.77393],[129.43356,35.77426],[129.4343,35.77435],[129.43454,35.77454],[129.43452,35.77506],[129.4351,35.77521],[129.43547,35.77556],[129.43636,35.77587],[129.43777,35.77745],[129.44038,35.77779],[129.44146,35.77852],[129.44163,35.77855],[129.44178,35.77826]]]}},{"type":"Feature","id":"TN_RIVER_BNDRY:WTR0100000001OP94","properties":{"NF_ID":"WTR0100000001OP94","admin_code":"47130","source_layer":"TN_RIVER_BNDRY","semantic":"zone","river_class":"지방하천","river_class_source":"중심선 공간조인","river_name":"대종천","river_code":"2620520","survey_method":"사진측량"},"geometry":{"type":"Polygon","coordinates":[[[129.45066,35.76805],[129.44901,35.76721],[129.44549,35.77031],[129.44381,35.77477],[129.44222,35.77783],[129.44178,35.77826],[129.44334,35.77868],[129.44508,35.77524],[129.44663,35.77153],[129.44758,35.77005],[129.44858,35.76928],[129.45066,35.76805]]]}},{"type":"Feature","id":"TN_RIVER_BNDRY:WTR0100000001OPA5","properties":{"NF_ID":"WTR0100000001OPA5","admin_code":"47130","source_layer":"TN_RIVER_BNDRY","semantic":"zone","river_class":"지방하천","river_class_source":"중심선 공간조인","river_name":"대종천","river_code":"2620520","survey_method":"사진측량"},"geometry":{"type":"Polygon","coordinates":[[[129.40895,35.79348],[129.40935,35.79292],[129.40894,35.79279],[129.40307,35.79227],[129.40275,35.79247],[129.40041,35.79287],[129.4,35.79319],[129.39921,35.79346],[129.39804,35.79366],[129.39788,35.7942],[129.40038,35.79396],[129.40118,35.7935],[129.40435,35.79298],[129.40793,35.79326],[129.40895,35.79348]]]}},{"type":"Feature","id":"TN_RIVER_BNDRY:WTR0100000001OPB6","properties":{"NF_ID":"WTR0100000001OPB6","admin_code":"47130","source_layer":"TN_RIVER_BNDRY","semantic":"zone","river_class":"소하천","river_class_source":"중심선 공간조인","survey_method":"사진측량"},"geometry":{"type":"Polygon","coordinates":[[[129.43496,35.79527],[129.43449,35.79533],[129.43252,35.79477],[129.43161,35.79434],[129.43061,35.79352],[129.42839,35.7912],[129.42729,35.78965],[129.42566,35.7879],[129.42534,35.78732],[129.42375,35.78595],[129.42324,35.78519],[129.42266,35.78486],[129.42168,35.78475],[129.42005,35.7849],[129.41722,35.78467],[129.41639,35.7843],[129.41597,35.78393],[129.41556,35.78266],[129.41471,35.78178],[129.4137,35.78117],[129.41331,35.7805],[129.41224,35.77989],[129.4115,35.77969],[129.41139,35.77937],[129.41095,35.77902],[129.40969,35.77835],[129.40836,35.77716],[129.40778,35.77684],[129.40711,35.77708],[129.40531,35.77734],[129.40351,35.77731],[129.40231,35.77701],[129.40074,35.77735],[129.40025,35.77701],[129.39926,35.77557],[129.39854,35.77498],[129.39686,35.77508],[129.3962,35.77545],[129.39572,35.77605],[129.39459,35.77581],[129.39413,35.77551],[129.3939,35.77587],[129.39428,35.77616],[129.39501,35.77629],[129.39574,35.77622],[129.39662,35.77565],[129.39744,35.77539],[129.3989,35.77557],[129.40017,35.77712],[129.40089,35.77747],[129.40231,35.77715],[129.40436,35.77773],[129.40739,35.77714],[129.40795,35.77727],[129.40889,35.77808],[129.41103,35.77945],[129.41148,35.78017],[129.41264,35.78059],[129.41499,35.7824],[129.41552,35.78335],[129.4156,35.78433],[129.41578,35.78459],[129.41808,35.78527],[129.42218,35.78516],[129.42285,35.78535],[129.43082,35.79433],[129.43144,35.79472],[129.43446,35.79582],[129.43496,35.79527]]]}},{"type":"Feature","id":"TN_RIVER_BNDRY:WTR0100000001OPKF","properties":{"NF_ID":"WTR0100000001OPKF","admin_code":"47130","source_layer":"TN_RIVER_BNDRY","semantic":"zone","river_class":"소하천","river_class_source":"중심선 공간조인","survey_method":"사진측량"},"geometry":{"type":"Polygon","coordinates":[[[129.48856,35.80362],[129.48937,35.80371],[129.48989,35.8033],[129.49036,35.80315],[129.49182,35.80337],[129.49247,35.8029],[129.49309,35.80279],[129.49356,35.80238],[129.49518,35.80218],[129.49576,35.80149],[129.49626,35.80151],[129.49673,35.80108],[129.49757,35.80102],[129.49801,35.80025],[129.499,35.79966],[129.49957,35.80058],[129.49999,35.8008],[129.49919,35.79948],[129.49836,35.79983],[129.49764,35.80056],[129.49754,35.80093],[129.49663,35.80105],[129.4963,35.80137],[129.49572,35.80145],[129.49521,35.80213],[129.49354,35.80232],[129.49313,35.80272],[129.49257,35.8028],[129.4918,35.80333],[129.49021,35.80311],[129.48938,35.80363],[129.48845,35.80359],[129.48789,35.80413],[129.48708,35.80441],[129.48694,35.80487],[129.48591,35.80513],[129.48542,35.80588],[129.48598,35.80516],[129.48707,35.80487],[129.48713,35.80445],[129.48793,35.80418],[129.48856,35.80362]]]}},{"type":"Feature","id":"TN_RIVER_BNDRY:WTR0100000001OPLG","properties":{"NF_ID":"WTR0100000001OPLG","admin_code":"47130","source_layer":"TN_RIVER_BNDRY","semantic":"zone","river_class":"지방하천","river_class_source":"중심선 공간조인","river_name":"호암천","river_code":"2620530","survey_method":"사진측량"},"geometry":{"type":"Polygon","coordinates":[[[129.42947,35.80056],[129.42861,35.80047],[129.42762,35.80148],[129.4245,35.80312],[129.42259,35.80336],[129.41943,35.80416],[129.41706,35.80519],[129.41492,35.80544],[129.41411,35.80609],[129.41137,35.81041],[129.41091,35.81074],[129.41041,35.81074],[129.41083,35.81094],[129.41175,35.81091],[129.41202,35.81005],[129.41337,35.80815],[129.4137,35.80738],[129.41445,35.80625],[129.41495,35.80586],[129.41782,35.80532],[129.42039,35.80423],[129.42447,35.80349],[129.42785,35.80171],[129.4284,35.80119],[129.42947,35.80056]]]}},{"type":"Feature","id":"TN_RIVER_BNDRY:WTR0100000001OPMH","properties":{"NF_ID":"WTR0100000001OPMH","admin_code":"47130","source_layer":"TN_RIVER_BNDRY","semantic":"zone","river_class":"지방하천","river_class_source":"중심선 공간조인","river_name":"호암천","river_code":"2620530","survey_method":"사진측량"},"geometry":{"type":"Polygon","coordinates":[[[129.40382,35.83925],[129.40397,35.83912],[129.40319,35.83848],[129.40228,35.83837],[129.40122,35.83963],[129.40038,35.84027],[129.3989,35.84009],[129.39789,35.84068],[129.39768,35.84112],[129.39709,35.84158],[129.39741,35.84254],[129.39723,35.84289],[129.39662,35.84284],[129.39618,35.84236],[129.39566,35.84253],[129.39511,35.84251],[129.39437,35.84319],[129.3933,35.84348],[129.39279,35.84394],[129.39234,35.84413],[129.39229,35.84466],[129.39185,35.84514],[129.39171,35.84613],[129.39218,35.84657],[129.39132,35.84726],[129.39162,35.84867],[129.39051,35.84908],[129.39023,35.84989],[129.38915,35.85082],[129.38866,35.852],[129.38692,35.85352],[129.38714,35.8546],[129.38754,35.85535],[129.38742,35.856],[129.38825,35.85664],[129.38845,35.85748],[129.38839,35.85651],[129.38755,35.85598],[129.38764,35.85533],[129.38729,35.85467],[129.38701,35.85357],[129.38738,35.85339],[129.38759,35.85297],[129.38898,35.85185],[129.38915,35.85101],[129.39035,35.84995],[129.39056,35.84918],[129.39147,35.84891],[129.39179,35.84863],[129.39144,35.84724],[129.39236,35.84659],[129.39231,35.84639],[129.39185,35.84612],[129.39195,35.84518],[129.39238,35.84473],[129.39244,35.84418],[129.39286,35.84402],[129.39331,35.84358],[129.39445,35.84328],[129.39513,35.84262],[129.3957,35.84263],[129.39621,35.84245],[129.3966,35.84296],[129.39735,35.84299],[129.39757,35.84242],[129.3972,35.84153],[129.39779,35.84118],[129.39792,35.84084],[129.39854,35.8404],[129.39908,35.84025],[129.4,35.84043],[129.40052,35.84033],[129.4013,35.83971],[129.40233,35.83843],[129.40311,35.83857],[129.40382,35.83925]]]}},{"type":"Feature","id":"TN_RIVER_BNDRY:WTR0100000001OPNI","properties":{"NF_ID":"WTR0100000001OPNI","admin_code":"47130","source_layer":"TN_RIVER_BNDRY","semantic":"zone","river_class":"소하천","river_class_source":"중심선 공간조인","survey_method":"사진측량"},"geometry":{"type":"Polygon","coordinates":[[[129.41215,35.83503],[129.41179,35.83463],[129.41158,35.83397],[129.41166,35.83297],[129.41142,35.83228],[129.41147,35.83155],[129.41162,35.8313],[129.41333,35.83008],[129.41341,35.82957],[129.41408,35.82872],[129.4143,35.82769],[129.41463,35.82743],[129.41632,35.82681],[129.41608,35.82652],[129.41577,35.82689],[129.4146,35.82731],[129.41422,35.82759],[129.414,35.82794],[129.41397,35.82857],[129.41322,35.82955],[129.413,35.8301],[129.41131,35.83149],[129.41123,35.83202],[129.41147,35.833],[129.4113,35.83413],[129.41173,35.83491],[129.41209,35.83521],[129.41215,35.83503]]]}},{"type":"Feature","id":"TN_RIVER_BNDRY:WTR0100000001OPOJ","properties":{"NF_ID":"WTR0100000001OPOJ","admin_code":"47130","source_layer":"TN_RIVER_BNDRY","semantic":"zone","river_class":"소하천","river_class_source":"중심선 공간조인","survey_method":"사진측량"},"geometry":{"type":"Polygon","coordinates":[[[129.4165,35.82678],[129.41635,35.8264],[129.41608,35.82652],[129.41632,35.82681],[129.4165,35.82678]]]}},{"type":"Feature","id":"TN_RIVER_BNDRY:WTR0100000001OPPK","properties":{"NF_ID":"WTR0100000001OPPK","admin_code":"47130","source_layer":"TN_RIVER_BNDRY","semantic":"zone","river_class":"소하천","river_class_source":"중심선 공간조인","survey_method":"사진측량"},"geometry":{"type":"Polygon","coordinates":[[[129.4165,35.82678],[129.41632,35.82681],[129.41645,35.827],[129.4165,35.82678]]]}},{"type":"Feature","id":"TN_RIVER_BNDRY:WTR0100000001OPQL","properties":{"NF_ID":"WTR0100000001OPQL","admin_code":"47130","source_layer":"TN_RIVER_BNDRY","semantic":"zone","river_class":"소하천","river_class_source":"중심선 공간조인","survey_method":"사진측량"},"geometry":{"type":"Polygon","coordinates":[[[129.43478,35.80991],[129.43422,35.80973],[129.43421,35.81016],[129.43458,35.81029],[129.43478,35.80991]]]}},{"type":"Feature","id":"TN_RIVER_BNDRY:WTR0100000001OPRM","properties":{"NF_ID":"WTR0100000001OPRM","admin_code":"47130","source_layer":"TN_RIVER_BNDRY","semantic":"zone","river_class":"소하천","river_class_source":"중심선 공간조인","survey_method":"사진측량"},"geometry":{"type":"Polygon","coordinates":[[[129.43368,35.80615],[129.43304,35.80677],[129.43334,35.80679],[129.43364,35.80746],[129.43422,35.80973],[129.43478,35.80991],[129.43357,35.80671],[129.43368,35.80615]]]}},{"type":"Feature","id":"TN_RIVER_BNDRY:WTR0100000001OPSN","properties":{"NF_ID":"WTR0100000001OPSN","admin_code":"47130","source_layer":"TN_RIVER_BNDRY","semantic":"zone","river_class":"소하천","river_class_source":"중심선 공간조인","survey_method":"사진측량"},"geometry":{"type":"Polygon","coordinates":[[[129.43887,35.82052],[129.43876,35.81976],[129.43896,35.81812],[129.43884,35.81756],[129.43809,35.81609],[129.43543,35.81299],[129.43441,35.8111],[129.43458,35.81029],[129.43421,35.81016],[129.4342,35.81144],[129.43474,35.81251],[129.43733,35.81571],[129.43848,35.81773],[129.43861,35.81817],[129.43849,35.82054],[129.43887,35.82052]]]}},{"type":"Feature","id":"TN_RIVER_BNDRY:WTR0100000001OPTO","properties":{"NF_ID":"WTR0100000001OPTO","admin_code":"47130","source_layer":"TN_RIVER_BNDRY","semantic":"zone","river_class":"소하천","river_class_source":"중심선 공간조인","survey_method":"사진측량"},"geometry":{"type":"Polygon","coordinates":[[[129.41635,35.8264],[129.41552,35.82566],[129.41555,35.82498],[129.41701,35.82333],[129.41816,35.82124],[129.41967,35.8199],[129.42116,35.81739],[129.42268,35.8164],[129.42353,35.81566],[129.42652,35.81404],[129.42724,35.81347],[129.42792,35.81313],[129.42851,35.81307],[129.42873,35.81231],[129.42672,35.81357],[129.42421,35.81482],[129.42069,35.81759],[129.41962,35.81972],[129.41784,35.82134],[129.41663,35.82344],[129.41549,35.82434],[129.41518,35.8248],[129.41525,35.82579],[129.41608,35.82652],[129.41635,35.8264]]]}},{"type":"Feature","id":"TN_RIVER_BNDRY:WTR0100000001OPUP","properties":{"NF_ID":"WTR0100000001OPUP","admin_code":"47130","source_layer":"TN_RIVER_BNDRY","semantic":"zone","river_class":"소하천","river_class_source":"중심선 공간조인","survey_method":"사진측량"},"geometry":{"type":"Polygon","coordinates":[[[129.43887,35.82052],[129.43898,35.82103],[129.44054,35.82081],[129.44221,35.82114],[129.44487,35.821],[129.44766,35.82409],[129.44797,35.82419],[129.44835,35.82415],[129.44854,35.8239],[129.44949,35.82395],[129.44895,35.8237],[129.44838,35.82375],[129.44802,35.82395],[129.44785,35.82388],[129.44624,35.82215],[129.44573,35.82182],[129.44501,35.82087],[129.44281,35.821],[129.44074,35.82056],[129.43948,35.82078],[129.43887,35.82052]]]}},{"type":"Feature","id":"TN_RIVER_BNDRY:WTR0100000001OPVQ","properties":{"NF_ID":"WTR0100000001OPVQ","admin_code":"47130","source_layer":"TN_RIVER_BNDRY","semantic":"zone","river_class":"소하천","river_class_source":"중심선 공간조인","survey_method":"사진측량"},"geometry":{"type":"Polygon","coordinates":[[[129.41108,35.84085],[129.41156,35.84104],[129.41171,35.84158],[129.4123,35.84196],[129.41215,35.84277],[129.41271,35.84307],[129.41236,35.84343],[129.41225,35.84382],[129.41227,35.84411],[129.41274,35.8444],[129.41258,35.84509],[129.41287,35.84436],[129.41247,35.84413],[129.41237,35.84385],[129.41282,35.84302],[129.41231,35.84274],[129.4124,35.84189],[129.41177,35.84152],[129.41157,35.84094],[129.41108,35.84085]]]}},{"type":"Feature","id":"TN_RIVER_BNDRY:WTR0100000001OPWR","properties":{"NF_ID":"WTR0100000001OPWR","admin_code":"47130","source_layer":"TN_RIVER_BNDRY","semantic":"zone","river_class":"소하천","river_class_source":"중심선 공간조인","survey_method":"사진측량"},"geometry":{"type":"Polygon","coordinates":[[[129.41108,35.84085],[129.41106,35.84084],[129.41101,35.84082],[129.411,35.84082],[129.41099,35.84082],[129.41099,35.84081],[129.41097,35.84079],[129.41093,35.84089],[129.41104,35.84092],[129.41108,35.84085]]]}},{"type":"Feature","id":"TN_RIVER_BNDRY:WTR0100000001OPXS","properties":{"NF_ID":"WTR0100000001OPXS","admin_code":"47130","source_layer":"TN_RIVER_BNDRY","semantic":"zone","river_class":"소하천","river_class_source":"중심선 공간조인","survey_method":"사진측량"},"geometry":{"type":"Polygon","coordinates":[[[129.41104,35.84092],[129.41093,35.84089],[129.41091,35.84118],[129.41039,35.84169],[129.41071,35.84158],[129.41104,35.84092]]]}},{"type":"Feature","id":"TN_RIVER_BNDRY:WTR0100000001OPYT","properties":{"NF_ID":"WTR0100000001OPYT","admin_code":"47130","source_layer":"TN_RIVER_BNDRY","semantic":"zone","river_class":"지방하천","river_class_source":"중심선 공간조인","river_name":"호암천","river_code":"2620530","survey_method":"사진측량"},"geometry":{"type":"Polygon","coordinates":[[[129.40411,35.83926],[129.40397,35.83912],[129.40382,35.83925],[129.40411,35.83926]]]}},{"type":"Feature","id":"TN_RIVER_BNDRY:WTR0100000001OPZU","properties":{"NF_ID":"WTR0100000001OPZU","admin_code":"47130","source_layer":"TN_RIVER_BNDRY","semantic":"zone","river_class":"소하천","river_class_source":"중심선 공간조인","survey_method":"사진측량"},"geometry":{"type":"Polygon","coordinates":[[[129.40391,35.83931],[129.403,35.83965],[129.40272,35.83991],[129.40271,35.84018],[129.40313,35.84057],[129.40293,35.84088],[129.40332,35.84058],[129.40286,35.8401],[129.40287,35.83992],[129.40327,35.83962],[129.40387,35.83945],[129.40391,35.83931]]]}},{"type":"Feature","id":"TN_RIVER_BNDRY:WTR0100000001OQ0W","properties":{"NF_ID":"WTR0100000001OQ0W","admin_code":"47130","source_layer":"TN_RIVER_BNDRY","semantic":"zone","river_class":"소하천","river_class_source":"중심선 공간조인","survey_method":"사진측량"},"geometry":{"type":"Polygon","coordinates":[[[129.41226,35.83508],[129.41215,35.83503],[129.41209,35.83521],[129.4122,35.83526],[129.41226,35.83508]]]}},{"type":"Feature","id":"TN_RIVER_BNDRY:WTR0100000001OQ1X","properties":{"NF_ID":"WTR0100000001OQ1X","admin_code":"47130","source_layer":"TN_RIVER_BNDRY","semantic":"zone","river_class":"소하천","river_class_source":"중심선 공간조인","survey_method":"사진측량"},"geometry":{"type":"Polygon","coordinates":[[[129.41097,35.84079],[129.41094,35.84042],[129.4113,35.83971],[129.41218,35.8387],[129.41188,35.83809],[129.41223,35.83713],[129.41147,35.83636],[129.41153,35.83605],[129.41201,35.83579],[129.4122,35.83526],[129.41209,35.83521],[129.41196,35.83572],[129.41145,35.836],[129.41133,35.83646],[129.41213,35.83717],[129.41171,35.83814],[129.41203,35.83871],[129.41126,35.83956],[129.41084,35.84051],[129.41085,35.84079],[129.41093,35.84089],[129.41097,35.84079]]]}},{"type":"Feature","id":"TN_RIVER_BNDRY:WTR0100000001OQ2Y","properties":{"NF_ID":"WTR0100000001OQ2Y","admin_code":"47130","source_layer":"TN_RIVER_BNDRY","semantic":"zone","river_class":"지방하천","river_class_source":"중심선 공간조인","river_name":"호암천","river_code":"2620530","survey_method":"사진측량"},"geometry":{"type":"Polygon","coordinates":[[[129.41083,35.81094],[129.41041,35.81074],[129.40992,35.81086],[129.41026,35.81106],[129.41083,35.81094]]]}},{"type":"Feature","id":"TN_RIVER_BNDRY:WTR0100000001OQ3Z","properties":{"NF_ID":"WTR0100000001OQ3Z","admin_code":"47130","source_layer":"TN_RIVER_BNDRY","semantic":"zone","river_class":"소하천","river_class_source":"중심선 공간조인","survey_method":"사진측량"},"geometry":{"type":"Polygon","coordinates":[[[129.43898,35.82103],[129.43887,35.82052],[129.43849,35.82054],[129.43861,35.82105],[129.43898,35.82103]]]}},{"type":"Feature","id":"TN_RIVER_BNDRY:WTR0100000001OQ40","properties":{"NF_ID":"WTR0100000001OQ40","admin_code":"47130","source_layer":"TN_RIVER_BNDRY","semantic":"zone","river_class":"지방하천","river_class_source":"중심선 공간조인","river_name":"용동천","river_code":"2022810","survey_method":"사진측량"},"geometry":{"type":"Polygon","coordinates":[[[129.42932,35.81244],[129.42873,35.81231],[129.42851,35.81307],[129.42891,35.81312],[129.42932,35.81244]]]}},{"type":"Feature","id":"TN_RIVER_BNDRY:WTR0100000001OQ51","properties":{"NF_ID":"WTR0100000001OQ51","admin_code":"47130","source_layer":"TN_RIVER_BNDRY","semantic":"zone","river_class":"지방하천","river_class_source":"중심선 공간조인","river_name":"용동천","river_code":"2022810","survey_method":"사진측량"},"geometry":{"type":"Polygon","coordinates":[[[129.43304,35.80677],[129.4326,35.80641],[129.43141,35.80696],[129.43072,35.80756],[129.42989,35.80914],[129.42974,35.81022],[129.4292,35.81164],[129.42873,35.81231],[129.42932,35.81244],[129.42954,35.81209],[129.43059,35.80998],[129.43061,35.8092],[129.4309,35.80861],[129.43179,35.80767],[129.43304,35.80677]]]}},{"type":"Feature","id":"TN_RIVER_BNDRY:WTR0100000001OQ62","properties":{"NF_ID":"WTR0100000001OQ62","admin_code":"47130","source_layer":"TN_RIVER_BNDRY","semantic":"zone","river_class":"지방하천","river_class_source":"중심선 공간조인","river_name":"용동천","river_code":"2022810","survey_method":"사진측량"},"geometry":{"type":"Polygon","coordinates":[[[129.43368,35.80615],[129.43316,35.80578],[129.4326,35.80641],[129.43304,35.80677],[129.43368,35.80615]]]}},{"type":"Feature","id":"TN_RIVER_BNDRY:WTR0100000001OQ73","properties":{"NF_ID":"WTR0100000001OQ73","admin_code":"47130","source_layer":"TN_RIVER_BNDRY","semantic":"zone","river_class":"지방하천","river_class_source":"중심선 공간조인","river_name":"용동천","river_code":"2022810","survey_method":"사진측량"},"geometry":{"type":"Polygon","coordinates":[[[129.43283,35.79953],[129.43225,35.79888],[129.43186,35.79924],[129.43143,35.79934],[129.43199,35.8],[129.43283,35.79953]]]}},{"type":"Feature","id":"TN_RIVER_BNDRY:WTR0100000001OQ84","properties":{"NF_ID":"WTR0100000001OQ84","admin_code":"47130","source_layer":"TN_RIVER_BNDRY","semantic":"zone","river_class":"지방하천","river_class_source":"중심선 공간조인","river_name":"호암천","river_code":"2620530","survey_method":"사진측량"},"geometry":{"type":"Polygon","coordinates":[[[129.42982,35.79974],[129.42893,35.79978],[129.42896,35.8],[129.42861,35.80047],[129.42947,35.80056],[129.42985,35.8],[129.42982,35.79974]]]}},{"type":"Feature","id":"TN_RIVER_BNDRY:WTR0100000001OQ95","properties":{"NF_ID":"WTR0100000001OQ95","admin_code":"47130","source_layer":"TN_RIVER_BNDRY","semantic":"zone","river_class":"지방하천","river_class_source":"중심선 공간조인","river_name":"용동천","river_code":"2022810","survey_method":"사진측량"},"geometry":{"type":"Polygon","coordinates":[[[129.43283,35.79953],[129.43199,35.8],[129.43207,35.80183],[129.43235,35.80276],[129.43352,35.8048],[129.43337,35.80487],[129.43333,35.80557],[129.43316,35.80578],[129.43368,35.80615],[129.43422,35.8046],[129.43284,35.80274],[129.43251,35.80192],[129.43283,35.79953]]]}},{"type":"Feature","id":"TN_RIVER_BNDRY:WTR0100000001OQA6","properties":{"NF_ID":"WTR0100000001OQA6","admin_code":"47130","source_layer":"TN_RIVER_BNDRY","semantic":"zone","river_class":"지방하천","river_class_source":"중심선 공간조인","river_name":"대종천","river_code":"2620520","survey_method":"사진측량"},"geometry":{"type":"Polygon","coordinates":[[[129.43199,35.8],[129.43143,35.79934],[129.42982,35.79974],[129.42985,35.8],[129.42947,35.80056],[129.43199,35.8]]]}},{"type":"Feature","id":"TN_RIVER_BNDRY:WTR0100000001OQB7","properties":{"NF_ID":"WTR0100000001OQB7","admin_code":"47130","source_layer":"TN_RIVER_BNDRY","semantic":"zone","river_class":"소하천","river_class_source":"중심선 공간조인","survey_method":"사진측량"},"geometry":{"type":"Polygon","coordinates":[[[129.43478,35.80991],[129.43458,35.81029],[129.43491,35.81041],[129.43574,35.81022],[129.43513,35.8104],[129.43478,35.80991]]]}},{"type":"Feature","id":"TN_RIVER_BNDRY:WTR0100000001OQC8","properties":{"NF_ID":"WTR0100000001OQC8","admin_code":"47130","source_layer":"TN_RIVER_BNDRY","semantic":"zone","river_class":"소하천","river_class_source":"중심선 공간조인","survey_method":"사진측량"},"geometry":{"type":"Polygon","coordinates":[[[129.49801,35.80543],[129.49851,35.80465],[129.49826,35.80481],[129.49799,35.80539],[129.49759,35.80539],[129.49801,35.80543]]]}},{"type":"Feature","id":"TN_RIVER_BNDRY:WTR0100000001OQD9","properties":{"NF_ID":"WTR0100000001OQD9","admin_code":"47130","source_layer":"TN_RIVER_BNDRY","semantic":"zone","river_class":"소하천","river_class_source":"중심선 공간조인","survey_method":"사진측량"},"geometry":{"type":"Polygon","coordinates":[[[129.4958,35.80631],[129.4961,35.80635],[129.49649,35.80598],[129.49684,35.80614],[129.49717,35.80581],[129.49681,35.8061],[129.49647,35.80593],[129.49608,35.80631],[129.4958,35.80626],[129.49544,35.80644],[129.49535,35.807],[129.49545,35.80651],[129.4958,35.80631]]]}},{"type":"Feature","id":"TN_RIVER_BNDRY:WTR0100000001OQEA","properties":{"NF_ID":"WTR0100000001OQEA","admin_code":"47130","source_layer":"TN_RIVER_BNDRY","semantic":"zone","river_class":"지방하천","river_class_source":"중심선 공간조인","river_name":"호암천","river_code":"2620530","survey_method":"사진측량"},"geometry":{"type":"Polygon","coordinates":[[[129.41026,35.81106],[129.40992,35.81086],[129.40936,35.8118],[129.40926,35.81235],[129.40947,35.81297],[129.41099,35.81522],[129.41085,35.81573],[129.41026,35.81667],[129.40887,35.81795],[129.40857,35.8185],[129.40862,35.81905],[129.40931,35.82016],[129.40935,35.82073],[129.40867,35.82169],[129.40808,35.82427],[129.40729,35.82543],[129.40733,35.82584],[129.40804,35.82719],[129.40782,35.8274],[129.40626,35.82792],[129.40567,35.82835],[129.40547,35.8287],[129.40537,35.83013],[129.40655,35.83137],[129.4067,35.83199],[129.40642,35.83255],[129.40451,35.83356],[129.40418,35.8339],[129.40477,35.83551],[129.40411,35.83676],[129.40403,35.83734],[129.4042,35.83759],[129.40487,35.83778],[129.404,35.83881],[129.40411,35.83926],[129.40457,35.83898],[129.40448,35.83849],[129.40515,35.83775],[129.40497,35.83755],[129.40443,35.83746],[129.40435,35.83729],[129.40435,35.837],[129.40496,35.83608],[129.40504,35.8356],[129.40443,35.83391],[129.40517,35.83329],[129.40658,35.83256],[129.40689,35.83162],[129.40677,35.83125],[129.40579,35.83051],[129.40554,35.83015],[129.40541,35.82968],[129.40558,35.82888],[129.4058,35.82842],[129.4063,35.82807],[129.40774,35.82759],[129.40823,35.82724],[129.40745,35.82559],[129.40812,35.82456],[129.40878,35.82192],[129.40949,35.82066],[129.40945,35.82013],[129.40873,35.81899],[129.40867,35.81857],[129.40898,35.81801],[129.4103,35.81694],[129.41122,35.8155],[129.41116,35.81482],[129.4095,35.81251],[129.40955,35.81186],[129.41026,35.81106]]]}},{"type":"Feature","id":"TN_RIVER_BNDRY:WTR0100000001OTFE","properties":{"NF_ID":"WTR0100000001OTFE","admin_code":"47130","source_layer":"TN_RIVER_BNDRY","semantic":"zone","river_class":"소하천","river_class_source":"중심선 공간조인","survey_method":"사진측량"},"geometry":{"type":"Polygon","coordinates":[[[129.26522,35.87197],[129.26461,35.87156],[129.26364,35.87146],[129.26465,35.87162],[129.26522,35.87197]]]}},{"type":"Feature","id":"TN_RIVER_BNDRY:WTR0100000001OTGF","properties":{"NF_ID":"WTR0100000001OTGF","admin_code":"47130","source_layer":"TN_RIVER_BNDRY","semantic":"zone","river_class":"소하천","river_class_source":"중심선 공간조인","survey_method":"사진측량"},"geometry":{"type":"Polygon","coordinates":[[[129.27469,35.86999],[129.27447,35.86974],[129.27365,35.86963],[129.27296,35.86933],[129.2723,35.86932],[129.27173,35.8687],[129.27108,35.86858],[129.26902,35.86994],[129.26723,35.8705],[129.26522,35.87197],[129.26559,35.87187],[129.26727,35.87056],[129.26903,35.87004],[129.27109,35.86867],[129.27175,35.8688],[129.27223,35.8694],[129.27291,35.86941],[129.27469,35.86999]]]}},{"type":"Feature","id":"TN_RIVER_BNDRY:WTR0100000001OTHG","properties":{"NF_ID":"WTR0100000001OTHG","admin_code":"47130","source_layer":"TN_RIVER_BNDRY","semantic":"zone","river_class":"소하천","river_class_source":"중심선 공간조인","survey_method":"사진측량"},"geometry":{"type":"Polygon","coordinates":[[[129.26298,35.86011],[129.26393,35.85809],[129.26392,35.8571],[129.26383,35.85808],[129.26298,35.86011]]]}},{"type":"Feature","id":"TN_RIVER_BNDRY:WTR0100000001OTIH","properties":{"NF_ID":"WTR0100000001OTIH","admin_code":"47130","source_layer":"TN_RIVER_BNDRY","semantic":"zone","river_class":"지방하천","river_class_source":"중심선 공간조인","river_name":"신당천","river_code":"2023940","survey_method":"사진측량"},"geometry":{"type":"Polygon","coordinates":[[[129.27658,35.86691],[129.27726,35.86561],[129.27771,35.86528],[129.27867,35.86531],[129.28098,35.86571],[129.2828,35.86554],[129.28331,35.86502],[129.28592,35.86364],[129.28677,35.8629],[129.28707,35.86209],[129.28706,35.86102],[129.28757,35.85967],[129.28771,35.85854],[129.28887,35.85851],[129.28917,35.85838],[129.28928,35.85781],[129.28916,35.85735],[129.28962,35.85669],[129.29016,35.85647],[129.29025,35.85615],[129.29179,35.8561],[129.29199,35.85584],[129.29181,35.85602],[129.29031,35.85601],[129.28999,35.85649],[129.28951,35.85663],[129.28916,35.85713],[129.28909,35.85837],[129.28758,35.85849],[129.28711,35.86052],[129.28666,35.86119],[129.28681,35.86197],[129.2865,35.86278],[129.28616,35.86315],[129.28543,35.86364],[129.28376,35.86421],[129.28251,35.86542],[129.28007,35.86553],[129.27861,35.86519],[129.27769,35.86518],[129.27714,35.86552],[129.27683,35.86622],[129.27667,35.86606],[129.27666,35.86654],[129.27618,35.86694],[129.27658,35.86691]]]}},{"type":"Feature","id":"TN_RIVER_BNDRY:WTR0100000001OTJI","properties":{"NF_ID":"WTR0100000001OTJI","admin_code":"47130","source_layer":"TN_RIVER_BNDRY","semantic":"zone","river_class":"소하천","river_class_source":"중심선 공간조인","survey_method":"사진측량"},"geometry":{"type":"Polygon","coordinates":[[[129.31737,35.83294],[129.31611,35.8343],[129.31801,35.83424],[129.31879,35.83473],[129.31919,35.83482],[129.31965,35.83469],[129.32002,35.83498],[129.32053,35.8349],[129.32168,35.83546],[129.32257,35.83553],[129.32293,35.83596],[129.32398,35.83633],[129.32436,35.83614],[129.324,35.83628],[129.323,35.83591],[129.32267,35.83544],[129.32162,35.83533],[129.32029,35.83433],[129.31929,35.83397],[129.31861,35.83352],[129.31794,35.83334],[129.31737,35.83294]]]}},{"type":"Feature","id":"TN_RIVER_BNDRY:WTR0100000001OTKJ","properties":{"NF_ID":"WTR0100000001OTKJ","admin_code":"47130","source_layer":"TN_RIVER_BNDRY","semantic":"zone","river_class":"소하천","river_class_source":"중심선 공간조인","survey_method":"사진측량"},"geometry":{"type":"Polygon","coordinates":[[[129.28234,35.89748],[129.28219,35.89746],[129.28249,35.89797],[129.28341,35.89854],[129.28415,35.89928],[129.28576,35.89938],[129.28596,35.90042],[129.28712,35.90085],[129.28846,35.90165],[129.28872,35.90185],[129.28897,35.90253],[129.29001,35.90311],[129.2908,35.90385],[129.29203,35.90383],[129.29275,35.90427],[129.29344,35.90521],[129.29422,35.90523],[129.29455,35.9054],[129.29508,35.90637],[129.29604,35.90752],[129.29632,35.90737],[129.29823,35.90773],[129.29896,35.9077],[129.29921,35.90791],[129.2992,35.9077],[129.29992,35.9074],[129.29948,35.90741],[129.29934,35.90722],[129.29865,35.90701],[129.29809,35.90652],[129.29766,35.90638],[129.29682,35.90652],[129.29585,35.90728],[129.2945,35.9053],[129.29417,35.90514],[129.29345,35.90511],[129.29267,35.90397],[129.29192,35.90368],[129.29106,35.90362],[129.28921,35.90257],[129.28879,35.90176],[129.28716,35.90078],[129.28608,35.90037],[129.2859,35.89935],[129.28428,35.89919],[129.28257,35.89786],[129.28234,35.89748]]]}},{"type":"Feature","id":"TN_RIVER_BNDRY:WTR0100000001OTLK","properties":{"NF_ID":"WTR0100000001OTLK","admin_code":"47130","source_layer":"TN_RIVER_BNDRY","semantic":"zone","river_class":"소하천","river_class_source":"중심선 공간조인","survey_method":"사진측량"},"geometry":{"type":"Polygon","coordinates":[[[129.26005,35.84794],[129.25955,35.8479],[129.26043,35.84948],[129.26142,35.85008],[129.26287,35.85048],[129.26367,35.8512],[129.26378,35.85349],[129.26393,35.8537],[129.26462,35.85384],[129.26412,35.8552],[129.26398,35.85707],[129.2642,35.85522],[129.2647,35.85382],[129.26407,35.85363],[129.26387,35.85339],[129.26381,35.85108],[129.26299,35.85041],[129.26163,35.85],[129.26062,35.8494],[129.26001,35.84844],[129.25992,35.84803],[129.26005,35.84794]]]}},{"type":"Feature","id":"TN_RIVER_BNDRY:WTR0100000001OTML","properties":{"NF_ID":"WTR0100000001OTML","admin_code":"47130","source_layer":"TN_RIVER_BNDRY","semantic":"zone","river_class":"소하천","river_class_source":"중심선 공간조인","survey_method":"사진측량"},"geometry":{"type":"Polygon","coordinates":[[[129.32532,35.87652],[129.325,35.87647],[129.32563,35.8777],[129.32724,35.87869],[129.32716,35.87914],[129.32684,35.87945],[129.32625,35.8807],[129.32615,35.88152],[129.3267,35.88297],[129.32723,35.88364],[129.32708,35.88473],[129.32733,35.88498],[129.32809,35.88529],[129.32867,35.88603],[129.32927,35.8863],[129.32949,35.88706],[129.33002,35.88744],[129.32994,35.88859],[129.33061,35.88938],[129.32979,35.89024],[129.32971,35.89061],[129.33019,35.89131],[129.33031,35.892],[129.33015,35.89228],[129.3295,35.89252],[129.32828,35.89234],[129.32785,35.89283],[129.32715,35.89293],[129.32651,35.89342],[129.32615,35.89286],[129.32547,35.89284],[129.32459,35.89334],[129.32433,35.89393],[129.3235,35.89387],[129.32335,35.89428],[129.32356,35.89469],[129.32315,35.89521],[129.323,35.89633],[129.32253,35.8969],[129.32274,35.8983],[129.32257,35.89895],[129.32269,35.8991],[129.32267,35.89855],[129.32286,35.89832],[129.32263,35.89696],[129.32314,35.89624],[129.32324,35.89538],[129.32365,35.89468],[129.32349,35.89444],[129.32356,35.89394],[129.32443,35.89399],[129.32475,35.89331],[129.32547,35.89298],[129.32604,35.89293],[129.32619,35.89341],[129.32654,35.89357],[129.32712,35.89309],[129.32791,35.89288],[129.32827,35.89247],[129.32954,35.89257],[129.3303,35.89226],[129.33038,35.89174],[129.33005,35.8907],[129.33007,35.89019],[129.33062,35.88967],[129.33071,35.88931],[129.33008,35.8884],[129.33042,35.88733],[129.33099,35.88731],[129.3308,35.88717],[129.32969,35.88711],[129.32943,35.88617],[129.32867,35.88592],[129.32816,35.88522],[129.32751,35.88495],[129.32735,35.88355],[129.32659,35.88246],[129.32624,35.88134],[129.32678,35.87985],[129.32751,35.87891],[129.32753,35.8786],[129.32564,35.87752],[129.32532,35.87652]]]}},{"type":"Feature","id":"TN_RIVER_BNDRY:WTR0100000001OTNM","properties":{"NF_ID":"WTR0100000001OTNM","admin_code":"47130","source_layer":"TN_RIVER_BNDRY","semantic":"zone","river_class":"소하천","river_class_source":"중심선 공간조인","survey_method":"사진측량"},"geometry":{"type":"Polygon","coordinates":[[[129.36915,35.8274],[129.3691,35.82782],[129.36933,35.8282],[129.36923,35.82901],[129.36902,35.8293],[129.36938,35.82944],[129.3691,35.82926],[129.36929,35.82904],[129.36942,35.82829],[129.36915,35.8274]]]}},{"type":"Feature","id":"TN_RIVER_BNDRY:WTR0100000001OTON","properties":{"NF_ID":"WTR0100000001OTON","admin_code":"47130","source_layer":"TN_RIVER_BNDRY","semantic":"zone","river_class":"소하천","river_class_source":"중심선 공간조인","survey_method":"사진측량"},"geometry":{"type":"Polygon","coordinates":[[[129.2652,35.87207],[129.26449,35.87224],[129.26302,35.87208],[129.26261,35.87314],[129.26165,35.87298],[129.26019,35.87355],[129.26012,35.87381],[129.26043,35.87445],[129.25992,35.87484],[129.25931,35.87579],[129.25907,35.87569],[129.25811,35.87605],[129.25768,35.87561],[129.25722,35.87541],[129.25685,35.87584],[129.25601,35.87625],[129.25529,35.8762],[129.25494,35.87601],[129.25449,35.87617],[129.2549,35.87605],[129.25527,35.87625],[129.25602,35.87629],[129.25734,35.87551],[129.2581,35.8761],[129.25903,35.87575],[129.25932,35.87591],[129.26,35.87482],[129.26049,35.87447],[129.26021,35.87382],[129.26027,35.87359],[129.26108,35.87338],[129.26164,35.87305],[129.26222,35.87324],[129.26262,35.87321],[129.26305,35.87224],[129.2644,35.87231],[129.2652,35.87207]]]}},{"type":"Feature","id":"TN_RIVER_BNDRY:WTR0100000001OTPO","properties":{"NF_ID":"WTR0100000001OTPO","admin_code":"47130","source_layer":"TN_RIVER_BNDRY","semantic":"zone","river_class":"소하천","river_class_source":"중심선 공간조인","survey_method":"사진측량"},"geometry":{"type":"Polygon","coordinates":[[[129.26531,35.87203],[129.26522,35.87197],[129.26515,35.87201],[129.26516,35.87203],[129.26516,35.87203],[129.26516,35.87203],[129.26513,35.87203],[129.2652,35.87207],[129.26531,35.87203]]]}},{"type":"Feature","id":"TN_RIVER_BNDRY:WTR0100000001OTQP","properties":{"NF_ID":"WTR0100000001OTQP","admin_code":"47130","source_layer":"TN_RIVER_BNDRY","semantic":"zone","river_class":"소하천","river_class_source":"중심선 공간조인","survey_method":"사진측량"},"geometry":{"type":"Polygon","coordinates":[[[129.29404,35.88526],[129.29348,35.88541],[129.29322,35.88583],[129.29164,35.88563],[129.29014,35.8861],[129.28916,35.88602],[129.28807,35.88629],[129.28471,35.88575],[129.28393,35.88531],[129.28239,35.88518],[129.28197,35.88523],[129.28116,35.88586],[129.28027,35.88524],[129.27918,35.88525],[129.27804,35.88488],[129.27689,35.88497],[129.27619,35.88443],[129.27515,35.88408],[129.27274,35.88419],[129.2719,35.88366],[129.2707,35.88361],[129.26999,35.88322],[129.26943,35.88311],[129.26827,35.88321],[129.26773,35.88303],[129.26691,35.88304],[129.26674,35.88337],[129.26756,35.88318],[129.26825,35.88333],[129.26933,35.8832],[129.27004,35.88335],[129.27066,35.88371],[129.27172,35.8837],[129.27268,35.88432],[129.27523,35.88419],[129.27603,35.88445],[129.27676,35.88502],[129.27823,35.885],[129.27924,35.88549],[129.28018,35.88532],[129.28112,35.88595],[129.28222,35.8853],[129.28384,35.88539],[129.28463,35.88583],[129.28801,35.88639],[129.289,35.88612],[129.29011,35.88618],[129.29076,35.88587],[129.29161,35.88569],[129.29323,35.88591],[129.2937,35.88541],[129.29404,35.88526]]]}},{"type":"Feature","id":"TN_RIVER_BNDRY:WTR0100000001OTRQ","properties":{"NF_ID":"WTR0100000001OTRQ","admin_code":"47130","source_layer":"TN_RIVER_BNDRY","semantic":"zone","river_class":"소하천","river_class_source":"중심선 공간조인","survey_method":"사진측량"},"geometry":{"type":"Polygon","coordinates":[[[129.26187,35.92348],[129.2617,35.92331],[129.26168,35.9236],[129.26187,35.92348]]]}},{"type":"Feature","id":"TN_RIVER_BNDRY:WTR0100000001OTSR","properties":{"NF_ID":"WTR0100000001OTSR","admin_code":"47130","source_layer":"TN_RIVER_BNDRY","semantic":"zone","river_class":"소하천","river_class_source":"중심선 공간조인","survey_method":"사진측량"},"geometry":{"type":"Polygon","coordinates":[[[129.26191,35.92356],[129.2619,35.92353],[129.26187,35.92348],[129.26168,35.9236],[129.26178,35.92365],[129.26191,35.92356]]]}},{"type":"Feature","id":"TN_RIVER_BNDRY:WTR0100000001OTTS","properties":{"NF_ID":"WTR0100000001OTTS","admin_code":"47130","source_layer":"TN_RIVER_BNDRY","semantic":"zone","river_class":"소하천","river_class_source":"중심선 공간조인","survey_method":"사진측량"},"geometry":{"type":"Polygon","coordinates":[[[129.26191,35.92356],[129.26178,35.92365],[129.26209,35.92435],[129.26191,35.92356]]]}},{"type":"Feature","id":"TN_RIVER_BNDRY:WTR0100000001OTUT","properties":{"NF_ID":"WTR0100000001OTUT","admin_code":"47130","source_layer":"TN_RIVER_BNDRY","semantic":"zone","river_class":"소하천","river_class_source":"중심선 공간조인","survey_method":"사진측량"},"geometry":{"type":"Polygon","coordinates":[[[129.25973,35.90024],[129.2599,35.90032],[129.26409,35.89897],[129.26531,35.89878],[129.26623,35.89897],[129.2671,35.89944],[129.26813,35.89951],[129.26881,35.89982],[129.27011,35.89938],[129.27036,35.89991],[129.27084,35.90015],[129.27137,35.90066],[129.27063,35.90233],[129.27116,35.90314],[129.27095,35.90368],[129.27079,35.90543],[129.2701,35.90643],[129.26961,35.90653],[129.26944,35.90673],[129.26977,35.90769],[129.26975,35.90907],[129.26876,35.90955],[129.26832,35.91046],[129.26658,35.91137],[129.26602,35.91218],[129.26562,35.91388],[129.26492,35.91445],[129.26449,35.91565],[129.26363,35.91685],[129.26377,35.91695],[129.26457,35.91561],[129.26499,35.91448],[129.26567,35.91398],[129.26607,35.91235],[129.26662,35.9115],[129.26833,35.91063],[129.26887,35.90956],[129.26985,35.90912],[129.26996,35.90775],[129.26961,35.90691],[129.2697,35.90668],[129.27021,35.90643],[129.27088,35.90539],[129.27125,35.90318],[129.27072,35.90229],[129.27146,35.90069],[129.2704,35.89983],[129.27015,35.89929],[129.2688,35.89975],[129.26818,35.89944],[129.26705,35.89937],[129.2661,35.89876],[129.26545,35.8987],[129.26412,35.89887],[129.26349,35.89918],[129.25973,35.90024]]]}},{"type":"Feature","id":"TN_RIVER_BNDRY:WTR0100000001OTVU","properties":{"NF_ID":"WTR0100000001OTVU","admin_code":"47130","source_layer":"TN_RIVER_BNDRY","semantic":"zone","river_class":"지방하천","river_class_source":"중심선 공간조인","river_name":"신당천","river_code":"2023940","survey_method":"사진측량"},"geometry":{"type":"Polygon","coordinates":[[[129.25973,35.90024],[129.25944,35.89977],[129.2594,35.89884],[129.26021,35.89687],[129.26085,35.8934],[129.2612,35.89296],[129.26196,35.89246],[129.26319,35.8923],[129.26275,35.89196],[129.26158,35.8922],[129.26018,35.89325],[129.26008,35.89572],[129.25968,35.89726],[129.25895,35.89856],[129.25884,35.89923],[129.25909,35.90038],[129.25973,35.90024]]]}},{"type":"Feature","id":"TN_RIVER_BNDRY:WTR0100000001OTWV","properties":{"NF_ID":"WTR0100000001OTWV","admin_code":"47130","source_layer":"TN_RIVER_BNDRY","semantic":"zone","river_class":"지방하천","river_class_source":"중심선 공간조인","river_name":"신당천","river_code":"2023940","survey_method":"사진측량"},"geometry":{"type":"Polygon","coordinates":[[[129.25978,35.90032],[129.25973,35.90024],[129.25909,35.90038],[129.25911,35.90044],[129.25978,35.90032]]]}},{"type":"Feature","id":"TN_RIVER_BNDRY:WTR0100000001OTXW","properties":{"NF_ID":"WTR0100000001OTXW","admin_code":"47130","source_layer":"TN_RIVER_BNDRY","semantic":"zone","river_class":"소하천","river_class_source":"중심선 공간조인","survey_method":"사진측량"},"geometry":{"type":"Polygon","coordinates":[[[129.26363,35.91712],[129.26356,35.91698],[129.26341,35.91732],[129.26331,35.91819],[129.26363,35.91712]]]}},{"type":"Feature","id":"TN_RIVER_BNDRY:WTR0100000001OTYX","properties":{"NF_ID":"WTR0100000001OTYX","admin_code":"47130","source_layer":"TN_RIVER_BNDRY","semantic":"zone","river_class":"소하천","river_class_source":"중심선 공간조인","survey_method":"사진측량"},"geometry":{"type":"Polygon","coordinates":[[[129.26377,35.91695],[129.26363,35.91685],[129.26363,35.91712],[129.26377,35.91695]]]}},{"type":"Feature","id":"TN_RIVER_BNDRY:WTR0100000001OTZY","properties":{"NF_ID":"WTR0100000001OTZY","admin_code":"47130","source_layer":"TN_RIVER_BNDRY","semantic":"zone","river_class":"소하천","river_class_source":"중심선 공간조인","survey_method":"사진측량"},"geometry":{"type":"Polygon","coordinates":[[[129.26377,35.91695],[129.26363,35.91712],[129.26364,35.91713],[129.26362,35.91738],[129.26365,35.9174],[129.26367,35.9174],[129.26372,35.91739],[129.26374,35.91718],[129.26377,35.91695]]]}},{"type":"Feature","id":"TN_RIVER_BNDRY:WTR0100000001OU00","properties":{"NF_ID":"WTR0100000001OU00","admin_code":"47130","source_layer":"TN_RIVER_BNDRY","semantic":"zone","river_class":"소하천","river_class_source":"중심선 공간조인","survey_method":"사진측량"},"geometry":{"type":"Polygon","coordinates":[[[129.2714,35.92275],[129.27069,35.92248],[129.26904,35.92244],[129.26707,35.92202],[129.26689,35.92209],[129.26861,35.9225],[129.27064,35.92254],[129.27133,35.92285],[129.2714,35.92275]]]}},{"type":"Feature","id":"TN_RIVER_BNDRY:WTR0100000001OU11","properties":{"NF_ID":"WTR0100000001OU11","admin_code":"47130","source_layer":"TN_RIVER_BNDRY","semantic":"zone","river_class":"소하천","river_class_source":"중심선 공간조인","survey_method":"사진측량"},"geometry":{"type":"Polygon","coordinates":[[[129.26348,35.89219],[129.26319,35.8923],[129.2644,35.89283],[129.26542,35.89308],[129.26853,35.89262],[129.26931,35.89265],[129.27188,35.89318],[129.27457,35.8926],[129.27541,35.89322],[129.27696,35.89365],[129.27941,35.89659],[129.2799,35.89664],[129.27716,35.89359],[129.27535,35.89295],[129.27463,35.89237],[129.2725,35.89285],[129.27147,35.89288],[129.26775,35.89223],[129.2669,35.89256],[129.26515,35.89273],[129.26348,35.89219]]]}},{"type":"Feature","id":"TN_RIVER_BNDRY:WTR0100000001OU22","properties":{"NF_ID":"WTR0100000001OU22","admin_code":"47130","source_layer":"TN_RIVER_BNDRY","semantic":"zone","river_class":"지방하천","river_class_source":"중심선 공간조인","river_name":"신당천","river_code":"2023940","survey_method":"사진측량"},"geometry":{"type":"Polygon","coordinates":[[[129.26348,35.89219],[129.26308,35.89191],[129.26275,35.89196],[129.26319,35.8923],[129.26348,35.89219]]]}},{"type":"Feature","id":"TN_RIVER_BNDRY:WTR0100000001OU33","properties":{"NF_ID":"WTR0100000001OU33","admin_code":"47130","source_layer":"TN_RIVER_BNDRY","semantic":"zone","river_class":"지방하천","river_class_source":"중심선 공간조인","river_name":"신당천","river_code":"2023940","survey_method":"사진측량"},"geometry":{"type":"Polygon","coordinates":[[[129.26675,35.88611],[129.26624,35.88613],[129.26743,35.88775],[129.26743,35.88823],[129.26451,35.89129],[129.2638,35.8917],[129.26308,35.89191],[129.26348,35.89219],[129.26513,35.89124],[129.2679,35.88822],[129.26769,35.88743],[129.26675,35.88611]]]}},{"type":"Feature","id":"TN_RIVER_BNDRY:WTR0100000001OU44","properties":{"NF_ID":"WTR0100000001OU44","admin_code":"47130","source_layer":"TN_RIVER_BNDRY","semantic":"zone","river_class":"소하천","river_class_source":"중심선 공간조인","survey_method":"사진측량"},"geometry":{"type":"Polygon","coordinates":[[[129.25121,35.9026],[129.25105,35.90322],[129.25121,35.90364],[129.25177,35.90413],[129.25223,35.9049],[129.25166,35.90574],[129.25154,35.90619],[129.25172,35.90633],[129.25169,35.90589],[129.25229,35.90487],[129.25185,35.90411],[129.25126,35.90356],[129.25121,35.9026]]]}},{"type":"Feature","id":"TN_RIVER_BNDRY:WTR0100000001OU55","properties":{"NF_ID":"WTR0100000001OU55","admin_code":"47130","source_layer":"TN_RIVER_BNDRY","semantic":"zone","river_class":"소하천","river_class_source":"중심선 공간조인","survey_method":"사진측량"},"geometry":{"type":"Polygon","coordinates":[[[129.26178,35.92365],[129.26168,35.9236],[129.26168,35.92384],[129.26178,35.92365]]]}},{"type":"Feature","id":"TN_RIVER_BNDRY:WTR0100000001OU77","properties":{"NF_ID":"WTR0100000001OU77","admin_code":"47130","source_layer":"TN_RIVER_BNDRY","semantic":"zone","river_class":"소하천","river_class_source":"중심선 공간조인","survey_method":"사진측량"},"geometry":{"type":"Polygon","coordinates":[[[129.28094,35.89662],[129.27962,35.8967],[129.28097,35.89684],[129.28094,35.89662]]]}},{"type":"Feature","id":"TN_RIVER_BNDRY:WTR0100000001OU88","properties":{"NF_ID":"WTR0100000001OU88","admin_code":"47130","source_layer":"TN_RIVER_BNDRY","semantic":"zone","river_class":"소하천","river_class_source":"중심선 공간조인","survey_method":"사진측량"},"geometry":{"type":"Polygon","coordinates":[[[129.32356,35.91979],[129.32333,35.91919],[129.32348,35.91886],[129.32241,35.91848],[129.32178,35.91764],[129.32182,35.91655],[129.32153,35.91599],[129.32098,35.91552],[129.32091,35.9146],[129.32206,35.91381],[129.32195,35.91279],[129.32256,35.91251],[129.32251,35.91196],[129.32299,35.91185],[129.32325,35.91141],[129.32291,35.9118],[129.32239,35.91196],[129.32244,35.91247],[129.32179,35.91275],[129.32196,35.91371],[129.32162,35.91406],[129.32084,35.91445],[129.3208,35.91545],[129.32168,35.91646],[129.32171,35.91781],[129.32223,35.91849],[129.32336,35.91889],[129.32315,35.91932],[129.32345,35.91988],[129.32356,35.91979]]]}},{"type":"Feature","id":"TN_RIVER_BNDRY:WTR0100000001OU99","properties":{"NF_ID":"WTR0100000001OU99","admin_code":"47130","source_layer":"TN_RIVER_BNDRY","semantic":"zone","river_class":"소하천","river_class_source":"중심선 공간조인","survey_method":"사진측량"},"geometry":{"type":"Polygon","coordinates":[[[129.32356,35.91979],[129.32378,35.91998],[129.32407,35.91978],[129.32356,35.91979]]]}},{"type":"Feature","id":"TN_RIVER_BNDRY:WTR0100000001OUAA","properties":{"NF_ID":"WTR0100000001OUAA","admin_code":"47130","source_layer":"TN_RIVER_BNDRY","semantic":"zone","river_class":"소하천","river_class_source":"중심선 공간조인","survey_method":"사진측량"},"geometry":{"type":"Polygon","coordinates":[[[129.32356,35.91979],[129.32347,35.91995],[129.32378,35.91998],[129.32356,35.91979]]]}},{"type":"Feature","id":"TN_RIVER_BNDRY:WTR0100000001OUBB","properties":{"NF_ID":"WTR0100000001OUBB","admin_code":"47130","source_layer":"TN_RIVER_BNDRY","semantic":"zone","river_class":"소하천","river_class_source":"중심선 공간조인","survey_method":"사진측량"},"geometry":{"type":"Polygon","coordinates":[[[129.32378,35.91998],[129.32347,35.91995],[129.3233,35.92039],[129.32272,35.92055],[129.32238,35.92099],[129.32153,35.92136],[129.32044,35.92231],[129.31887,35.92324],[129.31909,35.92338],[129.32065,35.9224],[129.32115,35.92187],[129.32252,35.92105],[129.32273,35.92074],[129.32356,35.92056],[129.32378,35.91998]]]}},{"type":"Feature","id":"TN_RIVER_BNDRY:WTR0100000001OUCC","properties":{"NF_ID":"WTR0100000001OUCC","admin_code":"47130","source_layer":"TN_RIVER_BNDRY","semantic":"zone","river_class":"소하천","river_class_source":"중심선 공간조인","survey_method":"사진측량"},"geometry":{"type":"Polygon","coordinates":[[[129.31909,35.92338],[129.31893,35.92343],[129.31939,35.92382],[129.31976,35.92389],[129.31909,35.92338]]]}},{"type":"Feature","id":"TN_RIVER_BNDRY:WTR0100000001OUDD","properties":{"NF_ID":"WTR0100000001OUDD","admin_code":"47130","source_layer":"TN_RIVER_BNDRY","semantic":"zone","river_class":"소하천","river_class_source":"중심선 공간조인","survey_method":"사진측량"},"geometry":{"type":"Polygon","coordinates":[[[129.31909,35.92338],[129.31879,35.92328],[129.31893,35.92343],[129.31909,35.92338]]]}},{"type":"Feature","id":"TN_RIVER_BNDRY:WTR0100000001OUEE","properties":{"NF_ID":"WTR0100000001OUEE","admin_code":"47130","source_layer":"TN_RIVER_BNDRY","semantic":"zone","river_class":"소하천","river_class_source":"중심선 공간조인","survey_method":"사진측량"},"geometry":{"type":"Polygon","coordinates":[[[129.27149,35.92284],[129.2714,35.92275],[129.27133,35.92285],[129.27149,35.92284]]]}},{"type":"Feature","id":"TN_RIVER_BNDRY:WTR0100000001OUFF","properties":{"NF_ID":"WTR0100000001OUFF","admin_code":"47130","source_layer":"TN_RIVER_BNDRY","semantic":"zone","river_class":"소하천","river_class_source":"중심선 공간조인","survey_method":"사진측량"},"geometry":{"type":"Polygon","coordinates":[[[129.28094,35.89662],[129.28137,35.89674],[129.28183,35.89594],[129.28287,35.89584],[129.28395,35.89604],[129.28451,35.89555],[129.28609,35.89547],[129.28669,35.89507],[129.28741,35.89522],[129.28935,35.89502],[129.29004,35.89465],[129.29077,35.89451],[129.29106,35.89415],[129.2917,35.89382],[129.29102,35.89406],[129.2907,35.89446],[129.28917,35.89498],[129.28746,35.89517],[129.28664,35.89499],[129.28616,35.89537],[129.28439,35.89547],[129.28391,35.89597],[129.28285,35.89576],[129.28182,35.89585],[129.28094,35.89662]]]}},{"type":"Feature","id":"TN_RIVER_BNDRY:WTR0100000001OUGG","properties":{"NF_ID":"WTR0100000001OUGG","admin_code":"47130","source_layer":"TN_RIVER_BNDRY","semantic":"zone","river_class":"소하천","river_class_source":"중심선 공간조인","survey_method":"사진측량"},"geometry":{"type":"Polygon","coordinates":[[[129.28235,35.89741],[129.29049,35.89744],[129.29097,35.89717],[129.29042,35.89738],[129.28235,35.89741]]]}},{"type":"Feature","id":"TN_RIVER_BNDRY:WTR0100000001OUHH","properties":{"NF_ID":"WTR0100000001OUHH","admin_code":"47130","source_layer":"TN_RIVER_BNDRY","semantic":"zone","river_class":"소하천","river_class_source":"중심선 공간조인","survey_method":"사진측량"},"geometry":{"type":"Polygon","coordinates":[[[129.28235,35.89741],[129.28216,35.89743],[129.28219,35.89746],[129.28234,35.89748],[129.28235,35.89741]]]}},{"type":"Feature","id":"TN_RIVER_BNDRY:WTR0100000001OUII","properties":{"NF_ID":"WTR0100000001OUII","admin_code":"47130","source_layer":"TN_RIVER_BNDRY","semantic":"zone","river_class":"소하천","river_class_source":"중심선 공간조인","survey_method":"사진측량"},"geometry":{"type":"Polygon","coordinates":[[[129.28235,35.89741],[129.28187,35.89687],[129.28137,35.89674],[129.28122,35.89686],[129.28167,35.89694],[129.28216,35.89743],[129.28235,35.89741]]]}},{"type":"Feature","id":"TN_RIVER_BNDRY:WTR0100000001OUJJ","properties":{"NF_ID":"WTR0100000001OUJJ","admin_code":"47130","source_layer":"TN_RIVER_BNDRY","semantic":"zone","river_class":"소하천","river_class_source":"중심선 공간조인","survey_method":"사진측량"},"geometry":{"type":"Polygon","coordinates":[[[129.28137,35.89674],[129.28094,35.89662],[129.28097,35.89684],[129.28137,35.89674]]]}},{"type":"Feature","id":"TN_RIVER_BNDRY:WTR0100000001OUKK","properties":{"NF_ID":"WTR0100000001OUKK","admin_code":"47130","source_layer":"TN_RIVER_BNDRY","semantic":"zone","river_class":"소하천","river_class_source":"중심선 공간조인","survey_method":"사진측량"},"geometry":{"type":"Polygon","coordinates":[[[129.2799,35.89664],[129.27941,35.89659],[129.27941,35.89666],[129.27962,35.8967],[129.2799,35.89664]]]}},{"type":"Feature","id":"TN_RIVER_BNDRY:WTR0100000001OULL","properties":{"NF_ID":"WTR0100000001OULL","admin_code":"47130","source_layer":"TN_RIVER_BNDRY","semantic":"zone","river_class":"지방하천","river_class_source":"중심선 공간조인","river_name":"신당천","river_code":"2023940","survey_method":"사진측량"},"geometry":{"type":"Polygon","coordinates":[[[129.2667,35.88603],[129.26634,35.88456],[129.26642,35.88388],[129.26674,35.88337],[129.26619,35.88315],[129.26595,35.88349],[129.26598,35.88537],[129.26623,35.88605],[129.2667,35.88603]]]}},{"type":"Feature","id":"TN_RIVER_BNDRY:WTR0100000001OUMM","properties":{"NF_ID":"WTR0100000001OUMM","admin_code":"47130","source_layer":"TN_RIVER_BNDRY","semantic":"zone","river_class":"지방하천","river_class_source":"중심선 공간조인","river_name":"신당천","river_code":"2023940","survey_method":"사진측량"},"geometry":{"type":"Polygon","coordinates":[[[129.26691,35.88304],[129.26635,35.88296],[129.26619,35.88315],[129.26674,35.88337],[129.26691,35.88304]]]}},{"type":"Feature","id":"TN_RIVER_BNDRY:WTR0100000001OUNN","properties":{"NF_ID":"WTR0100000001OUNN","admin_code":"47130","source_layer":"TN_RIVER_BNDRY","semantic":"zone","river_class":"지방하천","river_class_source":"중심선 공간조인","river_name":"신당천","river_code":"2023940","survey_method":"사진측량"},"geometry":{"type":"Polygon","coordinates":[[[129.26675,35.88611],[129.2667,35.88603],[129.26623,35.88605],[129.26624,35.88613],[129.26675,35.88611]]]}},{"type":"Feature","id":"TN_RIVER_BNDRY:WTR0100000001OUOO","properties":{"NF_ID":"WTR0100000001OUOO","admin_code":"47130","source_layer":"TN_RIVER_BNDRY","semantic":"zone","river_class":"지방하천","river_class_source":"중심선 공간조인","river_name":"신당천","river_code":"2023940","survey_method":"사진측량"},"geometry":{"type":"Polygon","coordinates":[[[129.27493,35.86988],[129.27469,35.86999],[129.27525,35.87076],[129.27504,35.87207],[129.27267,35.87537],[129.27203,35.87681],[129.27108,35.87829],[129.27078,35.87897],[129.27065,35.88152],[129.27,35.8819],[129.26781,35.88204],[129.26635,35.88296],[129.26691,35.88304],[129.26737,35.88263],[129.26874,35.88212],[129.27025,35.88213],[129.27093,35.88179],[129.27113,35.8811],[129.27105,35.87934],[129.27125,35.87846],[129.27305,35.87528],[129.27543,35.87228],[129.27563,35.87101],[129.27544,35.87023],[129.27493,35.86988]]]}},{"type":"Feature","id":"TN_RIVER_BNDRY:WTR0100000001OUPP","properties":{"NF_ID":"WTR0100000001OUPP","admin_code":"47130","source_layer":"TN_RIVER_BNDRY","semantic":"zone","river_class":"소하천","river_class_source":"중심선 공간조인","survey_method":"사진측량"},"geometry":{"type":"Polygon","coordinates":[[[129.25255,35.86757],[129.25212,35.86771],[129.25196,35.86794],[129.25255,35.86757]]]}},{"type":"Feature","id":"TN_RIVER_BNDRY:WTR0100000001OUQQ","properties":{"NF_ID":"WTR0100000001OUQQ","admin_code":"47130","source_layer":"TN_RIVER_BNDRY","semantic":"zone","river_class":"소하천","river_class_source":"중심선 공간조인","survey_method":"사진측량"},"geometry":{"type":"Polygon","coordinates":[[[129.32763,35.87586],[129.32777,35.87586],[129.3279,35.87497],[129.32763,35.87586]]]}},{"type":"Feature","id":"TN_RIVER_BNDRY:WTR0100000001OURR","properties":{"NF_ID":"WTR0100000001OURR","admin_code":"47130","source_layer":"TN_RIVER_BNDRY","semantic":"zone","river_class":"지방하천","river_class_source":"중심선 공간조인","river_name":"덕동천","river_code":"2120150","survey_method":"사진측량"},"geometry":{"type":"Polygon","coordinates":[[[129.32522,35.87623],[129.32423,35.87581],[129.32375,35.87607],[129.32532,35.87652],[129.32522,35.87623]]]}},{"type":"Feature","id":"TN_RIVER_BNDRY:WTR0100000001OUSS","properties":{"NF_ID":"WTR0100000001OUSS","admin_code":"47130","source_layer":"TN_RIVER_BNDRY","semantic":"zone","river_class":"지방하천","river_class_source":"중심선 공간조인","river_name":"덕동천","river_code":"2120150","survey_method":"사진측량"},"geometry":{"type":"Polygon","coordinates":[[[129.32777,35.87586],[129.32779,35.87604],[129.32926,35.87633],[129.33128,35.87716],[129.3326,35.87782],[129.33314,35.87841],[129.33361,35.87842],[129.33486,35.87798],[129.33541,35.87798],[129.33578,35.87828],[129.33575,35.87913],[129.33666,35.87983],[129.33763,35.88004],[129.33861,35.87997],[129.33886,35.88042],[129.33897,35.88119],[129.33961,35.8816],[129.33982,35.88208],[129.33986,35.88314],[129.33967,35.88376],[129.34106,35.88383],[129.3412,35.8847],[129.34165,35.88489],[129.34194,35.88522],[129.34231,35.88513],[129.34279,35.88404],[129.34369,35.88391],[129.34391,35.88375],[129.344,35.88335],[129.34365,35.88376],[129.3428,35.88389],[129.34204,35.88516],[129.34177,35.8848],[129.34129,35.88464],[129.34111,35.88372],[129.33983,35.88365],[129.34001,35.88324],[129.33991,35.88184],[129.33969,35.8815],[129.33905,35.88107],[129.33886,35.87983],[129.33839,35.87969],[129.33751,35.87992],[129.33696,35.87965],[129.33598,35.87904],[129.33587,35.8783],[129.3355,35.87791],[129.33313,35.87824],[129.33282,35.87778],[129.33081,35.87679],[129.32908,35.87611],[129.32777,35.87586]]]}},{"type":"Feature","id":"TN_RIVER_BNDRY:WTR0100000001OUTT","properties":{"NF_ID":"WTR0100000001OUTT","admin_code":"47130","source_layer":"TN_RIVER_BNDRY","semantic":"zone","river_class":"지방하천","river_class_source":"중심선 공간조인","river_name":"덕동천","river_code":"2120150","survey_method":"사진측량"},"geometry":{"type":"Polygon","coordinates":[[[129.32779,35.87604],[129.32763,35.87586],[129.32766,35.87606],[129.32779,35.87604]]]}},{"type":"Feature","id":"TN_RIVER_BNDRY:WTR0100000001OUUU","properties":{"NF_ID":"WTR0100000001OUUU","admin_code":"47130","source_layer":"TN_RIVER_BNDRY","semantic":"zone","river_class":"지방하천","river_class_source":"중심선 공간조인","river_name":"덕동천","river_code":"2120150","survey_method":"사진측량"},"geometry":{"type":"Polygon","coordinates":[[[129.32766,35.87606],[129.32759,35.87586],[129.32575,35.87626],[129.32522,35.87623],[129.32532,35.87652],[129.32766,35.87606]]]}},{"type":"Feature","id":"TN_RIVER_BNDRY:WTR0100000001OUVV","properties":{"NF_ID":"WTR0100000001OUVV","admin_code":"47130","source_layer":"TN_RIVER_BNDRY","semantic":"zone","river_class":"지방하천","river_class_source":"중심선 공간조인","river_name":"덕동천","river_code":"2120150","survey_method":"사진측량"},"geometry":{"type":"Polygon","coordinates":[[[129.32423,35.87581],[129.32377,35.87563],[129.32352,35.87602],[129.32375,35.87607],[129.32423,35.87581]]]}},{"type":"Feature","id":"TN_RIVER_BNDRY:WTR0100000001OUWW","properties":{"NF_ID":"WTR0100000001OUWW","admin_code":"47130","source_layer":"TN_RIVER_BNDRY","semantic":"zone","river_class":"소하천","river_class_source":"중심선 공간조인","survey_method":"사진측량"},"geometry":{"type":"Polygon","coordinates":[[[129.29408,35.88524],[129.29401,35.88514],[129.29398,35.88517],[129.29393,35.88521],[129.29404,35.88526],[129.29408,35.88524]]]}},{"type":"Feature","id":"TN_RIVER_BNDRY:WTR0100000001OUXX","properties":{"NF_ID":"WTR0100000001OUXX","admin_code":"47130","source_layer":"TN_RIVER_BNDRY","semantic":"zone","river_class":"소하천","river_class_source":"중심선 공간조인","survey_method":"사진측량"},"geometry":{"type":"Polygon","coordinates":[[[129.29401,35.88514],[129.29408,35.88524],[129.29437,35.88504],[129.29419,35.88494],[129.29424,35.88504],[129.29401,35.88514]]]}},{"type":"Feature","id":"TN_RIVER_BNDRY:WTR0100000001OUYY","properties":{"NF_ID":"WTR0100000001OUYY","admin_code":"47130","source_layer":"TN_RIVER_BNDRY","semantic":"zone","river_class":"지방하천","river_class_source":"중심선 공간조인","river_name":"덕동천","river_code":"2120150","survey_method":"사진측량"},"geometry":{"type":"Polygon","coordinates":[[[129.32377,35.87563],[129.32302,35.87541],[129.32262,35.875],[129.32213,35.87494],[129.31931,35.8733],[129.31856,35.87229],[129.31757,35.86965],[129.31717,35.86996],[129.31805,35.87195],[129.319,35.87339],[129.32352,35.87602],[129.32377,35.87563]]]}},{"type":"Feature","id":"TN_RIVER_BNDRY:WTR0100000001OUZZ","properties":{"NF_ID":"WTR0100000001OUZZ","admin_code":"47130","source_layer":"TN_RIVER_BNDRY","semantic":"zone","river_class":"소하천","river_class_source":"중심선 공간조인","survey_method":"사진측량"},"geometry":{"type":"Polygon","coordinates":[[[129.31717,35.86996],[129.3171,35.86986],[129.31705,35.87013],[129.31735,35.87107],[129.31708,35.87208],[129.31793,35.87363],[129.3174,35.87467],[129.3172,35.87597],[129.31739,35.87588],[129.31753,35.87486],[129.31804,35.87373],[129.31717,35.87197],[129.31747,35.87108],[129.31717,35.86996]]]}},{"type":"Feature","id":"TN_RIVER_BNDRY:WTR0100000001OV01","properties":{"NF_ID":"WTR0100000001OV01","admin_code":"47130","source_layer":"TN_RIVER_BNDRY","semantic":"zone","river_class":"소하천","river_class_source":"중심선 공간조인","survey_method":"사진측량"},"geometry":{"type":"Polygon","coordinates":[[[129.33722,35.86492],[129.33705,35.86482],[129.33696,35.86493],[129.33711,35.86503],[129.33722,35.86492]]]}},{"type":"Feature","id":"TN_RIVER_BNDRY:WTR0100000001OV12","properties":{"NF_ID":"WTR0100000001OV12","admin_code":"47130","source_layer":"TN_RIVER_BNDRY","semantic":"zone","river_class":"소하천","river_class_source":"중심선 공간조인","survey_method":"사진측량"},"geometry":{"type":"Polygon","coordinates":[[[129.33705,35.86482],[129.33722,35.86492],[129.3376,35.86467],[129.33705,35.86482]]]}},{"type":"Feature","id":"TN_RIVER_BNDRY:WTR0100000001OV23","properties":{"NF_ID":"WTR0100000001OV23","admin_code":"47130","source_layer":"TN_RIVER_BNDRY","semantic":"zone","river_class":"소하천","river_class_source":"중심선 공간조인","survey_method":"사진측량"},"geometry":{"type":"Polygon","coordinates":[[[129.33705,35.86482],[129.33671,35.86432],[129.33714,35.86358],[129.33695,35.86301],[129.33667,35.86358],[129.33661,35.86425],[129.33696,35.86493],[129.33705,35.86482]]]}},{"type":"Feature","id":"TN_RIVER_BNDRY:WTR0100000001OV34","properties":{"NF_ID":"WTR0100000001OV34","admin_code":"47130","source_layer":"TN_RIVER_BNDRY","semantic":"zone","river_class":"지방하천","river_class_source":"중심선 공간조인","river_name":"덕동천","river_code":"2120150","survey_method":"사진측량"},"geometry":{"type":"Polygon","coordinates":[[[129.31757,35.86965],[129.31745,35.86931],[129.31717,35.86996],[129.31757,35.86965]]]}},{"type":"Feature","id":"TN_RIVER_BNDRY:WTR0100000001OV45","properties":{"NF_ID":"WTR0100000001OV45","admin_code":"47130","source_layer":"TN_RIVER_BNDRY","semantic":"zone","river_class":"지방하천","river_class_source":"중심선 공간조인","river_name":"신당천","river_code":"2023940","survey_method":"사진측량"},"geometry":{"type":"Polygon","coordinates":[[[129.27493,35.86988],[129.27479,35.86973],[129.27447,35.86974],[129.27469,35.86999],[129.27493,35.86988]]]}},{"type":"Feature","id":"TN_RIVER_BNDRY:WTR0100000001OV56","properties":{"NF_ID":"WTR0100000001OV56","admin_code":"47130","source_layer":"TN_RIVER_BNDRY","semantic":"zone","river_class":"지방하천","river_class_source":"중심선 공간조인","river_name":"신당천","river_code":"2023940","survey_method":"사진측량"},"geometry":{"type":"Polygon","coordinates":[[[129.27479,35.86973],[129.27454,35.86906],[129.27446,35.86787],[129.27476,35.8676],[129.27614,35.86715],[129.27618,35.86694],[129.27433,35.86768],[129.2742,35.86854],[129.27441,35.86956],[129.27447,35.86974],[129.27479,35.86973]]]}},{"type":"Feature","id":"TN_RIVER_BNDRY:WTR0100000001OV67","properties":{"NF_ID":"WTR0100000001OV67","admin_code":"47130","source_layer":"TN_RIVER_BNDRY","semantic":"zone","river_class":"소하천","river_class_source":"중심선 공간조인","survey_method":"사진측량"},"geometry":{"type":"Polygon","coordinates":[[[129.3125,35.85903],[129.31189,35.85903],[129.31172,35.85934],[129.31189,35.86086],[129.31195,35.85952],[129.3125,35.85903]]]}},{"type":"Feature","id":"TN_RIVER_BNDRY:WTR0100000001OV78","properties":{"NF_ID":"WTR0100000001OV78","admin_code":"47130","source_layer":"TN_RIVER_BNDRY","semantic":"zone","river_class":"지방하천","river_class_source":"중심선 공간조인","river_name":"신당천","river_code":"2023940","survey_method":"사진측량"},"geometry":{"type":"Polygon","coordinates":[[[129.27655,35.86701],[129.27658,35.86691],[129.27618,35.86694],[129.27614,35.86715],[129.27655,35.86701]]]}},{"type":"Feature","id":"TN_RIVER_BNDRY:WTR0100000001OV89","properties":{"NF_ID":"WTR0100000001OV89","admin_code":"47130","source_layer":"TN_RIVER_BNDRY","semantic":"zone","river_class":"지방하천","river_class_source":"중심선 공간조인","river_name":"덕동천","river_code":"2120150","survey_method":"사진측량"},"geometry":{"type":"Polygon","coordinates":[[[129.33062,35.82547],[129.33056,35.8251],[129.32878,35.82558],[129.32771,35.82565],[129.32609,35.82472],[129.32451,35.82471],[129.32392,35.82493],[129.32359,35.8253],[129.3235,35.82595],[129.32401,35.8267],[129.32404,35.82708],[129.32389,35.82714],[129.32378,35.8269],[129.32365,35.82694],[129.3236,35.82743],[129.32294,35.82786],[129.32317,35.82827],[129.32307,35.82851],[129.32183,35.82893],[129.32067,35.82899],[129.31987,35.8289],[129.3191,35.82859],[129.31838,35.82967],[129.3177,35.83006],[129.31951,35.83106],[129.32021,35.83052],[129.32116,35.83012],[129.32162,35.83002],[129.32241,35.83015],[129.32266,35.82993],[129.32309,35.82986],[129.32385,35.82927],[129.32423,35.82812],[129.32422,35.82752],[129.32476,35.82705],[129.32485,35.82646],[129.32464,35.82553],[129.32484,35.8253],[129.32615,35.82524],[129.32757,35.82615],[129.32789,35.82622],[129.32951,35.82593],[129.33062,35.82547]]]}},{"type":"Feature","id":"TN_RIVER_BNDRY:WTR0100000001OV9A","properties":{"NF_ID":"WTR0100000001OV9A","admin_code":"47130","source_layer":"TN_RIVER_BNDRY","semantic":"zone","river_class":"지방하천","river_class_source":"중심선 공간조인","river_name":"덕동천","river_code":"2120150","survey_method":"사진측량"},"geometry":{"type":"Polygon","coordinates":[[[129.31951,35.83106],[129.3177,35.83006],[129.31701,35.83016],[129.31617,35.82982],[129.3163,35.83036],[129.31844,35.83164],[129.31951,35.83106]]]}},{"type":"Feature","id":"TN_RIVER_BNDRY:WTR0100000001OVAB","properties":{"NF_ID":"WTR0100000001OVAB","admin_code":"47130","source_layer":"TN_RIVER_BNDRY","semantic":"zone","river_class":"지방하천","river_class_source":"중심선 공간조인","river_name":"덕동천","river_code":"2120150","survey_method":"사진측량"},"geometry":{"type":"Polygon","coordinates":[[[129.31844,35.83164],[129.3163,35.83036],[129.31533,35.83056],[129.31446,35.83025],[129.31398,35.82869],[129.31336,35.82773],[129.31279,35.82728],[129.31283,35.82698],[129.31255,35.82701],[129.31249,35.82735],[129.31289,35.82784],[129.31318,35.82933],[129.31295,35.83016],[129.31238,35.83118],[129.31737,35.83294],[129.31746,35.83234],[129.31789,35.83224],[129.31753,35.83196],[129.31761,35.83158],[129.318,35.83171],[129.31844,35.83164]]]}},{"type":"Feature","id":"TN_RIVER_BNDRY:WTR0100000001OVBC","properties":{"NF_ID":"WTR0100000001OVBC","admin_code":"47130","source_layer":"TN_RIVER_BNDRY","semantic":"zone","river_class":"지방하천","river_class_source":"중심선 공간조인","river_name":"덕동천","river_code":"2120150","survey_method":"사진측량"},"geometry":{"type":"Polygon","coordinates":[[[129.31737,35.83294],[129.31238,35.83118],[129.31158,35.83247],[129.31611,35.8343],[129.31737,35.83294]]]}},{"type":"Feature","id":"TN_RIVER_BNDRY:WTR0100000001OVCD","properties":{"NF_ID":"WTR0100000001OVCD","admin_code":"47130","source_layer":"TN_RIVER_BNDRY","semantic":"zone","river_class":"지방하천","river_class_source":"중심선 공간조인","river_name":"덕동천","river_code":"2120150","survey_method":"사진측량"},"geometry":{"type":"Polygon","coordinates":[[[129.31611,35.8343],[129.31158,35.83247],[129.31118,35.83268],[129.31077,35.83268],[129.3106,35.83367],[129.31095,35.83389],[129.31097,35.83412],[129.30955,35.83499],[129.30928,35.83544],[129.30916,35.83653],[129.31367,35.83849],[129.31423,35.83816],[129.31466,35.83836],[129.31452,35.83785],[129.31492,35.83743],[129.31514,35.83742],[129.31556,35.8377],[129.31576,35.83818],[129.31625,35.83852],[129.31624,35.83868],[129.31649,35.83875],[129.31686,35.83954],[129.31726,35.83989],[129.31753,35.83991],[129.31755,35.83971],[129.31726,35.83945],[129.31724,35.83846],[129.31677,35.83808],[129.31677,35.83794],[129.31727,35.83779],[129.3173,35.83766],[129.31644,35.8373],[129.31642,35.83691],[129.3169,35.83659],[129.31626,35.8363],[129.31656,35.83592],[129.31611,35.83575],[129.31615,35.83522],[129.31588,35.83454],[129.31611,35.8343]]]}},{"type":"Feature","id":"TN_RIVER_BNDRY:WTR0100000001OVDE","properties":{"NF_ID":"WTR0100000001OVDE","admin_code":"47130","source_layer":"TN_RIVER_BNDRY","semantic":"zone","river_class":"지방하천","river_class_source":"중심선 공간조인","river_name":"덕동천","river_code":"2120150","survey_method":"사진측량"},"geometry":{"type":"Polygon","coordinates":[[[129.31367,35.83849],[129.30916,35.83653],[129.3094,35.83699],[129.30919,35.83719],[129.30934,35.83818],[129.30893,35.8389],[129.3107,35.84017],[129.31367,35.83849]]]}},{"type":"Feature","id":"TN_RIVER_BNDRY:WTR0100000001OVEF","properties":{"NF_ID":"WTR0100000001OVEF","admin_code":"47130","source_layer":"TN_RIVER_BNDRY","semantic":"zone","river_class":"지방하천","river_class_source":"중심선 공간조인","river_name":"덕동천","river_code":"2120150","survey_method":"사진측량"},"geometry":{"type":"Polygon","coordinates":[[[129.31189,35.85903],[129.31214,35.85771],[129.31174,35.85805],[129.31067,35.85802],[129.31095,35.85792],[129.3107,35.85792],[129.3109,35.85773],[129.31055,35.8578],[129.31002,35.85685],[129.31009,35.85662],[129.31022,35.85667],[129.31015,35.85682],[129.31042,35.85679],[129.31029,35.85652],[129.31073,35.85666],[129.31084,35.85674],[129.31067,35.85689],[129.31114,35.85687],[129.31204,35.85745],[129.31189,35.85769],[129.31214,35.85751],[129.31159,35.85705],[129.31175,35.85684],[129.31146,35.85691],[129.31091,35.85669],[129.31064,35.85614],[129.30985,35.85619],[129.30937,35.85528],[129.30722,35.85307],[129.30755,35.85307],[129.30789,35.85331],[129.30729,35.85244],[129.3081,35.85215],[129.30794,35.85198],[129.30829,35.85185],[129.30852,35.85157],[129.30862,35.85092],[129.30822,35.85007],[129.30842,35.84932],[129.3082,35.84893],[129.30841,35.84878],[129.30823,35.84796],[129.30863,35.84788],[129.30844,35.84752],[129.30862,35.84711],[129.3084,35.84659],[129.30813,35.84649],[129.30821,35.84616],[129.30804,35.84627],[129.30774,35.84617],[129.30764,35.8456],[129.30813,35.84522],[129.30838,35.84553],[129.30888,35.84499],[129.30896,35.84469],[129.30876,35.84447],[129.30916,35.84398],[129.30892,35.84338],[129.30927,35.84286],[129.31049,35.84172],[129.31049,35.84129],[129.31021,35.84124],[129.3102,35.84093],[129.31035,35.84025],[129.3107,35.84017],[129.30893,35.8389],[129.30851,35.83948],[129.30714,35.84022],[129.30575,35.84292],[129.30524,35.84453],[129.30511,35.84463],[129.30484,35.84456],[129.30498,35.84498],[129.30431,35.84554],[129.30492,35.8454],[129.305,35.84579],[129.30506,35.84738],[129.30443,35.84808],[129.3049,35.84943],[129.30459,35.84976],[129.30495,35.84961],[129.30528,35.85013],[129.30534,35.85052],[129.30507,35.85056],[129.30548,35.85066],[129.3056,35.85085],[129.30588,35.85238],[129.30646,35.85257],[129.30859,35.85458],[129.30967,35.85623],[129.31,35.85741],[129.31093,35.85852],[129.3108,35.85863],[129.31124,35.85902],[129.31189,35.85903]]]}},{"type":"Feature","id":"TN_RIVER_BNDRY:WTR0100000001OVFG","properties":{"NF_ID":"WTR0100000001OVFG","admin_code":"47130","source_layer":"TN_RIVER_BNDRY","semantic":"zone","river_class":"소하천","river_class_source":"중심선 공간조인","survey_method":"사진측량"},"geometry":{"type":"Polygon","coordinates":[[[129.2642,35.85115],[129.26422,35.85086],[129.2638,35.85089],[129.2638,35.85102],[129.2642,35.85115]]]}},{"type":"Feature","id":"TN_RIVER_BNDRY:WTR0100000001OVGH","properties":{"NF_ID":"WTR0100000001OVGH","admin_code":"47130","source_layer":"TN_RIVER_BNDRY","semantic":"zone","river_class":"소하천","river_class_source":"중심선 공간조인","survey_method":"사진측량"},"geometry":{"type":"Polygon","coordinates":[[[129.26298,35.86011],[129.26291,35.86011],[129.2629,35.86016],[129.26297,35.86017],[129.26297,35.86015],[129.26298,35.86011]]]}},{"type":"Feature","id":"TN_RIVER_BNDRY:WTR0100000001OVHI","properties":{"NF_ID":"WTR0100000001OVHI","admin_code":"47130","source_layer":"TN_RIVER_BNDRY","semantic":"zone","river_class":"지방하천","river_class_source":"중심선 공간조인","river_name":"남천","river_code":"1020500","survey_method":"사진측량"},"geometry":{"type":"Polygon","coordinates":[[[129.25765,35.80247],[129.25718,35.80136],[129.25731,35.80083],[129.25661,35.80087],[129.25704,35.80261],[129.25765,35.80247]]]}},{"type":"Feature","id":"TN_RIVER_BNDRY:WTR0100000001OVIJ","properties":{"NF_ID":"WTR0100000001OVIJ","admin_code":"47130","source_layer":"TN_RIVER_BNDRY","semantic":"zone","river_class":"지방하천","river_class_source":"중심선 공간조인","river_name":"남천","river_code":"1020500","survey_method":"사진측량"},"geometry":{"type":"Polygon","coordinates":[[[129.25756,35.80736],[129.25695,35.80697],[129.25681,35.80712],[129.25745,35.80755],[129.25756,35.80736]]]}},{"type":"Feature","id":"TN_RIVER_BNDRY:WTR0100000001OVJK","properties":{"NF_ID":"WTR0100000001OVJK","admin_code":"47130","source_layer":"TN_RIVER_BNDRY","semantic":"zone","river_class":"소하천","river_class_source":"중심선 공간조인","survey_method":"사진측량"},"geometry":{"type":"Polygon","coordinates":[[[129.25756,35.80736],[129.25745,35.80755],[129.25784,35.80757],[129.25893,35.80819],[129.25756,35.80736]]]}},{"type":"Feature","id":"TN_RIVER_BNDRY:WTR0100000001OVKL","properties":{"NF_ID":"WTR0100000001OVKL","admin_code":"47130","source_layer":"TN_RIVER_BNDRY","semantic":"zone","river_class":"지방하천","river_class_source":"중심선 공간조인","river_name":"남천","river_code":"1020500","survey_method":"사진측량"},"geometry":{"type":"Polygon","coordinates":[[[129.25938,35.80445],[129.25865,35.80502],[129.25855,35.80542],[129.25811,35.80592],[129.25794,35.80594],[129.25695,35.80697],[129.25756,35.80736],[129.25915,35.80595],[129.25953,35.80501],[129.25938,35.80445]]]}},{"type":"Feature","id":"TN_RIVER_BNDRY:WTR0100000001OVLM","properties":{"NF_ID":"WTR0100000001OVLM","admin_code":"47130","source_layer":"TN_RIVER_BNDRY","semantic":"zone","river_class":"지방하천","river_class_source":"중심선 공간조인","river_name":"남천","river_code":"1020500","survey_method":"사진측량"},"geometry":{"type":"Polygon","coordinates":[[[129.25938,35.80445],[129.25936,35.80439],[129.25864,35.80491],[129.25865,35.80502],[129.25938,35.80445]]]}},{"type":"Feature","id":"TN_RIVER_BNDRY:WTR0100000001OVMN","properties":{"NF_ID":"WTR0100000001OVMN","admin_code":"47130","source_layer":"TN_RIVER_BNDRY","semantic":"zone","river_class":"지방하천","river_class_source":"중심선 공간조인","river_name":"남천","river_code":"1020500","survey_method":"사진측량"},"geometry":{"type":"Polygon","coordinates":[[[129.25936,35.80439],[129.2579,35.80317],[129.25765,35.80247],[129.25704,35.80261],[129.25745,35.80348],[129.25864,35.80491],[129.25936,35.80439]]]}},{"type":"Feature","id":"TN_RIVER_BNDRY:WTR0100000001OVNO","properties":{"NF_ID":"WTR0100000001OVNO","admin_code":"47130","source_layer":"TN_RIVER_BNDRY","semantic":"zone","river_class":"소하천","river_class_source":"중심선 공간조인","survey_method":"사진측량"},"geometry":{"type":"Polygon","coordinates":[[[129.25934,35.80595],[129.25933,35.80594],[129.25931,35.80596],[129.25932,35.80597],[129.25941,35.80604],[129.25942,35.80604],[129.25982,35.80609],[129.25995,35.80611],[129.25998,35.80611],[129.25999,35.8061],[129.25995,35.80607],[129.25981,35.80605],[129.25964,35.80604],[129.25947,35.80601],[129.25945,35.80601],[129.25943,35.806],[129.25934,35.80595]]]}},{"type":"Feature","id":"TN_RIVER_BNDRY:WTR0100000001OVOP","properties":{"NF_ID":"WTR0100000001OVOP","admin_code":"47130","source_layer":"TN_RIVER_BNDRY","semantic":"zone","river_class":"지방하천","river_class_source":"중심선 공간조인","river_name":"북천","river_code":"1023130","survey_method":"사진측량"},"geometry":{"type":"Polygon","coordinates":[[[129.26004,35.84747],[129.25924,35.84729],[129.25955,35.8479],[129.26005,35.84794],[129.26004,35.84747]]]}},{"type":"Feature","id":"TN_RIVER_BNDRY:WTR0100000001OVPQ","properties":{"NF_ID":"WTR0100000001OVPQ","admin_code":"47130","source_layer":"TN_RIVER_BNDRY","semantic":"zone","river_class":"소하천","river_class_source":"중심선 공간조인","survey_method":"사진측량"},"geometry":{"type":"Polygon","coordinates":[[[129.25936,35.80439],[129.25988,35.80407],[129.25991,35.80325],[129.26075,35.80305],[129.26088,35.802],[129.26163,35.80153],[129.26377,35.80254],[129.26161,35.80148],[129.26078,35.80209],[129.26071,35.80305],[129.25985,35.80323],[129.25986,35.80401],[129.25936,35.80439]]]}},{"type":"Feature","id":"TN_RIVER_BNDRY:WTR0100000001OVQR","properties":{"NF_ID":"WTR0100000001OVQR","admin_code":"47130","source_layer":"TN_RIVER_BNDRY","semantic":"zone","river_class":"소하천","river_class_source":"중심선 공간조인","survey_method":"사진측량"},"geometry":{"type":"Polygon","coordinates":[[[129.2629,35.86016],[129.26232,35.86011],[129.26158,35.85951],[129.26042,35.85945],[129.25956,35.85908],[129.25821,35.859],[129.25654,35.85779],[129.25818,35.85903],[129.25965,35.85916],[129.26049,35.8595],[129.26151,35.85954],[129.26229,35.86016],[129.2629,35.86016]]]}},{"type":"Feature","id":"TN_RIVER_BNDRY:WTR0100000001OVRS","properties":{"NF_ID":"WTR0100000001OVRS","admin_code":"47130","source_layer":"TN_RIVER_BNDRY","semantic":"zone","river_class":"소하천","river_class_source":"중심선 공간조인","survey_method":"사진측량"},"geometry":{"type":"Polygon","coordinates":[[[129.25686,35.83479],[129.25718,35.83467],[129.25664,35.83476],[129.25637,35.83448],[129.25584,35.83437],[129.25579,35.83414],[129.25447,35.83321],[129.25421,35.83277],[129.25345,35.83256],[129.25415,35.83279],[129.25455,35.83335],[129.25572,35.83419],[129.25579,35.83438],[129.25634,35.83449],[129.25661,35.8348],[129.25686,35.83479]]]}},{"type":"Feature","id":"TN_RIVER_BNDRY:WTR0100000001OVST","properties":{"NF_ID":"WTR0100000001OVST","admin_code":"47130","source_layer":"TN_RIVER_BNDRY","semantic":"zone","river_class":"소하천","river_class_source":"중심선 공간조인","survey_method":"사진측량"},"geometry":{"type":"Polygon","coordinates":[[[129.37641,35.79944],[129.37636,35.7993],[129.37542,35.79936],[129.37503,35.80016],[129.37432,35.80058],[129.37375,35.8015],[129.37284,35.80213],[129.37169,35.80408],[129.3716,35.80522],[129.37035,35.80812],[129.36966,35.80918],[129.36968,35.80949],[129.37008,35.81006],[129.37003,35.81052],[129.37079,35.81081],[129.37111,35.81177],[129.37218,35.81272],[129.37249,35.81396],[129.37228,35.81317],[129.37238,35.81271],[129.37126,35.81183],[129.37083,35.81076],[129.37018,35.8105],[129.37017,35.81008],[129.36977,35.80925],[129.37007,35.80854],[129.37051,35.80809],[129.37175,35.80509],[129.37178,35.80417],[129.37229,35.8031],[129.37306,35.80212],[129.37394,35.80144],[129.37442,35.80062],[129.3752,35.80015],[129.37548,35.79952],[129.37641,35.79944]]]}},{"type":"Feature","id":"TN_RIVER_BNDRY:WTR0100000001OVTU","properties":{"NF_ID":"WTR0100000001OVTU","admin_code":"47130","source_layer":"TN_RIVER_BNDRY","semantic":"zone","river_class":"지방하천","river_class_source":"중심선 공간조인","river_name":"덕동천","river_code":"2120150","survey_method":"사진측량"},"geometry":{"type":"Polygon","coordinates":[[[129.31256,35.85764],[129.31214,35.85771],[129.31189,35.85903],[129.3125,35.85903],[129.31256,35.85764]]]}},{"type":"Feature","id":"TN_RIVER_BNDRY:WTR0100000001OVUV","properties":{"NF_ID":"WTR0100000001OVUV","admin_code":"47130","source_layer":"TN_RIVER_BNDRY","semantic":"zone","river_class":"소하천","river_class_source":"중심선 공간조인","survey_method":"사진측량"},"geometry":{"type":"Polygon","coordinates":[[[129.34497,35.82453],[129.34583,35.82431],[129.34582,35.82478],[129.3462,35.82506],[129.34672,35.82483],[129.34687,35.82423],[129.34708,35.82408],[129.34748,35.82444],[129.34797,35.8246],[129.34882,35.82461],[129.34979,35.8244],[129.35048,35.82446],[129.35106,35.82428],[129.35149,35.8244],[129.352,35.82434],[129.35235,35.82449],[129.35302,35.8242],[129.35313,35.82458],[129.35372,35.82444],[129.35415,35.82471],[129.35431,35.82504],[129.35482,35.82478],[129.35549,35.82501],[129.35534,35.82538],[129.35679,35.82589],[129.35701,35.82626],[129.35762,35.82658],[129.35822,35.82719],[129.35767,35.82654],[129.35711,35.82626],[129.35685,35.82585],[129.3556,35.82537],[129.35555,35.82497],[129.35479,35.82471],[129.35436,35.82498],[129.35427,35.82457],[129.35359,35.82428],[129.35341,35.82434],[129.35338,35.82455],[129.35319,35.82453],[129.35313,35.8241],[129.35237,35.82444],[129.35112,35.82421],[129.35061,35.82438],[129.34965,35.82434],[129.34892,35.82453],[129.34796,35.82454],[129.34705,35.82401],[129.34684,35.82414],[129.34663,35.82479],[129.34621,35.82499],[129.34589,35.82476],[129.34587,35.82426],[129.34548,35.82426],[129.34497,35.82453]]]}},{"type":"Feature","id":"TN_RIVER_BNDRY:WTR0100000001OVVW","properties":{"NF_ID":"WTR0100000001OVVW","admin_code":"47130","source_layer":"TN_RIVER_BNDRY","semantic":"zone","river_class":"소하천","river_class_source":"중심선 공간조인","survey_method":"사진측량"},"geometry":{"type":"Polygon","coordinates":[[[129.33164,35.82505],[129.33186,35.82386],[129.33139,35.82332],[129.33152,35.82247],[129.3309,35.82164],[129.33131,35.82122],[129.33085,35.82088],[129.33115,35.81985],[129.32971,35.81852],[129.33053,35.8195],[129.33107,35.81984],[129.33073,35.82091],[129.33121,35.82119],[129.33079,35.82162],[129.3314,35.82245],[129.33129,35.82327],[129.33167,35.82379],[129.33155,35.82454],[129.33056,35.8251],[129.33164,35.82505]]]}},{"type":"Feature","id":"TN_RIVER_BNDRY:WTR0100000001OVWX","properties":{"NF_ID":"WTR0100000001OVWX","admin_code":"47130","source_layer":"TN_RIVER_BNDRY","semantic":"zone","river_class":"지방하천","river_class_source":"중심선 공간조인","river_name":"북천","river_code":"1023130","survey_method":"사진측량"},"geometry":{"type":"Polygon","coordinates":[[[129.34082,35.82347],[129.34074,35.82318],[129.34013,35.82365],[129.33907,35.82389],[129.33768,35.82364],[129.33725,35.8234],[129.33648,35.82247],[129.3358,35.82218],[129.33533,35.82242],[129.33516,35.82304],[129.33433,35.82378],[129.33328,35.82408],[129.33278,35.82438],[129.33229,35.82423],[129.33211,35.8244],[129.33204,35.825],[129.33164,35.82505],[129.33158,35.82542],[129.33229,35.82534],[129.33336,35.82496],[129.33486,35.82416],[129.33594,35.82267],[129.33645,35.82286],[129.33747,35.82378],[129.33829,35.82406],[129.33947,35.82405],[129.34082,35.82347]]]}},{"type":"Feature","id":"TN_RIVER_BNDRY:WTR0100000001OVXY","properties":{"NF_ID":"WTR0100000001OVXY","admin_code":"47130","source_layer":"TN_RIVER_BNDRY","semantic":"zone","river_class":"소하천","river_class_source":"중심선 공간조인","survey_method":"사진측량"},"geometry":{"type":"Polygon","coordinates":[[[129.36589,35.8103],[129.36665,35.80991],[129.36716,35.81011],[129.36746,35.80988],[129.36709,35.81002],[129.36663,35.80981],[129.36593,35.8102],[129.36559,35.81028],[129.36539,35.81015],[129.36554,35.81032],[129.36589,35.8103]]]}},{"type":"Feature","id":"TN_RIVER_BNDRY:WTR0100000001OVYZ","properties":{"NF_ID":"WTR0100000001OVYZ","admin_code":"47130","source_layer":"TN_RIVER_BNDRY","semantic":"zone","river_class":"지방하천","river_class_source":"중심선 공간조인","river_name":"북천","river_code":"1023130","survey_method":"사진측량"},"geometry":{"type":"Polygon","coordinates":[[[129.34107,35.82321],[129.34074,35.82318],[129.34082,35.82347],[129.34107,35.82321]]]}},{"type":"Feature","id":"TN_RIVER_BNDRY:WTR0100000001OVZ0","properties":{"NF_ID":"WTR0100000001OVZ0","admin_code":"47130","source_layer":"TN_RIVER_BNDRY","semantic":"zone","river_class":"지방하천","river_class_source":"중심선 공간조인","river_name":"북천","river_code":"1023130","survey_method":"사진측량"},"geometry":{"type":"Polygon","coordinates":[[[129.34497,35.82453],[129.34332,35.82302],[129.34191,35.82265],[129.34103,35.82313],[129.34107,35.82321],[129.34183,35.82286],[129.34258,35.82297],[129.34344,35.82337],[129.34471,35.82464],[129.34497,35.82453]]]}},{"type":"Feature","id":"TN_RIVER_BNDRY:WTR0100000001OW02","properties":{"NF_ID":"WTR0100000001OW02","admin_code":"47130","source_layer":"TN_RIVER_BNDRY","semantic":"zone","river_class":"지방하천","river_class_source":"중심선 공간조인","river_name":"북천","river_code":"1023130","survey_method":"사진측량"},"geometry":{"type":"Polygon","coordinates":[[[129.34501,35.82458],[129.34497,35.82453],[129.34471,35.82464],[129.34476,35.82466],[129.3448,35.82466],[129.34501,35.82458]]]}},{"type":"Feature","id":"TN_RIVER_BNDRY:WTR0100000001OW13","properties":{"NF_ID":"WTR0100000001OW13","admin_code":"47130","source_layer":"TN_RIVER_BNDRY","semantic":"zone","river_class":"소하천","river_class_source":"중심선 공간조인","survey_method":"사진측량"},"geometry":{"type":"Polygon","coordinates":[[[129.30942,35.80378],[129.30931,35.80361],[129.30907,35.80386],[129.30898,35.80378],[129.30871,35.80419],[129.30766,35.80481],[129.30736,35.80548],[129.30745,35.80652],[129.30702,35.80669],[129.30686,35.80721],[129.30579,35.80811],[129.30552,35.80894],[129.30555,35.80967],[129.30582,35.80819],[129.3069,35.80726],[129.3071,35.80667],[129.30751,35.80653],[129.30744,35.80546],[129.30768,35.80486],[129.30843,35.80438],[129.30921,35.80415],[129.30942,35.80378]]]}},{"type":"Feature","id":"TN_RIVER_BNDRY:WTR0100000001OW24","properties":{"NF_ID":"WTR0100000001OW24","admin_code":"47130","source_layer":"TN_RIVER_BNDRY","semantic":"zone","river_class":"소하천","river_class_source":"중심선 공간조인","survey_method":"사진측량"},"geometry":{"type":"Polygon","coordinates":[[[129.30272,35.81969],[129.30244,35.81968],[129.3022,35.81939],[129.30221,35.81891],[129.30248,35.8187],[129.30276,35.81879],[129.30328,35.81863],[129.30336,35.81851],[129.30312,35.81832],[129.30262,35.81839],[129.30211,35.81895],[129.30212,35.81936],[129.30239,35.8197],[129.30224,35.81991],[129.30235,35.82053],[129.30256,35.82051],[129.30272,35.81969]]]}},{"type":"Feature","id":"TN_RIVER_BNDRY:WTR0100000001OW35","properties":{"NF_ID":"WTR0100000001OW35","admin_code":"47130","source_layer":"TN_RIVER_BNDRY","semantic":"zone","river_class":"소하천","river_class_source":"중심선 공간조인","survey_method":"사진측량"},"geometry":{"type":"Polygon","coordinates":[[[129.30048,35.82148],[129.30014,35.82089],[129.2999,35.82081],[129.3004,35.82147],[129.30015,35.82163],[129.30046,35.82164],[129.30048,35.82148]]]}},{"type":"Feature","id":"TN_RIVER_BNDRY:WTR0100000001OW46","properties":{"NF_ID":"WTR0100000001OW46","admin_code":"47130","source_layer":"TN_RIVER_BNDRY","semantic":"zone","river_class":"소하천","river_class_source":"중심선 공간조인","survey_method":"사진측량"},"geometry":{"type":"Polygon","coordinates":[[[129.3002,35.82613],[129.30052,35.82516],[129.30037,35.82477],[129.30051,35.82454],[129.30038,35.82375],[129.3008,35.82361],[129.30101,35.82304],[129.30037,35.8228],[129.30016,35.82297],[129.30019,35.82314],[129.30087,35.8231],[129.30076,35.82343],[129.30017,35.82364],[129.30045,35.82455],[129.30012,35.82491],[129.30044,35.82525],[129.29988,35.82614],[129.3002,35.82613]]]}},{"type":"Feature","id":"TN_RIVER_BNDRY:WTR0100000001OW57","properties":{"NF_ID":"WTR0100000001OW57","admin_code":"47130","source_layer":"TN_RIVER_BNDRY","semantic":"zone","river_class":"소하천","river_class_source":"중심선 공간조인","survey_method":"사진측량"},"geometry":{"type":"Polygon","coordinates":[[[129.3002,35.82613],[129.29988,35.82614],[129.29988,35.82619],[129.30021,35.82619],[129.30021,35.82619],[129.30021,35.82616],[129.3002,35.82613]]]}},{"type":"Feature","id":"TN_RIVER_BNDRY:WTR0100000001OW68","properties":{"NF_ID":"WTR0100000001OW68","admin_code":"47130","source_layer":"TN_RIVER_BNDRY","semantic":"zone","river_class":"소하천","river_class_source":"중심선 공간조인","survey_method":"사진측량"},"geometry":{"type":"Polygon","coordinates":[[[129.30021,35.82619],[129.29988,35.82619],[129.29988,35.82639],[129.30009,35.82706],[129.29996,35.82745],[129.30029,35.82774],[129.30024,35.82785],[129.29974,35.8281],[129.29953,35.82776],[129.29917,35.82765],[129.29954,35.82791],[129.29942,35.8282],[129.29953,35.82878],[129.30024,35.8294],[129.30072,35.82861],[129.30043,35.82884],[129.29987,35.82861],[129.29996,35.82828],[129.30048,35.8282],[129.3007,35.82784],[129.30009,35.82744],[129.30004,35.82647],[129.30021,35.82619]]]}},{"type":"Feature","id":"TN_RIVER_BNDRY:WTR0100000001OW79","properties":{"NF_ID":"WTR0100000001OW79","admin_code":"47130","source_layer":"TN_RIVER_BNDRY","semantic":"zone","river_class":"소하천","river_class_source":"중심선 공간조인","survey_method":"사진측량"},"geometry":{"type":"Polygon","coordinates":[[[129.35071,35.84199],[129.35106,35.84194],[129.35234,35.84123],[129.35285,35.84051],[129.35259,35.84059],[129.35232,35.84116],[129.35099,35.84189],[129.35043,35.84195],[129.35024,35.84211],[129.35071,35.84199]]]}},{"type":"Feature","id":"TN_RIVER_BNDRY:WTR0100000001OW8A","properties":{"NF_ID":"WTR0100000001OW8A","admin_code":"47130","source_layer":"TN_RIVER_BNDRY","semantic":"zone","river_class":"지방하천","river_class_source":"중심선 공간조인","river_name":"덕동천","river_code":"2120150","survey_method":"사진측량"},"geometry":{"type":"Polygon","coordinates":[[[129.33158,35.82542],[129.33164,35.82505],[129.33056,35.8251],[129.33062,35.82547],[129.33143,35.82554],[129.33158,35.82542]]]}},{"type":"Feature","id":"TN_RIVER_BNDRY:WTR0100000001OW9B","properties":{"NF_ID":"WTR0100000001OW9B","admin_code":"47130","source_layer":"TN_RIVER_BNDRY","semantic":"zone","river_class":"소하천","river_class_source":"중심선 공간조인","survey_method":"사진측량"},"geometry":{"type":"Polygon","coordinates":[[[129.30221,35.83003],[129.30198,35.83059],[129.30089,35.83126],[129.3008,35.83148],[129.30199,35.83068],[129.30225,35.83035],[129.30221,35.83003]]]}},{"type":"Feature","id":"TN_RIVER_BNDRY:WTR0100000001OWAC","properties":{"NF_ID":"WTR0100000001OWAC","admin_code":"47130","source_layer":"TN_RIVER_BNDRY","semantic":"zone","river_class":"소하천","river_class_source":"중심선 공간조인","survey_method":"사진측량"},"geometry":{"type":"Polygon","coordinates":[[[129.29007,35.82974],[129.28993,35.82933],[129.29003,35.82837],[129.28985,35.8284],[129.28928,35.82929],[129.28922,35.82967],[129.28998,35.82974],[129.28976,35.83094],[129.29007,35.82974]]]}},{"type":"Feature","id":"TN_RIVER_BNDRY:WTR0100000001OWBD","properties":{"NF_ID":"WTR0100000001OWBD","admin_code":"47130","source_layer":"TN_RIVER_BNDRY","semantic":"zone","river_class":"소하천","river_class_source":"중심선 공간조인","survey_method":"사진측량"},"geometry":{"type":"Polygon","coordinates":[[[129.2837,35.82866],[129.28344,35.82871],[129.28373,35.82878],[129.2837,35.82866]]]}},{"type":"Feature","id":"TN_RIVER_BNDRY:WTR0100000001OWCE","properties":{"NF_ID":"WTR0100000001OWCE","admin_code":"47130","source_layer":"TN_RIVER_BNDRY","semantic":"zone","river_class":"소하천","river_class_source":"중심선 공간조인","survey_method":"사진측량"},"geometry":{"type":"Polygon","coordinates":[[[129.29988,35.82619],[129.29969,35.82621],[129.29885,35.82744],[129.29728,35.8279],[129.29712,35.82854],[129.29781,35.82816],[129.29793,35.82777],[129.29911,35.82745],[129.29916,35.82705],[129.29988,35.82619]]]}},{"type":"Feature","id":"TN_RIVER_BNDRY:WTR0100000001OWDF","properties":{"NF_ID":"WTR0100000001OWDF","admin_code":"47130","source_layer":"TN_RIVER_BNDRY","semantic":"zone","river_class":"소하천","river_class_source":"중심선 공간조인","survey_method":"사진측량"},"geometry":{"type":"Polygon","coordinates":[[[129.28356,35.8286],[129.28258,35.82841],[129.28125,35.82845],[129.28116,35.82823],[129.28146,35.82762],[129.28031,35.8267],[129.28016,35.82602],[129.27925,35.82574],[129.27838,35.8257],[129.2782,35.8258],[129.2776,35.82569],[129.27676,35.82532],[129.27721,35.82565],[129.27819,35.82587],[129.27847,35.82632],[129.27941,35.82685],[129.28017,35.82654],[129.28024,35.82677],[129.28127,35.82749],[129.28138,35.82779],[129.28107,35.82833],[129.28132,35.82855],[129.28257,35.82848],[129.28344,35.82871],[129.28356,35.8286]]]}},{"type":"Feature","id":"TN_RIVER_BNDRY:WTR0100000001OWEG","properties":{"NF_ID":"WTR0100000001OWEG","admin_code":"47130","source_layer":"TN_RIVER_BNDRY","semantic":"zone","river_class":"지방하천","river_class_source":"중심선 공간조인","river_name":"북천","river_code":"1023130","survey_method":"사진측량"},"geometry":{"type":"Polygon","coordinates":[[[129.26004,35.84747],[129.26005,35.84794],[129.2619,35.84855],[129.2657,35.85059],[129.26647,35.85129],[129.26847,35.85137],[129.2688,35.85119],[129.26952,35.85136],[129.26975,35.8516],[129.26959,35.85231],[129.26981,35.85285],[129.27002,35.85283],[129.27002,35.8523],[129.27027,35.85208],[129.27082,35.85278],[129.27104,35.85282],[129.27128,35.85256],[129.27185,35.8511],[129.27256,35.85098],[129.27486,35.85003],[129.27703,35.84956],[129.27867,35.84804],[129.27946,35.84753],[129.27972,35.8469],[129.27993,35.84696],[129.27977,35.84676],[129.28027,35.84664],[129.28065,35.84588],[129.28058,35.84489],[129.28022,35.84462],[129.2802,35.84428],[129.2812,35.84503],[129.28196,35.84483],[129.28178,35.84455],[129.28185,35.84379],[129.28172,35.84348],[129.28099,35.84342],[129.28125,35.84303],[129.28109,35.84278],[129.28009,35.84219],[129.27962,35.84278],[129.27992,35.84203],[129.27939,35.842],[129.28137,35.84074],[129.28566,35.83842],[129.28599,35.838],[129.28777,35.83709],[129.28799,35.83674],[129.28973,35.83597],[129.29082,35.83521],[129.29125,35.83541],[129.29153,35.83511],[129.29344,35.83412],[129.29593,35.83331],[129.29588,35.83308],[129.29959,35.83244],[129.30208,35.83282],[129.30386,35.83274],[129.30896,35.83342],[129.3085,35.83323],[129.30829,35.83291],[129.30762,35.83274],[129.30279,35.83223],[129.30185,35.83193],[129.29994,35.83198],[129.29618,35.83268],[129.29654,35.83227],[129.296,35.83271],[129.2949,35.83298],[129.29183,35.83417],[129.29142,35.83456],[129.29057,35.83492],[129.2893,35.83582],[129.28918,35.8355],[129.28905,35.83594],[129.28675,35.83704],[129.28544,35.83745],[129.27855,35.84144],[129.27876,35.8408],[129.27846,35.84049],[129.27867,35.84039],[129.27889,35.84055],[129.27863,35.83975],[129.2784,35.8392],[129.278,35.83926],[129.27764,35.83881],[129.27718,35.83858],[129.27739,35.83839],[129.27727,35.83812],[129.2774,35.83793],[129.27715,35.83776],[129.27654,35.8379],[129.27645,35.83745],[129.27593,35.83776],[129.27527,35.83778],[129.27462,35.83828],[129.27433,35.83822],[129.27406,35.8384],[129.27393,35.83943],[129.27411,35.8411],[129.27241,35.84299],[129.27229,35.8436],[129.27251,35.84479],[129.27241,35.8454],[129.27203,35.84559],[129.27089,35.84555],[129.27065,35.84532],[129.26953,35.84542],[129.26797,35.84614],[129.26781,35.8467],[129.2675,35.84681],[129.26695,35.84768],[129.267,35.84975],[129.26653,35.84995],[129.26594,35.84996],[129.26436,35.84906],[129.26386,35.84913],[129.26147,35.84791],[129.26004,35.84747]]]}},{"type":"Feature","id":"TN_RIVER_BNDRY:WTR0100000001OWFH","properties":{"NF_ID":"WTR0100000001OWFH","admin_code":"47130","source_layer":"TN_RIVER_BNDRY","semantic":"zone","river_class":"지방하천","river_class_source":"중심선 공간조인","river_name":"북천","river_code":"1023130","survey_method":"사진측량"},"geometry":{"type":"Polygon","coordinates":[[[129.34501,35.82458],[129.3448,35.82466],[129.34541,35.82552],[129.34561,35.82624],[129.3459,35.82636],[129.34664,35.82627],[129.34692,35.82647],[129.34725,35.82797],[129.34759,35.82838],[129.34885,35.82844],[129.34962,35.82884],[129.34984,35.8291],[129.35008,35.82963],[129.35,35.83012],[129.35016,35.83051],[129.34985,35.83109],[129.35009,35.83201],[129.3504,35.83212],[129.35117,35.83202],[129.35154,35.83232],[129.35163,35.83292],[129.35133,35.83376],[129.35142,35.83415],[129.35187,35.83479],[129.35213,35.83477],[129.35274,35.83551],[129.35297,35.836],[129.35287,35.83639],[129.35334,35.8374],[129.35457,35.83785],[129.35456,35.83856],[129.3543,35.83907],[129.35534,35.84101],[129.35731,35.84278],[129.35862,35.84433],[129.35928,35.84476],[129.35896,35.84585],[129.35927,35.8469],[129.35959,35.84727],[129.36018,35.84745],[129.36027,35.84854],[129.36106,35.84925],[129.36118,35.84972],[129.36135,35.84977],[129.36116,35.84913],[129.36036,35.8484],[129.36034,35.84742],[129.35961,35.84715],[129.35935,35.84672],[129.35905,35.84589],[129.3594,35.84476],[129.3586,35.84415],[129.35829,35.84357],[129.35655,35.84186],[129.35636,35.84136],[129.35544,35.84052],[129.35522,35.83961],[129.35483,35.839],[129.35483,35.83781],[129.35338,35.83714],[129.35326,35.83585],[129.35263,35.8348],[129.35181,35.83428],[129.35169,35.83372],[129.3522,35.83277],[129.35221,35.83241],[129.35144,35.83185],[129.35025,35.83179],[129.3501,35.83123],[129.35032,35.83063],[129.35014,35.83014],[129.3502,35.8296],[129.34984,35.82888],[129.34896,35.82832],[129.34771,35.82825],[129.34712,35.82636],[129.34688,35.82617],[129.3458,35.82611],[129.34565,35.82542],[129.34501,35.82458]]]}},{"type":"Feature","id":"TN_RIVER_BNDRY:WTR0100000001OWGI","properties":{"NF_ID":"WTR0100000001OWGI","admin_code":"47130","source_layer":"TN_RIVER_BNDRY","semantic":"zone","river_class":"소하천","river_class_source":"중심선 공간조인","survey_method":"사진측량"},"geometry":{"type":"Polygon","coordinates":[[[129.30647,35.81173],[129.30567,35.81274],[129.30571,35.81383],[129.30606,35.81465],[129.30584,35.81511],[129.30635,35.81554],[129.30594,35.81511],[129.30622,35.81468],[129.30579,35.81378],[129.30606,35.81262],[129.30592,35.81243],[129.30647,35.81173]]]}},{"type":"Feature","id":"TN_RIVER_BNDRY:WTR0100000001OWHJ","properties":{"NF_ID":"WTR0100000001OWHJ","admin_code":"47130","source_layer":"TN_RIVER_BNDRY","semantic":"zone","river_class":"소하천","river_class_source":"중심선 공간조인","survey_method":"사진측량"},"geometry":{"type":"Polygon","coordinates":[[[129.31951,35.83106],[129.31844,35.83164],[129.31897,35.83167],[129.31938,35.83201],[129.32018,35.83213],[129.32025,35.83242],[129.32104,35.83243],[129.32156,35.83319],[129.32215,35.83324],[129.32242,35.83299],[129.32333,35.83327],[129.3225,35.8329],[129.32205,35.83318],[129.32173,35.8331],[129.32117,35.83235],[129.32048,35.83227],[129.3203,35.83186],[129.31951,35.83106]]]}},{"type":"Feature","id":"TN_RIVER_BNDRY:WTR0100000001OWIK","properties":{"NF_ID":"WTR0100000001OWIK","admin_code":"47130","source_layer":"TN_RIVER_BNDRY","semantic":"zone","river_class":"소하천","river_class_source":"중심선 공간조인","survey_method":"사진측량"},"geometry":{"type":"Polygon","coordinates":[[[129.29755,35.82986],[129.29704,35.83052],[129.29717,35.83141],[129.2967,35.83213],[129.29719,35.83141],[129.29706,35.83061],[129.29755,35.82986]]]}},{"type":"Feature","id":"TN_RIVER_BNDRY:WTR0100000001OWJL","properties":{"NF_ID":"WTR0100000001OWJL","admin_code":"47130","source_layer":"TN_RIVER_BNDRY","semantic":"zone","river_class":"소하천","river_class_source":"중심선 공간조인","survey_method":"사진측량"},"geometry":{"type":"Polygon","coordinates":[[[129.37649,35.79943],[129.37641,35.79944],[129.37645,35.79946],[129.37646,35.79948],[129.37646,35.7995],[129.37646,35.79959],[129.37647,35.79983],[129.37651,35.79979],[129.3765,35.79958],[129.3765,35.79948],[129.37649,35.79944],[129.37649,35.79943]]]}},{"type":"Feature","id":"TN_RIVER_BNDRY:WTR0100000001OWKM","properties":{"NF_ID":"WTR0100000001OWKM","admin_code":"47130","source_layer":"TN_RIVER_BNDRY","semantic":"zone","river_class":"소하천","river_class_source":"중심선 공간조인","survey_method":"사진측량"},"geometry":{"type":"Polygon","coordinates":[[[129.37649,35.79943],[129.37646,35.7993],[129.37636,35.7993],[129.37641,35.79944],[129.37649,35.79943]]]}},{"type":"Feature","id":"TN_RIVER_BNDRY:WTR0100000001OWLN","properties":{"NF_ID":"WTR0100000001OWLN","admin_code":"47130","source_layer":"TN_RIVER_BNDRY","semantic":"zone","river_class":"소하천","river_class_source":"중심선 공간조인","survey_method":"사진측량"},"geometry":{"type":"Polygon","coordinates":[[[129.31367,35.83849],[129.3107,35.84017],[129.31094,35.84041],[129.31188,35.84122],[129.3123,35.84136],[129.31269,35.84131],[129.31325,35.8416],[129.3141,35.84167],[129.31442,35.84189],[129.31445,35.84231],[129.31461,35.84223],[129.31579,35.84291],[129.31627,35.84336],[129.31746,35.8438],[129.31752,35.84418],[129.31789,35.84462],[129.31917,35.84565],[129.32061,35.84596],[129.32096,35.84665],[129.32142,35.84699],[129.32192,35.84708],[129.32274,35.847],[129.32369,35.84746],[129.32366,35.8473],[129.32276,35.84677],[129.32182,35.84669],[129.32166,35.84686],[129.32146,35.84682],[129.32114,35.84659],[129.32065,35.84573],[129.31929,35.84542],[129.31813,35.84462],[129.31753,35.84362],[129.31647,35.84264],[129.31587,35.84145],[129.31538,35.84088],[129.31487,35.84072],[129.31474,35.8403],[129.31456,35.8403],[129.31464,35.84019],[129.31434,35.83977],[129.31485,35.83963],[129.31461,35.83951],[129.31463,35.83939],[129.31422,35.83951],[129.31424,35.83917],[129.31406,35.83892],[129.31425,35.83883],[129.31393,35.83848],[129.31367,35.83849]]]}},{"type":"Feature","id":"TN_RIVER_BNDRY:WTR0100000001OWMO","properties":{"NF_ID":"WTR0100000001OWMO","admin_code":"47130","source_layer":"TN_RIVER_BNDRY","semantic":"zone","river_class":"소하천","river_class_source":"중심선 공간조인","survey_method":"사진측량"},"geometry":{"type":"Polygon","coordinates":[[[129.38859,35.80386],[129.38836,35.80447],[129.38782,35.8051],[129.38779,35.8059],[129.38731,35.80695],[129.38744,35.8083],[129.38713,35.80897],[129.38762,35.80959],[129.3876,35.81052],[129.38675,35.81105],[129.38679,35.81149],[129.38613,35.81257],[129.38611,35.81321],[129.38563,35.81361],[129.38539,35.81452],[129.38478,35.81491],[129.38432,35.81674],[129.38321,35.81854],[129.3832,35.81991],[129.38341,35.8204],[129.3831,35.82109],[129.38326,35.82145],[129.38316,35.82205],[129.38347,35.8215],[129.38339,35.82093],[129.38375,35.82047],[129.38358,35.81993],[129.38372,35.81864],[129.38512,35.81652],[129.38538,35.81521],[129.38589,35.81462],[129.38594,35.81379],[129.38639,35.81334],[129.38645,35.81277],[129.38687,35.8123],[129.38688,35.81192],[129.38714,35.81149],[129.38705,35.81093],[129.38774,35.81061],[129.38774,35.80963],[129.38732,35.8089],[129.38752,35.80837],[129.38747,35.80782],[129.38775,35.80735],[129.38749,35.80695],[129.38807,35.80588],[129.38818,35.80498],[129.38842,35.80466],[129.38859,35.80386]]]}},{"type":"Feature","id":"TN_RIVER_BNDRY:WTR0100000001OWNP","properties":{"NF_ID":"WTR0100000001OWNP","admin_code":"47130","source_layer":"TN_RIVER_BNDRY","semantic":"zone","river_class":"소하천","river_class_source":"중심선 공간조인","survey_method":"사진측량"},"geometry":{"type":"Polygon","coordinates":[[[129.26398,35.85707],[129.26392,35.85706],[129.26392,35.85709],[129.26392,35.8571],[129.26398,35.85711],[129.26398,35.85707]]]}},{"type":"Feature","id":"TN_RIVER_BNDRY:WTR0100000001OWOQ","properties":{"NF_ID":"WTR0100000001OWOQ","admin_code":"47130","source_layer":"TN_RIVER_BNDRY","semantic":"zone","river_class":"등급미확인","survey_method":"사진측량"},"geometry":{"type":"Polygon","coordinates":[[[129.25789,35.8849],[129.25791,35.88474],[129.25764,35.88479],[129.25654,35.88523],[129.25789,35.8849]]]}},{"type":"Feature","id":"TN_RIVER_BNDRY:WTR0100000001OWPR","properties":{"NF_ID":"WTR0100000001OWPR","admin_code":"47130","source_layer":"TN_RIVER_BNDRY","semantic":"zone","river_class":"등급미확인","survey_method":"사진측량"},"geometry":{"type":"Polygon","coordinates":[[[129.26398,35.85707],[129.26398,35.85711],[129.264,35.85712],[129.26408,35.85714],[129.26466,35.8573],[129.26487,35.85735],[129.26519,35.85744],[129.2652,35.8574],[129.26487,35.85731],[129.26468,35.85725],[129.26448,35.8572],[129.26427,35.85714],[129.26408,35.85709],[129.264,35.85707],[129.26398,35.85707]]]}},{"type":"Feature","id":"TN_RIVER_BNDRY:WTR0100000001OWQS","properties":{"NF_ID":"WTR0100000001OWQS","admin_code":"47130","source_layer":"TN_RIVER_BNDRY","semantic":"zone","river_class":"소하천","river_class_source":"중심선 공간조인","survey_method":"사진측량"},"geometry":{"type":"Polygon","coordinates":[[[129.33711,35.86503],[129.33696,35.86493],[129.33666,35.86524],[129.33608,35.8655],[129.33467,35.86564],[129.3334,35.8666],[129.33328,35.86697],[129.33275,35.86706],[129.33243,35.86738],[129.33096,35.86783],[129.32991,35.86882],[129.3294,35.8691],[129.32854,35.86911],[129.32813,35.86997],[129.32713,35.87061],[129.32679,35.87139],[129.32628,35.87194],[129.32592,35.87313],[129.3253,35.87408],[129.32377,35.87563],[129.32423,35.87581],[129.32495,35.87464],[129.32582,35.87397],[129.32617,35.87289],[129.32746,35.87112],[129.32735,35.87095],[129.32761,35.87039],[129.32846,35.86972],[129.32862,35.86915],[129.32912,35.86927],[129.3297,35.86911],[129.331,35.86792],[129.33196,35.86773],[129.33273,35.8672],[129.33341,35.867],[129.33374,35.8664],[129.33433,35.86612],[129.33468,35.86575],[129.33546,35.86554],[129.33609,35.86558],[129.33711,35.86503]]]}},{"type":"Feature","id":"TN_RIVER_BNDRY:WTR0100000001OWRT","properties":{"NF_ID":"WTR0100000001OWRT","admin_code":"47130","source_layer":"TN_RIVER_BNDRY","semantic":"zone","river_class":"소하천","river_class_source":"중심선 공간조인","survey_method":"사진측량"},"geometry":{"type":"Polygon","coordinates":[[[129.36905,35.82743],[129.36905,35.82733],[129.36882,35.82748],[129.36905,35.82743]]]}},{"type":"Feature","id":"TN_RIVER_BNDRY:WTR0100000001OWSU","properties":{"NF_ID":"WTR0100000001OWSU","admin_code":"47130","source_layer":"TN_RIVER_BNDRY","semantic":"zone","river_class":"소하천","river_class_source":"중심선 공간조인","survey_method":"사진측량"},"geometry":{"type":"Polygon","coordinates":[[[129.36915,35.8274],[129.36917,35.82735],[129.36918,35.82731],[129.36905,35.82733],[129.36905,35.82743],[129.36915,35.8274]]]}},{"type":"Feature","id":"TN_RIVER_BNDRY:WTR0100000001OWTV","properties":{"NF_ID":"WTR0100000001OWTV","admin_code":"47130","source_layer":"TN_RIVER_BNDRY","semantic":"zone","river_class":"소하천","river_class_source":"중심선 공간조인","survey_method":"사진측량"},"geometry":{"type":"Polygon","coordinates":[[[129.28356,35.8286],[129.2837,35.82866],[129.28386,35.82719],[129.28424,35.82615],[129.28575,35.82415],[129.28548,35.82346],[129.28495,35.8228],[129.2847,35.82196],[129.28399,35.82145],[129.28412,35.81954],[129.28443,35.81856],[129.28521,35.81734],[129.2844,35.81626],[129.28419,35.81542],[129.2842,35.81414],[129.28458,35.81226],[129.28457,35.81144],[129.28502,35.81019],[129.28422,35.80892],[129.28472,35.80831],[129.28505,35.8075],[129.28608,35.80664],[129.28604,35.80628],[129.28553,35.80573],[129.28559,35.8054],[129.28595,35.80502],[129.28654,35.80478],[129.28684,35.80384],[129.2886,35.80274],[129.28872,35.80221],[129.28849,35.80269],[129.28677,35.80378],[129.28648,35.80471],[129.28603,35.80487],[129.28542,35.80544],[129.28537,35.80581],[129.28581,35.80625],[129.28584,35.80671],[129.28483,35.80754],[129.28459,35.80821],[129.28405,35.80888],[129.28486,35.81028],[129.28441,35.81149],[129.28404,35.81414],[129.28404,35.8154],[129.28418,35.81618],[129.28499,35.81737],[129.2843,35.81846],[129.28408,35.81914],[129.28392,35.8215],[129.28453,35.82208],[129.28478,35.82295],[129.28553,35.82374],[129.28562,35.82415],[129.28467,35.82523],[129.28396,35.82639],[129.28356,35.8286]]]}},{"type":"Feature","id":"TN_RIVER_BNDRY:WTR0100000001OWUW","properties":{"NF_ID":"WTR0100000001OWUW","admin_code":"47130","source_layer":"TN_RIVER_BNDRY","semantic":"zone","river_class":"소하천","river_class_source":"중심선 공간조인","survey_method":"사진측량"},"geometry":{"type":"Polygon","coordinates":[[[129.29408,35.88524],[129.29442,35.88569],[129.29305,35.88682],[129.2939,35.88731],[129.29494,35.88754],[129.29597,35.8882],[129.2961,35.88797],[129.29597,35.88773],[129.29546,35.88731],[129.29494,35.88661],[129.29489,35.88628],[129.29453,35.88602],[129.29451,35.8856],[129.29408,35.88524]]]}},{"type":"Feature","id":"TN_RIVER_BNDRY:WTR0100000001OWVX","properties":{"NF_ID":"WTR0100000001OWVX","admin_code":"47130","source_layer":"TN_RIVER_BNDRY","semantic":"zone","river_class":"지방하천","river_class_source":"중심선 공간조인","river_name":"덕동천","river_code":"2120150","survey_method":"사진측량"},"geometry":{"type":"Polygon","coordinates":[[[129.31745,35.86931],[129.3171,35.86825],[129.31678,35.86613],[129.3161,35.8644],[129.31544,35.8633],[129.31461,35.86035],[129.31522,35.8601],[129.31453,35.86018],[129.31392,35.85903],[129.31275,35.85794],[129.31267,35.8576],[129.31256,35.85764],[129.3125,35.85903],[129.31344,35.85935],[129.31395,35.86001],[129.31437,35.86089],[129.31492,35.86286],[129.31658,35.8667],[129.3169,35.86946],[129.3171,35.86986],[129.31745,35.86931]]]}},{"type":"Feature","id":"TN_RIVER_BNDRY:WTR0100000001OWWY","properties":{"NF_ID":"WTR0100000001OWWY","admin_code":"47130","source_layer":"TN_RIVER_BNDRY","semantic":"zone","river_class":"소하천","river_class_source":"중심선 공간조인","survey_method":"사진측량"},"geometry":{"type":"Polygon","coordinates":[[[129.36918,35.82731],[129.36904,35.82687],[129.36858,35.82652],[129.36898,35.82599],[129.36839,35.82553],[129.36839,35.82509],[129.36872,35.82495],[129.36865,35.82476],[129.36906,35.82425],[129.36906,35.82322],[129.36866,35.82253],[129.369,35.82125],[129.36848,35.82018],[129.36886,35.81992],[129.36807,35.81944],[129.36825,35.81852],[129.36807,35.81837],[129.36766,35.81842],[129.36791,35.81802],[129.36754,35.81769],[129.36703,35.81786],[129.36691,35.81767],[129.36489,35.81664],[129.36477,35.8165],[129.36499,35.81631],[129.36422,35.81594],[129.36408,35.81539],[129.36332,35.81521],[129.3631,35.81476],[129.36291,35.81474],[129.3627,35.81494],[129.3622,35.81469],[129.36168,35.81466],[129.36173,35.81436],[129.36145,35.81438],[129.36105,35.81415],[129.3594,35.81397],[129.3584,35.81445],[129.35784,35.81434],[129.3575,35.81445],[129.35675,35.81502],[129.35686,35.81546],[129.35554,35.81552],[129.35488,35.81605],[129.35411,35.81533],[129.35382,35.81447],[129.35353,35.81425],[129.35288,35.81444],[129.35234,35.81501],[129.35216,35.81495],[129.35207,35.8146],[129.35134,35.81486],[129.35099,35.81445],[129.35021,35.81441],[129.34959,35.81458],[129.3492,35.81492],[129.34917,35.81535],[129.34941,35.81575],[129.34876,35.81561],[129.34836,35.81622],[129.3478,35.81602],[129.3473,35.81603],[129.34536,35.81541],[129.34452,35.81642],[129.34441,35.81738],[129.34338,35.81696],[129.34299,35.817],[129.34275,35.81718],[129.34273,35.81895],[129.34097,35.82134],[129.34074,35.82318],[129.34103,35.82313],[129.34122,35.82123],[129.34308,35.81876],[129.34313,35.8174],[129.34328,35.81716],[129.34448,35.81746],[129.34471,35.81638],[129.34547,35.81575],[129.34588,35.8157],[129.34753,35.81625],[129.34832,35.81632],[129.34859,35.81618],[129.34877,35.8157],[129.34951,35.81584],[129.34965,35.81501],[129.35001,35.81477],[129.35094,35.81465],[129.35133,35.81502],[129.35193,35.81481],[129.35205,35.81514],[129.35232,35.81522],[129.35278,35.81487],[129.35358,35.81467],[129.35404,35.81547],[129.3545,35.81595],[129.35498,35.81617],[129.3556,35.8156],[129.35689,35.81556],[129.35687,35.81497],[129.35765,35.81445],[129.35832,35.81452],[129.35961,35.81403],[129.36105,35.81421],[129.36136,35.81442],[129.36169,35.81441],[129.3616,35.81471],[129.36219,35.81473],[129.36271,35.81502],[129.36306,35.81481],[129.36323,35.81524],[129.36407,35.81546],[129.36418,35.81604],[129.36489,35.81631],[129.3647,35.81648],[129.36481,35.81667],[129.36687,35.8177],[129.367,35.81791],[129.3676,35.8178],[129.36784,35.81806],[129.36759,35.81845],[129.36803,35.81843],[129.3682,35.81859],[129.36801,35.81949],[129.3688,35.81995],[129.3684,35.82019],[129.36892,35.82126],[129.36859,35.82254],[129.369,35.82328],[129.36888,35.8239],[129.369,35.8242],[129.36859,35.82473],[129.36863,35.82495],[129.36831,35.82505],[129.36833,35.82556],[129.36891,35.82597],[129.36852,35.82654],[129.36903,35.82698],[129.36905,35.82733],[129.36918,35.82731]]]}},{"type":"Feature","id":"TN_RIVER_BNDRY:WTR0100000001OWXZ","properties":{"NF_ID":"WTR0100000001OWXZ","admin_code":"47130","source_layer":"TN_RIVER_BNDRY","semantic":"zone","river_class":"소하천","river_class_source":"중심선 공간조인","survey_method":"사진측량"},"geometry":{"type":"Polygon","coordinates":[[[129.28373,35.82878],[129.28344,35.82871],[129.28338,35.83262],[129.28159,35.83463],[129.28089,35.83513],[129.27742,35.83583],[129.27658,35.83565],[129.27641,35.83594],[129.27727,35.83596],[129.27698,35.83612],[129.2771,35.83615],[129.27798,35.83597],[129.27762,35.83618],[129.27804,35.83636],[129.27831,35.83608],[129.2791,35.83572],[129.28114,35.83522],[129.28173,35.83478],[129.28256,35.83361],[129.2835,35.83269],[129.28373,35.82878]]]}},{"type":"Feature","id":"TN_RIVER_BNDRY:WTR0100000001OWY0","properties":{"NF_ID":"WTR0100000001OWY0","admin_code":"47130","source_layer":"TN_RIVER_BNDRY","semantic":"zone","river_class":"소하천","river_class_source":"중심선 공간조인","survey_method":"사진측량"},"geometry":{"type":"Polygon","coordinates":[[[129.26624,35.88613],[129.26472,35.8861],[129.264,35.88572],[129.26273,35.88588],[129.26232,35.88531],[129.26139,35.88533],[129.26128,35.88472],[129.26095,35.88447],[129.25993,35.88468],[129.25804,35.88461],[129.25786,35.88487],[129.25813,35.88466],[129.26003,35.88474],[129.26097,35.88453],[129.26125,35.88484],[129.26133,35.88539],[129.26229,35.88535],[129.26269,35.88592],[129.26395,35.88579],[129.26493,35.88619],[129.26624,35.88613]]]}},{"type":"Feature","id":"TN_RIVER_BNDRY:WTR0100000001OWZ1","properties":{"NF_ID":"WTR0100000001OWZ1","admin_code":"47130","source_layer":"TN_RIVER_BNDRY","semantic":"zone","river_class":"소하천","river_class_source":"중심선 공간조인","survey_method":"사진측량"},"geometry":{"type":"Polygon","coordinates":[[[129.26297,35.86017],[129.2629,35.86052],[129.26172,35.86101],[129.25971,35.86125],[129.25675,35.86384],[129.25556,35.86422],[129.25537,35.86449],[129.25549,35.86471],[129.25508,35.86506],[129.25487,35.86628],[129.25448,35.86686],[129.25339,35.8672],[129.25319,35.86683],[129.25267,35.86647],[129.25248,35.86651],[129.25254,35.86661],[129.25335,35.86723],[129.25358,35.86725],[129.25495,35.86663],[129.25528,35.86691],[129.25574,35.86665],[129.25685,35.86507],[129.25567,35.86447],[129.25584,35.86419],[129.25681,35.86387],[129.25978,35.86127],[129.26169,35.86112],[129.26301,35.86054],[129.26297,35.86017]]]}},{"type":"Feature","id":"TN_RIVER_BNDRY:WTR0100000001OX03","properties":{"NF_ID":"WTR0100000001OX03","admin_code":"47130","source_layer":"TN_RIVER_BNDRY","semantic":"zone","river_class":"소하천","river_class_source":"중심선 공간조인","survey_method":"사진측량"},"geometry":{"type":"Polygon","coordinates":[[[129.27658,35.86691],[129.27655,35.86701],[129.27764,35.86691],[129.27899,35.86747],[129.27967,35.86807],[129.28,35.86816],[129.28126,35.86784],[129.28307,35.86797],[129.28436,35.86769],[129.28478,35.86813],[129.28566,35.86832],[129.28625,35.86922],[129.28681,35.86975],[129.28744,35.86995],[129.288,35.86996],[129.28822,35.8698],[129.28855,35.86994],[129.28913,35.87075],[129.28994,35.87118],[129.29058,35.87195],[129.29085,35.87191],[129.29136,35.87211],[129.29232,35.87209],[129.29292,35.87271],[129.29363,35.87237],[129.29431,35.87252],[129.29424,35.87231],[129.29351,35.87182],[129.29311,35.87074],[129.29408,35.86998],[129.29234,35.86995],[129.29083,35.87048],[129.29076,35.87176],[129.29061,35.87192],[129.29006,35.87119],[129.28914,35.87065],[129.28851,35.86985],[129.28824,35.86974],[129.28797,35.86991],[129.28757,35.8699],[129.28681,35.86964],[129.28622,35.86905],[129.28573,35.86824],[129.28481,35.86807],[129.28441,35.86757],[129.28308,35.86794],[129.2814,35.86769],[129.28005,35.86801],[129.27894,35.8673],[129.27773,35.8668],[129.27658,35.86691]]]}},{"type":"Feature","id":"TN_RIVER_BNDRY:WTR0100000001OX14","properties":{"NF_ID":"WTR0100000001OX14","admin_code":"47130","source_layer":"TN_RIVER_BNDRY","semantic":"zone","river_class":"소하천","river_class_source":"중심선 공간조인","survey_method":"사진측량"},"geometry":{"type":"Polygon","coordinates":[[[129.27962,35.8967],[129.27941,35.89666],[129.27943,35.8968],[129.28008,35.8974],[129.28079,35.8985],[129.28101,35.89967],[129.28185,35.9004],[129.28188,35.90117],[129.28164,35.90179],[129.2819,35.90214],[129.28239,35.9024],[129.28264,35.9028],[129.28259,35.90397],[129.28276,35.90403],[129.28179,35.90435],[129.28062,35.90413],[129.27923,35.90432],[129.27903,35.90475],[129.27936,35.90485],[129.27889,35.90549],[129.27835,35.9058],[129.27807,35.90631],[129.27859,35.90725],[129.27879,35.90928],[129.27923,35.90985],[129.27951,35.90998],[129.28018,35.91114],[129.2811,35.91142],[129.2814,35.91086],[129.28113,35.90998],[129.28132,35.90828],[129.28156,35.90869],[129.28246,35.90925],[129.28269,35.90958],[129.28356,35.90971],[129.28464,35.90967],[129.28528,35.90993],[129.28563,35.9098],[129.28601,35.91026],[129.28645,35.91049],[129.28676,35.9111],[129.28734,35.91121],[129.28768,35.91155],[129.28963,35.912],[129.29035,35.91233],[129.28966,35.91195],[129.28776,35.91153],[129.28726,35.9111],[129.28679,35.91105],[129.28652,35.91051],[129.28596,35.91016],[129.28564,35.90975],[129.28529,35.9099],[129.28474,35.9096],[129.28278,35.90954],[129.28247,35.90914],[129.28186,35.90887],[129.2814,35.90828],[129.2813,35.90787],[129.28147,35.90793],[129.28148,35.90763],[129.28211,35.90667],[129.28242,35.90539],[129.28301,35.90486],[129.28353,35.9047],[129.28418,35.90472],[129.28465,35.90446],[129.28488,35.90387],[129.28458,35.90338],[129.28289,35.90372],[129.28276,35.90364],[129.28273,35.90273],[129.28179,35.90178],[129.28201,35.90107],[129.28194,35.90031],[129.28112,35.89964],[129.28096,35.89861],[129.27962,35.8967]]]}},{"type":"Feature","id":"TN_RIVER_BNDRY:WTR0100000001OX25","properties":{"NF_ID":"WTR0100000001OX25","admin_code":"47130","source_layer":"TN_RIVER_BNDRY","semantic":"zone","river_class":"소하천","river_class_source":"중심선 공간조인","survey_method":"사진측량"},"geometry":{"type":"Polygon","coordinates":[[[129.28432,35.96236],[129.28418,35.96226],[129.28457,35.96111],[129.28454,35.95942],[129.28384,35.95784],[129.28408,35.95645],[129.28329,35.95529],[129.2827,35.95495],[129.28225,35.95418],[129.28142,35.9534],[129.28222,35.9543],[129.28251,35.95488],[129.28322,35.95531],[129.28397,35.95642],[129.28373,35.95776],[129.28431,35.95907],[129.28443,35.96108],[129.28436,35.96159],[129.28384,35.96265],[129.28432,35.96236]]]}},{"type":"Feature","id":"TN_RIVER_BNDRY:WTR0100000001OX36","properties":{"NF_ID":"WTR0100000001OX36","admin_code":"47130","source_layer":"TN_RIVER_BNDRY","semantic":"zone","river_class":"소하천","river_class_source":"중심선 공간조인","survey_method":"사진측량"},"geometry":{"type":"Polygon","coordinates":[[[129.29681,35.95028],[129.29626,35.95042],[129.29596,35.95102],[129.29459,35.95166],[129.29455,35.95196],[129.29483,35.9526],[129.29424,35.95285],[129.29399,35.95305],[129.29413,35.95317],[129.29437,35.95283],[129.29491,35.95265],[129.29467,35.95173],[129.29598,35.95108],[129.29636,35.95047],[129.29681,35.95028]]]}},{"type":"Feature","id":"TN_RIVER_BNDRY:WTR0100000001OX47","properties":{"NF_ID":"WTR0100000001OX47","admin_code":"47130","source_layer":"TN_RIVER_BNDRY","semantic":"zone","river_class":"소하천","river_class_source":"중심선 공간조인","survey_method":"사진측량"},"geometry":{"type":"Polygon","coordinates":[[[129.27995,35.96837],[129.27987,35.96781],[129.28023,35.96725],[129.28002,35.96662],[129.27904,35.96589],[129.27834,35.96506],[129.27901,35.96591],[129.27996,35.9666],[129.28015,35.96721],[129.27981,35.96783],[129.27995,35.96837]]]}},{"type":"Feature","id":"TN_RIVER_BNDRY:WTR0100000001OX69","properties":{"NF_ID":"WTR0100000001OX69","admin_code":"47130","source_layer":"TN_RIVER_BNDRY","semantic":"zone","river_class":"소하천","river_class_source":"중심선 공간조인","survey_method":"사진측량"},"geometry":{"type":"Polygon","coordinates":[[[129.30959,35.93729],[129.30947,35.93723],[129.30948,35.93745],[129.30977,35.93843],[129.30878,35.93874],[129.30841,35.93834],[129.30768,35.93857],[129.30752,35.93914],[129.30706,35.9398],[129.30642,35.94002],[129.30543,35.94008],[129.3049,35.94031],[129.30437,35.94001],[129.30345,35.9399],[129.30293,35.93946],[129.30245,35.93938],[129.30129,35.9399],[129.30104,35.94086],[129.30126,35.94096],[129.30147,35.93993],[129.30247,35.93947],[129.30295,35.93961],[129.30309,35.93991],[129.30381,35.94009],[129.30427,35.94006],[129.30484,35.9404],[129.30547,35.94016],[129.30709,35.93997],[129.30765,35.9393],[129.30777,35.93865],[129.30837,35.93846],[129.30874,35.93882],[129.30985,35.93853],[129.30995,35.93832],[129.30959,35.93729]]]}},{"type":"Feature","id":"TN_RIVER_BNDRY:WTR0100000001OX7A","properties":{"NF_ID":"WTR0100000001OX7A","admin_code":"47130","source_layer":"TN_RIVER_BNDRY","semantic":"zone","river_class":"소하천","river_class_source":"중심선 공간조인","survey_method":"사진측량"},"geometry":{"type":"Polygon","coordinates":[[[129.30126,35.94096],[129.30121,35.94105],[129.30172,35.94151],[129.30254,35.9418],[129.30181,35.94145],[129.30126,35.94096]]]}},{"type":"Feature","id":"TN_RIVER_BNDRY:WTR0100000001OX8B","properties":{"NF_ID":"WTR0100000001OX8B","admin_code":"47130","source_layer":"TN_RIVER_BNDRY","semantic":"zone","river_class":"소하천","river_class_source":"중심선 공간조인","survey_method":"사진측량"},"geometry":{"type":"Polygon","coordinates":[[[129.3095,35.93717],[129.30895,35.93704],[129.30857,35.93656],[129.30896,35.93711],[129.3095,35.93717]]]}},{"type":"Feature","id":"TN_RIVER_BNDRY:WTR0100000001OX9C","properties":{"NF_ID":"WTR0100000001OX9C","admin_code":"47130","source_layer":"TN_RIVER_BNDRY","semantic":"zone","river_class":"소하천","river_class_source":"중심선 공간조인","survey_method":"사진측량"},"geometry":{"type":"Polygon","coordinates":[[[129.31431,35.93349],[129.31399,35.93344],[129.31368,35.93371],[129.31353,35.93432],[129.31283,35.93462],[129.31232,35.93528],[129.31243,35.93537],[129.31287,35.93464],[129.31357,35.93434],[129.31364,35.9339],[129.31392,35.93352],[129.31431,35.93349]]]}},{"type":"Feature","id":"TN_RIVER_BNDRY:WTR0100000001OXAD","properties":{"NF_ID":"WTR0100000001OXAD","admin_code":"47130","source_layer":"TN_RIVER_BNDRY","semantic":"zone","river_class":"국가하천","river_class_source":"중심선 공간조인","river_name":"형산강","river_code":"2100010","survey_method":"사진측량"},"geometry":{"type":"Polygon","coordinates":[[[129.30379,35.99523],[129.29868,35.99438],[129.29632,35.99416],[129.29609,35.99427],[129.29611,35.99398],[129.29562,35.99423],[129.29433,35.99421],[129.29077,35.99366],[129.28863,35.9919],[129.28776,35.99095],[129.28685,35.9891],[129.28686,35.98726],[129.28641,35.98665],[129.28641,35.98609],[129.28357,35.98891],[129.28565,35.99328],[129.28864,35.99511],[129.29016,35.99549],[129.29195,35.99552],[129.29205,35.99569],[129.29172,35.99654],[129.29182,35.99662],[129.29207,35.99654],[129.2928,35.9956],[129.29334,35.99534],[129.29629,35.99525],[129.29934,35.99572],[129.30303,35.99664],[129.30379,35.99523]]]}},{"type":"Feature","id":"TN_RIVER_BNDRY:WTR0100000001OXBE","properties":{"NF_ID":"WTR0100000001OXBE","admin_code":"47130","source_layer":"TN_RIVER_BNDRY","semantic":"zone","river_class":"국가하천","river_class_source":"중심선 공간조인","river_name":"형산강","river_code":"2100010","survey_method":"사진측량"},"geometry":{"type":"Polygon","coordinates":[[[129.26995,35.98182],[129.27173,35.97945],[129.26914,35.97858],[129.26805,35.97858],[129.26697,35.97889],[129.26398,35.98071],[129.26373,35.98094],[129.26376,35.98112],[129.26235,35.982],[129.25474,35.98582],[129.25525,35.98832],[129.25618,35.98802],[129.26034,35.98542],[129.26261,35.98467],[129.26678,35.9826],[129.2684,35.98164],[129.26921,35.98154],[129.26995,35.98182]]]}},{"type":"Feature","id":"TN_RIVER_BNDRY:WTR0100000001OXCF","properties":{"NF_ID":"WTR0100000001OXCF","admin_code":"47130","source_layer":"TN_RIVER_BNDRY","semantic":"zone","river_class":"소하천","river_class_source":"중심선 공간조인","survey_method":"사진측량"},"geometry":{"type":"Polygon","coordinates":[[[129.25275,35.9681],[129.25286,35.96824],[129.25363,35.96721],[129.25275,35.9681]]]}},{"type":"Feature","id":"TN_RIVER_BNDRY:WTR0100000001OXFI","properties":{"NF_ID":"WTR0100000001OXFI","admin_code":"47130","source_layer":"TN_RIVER_BNDRY","semantic":"zone","river_class":"소하천","river_class_source":"중심선 공간조인","survey_method":"사진측량"},"geometry":{"type":"Polygon","coordinates":[[[129.31959,35.93617],[129.31986,35.93646],[129.32031,35.93636],[129.3207,35.93657],[129.32336,35.93657],[129.32193,35.93633],[129.32115,35.93632],[129.32085,35.93645],[129.32025,35.93625],[129.31991,35.93641],[129.31959,35.93617]]]}},{"type":"Feature","id":"TN_RIVER_BNDRY:WTR0100000001OXGJ","properties":{"NF_ID":"WTR0100000001OXGJ","admin_code":"47130","source_layer":"TN_RIVER_BNDRY","semantic":"zone","river_class":"소하천","river_class_source":"중심선 공간조인","survey_method":"사진측량"},"geometry":{"type":"Polygon","coordinates":[[[129.30478,35.95049],[129.30424,35.94986],[129.30313,35.94941],[129.30094,35.94804],[129.3003,35.94806],[129.30002,35.94821],[129.29955,35.94945],[129.29938,35.94945],[129.29878,35.94864],[129.29801,35.9489],[129.29763,35.94926],[129.29872,35.94874],[129.29929,35.94948],[129.29958,35.94951],[129.3001,35.94826],[129.30076,35.94809],[129.30193,35.94869],[129.30311,35.94952],[129.3041,35.94991],[129.30455,35.95054],[129.3047,35.95062],[129.30478,35.95049]]]}},{"type":"Feature","id":"TN_RIVER_BNDRY:WTR0100000001OXHK","properties":{"NF_ID":"WTR0100000001OXHK","admin_code":"47130","source_layer":"TN_RIVER_BNDRY","semantic":"zone","river_class":"소하천","river_class_source":"중심선 공간조인","survey_method":"사진측량"},"geometry":{"type":"Polygon","coordinates":[[[129.29771,35.94928],[129.29764,35.94927],[129.29763,35.94928],[129.29677,35.95024],[129.29673,35.95027],[129.29681,35.95028],[129.29685,35.95026],[129.29693,35.95017],[129.29693,35.95017],[129.29772,35.94928],[129.29771,35.94928]]]}},{"type":"Feature","id":"TN_RIVER_BNDRY:WTR0100000001OXRU","properties":{"NF_ID":"WTR0100000001OXRU","admin_code":"47130","source_layer":"TN_RIVER_BNDRY","semantic":"zone","river_class":"소하천","river_class_source":"중심선 공간조인","survey_method":"사진측량"},"geometry":{"type":"Polygon","coordinates":[[[129.30092,35.94104],[129.30104,35.94086],[129.30018,35.94071],[129.29944,35.9413],[129.2994,35.94163],[129.29898,35.94206],[129.29871,35.94216],[129.29787,35.9416],[129.29713,35.94149],[129.29516,35.942],[129.29409,35.94255],[129.29291,35.94261],[129.29396,35.94348],[129.29448,35.94278],[129.29461,35.94302],[129.29491,35.943],[129.29596,35.94204],[129.29753,35.94167],[129.29832,35.94219],[129.29886,35.94225],[129.29953,35.94169],[129.29957,35.94139],[129.30028,35.94089],[129.30092,35.94104]]]}},{"type":"Feature","id":"TN_RIVER_BNDRY:WTR0100000001OXSV","properties":{"NF_ID":"WTR0100000001OXSV","admin_code":"47130","source_layer":"TN_RIVER_BNDRY","semantic":"zone","river_class":"지방하천","river_class_source":"중심선 공간조인","river_name":"왕신천","river_code":"2120270","survey_method":"사진측량"},"geometry":{"type":"Polygon","coordinates":[[[129.28025,35.96888],[129.27987,35.96843],[129.27935,35.96888],[129.27889,35.96965],[129.27867,35.97095],[129.27747,35.97391],[129.27754,35.97567],[129.27772,35.97575],[129.27741,35.97575],[129.27687,35.97641],[129.27344,35.97913],[129.27273,35.97941],[129.27173,35.97945],[129.27446,35.98035],[129.27441,35.97982],[129.27467,35.97935],[129.27781,35.97669],[129.27834,35.97554],[129.27836,35.9734],[129.28002,35.96915],[129.28025,35.96888]]]}},{"type":"Feature","id":"TN_RIVER_BNDRY:WTR0100000001OXUX","properties":{"NF_ID":"WTR0100000001OXUX","admin_code":"47130","source_layer":"TN_RIVER_BNDRY","semantic":"zone","river_class":"국가하천","river_class_source":"중심선 공간조인","river_name":"형산강","river_code":"2100010","survey_method":"사진측량"},"geometry":{"type":"Polygon","coordinates":[[[129.28641,35.98609],[129.28637,35.98588],[129.28295,35.98794],[129.28357,35.98891],[129.28641,35.98609]]]}},{"type":"Feature","id":"TN_RIVER_BNDRY:WTR0100000001OXVY","properties":{"NF_ID":"WTR0100000001OXVY","admin_code":"47130","source_layer":"TN_RIVER_BNDRY","semantic":"zone","river_class":"소하천","river_class_source":"중심선 공간조인","survey_method":"사진측량"},"geometry":{"type":"Polygon","coordinates":[[[129.29961,35.95957],[129.29959,35.95948],[129.29954,35.95949],[129.29956,35.95958],[129.29961,35.95957]]]}},{"type":"Feature","id":"TN_RIVER_BNDRY:WTR0100000001OXWZ","properties":{"NF_ID":"WTR0100000001OXWZ","admin_code":"47130","source_layer":"TN_RIVER_BNDRY","semantic":"zone","river_class":"소하천","river_class_source":"중심선 공간조인","survey_method":"사진측량"},"geometry":{"type":"Polygon","coordinates":[[[129.29956,35.95958],[129.29954,35.95949],[129.299,35.95957],[129.29857,35.95946],[129.29691,35.95989],[129.29629,35.96021],[129.29439,35.95987],[129.29439,35.96004],[129.29627,35.96025],[129.29688,35.95995],[129.29862,35.95951],[129.29901,35.95963],[129.29956,35.95958]]]}},{"type":"Feature","id":"TN_RIVER_BNDRY:WTR0100000001OXX0","properties":{"NF_ID":"WTR0100000001OXX0","admin_code":"47130","source_layer":"TN_RIVER_BNDRY","semantic":"zone","river_class":"소하천","river_class_source":"중심선 공간조인","survey_method":"사진측량"},"geometry":{"type":"Polygon","coordinates":[[[129.29959,35.95948],[129.30061,35.95993],[129.30102,35.95991],[129.29959,35.95948]]]}},{"type":"Feature","id":"TN_RIVER_BNDRY:WTR0100000001OXY1","properties":{"NF_ID":"WTR0100000001OXY1","admin_code":"47130","source_layer":"TN_RIVER_BNDRY","semantic":"zone","river_class":"소하천","river_class_source":"중심선 공간조인","survey_method":"사진측량"},"geometry":{"type":"Polygon","coordinates":[[[129.29959,35.95948],[129.29975,35.95914],[129.29967,35.95883],[129.29959,35.95948]]]}},{"type":"Feature","id":"TN_RIVER_BNDRY:WTR0100000001OXZ2","properties":{"NF_ID":"WTR0100000001OXZ2","admin_code":"47130","source_layer":"TN_RIVER_BNDRY","semantic":"zone","river_class":"지방하천","river_class_source":"중심선 공간조인","river_name":"왕신천","river_code":"2120270","survey_method":"사진측량"},"geometry":{"type":"Polygon","coordinates":[[[129.28899,35.96237],[129.28937,35.96195],[129.28807,35.96153],[129.28689,35.96147],[129.28573,35.96165],[129.28432,35.96236],[129.28479,35.96283],[129.28556,35.9622],[129.28646,35.96193],[129.28799,35.96198],[129.28899,35.96237]]]}},{"type":"Feature","id":"TN_RIVER_BNDRY:WTR0100000001OY04","properties":{"NF_ID":"WTR0100000001OY04","admin_code":"47130","source_layer":"TN_RIVER_BNDRY","semantic":"zone","river_class":"지방하천","river_class_source":"중심선 공간조인","river_name":"왕신천","river_code":"2120270","survey_method":"사진측량"},"geometry":{"type":"Polygon","coordinates":[[[129.28447,35.96331],[129.28384,35.96265],[129.28323,35.96373],[129.28232,35.96455],[129.28171,35.96678],[129.27995,35.96837],[129.2803,35.96883],[129.28213,35.96723],[129.28245,35.9667],[129.28295,35.96506],[129.28447,35.96331]]]}},{"type":"Feature","id":"TN_RIVER_BNDRY:WTR0100000001OY15","properties":{"NF_ID":"WTR0100000001OY15","admin_code":"47130","source_layer":"TN_RIVER_BNDRY","semantic":"zone","river_class":"지방하천","river_class_source":"중심선 공간조인","river_name":"왕신천","river_code":"2120270","survey_method":"사진측량"},"geometry":{"type":"Polygon","coordinates":[[[129.29081,35.92521],[129.29071,35.92517],[129.29064,35.92533],[129.29074,35.92538],[129.29081,35.92521]]]}},{"type":"Feature","id":"TN_RIVER_BNDRY:WTR0100000001OY26","properties":{"NF_ID":"WTR0100000001OY26","admin_code":"47130","source_layer":"TN_RIVER_BNDRY","semantic":"zone","river_class":"지방하천","river_class_source":"중심선 공간조인","river_name":"왕신천","river_code":"2120270","survey_method":"사진측량"},"geometry":{"type":"Polygon","coordinates":[[[129.29064,35.92533],[129.29071,35.92517],[129.28984,35.92502],[129.28927,35.92513],[129.28879,35.92542],[129.28841,35.92604],[129.28846,35.92716],[129.28823,35.92789],[129.28771,35.92824],[129.287,35.92837],[129.28698,35.9286],[129.28787,35.92834],[129.28835,35.92794],[129.28867,35.92724],[129.28872,35.92582],[129.28899,35.92549],[129.2898,35.9252],[129.29064,35.92533]]]}},{"type":"Feature","id":"TN_RIVER_BNDRY:WTR0100000001OY37","properties":{"NF_ID":"WTR0100000001OY37","admin_code":"47130","source_layer":"TN_RIVER_BNDRY","semantic":"zone","river_class":"지방하천","river_class_source":"중심선 공간조인","river_name":"왕신천","river_code":"2120270","survey_method":"사진측량"},"geometry":{"type":"Polygon","coordinates":[[[129.28698,35.9286],[129.287,35.92837],[129.28681,35.92839],[129.28698,35.9286]]]}},{"type":"Feature","id":"TN_RIVER_BNDRY:WTR0100000001OY48","properties":{"NF_ID":"WTR0100000001OY48","admin_code":"47130","source_layer":"TN_RIVER_BNDRY","semantic":"zone","river_class":"소하천","river_class_source":"중심선 공간조인","survey_method":"사진측량"},"geometry":{"type":"Polygon","coordinates":[[[129.31959,35.93617],[129.31953,35.93614],[129.31947,35.93619],[129.31953,35.9362],[129.31955,35.93621],[129.31959,35.93617]]]}},{"type":"Feature","id":"TN_RIVER_BNDRY:WTR0100000001OY59","properties":{"NF_ID":"WTR0100000001OY59","admin_code":"47130","source_layer":"TN_RIVER_BNDRY","semantic":"zone","river_class":"소하천","river_class_source":"중심선 공간조인","survey_method":"사진측량"},"geometry":{"type":"Polygon","coordinates":[[[129.31433,35.93345],[129.3144,35.93347],[129.3144,35.93346],[129.31442,35.93331],[129.31443,35.93323],[129.31443,35.93312],[129.3144,35.93323],[129.31434,35.93344],[129.31433,35.93345]]]}},{"type":"Feature","id":"TN_RIVER_BNDRY:WTR0100000001OY6A","properties":{"NF_ID":"WTR0100000001OY6A","admin_code":"47130","source_layer":"TN_RIVER_BNDRY","semantic":"zone","river_class":"소하천","river_class_source":"중심선 공간조인","survey_method":"사진측량"},"geometry":{"type":"Polygon","coordinates":[[[129.3144,35.93347],[129.31433,35.93345],[129.31431,35.93349],[129.31439,35.9335],[129.3144,35.93347]]]}},{"type":"Feature","id":"TN_RIVER_BNDRY:WTR0100000001OY7B","properties":{"NF_ID":"WTR0100000001OY7B","admin_code":"47130","source_layer":"TN_RIVER_BNDRY","semantic":"zone","river_class":"소하천","river_class_source":"중심선 공간조인","survey_method":"사진측량"},"geometry":{"type":"Polygon","coordinates":[[[129.3144,35.93347],[129.31439,35.9335],[129.31445,35.93351],[129.31449,35.93351],[129.31454,35.9335],[129.31459,35.9335],[129.31456,35.93349],[129.31453,35.93348],[129.31446,35.93349],[129.31441,35.93348],[129.3144,35.93347]]]}},{"type":"Feature","id":"TN_RIVER_BNDRY:WTR0100000001OY8C","properties":{"NF_ID":"WTR0100000001OY8C","admin_code":"47130","source_layer":"TN_RIVER_BNDRY","semantic":"zone","river_class":"소하천","river_class_source":"중심선 공간조인","survey_method":"사진측량"},"geometry":{"type":"Polygon","coordinates":[[[129.31243,35.93537],[129.31232,35.93528],[129.31227,35.93532],[129.31236,35.9354],[129.31238,35.93543],[129.31243,35.93537]]]}},{"type":"Feature","id":"TN_RIVER_BNDRY:WTR0100000001OY9D","properties":{"NF_ID":"WTR0100000001OY9D","admin_code":"47130","source_layer":"TN_RIVER_BNDRY","semantic":"zone","river_class":"소하천","river_class_source":"중심선 공간조인","survey_method":"사진측량"},"geometry":{"type":"Polygon","coordinates":[[[129.31953,35.93614],[129.3199,35.93581],[129.32035,35.9358],[129.32078,35.93543],[129.32109,35.93471],[129.32104,35.93435],[129.32126,35.93421],[129.32094,35.93441],[129.32097,35.93472],[129.32068,35.9354],[129.32028,35.93576],[129.31985,35.93576],[129.31953,35.93614]]]}},{"type":"Feature","id":"TN_RIVER_BNDRY:WTR0100000001OYAE","properties":{"NF_ID":"WTR0100000001OYAE","admin_code":"47130","source_layer":"TN_RIVER_BNDRY","semantic":"zone","river_class":"소하천","river_class_source":"중심선 공간조인","survey_method":"사진측량"},"geometry":{"type":"Polygon","coordinates":[[[129.31947,35.93619],[129.31736,35.93627],[129.31659,35.93651],[129.31606,35.93643],[129.31489,35.93656],[129.31411,35.93574],[129.31295,35.93579],[129.31238,35.93543],[129.31285,35.93586],[129.31418,35.93584],[129.31492,35.9366],[129.31606,35.9365],[129.31677,35.93659],[129.31744,35.93633],[129.31947,35.93619]]]}},{"type":"Feature","id":"TN_RIVER_BNDRY:WTR0100000001OYBF","properties":{"NF_ID":"WTR0100000001OYBF","admin_code":"47130","source_layer":"TN_RIVER_BNDRY","semantic":"zone","river_class":"소하천","river_class_source":"중심선 공간조인","survey_method":"사진측량"},"geometry":{"type":"Polygon","coordinates":[[[129.30964,35.93717],[129.30947,35.93723],[129.30959,35.93729],[129.30964,35.93717]]]}},{"type":"Feature","id":"TN_RIVER_BNDRY:WTR0100000001OYCG","properties":{"NF_ID":"WTR0100000001OYCG","admin_code":"47130","source_layer":"TN_RIVER_BNDRY","semantic":"zone","river_class":"소하천","river_class_source":"중심선 공간조인","survey_method":"사진측량"},"geometry":{"type":"Polygon","coordinates":[[[129.30126,35.94096],[129.30104,35.94086],[129.30092,35.94104],[129.30126,35.94096]]]}},{"type":"Feature","id":"TN_RIVER_BNDRY:WTR0100000001OYDH","properties":{"NF_ID":"WTR0100000001OYDH","admin_code":"47130","source_layer":"TN_RIVER_BNDRY","semantic":"zone","river_class":"소하천","river_class_source":"중심선 공간조인","survey_method":"사진측량"},"geometry":{"type":"Polygon","coordinates":[[[129.31227,35.93532],[129.31152,35.93494],[129.31074,35.93511],[129.31029,35.93635],[129.3095,35.93717],[129.31045,35.93628],[129.31079,35.93515],[129.31159,35.93503],[129.31227,35.93532]]]}},{"type":"Feature","id":"TN_RIVER_BNDRY:WTR0100000001OYEI","properties":{"NF_ID":"WTR0100000001OYEI","admin_code":"47130","source_layer":"TN_RIVER_BNDRY","semantic":"zone","river_class":"소하천","river_class_source":"중심선 공간조인","survey_method":"사진측량"},"geometry":{"type":"Polygon","coordinates":[[[129.27454,35.94763],[129.27413,35.94705],[129.2749,35.94642],[129.2753,35.94563],[129.275,35.94495],[129.27518,35.94537],[129.27511,35.94569],[129.27482,35.94629],[129.27406,35.94706],[129.27428,35.94771],[129.27454,35.94763]]]}},{"type":"Feature","id":"TN_RIVER_BNDRY:WTR0100000001OYFJ","properties":{"NF_ID":"WTR0100000001OYFJ","admin_code":"47130","source_layer":"TN_RIVER_BNDRY","semantic":"zone","river_class":"지방하천","river_class_source":"중심선 공간조인","river_name":"왕신천","river_code":"2120270","survey_method":"사진측량"},"geometry":{"type":"Polygon","coordinates":[[[129.28976,35.96205],[129.28937,35.96195],[129.28899,35.96237],[129.2894,35.96242],[129.28976,35.96205]]]}},{"type":"Feature","id":"TN_RIVER_BNDRY:WTR0100000001OYGK","properties":{"NF_ID":"WTR0100000001OYGK","admin_code":"47130","source_layer":"TN_RIVER_BNDRY","semantic":"zone","river_class":"지방하천","river_class_source":"중심선 공간조인","river_name":"왕신천","river_code":"2120270","survey_method":"사진측량"},"geometry":{"type":"Polygon","coordinates":[[[129.29413,35.95317],[129.29399,35.95305],[129.29371,35.95343],[129.2938,35.95353],[129.29413,35.95317]]]}},{"type":"Feature","id":"TN_RIVER_BNDRY:WTR0100000001OYHL","properties":{"NF_ID":"WTR0100000001OYHL","admin_code":"47130","source_layer":"TN_RIVER_BNDRY","semantic":"zone","river_class":"지방하천","river_class_source":"중심선 공간조인","river_name":"왕신천","river_code":"2120270","survey_method":"사진측량"},"geometry":{"type":"Polygon","coordinates":[[[129.29413,35.95317],[129.2938,35.95353],[129.29461,35.95485],[129.29483,35.95572],[129.29475,35.95674],[129.29386,35.95977],[129.29439,35.95987],[129.29524,35.95677],[129.29529,35.95568],[129.29499,35.95452],[129.29413,35.95317]]]}},{"type":"Feature","id":"TN_RIVER_BNDRY:WTR0100000001OYIM","properties":{"NF_ID":"WTR0100000001OYIM","admin_code":"47130","source_layer":"TN_RIVER_BNDRY","semantic":"zone","river_class":"지방하천","river_class_source":"중심선 공간조인","river_name":"왕신천","river_code":"2120270","survey_method":"사진측량"},"geometry":{"type":"Polygon","coordinates":[[[129.29439,35.95987],[129.29386,35.95977],[129.29382,35.95992],[129.29439,35.96004],[129.29439,35.95987]]]}},{"type":"Feature","id":"TN_RIVER_BNDRY:WTR0100000001OYJN","properties":{"NF_ID":"WTR0100000001OYJN","admin_code":"47130","source_layer":"TN_RIVER_BNDRY","semantic":"zone","river_class":"소하천","river_class_source":"중심선 공간조인","survey_method":"사진측량"},"geometry":{"type":"Polygon","coordinates":[[[129.28134,35.95346],[129.28128,35.95337],[129.28071,35.95362],[129.28134,35.95346]]]}},{"type":"Feature","id":"TN_RIVER_BNDRY:WTR0100000001OYKO","properties":{"NF_ID":"WTR0100000001OYKO","admin_code":"47130","source_layer":"TN_RIVER_BNDRY","semantic":"zone","river_class":"소하천","river_class_source":"중심선 공간조인","survey_method":"사진측량"},"geometry":{"type":"Polygon","coordinates":[[[129.28142,35.9534],[129.28141,35.95339],[129.2814,35.95336],[129.28128,35.95337],[129.28134,35.95346],[129.28142,35.9534]]]}},{"type":"Feature","id":"TN_RIVER_BNDRY:WTR0100000001OYLP","properties":{"NF_ID":"WTR0100000001OYLP","admin_code":"47130","source_layer":"TN_RIVER_BNDRY","semantic":"zone","river_class":"지방하천","river_class_source":"중심선 공간조인","river_name":"왕신천","river_code":"2120270","survey_method":"사진측량"},"geometry":{"type":"Polygon","coordinates":[[[129.29439,35.96004],[129.29382,35.95992],[129.293,35.96163],[129.29253,35.96198],[129.29181,35.9622],[129.28976,35.96205],[129.2894,35.96242],[129.2912,35.96285],[129.29218,35.96292],[129.29278,35.96278],[129.29341,35.96215],[129.29439,35.96004]]]}},{"type":"Feature","id":"TN_RIVER_BNDRY:WTR0100000001OYMQ","properties":{"NF_ID":"WTR0100000001OYMQ","admin_code":"47130","source_layer":"TN_RIVER_BNDRY","semantic":"zone","river_class":"소하천","river_class_source":"중심선 공간조인","survey_method":"사진측량"},"geometry":{"type":"Polygon","coordinates":[[[129.30491,35.95065],[129.3047,35.95062],[129.30511,35.95127],[129.30587,35.95182],[129.30539,35.95148],[129.30491,35.95065]]]}},{"type":"Feature","id":"TN_RIVER_BNDRY:WTR0100000001OYNR","properties":{"NF_ID":"WTR0100000001OYNR","admin_code":"47130","source_layer":"TN_RIVER_BNDRY","semantic":"zone","river_class":"소하천","river_class_source":"중심선 공간조인","survey_method":"사진측량"},"geometry":{"type":"Polygon","coordinates":[[[129.30484,35.95049],[129.3047,35.95062],[129.30491,35.95065],[129.30484,35.95049]]]}},{"type":"Feature","id":"TN_RIVER_BNDRY:WTR0100000001OYOS","properties":{"NF_ID":"WTR0100000001OYOS","admin_code":"47130","source_layer":"TN_RIVER_BNDRY","semantic":"zone","river_class":"소하천","river_class_source":"중심선 공간조인","survey_method":"사진측량"},"geometry":{"type":"Polygon","coordinates":[[[129.30484,35.95049],[129.30542,35.95099],[129.30599,35.95102],[129.30662,35.95129],[129.30792,35.95129],[129.30901,35.95158],[129.3097,35.95148],[129.31012,35.95182],[129.31062,35.95192],[129.30974,35.95143],[129.30912,35.95151],[129.30787,35.95121],[129.30663,35.95123],[129.30594,35.95087],[129.30534,35.95081],[129.30484,35.95049]]]}},{"type":"Feature","id":"TN_RIVER_BNDRY:WTR0100000001OYSW","properties":{"NF_ID":"WTR0100000001OYSW","admin_code":"47130","source_layer":"TN_RIVER_BNDRY","semantic":"zone","river_class":"소하천","river_class_source":"중심선 공간조인","survey_method":"사진측량"},"geometry":{"type":"Polygon","coordinates":[[[129.2814,35.95336],[129.28148,35.95287],[129.28123,35.95231],[129.28037,35.95146],[129.27996,35.95037],[129.27959,35.95],[129.27809,35.94912],[129.27768,35.94915],[129.27736,35.94964],[129.27682,35.94965],[129.27511,35.94866],[129.275,35.9481],[129.27451,35.94782],[129.27413,35.948],[129.27467,35.94848],[129.27498,35.94818],[129.27493,35.94862],[129.27668,35.94969],[129.27734,35.94974],[129.27775,35.94929],[129.27807,35.94924],[129.27968,35.95027],[129.28024,35.95144],[129.28115,35.95236],[129.28138,35.95288],[129.28128,35.95337],[129.2814,35.95336]]]}},{"type":"Feature","id":"TN_RIVER_BNDRY:WTR0100000001OYTX","properties":{"NF_ID":"WTR0100000001OYTX","admin_code":"47130","source_layer":"TN_RIVER_BNDRY","semantic":"zone","river_class":"지방하천","river_class_source":"중심선 공간조인","river_name":"왕신천","river_code":"2120270","survey_method":"사진측량"},"geometry":{"type":"Polygon","coordinates":[[[129.29399,35.95305],[129.29328,35.95224],[129.2912,35.94856],[129.29044,35.9477],[129.29013,35.94704],[129.2931,35.94675],[129.29367,35.94635],[129.29402,35.94576],[129.2939,35.94517],[129.29414,35.94413],[129.29396,35.94348],[129.28933,35.94353],[129.28941,35.94449],[129.28972,35.94524],[129.28939,35.9464],[129.28975,35.9465],[129.28995,35.94673],[129.29112,35.94946],[129.29262,35.95231],[129.29371,35.95343],[129.29399,35.95305]]]}},{"type":"Feature","id":"TN_RIVER_BNDRY:WTR0100000001OYUY","properties":{"NF_ID":"WTR0100000001OYUY","admin_code":"47130","source_layer":"TN_RIVER_BNDRY","semantic":"zone","river_class":"지방하천","river_class_source":"중심선 공간조인","river_name":"왕신천","river_code":"2120270","survey_method":"사진측량"},"geometry":{"type":"Polygon","coordinates":[[[129.2803,35.96883],[129.27995,35.96837],[129.27987,35.96843],[129.28025,35.96888],[129.2803,35.96883]]]}},{"type":"Feature","id":"TN_RIVER_BNDRY:WTR0100000001OYVZ","properties":{"NF_ID":"WTR0100000001OYVZ","admin_code":"47130","source_layer":"TN_RIVER_BNDRY","semantic":"zone","river_class":"지방하천","river_class_source":"중심선 공간조인","river_name":"왕신천","river_code":"2120270","survey_method":"사진측량"},"geometry":{"type":"Polygon","coordinates":[[[129.28479,35.96283],[129.28432,35.96236],[129.28384,35.96265],[129.28447,35.96331],[129.28479,35.96283]]]}},{"type":"Feature","id":"TN_RIVER_BNDRY:WTR0100000001OYW0","properties":{"NF_ID":"WTR0100000001OYW0","admin_code":"47130","source_layer":"TN_RIVER_BNDRY","semantic":"zone","river_class":"지방하천","river_class_source":"중심선 공간조인","river_name":"왕신천","river_code":"2120270","survey_method":"사진측량"},"geometry":{"type":"Polygon","coordinates":[[[129.28696,35.92863],[129.28681,35.92839],[129.28652,35.92881],[129.28591,35.93103],[129.28584,35.93426],[129.28609,35.93512],[129.28778,35.93707],[129.28944,35.94004],[129.28979,35.94123],[129.28966,35.94247],[129.29291,35.94261],[129.29272,35.94175],[129.29185,35.94069],[129.29132,35.93946],[129.2893,35.939],[129.28869,35.93773],[129.2867,35.93544],[129.28633,35.93467],[129.28615,35.9337],[129.2864,35.93123],[129.2863,35.93031],[129.28696,35.92863]]]}},{"type":"Feature","id":"TN_RIVER_BNDRY:WTR0100000001OYX1","properties":{"NF_ID":"WTR0100000001OYX1","admin_code":"47130","source_layer":"TN_RIVER_BNDRY","semantic":"zone","river_class":"국가하천","river_class_source":"중심선 공간조인","river_name":"형산강","river_code":"2100010","survey_method":"사진측량"},"geometry":{"type":"Polygon","coordinates":[[[129.28637,35.98588],[129.27512,35.981],[129.27446,35.98035],[129.27263,35.98312],[129.27311,35.98343],[129.27491,35.98396],[129.28162,35.98702],[129.28295,35.98794],[129.28637,35.98588]]]}},{"type":"Feature","id":"TN_RIVER_BNDRY:WTR0100000001OYY2","properties":{"NF_ID":"WTR0100000001OYY2","admin_code":"47130","source_layer":"TN_RIVER_BNDRY","semantic":"zone","river_class":"소하천","river_class_source":"중심선 공간조인","survey_method":"사진측량"},"geometry":{"type":"Polygon","coordinates":[[[129.2912,35.99858],[129.29205,35.99724],[129.29204,35.99702],[129.2912,35.99858]]]}},{"type":"Feature","id":"TN_RIVER_BNDRY:WTR0100000001OZ5A","properties":{"NF_ID":"WTR0100000001OZ5A","admin_code":"47130","source_layer":"TN_RIVER_BNDRY","semantic":"zone","river_class":"지방하천","river_class_source":"중심선 공간조인","river_name":"기계천","river_code":"2120240","survey_method":"사진측량"},"geometry":{"type":"Polygon","coordinates":[[[129.25297,35.99154],[129.25088,35.99141],[129.25084,35.99155],[129.25291,35.992],[129.25297,35.99154]]]}},{"type":"Feature","id":"TN_RIVER_BNDRY:WTR0100000001OZ6B","properties":{"NF_ID":"WTR0100000001OZ6B","admin_code":"47130","source_layer":"TN_RIVER_BNDRY","semantic":"zone","river_class":"지방하천","river_class_source":"중심선 공간조인","river_name":"기계천","river_code":"2120240","survey_method":"사진측량"},"geometry":{"type":"Polygon","coordinates":[[[129.25525,35.98832],[129.25272,35.98823],[129.252,35.98862],[129.25165,35.99086],[129.25136,35.99107],[129.25106,35.99102],[129.25088,35.99141],[129.25297,35.99154],[129.25359,35.99043],[129.25417,35.98977],[129.2545,35.98963],[129.25525,35.98832]]]}},{"type":"Feature","id":"TN_RIVER_BNDRY:WTR0100000001OZ7C","properties":{"NF_ID":"WTR0100000001OZ7C","admin_code":"47130","source_layer":"TN_RIVER_BNDRY","semantic":"zone","river_class":"국가하천","river_class_source":"중심선 공간조인","river_name":"형산강","river_code":"2100010","survey_method":"사진측량"},"geometry":{"type":"Polygon","coordinates":[[[129.25474,35.98582],[129.25345,35.98598],[129.25272,35.98823],[129.25525,35.98832],[129.25474,35.98582]]]}},{"type":"Feature","id":"TN_RIVER_BNDRY:WTR0100000001OZ8D","properties":{"NF_ID":"WTR0100000001OZ8D","admin_code":"47130","source_layer":"TN_RIVER_BNDRY","semantic":"zone","river_class":"소하천","river_class_source":"중심선 공간조인","survey_method":"사진측량"},"geometry":{"type":"Polygon","coordinates":[[[129.2501,35.9378],[129.25011,35.93773],[129.25006,35.93774],[129.25002,35.93775],[129.25004,35.93786],[129.2501,35.9378]]]}},{"type":"Feature","id":"TN_RIVER_BNDRY:WTR0100000001OZ9E","properties":{"NF_ID":"WTR0100000001OZ9E","admin_code":"47130","source_layer":"TN_RIVER_BNDRY","semantic":"zone","river_class":"소하천","river_class_source":"중심선 공간조인","survey_method":"사진측량"},"geometry":{"type":"Polygon","coordinates":[[[129.2501,35.9378],[129.25071,35.93825],[129.25166,35.93833],[129.25204,35.93854],[129.25177,35.9383],[129.25075,35.9382],[129.2501,35.9378]]]}},{"type":"Feature","id":"TN_RIVER_BNDRY:WTR0100000001OZAF","properties":{"NF_ID":"WTR0100000001OZAF","admin_code":"47130","source_layer":"TN_RIVER_BNDRY","semantic":"zone","river_class":"소하천","river_class_source":"중심선 공간조인","survey_method":"사진측량"},"geometry":{"type":"Polygon","coordinates":[[[129.25011,35.93773],[129.25102,35.9375],[129.25177,35.93703],[129.25213,35.93604],[129.25172,35.93702],[129.2509,35.9375],[129.25011,35.93773]]]}},{"type":"Feature","id":"TN_RIVER_BNDRY:WTR0100000001OZBG","properties":{"NF_ID":"WTR0100000001OZBG","admin_code":"47130","source_layer":"TN_RIVER_BNDRY","semantic":"zone","river_class":"소하천","river_class_source":"중심선 공간조인","survey_method":"사진측량"},"geometry":{"type":"Polygon","coordinates":[[[129.25632,35.93618],[129.25753,35.93604],[129.25589,35.93618],[129.25412,35.93525],[129.25371,35.93554],[129.25239,35.93571],[129.25372,35.93559],[129.25412,35.9353],[129.2558,35.93618],[129.25632,35.93618]]]}},{"type":"Feature","id":"TN_RIVER_BNDRY:WTR0100000001OZCH","properties":{"NF_ID":"WTR0100000001OZCH","admin_code":"47130","source_layer":"TN_RIVER_BNDRY","semantic":"zone","river_class":"소하천","river_class_source":"중심선 공간조인","survey_method":"사진측량"},"geometry":{"type":"Polygon","coordinates":[[[129.25286,35.96824],[129.25275,35.9681],[129.2525,35.9682],[129.25286,35.96824]]]}},{"type":"Feature","id":"TN_RIVER_BNDRY:WTR0100000001OZDI","properties":{"NF_ID":"WTR0100000001OZDI","admin_code":"47130","source_layer":"TN_RIVER_BNDRY","semantic":"zone","river_class":"소하천","river_class_source":"중심선 공간조인","survey_method":"사진측량"},"geometry":{"type":"Polygon","coordinates":[[[129.25286,35.96824],[129.25276,35.96831],[129.25332,35.9685],[129.25424,35.96831],[129.25646,35.96844],[129.25426,35.96823],[129.25333,35.96845],[129.25286,35.96824]]]}},{"type":"Feature","id":"TN_RIVER_BNDRY:WTR0100000001OZEJ","properties":{"NF_ID":"WTR0100000001OZEJ","admin_code":"47130","source_layer":"TN_RIVER_BNDRY","semantic":"zone","river_class":"국가하천","river_class_source":"중심선 공간조인","river_name":"형산강","river_code":"2100010","survey_method":"사진측량"},"geometry":{"type":"Polygon","coordinates":[[[129.27446,35.98035],[129.27173,35.97945],[129.26995,35.98182],[129.27263,35.98312],[129.27446,35.98035]]]}},{"type":"Feature","id":"TN_RIVER_BNDRY:WTR0100000001OZFK","properties":{"NF_ID":"WTR0100000001OZFK","admin_code":"47130","source_layer":"TN_RIVER_BNDRY","semantic":"zone","river_class":"소하천","river_class_source":"중심선 공간조인","survey_method":"사진측량"},"geometry":{"type":"Polygon","coordinates":[[[129.25215,35.99867],[129.25105,35.99861],[129.25085,35.99873],[129.25215,35.99867]]]}},{"type":"Feature","id":"TN_RIVER_BNDRY:WTR0100000001OZGL","properties":{"NF_ID":"WTR0100000001OZGL","admin_code":"47130","source_layer":"TN_RIVER_BNDRY","semantic":"zone","river_class":"소하천","river_class_source":"중심선 공간조인","survey_method":"사진측량"},"geometry":{"type":"Polygon","coordinates":[[[129.25223,35.99855],[129.25266,35.99711],[129.25216,35.997],[129.25239,35.99741],[129.25211,35.9984],[129.25212,35.99859],[129.25223,35.99855]]]}},{"type":"Feature","id":"TN_RIVER_BNDRY:WTR0100000001OZHM","properties":{"NF_ID":"WTR0100000001OZHM","admin_code":"47130","source_layer":"TN_RIVER_BNDRY","semantic":"zone","river_class":"소하천","river_class_source":"중심선 공간조인","survey_method":"사진측량"},"geometry":{"type":"Polygon","coordinates":[[[129.25228,35.99861],[129.25223,35.99855],[129.25212,35.99859],[129.25215,35.99867],[129.25223,35.99864],[129.25228,35.99861]]]}},{"type":"Feature","id":"TN_RIVER_BNDRY:WTR0100000001OZIN","properties":{"NF_ID":"WTR0100000001OZIN","admin_code":"47130","source_layer":"TN_RIVER_BNDRY","semantic":"zone","river_class":"등급미확인","survey_method":"사진측량"},"geometry":{"type":"Polygon","coordinates":[[[129.25291,35.992],[129.25084,35.99155],[129.25058,35.99267],[129.25224,35.99327],[129.25217,35.99311],[129.25291,35.992]]]}},{"type":"Feature","id":"TN_RIVER_BNDRY:WTR0100000001OZJO","properties":{"NF_ID":"WTR0100000001OZJO","admin_code":"47130","source_layer":"TN_RIVER_BNDRY","semantic":"zone","river_class":"소하천","river_class_source":"중심선 공간조인","survey_method":"사진측량"},"geometry":{"type":"Polygon","coordinates":[[[129.25224,35.99327],[129.25285,35.99388],[129.25303,35.99352],[129.25306,35.99397],[129.25324,35.99404],[129.25311,35.99323],[129.25293,35.99334],[129.25224,35.99327]]]}},{"type":"Feature","id":"TN_RIVER_BNDRY:WTR0100000001OZKP","properties":{"NF_ID":"WTR0100000001OZKP","admin_code":"47130","source_layer":"TN_RIVER_BNDRY","semantic":"zone","river_class":"지방하천","river_class_source":"중심선 공간조인","river_name":"기계천","river_code":"2120240","survey_method":"사진측량"},"geometry":{"type":"Polygon","coordinates":[[[129.25224,35.99327],[129.25058,35.99267],[129.25028,35.99378],[129.25285,35.99388],[129.25224,35.99327]]]}},{"type":"Feature","id":"TN_RIVER_BNDRY:WTR0100000001OZLQ","properties":{"NF_ID":"WTR0100000001OZLQ","admin_code":"47130","source_layer":"TN_RIVER_BNDRY","semantic":"zone","river_class":"지방하천","river_class_source":"중심선 공간조인","river_name":"왕신천","river_code":"2120270","survey_method":"사진측량"},"geometry":{"type":"Polygon","coordinates":[[[129.29291,35.94261],[129.28966,35.94247],[129.28926,35.94268],[129.2896,35.94299],[129.28933,35.94353],[129.29396,35.94348],[129.29291,35.94261]]]}},{"type":"Feature","id":"TN_RIVER_BNDRY:WTR0100000001OZMR","properties":{"NF_ID":"WTR0100000001OZMR","admin_code":"47130","source_layer":"TN_RIVER_BNDRY","semantic":"zone","river_class":"소하천","river_class_source":"중심선 공간조인","survey_method":"사진측량"},"geometry":{"type":"Polygon","coordinates":[[[129.28637,35.98588],[129.28654,35.98572],[129.28674,35.98316],[129.28666,35.98262],[129.28622,35.98211],[129.28635,35.98146],[129.28619,35.98031],[129.28787,35.97736],[129.28995,35.97592],[129.29085,35.97575],[129.2916,35.97587],[129.29266,35.97573],[129.29394,35.97599],[129.2927,35.97569],[129.29152,35.97583],[129.29078,35.97573],[129.28991,35.97591],[129.28786,35.97732],[129.28614,35.98029],[129.28628,35.98143],[129.28616,35.98209],[129.28659,35.98264],[129.28667,35.98323],[129.28637,35.98588]]]}},{"type":"Feature","id":"TN_RIVER_BNDRY:WTR0100000001OZNS","properties":{"NF_ID":"WTR0100000001OZNS","admin_code":"47130","source_layer":"TN_RIVER_BNDRY","semantic":"zone","river_class":"소하천","river_class_source":"중심선 공간조인","survey_method":"사진측량"},"geometry":{"type":"Polygon","coordinates":[[[129.2894,35.96242],[129.28899,35.96237],[129.29051,35.9639],[129.29237,35.96489],[129.29337,35.96711],[129.29483,35.96812],[129.29515,35.96863],[129.29585,35.96902],[129.29584,35.96961],[129.2968,35.97005],[129.29731,35.97049],[129.29848,35.97068],[129.29735,35.97041],[129.29586,35.96959],[129.29593,35.96902],[129.29516,35.96856],[129.29484,35.96806],[129.2945,35.96795],[129.29429,35.96764],[129.29344,35.96713],[129.29241,35.96487],[129.29054,35.96386],[129.28932,35.96256],[129.2894,35.96242]]]}},{"type":"Feature","id":"TN_RIVER_BNDRY:WTR0100000001OZPU","properties":{"NF_ID":"WTR0100000001OZPU","admin_code":"47130","source_layer":"TN_RIVER_BNDRY","semantic":"zone","river_class":"소하천","river_class_source":"중심선 공간조인","survey_method":"사진측량"},"geometry":{"type":"Polygon","coordinates":[[[129.28904,35.93166],[129.28955,35.93145],[129.28893,35.93165],[129.28847,35.93147],[129.28693,35.93162],[129.28846,35.93152],[129.28904,35.93166]]]}},{"type":"Feature","id":"TN_RIVER_BNDRY:WTR0100000001OZRW","properties":{"NF_ID":"WTR0100000001OZRW","admin_code":"47130","source_layer":"TN_RIVER_BNDRY","semantic":"zone","river_class":"소하천","river_class_source":"중심선 공간조인","survey_method":"사진측량"},"geometry":{"type":"Polygon","coordinates":[[[129.26184,35.9419],[129.26235,35.94179],[129.26217,35.94169],[129.26161,35.94186],[129.26094,35.94163],[129.26024,35.94172],[129.25983,35.9415],[129.25924,35.9415],[129.25891,35.94113],[129.25795,35.94076],[129.25732,35.9407],[129.25697,35.94046],[129.25607,35.9407],[129.25695,35.94052],[129.25731,35.94077],[129.25783,35.94078],[129.25888,35.94119],[129.25923,35.94158],[129.25977,35.94158],[129.26015,35.9418],[129.26089,35.9417],[129.26184,35.9419]]]}},{"type":"Feature","id":"TN_RIVER_BNDRY:WTR0100000001OZSX","properties":{"NF_ID":"WTR0100000001OZSX","admin_code":"47130","source_layer":"TN_RIVER_BNDRY","semantic":"zone","river_class":"소하천","river_class_source":"중심선 공간조인","survey_method":"사진측량"},"geometry":{"type":"Polygon","coordinates":[[[129.29095,35.99927],[129.291,35.99916],[129.29119,35.9988],[129.29127,35.99864],[129.2912,35.99858],[129.29084,35.99927],[129.29095,35.99927]]]}},{"type":"Feature","id":"TN_RIVER_BNDRY:WTR0100000001OZW1","properties":{"NF_ID":"WTR0100000001OZW1","admin_code":"47130","source_layer":"TN_RIVER_BNDRY","semantic":"zone","river_class":"소하천","river_class_source":"중심선 공간조인","survey_method":"사진측량"},"geometry":{"type":"Polygon","coordinates":[[[129.29084,35.99927],[129.2912,35.99858],[129.29031,35.99836],[129.29008,35.99804],[129.2868,35.99636],[129.28565,35.99477],[129.28456,35.99378],[129.28384,35.99347],[129.2834,35.9937],[129.28396,35.99356],[129.28497,35.99409],[129.28672,35.99637],[129.29002,35.99805],[129.29027,35.99842],[129.28988,35.99892],[129.29084,35.99927]]]}},{"type":"Feature","id":"TN_RIVER_BNDRY:WTR0100000001P0GN","properties":{"NF_ID":"WTR0100000001P0GN","admin_code":"47130","source_layer":"TN_RIVER_BNDRY","semantic":"zone","river_class":"소하천","river_class_source":"중심선 공간조인","survey_method":"사진측량"},"geometry":{"type":"Polygon","coordinates":[[[129.43079,35.86607],[129.43071,35.86596],[129.43048,35.86655],[129.43035,35.86723],[129.43068,35.86788],[129.43052,35.86811],[129.42981,35.86801],[129.42923,35.86736],[129.42838,35.86748],[129.42613,35.86729],[129.42578,35.86793],[129.42406,35.86855],[129.42368,35.86861],[129.42312,35.86841],[129.4221,35.86896],[129.42139,35.86893],[129.42106,35.8694],[129.42048,35.86958],[129.41956,35.87054],[129.42015,35.87014],[129.42049,35.86964],[129.42111,35.86944],[129.42142,35.86898],[129.42212,35.869],[129.42316,35.86847],[129.42394,35.86864],[129.42461,35.86832],[129.42563,35.8681],[129.42591,35.86795],[129.42616,35.86739],[129.42835,35.86754],[129.42916,35.86743],[129.42941,35.86755],[129.42948,35.86786],[129.42977,35.8681],[129.43057,35.8682],[129.43079,35.86789],[129.43045,35.86731],[129.43079,35.86607]]]}},{"type":"Feature","id":"TN_RIVER_BNDRY:WTR0100000001P0HO","properties":{"NF_ID":"WTR0100000001P0HO","admin_code":"47130","source_layer":"TN_RIVER_BNDRY","semantic":"zone","river_class":"지방하천","river_class_source":"중심선 공간조인","river_name":"용동천","river_code":"2022810","survey_method":"사진측량"},"geometry":{"type":"Polygon","coordinates":[[[129.4308,35.8659],[129.43078,35.865],[129.43103,35.86421],[129.4314,35.86401],[129.4321,35.8642],[129.43309,35.86319],[129.43384,35.86281],[129.43425,35.86215],[129.43549,35.86114],[129.43571,35.8598],[129.43527,35.86006],[129.43523,35.86107],[129.4337,35.86276],[129.43307,35.86306],[129.43201,35.86405],[129.4313,35.86374],[129.43093,35.86396],[129.4306,35.86509],[129.4308,35.8659]]]}},{"type":"Feature","id":"TN_RIVER_BNDRY:WTR0100000001P0IP","properties":{"NF_ID":"WTR0100000001P0IP","admin_code":"47130","source_layer":"TN_RIVER_BNDRY","semantic":"zone","river_class":"지방하천","river_class_source":"중심선 공간조인","river_name":"용동천","river_code":"2022810","survey_method":"사진측량"},"geometry":{"type":"Polygon","coordinates":[[[129.43087,35.86603],[129.43081,35.86595],[129.4308,35.8659],[129.43071,35.86596],[129.43079,35.86607],[129.43087,35.86603]]]}},{"type":"Feature","id":"TN_RIVER_BNDRY:WTR0100000001P0JQ","properties":{"NF_ID":"WTR0100000001P0JQ","admin_code":"47130","source_layer":"TN_RIVER_BNDRY","semantic":"zone","river_class":"소하천","river_class_source":"중심선 공간조인","survey_method":"사진측량"},"geometry":{"type":"Polygon","coordinates":[[[129.43087,35.86603],[129.43158,35.86686],[129.43166,35.86751],[129.43216,35.86776],[129.43313,35.86863],[129.43359,35.86911],[129.43352,35.86936],[129.43418,35.86992],[129.43419,35.87061],[129.43453,35.87132],[129.43466,35.87263],[129.43483,35.87291],[129.43463,35.87388],[129.43437,35.87414],[129.43473,35.8739],[129.43493,35.8729],[129.4343,35.87063],[129.43427,35.86989],[129.43412,35.86962],[129.43361,35.86932],[129.43368,35.86907],[129.43321,35.86857],[129.43227,35.86774],[129.43175,35.86747],[129.43166,35.8668],[129.43087,35.86603]]]}},{"type":"Feature","id":"TN_RIVER_BNDRY:WTR0100000001P14C","properties":{"NF_ID":"WTR0100000001P14C","admin_code":"47130","source_layer":"TN_RIVER_BNDRY","semantic":"zone","river_class":"소하천","river_class_source":"중심선 공간조인","survey_method":"사진측량"},"geometry":{"type":"Polygon","coordinates":[[[129.4343,35.85181],[129.43312,35.85162],[129.4327,35.85223],[129.43233,35.85248],[129.43198,35.85251],[129.43232,35.85255],[129.43278,35.85224],[129.43312,35.85167],[129.4343,35.85181]]]}},{"type":"Feature","id":"TN_RIVER_BNDRY:WTR0100000001P15D","properties":{"NF_ID":"WTR0100000001P15D","admin_code":"47130","source_layer":"TN_RIVER_BNDRY","semantic":"zone","river_class":"지방하천","river_class_source":"중심선 공간조인","river_name":"용동천","river_code":"2022810","survey_method":"사진측량"},"geometry":{"type":"Polygon","coordinates":[[[129.4345,35.85174],[129.43448,35.85169],[129.43426,35.85175],[129.4343,35.85181],[129.4345,35.85174]]]}},{"type":"Feature","id":"TN_RIVER_BNDRY:WTR0100000001P16E","properties":{"NF_ID":"WTR0100000001P16E","admin_code":"47130","source_layer":"TN_RIVER_BNDRY","semantic":"zone","river_class":"지방하천","river_class_source":"중심선 공간조인","river_name":"용동천","river_code":"2022810","survey_method":"사진측량"},"geometry":{"type":"Polygon","coordinates":[[[129.43498,35.85463],[129.43501,35.85313],[129.4345,35.85174],[129.4343,35.85181],[129.43481,35.85334],[129.43477,35.85489],[129.43492,35.85488],[129.43498,35.85463]]]}},{"type":"Feature","id":"TN_RIVER_BNDRY:WTR0100000001P17F","properties":{"NF_ID":"WTR0100000001P17F","admin_code":"47130","source_layer":"TN_RIVER_BNDRY","semantic":"zone","river_class":"지방하천","river_class_source":"중심선 공간조인","river_name":"용동천","river_code":"2022810","survey_method":"사진측량"},"geometry":{"type":"Polygon","coordinates":[[[129.43571,35.8598],[129.43634,35.85838],[129.4365,35.85742],[129.43699,35.857],[129.43681,35.85641],[129.43711,35.85609],[129.43647,35.85424],[129.43506,35.85455],[129.43481,35.8549],[129.43476,35.85586],[129.43513,35.85627],[129.43495,35.85672],[129.43514,35.85765],[129.43481,35.85845],[129.43475,35.85911],[129.43527,35.86006],[129.43571,35.8598]]]}},{"type":"Feature","id":"TN_RIVER_BNDRY:WTR0100000001P18G","properties":{"NF_ID":"WTR0100000001P18G","admin_code":"47130","source_layer":"TN_RIVER_BNDRY","semantic":"zone","river_class":"소하천","river_class_source":"중심선 공간조인","survey_method":"사진측량"},"geometry":{"type":"Polygon","coordinates":[[[129.44255,35.83385],[129.44237,35.8338],[129.44212,35.83479],[129.44236,35.8355],[129.44212,35.83799],[129.44198,35.83824],[129.4413,35.83842],[129.44104,35.83869],[129.44085,35.83991],[129.44139,35.84072],[129.44127,35.84093],[129.44075,35.84119],[129.44071,35.84143],[129.44089,35.84192],[129.4416,35.84249],[129.44181,35.84321],[129.44318,35.84353],[129.44358,35.84437],[129.44398,35.84452],[129.44437,35.84491],[129.44512,35.84635],[129.44538,35.84643],[129.44482,35.84521],[129.444,35.84444],[129.44362,35.84428],[129.44322,35.84338],[129.44223,35.84321],[129.44186,35.8426],[129.44101,35.84193],[129.44078,35.84137],[129.44085,35.84121],[129.44134,35.84103],[129.44149,35.84071],[129.44097,35.83986],[129.44116,35.8387],[129.44136,35.83845],[129.44203,35.83829],[129.4422,35.83798],[129.44246,35.83549],[129.4422,35.8348],[129.44255,35.83385]]]}},{"type":"Feature","id":"TN_RIVER_BNDRY:WTR0100000001P19H","properties":{"NF_ID":"WTR0100000001P19H","admin_code":"47130","source_layer":"TN_RIVER_BNDRY","semantic":"zone","river_class":"소하천","river_class_source":"중심선 공간조인","survey_method":"사진측량"},"geometry":{"type":"Polygon","coordinates":[[[129.44253,35.83375],[129.44237,35.8338],[129.44255,35.83385],[129.44253,35.83375]]]}},{"type":"Feature","id":"TN_RIVER_BNDRY:WTR0100000001P1AI","properties":{"NF_ID":"WTR0100000001P1AI","admin_code":"47130","source_layer":"TN_RIVER_BNDRY","semantic":"zone","river_class":"소하천","river_class_source":"중심선 공간조인","survey_method":"사진측량"},"geometry":{"type":"Polygon","coordinates":[[[129.44326,35.82936],[129.44309,35.82938],[129.44322,35.83179],[129.4424,35.83368],[129.44253,35.83375],[129.44351,35.83211],[129.44328,35.83125],[129.44326,35.82936]]]}},{"type":"Feature","id":"TN_RIVER_BNDRY:WTR0100000001P1BJ","properties":{"NF_ID":"WTR0100000001P1BJ","admin_code":"47130","source_layer":"TN_RIVER_BNDRY","semantic":"zone","river_class":"소하천","river_class_source":"중심선 공간조인","survey_method":"사진측량"},"geometry":{"type":"Polygon","coordinates":[[[129.44253,35.83375],[129.44286,35.83406],[129.44277,35.83463],[129.44317,35.83496],[129.44442,35.83522],[129.44427,35.83567],[129.44454,35.8366],[129.4449,35.83697],[129.44482,35.83724],[129.44498,35.83696],[129.44462,35.83657],[129.44439,35.83582],[129.44446,35.83516],[129.44322,35.8349],[129.44282,35.8345],[129.44295,35.83396],[129.44253,35.83375]]]}},{"type":"Feature","id":"TN_RIVER_BNDRY:WTR0100000001P1CK","properties":{"NF_ID":"WTR0100000001P1CK","admin_code":"47130","source_layer":"TN_RIVER_BNDRY","semantic":"zone","river_class":"소하천","river_class_source":"중심선 공간조인","survey_method":"사진측량"},"geometry":{"type":"Polygon","coordinates":[[[129.44326,35.82936],[129.44332,35.8289],[129.44302,35.8289],[129.44309,35.82938],[129.44326,35.82936]]]}},{"type":"Feature","id":"TN_RIVER_BNDRY:WTR0100000001P1DL","properties":{"NF_ID":"WTR0100000001P1DL","admin_code":"47130","source_layer":"TN_RIVER_BNDRY","semantic":"zone","river_class":"소하천","river_class_source":"중심선 공간조인","survey_method":"사진측량"},"geometry":{"type":"Polygon","coordinates":[[[129.44612,35.82998],[129.44443,35.8293],[129.44358,35.8291],[129.44332,35.8289],[129.44326,35.82936],[129.44424,35.82935],[129.44598,35.83023],[129.44612,35.82998]]]}},{"type":"Feature","id":"TN_RIVER_BNDRY:WTR0100000001P1EM","properties":{"NF_ID":"WTR0100000001P1EM","admin_code":"47130","source_layer":"TN_RIVER_BNDRY","semantic":"zone","river_class":"소하천","river_class_source":"중심선 공간조인","survey_method":"사진측량"},"geometry":{"type":"Polygon","coordinates":[[[129.44703,35.8304],[129.44712,35.83013],[129.44612,35.82998],[129.44598,35.83023],[129.44703,35.8304]]]}},{"type":"Feature","id":"TN_RIVER_BNDRY:WTR0100000001P1FN","properties":{"NF_ID":"WTR0100000001P1FN","admin_code":"47130","source_layer":"TN_RIVER_BNDRY","semantic":"zone","river_class":"소하천","river_class_source":"중심선 공간조인","survey_method":"사진측량"},"geometry":{"type":"Polygon","coordinates":[[[129.44612,35.82998],[129.44712,35.83013],[129.44806,35.82991],[129.44856,35.82962],[129.44857,35.82924],[129.44827,35.82956],[129.44612,35.82998]]]}},{"type":"Feature","id":"TN_RIVER_BNDRY:WTR0100000001P1GO","properties":{"NF_ID":"WTR0100000001P1GO","admin_code":"47130","source_layer":"TN_RIVER_BNDRY","semantic":"zone","river_class":"소하천","river_class_source":"중심선 공간조인","survey_method":"사진측량"},"geometry":{"type":"Polygon","coordinates":[[[129.44712,35.83013],[129.44703,35.8304],[129.44807,35.83039],[129.44935,35.83132],[129.44926,35.83216],[129.44954,35.83248],[129.44984,35.834],[129.44986,35.83302],[129.44964,35.83245],[129.44934,35.83217],[129.44951,35.83191],[129.44944,35.83125],[129.44817,35.83033],[129.44712,35.83013]]]}},{"type":"Feature","id":"TN_RIVER_BNDRY:WTR0100000001P1HP","properties":{"NF_ID":"WTR0100000001P1HP","admin_code":"47130","source_layer":"TN_RIVER_BNDRY","semantic":"zone","river_class":"소하천","river_class_source":"중심선 공간조인","survey_method":"사진측량"},"geometry":{"type":"Polygon","coordinates":[[[129.46261,35.82554],[129.46189,35.8257],[129.46122,35.82553],[129.46078,35.82626],[129.45912,35.82688],[129.45782,35.82906],[129.45671,35.82973],[129.45661,35.83027],[129.45695,35.8309],[129.45646,35.83147],[129.45675,35.83183],[129.45663,35.83224],[129.45683,35.8331],[129.45728,35.83378],[129.45707,35.83455],[129.45737,35.83498],[129.45724,35.83574],[129.45753,35.83494],[129.4572,35.83459],[129.4574,35.83377],[129.4569,35.83307],[129.45674,35.83223],[129.45684,35.83179],[129.45657,35.83145],[129.45703,35.83095],[129.45668,35.83026],[129.45688,35.82965],[129.4579,35.82912],[129.4582,35.82844],[129.45857,35.8281],[129.45864,35.82764],[129.45919,35.82696],[129.46015,35.82669],[129.46083,35.82632],[129.46123,35.8257],[129.46188,35.82582],[129.46261,35.82554]]]}},{"type":"Feature","id":"TN_RIVER_BNDRY:WTR0100000001P1IQ","properties":{"NF_ID":"WTR0100000001P1IQ","admin_code":"47130","source_layer":"TN_RIVER_BNDRY","semantic":"zone","river_class":"소하천","river_class_source":"중심선 공간조인","survey_method":"사진측량"},"geometry":{"type":"Polygon","coordinates":[[[129.46281,35.8255],[129.46261,35.82554],[129.46248,35.82594],[129.46264,35.82659],[129.46251,35.8269],[129.46299,35.82816],[129.46358,35.8285],[129.46414,35.82904],[129.46421,35.8294],[129.46472,35.82972],[129.46418,35.83048],[129.46397,35.83124],[129.4639,35.83192],[129.46408,35.83233],[129.46411,35.83125],[129.46495,35.82964],[129.46446,35.82932],[129.46397,35.82867],[129.46311,35.82817],[129.4631,35.82774],[129.46261,35.82691],[129.46281,35.8255]]]}},{"type":"Feature","id":"TN_RIVER_BNDRY:WTR0100000001P1JR","properties":{"NF_ID":"WTR0100000001P1JR","admin_code":"47130","source_layer":"TN_RIVER_BNDRY","semantic":"zone","river_class":"소하천","river_class_source":"중심선 공간조인","survey_method":"사진측량"},"geometry":{"type":"Polygon","coordinates":[[[129.46281,35.8255],[129.46282,35.82532],[129.46261,35.82545],[129.46281,35.8255]]]}},{"type":"Feature","id":"TN_RIVER_BNDRY:WTR0100000001P1KS","properties":{"NF_ID":"WTR0100000001P1KS","admin_code":"47130","source_layer":"TN_RIVER_BNDRY","semantic":"zone","river_class":"소하천","river_class_source":"중심선 공간조인","survey_method":"사진측량"},"geometry":{"type":"Polygon","coordinates":[[[129.47005,35.84105],[129.46902,35.84076],[129.46836,35.84093],[129.46732,35.84082],[129.46677,35.84049],[129.46573,35.84037],[129.4674,35.84097],[129.46839,35.84106],[129.46879,35.84091],[129.46994,35.84123],[129.47005,35.84105]]]}},{"type":"Feature","id":"TN_RIVER_BNDRY:WTR0100000001P1LT","properties":{"NF_ID":"WTR0100000001P1LT","admin_code":"47130","source_layer":"TN_RIVER_BNDRY","semantic":"zone","river_class":"소하천","river_class_source":"중심선 공간조인","survey_method":"사진측량"},"geometry":{"type":"Polygon","coordinates":[[[129.47001,35.84156],[129.46988,35.84143],[129.4696,35.84153],[129.46883,35.84202],[129.4686,35.84281],[129.4678,35.84332],[129.46699,35.8447],[129.46671,35.84603],[129.4661,35.84659],[129.46677,35.8461],[129.46706,35.84568],[129.4671,35.84473],[129.46886,35.84266],[129.46889,35.84217],[129.46961,35.84166],[129.47001,35.84156]]]}},{"type":"Feature","id":"TN_RIVER_BNDRY:WTR0100000001P1MU","properties":{"NF_ID":"WTR0100000001P1MU","admin_code":"47130","source_layer":"TN_RIVER_BNDRY","semantic":"zone","river_class":"소하천","river_class_source":"중심선 공간조인","survey_method":"사진측량"},"geometry":{"type":"Polygon","coordinates":[[[129.47001,35.84156],[129.47081,35.84075],[129.4717,35.84038],[129.47304,35.84017],[129.47331,35.83988],[129.47306,35.8394],[129.47195,35.83956],[129.47161,35.83979],[129.47084,35.83998],[129.47048,35.84032],[129.47031,35.84086],[129.46997,35.84107],[129.46987,35.84145],[129.47001,35.84156]]]}},{"type":"Feature","id":"TN_RIVER_BNDRY:WTR0100000001P1NV","properties":{"NF_ID":"WTR0100000001P1NV","admin_code":"47130","source_layer":"TN_RIVER_BNDRY","semantic":"zone","river_class":"소하천","river_class_source":"중심선 공간조인","survey_method":"사진측량"},"geometry":{"type":"Polygon","coordinates":[[[129.47901,35.83651],[129.47691,35.8377],[129.4749,35.83846],[129.47402,35.83923],[129.47296,35.83926],[129.47284,35.83937],[129.47395,35.83931],[129.475,35.83854],[129.47703,35.83775],[129.47901,35.83651]]]}},{"type":"Feature","id":"TN_RIVER_BNDRY:WTR0100000001P1OW","properties":{"NF_ID":"WTR0100000001P1OW","admin_code":"47130","source_layer":"TN_RIVER_BNDRY","semantic":"zone","river_class":"소하천","river_class_source":"중심선 공간조인","survey_method":"사진측량"},"geometry":{"type":"Polygon","coordinates":[[[129.47902,35.83639],[129.47525,35.83414],[129.47571,35.8346],[129.47779,35.83587],[129.47893,35.83646],[129.47902,35.83639]]]}},{"type":"Feature","id":"TN_RIVER_BNDRY:WTR0100000001P1PX","properties":{"NF_ID":"WTR0100000001P1PX","admin_code":"47130","source_layer":"TN_RIVER_BNDRY","semantic":"zone","river_class":"소하천","river_class_source":"중심선 공간조인","survey_method":"사진측량"},"geometry":{"type":"Polygon","coordinates":[[[129.47911,35.83645],[129.47902,35.83639],[129.47893,35.83646],[129.47901,35.83651],[129.47911,35.83645]]]}},{"type":"Feature","id":"TN_RIVER_BNDRY:WTR0100000001P1QY","properties":{"NF_ID":"WTR0100000001P1QY","admin_code":"47130","source_layer":"TN_RIVER_BNDRY","semantic":"zone","river_class":"소하천","river_class_source":"중심선 공간조인","survey_method":"사진측량"},"geometry":{"type":"Polygon","coordinates":[[[129.48712,35.8327],[129.48705,35.8326],[129.48564,35.83264],[129.48341,35.83376],[129.48183,35.83384],[129.48108,35.83502],[129.47902,35.83639],[129.47976,35.83608],[129.48117,35.8351],[129.48203,35.834],[129.48353,35.83382],[129.48565,35.83274],[129.48712,35.8327]]]}},{"type":"Feature","id":"TN_RIVER_BNDRY:WTR0100000001P1RZ","properties":{"NF_ID":"WTR0100000001P1RZ","admin_code":"47130","source_layer":"TN_RIVER_BNDRY","semantic":"zone","river_class":"소하천","river_class_source":"중심선 공간조인","survey_method":"사진측량"},"geometry":{"type":"Polygon","coordinates":[[[129.48504,35.84042],[129.4851,35.84031],[129.48467,35.84008],[129.48314,35.84025],[129.48118,35.84083],[129.48316,35.84033],[129.48458,35.84013],[129.48504,35.84042]]]}},{"type":"Feature","id":"TN_RIVER_BNDRY:WTR0100000001P1S0","properties":{"NF_ID":"WTR0100000001P1S0","admin_code":"47130","source_layer":"TN_RIVER_BNDRY","semantic":"zone","river_class":"소하천","river_class_source":"중심선 공간조인","survey_method":"사진측량"},"geometry":{"type":"Polygon","coordinates":[[[129.48523,35.84047],[129.48504,35.84042],[129.48503,35.8408],[129.4855,35.84134],[129.4852,35.84188],[129.48556,35.84133],[129.48511,35.84083],[129.48523,35.84047]]]}},{"type":"Feature","id":"TN_RIVER_BNDRY:WTR0100000001P1T1","properties":{"NF_ID":"WTR0100000001P1T1","admin_code":"47130","source_layer":"TN_RIVER_BNDRY","semantic":"zone","river_class":"소하천","river_class_source":"중심선 공간조인","survey_method":"사진측량"},"geometry":{"type":"Polygon","coordinates":[[[129.48529,35.84018],[129.48504,35.84042],[129.48523,35.84047],[129.48529,35.84018]]]}},{"type":"Feature","id":"TN_RIVER_BNDRY:WTR0100000001P1U2","properties":{"NF_ID":"WTR0100000001P1U2","admin_code":"47130","source_layer":"TN_RIVER_BNDRY","semantic":"zone","river_class":"소하천","river_class_source":"중심선 공간조인","survey_method":"사진측량"},"geometry":{"type":"Polygon","coordinates":[[[129.49721,35.83648],[129.49735,35.83642],[129.49589,35.83601],[129.49413,35.83599],[129.49345,35.83623],[129.49322,35.83649],[129.49309,35.83687],[129.4935,35.83754],[129.4929,35.83814],[129.49222,35.83827],[129.49107,35.83901],[129.48985,35.83944],[129.48833,35.84066],[129.48712,35.84065],[129.48665,35.84003],[129.48625,35.83985],[129.48557,35.83991],[129.48523,35.84047],[129.48572,35.8404],[129.48621,35.83997],[129.48712,35.8407],[129.48857,35.84067],[129.48989,35.83948],[129.49162,35.83888],[129.4933,35.83795],[129.49361,35.83733],[129.49323,35.83662],[129.49345,35.8363],[129.49395,35.83611],[129.4958,35.83606],[129.49721,35.83648]]]}},{"type":"Feature","id":"TN_RIVER_BNDRY:WTR0100000001P1V3","properties":{"NF_ID":"WTR0100000001P1V3","admin_code":"47130","source_layer":"TN_RIVER_BNDRY","semantic":"zone","river_class":"소하천","river_class_source":"중심선 공간조인","survey_method":"사진측량"},"geometry":{"type":"Polygon","coordinates":[[[129.48724,35.83269],[129.48719,35.83256],[129.48706,35.8326],[129.48724,35.83269]]]}},{"type":"Feature","id":"TN_RIVER_BNDRY:WTR0100000001P2V4","properties":{"NF_ID":"WTR0100000001P2V4","admin_code":"47130","source_layer":"TN_RIVER_BNDRY","semantic":"zone","river_class":"소하천","river_class_source":"중심선 공간조인","survey_method":"사진측량"},"geometry":{"type":"Polygon","coordinates":[[[129.43898,35.82103],[129.43861,35.82105],[129.43904,35.82231],[129.44043,35.82466],[129.44141,35.82535],[129.44258,35.82667],[129.44302,35.8289],[129.44332,35.8289],[129.44343,35.82847],[129.44323,35.82706],[129.44292,35.82627],[129.44257,35.82568],[129.44189,35.82562],[129.44057,35.82436],[129.43922,35.82202],[129.43898,35.82103]]]}},{"type":"Feature","id":"TN_RIVER_BNDRY:WTR0100000001P2W5","properties":{"NF_ID":"WTR0100000001P2W5","admin_code":"47130","source_layer":"TN_RIVER_BNDRY","semantic":"zone","river_class":"소하천","river_class_source":"중심선 공간조인","survey_method":"사진측량"},"geometry":{"type":"Polygon","coordinates":[[[129.48719,35.83256],[129.48462,35.83018],[129.48344,35.82851],[129.48288,35.828],[129.4817,35.82622],[129.48134,35.82588],[129.4808,35.82571],[129.48055,35.82517],[129.48022,35.82494],[129.47992,35.82495],[129.47947,35.82456],[129.47986,35.82499],[129.48016,35.82499],[129.48046,35.82522],[129.48078,35.82578],[129.4812,35.82591],[129.48171,35.82634],[129.48227,35.82702],[129.48286,35.82817],[129.48346,35.82869],[129.48451,35.8302],[129.48706,35.8326],[129.48719,35.83256]]]}},{"type":"Feature","id":"TN_RIVER_BNDRY:WTR0100000001P2X6","properties":{"NF_ID":"WTR0100000001P2X6","admin_code":"47130","source_layer":"TN_RIVER_BNDRY","semantic":"zone","river_class":"소하천","river_class_source":"중심선 공간조인","survey_method":"사진측량"},"geometry":{"type":"Polygon","coordinates":[[[129.40992,35.81086],[129.41041,35.81074],[129.40985,35.81058],[129.40851,35.81066],[129.4074,35.81127],[129.40628,35.81214],[129.40564,35.81239],[129.40153,35.81278],[129.40064,35.81329],[129.39976,35.81492],[129.39945,35.81598],[129.3994,35.81698],[129.39902,35.81769],[129.3991,35.81845],[129.3984,35.81931],[129.39809,35.8207],[129.39627,35.82263],[129.39513,35.82293],[129.39483,35.82325],[129.39423,35.82515],[129.39418,35.82572],[129.39439,35.82632],[129.39365,35.82708],[129.39441,35.82732],[129.39455,35.82763],[129.39383,35.82768],[129.39363,35.82782],[129.39383,35.82838],[129.39285,35.82943],[129.39291,35.83055],[129.39245,35.83165],[129.39166,35.83213],[129.39106,35.83271],[129.39091,35.83311],[129.39106,35.83345],[129.38993,35.83383],[129.39039,35.83432],[129.39,35.83486],[129.38936,35.83514],[129.38955,35.83608],[129.38889,35.83582],[129.3881,35.83658],[129.38678,35.83671],[129.38656,35.83697],[129.38657,35.83728],[129.38598,35.83745],[129.38661,35.83739],[129.38683,35.8368],[129.38822,35.83661],[129.38888,35.83595],[129.38943,35.8362],[129.38966,35.83614],[129.38974,35.83593],[129.38946,35.83553],[129.38949,35.83533],[129.39006,35.83497],[129.39051,35.83433],[129.39008,35.83389],[129.39117,35.8335],[129.39103,35.83316],[129.39115,35.8328],[129.39258,35.83169],[129.39305,35.83056],[129.39304,35.82941],[129.39397,35.82835],[129.39376,35.82789],[129.39467,35.82766],[129.39449,35.82724],[129.39379,35.82706],[129.39454,35.82631],[129.39433,35.82578],[129.39438,35.82496],[129.39495,35.82326],[129.39528,35.82299],[129.39642,35.82262],[129.39815,35.82106],[129.39857,35.81925],[129.39944,35.81832],[129.39924,35.81777],[129.39965,35.81711],[129.39972,35.81572],[129.4006,35.81372],[129.40155,35.81293],[129.40293,35.8129],[129.40561,35.81257],[129.40682,35.81202],[129.40833,35.81092],[129.40912,35.81079],[129.40992,35.81086]]]}},{"type":"Feature","id":"TN_RIVER_BNDRY:WTR0100000001P2Y7","properties":{"NF_ID":"WTR0100000001P2Y7","admin_code":"47130","source_layer":"TN_RIVER_BNDRY","semantic":"zone","river_class":"지방하천","river_class_source":"중심선 공간조인","river_name":"용동천","river_code":"2022810","survey_method":"사진측량"},"geometry":{"type":"Polygon","coordinates":[[[129.43448,35.85169],[129.43408,35.8504],[129.43429,35.84897],[129.43459,35.84834],[129.4355,35.84796],[129.43533,35.84741],[129.43621,35.84584],[129.43633,35.84476],[129.43622,35.84456],[129.43562,35.84476],[129.43425,35.84453],[129.43423,35.84433],[129.43481,35.84393],[129.43427,35.84324],[129.43361,35.84276],[129.43305,35.84255],[129.43214,35.84298],[129.43153,35.84168],[129.43164,35.84131],[129.43225,35.84097],[129.43228,35.84009],[129.43346,35.8387],[129.43363,35.83822],[129.43332,35.83786],[129.43273,35.83777],[129.43189,35.8374],[129.4317,35.83668],[129.43381,35.83573],[129.43431,35.83534],[129.43433,35.835],[129.43401,35.83433],[129.43279,35.83278],[129.43282,35.83057],[129.43202,35.82849],[129.43219,35.82694],[129.4317,35.82509],[129.43233,35.82329],[129.43231,35.82238],[129.4322,35.82207],[129.43119,35.82145],[129.43039,35.81971],[129.42948,35.81856],[129.42935,35.8186],[129.42939,35.8184],[129.42888,35.8176],[129.42891,35.81312],[129.42851,35.81307],[129.42838,35.8136],[129.42851,35.81579],[129.42804,35.81716],[129.42901,35.81882],[129.4297,35.81932],[129.43057,35.82098],[129.43195,35.82297],[129.4313,35.825],[129.43193,35.82677],[129.43181,35.82878],[129.43261,35.83055],[129.43261,35.83292],[129.43331,35.83371],[129.43418,35.83515],[129.43371,35.83556],[129.43176,35.83641],[129.43126,35.83708],[129.4318,35.83761],[129.43304,35.83796],[129.43336,35.83832],[129.43304,35.839],[129.4322,35.83986],[129.43189,35.84089],[129.43144,35.84132],[129.43134,35.84172],[129.43185,35.84249],[129.43177,35.84302],[129.43189,35.84319],[129.43238,35.84318],[129.43292,35.84269],[129.43349,35.84283],[129.43461,35.84391],[129.43412,35.84425],[129.43412,35.84457],[129.43618,35.84494],[129.43584,35.8462],[129.4352,35.84739],[129.43532,35.84794],[129.43427,35.84829],[129.43411,35.84857],[129.43386,35.8505],[129.43426,35.85175],[129.43448,35.85169]]]}},{"type":"Feature","id":"TN_RIVER_BNDRY:WTR0100000001P2Z8","properties":{"NF_ID":"WTR0100000001P2Z8","admin_code":"47130","source_layer":"TN_RIVER_BNDRY","semantic":"zone","river_class":"소하천","river_class_source":"중심선 공간조인","survey_method":"사진측량"},"geometry":{"type":"Polygon","coordinates":[[[129.41226,35.83508],[129.4122,35.83526],[129.41358,35.83587],[129.4147,35.83673],[129.41557,35.83687],[129.41655,35.83749],[129.41722,35.83794],[129.41789,35.83868],[129.41923,35.8389],[129.4214,35.84103],[129.42114,35.84138],[129.42147,35.84114],[129.42183,35.84142],[129.42207,35.84245],[129.42194,35.84478],[129.42249,35.84568],[129.42283,35.84795],[129.42239,35.84939],[129.42254,35.85026],[129.42226,35.85062],[129.42249,35.85148],[129.42234,35.85188],[129.42293,35.85266],[129.42268,35.85455],[129.42329,35.85531],[129.42382,35.85551],[129.42334,35.8561],[129.42377,35.85581],[129.42386,35.85553],[129.42333,35.85525],[129.42277,35.85458],[129.42298,35.8527],[129.42241,35.85193],[129.42255,35.85149],[129.42237,35.85085],[129.42272,35.85022],[129.4226,35.84938],[129.42293,35.84766],[129.42229,35.84418],[129.42217,35.84192],[129.422,35.84143],[129.41946,35.83885],[129.41908,35.83868],[129.41785,35.83855],[129.41724,35.83785],[129.41579,35.83687],[129.41466,35.8365],[129.41387,35.83584],[129.41226,35.83508]]]}},{"type":"Feature","id":"TN_RIVER_BNDRY:WTR0100000001P31B","properties":{"NF_ID":"WTR0100000001P31B","admin_code":"47130","source_layer":"TN_RIVER_BNDRY","semantic":"zone","river_class":"소하천","river_class_source":"중심선 공간조인","survey_method":"사진측량"},"geometry":{"type":"Polygon","coordinates":[[[129.29071,35.92517],[129.29177,35.92479],[129.29263,35.92368],[129.29339,35.92373],[129.2938,35.92359],[129.29427,35.92274],[129.2951,35.9224],[129.29567,35.92147],[129.29641,35.92109],[129.29688,35.92065],[129.29574,35.92129],[129.29522,35.92177],[129.295,35.9223],[129.2943,35.92254],[129.29372,35.92352],[129.29352,35.92364],[129.2925,35.92363],[129.29189,35.9246],[129.29106,35.92489],[129.29071,35.92517]]]}},{"type":"Feature","id":"TN_RIVER_BNDRY:WTR0100000001P32C","properties":{"NF_ID":"WTR0100000001P32C","admin_code":"47130","source_layer":"TN_RIVER_BNDRY","semantic":"zone","river_class":"지방하천","river_class_source":"중심선 공간조인","river_name":"왕신천","river_code":"2120270","survey_method":"사진측량"},"geometry":{"type":"Polygon","coordinates":[[[129.30752,35.92609],[129.30712,35.92623],[129.3059,35.92575],[129.30563,35.9255],[129.30468,35.92568],[129.30405,35.92561],[129.30357,35.92531],[129.30321,35.92471],[129.3029,35.92455],[129.30254,35.92461],[129.30181,35.92533],[129.30133,35.92545],[129.30113,35.92521],[129.30146,35.92439],[129.30057,35.92409],[129.30023,35.92427],[129.29949,35.92551],[129.299,35.9259],[129.29798,35.92587],[129.2975,35.92606],[129.29555,35.92596],[129.29377,35.92628],[129.29203,35.92582],[129.29081,35.92521],[129.29074,35.92538],[129.29374,35.92644],[129.29639,35.92609],[129.29757,35.92619],[129.2981,35.92596],[129.2991,35.92604],[129.29961,35.92569],[129.30037,35.92433],[129.30088,35.92425],[129.30136,35.92445],[129.30093,35.92521],[129.30126,35.92557],[129.30209,35.92535],[129.30253,35.92478],[129.3029,35.92471],[129.30384,35.92571],[129.3044,35.92583],[129.30552,35.92573],[129.30709,35.92628],[129.30752,35.92609]]]}},{"type":"Feature","id":"TN_RIVER_BNDRY:WTR0100000001P33D","properties":{"NF_ID":"WTR0100000001P33D","admin_code":"47130","source_layer":"TN_RIVER_BNDRY","semantic":"zone","river_class":"소하천","river_class_source":"중심선 공간조인","survey_method":"사진측량"},"geometry":{"type":"Polygon","coordinates":[[[129.27144,35.92288],[129.27133,35.92285],[129.27084,35.92428],[129.27021,35.92543],[129.26964,35.92578],[129.26956,35.92617],[129.26917,35.92658],[129.26901,35.92734],[129.26936,35.92691],[129.26972,35.92579],[129.27014,35.92555],[129.27021,35.92564],[129.26978,35.926],[129.27128,35.92659],[129.27148,35.92695],[129.27145,35.92735],[129.27239,35.92728],[129.27296,35.92673],[129.27269,35.92603],[129.27291,35.92495],[129.2708,35.92516],[129.27034,35.9255],[129.27144,35.92288]]]}},{"type":"Feature","id":"TN_RIVER_BNDRY:WTR0100000001P36G","properties":{"NF_ID":"WTR0100000001P36G","admin_code":"47130","source_layer":"TN_RIVER_BNDRY","semantic":"zone","river_class":"지방하천","river_class_source":"중심선 공간조인","river_name":"왕신천","river_code":"2120270","survey_method":"사진측량"},"geometry":{"type":"Polygon","coordinates":[[[129.31893,35.92343],[129.31879,35.92328],[129.31803,35.92344],[129.31741,35.92333],[129.3161,35.92253],[129.31449,35.92289],[129.31384,35.92241],[129.31339,35.92233],[129.31265,35.92286],[129.31124,35.92339],[129.31034,35.92413],[129.31006,35.92465],[129.31023,35.92519],[129.30997,35.92552],[129.30873,35.92539],[129.30818,35.92469],[129.30777,35.92451],[129.30783,35.92514],[129.3072,35.92526],[129.30724,35.92616],[129.30756,35.92607],[129.30775,35.92619],[129.30781,35.92669],[129.30847,35.92721],[129.30955,35.92755],[129.31078,35.92759],[129.31113,35.92736],[129.31148,35.92649],[129.31237,35.92617],[129.3122,35.92596],[129.31187,35.92599],[129.31084,35.92566],[129.31089,35.92437],[129.3112,35.92411],[129.31152,35.92343],[129.31248,35.92314],[129.31362,35.92256],[129.31451,35.92304],[129.31606,35.92273],[129.31703,35.92335],[129.31805,35.92361],[129.31839,35.92364],[129.31893,35.92343]]]}},{"type":"Feature","id":"TN_RIVER_BNDRY:WTR0100000001P37H","properties":{"NF_ID":"WTR0100000001P37H","admin_code":"47130","source_layer":"TN_RIVER_BNDRY","semantic":"zone","river_class":"소하천","river_class_source":"중심선 공간조인","survey_method":"사진측량"},"geometry":{"type":"Polygon","coordinates":[[[129.287,35.92837],[129.28694,35.92801],[129.28633,35.92775],[129.28573,35.92719],[129.28622,35.92671],[129.28645,35.92618],[129.28632,35.92539],[129.2865,35.92467],[129.28634,35.92417],[129.28561,35.92342],[129.28144,35.9168],[129.28031,35.91657],[129.27653,35.91718],[129.2731,35.91987],[129.27271,35.92053],[129.27248,35.922],[129.2714,35.92275],[129.27149,35.92284],[129.27261,35.92203],[129.27315,35.92003],[129.27631,35.91744],[129.27927,35.91678],[129.28042,35.91673],[129.28133,35.91696],[129.2856,35.92372],[129.28628,35.92451],[129.2863,35.92634],[129.28561,35.92717],[129.28616,35.92778],[129.28685,35.9281],[129.28681,35.92839],[129.287,35.92837]]]}},{"type":"Feature","id":"TN_RIVER_BNDRY:WTR0100000001P3IS","properties":{"NF_ID":"WTR0100000001P3IS","admin_code":"47130","source_layer":"TN_RIVER_BNDRY","semantic":"zone","river_class":"소하천","river_class_source":"중심선 공간조인","survey_method":"사진측량"},"geometry":{"type":"Polygon","coordinates":[[[129.45599,35.79177],[129.45588,35.79173],[129.45511,35.79252],[129.45542,35.79359],[129.45427,35.79418],[129.45382,35.79546],[129.45342,35.79556],[129.45334,35.79571],[129.45342,35.79587],[129.45444,35.79637],[129.45554,35.7976],[129.45551,35.79824],[129.45571,35.79842],[129.45541,35.79896],[129.45548,35.79945],[129.4556,35.7996],[129.4562,35.7996],[129.45594,35.79999],[129.45589,35.80045],[129.45633,35.80116],[129.45521,35.80226],[129.4552,35.80308],[129.45527,35.80325],[129.45613,35.80319],[129.45668,35.804],[129.45596,35.80609],[129.45635,35.80666],[129.45736,35.80709],[129.45731,35.80733],[129.45676,35.80783],[129.4571,35.80795],[129.45716,35.80874],[129.4574,35.80923],[129.45697,35.80949],[129.45706,35.81015],[129.45685,35.81086],[129.45598,35.81175],[129.45619,35.81222],[129.45671,35.81252],[129.45605,35.81294],[129.45677,35.81254],[129.45624,35.81219],[129.45602,35.81179],[129.45694,35.8109],[129.45715,35.81001],[129.45707,35.80953],[129.45746,35.80927],[129.45715,35.80784],[129.45687,35.80779],[129.45735,35.80741],[129.45744,35.80712],[129.45723,35.80689],[129.45637,35.8066],[129.45605,35.80607],[129.45674,35.80394],[129.45616,35.80311],[129.45529,35.80315],[129.45529,35.80224],[129.45642,35.80114],[129.45595,35.80045],[129.45628,35.79955],[129.45564,35.79952],[129.4555,35.79923],[129.45583,35.7984],[129.45568,35.79762],[129.45453,35.79631],[129.45358,35.79578],[129.45409,35.79525],[129.45435,35.79434],[129.45547,35.79365],[129.45526,35.79251],[129.45599,35.79177]]]}},{"type":"Feature","id":"TN_RIVER_BNDRY:WTR0100000001P3JT","properties":{"NF_ID":"WTR0100000001P3JT","admin_code":"47130","source_layer":"TN_RIVER_BNDRY","semantic":"zone","river_class":"지방하천","river_class_source":"중심선 공간조인","river_name":"대종천","river_code":"2620520","survey_method":"사진측량"},"geometry":{"type":"Polygon","coordinates":[[[129.43605,35.79622],[129.43446,35.79582],[129.43333,35.79778],[129.43223,35.79886],[129.43283,35.79953],[129.43605,35.79622]]]}},{"type":"Feature","id":"TN_RIVER_BNDRY:WTR0100000001P3KU","properties":{"NF_ID":"WTR0100000001P3KU","admin_code":"47130","source_layer":"TN_RIVER_BNDRY","semantic":"zone","river_class":"지방하천","river_class_source":"중심선 공간조인","river_name":"대종천","river_code":"2620520","survey_method":"사진측량"},"geometry":{"type":"Polygon","coordinates":[[[129.42893,35.79978],[129.424,35.79917],[129.4237,35.79885],[129.42363,35.79787],[129.42226,35.7972],[129.42171,35.79664],[129.42108,35.79545],[129.41965,35.79462],[129.41797,35.79461],[129.41536,35.79489],[129.41335,35.79473],[129.40958,35.79297],[129.40926,35.79362],[129.41266,35.79523],[129.41443,35.79562],[129.41825,35.79528],[129.41906,35.79543],[129.42165,35.79755],[129.42181,35.79772],[129.42176,35.79795],[129.42355,35.79975],[129.42415,35.8001],[129.42492,35.80018],[129.42552,35.80003],[129.42861,35.80047],[129.42896,35.8],[129.42893,35.79978]]]}},{"type":"Feature","id":"TN_RIVER_BNDRY:WTR0100000001P3LV","properties":{"NF_ID":"WTR0100000001P3LV","admin_code":"47130","source_layer":"TN_RIVER_BNDRY","semantic":"zone","river_class":"소하천","river_class_source":"중심선 공간조인","survey_method":"사진측량"},"geometry":{"type":"Polygon","coordinates":[[[129.45588,35.79173],[129.45509,35.79126],[129.45385,35.79119],[129.45348,35.7915],[129.45317,35.79221],[129.4523,35.79255],[129.45236,35.79341],[129.45182,35.79338],[129.45167,35.79354],[129.45129,35.79494],[129.45149,35.7952],[129.45167,35.79612],[129.45132,35.79712],[129.45155,35.79744],[129.45128,35.79791],[129.45165,35.79871],[129.45245,35.79919],[129.45269,35.79988],[129.45251,35.79921],[129.45165,35.79866],[129.45151,35.79839],[129.45162,35.79818],[129.45134,35.79791],[129.45159,35.79747],[129.45139,35.79705],[129.45174,35.79611],[129.45155,35.79517],[129.45134,35.7949],[129.45174,35.7936],[129.45189,35.79345],[129.45241,35.79344],[129.45234,35.79263],[129.45326,35.79222],[129.45356,35.79153],[129.45389,35.79126],[129.45519,35.79137],[129.45588,35.79173]]]}},{"type":"Feature","id":"TN_RIVER_BNDRY:WTR0100000001P3MW","properties":{"NF_ID":"WTR0100000001P3MW","admin_code":"47130","source_layer":"TN_RIVER_BNDRY","semantic":"zone","river_class":"소하천","river_class_source":"중심선 공간조인","survey_method":"사진측량"},"geometry":{"type":"Polygon","coordinates":[[[129.25182,35.80027],[129.25177,35.80026],[129.25176,35.80055],[129.25174,35.8007],[129.25174,35.80074],[129.25174,35.80078],[129.25176,35.80085],[129.25176,35.80088],[129.25176,35.80088],[129.25176,35.80088],[129.25178,35.80096],[129.25181,35.80111],[129.25182,35.80118],[129.25181,35.80123],[129.25181,35.80123],[129.25183,35.80122],[129.25184,35.80121],[129.25185,35.80118],[129.25186,35.80115],[129.25183,35.80088],[129.25183,35.80088],[129.25183,35.80088],[129.25182,35.80083],[129.25184,35.80061],[129.25186,35.80033],[129.25186,35.8003],[129.25185,35.80028],[129.25183,35.80028],[129.25182,35.80027]]]}},{"type":"Feature","id":"TN_RIVER_BNDRY:WTR0100000001P3NX","properties":{"NF_ID":"WTR0100000001P3NX","admin_code":"47130","source_layer":"TN_RIVER_BNDRY","semantic":"zone","river_class":"소하천","river_class_source":"중심선 공간조인","survey_method":"사진측량"},"geometry":{"type":"Polygon","coordinates":[[[129.38163,35.79808],[129.3815,35.79799],[129.38099,35.79811],[129.38,35.79868],[129.379,35.79903],[129.37801,35.79897],[129.37646,35.7993],[129.37649,35.79943],[129.37828,35.79901],[129.37909,35.79908],[129.38005,35.79875],[129.38111,35.79816],[129.38163,35.79808]]]}},{"type":"Feature","id":"TN_RIVER_BNDRY:WTR0100000001P3OY","properties":{"NF_ID":"WTR0100000001P3OY","admin_code":"47130","source_layer":"TN_RIVER_BNDRY","semantic":"zone","river_class":"소하천","river_class_source":"중심선 공간조인","survey_method":"사진측량"},"geometry":{"type":"Polygon","coordinates":[[[129.39788,35.7942],[129.39766,35.79418],[129.39731,35.7949],[129.39618,35.79545],[129.39443,35.79724],[129.39357,35.79862],[129.39383,35.79939],[129.39364,35.79982],[129.39094,35.80099],[129.39063,35.80166],[129.39076,35.80217],[129.38975,35.80282],[129.38984,35.80355],[129.38926,35.80341],[129.38903,35.80352],[129.38995,35.80359],[129.38986,35.80289],[129.39085,35.80218],[129.39075,35.8016],[129.39102,35.80108],[129.39317,35.80018],[129.39379,35.79978],[129.39395,35.79927],[129.39376,35.79858],[129.39449,35.7973],[129.39627,35.79554],[129.39754,35.79482],[129.39788,35.7942]]]}},{"type":"Feature","id":"TN_RIVER_BNDRY:WTR0100000001P3PZ","properties":{"NF_ID":"WTR0100000001P3PZ","admin_code":"47130","source_layer":"TN_RIVER_BNDRY","semantic":"zone","river_class":"지방하천","river_class_source":"중심선 공간조인","river_name":"남천","river_code":"1020500","survey_method":"사진측량"},"geometry":{"type":"Polygon","coordinates":[[[129.30942,35.80378],[129.31029,35.80236],[129.31144,35.80118],[129.31169,35.80098],[129.31274,35.80068],[129.31307,35.79974],[129.31329,35.79956],[129.31326,35.79897],[129.31,35.79846],[129.31004,35.79792],[129.31049,35.79766],[129.3105,35.79667],[129.31014,35.7963],[129.3104,35.79674],[129.31039,35.79716],[129.3103,35.79753],[129.30991,35.79788],[129.30984,35.79828],[129.3102,35.79874],[129.31015,35.79911],[129.30966,35.79979],[129.30842,35.80015],[129.30849,35.80035],[129.30938,35.8006],[129.30937,35.80129],[129.30879,35.80294],[129.30887,35.80391],[129.3093,35.80362],[129.30942,35.80378]]]}},{"type":"Feature","id":"TN_RIVER_BNDRY:WTR0100000001P3Q0","properties":{"NF_ID":"WTR0100000001P3Q0","admin_code":"47130","source_layer":"TN_RIVER_BNDRY","semantic":"zone","river_class":"소하천","river_class_source":"중심선 공간조인","survey_method":"사진측량"},"geometry":{"type":"Polygon","coordinates":[[[129.30999,35.7962],[129.31014,35.7963],[129.31069,35.79583],[129.31122,35.79585],[129.31275,35.79601],[129.31472,35.79656],[129.31751,35.79837],[129.318,35.79929],[129.31927,35.79966],[129.31991,35.80038],[129.32098,35.80027],[129.32181,35.80052],[129.32356,35.80216],[129.3242,35.80228],[129.32538,35.80279],[129.32571,35.80276],[129.32351,35.80202],[129.32186,35.80043],[129.32105,35.80018],[129.32005,35.80033],[129.31931,35.79956],[129.31805,35.7992],[129.31761,35.79828],[129.31709,35.79807],[129.31661,35.79759],[129.31484,35.7965],[129.31287,35.79592],[129.31092,35.79574],[129.31048,35.79582],[129.30999,35.7962]]]}},{"type":"Feature","id":"TN_RIVER_BNDRY:WTR0100000001P3R1","properties":{"NF_ID":"WTR0100000001P3R1","admin_code":"47130","source_layer":"TN_RIVER_BNDRY","semantic":"zone","river_class":"지방하천","river_class_source":"중심선 공간조인","river_name":"남천","river_code":"1020500","survey_method":"사진측량"},"geometry":{"type":"Polygon","coordinates":[[[129.25731,35.80083],[129.25816,35.79779],[129.2574,35.79782],[129.25728,35.79876],[129.25677,35.79994],[129.25661,35.80087],[129.25731,35.80083]]]}},{"type":"Feature","id":"TN_RIVER_BNDRY:WTR0100000001P3S2","properties":{"NF_ID":"WTR0100000001P3S2","admin_code":"47130","source_layer":"TN_RIVER_BNDRY","semantic":"zone","river_class":"소하천","river_class_source":"중심선 공간조인","survey_method":"사진측량"},"geometry":{"type":"Polygon","coordinates":[[[129.46282,35.82532],[129.46281,35.8255],[129.46323,35.82505],[129.4631,35.8244],[129.46321,35.82421],[129.46402,35.82393],[129.46432,35.82337],[129.46505,35.82301],[129.4654,35.82237],[129.46629,35.82228],[129.4684,35.82131],[129.46927,35.81948],[129.47039,35.81886],[129.47039,35.81869],[129.4699,35.8184],[129.46962,35.81699],[129.46936,35.81556],[129.46961,35.81483],[129.46915,35.81424],[129.46941,35.81378],[129.46876,35.81314],[129.46902,35.81278],[129.46982,35.81277],[129.47002,35.81264],[129.47117,35.80939],[129.47144,35.8092],[129.47257,35.80888],[129.47318,35.8089],[129.47395,35.8086],[129.47449,35.80804],[129.47517,35.80686],[129.47642,35.80664],[129.47673,35.8064],[129.47709,35.80527],[129.47749,35.80486],[129.47863,35.80433],[129.48009,35.80401],[129.48223,35.80128],[129.48499,35.79895],[129.48776,35.79594],[129.49006,35.79376],[129.49177,35.7918],[129.49307,35.79103],[129.49436,35.78976],[129.4936,35.78971],[129.49351,35.7901],[129.49215,35.79116],[129.49163,35.79135],[129.49028,35.79304],[129.48683,35.79648],[129.48491,35.79864],[129.48165,35.80149],[129.48018,35.8035],[129.47971,35.80392],[129.4786,35.80422],[129.47735,35.80482],[129.47688,35.80538],[129.47656,35.80646],[129.47575,35.80656],[129.475,35.80686],[129.47393,35.80855],[129.47313,35.80886],[129.47251,35.80884],[129.47146,35.80911],[129.47115,35.8093],[129.4699,35.81263],[129.469,35.81266],[129.46867,35.81303],[129.46876,35.81338],[129.4693,35.81379],[129.46908,35.8143],[129.46954,35.81488],[129.46927,35.81562],[129.46977,35.81775],[129.4697,35.81814],[129.46984,35.81854],[129.47025,35.81888],[129.46927,35.81935],[129.46841,35.82118],[129.46611,35.82221],[129.4653,35.82223],[129.46493,35.82297],[129.46425,35.82329],[129.46394,35.82387],[129.46303,35.82418],[129.46316,35.825],[129.46282,35.82532]]]}},{"type":"Feature","id":"TN_RIVER_BNDRY:WTR0100000001P3T3","properties":{"NF_ID":"WTR0100000001P3T3","admin_code":"47130","source_layer":"TN_RIVER_BNDRY","semantic":"zone","river_class":"소하천","river_class_source":"중심선 공간조인","survey_method":"사진측량"},"geometry":{"type":"Polygon","coordinates":[[[129.34243,35.75186],[129.34367,35.75161],[129.34305,35.75153],[129.34229,35.7518],[129.34201,35.75167],[129.3418,35.75117],[129.34036,35.75063],[129.33956,35.75097],[129.33862,35.75053],[129.33791,35.75086],[129.33668,35.751],[129.33418,35.75082],[129.33341,35.75105],[129.33282,35.75023],[129.33214,35.75023],[129.33153,35.75],[129.3318,35.75021],[129.33274,35.75028],[129.33318,35.75098],[129.33343,35.75108],[129.33422,35.75091],[129.33562,35.75088],[129.33671,35.75105],[129.33785,35.75095],[129.33864,35.75063],[129.33975,35.7511],[129.34039,35.7507],[129.34172,35.75119],[129.34189,35.75172],[129.34243,35.75186]]]}},{"type":"Feature","id":"TN_RIVER_BNDRY:WTR0100000001P3U4","properties":{"NF_ID":"WTR0100000001P3U4","admin_code":"47130","source_layer":"TN_RIVER_BNDRY","semantic":"zone","river_class":"등급미확인","survey_method":"사진측량"},"geometry":{"type":"Polygon","coordinates":[[[129.46634,35.75],[129.46678,35.75025],[129.46711,35.75],[129.46634,35.75]]]}},{"type":"Feature","id":"TN_RIVER_BNDRY:WTR0100000001P3V5","properties":{"NF_ID":"WTR0100000001P3V5","admin_code":"47130","source_layer":"TN_RIVER_BNDRY","semantic":"zone","river_class":"지방하천","river_class_source":"중심선 공간조인","river_name":"동천","river_code":"2220440","survey_method":"사진측량"},"geometry":{"type":"Polygon","coordinates":[[[129.3131,35.75278],[129.31272,35.75115],[129.31294,35.75],[129.31275,35.75],[129.31256,35.75139],[129.31281,35.7528],[129.3131,35.75278]]]}},{"type":"Feature","id":"TN_RIVER_BNDRY:WTR0100000001P3W6","properties":{"NF_ID":"WTR0100000001P3W6","admin_code":"47130","source_layer":"TN_RIVER_BNDRY","semantic":"zone","river_class":"소하천","river_class_source":"중심선 공간조인","survey_method":"사진측량"},"geometry":{"type":"Polygon","coordinates":[[[129.45351,35.75],[129.45313,35.75036],[129.45303,35.75075],[129.45351,35.75]]]}},{"type":"Feature","id":"TN_RIVER_BNDRY:WTR0100000001P3X7","properties":{"NF_ID":"WTR0100000001P3X7","admin_code":"47130","source_layer":"TN_RIVER_BNDRY","semantic":"zone","river_class":"지방하천","river_class_source":"중심선 공간조인","river_name":"대종천","river_code":"2620520","survey_method":"사진측량"},"geometry":{"type":"Polygon","coordinates":[[[129.46678,35.75025],[129.46634,35.75],[129.46583,35.75],[129.46641,35.75054],[129.46678,35.75025]]]}},{"type":"Feature","id":"TN_RIVER_BNDRY:WTR0100000001P3Y8","properties":{"NF_ID":"WTR0100000001P3Y8","admin_code":"47130","source_layer":"TN_RIVER_BNDRY","semantic":"zone","river_class":"소하천","river_class_source":"중심선 공간조인","survey_method":"사진측량"},"geometry":{"type":"Polygon","coordinates":[[[129.28173,35.75713],[129.28397,35.75053],[129.2846,35.75],[129.28389,35.75054],[129.2816,35.75714],[129.28173,35.75713]]]}},{"type":"Feature","id":"TN_RIVER_BNDRY:WTR0100000001P3Z9","properties":{"NF_ID":"WTR0100000001P3Z9","admin_code":"47130","source_layer":"TN_RIVER_BNDRY","semantic":"zone","river_class":"지방하천","river_class_source":"중심선 공간조인","river_name":"원동천","river_code":"2120130","survey_method":"사진측량"},"geometry":{"type":"Polygon","coordinates":[[[129.28132,35.75738],[129.28172,35.75658],[129.28214,35.75426],[129.28195,35.75321],[129.28207,35.75283],[129.28286,35.75148],[129.28427,35.75],[129.28379,35.75],[129.28312,35.75064],[129.28241,35.7515],[129.28179,35.7527],[129.28165,35.75306],[129.28182,35.75436],[129.28135,35.75683],[129.28099,35.7574],[129.28132,35.75738]]]}},{"type":"Feature","id":"TN_RIVER_BNDRY:WTR0100000001P40B","properties":{"NF_ID":"WTR0100000001P40B","admin_code":"47130","source_layer":"TN_RIVER_BNDRY","semantic":"zone","river_class":"지방하천","river_class_source":"중심선 공간조인","river_name":"대종천","river_code":"2620520","survey_method":"사진측량"},"geometry":{"type":"Polygon","coordinates":[[[129.46641,35.75054],[129.46583,35.75],[129.46522,35.75],[129.46361,35.75142],[129.4639,35.75159],[129.46277,35.75256],[129.4623,35.75269],[129.46061,35.75393],[129.45933,35.75431],[129.45901,35.75561],[129.45754,35.75701],[129.45746,35.75758],[129.45689,35.7583],[129.45656,35.76048],[129.45634,35.76057],[129.45608,35.76169],[129.45527,35.76308],[129.454,35.76427],[129.44959,35.76686],[129.45234,35.76706],[129.45451,35.76586],[129.45538,35.76508],[129.45674,35.76329],[129.45769,35.75976],[129.45938,35.75702],[129.46179,35.75456],[129.46178,35.75439],[129.46641,35.75054]]]}},{"type":"Feature","id":"TN_RIVER_BNDRY:WTR0100000001P41C","properties":{"NF_ID":"WTR0100000001P41C","admin_code":"47130","source_layer":"TN_RIVER_BNDRY","semantic":"zone","river_class":"소하천","river_class_source":"중심선 공간조인","survey_method":"사진측량"},"geometry":{"type":"Polygon","coordinates":[[[129.25,35.79745],[129.25019,35.79745],[129.25062,35.79254],[129.25,35.79128],[129.25,35.7918],[129.25034,35.79241],[129.25,35.79502],[129.25,35.79745]]]}},{"type":"Feature","id":"TN_RIVER_BNDRY:WTR0100000001P42D","properties":{"NF_ID":"WTR0100000001P42D","admin_code":"47130","source_layer":"TN_RIVER_BNDRY","semantic":"zone","river_class":"소하천","river_class_source":"중심선 공간조인","survey_method":"사진측량"},"geometry":{"type":"Polygon","coordinates":[[[129.25019,35.79745],[129.25,35.79745],[129.25,35.79757],[129.2502,35.79757],[129.25019,35.79745]]]}},{"type":"Feature","id":"TN_RIVER_BNDRY:WTR0100000001P43E","properties":{"NF_ID":"WTR0100000001P43E","admin_code":"47130","source_layer":"TN_RIVER_BNDRY","semantic":"zone","river_class":"소하천","river_class_source":"중심선 공간조인","survey_method":"사진측량"},"geometry":{"type":"Polygon","coordinates":[[[129.25661,35.80087],[129.25627,35.80124],[129.25565,35.80138],[129.25118,35.79947],[129.25048,35.7989],[129.2502,35.79757],[129.25,35.79757],[129.25,35.79908],[129.2505,35.79955],[129.25417,35.8011],[129.25704,35.80261],[129.25661,35.80087]]]}},{"type":"Feature","id":"TN_RIVER_BNDRY:WTR0100000001P44F","properties":{"NF_ID":"WTR0100000001P44F","admin_code":"47130","source_layer":"TN_RIVER_BNDRY","semantic":"zone","river_class":"소하천","river_class_source":"중심선 공간조인","survey_method":"사진측량"},"geometry":{"type":"Polygon","coordinates":[[[129.25072,35.80996],[129.25072,35.80996],[129.25036,35.81047],[129.25,35.81103],[129.25,35.81111],[129.25012,35.8109],[129.25042,35.81044],[129.25043,35.81044],[129.25073,35.80999],[129.25073,35.80998],[129.25073,35.80997],[129.25072,35.80996]]]}},{"type":"Feature","id":"TN_RIVER_BNDRY:WTR0100000001P45G","properties":{"NF_ID":"WTR0100000001P45G","admin_code":"47130","source_layer":"TN_RIVER_BNDRY","semantic":"zone","river_class":"소하천","river_class_source":"중심선 공간조인","survey_method":"사진측량"},"geometry":{"type":"Polygon","coordinates":[[[129.25007,35.81219],[129.25,35.8121],[129.25,35.81216],[129.25015,35.81242],[129.2502,35.81252],[129.25025,35.8126],[129.25026,35.8126],[129.25028,35.81259],[129.25028,35.81259],[129.25025,35.81254],[129.25017,35.8124],[129.25017,35.81238],[129.25007,35.81219]]]}},{"type":"Feature","id":"TN_RIVER_BNDRY:WTR0100000001P46H","properties":{"NF_ID":"WTR0100000001P46H","admin_code":"47130","source_layer":"TN_RIVER_BNDRY","semantic":"zone","river_class":"지방하천","river_class_source":"중심선 공간조인","river_name":"남천","river_code":"1020500","survey_method":"사진측량"},"geometry":{"type":"Polygon","coordinates":[[[129.25745,35.80755],[129.25681,35.80712],[129.25564,35.8083],[129.25497,35.81068],[129.25422,35.81143],[129.25031,35.81266],[129.25,35.81289],[129.25,35.81435],[129.2505,35.81337],[129.2509,35.81311],[129.25433,35.81203],[129.25517,35.81151],[129.25585,35.81035],[129.25604,35.80884],[129.25745,35.80755]]]}},{"type":"Feature","id":"TN_RIVER_BNDRY:WTR0100000001P47I","properties":{"NF_ID":"WTR0100000001P47I","admin_code":"47130","source_layer":"TN_RIVER_BNDRY","semantic":"zone","river_class":"소하천","river_class_source":"중심선 공간조인","survey_method":"사진측량"},"geometry":{"type":"Polygon","coordinates":[[[129.49686,35.82187],[129.49776,35.82159],[129.49823,35.82168],[129.49894,35.82147],[129.49922,35.82171],[129.49953,35.82176],[129.5,35.82158],[129.49929,35.82171],[129.49892,35.82144],[129.4982,35.82164],[129.49774,35.82156],[129.49675,35.82187],[129.49656,35.82178],[129.49686,35.82187]]]}},{"type":"Feature","id":"TN_RIVER_BNDRY:WTR0100000001P48J","properties":{"NF_ID":"WTR0100000001P48J","admin_code":"47130","source_layer":"TN_RIVER_BNDRY","semantic":"zone","river_class":"소하천","river_class_source":"중심선 공간조인","survey_method":"사진측량"},"geometry":{"type":"Polygon","coordinates":[[[129.48719,35.83256],[129.48724,35.83269],[129.48807,35.83265],[129.48869,35.83242],[129.48948,35.83061],[129.4909,35.82954],[129.49441,35.82897],[129.49687,35.82767],[129.49794,35.82681],[129.49907,35.82499],[129.5,35.82455],[129.5,35.82438],[129.49897,35.82484],[129.49781,35.82673],[129.49674,35.82756],[129.49429,35.82886],[129.49081,35.8294],[129.48941,35.83049],[129.48865,35.83218],[129.48813,35.83251],[129.48719,35.83256]]]}},{"type":"Feature","id":"TN_RIVER_BNDRY:WTR0100000001P49K","properties":{"NF_ID":"WTR0100000001P49K","admin_code":"47130","source_layer":"TN_RIVER_BNDRY","semantic":"zone","river_class":"소하천","river_class_source":"중심선 공간조인","survey_method":"사진측량"},"geometry":{"type":"Polygon","coordinates":[[[129.25008,35.83704],[129.25004,35.83704],[129.25002,35.83711],[129.25001,35.83714],[129.25,35.83715],[129.25,35.83723],[129.25,35.83723],[129.25,35.83722],[129.25002,35.83717],[129.25005,35.83712],[129.25008,35.83704]]]}},{"type":"Feature","id":"TN_RIVER_BNDRY:WTR0100000001P4AL","properties":{"NF_ID":"WTR0100000001P4AL","admin_code":"47130","source_layer":"TN_RIVER_BNDRY","semantic":"zone","river_class":"소하천","river_class_source":"중심선 공간조인","survey_method":"사진측량"},"geometry":{"type":"Polygon","coordinates":[[[129.25001,35.83776],[129.25,35.8377],[129.25,35.83785],[129.25,35.83787],[129.25002,35.83795],[129.25005,35.83804],[129.25007,35.83811],[129.2501,35.83816],[129.25013,35.83816],[129.2501,35.8381],[129.25007,35.83803],[129.25005,35.83795],[129.25003,35.83786],[129.25001,35.83776]]]}},{"type":"Feature","id":"TN_RIVER_BNDRY:WTR0100000001P4BM","properties":{"NF_ID":"WTR0100000001P4BM","admin_code":"47130","source_layer":"TN_RIVER_BNDRY","semantic":"zone","river_class":"소하천","river_class_source":"중심선 공간조인","survey_method":"사진측량"},"geometry":{"type":"Polygon","coordinates":[[[129.49735,35.83642],[129.49727,35.83653],[129.49865,35.83684],[129.5,35.83639],[129.5,35.83555],[129.49972,35.83536],[129.49927,35.83554],[129.49844,35.83654],[129.49735,35.83642]]]}},{"type":"Feature","id":"TN_RIVER_BNDRY:WTR0100000001P4CN","properties":{"NF_ID":"WTR0100000001P4CN","admin_code":"47130","source_layer":"TN_RIVER_BNDRY","semantic":"zone","river_class":"소하천","river_class_source":"중심선 공간조인","survey_method":"사진측량"},"geometry":{"type":"Polygon","coordinates":[[[129.25054,35.84206],[129.25,35.84185],[129.2501,35.84202],[129.25054,35.84206]]]}},{"type":"Feature","id":"TN_RIVER_BNDRY:WTR0100000001P4EP","properties":{"NF_ID":"WTR0100000001P4EP","admin_code":"47130","source_layer":"TN_RIVER_BNDRY","semantic":"zone","river_class":"지방하천","river_class_source":"중심선 공간조인","river_name":"북천","river_code":"1023130","survey_method":"사진측량"},"geometry":{"type":"Polygon","coordinates":[[[129.25924,35.84729],[129.25698,35.84646],[129.25688,35.84615],[129.25229,35.84394],[129.25,35.84264],[129.25,35.84353],[129.25256,35.84501],[129.25734,35.84725],[129.25955,35.8479],[129.25924,35.84729]]]}},{"type":"Feature","id":"TN_RIVER_BNDRY:WTR0100000001P4HS","properties":{"NF_ID":"WTR0100000001P4HS","admin_code":"47130","source_layer":"TN_RIVER_BNDRY","semantic":"zone","river_class":"지방하천","river_class_source":"중심선 공간조인","river_name":"신당천","river_code":"2023940","survey_method":"사진측량"},"geometry":{"type":"Polygon","coordinates":[[[129.25978,35.90032],[129.25911,35.90044],[129.25925,35.90146],[129.25898,35.90208],[129.2582,35.90246],[129.25612,35.90307],[129.25178,35.90188],[129.25115,35.90145],[129.25069,35.90067],[129.25053,35.89973],[129.25058,35.89826],[129.25,35.89691],[129.25,35.90089],[129.2504,35.90194],[129.25078,35.90227],[129.2557,35.90357],[129.25716,35.90339],[129.25855,35.90304],[129.25958,35.9024],[129.26,35.90164],[129.25978,35.90032]]]}},{"type":"Feature","id":"TN_RIVER_BNDRY:WTR0100000001P4IT","properties":{"NF_ID":"WTR0100000001P4IT","admin_code":"47130","source_layer":"TN_RIVER_BNDRY","semantic":"zone","river_class":"소하천","river_class_source":"중심선 공간조인","survey_method":"사진측량"},"geometry":{"type":"Polygon","coordinates":[[[129.26033,35.91523],[129.26064,35.91523],[129.26029,35.91518],[129.25932,35.9156],[129.25556,35.91632],[129.25483,35.91682],[129.25412,35.91775],[129.25352,35.91825],[129.25172,35.91879],[129.25102,35.91915],[129.25,35.91924],[129.25,35.9194],[129.25121,35.91921],[129.25195,35.9188],[129.25354,35.91833],[129.25483,35.91697],[129.25586,35.91633],[129.25909,35.91571],[129.26033,35.91523]]]}},{"type":"Feature","id":"TN_RIVER_BNDRY:WTR0100000001P4KV","properties":{"NF_ID":"WTR0100000001P4KV","admin_code":"47130","source_layer":"TN_RIVER_BNDRY","semantic":"zone","river_class":"소하천","river_class_source":"중심선 공간조인","survey_method":"사진측량"},"geometry":{"type":"Polygon","coordinates":[[[129.25004,35.93786],[129.25002,35.93775],[129.25,35.93776],[129.25,35.93786],[129.25004,35.93786]]]}},{"type":"Feature","id":"TN_RIVER_BNDRY:WTR0100000001P4LW","properties":{"NF_ID":"WTR0100000001P4LW","admin_code":"47130","source_layer":"TN_RIVER_BNDRY","semantic":"zone","river_class":"소하천","river_class_source":"중심선 공간조인","survey_method":"사진측량"},"geometry":{"type":"Polygon","coordinates":[[[129.25021,35.95124],[129.25,35.95115],[129.25,35.9512],[129.25002,35.9512],[129.2504,35.95135],[129.25044,35.95135],[129.25045,35.95135],[129.25048,35.95134],[129.25048,35.95134],[129.25048,35.95134],[129.25046,35.95132],[129.25021,35.95124]]]}},{"type":"Feature","id":"TN_RIVER_BNDRY:WTR0100000001P4MX","properties":{"NF_ID":"WTR0100000001P4MX","admin_code":"47130","source_layer":"TN_RIVER_BNDRY","semantic":"zone","river_class":"소하천","river_class_source":"중심선 공간조인","survey_method":"사진측량"},"geometry":{"type":"Polygon","coordinates":[[[129.25276,35.96831],[129.2525,35.9682],[129.25225,35.96831],[129.25187,35.9692],[129.25136,35.96983],[129.25,35.97022],[129.25143,35.96986],[129.25221,35.96866],[129.25276,35.96831]]]}},{"type":"Feature","id":"TN_RIVER_BNDRY:WTR0100000001P4OZ","properties":{"NF_ID":"WTR0100000001P4OZ","admin_code":"47130","source_layer":"TN_RIVER_BNDRY","semantic":"zone","river_class":"국가하천","river_class_source":"중심선 공간조인","river_name":"형산강","river_code":"2100010","survey_method":"사진측량"},"geometry":{"type":"Polygon","coordinates":[[[129.25132,35.98543],[129.25049,35.98476],[129.25,35.98403],[129.25,35.98687],[129.25132,35.98543]]]}},{"type":"Feature","id":"TN_RIVER_BNDRY:WTR0100000001P4P0","properties":{"NF_ID":"WTR0100000001P4P0","admin_code":"47130","source_layer":"TN_RIVER_BNDRY","semantic":"zone","river_class":"국가하천","river_class_source":"중심선 공간조인","river_name":"형산강","river_code":"2100010","survey_method":"사진측량"},"geometry":{"type":"Polygon","coordinates":[[[129.2521,35.98578],[129.25132,35.98543],[129.25,35.98687],[129.25,35.98708],[129.2521,35.98578]]]}},{"type":"Feature","id":"TN_RIVER_BNDRY:WTR0100000001P4Q1","properties":{"NF_ID":"WTR0100000001P4Q1","admin_code":"47130","source_layer":"TN_RIVER_BNDRY","semantic":"zone","river_class":"국가하천","river_class_source":"중심선 공간조인","river_name":"형산강","river_code":"2100010","survey_method":"사진측량"},"geometry":{"type":"Polygon","coordinates":[[[129.25345,35.98598],[129.2521,35.98578],[129.25,35.98708],[129.25,35.98729],[129.25061,35.98772],[129.25072,35.98757],[129.25172,35.98776],[129.25272,35.98823],[129.25345,35.98598]]]}},{"type":"Feature","id":"TN_RIVER_BNDRY:WTR0100000001P4R2","properties":{"NF_ID":"WTR0100000001P4R2","admin_code":"47130","source_layer":"TN_RIVER_BNDRY","semantic":"zone","river_class":"소하천","river_class_source":"중심선 공간조인","survey_method":"사진측량"},"geometry":{"type":"Polygon","coordinates":[[[129.25088,35.99141],[129.2504,35.99132],[129.25052,35.99087],[129.25,35.99095],[129.25,35.99134],[129.25065,35.99153],[129.25084,35.99155],[129.25088,35.99141]]]}},{"type":"Feature","id":"TN_RIVER_BNDRY:WTR0100000001P4S3","properties":{"NF_ID":"WTR0100000001P4S3","admin_code":"47130","source_layer":"TN_RIVER_BNDRY","semantic":"zone","river_class":"지방하천","river_class_source":"중심선 공간조인","river_name":"기계천","river_code":"2120240","survey_method":"사진측량"},"geometry":{"type":"Polygon","coordinates":[[[129.25285,35.99388],[129.25028,35.99378],[129.25002,35.99483],[129.25014,35.99555],[129.25,35.99786],[129.25088,35.99864],[129.25127,35.99764],[129.25117,35.99711],[129.25087,35.99668],[129.25092,35.99625],[129.25285,35.99388]]]}},{"type":"Feature","id":"TN_RIVER_BNDRY:WTR0100000001P4T4","properties":{"NF_ID":"WTR0100000001P4T4","admin_code":"47130","source_layer":"TN_RIVER_BNDRY","semantic":"zone","river_class":"지방하천","river_class_source":"중심선 공간조인","river_name":"기계천","river_code":"2120240","survey_method":"사진측량"},"geometry":{"type":"Polygon","coordinates":[[[129.25088,35.99864],[129.25,35.99786],[129.25,35.99837],[129.25085,35.99873],[129.25088,35.99864]]]}},{"type":"Feature","id":"TN_RIVER_BNDRY:WTR0100000001P4U5","properties":{"NF_ID":"WTR0100000001P4U5","admin_code":"47130","source_layer":"TN_RIVER_BNDRY","semantic":"zone","river_class":"소하천","river_class_source":"중심선 공간조인","survey_method":"사진측량"},"geometry":{"type":"Polygon","coordinates":[[[129.29095,35.99927],[129.28906,36.0],[129.29082,35.99944],[129.29095,35.99927]]]}},{"type":"Feature","id":"TN_RIVER_BNDRY:WTR0100000001P4Y9","properties":{"NF_ID":"WTR0100000001P4Y9","admin_code":"47130","source_layer":"TN_RIVER_BNDRY","semantic":"zone","river_class":"소하천","river_class_source":"중심선 공간조인","survey_method":"사진측량"},"geometry":{"type":"Polygon","coordinates":[[[129.28499,35.99927],[129.28437,35.99894],[129.28398,35.9985],[129.28389,35.99808],[129.28406,35.99749],[129.28392,35.99724],[129.28292,35.99678],[129.28223,35.99674],[129.28072,35.99722],[129.27963,35.99808],[129.27862,35.99921],[129.2785,36.0],[129.27896,35.99883],[129.28125,35.99702],[129.28218,35.99678],[129.28289,35.99684],[129.28391,35.99732],[129.28384,35.99835],[129.28403,35.99875],[129.28449,35.99913],[129.2855,35.99959],[129.28701,36.0],[129.28499,35.99927]]]}},{"type":"Feature","id":"TN_RIVER_BNDRY:WTR0100000001P50C","properties":{"NF_ID":"WTR0100000001P50C","admin_code":"47130","source_layer":"TN_RIVER_BNDRY","semantic":"zone","river_class":"소하천","river_class_source":"중심선 공간조인","survey_method":"사진측량"},"geometry":{"type":"Polygon","coordinates":[[[129.25223,35.99855],[129.25352,35.99844],[129.25391,35.99964],[129.2543,36.0],[129.25374,35.99911],[129.25377,35.99875],[129.25357,35.99839],[129.25259,35.99841],[129.25223,35.99855]]]}},{"type":"Feature","id":"TN_RIVER_BNDRY:WTR0100000001P57J","properties":{"NF_ID":"WTR0100000001P57J","admin_code":"47130","source_layer":"TN_RIVER_BNDRY","semantic":"zone","river_class":"지방하천","river_class_source":"중심선 공간조인","river_name":"기계천","river_code":"2120240","survey_method":"사진측량"},"geometry":{"type":"Polygon","coordinates":[[[129.25085,35.99873],[129.25,35.99837],[129.25,35.99975],[129.25055,35.99928],[129.25083,35.99934],[129.25085,35.99873]]]}},{"type":"Feature","id":"TN_RIVER_BNDRY:WTR0100000001P59L","properties":{"NF_ID":"WTR0100000001P59L","admin_code":"47130","source_layer":"TN_RIVER_BNDRY","semantic":"zone","river_class":"소하천","river_class_source":"중심선 공간조인","survey_method":"사진측량"},"geometry":{"type":"Polygon","coordinates":[[[129.23751,35.75108],[129.23749,35.75119],[129.23857,35.75121],[129.23896,35.75154],[129.24006,35.75162],[129.24042,35.75174],[129.24063,35.75201],[129.24191,35.75186],[129.24334,35.75233],[129.24373,35.75228],[129.24415,35.75198],[129.24655,35.75117],[129.24753,35.75069],[129.24796,35.75083],[129.24828,35.75068],[129.24749,35.75056],[129.24476,35.75181],[129.24417,35.75186],[129.24369,35.75224],[129.24323,35.75227],[129.24205,35.75183],[129.24093,35.75186],[129.23996,35.75151],[129.23901,35.75148],[129.23839,35.75107],[129.23751,35.75108]]]}},{"type":"Feature","id":"TN_RIVER_BNDRY:WTR0100000001P5AM","properties":{"NF_ID":"WTR0100000001P5AM","admin_code":"47130","source_layer":"TN_RIVER_BNDRY","semantic":"zone","river_class":"소하천","river_class_source":"중심선 공간조인","survey_method":"사진측량"},"geometry":{"type":"Polygon","coordinates":[[[129.18696,35.75469],[129.18686,35.75462],[129.18685,35.75492],[129.18644,35.75558],[129.18578,35.75571],[129.18534,35.75599],[129.18479,35.75601],[129.18344,35.75693],[129.18177,35.75749],[129.18134,35.75787],[129.18115,35.75842],[129.18158,35.75877],[129.18159,35.75945],[129.18147,35.75968],[129.1807,35.76015],[129.18042,35.76102],[129.17993,35.76122],[129.17991,35.76161],[129.18011,35.76192],[129.18058,35.76192],[129.18113,35.76151],[129.18049,35.76113],[129.18053,35.7606],[129.18094,35.75998],[129.18152,35.75969],[129.18164,35.75944],[129.18162,35.75875],[129.18124,35.75835],[129.18165,35.75767],[129.18249,35.75745],[129.18354,35.75694],[129.18397,35.75653],[129.18488,35.75605],[129.18531,35.75606],[129.18587,35.75574],[129.18641,35.75567],[129.18696,35.75469]]]}},{"type":"Feature","id":"TN_RIVER_BNDRY:WTR0100000001P5BN","properties":{"NF_ID":"WTR0100000001P5BN","admin_code":"47130","source_layer":"TN_RIVER_BNDRY","semantic":"zone","river_class":"소하천","river_class_source":"중심선 공간조인","survey_method":"사진측량"},"geometry":{"type":"Polygon","coordinates":[[[129.187,35.75461],[129.18875,35.75539],[129.18884,35.75526],[129.19005,35.7554],[129.19078,35.75606],[129.19233,35.75553],[129.19251,35.75561],[129.19256,35.75592],[129.19278,35.75595],[129.19353,35.7553],[129.19441,35.75542],[129.19498,35.75702],[129.1956,35.75713],[129.19643,35.75792],[129.19651,35.7593],[129.19633,35.75994],[129.19676,35.76074],[129.19708,35.7621],[129.20011,35.76532],[129.20001,35.76665],[129.20022,35.7688],[129.20007,35.76909],[129.19909,35.76952],[129.19907,35.76979],[129.20012,35.76927],[129.20038,35.76873],[129.20016,35.76667],[129.20027,35.76528],[129.19736,35.76217],[129.19654,35.76],[129.19668,35.75926],[129.19657,35.75785],[129.19575,35.75705],[129.19512,35.75694],[129.19485,35.75657],[129.19455,35.75539],[129.19357,35.75524],[129.19279,35.75587],[129.19234,35.75547],[129.19083,35.75598],[129.19007,35.75533],[129.18862,35.75524],[129.187,35.75461]]]}},{"type":"Feature","id":"TN_RIVER_BNDRY:WTR0100000001P5CO","properties":{"NF_ID":"WTR0100000001P5CO","admin_code":"47130","source_layer":"TN_RIVER_BNDRY","semantic":"zone","river_class":"소하천","river_class_source":"중심선 공간조인","survey_method":"사진측량"},"geometry":{"type":"Polygon","coordinates":[[[129.20256,35.77414],[129.20239,35.77441],[129.20457,35.77519],[129.20585,35.77525],[129.2077,35.77489],[129.20852,35.77494],[129.20935,35.77552],[129.20989,35.77522],[129.20995,35.77463],[129.21015,35.77447],[129.21043,35.7744],[129.21114,35.77465],[129.2115,35.77461],[129.21041,35.77431],[129.2099,35.77439],[129.20973,35.77464],[129.20983,35.77516],[129.20942,35.77545],[129.20847,35.77481],[129.20741,35.77482],[129.20583,35.77514],[129.20455,35.77506],[129.20323,35.77469],[129.20256,35.77414]]]}},{"type":"Feature","id":"TN_RIVER_BNDRY:WTR0100000001P5DP","properties":{"NF_ID":"WTR0100000001P5DP","admin_code":"47130","source_layer":"TN_RIVER_BNDRY","semantic":"zone","river_class":"지방하천","river_class_source":"중심선 공간조인","river_name":"화곡천","river_code":"1021740","survey_method":"사진측량"},"geometry":{"type":"Polygon","coordinates":[[[129.19803,35.77468],[129.19791,35.77454],[129.19853,35.77271],[129.19794,35.77128],[129.19906,35.76985],[129.19861,35.7699],[129.19778,35.77124],[129.19819,35.77238],[129.19817,35.77292],[129.1975,35.7745],[129.19693,35.77504],[129.19803,35.77468]]]}},{"type":"Feature","id":"TN_RIVER_BNDRY:WTR0100000001P5EQ","properties":{"NF_ID":"WTR0100000001P5EQ","admin_code":"47130","source_layer":"TN_RIVER_BNDRY","semantic":"zone","river_class":"지방하천","river_class_source":"중심선 공간조인","river_name":"형산강","river_code":"2120010","survey_method":"사진측량"},"geometry":{"type":"Polygon","coordinates":[[[129.20239,35.77441],[129.20041,35.77343],[129.19931,35.77417],[129.19803,35.77468],[129.19847,35.77637],[129.2001,35.7758],[129.20239,35.77441]]]}},{"type":"Feature","id":"TN_RIVER_BNDRY:WTR0100000001P5FR","properties":{"NF_ID":"WTR0100000001P5FR","admin_code":"47130","source_layer":"TN_RIVER_BNDRY","semantic":"zone","river_class":"소하천","river_class_source":"중심선 공간조인","survey_method":"사진측량"},"geometry":{"type":"Polygon","coordinates":[[[129.20009,35.80043],[129.19998,35.80011],[129.19897,35.79926],[129.19872,35.79914],[129.19836,35.79918],[129.19802,35.79872],[129.19683,35.79824],[129.19836,35.79931],[129.19896,35.79933],[129.20009,35.80043]]]}},{"type":"Feature","id":"TN_RIVER_BNDRY:WTR0100000001P5GS","properties":{"NF_ID":"WTR0100000001P5GS","admin_code":"47130","source_layer":"TN_RIVER_BNDRY","semantic":"zone","river_class":"지방하천","river_class_source":"중심선 공간조인","river_name":"화곡천","river_code":"1021740","survey_method":"사진측량"},"geometry":{"type":"Polygon","coordinates":[[[129.19847,35.77637],[129.19803,35.77468],[129.19693,35.77504],[129.19769,35.77658],[129.19847,35.77637]]]}},{"type":"Feature","id":"TN_RIVER_BNDRY:WTR0100000001P5HT","properties":{"NF_ID":"WTR0100000001P5HT","admin_code":"47130","source_layer":"TN_RIVER_BNDRY","semantic":"zone","river_class":"소하천","river_class_source":"중심선 공간조인","survey_method":"사진측량"},"geometry":{"type":"Polygon","coordinates":[[[129.1955,35.78664],[129.19438,35.78659],[129.19344,35.78702],[129.19093,35.78665],[129.19039,35.78674],[129.18965,35.78615],[129.18882,35.7858],[129.1873,35.78545],[129.1862,35.78561],[129.18524,35.78537],[129.18419,35.78622],[129.18376,35.78639],[129.18347,35.7868],[129.17893,35.78738],[129.17815,35.78766],[129.17661,35.78715],[129.17601,35.78727],[129.1766,35.78721],[129.17821,35.78772],[129.17895,35.78746],[129.1835,35.7869],[129.18384,35.78643],[129.18445,35.78617],[129.18523,35.7855],[129.18624,35.78569],[129.1873,35.78551],[129.18884,35.78588],[129.18965,35.78623],[129.19034,35.78678],[129.19105,35.78673],[129.19343,35.78708],[129.1945,35.78665],[129.19748,35.78698],[129.19926,35.7881],[129.20003,35.78906],[129.20027,35.79024],[129.20024,35.7892],[129.19916,35.78787],[129.19742,35.78686],[129.1955,35.78664]]]}},{"type":"Feature","id":"TN_RIVER_BNDRY:WTR0100000001P5IU","properties":{"NF_ID":"WTR0100000001P5IU","admin_code":"47130","source_layer":"TN_RIVER_BNDRY","semantic":"zone","river_class":"지방하천","river_class_source":"중심선 공간조인","river_name":"형산강","river_code":"2120010","survey_method":"사진측량"},"geometry":{"type":"Polygon","coordinates":[[[129.20266,35.79085],[129.2024,35.78872],[129.20185,35.78702],[129.20123,35.78577],[129.20003,35.784],[129.19849,35.7822],[129.19602,35.77979],[129.19584,35.77918],[129.19616,35.77805],[129.19769,35.77658],[129.19693,35.77504],[129.19529,35.77629],[129.19386,35.77776],[129.1937,35.77892],[129.19388,35.77988],[129.19668,35.78285],[129.19803,35.78399],[129.19952,35.78652],[129.20013,35.7878],[129.20041,35.78891],[129.20037,35.79128],[129.20266,35.79085]]]}},{"type":"Feature","id":"TN_RIVER_BNDRY:WTR0100000001P5JV","properties":{"NF_ID":"WTR0100000001P5JV","admin_code":"47130","source_layer":"TN_RIVER_BNDRY","semantic":"zone","river_class":"소하천","river_class_source":"중심선 공간조인","survey_method":"사진측량"},"geometry":{"type":"Polygon","coordinates":[[[129.23751,35.75108],[129.23749,35.75108],[129.23745,35.75107],[129.23737,35.75117],[129.23749,35.75119],[129.23751,35.75108]]]}},{"type":"Feature","id":"TN_RIVER_BNDRY:WTR0100000001P5KW","properties":{"NF_ID":"WTR0100000001P5KW","admin_code":"47130","source_layer":"TN_RIVER_BNDRY","semantic":"zone","river_class":"소하천","river_class_source":"중심선 공간조인","survey_method":"사진측량"},"geometry":{"type":"Polygon","coordinates":[[[129.23749,35.75119],[129.23737,35.75117],[129.23754,35.75153],[129.23844,35.75209],[129.23914,35.75315],[129.23934,35.75394],[129.24019,35.75478],[129.24036,35.75539],[129.24069,35.75562],[129.2404,35.75535],[129.24025,35.75474],[129.23937,35.75382],[129.23933,35.75324],[129.2387,35.75253],[129.23844,35.75196],[129.23764,35.75153],[129.23749,35.75119]]]}},{"type":"Feature","id":"TN_RIVER_BNDRY:WTR0100000001P5LX","properties":{"NF_ID":"WTR0100000001P5LX","admin_code":"47130","source_layer":"TN_RIVER_BNDRY","semantic":"zone","river_class":"소하천","river_class_source":"중심선 공간조인","survey_method":"사진측량"},"geometry":{"type":"Polygon","coordinates":[[[129.187,35.75461],[129.18688,35.75457],[129.18686,35.75462],[129.18696,35.75469],[129.187,35.75461]]]}},{"type":"Feature","id":"TN_RIVER_BNDRY:WTR0100000001P5MY","properties":{"NF_ID":"WTR0100000001P5MY","admin_code":"47130","source_layer":"TN_RIVER_BNDRY","semantic":"zone","river_class":"소하천","river_class_source":"중심선 공간조인","survey_method":"사진측량"},"geometry":{"type":"Polygon","coordinates":[[[129.18688,35.75457],[129.18684,35.75456],[129.18679,35.75455],[129.18678,35.75456],[129.18677,35.75458],[129.18685,35.75462],[129.18686,35.75462],[129.18688,35.75457]]]}},{"type":"Feature","id":"TN_RIVER_BNDRY:WTR0100000001P5NZ","properties":{"NF_ID":"WTR0100000001P5NZ","admin_code":"47130","source_layer":"TN_RIVER_BNDRY","semantic":"zone","river_class":"지방하천","river_class_source":"중심선 공간조인","river_name":"형산강","river_code":"2120010","survey_method":"사진측량"},"geometry":{"type":"Polygon","coordinates":[[[129.20454,35.75062],[129.20299,35.7516],[129.20406,35.75453],[129.2042,35.75535],[129.20406,35.75723],[129.20324,35.75722],[129.20406,35.75727],[129.20304,35.76729],[129.2012,35.77229],[129.20063,35.77319],[129.20256,35.77414],[129.20308,35.77294],[129.20402,35.76969],[129.20471,35.76495],[129.20514,35.76353],[129.20528,35.76],[129.20549,35.75966],[129.20595,35.75623],[129.20557,35.75293],[129.20454,35.75062]]]}},{"type":"Feature","id":"TN_RIVER_BNDRY:WTR0100000001P5O0","properties":{"NF_ID":"WTR0100000001P5O0","admin_code":"47130","source_layer":"TN_RIVER_BNDRY","semantic":"zone","river_class":"지방하천","river_class_source":"중심선 공간조인","river_name":"형산강","river_code":"2120010","survey_method":"사진측량"},"geometry":{"type":"Polygon","coordinates":[[[129.20256,35.77414],[129.20063,35.77319],[129.20041,35.77343],[129.20239,35.77441],[129.20256,35.77414]]]}},{"type":"Feature","id":"TN_RIVER_BNDRY:WTR0100000001P5P1","properties":{"NF_ID":"WTR0100000001P5P1","admin_code":"47130","source_layer":"TN_RIVER_BNDRY","semantic":"zone","river_class":"지방하천","river_class_source":"중심선 공간조인","river_name":"화곡천","river_code":"1021740","survey_method":"사진측량"},"geometry":{"type":"Polygon","coordinates":[[[129.19906,35.76985],[129.19909,35.76952],[129.19872,35.76953],[129.19861,35.7699],[129.19906,35.76985]]]}},{"type":"Feature","id":"TN_RIVER_BNDRY:WTR0100000001P5Q2","properties":{"NF_ID":"WTR0100000001P5Q2","admin_code":"47130","source_layer":"TN_RIVER_BNDRY","semantic":"zone","river_class":"소하천","river_class_source":"중심선 공간조인","survey_method":"사진측량"},"geometry":{"type":"Polygon","coordinates":[[[129.24977,35.79756],[129.2498,35.79746],[129.24546,35.79781],[129.24378,35.79782],[129.24344,35.79742],[129.24343,35.79576],[129.24288,35.79503],[129.24308,35.79443],[129.2422,35.79326],[129.24135,35.7932],[129.241,35.79303],[129.2412,35.79323],[129.24218,35.7933],[129.24306,35.79447],[129.24279,35.7951],[129.24336,35.7958],[129.24337,35.79741],[129.24364,35.79781],[129.24404,35.79791],[129.24569,35.79785],[129.24977,35.79756]]]}},{"type":"Feature","id":"TN_RIVER_BNDRY:WTR0100000001P5R3","properties":{"NF_ID":"WTR0100000001P5R3","admin_code":"47130","source_layer":"TN_RIVER_BNDRY","semantic":"zone","river_class":"소하천","river_class_source":"중심선 공간조인","survey_method":"사진측량"},"geometry":{"type":"Polygon","coordinates":[[[129.24723,35.78937],[129.24678,35.78916],[129.24596,35.78909],[129.2424,35.78977],[129.24165,35.78956],[129.24066,35.79002],[129.23999,35.79013],[129.24067,35.79013],[129.24161,35.7897],[129.2424,35.78985],[129.24605,35.78921],[129.24723,35.78937]]]}},{"type":"Feature","id":"TN_RIVER_BNDRY:WTR0100000001P5S4","properties":{"NF_ID":"WTR0100000001P5S4","admin_code":"47130","source_layer":"TN_RIVER_BNDRY","semantic":"zone","river_class":"소하천","river_class_source":"중심선 공간조인","survey_method":"사진측량"},"geometry":{"type":"Polygon","coordinates":[[[129.24693,35.78905],[129.24659,35.7886],[129.24615,35.78715],[129.24587,35.78361],[129.24606,35.7828],[129.24557,35.78218],[129.24547,35.78148],[129.2456,35.78088],[129.24509,35.78009],[129.24551,35.781],[129.24536,35.78147],[129.24546,35.78211],[129.24591,35.78276],[129.24573,35.78368],[129.246,35.78735],[129.24648,35.78882],[129.24678,35.78916],[129.24693,35.78905]]]}},{"type":"Feature","id":"TN_RIVER_BNDRY:WTR0100000001P5T5","properties":{"NF_ID":"WTR0100000001P5T5","admin_code":"47130","source_layer":"TN_RIVER_BNDRY","semantic":"zone","river_class":"소하천","river_class_source":"중심선 공간조인","survey_method":"사진측량"},"geometry":{"type":"Polygon","coordinates":[[[129.24739,35.78917],[129.24693,35.78905],[129.24678,35.78916],[129.24723,35.78937],[129.24739,35.78917]]]}},{"type":"Feature","id":"TN_RIVER_BNDRY:WTR0100000001P5U6","properties":{"NF_ID":"WTR0100000001P5U6","admin_code":"47130","source_layer":"TN_RIVER_BNDRY","semantic":"zone","river_class":"지방하천","river_class_source":"중심선 공간조인","river_name":"형산강","river_code":"2120010","survey_method":"사진측량"},"geometry":{"type":"Polygon","coordinates":[[[129.20266,35.79098],[129.20266,35.79085],[129.20037,35.79128],[129.20037,35.79148],[129.20266,35.79098]]]}},{"type":"Feature","id":"TN_RIVER_BNDRY:WTR0100000001P5V7","properties":{"NF_ID":"WTR0100000001P5V7","admin_code":"47130","source_layer":"TN_RIVER_BNDRY","semantic":"zone","river_class":"소하천","river_class_source":"중심선 공간조인","survey_method":"사진측량"},"geometry":{"type":"Polygon","coordinates":[[[129.20266,35.79085],[129.20266,35.79098],[129.20347,35.79078],[129.204,35.79049],[129.20266,35.79085]]]}},{"type":"Feature","id":"TN_RIVER_BNDRY:WTR0100000001P5W8","properties":{"NF_ID":"WTR0100000001P5W8","admin_code":"47130","source_layer":"TN_RIVER_BNDRY","semantic":"zone","river_class":"소하천","river_class_source":"중심선 공간조인","survey_method":"사진측량"},"geometry":{"type":"Polygon","coordinates":[[[129.20507,35.78931],[129.20484,35.78936],[129.20428,35.79015],[129.20507,35.78931]]]}},{"type":"Feature","id":"TN_RIVER_BNDRY:WTR0100000001P5X9","properties":{"NF_ID":"WTR0100000001P5X9","admin_code":"47130","source_layer":"TN_RIVER_BNDRY","semantic":"zone","river_class":"소하천","river_class_source":"중심선 공간조인","survey_method":"사진측량"},"geometry":{"type":"Polygon","coordinates":[[[129.19789,35.78586],[129.19841,35.78623],[129.19877,35.78713],[129.19855,35.78627],[129.19789,35.78586]]]}},{"type":"Feature","id":"TN_RIVER_BNDRY:WTR0100000001P5YA","properties":{"NF_ID":"WTR0100000001P5YA","admin_code":"47130","source_layer":"TN_RIVER_BNDRY","semantic":"zone","river_class":"소하천","river_class_source":"중심선 공간조인","survey_method":"사진측량"},"geometry":{"type":"Polygon","coordinates":[[[129.0541,35.7877],[129.05382,35.78786],[129.05378,35.78834],[129.05474,35.78945],[129.05528,35.79065],[129.05521,35.79174],[129.05451,35.7933],[129.05455,35.79435],[129.05484,35.79505],[129.05652,35.79695],[129.05743,35.79712],[129.05827,35.79782],[129.05957,35.79837],[129.05971,35.79868],[129.05961,35.79936],[129.06063,35.8],[129.06071,35.80063],[129.06106,35.80073],[129.06083,35.80093],[129.06099,35.80109],[129.06113,35.80076],[129.06086,35.80063],[129.06076,35.79994],[129.05974,35.79938],[129.05971,35.79833],[129.05839,35.79779],[129.05742,35.79701],[129.05656,35.79689],[129.05474,35.79462],[129.0546,35.79333],[129.05533,35.79173],[129.05535,35.79065],[129.05506,35.78968],[129.05396,35.78828],[129.0541,35.7877]]]}},{"type":"Feature","id":"TN_RIVER_BNDRY:WTR0100000001P5ZB","properties":{"NF_ID":"WTR0100000001P5ZB","admin_code":"47130","source_layer":"TN_RIVER_BNDRY","semantic":"zone","river_class":"지방하천","river_class_source":"중심선 공간조인","river_name":"동창천","river_code":"2026960","survey_method":"사진측량"},"geometry":{"type":"Polygon","coordinates":[[[129.03654,35.75365],[129.03692,35.75282],[129.03648,35.75264],[129.03437,35.75241],[129.03317,35.75256],[129.02956,35.75379],[129.02764,35.75422],[129.02548,35.75571],[129.01799,35.7585],[129.0144,35.75919],[129.01092,35.75944],[129.00969,35.76064],[129.01102,35.76111],[129.01201,35.76112],[129.01445,35.76038],[129.015,35.76004],[129.01802,35.75946],[129.02593,35.75653],[129.02705,35.75637],[129.03004,35.7545],[129.02967,35.75454],[129.03266,35.75362],[129.03259,35.75348],[129.03523,35.75329],[129.03654,35.75365]]]}},{"type":"Feature","id":"TN_RIVER_BNDRY:WTR0100000001P60D","properties":{"NF_ID":"WTR0100000001P60D","admin_code":"47130","source_layer":"TN_RIVER_BNDRY","semantic":"zone","river_class":"소하천","river_class_source":"중심선 공간조인","survey_method":"사진측량"},"geometry":{"type":"Polygon","coordinates":[[[129.02453,35.7842],[129.02437,35.78439],[129.02445,35.785],[129.02461,35.78533],[129.02498,35.78557],[129.02614,35.78592],[129.02706,35.78572],[129.02868,35.78604],[129.02937,35.78579],[129.02867,35.78595],[129.02717,35.78566],[129.02596,35.78582],[129.02473,35.78534],[129.02453,35.7842]]]}},{"type":"Feature","id":"TN_RIVER_BNDRY:WTR0100000001P61E","properties":{"NF_ID":"WTR0100000001P61E","admin_code":"47130","source_layer":"TN_RIVER_BNDRY","semantic":"zone","river_class":"지방하천","river_class_source":"중심선 공간조인","river_name":"동창천","river_code":"2026960","survey_method":"사진측량"},"geometry":{"type":"Polygon","coordinates":[[[129.00602,35.75548],[129.00448,35.75467],[129.00346,35.75478],[129.00031,35.75467],[129.00056,35.75605],[129.00247,35.75581],[129.00352,35.75582],[129.00496,35.75639],[129.00602,35.75548]]]}},{"type":"Feature","id":"TN_RIVER_BNDRY:WTR0100000001P62F","properties":{"NF_ID":"WTR0100000001P62F","admin_code":"47130","source_layer":"TN_RIVER_BNDRY","semantic":"zone","river_class":"소하천","river_class_source":"중심선 공간조인","survey_method":"사진측량"},"geometry":{"type":"Polygon","coordinates":[[[129.00091,35.75156],[129.00017,35.75119],[129.00024,35.75224],[129.00078,35.75265],[129.00091,35.75156]]]}},{"type":"Feature","id":"TN_RIVER_BNDRY:WTR0100000001P63G","properties":{"NF_ID":"WTR0100000001P63G","admin_code":"47130","source_layer":"TN_RIVER_BNDRY","semantic":"zone","river_class":"지방하천","river_class_source":"중심선 공간조인","river_name":"직현천","river_code":"2027000","survey_method":"사진측량"},"geometry":{"type":"Polygon","coordinates":[[[129.00969,35.76064],[129.00829,35.75897],[129.00843,35.75999],[129.00829,35.76089],[129.00718,35.7633],[129.00715,35.76409],[129.00722,35.76446],[129.008,35.76549],[129.00936,35.76675],[129.01076,35.76736],[129.01083,35.76772],[129.01003,35.76835],[129.00813,35.76908],[129.00778,35.76934],[129.00763,35.77018],[129.00814,35.77104],[129.00932,35.77231],[129.01214,35.77231],[129.01381,35.77214],[129.01571,35.77148],[129.01752,35.77183],[129.01864,35.77238],[129.01945,35.77321],[129.01998,35.77486],[129.02241,35.77596],[129.02295,35.77646],[129.02303,35.7771],[129.0224,35.77916],[129.02276,35.78128],[129.02409,35.78301],[129.02429,35.7839],[129.02453,35.7842],[129.02465,35.78369],[129.02443,35.78305],[129.02311,35.78135],[129.02277,35.77993],[129.02273,35.77892],[129.02326,35.77747],[129.02331,35.77641],[129.02267,35.77576],[129.02028,35.77471],[129.02005,35.7743],[129.01985,35.77323],[129.01938,35.77257],[129.01827,35.77181],[129.01608,35.77111],[129.01375,35.77174],[129.01023,35.77188],[129.00913,35.77171],[129.00839,35.77083],[129.00811,35.76982],[129.00829,35.76941],[129.01084,35.76824],[129.01157,35.76748],[129.01136,35.76702],[129.01033,35.76672],[129.00825,35.76523],[129.0078,35.76478],[129.00761,35.76428],[129.00762,35.76366],[129.00802,35.76263],[129.00969,35.76064]]]}},{"type":"Feature","id":"TN_RIVER_BNDRY:WTR0100000001P64H","properties":{"NF_ID":"WTR0100000001P64H","admin_code":"47130","source_layer":"TN_RIVER_BNDRY","semantic":"zone","river_class":"소하천","river_class_source":"중심선 공간조인","survey_method":"사진측량"},"geometry":{"type":"Polygon","coordinates":[[[129.00602,35.75548],[129.00683,35.75603],[129.00691,35.75511],[129.00751,35.75488],[129.00978,35.75487],[129.01047,35.75453],[129.01357,35.75465],[129.01561,35.75447],[129.02182,35.75481],[129.02227,35.75419],[129.02183,35.75474],[129.01869,35.75455],[129.01869,35.75382],[129.01858,35.75451],[129.0156,35.75436],[129.01422,35.75454],[129.01042,35.75443],[129.00975,35.75478],[129.00871,35.75468],[129.00702,35.75484],[129.0067,35.75508],[129.00666,35.7556],[129.00602,35.75548]]]}},{"type":"Feature","id":"TN_RIVER_BNDRY:WTR0100000001P65I","properties":{"NF_ID":"WTR0100000001P65I","admin_code":"47130","source_layer":"TN_RIVER_BNDRY","semantic":"zone","river_class":"지방하천","river_class_source":"중심선 공간조인","river_name":"동창천","river_code":"2026960","survey_method":"사진측량"},"geometry":{"type":"Polygon","coordinates":[[[129.01092,35.75944],[129.01012,35.75908],[129.00916,35.75816],[129.00829,35.75897],[129.00969,35.76064],[129.01092,35.75944]]]}},{"type":"Feature","id":"TN_RIVER_BNDRY:WTR0100000001P66J","properties":{"NF_ID":"WTR0100000001P66J","admin_code":"47130","source_layer":"TN_RIVER_BNDRY","semantic":"zone","river_class":"지방하천","river_class_source":"중심선 공간조인","river_name":"동창천","river_code":"2026960","survey_method":"사진측량"},"geometry":{"type":"Polygon","coordinates":[[[129.00916,35.75816],[129.00683,35.75603],[129.00561,35.75685],[129.00829,35.75897],[129.00916,35.75816]]]}},{"type":"Feature","id":"TN_RIVER_BNDRY:WTR0100000001P67K","properties":{"NF_ID":"WTR0100000001P67K","admin_code":"47130","source_layer":"TN_RIVER_BNDRY","semantic":"zone","river_class":"지방하천","river_class_source":"중심선 공간조인","river_name":"동창천","river_code":"2026960","survey_method":"사진측량"},"geometry":{"type":"Polygon","coordinates":[[[129.00683,35.75603],[129.00602,35.75548],[129.00496,35.75639],[129.00561,35.75685],[129.00683,35.75603]]]}},{"type":"Feature","id":"TN_RIVER_BNDRY:WTR0100000001P68L","properties":{"NF_ID":"WTR0100000001P68L","admin_code":"47130","source_layer":"TN_RIVER_BNDRY","semantic":"zone","river_class":"지방하천","river_class_source":"중심선 공간조인","river_name":"직현천","river_code":"2027000","survey_method":"사진측량"},"geometry":{"type":"Polygon","coordinates":[[[129.02453,35.7842],[129.02429,35.7839],[129.02414,35.78421],[129.02437,35.78439],[129.02453,35.7842]]]}},{"type":"Feature","id":"TN_RIVER_BNDRY:WTR0100000001P69M","properties":{"NF_ID":"WTR0100000001P69M","admin_code":"47130","source_layer":"TN_RIVER_BNDRY","semantic":"zone","river_class":"지방하천","river_class_source":"중심선 공간조인","river_name":"직현천","river_code":"2027000","survey_method":"사진측량"},"geometry":{"type":"Polygon","coordinates":[[[129.02092,35.78658],[129.02078,35.78638],[129.02043,35.78655],[129.02059,35.78674],[129.02092,35.78658]]]}},{"type":"Feature","id":"TN_RIVER_BNDRY:WTR0100000001P6AN","properties":{"NF_ID":"WTR0100000001P6AN","admin_code":"47130","source_layer":"TN_RIVER_BNDRY","semantic":"zone","river_class":"지방하천","river_class_source":"중심선 공간조인","river_name":"직현천","river_code":"2027000","survey_method":"사진측량"},"geometry":{"type":"Polygon","coordinates":[[[129.02437,35.78439],[129.02414,35.78421],[129.02299,35.78513],[129.02078,35.78638],[129.02092,35.78658],[129.02257,35.78567],[129.02437,35.78439]]]}},{"type":"Feature","id":"TN_RIVER_BNDRY:WTR0100000001P6BO","properties":{"NF_ID":"WTR0100000001P6BO","admin_code":"47130","source_layer":"TN_RIVER_BNDRY","semantic":"zone","river_class":"지방하천","river_class_source":"중심선 공간조인","river_name":"동창천","river_code":"2026960","survey_method":"사진측량"},"geometry":{"type":"Polygon","coordinates":[[[129.06835,35.76357],[129.06742,35.7629],[129.06599,35.76342],[129.06472,35.76362],[129.06392,35.76351],[129.06172,35.76275],[129.06065,35.76186],[129.05988,35.76082],[129.05871,35.75797],[129.05645,35.75636],[129.0544,35.7555],[129.05058,35.75622],[129.05019,35.75641],[129.05,35.75673],[129.04764,35.75763],[129.04759,35.758],[129.04591,35.75931],[129.04601,35.76038],[129.04764,35.7596],[129.0481,35.75918],[129.04791,35.75918],[129.04817,35.75913],[129.04909,35.75825],[129.05073,35.75731],[129.05304,35.75633],[129.05372,35.75619],[129.05457,35.75627],[129.05564,35.75661],[129.05777,35.75796],[129.05871,35.75917],[129.05981,35.76178],[129.06065,35.76265],[129.06212,35.76349],[129.06414,35.76423],[129.06583,35.76409],[129.06835,35.76357]]]}},{"type":"Feature","id":"TN_RIVER_BNDRY:WTR0100000001P6CP","properties":{"NF_ID":"WTR0100000001P6CP","admin_code":"47130","source_layer":"TN_RIVER_BNDRY","semantic":"zone","river_class":"지방하천","river_class_source":"중심선 공간조인","river_name":"감존천","river_code":"2026990","survey_method":"사진측량"},"geometry":{"type":"Polygon","coordinates":[[[129.04601,35.76038],[129.04453,35.7603],[129.04522,35.76057],[129.0469,35.76205],[129.04678,35.7621],[129.04744,35.76417],[129.04857,35.76562],[129.04904,35.7666],[129.05071,35.76892],[129.05224,35.77066],[129.05442,35.77253],[129.0542,35.7744],[129.05447,35.77506],[129.05523,35.77583],[129.05663,35.77675],[129.05692,35.77735],[129.05647,35.77788],[129.0536,35.77933],[129.05204,35.78058],[129.05094,35.78094],[129.04848,35.78115],[129.04797,35.78191],[129.04797,35.78253],[129.04875,35.78323],[129.05084,35.78336],[129.05148,35.78355],[129.05378,35.78501],[129.05446,35.78586],[129.05542,35.7862],[129.05517,35.78588],[129.0545,35.78552],[129.05334,35.78433],[129.05139,35.7833],[129.04881,35.78307],[129.04812,35.78248],[129.04819,35.78199],[129.04857,35.78135],[129.05093,35.78116],[129.0519,35.78084],[129.05368,35.7796],[129.05685,35.77796],[129.05717,35.7774],[129.05685,35.77668],[129.05458,35.77478],[129.05446,35.77425],[129.05501,35.77305],[129.05493,35.77279],[129.05389,35.77147],[129.05363,35.77146],[129.05215,35.77023],[129.0511,35.76898],[129.05008,35.76731],[129.04933,35.76641],[129.04893,35.76536],[129.04797,35.76421],[129.04765,35.7635],[129.04752,35.76352],[129.04731,35.76217],[129.04607,35.76076],[129.04601,35.76038]]]}},{"type":"Feature","id":"TN_RIVER_BNDRY:WTR0100000001P6DQ","properties":{"NF_ID":"WTR0100000001P6DQ","admin_code":"47130","source_layer":"TN_RIVER_BNDRY","semantic":"zone","river_class":"지방하천","river_class_source":"중심선 공간조인","river_name":"동창천","river_code":"2026960","survey_method":"사진측량"},"geometry":{"type":"Polygon","coordinates":[[[129.04473,35.75925],[129.04419,35.75891],[129.0433,35.75737],[129.04222,35.75607],[129.03809,35.75336],[129.03773,35.75436],[129.04267,35.75801],[129.04375,35.75951],[129.04453,35.7603],[129.04473,35.75925]]]}},{"type":"Feature","id":"TN_RIVER_BNDRY:WTR0100000001P6ER","properties":{"NF_ID":"WTR0100000001P6ER","admin_code":"47130","source_layer":"TN_RIVER_BNDRY","semantic":"zone","river_class":"지방하천","river_class_source":"중심선 공간조인","river_name":"동창천","river_code":"2026960","survey_method":"사진측량"},"geometry":{"type":"Polygon","coordinates":[[[129.04591,35.75931],[129.04542,35.75943],[129.04473,35.75925],[129.04453,35.7603],[129.04601,35.76038],[129.04591,35.75931]]]}},{"type":"Feature","id":"TN_RIVER_BNDRY:WTR0100000001P6FS","properties":{"NF_ID":"WTR0100000001P6FS","admin_code":"47130","source_layer":"TN_RIVER_BNDRY","semantic":"zone","river_class":"지방하천","river_class_source":"중심선 공간조인","river_name":"동창천","river_code":"2026960","survey_method":"사진측량"},"geometry":{"type":"Polygon","coordinates":[[[129.03809,35.75336],[129.03692,35.75282],[129.03654,35.75365],[129.03773,35.75436],[129.03809,35.75336]]]}},{"type":"Feature","id":"TN_RIVER_BNDRY:WTR0100000001P6GT","properties":{"NF_ID":"WTR0100000001P6GT","admin_code":"47130","source_layer":"TN_RIVER_BNDRY","semantic":"zone","river_class":"지방하천","river_class_source":"중심선 공간조인","river_name":"동창천","river_code":"2026960","survey_method":"사진측량"},"geometry":{"type":"Polygon","coordinates":[[[129.06778,35.76284],[129.06851,35.76351],[129.07101,35.76205],[129.07127,35.76164],[129.07113,35.76067],[129.06972,35.75884],[129.06938,35.75588],[129.06822,35.75386],[129.06771,35.75217],[129.06822,35.75158],[129.06815,35.7514],[129.06742,35.752],[129.06764,35.75267],[129.06755,35.75349],[129.06899,35.75617],[129.06944,35.75901],[129.07033,35.76056],[129.07058,35.76133],[129.0703,35.76206],[129.06877,35.76272],[129.06778,35.76284]]]}},{"type":"Feature","id":"TN_RIVER_BNDRY:WTR0100000001P6HU","properties":{"NF_ID":"WTR0100000001P6HU","admin_code":"47130","source_layer":"TN_RIVER_BNDRY","semantic":"zone","river_class":"지방하천","river_class_source":"중심선 공간조인","river_name":"동창천","river_code":"2026960","survey_method":"사진측량"},"geometry":{"type":"Polygon","coordinates":[[[129.06784,35.7508],[129.06816,35.7511],[129.06804,35.75127],[129.06831,35.75145],[129.06858,35.75122],[129.06919,35.75124],[129.07087,35.75077],[129.0716,35.75021],[129.0713,35.75026],[129.07068,35.7507],[129.06988,35.75092],[129.06908,35.75099],[129.06831,35.75077],[129.06784,35.7508]]]}},{"type":"Feature","id":"TN_RIVER_BNDRY:WTR0100000001P6IV","properties":{"NF_ID":"WTR0100000001P6IV","admin_code":"47130","source_layer":"TN_RIVER_BNDRY","semantic":"zone","river_class":"소하천","river_class_source":"중심선 공간조인","survey_method":"사진측량"},"geometry":{"type":"Polygon","coordinates":[[[129.07435,35.75223],[129.07355,35.75164],[129.07297,35.75167],[129.07228,35.75079],[129.07284,35.75172],[129.07355,35.75176],[129.07434,35.75239],[129.07468,35.75246],[129.07435,35.75223]]]}},{"type":"Feature","id":"TN_RIVER_BNDRY:WTR0100000001P6JW","properties":{"NF_ID":"WTR0100000001P6JW","admin_code":"47130","source_layer":"TN_RIVER_BNDRY","semantic":"zone","river_class":"지방하천","river_class_source":"중심선 공간조인","river_name":"감존천","river_code":"2026990","survey_method":"사진측량"},"geometry":{"type":"Polygon","coordinates":[[[129.05541,35.78629],[129.05511,35.78613],[129.05522,35.78631],[129.05541,35.78629]]]}},{"type":"Feature","id":"TN_RIVER_BNDRY:WTR0100000001P6KX","properties":{"NF_ID":"WTR0100000001P6KX","admin_code":"47130","source_layer":"TN_RIVER_BNDRY","semantic":"zone","river_class":"지방하천","river_class_source":"중심선 공간조인","river_name":"감존천","river_code":"2026990","survey_method":"사진측량"},"geometry":{"type":"Polygon","coordinates":[[[129.05541,35.78629],[129.05522,35.78631],[129.05505,35.78729],[129.05476,35.7875],[129.05422,35.78754],[129.0541,35.7877],[129.05467,35.78774],[129.05512,35.78755],[129.05541,35.78629]]]}},{"type":"Feature","id":"TN_RIVER_BNDRY:WTR0100000001P6LY","properties":{"NF_ID":"WTR0100000001P6LY","admin_code":"47130","source_layer":"TN_RIVER_BNDRY","semantic":"zone","river_class":"소하천","river_class_source":"중심선 공간조인","survey_method":"사진측량"},"geometry":{"type":"Polygon","coordinates":[[[129.05542,35.7862],[129.05598,35.78642],[129.05678,35.78634],[129.05768,35.78706],[129.05973,35.78692],[129.06078,35.78681],[129.06147,35.78641],[129.06191,35.78637],[129.06213,35.78609],[129.06228,35.78607],[129.06246,35.78644],[129.06282,35.78636],[129.06366,35.78546],[129.06346,35.78543],[129.06212,35.78601],[129.06194,35.78623],[129.06078,35.78671],[129.05977,35.78686],[129.05869,35.7868],[129.05765,35.78698],[129.05692,35.78628],[129.05602,35.78634],[129.05542,35.7862]]]}},{"type":"Feature","id":"TN_RIVER_BNDRY:WTR0100000001P6MZ","properties":{"NF_ID":"WTR0100000001P6MZ","admin_code":"47130","source_layer":"TN_RIVER_BNDRY","semantic":"zone","river_class":"지방하천","river_class_source":"중심선 공간조인","river_name":"감존천","river_code":"2026990","survey_method":"사진측량"},"geometry":{"type":"Polygon","coordinates":[[[129.05422,35.78754],[129.05415,35.78752],[129.0541,35.78751],[129.054,35.78766],[129.0541,35.7877],[129.05422,35.78754]]]}},{"type":"Feature","id":"TN_RIVER_BNDRY:WTR0100000001P6N0","properties":{"NF_ID":"WTR0100000001P6N0","admin_code":"47130","source_layer":"TN_RIVER_BNDRY","semantic":"zone","river_class":"소하천","river_class_source":"중심선 공간조인","survey_method":"사진측량"},"geometry":{"type":"Polygon","coordinates":[[[129.06851,35.76351],[129.06835,35.76357],[129.06905,35.76398],[129.07018,35.76423],[129.07101,35.7648],[129.07169,35.76476],[129.07259,35.76564],[129.07323,35.76586],[129.07255,35.76552],[129.07169,35.76468],[129.07112,35.76474],[129.07025,35.76418],[129.06903,35.76392],[129.06851,35.76351]]]}},{"type":"Feature","id":"TN_RIVER_BNDRY:WTR0100000001P6O1","properties":{"NF_ID":"WTR0100000001P6O1","admin_code":"47130","source_layer":"TN_RIVER_BNDRY","semantic":"zone","river_class":"지방하천","river_class_source":"중심선 공간조인","river_name":"동창천","river_code":"2026960","survey_method":"사진측량"},"geometry":{"type":"Polygon","coordinates":[[[129.06851,35.76351],[129.06778,35.76284],[129.06742,35.7629],[129.06835,35.76357],[129.06851,35.76351]]]}},{"type":"Feature","id":"TN_RIVER_BNDRY:WTR0100000001P6P2","properties":{"NF_ID":"WTR0100000001P6P2","admin_code":"47130","source_layer":"TN_RIVER_BNDRY","semantic":"zone","river_class":"소하천","river_class_source":"중심선 공간조인","survey_method":"사진측량"},"geometry":{"type":"Polygon","coordinates":[[[129.06099,35.80109],[129.06078,35.8009],[129.06022,35.80086],[129.05996,35.8032],[129.06007,35.8033],[129.06048,35.80295],[129.06108,35.80157],[129.06099,35.80109]]]}},{"type":"Feature","id":"TN_RIVER_BNDRY:WTR0100000001P6Q3","properties":{"NF_ID":"WTR0100000001P6Q3","admin_code":"47130","source_layer":"TN_RIVER_BNDRY","semantic":"zone","river_class":"지방하천","river_class_source":"중심선 공간조인","river_name":"고천","river_code":"2120110","survey_method":"사진측량"},"geometry":{"type":"Polygon","coordinates":[[[129.13062,35.78536],[129.13007,35.78533],[129.12966,35.78511],[129.12932,35.78442],[129.12818,35.78405],[129.12695,35.78291],[129.12666,35.78246],[129.12663,35.78186],[129.12584,35.78139],[129.12539,35.78063],[129.12453,35.7802],[129.1236,35.77925],[129.12343,35.77882],[129.12357,35.7783],[129.12333,35.77882],[129.12351,35.77951],[129.12329,35.77968],[129.1233,35.78],[129.12352,35.78017],[129.1235,35.78075],[129.12379,35.78089],[129.12398,35.78143],[129.1243,35.78166],[129.12449,35.78272],[129.12648,35.78185],[129.12657,35.78278],[129.12784,35.78392],[129.12834,35.78423],[129.12919,35.78447],[129.12947,35.78503],[129.12994,35.78537],[129.13064,35.78546],[129.13062,35.78536]]]}},{"type":"Feature","id":"TN_RIVER_BNDRY:WTR0100000001P6R4","properties":{"NF_ID":"WTR0100000001P6R4","admin_code":"47130","source_layer":"TN_RIVER_BNDRY","semantic":"zone","river_class":"지방하천","river_class_source":"중심선 공간조인","river_name":"화곡천","river_code":"1021740","survey_method":"사진측량"},"geometry":{"type":"Polygon","coordinates":[[[129.16374,35.76857],[129.16223,35.76659],[129.16192,35.7653],[129.1602,35.76439],[129.15818,35.76375],[129.15781,35.76306],[129.15585,35.76306],[129.15529,35.76281],[129.15418,35.76277],[129.15352,35.76254],[129.1518,35.76254],[129.15112,35.76225],[129.1506,35.7623],[129.15124,35.76234],[129.15173,35.7626],[129.15339,35.76256],[129.15414,35.76281],[129.15545,35.76291],[129.15581,35.76311],[129.15776,35.76312],[129.15808,35.76378],[129.15844,35.76402],[129.15923,35.76416],[129.16182,35.76534],[129.16211,35.76661],[129.16352,35.76855],[129.16367,35.76866],[129.16374,35.76857]]]}},{"type":"Feature","id":"TN_RIVER_BNDRY:WTR0100000001P6S5","properties":{"NF_ID":"WTR0100000001P6S5","admin_code":"47130","source_layer":"TN_RIVER_BNDRY","semantic":"zone","river_class":"지방하천","river_class_source":"중심선 공간조인","river_name":"이조천","river_code":"2120050","survey_method":"사진측량"},"geometry":{"type":"Polygon","coordinates":[[[129.11365,35.76649],[129.11355,35.76641],[129.11283,35.76699],[129.11244,35.76781],[129.11197,35.76811],[129.11088,35.76794],[129.11016,35.76759],[129.10918,35.76775],[129.10862,35.76762],[129.10827,35.76768],[129.10805,35.76898],[129.10695,35.76952],[129.10603,35.76928],[129.10564,35.7698],[129.10518,35.77108],[129.10389,35.77185],[129.10334,35.77236],[129.10256,35.77266],[129.10183,35.77376],[129.10202,35.77384],[129.10217,35.7733],[129.10268,35.7727],[129.10338,35.77246],[129.10415,35.77179],[129.10525,35.77114],[129.10608,35.76935],[129.10697,35.76959],[129.10815,35.76903],[129.10836,35.76778],[129.10904,35.76785],[129.11004,35.76768],[129.11126,35.76818],[129.11198,35.76821],[129.11256,35.76787],[129.11293,35.76707],[129.11365,35.76649]]]}},{"type":"Feature","id":"TN_RIVER_BNDRY:WTR0100000001P6T6","properties":{"NF_ID":"WTR0100000001P6T6","admin_code":"47130","source_layer":"TN_RIVER_BNDRY","semantic":"zone","river_class":"소하천","river_class_source":"중심선 공간조인","survey_method":"사진측량"},"geometry":{"type":"Polygon","coordinates":[[[129.16373,35.76869],[129.16216,35.76996],[129.16191,35.77077],[129.16147,35.77082],[129.16098,35.77143],[129.1603,35.77165],[129.16009,35.77186],[129.16097,35.77149],[129.16144,35.77089],[129.16193,35.77078],[129.16212,35.77005],[129.16278,35.76944],[129.16324,35.76927],[129.16373,35.76869]]]}},{"type":"Feature","id":"TN_RIVER_BNDRY:WTR0100000001P6U7","properties":{"NF_ID":"WTR0100000001P6U7","admin_code":"47130","source_layer":"TN_RIVER_BNDRY","semantic":"zone","river_class":"지방하천","river_class_source":"중심선 공간조인","river_name":"화곡천","river_code":"1021740","survey_method":"사진측량"},"geometry":{"type":"Polygon","coordinates":[[[129.1638,35.76859],[129.16374,35.76857],[129.16367,35.76866],[129.16373,35.76869],[129.1638,35.76859]]]}},{"type":"Feature","id":"TN_RIVER_BNDRY:WTR0100000001P6V8","properties":{"NF_ID":"WTR0100000001P6V8","admin_code":"47130","source_layer":"TN_RIVER_BNDRY","semantic":"zone","river_class":"소하천","river_class_source":"중심선 공간조인","survey_method":"사진측량"},"geometry":{"type":"Polygon","coordinates":[[[129.11365,35.76632],[129.11191,35.76589],[129.11035,35.7653],[129.11002,35.76504],[129.10891,35.76516],[129.1076,35.76489],[129.10606,35.76334],[129.10607,35.76286],[129.10475,35.7623],[129.10596,35.76288],[129.10597,35.76333],[129.10766,35.76501],[129.10888,35.76524],[129.1099,35.76515],[129.11194,35.76602],[129.11279,35.76611],[129.11355,35.76641],[129.11365,35.76632]]]}},{"type":"Feature","id":"TN_RIVER_BNDRY:WTR0100000001P6W9","properties":{"NF_ID":"WTR0100000001P6W9","admin_code":"47130","source_layer":"TN_RIVER_BNDRY","semantic":"zone","river_class":"지방하천","river_class_source":"중심선 공간조인","river_name":"이조천","river_code":"2120050","survey_method":"사진측량"},"geometry":{"type":"Polygon","coordinates":[[[129.11378,35.76642],[129.11365,35.76632],[129.11355,35.76641],[129.11365,35.76649],[129.11369,35.76646],[129.11376,35.76642],[129.11378,35.76642]]]}},{"type":"Feature","id":"TN_RIVER_BNDRY:WTR0100000001P6XA","properties":{"NF_ID":"WTR0100000001P6XA","admin_code":"47130","source_layer":"TN_RIVER_BNDRY","semantic":"zone","river_class":"소하천","river_class_source":"중심선 공간조인","survey_method":"사진측량"},"geometry":{"type":"Polygon","coordinates":[[[129.14987,35.79793],[129.14983,35.79785],[129.14971,35.79784],[129.14974,35.79795],[129.14987,35.79793]]]}},{"type":"Feature","id":"TN_RIVER_BNDRY:WTR0100000001P6YB","properties":{"NF_ID":"WTR0100000001P6YB","admin_code":"47130","source_layer":"TN_RIVER_BNDRY","semantic":"zone","river_class":"소하천","river_class_source":"중심선 공간조인","survey_method":"사진측량"},"geometry":{"type":"Polygon","coordinates":[[[129.14971,35.79784],[129.14983,35.79785],[129.14977,35.79772],[129.14971,35.79784]]]}},{"type":"Feature","id":"TN_RIVER_BNDRY:WTR0100000001P6ZC","properties":{"NF_ID":"WTR0100000001P6ZC","admin_code":"47130","source_layer":"TN_RIVER_BNDRY","semantic":"zone","river_class":"지방하천","river_class_source":"중심선 공간조인","river_name":"고천","river_code":"2120110","survey_method":"사진측량"},"geometry":{"type":"Polygon","coordinates":[[[129.13071,35.78546],[129.13075,35.78535],[129.13062,35.78536],[129.13071,35.78546]]]}},{"type":"Feature","id":"TN_RIVER_BNDRY:WTR0100000001P70E","properties":{"NF_ID":"WTR0100000001P70E","admin_code":"47130","source_layer":"TN_RIVER_BNDRY","semantic":"zone","river_class":"지방하천","river_class_source":"중심선 공간조인","river_name":"고천","river_code":"2120110","survey_method":"사진측량"},"geometry":{"type":"Polygon","coordinates":[[[129.13437,35.78958],[129.13409,35.78814],[129.13336,35.78696],[129.13307,35.78607],[129.13226,35.78556],[129.13146,35.78528],[129.13075,35.78535],[129.13071,35.78546],[129.13161,35.78557],[129.13271,35.78611],[129.13383,35.78828],[129.13406,35.7897],[129.13437,35.78958]]]}},{"type":"Feature","id":"TN_RIVER_BNDRY:WTR0100000001P71F","properties":{"NF_ID":"WTR0100000001P71F","admin_code":"47130","source_layer":"TN_RIVER_BNDRY","semantic":"zone","river_class":"지방하천","river_class_source":"중심선 공간조인","river_name":"고천","river_code":"2120110","survey_method":"사진측량"},"geometry":{"type":"Polygon","coordinates":[[[129.13437,35.78973],[129.13437,35.78958],[129.13406,35.7897],[129.13408,35.7899],[129.13437,35.78973]]]}},{"type":"Feature","id":"TN_RIVER_BNDRY:WTR0100000001P72G","properties":{"NF_ID":"WTR0100000001P72G","admin_code":"47130","source_layer":"TN_RIVER_BNDRY","semantic":"zone","river_class":"소하천","river_class_source":"중심선 공간조인","survey_method":"사진측량"},"geometry":{"type":"Polygon","coordinates":[[[129.13437,35.78958],[129.13437,35.78973],[129.13483,35.78935],[129.1355,35.78833],[129.1357,35.78691],[129.13638,35.78617],[129.13695,35.78595],[129.13833,35.78587],[129.13912,35.78546],[129.13913,35.78528],[129.13829,35.78581],[129.13709,35.78587],[129.13639,35.78608],[129.13565,35.78693],[129.13545,35.78831],[129.13478,35.78928],[129.13437,35.78958]]]}},{"type":"Feature","id":"TN_RIVER_BNDRY:WTR0100000001P73H","properties":{"NF_ID":"WTR0100000001P73H","admin_code":"47130","source_layer":"TN_RIVER_BNDRY","semantic":"zone","river_class":"지방하천","river_class_source":"중심선 공간조인","river_name":"고천","river_code":"2120110","survey_method":"사진측량"},"geometry":{"type":"Polygon","coordinates":[[[129.13795,35.79974],[129.13693,35.79851],[129.13687,35.79607],[129.13663,35.79493],[129.1354,35.79404],[129.13502,35.79344],[129.13502,35.79203],[129.13437,35.78973],[129.13408,35.7899],[129.13448,35.79071],[129.13473,35.79208],[129.13473,35.79355],[129.13505,35.7941],[129.13616,35.79501],[129.13642,35.79545],[129.13658,35.79636],[129.13654,35.79843],[129.13668,35.79888],[129.13756,35.79999],[129.13795,35.79974]]]}},{"type":"Feature","id":"TN_RIVER_BNDRY:WTR0100000001P74I","properties":{"NF_ID":"WTR0100000001P74I","admin_code":"47130","source_layer":"TN_RIVER_BNDRY","semantic":"zone","river_class":"지방하천","river_class_source":"중심선 공간조인","river_name":"화곡천","river_code":"1021740","survey_method":"사진측량"},"geometry":{"type":"Polygon","coordinates":[[[129.1733,35.77572],[129.17304,35.77564],[129.17301,35.77574],[129.17315,35.77585],[129.1733,35.77572]]]}},{"type":"Feature","id":"TN_RIVER_BNDRY:WTR0100000001P75J","properties":{"NF_ID":"WTR0100000001P75J","admin_code":"47130","source_layer":"TN_RIVER_BNDRY","semantic":"zone","river_class":"소하천","river_class_source":"중심선 공간조인","survey_method":"사진측량"},"geometry":{"type":"Polygon","coordinates":[[[129.17315,35.77585],[129.17301,35.77574],[129.17194,35.77776],[129.17073,35.77794],[129.16882,35.77946],[129.16917,35.77948],[129.17083,35.77805],[129.17204,35.77786],[129.17315,35.77585]]]}},{"type":"Feature","id":"TN_RIVER_BNDRY:WTR0100000001P76K","properties":{"NF_ID":"WTR0100000001P76K","admin_code":"47130","source_layer":"TN_RIVER_BNDRY","semantic":"zone","river_class":"지방하천","river_class_source":"중심선 공간조인","river_name":"고천","river_code":"2120110","survey_method":"사진측량"},"geometry":{"type":"Polygon","coordinates":[[[129.13807,35.79984],[129.13795,35.79974],[129.13756,35.79999],[129.13771,35.80006],[129.13807,35.79984]]]}},{"type":"Feature","id":"TN_RIVER_BNDRY:WTR0100000001P77L","properties":{"NF_ID":"WTR0100000001P77L","admin_code":"47130","source_layer":"TN_RIVER_BNDRY","semantic":"zone","river_class":"소하천","river_class_source":"중심선 공간조인","survey_method":"사진측량"},"geometry":{"type":"Polygon","coordinates":[[[129.13771,35.80006],[129.13756,35.79999],[129.13648,35.80075],[129.13542,35.80124],[129.13425,35.80145],[129.13539,35.8013],[129.13607,35.80103],[129.13771,35.80006]]]}},{"type":"Feature","id":"TN_RIVER_BNDRY:WTR0100000001P78M","properties":{"NF_ID":"WTR0100000001P78M","admin_code":"47130","source_layer":"TN_RIVER_BNDRY","semantic":"zone","river_class":"소하천","river_class_source":"중심선 공간조인","survey_method":"사진측량"},"geometry":{"type":"Polygon","coordinates":[[[129.14983,35.79785],[129.14987,35.79793],[129.14989,35.79793],[129.14994,35.79792],[129.15,35.79792],[129.15005,35.79792],[129.15008,35.79792],[129.15016,35.79791],[129.15016,35.7979],[129.15016,35.7979],[129.15016,35.7979],[129.15016,35.79789],[129.15016,35.79788],[129.15013,35.79786],[129.1501,35.79785],[129.15008,35.79785],[129.15,35.79786],[129.14996,35.79787],[129.14992,35.79786],[129.14988,35.79786],[129.14983,35.79785]]]}},{"type":"Feature","id":"TN_RIVER_BNDRY:WTR0100000001P79N","properties":{"NF_ID":"WTR0100000001P79N","admin_code":"47130","source_layer":"TN_RIVER_BNDRY","semantic":"zone","river_class":"소하천","river_class_source":"중심선 공간조인","survey_method":"사진측량"},"geometry":{"type":"Polygon","coordinates":[[[129.13071,35.78546],[129.12859,35.78688],[129.12721,35.78711],[129.12654,35.78745],[129.12473,35.78734],[129.12423,35.78787],[129.12363,35.7882],[129.12342,35.78774],[129.12299,35.78771],[129.12267,35.78784],[129.12233,35.78843],[129.12177,35.78877],[129.123,35.78862],[129.12337,35.78831],[129.12424,35.78796],[129.12475,35.7874],[129.12655,35.7875],[129.1272,35.78715],[129.12863,35.78691],[129.13033,35.78586],[129.13071,35.78546]]]}},{"type":"Feature","id":"TN_RIVER_BNDRY:WTR0100000001P7AO","properties":{"NF_ID":"WTR0100000001P7AO","admin_code":"47130","source_layer":"TN_RIVER_BNDRY","semantic":"zone","river_class":"등급미확인","survey_method":"사진측량"},"geometry":{"type":"Polygon","coordinates":[[[129.13426,35.80142],[129.13336,35.80115],[129.13292,35.80083],[129.13287,35.80095],[129.13325,35.80115],[129.13426,35.80142]]]}},{"type":"Feature","id":"TN_RIVER_BNDRY:WTR0100000001P7BP","properties":{"NF_ID":"WTR0100000001P7BP","admin_code":"47130","source_layer":"TN_RIVER_BNDRY","semantic":"zone","river_class":"지방하천","river_class_source":"중심선 공간조인","river_name":"화곡천","river_code":"1021740","survey_method":"사진측량"},"geometry":{"type":"Polygon","coordinates":[[[129.17301,35.77574],[129.17289,35.77562],[129.17231,35.77581],[129.17155,35.77577],[129.17033,35.77528],[129.1699,35.7747],[129.16869,35.77384],[129.16767,35.77097],[129.16615,35.77003],[129.16504,35.76906],[129.1638,35.76859],[129.16373,35.76869],[129.16503,35.76918],[129.16738,35.77094],[129.16874,35.77415],[129.16973,35.77474],[129.17017,35.7753],[129.17163,35.77588],[129.17214,35.77593],[129.17301,35.77574]]]}},{"type":"Feature","id":"TN_RIVER_BNDRY:WTR0100000001P7CQ","properties":{"NF_ID":"WTR0100000001P7CQ","admin_code":"47130","source_layer":"TN_RIVER_BNDRY","semantic":"zone","river_class":"소하천","river_class_source":"중심선 공간조인","survey_method":"사진측량"},"geometry":{"type":"Polygon","coordinates":[[[129.16476,35.78649],[129.16567,35.78572],[129.1656,35.78532],[129.16638,35.78427],[129.16554,35.78527],[129.16556,35.78573],[129.16493,35.78635],[129.16475,35.78643],[129.16458,35.7862],[129.16404,35.78636],[129.16476,35.78649]]]}},{"type":"Feature","id":"TN_RIVER_BNDRY:WTR0100000001P7DR","properties":{"NF_ID":"WTR0100000001P7DR","admin_code":"47130","source_layer":"TN_RIVER_BNDRY","semantic":"zone","river_class":"지방하천","river_class_source":"중심선 공간조인","river_name":"화곡천","river_code":"1021740","survey_method":"사진측량"},"geometry":{"type":"Polygon","coordinates":[[[129.19872,35.76953],[129.19909,35.76952],[129.19908,35.76876],[129.19837,35.76768],[129.19655,35.76661],[129.19518,35.76654],[129.19268,35.76735],[129.1907,35.76705],[129.19002,35.7671],[129.18912,35.76749],[129.18867,35.76795],[129.18789,35.76893],[129.18762,35.76962],[129.18661,35.77052],[129.18555,35.77205],[129.18518,35.77226],[129.18453,35.77232],[129.18369,35.77314],[129.18349,35.77305],[129.1829,35.7716],[129.18237,35.77165],[129.18134,35.77196],[129.17895,35.77356],[129.1765,35.77452],[129.17575,35.77512],[129.17525,35.77502],[129.17454,35.77588],[129.17366,35.77571],[129.17315,35.77585],[129.17524,35.77633],[129.17711,35.77703],[129.17768,35.77691],[129.17845,35.77721],[129.17876,35.77715],[129.17876,35.77731],[129.1803,35.77684],[129.1806,35.77721],[129.18067,35.77697],[129.18091,35.77694],[129.18049,35.77669],[129.18031,35.7762],[129.18061,35.77618],[129.18075,35.77605],[129.18051,35.77586],[129.18144,35.77535],[129.18187,35.77491],[129.18265,35.77365],[129.18306,35.77329],[129.18316,35.77339],[129.18369,35.77331],[129.18453,35.77254],[129.18567,35.77225],[129.18727,35.77045],[129.18811,35.76918],[129.18907,35.76839],[129.18955,35.76771],[129.19042,35.7673],[129.19284,35.76745],[129.19493,35.76677],[129.19592,35.7667],[129.19812,35.76782],[129.19869,35.76887],[129.19872,35.76953]]]}},{"type":"Feature","id":"TN_RIVER_BNDRY:WTR0100000001P7ES","properties":{"NF_ID":"WTR0100000001P7ES","admin_code":"47130","source_layer":"TN_RIVER_BNDRY","semantic":"zone","river_class":"소하천","river_class_source":"중심선 공간조인","survey_method":"사진측량"},"geometry":{"type":"Polygon","coordinates":[[[129.2497,35.99129],[129.24965,35.99105],[129.24725,35.99146],[129.24667,35.99171],[129.2463,35.99207],[129.24596,35.99278],[129.2454,35.99604],[129.24495,35.99723],[129.24342,35.99801],[129.24333,35.9981],[129.24349,35.99822],[129.2449,35.99752],[129.24524,35.99711],[129.24561,35.9963],[129.24627,35.9926],[129.24654,35.99213],[129.24708,35.99173],[129.2497,35.99129]]]}},{"type":"Feature","id":"TN_RIVER_BNDRY:WTR0100000001P7FT","properties":{"NF_ID":"WTR0100000001P7FT","admin_code":"47130","source_layer":"TN_RIVER_BNDRY","semantic":"zone","river_class":"소하천","river_class_source":"중심선 공간조인","survey_method":"사진측량"},"geometry":{"type":"Polygon","coordinates":[[[129.24333,35.9981],[129.22825,35.99728],[129.22513,35.99751],[129.22796,35.99736],[129.24317,35.9982],[129.24333,35.9981]]]}},{"type":"Feature","id":"TN_RIVER_BNDRY:WTR0100000001P7GU","properties":{"NF_ID":"WTR0100000001P7GU","admin_code":"47130","source_layer":"TN_RIVER_BNDRY","semantic":"zone","river_class":"소하천","river_class_source":"중심선 공간조인","survey_method":"사진측량"},"geometry":{"type":"Polygon","coordinates":[[[129.24349,35.99822],[129.24333,35.9981],[129.24317,35.9982],[129.24337,35.99831],[129.24349,35.99822]]]}},{"type":"Feature","id":"TN_RIVER_BNDRY:WTR0100000001P7HV","properties":{"NF_ID":"WTR0100000001P7HV","admin_code":"47130","source_layer":"TN_RIVER_BNDRY","semantic":"zone","river_class":"소하천","river_class_source":"중심선 공간조인","survey_method":"사진측량"},"geometry":{"type":"Polygon","coordinates":[[[129.19341,35.9974],[129.19309,35.99762],[129.19328,35.9978],[129.19319,35.9983],[129.1929,35.999],[129.19258,35.999],[129.19255,35.99931],[129.19266,35.99911],[129.19297,35.99906],[129.19337,35.9981],[129.19341,35.9974]]]}},{"type":"Feature","id":"TN_RIVER_BNDRY:WTR0100000001P7IW","properties":{"NF_ID":"WTR0100000001P7IW","admin_code":"47130","source_layer":"TN_RIVER_BNDRY","semantic":"zone","river_class":"지방하천","river_class_source":"중심선 공간조인","river_name":"칠평천","river_code":"2120200","survey_method":"사진측량"},"geometry":{"type":"Polygon","coordinates":[[[129.21004,35.98995],[129.20936,35.98959],[129.20881,35.98966],[129.20685,35.99075],[129.20375,35.99208],[129.20273,35.99281],[129.19867,35.99514],[129.19662,35.99583],[129.19472,35.99678],[129.19405,35.99689],[129.19362,35.99678],[129.19341,35.9974],[129.19414,35.99753],[129.19412,35.99743],[129.19535,35.99737],[129.19681,35.99673],[129.19956,35.99607],[129.2044,35.99322],[129.20639,35.9922],[129.20627,35.99208],[129.21004,35.98995]]]}},{"type":"Feature","id":"TN_RIVER_BNDRY:WTR0100000001P7JX","properties":{"NF_ID":"WTR0100000001P7JX","admin_code":"47130","source_layer":"TN_RIVER_BNDRY","semantic":"zone","river_class":"소하천","river_class_source":"중심선 공간조인","survey_method":"사진측량"},"geometry":{"type":"Polygon","coordinates":[[[129.23563,35.91715],[129.23566,35.91706],[129.23493,35.91709],[129.23279,35.91764],[129.23168,35.91778],[129.2308,35.91826],[129.22826,35.91904],[129.22711,35.9198],[129.22619,35.92002],[129.2257,35.91994],[129.22388,35.91908],[129.22159,35.91945],[129.22123,35.91975],[129.22096,35.91954],[129.22053,35.91958],[129.22041,35.91978],[129.22053,35.92012],[129.22031,35.9202],[129.2198,35.91991],[129.21911,35.91977],[129.21867,35.91981],[129.21808,35.92016],[129.21713,35.9196],[129.21593,35.91948],[129.21563,35.91926],[129.21439,35.9189],[129.21426,35.91903],[129.2144,35.91938],[129.21426,35.91949],[129.21507,35.91951],[129.21506,35.91919],[129.2152,35.91919],[129.21606,35.91955],[129.21712,35.91964],[129.2181,35.92023],[129.21873,35.91984],[129.21906,35.91981],[129.21974,35.91994],[129.22028,35.92025],[129.22061,35.92015],[129.22054,35.91961],[129.22092,35.91957],[129.22125,35.9198],[129.22166,35.91947],[129.22382,35.91912],[129.22562,35.91996],[129.22625,35.92007],[129.22716,35.91985],[129.22839,35.91903],[129.23082,35.91832],[129.23173,35.91782],[129.23343,35.91757],[129.23476,35.91716],[129.23563,35.91715]]]}},{"type":"Feature","id":"TN_RIVER_BNDRY:WTR0100000001P7KY","properties":{"NF_ID":"WTR0100000001P7KY","admin_code":"47130","source_layer":"TN_RIVER_BNDRY","semantic":"zone","river_class":"지방하천","river_class_source":"중심선 공간조인","river_name":"사방천","river_code":"2120190","survey_method":"사진측량"},"geometry":{"type":"Polygon","coordinates":[[[129.23685,35.93461],[129.23703,35.93432],[129.23626,35.93422],[129.2352,35.93434],[129.23385,35.93477],[129.23045,35.93553],[129.22809,35.93588],[129.22727,35.93623],[129.22611,35.93718],[129.22363,35.93781],[129.22303,35.93822],[129.22219,35.93846],[129.22159,35.93832],[129.22145,35.93797],[129.22061,35.93708],[129.21976,35.93663],[129.21918,35.9365],[129.21631,35.93682],[129.21534,35.93652],[129.2144,35.93594],[129.21414,35.93613],[129.2149,35.9366],[129.21612,35.93704],[129.2176,35.937],[129.21938,35.93674],[129.22045,35.93739],[129.22151,35.93836],[129.22154,35.93848],[129.22109,35.93864],[129.22261,35.93857],[129.22384,35.938],[129.2255,35.93773],[129.22645,35.93742],[129.22763,35.93646],[129.22832,35.9362],[129.23155,35.93546],[129.23369,35.93518],[129.23585,35.93447],[129.23685,35.93461]]]}},{"type":"Feature","id":"TN_RIVER_BNDRY:WTR0100000001P7LZ","properties":{"NF_ID":"WTR0100000001P7LZ","admin_code":"47130","source_layer":"TN_RIVER_BNDRY","semantic":"zone","river_class":"소하천","river_class_source":"중심선 공간조인","survey_method":"사진측량"},"geometry":{"type":"Polygon","coordinates":[[[129.20526,35.94806],[129.20545,35.94789],[129.20538,35.94757],[129.20705,35.94702],[129.20758,35.94643],[129.20734,35.94587],[129.20865,35.94574],[129.20929,35.94511],[129.2099,35.94484],[129.21041,35.94415],[129.21128,35.94381],[129.21125,35.94342],[129.21161,35.94338],[129.2122,35.94291],[129.21292,35.94271],[129.21228,35.94282],[129.21159,35.94331],[129.21121,35.94336],[129.2112,35.9438],[129.21041,35.9441],[129.20986,35.94481],[129.20924,35.94508],[129.20862,35.94571],[129.2072,35.94586],[129.20752,35.9464],[129.20707,35.94693],[129.20507,35.9476],[129.20458,35.948],[129.20458,35.94816],[129.20526,35.94806]]]}},{"type":"Feature","id":"TN_RIVER_BNDRY:WTR0100000001P7M0","properties":{"NF_ID":"WTR0100000001P7M0","admin_code":"47130","source_layer":"TN_RIVER_BNDRY","semantic":"zone","river_class":"국가하천","river_class_source":"중심선 공간조인","river_name":"형산강","river_code":"2100010","survey_method":"사진측량"},"geometry":{"type":"Polygon","coordinates":[[[129.24138,35.97458],[129.23912,35.97664],[129.23942,35.97696],[129.24138,35.97458]]]}},{"type":"Feature","id":"TN_RIVER_BNDRY:WTR0100000001P7N1","properties":{"NF_ID":"WTR0100000001P7N1","admin_code":"47130","source_layer":"TN_RIVER_BNDRY","semantic":"zone","river_class":"국가하천","river_class_source":"중심선 공간조인","river_name":"형산강","river_code":"2100010","survey_method":"사진측량"},"geometry":{"type":"Polygon","coordinates":[[[129.24132,35.97453],[129.24022,35.97345],[129.23953,35.9722],[129.23587,35.97256],[129.23612,35.97267],[129.23705,35.97456],[129.23912,35.97664],[129.24132,35.97453]]]}},{"type":"Feature","id":"TN_RIVER_BNDRY:WTR0100000001P7O2","properties":{"NF_ID":"WTR0100000001P7O2","admin_code":"47130","source_layer":"TN_RIVER_BNDRY","semantic":"zone","river_class":"국가하천","river_class_source":"중심선 공간조인","river_name":"형산강","river_code":"2100010","survey_method":"사진측량"},"geometry":{"type":"Polygon","coordinates":[[[129.24227,35.97542],[129.24138,35.97458],[129.23942,35.97696],[129.24042,35.97804],[129.24227,35.97542]]]}},{"type":"Feature","id":"TN_RIVER_BNDRY:WTR0100000001P7P3","properties":{"NF_ID":"WTR0100000001P7P3","admin_code":"47130","source_layer":"TN_RIVER_BNDRY","semantic":"zone","river_class":"소하천","river_class_source":"중심선 공간조인","survey_method":"사진측량"},"geometry":{"type":"Polygon","coordinates":[[[129.24728,35.96883],[129.24408,35.96919],[129.24165,35.97363],[129.24301,35.97155],[129.24415,35.96925],[129.24731,35.96892],[129.24728,35.96883]]]}},{"type":"Feature","id":"TN_RIVER_BNDRY:WTR0100000001P7Q4","properties":{"NF_ID":"WTR0100000001P7Q4","admin_code":"47130","source_layer":"TN_RIVER_BNDRY","semantic":"zone","river_class":"소하천","river_class_source":"중심선 공간조인","survey_method":"사진측량"},"geometry":{"type":"Polygon","coordinates":[[[129.24132,35.97453],[129.24299,35.97193],[129.24403,35.97173],[129.24565,35.97061],[129.24706,35.97041],[129.24564,35.97055],[129.244,35.97167],[129.24293,35.97188],[129.24132,35.97453]]]}},{"type":"Feature","id":"TN_RIVER_BNDRY:WTR0100000001P7R5","properties":{"NF_ID":"WTR0100000001P7R5","admin_code":"47130","source_layer":"TN_RIVER_BNDRY","semantic":"zone","river_class":"소하천","river_class_source":"중심선 공간조인","survey_method":"사진측량"},"geometry":{"type":"Polygon","coordinates":[[[129.24062,35.81486],[129.24078,35.81487],[129.24056,35.81454],[129.23971,35.81407],[129.23916,35.81327],[129.23962,35.81406],[129.24039,35.81448],[129.24062,35.81486]]]}},{"type":"Feature","id":"TN_RIVER_BNDRY:WTR0100000001P7S6","properties":{"NF_ID":"WTR0100000001P7S6","admin_code":"47130","source_layer":"TN_RIVER_BNDRY","semantic":"zone","river_class":"소하천","river_class_source":"중심선 공간조인","survey_method":"사진측량"},"geometry":{"type":"Polygon","coordinates":[[[129.23786,35.81735],[129.24146,35.81832],[129.24291,35.8183],[129.24375,35.81794],[129.24398,35.81814],[129.24417,35.81872],[129.24379,35.81965],[129.24372,35.8205],[129.24427,35.82123],[129.24459,35.82209],[129.24462,35.82296],[129.24526,35.82348],[129.24502,35.82418],[129.24442,35.82506],[129.24464,35.82548],[129.24412,35.82671],[129.24406,35.82733],[129.24417,35.82668],[129.24471,35.82552],[129.24448,35.8251],[129.24507,35.82424],[129.24533,35.82345],[129.24467,35.82294],[129.24465,35.82208],[129.24422,35.82096],[129.2438,35.82052],[129.24385,35.81973],[129.24424,35.81875],[129.2441,35.81809],[129.24381,35.81786],[129.24291,35.81825],[129.24162,35.81827],[129.23786,35.81735]]]}},{"type":"Feature","id":"TN_RIVER_BNDRY:WTR0100000001P7T7","properties":{"NF_ID":"WTR0100000001P7T7","admin_code":"47130","source_layer":"TN_RIVER_BNDRY","semantic":"zone","river_class":"소하천","river_class_source":"중심선 공간조인","survey_method":"사진측량"},"geometry":{"type":"Polygon","coordinates":[[[129.23552,35.84979],[129.23436,35.84861],[129.23473,35.84916],[129.23552,35.84979]]]}},{"type":"Feature","id":"TN_RIVER_BNDRY:WTR0100000001P7U8","properties":{"NF_ID":"WTR0100000001P7U8","admin_code":"47130","source_layer":"TN_RIVER_BNDRY","semantic":"zone","river_class":"지방하천","river_class_source":"중심선 공간조인","river_name":"남천","river_code":"1020500","survey_method":"사진측량"},"geometry":{"type":"Polygon","coordinates":[[[129.23779,35.81739],[129.23703,35.81714],[129.23611,35.81785],[129.23361,35.82133],[129.23232,35.82278],[129.23118,35.82375],[129.2297,35.82419],[129.22871,35.82422],[129.22779,35.82396],[129.22664,35.82388],[129.22588,35.82427],[129.22566,35.82477],[129.22593,35.82666],[129.22597,35.82833],[129.22563,35.83053],[129.22523,35.83104],[129.22431,35.83111],[129.22253,35.83057],[129.2213,35.82894],[129.22064,35.82872],[129.2167,35.82904],[129.21592,35.82899],[129.21483,35.82867],[129.21465,35.82884],[129.21288,35.82784],[129.21004,35.8257],[129.20847,35.82496],[129.20721,35.82462],[129.20662,35.82463],[129.20547,35.825],[129.20305,35.82653],[129.2017,35.82754],[129.2002,35.82923],[129.20058,35.82993],[129.20163,35.82835],[129.20287,35.82743],[129.20567,35.82549],[129.20623,35.82527],[129.20719,35.82519],[129.20823,35.82543],[129.20972,35.82628],[129.20993,35.82619],[129.21286,35.82817],[129.21496,35.82936],[129.21577,35.82957],[129.21661,35.8296],[129.21847,35.82953],[129.21978,35.82927],[129.22061,35.82941],[129.22172,35.8307],[129.22216,35.83091],[129.22353,35.8313],[129.225,35.83142],[129.22604,35.83093],[129.22633,35.83008],[129.22654,35.82693],[129.22644,35.82619],[129.22618,35.82578],[129.22635,35.82559],[129.22638,35.82459],[129.22669,35.82446],[129.2282,35.82454],[129.22998,35.82492],[129.23112,35.82469],[129.2324,35.82371],[129.23459,35.82119],[129.2361,35.81888],[129.23779,35.81739]]]}},{"type":"Feature","id":"TN_RIVER_BNDRY:WTR0100000001P7V9","properties":{"NF_ID":"WTR0100000001P7V9","admin_code":"47130","source_layer":"TN_RIVER_BNDRY","semantic":"zone","river_class":"소하천","river_class_source":"중심선 공간조인","survey_method":"사진측량"},"geometry":{"type":"Polygon","coordinates":[[[129.19132,35.86208],[129.1913,35.86189],[129.19123,35.86207],[129.1909,35.86199],[129.19132,35.86208]]]}},{"type":"Feature","id":"TN_RIVER_BNDRY:WTR0100000001P7WA","properties":{"NF_ID":"WTR0100000001P7WA","admin_code":"47130","source_layer":"TN_RIVER_BNDRY","semantic":"zone","river_class":"지방하천","river_class_source":"중심선 공간조인","river_name":"소현천","river_code":"2120160","survey_method":"사진측량"},"geometry":{"type":"Polygon","coordinates":[[[129.19104,35.88313],[129.19064,35.88261],[129.18967,35.88341],[129.18816,35.88519],[129.18685,35.88614],[129.18553,35.88758],[129.1845,35.88827],[129.18484,35.88874],[129.18814,35.88609],[129.1896,35.88441],[129.19104,35.88313]]]}},{"type":"Feature","id":"TN_RIVER_BNDRY:WTR0100000001P7XB","properties":{"NF_ID":"WTR0100000001P7XB","admin_code":"47130","source_layer":"TN_RIVER_BNDRY","semantic":"zone","river_class":"지방하천","river_class_source":"중심선 공간조인","river_name":"소현천","river_code":"2120160","survey_method":"사진측량"},"geometry":{"type":"Polygon","coordinates":[[[129.19134,35.88297],[129.19064,35.88261],[129.19104,35.88313],[129.19134,35.88297]]]}},{"type":"Feature","id":"TN_RIVER_BNDRY:WTR0100000001P7YC","properties":{"NF_ID":"WTR0100000001P7YC","admin_code":"47130","source_layer":"TN_RIVER_BNDRY","semantic":"zone","river_class":"지방하천","river_class_source":"중심선 공간조인","river_name":"소현천","river_code":"2120160","survey_method":"사진측량"},"geometry":{"type":"Polygon","coordinates":[[[129.20964,35.87425],[129.20894,35.87273],[129.20883,35.87291],[129.20843,35.873],[129.20716,35.87306],[129.20535,35.87231],[129.20367,35.8726],[129.20184,35.87384],[129.20182,35.87403],[129.20108,35.87469],[129.19867,35.87582],[129.19749,35.8768],[129.19663,35.878],[129.19679,35.87804],[129.19654,35.87814],[129.19455,35.88096],[129.19437,35.88086],[129.19363,35.88129],[129.19265,35.88158],[129.19068,35.88258],[129.19134,35.88297],[129.19499,35.88131],[129.19766,35.87705],[129.19902,35.8761],[129.20138,35.8751],[129.20197,35.87437],[129.20243,35.8742],[129.20368,35.87316],[129.20495,35.87287],[129.20679,35.87365],[129.20745,35.87365],[129.20803,35.87338],[129.20964,35.87425]]]}},{"type":"Feature","id":"TN_RIVER_BNDRY:WTR0100000001P7ZD","properties":{"NF_ID":"WTR0100000001P7ZD","admin_code":"47130","source_layer":"TN_RIVER_BNDRY","semantic":"zone","river_class":"소하천","river_class_source":"중심선 공간조인","survey_method":"사진측량"},"geometry":{"type":"Polygon","coordinates":[[[129.23438,35.96254],[129.23383,35.96242],[129.23335,35.96153],[129.23248,35.96124],[129.23129,35.96025],[129.22945,35.96001],[129.22803,35.96008],[129.22781,35.96022],[129.2276,35.96079],[129.22468,35.96208],[129.224,35.96199],[129.22259,35.96211],[129.22112,35.96194],[129.21997,35.96151],[129.21819,35.96136],[129.2174,35.96143],[129.2201,35.96159],[129.22114,35.962],[129.22254,35.96216],[129.22472,35.96219],[129.22775,35.96079],[129.22818,35.9601],[129.22945,35.96008],[129.23133,35.96035],[129.2324,35.9613],[129.2333,35.96157],[129.23364,35.96235],[129.23393,35.96261],[129.23447,35.96269],[129.23438,35.96254]]]}},{"type":"Feature","id":"TN_RIVER_BNDRY:WTR0100000001P80F","properties":{"NF_ID":"WTR0100000001P80F","admin_code":"47130","source_layer":"TN_RIVER_BNDRY","semantic":"zone","river_class":"소하천","river_class_source":"중심선 공간조인","survey_method":"사진측량"},"geometry":{"type":"Polygon","coordinates":[[[129.21917,35.98651],[129.21864,35.98365],[129.21821,35.98306],[129.21749,35.9826],[129.21598,35.98116],[129.21575,35.98057],[129.21582,35.97958],[129.21549,35.97902],[129.21466,35.97878],[129.21419,35.97782],[129.21339,35.97727],[129.21034,35.97674],[129.2097,35.97649],[129.20964,35.97492],[129.20943,35.97626],[129.20961,35.97659],[129.21058,35.97694],[129.21166,35.97704],[129.2134,35.97744],[129.21398,35.97782],[129.2145,35.97886],[129.21521,35.979],[129.21541,35.97921],[129.21561,35.97965],[129.2157,35.98099],[129.21842,35.98391],[129.21874,35.98479],[129.21885,35.98638],[129.2189,35.98653],[129.21917,35.98651]]]}},{"type":"Feature","id":"TN_RIVER_BNDRY:WTR0100000001P81G","properties":{"NF_ID":"WTR0100000001P81G","admin_code":"47130","source_layer":"TN_RIVER_BNDRY","semantic":"zone","river_class":"소하천","river_class_source":"중심선 공간조인","survey_method":"사진측량"},"geometry":{"type":"Polygon","coordinates":[[[129.20924,35.97476],[129.20923,35.97463],[129.20815,35.97463],[129.20743,35.9723],[129.20672,35.97208],[129.20473,35.97194],[129.20333,35.97164],[129.20211,35.97051],[129.20211,35.97001],[129.20172,35.96955],[129.20203,35.97011],[129.20204,35.97055],[129.20254,35.97091],[129.20309,35.97162],[129.20475,35.97207],[129.20712,35.97228],[129.20744,35.97263],[129.20746,35.97337],[129.20806,35.97472],[129.20924,35.97476]]]}},{"type":"Feature","id":"TN_RIVER_BNDRY:WTR0100000001P82H","properties":{"NF_ID":"WTR0100000001P82H","admin_code":"47130","source_layer":"TN_RIVER_BNDRY","semantic":"zone","river_class":"소하천","river_class_source":"중심선 공간조인","survey_method":"사진측량"},"geometry":{"type":"Polygon","coordinates":[[[129.23196,35.99092],[129.23126,35.99096],[129.23065,35.99069],[129.23003,35.9908],[129.23068,35.99074],[129.23136,35.99103],[129.23196,35.99092]]]}},{"type":"Feature","id":"TN_RIVER_BNDRY:WTR0100000001P83I","properties":{"NF_ID":"WTR0100000001P83I","admin_code":"47130","source_layer":"TN_RIVER_BNDRY","semantic":"zone","river_class":"소하천","river_class_source":"중심선 공간조인","survey_method":"사진측량"},"geometry":{"type":"Polygon","coordinates":[[[129.21594,35.95931],[129.215,35.95872],[129.21423,35.95842],[129.21385,35.95842],[129.21324,35.95797],[129.21303,35.95735],[129.21322,35.95799],[129.21383,35.95846],[129.21424,35.95846],[129.21499,35.95876],[129.21594,35.95931]]]}},{"type":"Feature","id":"TN_RIVER_BNDRY:WTR0100000001P84J","properties":{"NF_ID":"WTR0100000001P84J","admin_code":"47130","source_layer":"TN_RIVER_BNDRY","semantic":"zone","river_class":"소하천","river_class_source":"중심선 공간조인","survey_method":"사진측량"},"geometry":{"type":"Polygon","coordinates":[[[129.21594,35.95931],[129.21606,35.95936],[129.21614,35.95916],[129.21594,35.95931]]]}},{"type":"Feature","id":"TN_RIVER_BNDRY:WTR0100000001P85K","properties":{"NF_ID":"WTR0100000001P85K","admin_code":"47130","source_layer":"TN_RIVER_BNDRY","semantic":"zone","river_class":"소하천","river_class_source":"중심선 공간조인","survey_method":"사진측량"},"geometry":{"type":"Polygon","coordinates":[[[129.18998,35.86353],[129.18975,35.86343],[129.18957,35.86355],[129.18998,35.86353]]]}},{"type":"Feature","id":"TN_RIVER_BNDRY:WTR0100000001P86L","properties":{"NF_ID":"WTR0100000001P86L","admin_code":"47130","source_layer":"TN_RIVER_BNDRY","semantic":"zone","river_class":"국가하천","river_class_source":"중심선 공간조인","river_name":"형산강","river_code":"2100010","survey_method":"사진측량"},"geometry":{"type":"Polygon","coordinates":[[[129.22848,35.88848],[129.22353,35.88744],[129.22298,35.88704],[129.22176,35.88565],[129.22008,35.88479],[129.21938,35.88427],[129.21867,35.88352],[129.21825,35.88257],[129.21352,35.87451],[129.21225,35.87301],[129.20964,35.87425],[129.21001,35.87459],[129.21098,35.87703],[129.21287,35.8804],[129.21307,35.88118],[129.21401,35.88293],[129.21775,35.88727],[129.21835,35.88762],[129.22222,35.88902],[129.22264,35.88935],[129.22308,35.89014],[129.22563,35.89069],[129.22636,35.89099],[129.22848,35.88848]]]}},{"type":"Feature","id":"TN_RIVER_BNDRY:WTR0100000001P87M","properties":{"NF_ID":"WTR0100000001P87M","admin_code":"47130","source_layer":"TN_RIVER_BNDRY","semantic":"zone","river_class":"소하천","river_class_source":"중심선 공간조인","survey_method":"사진측량"},"geometry":{"type":"Polygon","coordinates":[[[129.23456,35.87495],[129.23512,35.87432],[129.23496,35.87356],[129.23463,35.87338],[129.23473,35.87302],[129.23461,35.87341],[129.23438,35.87341],[129.2342,35.8736],[129.23372,35.87471],[129.23329,35.87467],[129.23298,35.87521],[129.23348,35.87478],[129.23428,35.87539],[129.23456,35.87495]]]}},{"type":"Feature","id":"TN_RIVER_BNDRY:WTR0100000001P88N","properties":{"NF_ID":"WTR0100000001P88N","admin_code":"47130","source_layer":"TN_RIVER_BNDRY","semantic":"zone","river_class":"소하천","river_class_source":"중심선 공간조인","survey_method":"사진측량"},"geometry":{"type":"Polygon","coordinates":[[[129.23366,35.86808],[129.23398,35.86893],[129.2345,35.86929],[129.23434,35.87038],[129.23482,35.87178],[129.23475,35.87282],[129.23487,35.87186],[129.2344,35.87041],[129.23462,35.86933],[129.23403,35.8689],[129.23366,35.86808]]]}},{"type":"Feature","id":"TN_RIVER_BNDRY:WTR0100000001P89O","properties":{"NF_ID":"WTR0100000001P89O","admin_code":"47130","source_layer":"TN_RIVER_BNDRY","semantic":"zone","river_class":"소하천","river_class_source":"중심선 공간조인","survey_method":"사진측량"},"geometry":{"type":"Polygon","coordinates":[[[129.22793,35.83389],[129.22793,35.83388],[129.22793,35.83388],[129.22793,35.83387],[129.22793,35.83387],[129.22793,35.83387],[129.22792,35.83387],[129.22792,35.83387],[129.22792,35.83387],[129.22792,35.83383],[129.22793,35.83378],[129.22793,35.83375],[129.22792,35.83375],[129.22792,35.83379],[129.22791,35.83385],[129.22791,35.83387],[129.22791,35.83387],[129.22791,35.83387],[129.22791,35.83387],[129.22791,35.83387],[129.22791,35.83388],[129.22791,35.83388],[129.22791,35.83388],[129.22791,35.83389],[129.22791,35.83389],[129.22791,35.83389],[129.22791,35.83389],[129.22791,35.83389],[129.22791,35.8339],[129.22791,35.8339],[129.2279,35.83391],[129.2279,35.83391],[129.22791,35.83391],[129.22791,35.83391],[129.22792,35.83391],[129.22792,35.83391],[129.22792,35.8339],[129.22793,35.8339],[129.22793,35.83389],[129.22793,35.83389]]]}},{"type":"Feature","id":"TN_RIVER_BNDRY:WTR0100000001P8AP","properties":{"NF_ID":"WTR0100000001P8AP","admin_code":"47130","source_layer":"TN_RIVER_BNDRY","semantic":"zone","river_class":"소하천","river_class_source":"중심선 공간조인","survey_method":"사진측량"},"geometry":{"type":"Polygon","coordinates":[[[129.22619,35.8356],[129.22665,35.83558],[129.22669,35.83537],[129.22787,35.83544],[129.22793,35.83529],[129.22769,35.83539],[129.22755,35.83517],[129.22699,35.83511],[129.2273,35.8348],[129.22761,35.83488],[129.22763,35.83473],[129.22739,35.83464],[129.22789,35.83392],[129.2278,35.83404],[129.22683,35.83398],[129.22691,35.83419],[129.22667,35.8349],[129.22604,35.83477],[129.22601,35.83556],[129.22619,35.8356]]]}},{"type":"Feature","id":"TN_RIVER_BNDRY:WTR0100000001P8BQ","properties":{"NF_ID":"WTR0100000001P8BQ","admin_code":"47130","source_layer":"TN_RIVER_BNDRY","semantic":"zone","river_class":"소하천","river_class_source":"중심선 공간조인","survey_method":"사진측량"},"geometry":{"type":"Polygon","coordinates":[[[129.2299,35.96259],[129.22915,35.96048],[129.22853,35.96057],[129.22768,35.96093],[129.22734,35.96149],[129.22757,35.96192],[129.22891,35.96237],[129.22885,35.96273],[129.22912,35.96259],[129.22944,35.96284],[129.2299,35.96259]]]}},{"type":"Feature","id":"TN_RIVER_BNDRY:WTR0100000001P8CR","properties":{"NF_ID":"WTR0100000001P8CR","admin_code":"47130","source_layer":"TN_RIVER_BNDRY","semantic":"zone","river_class":"등급미확인","survey_method":"사진측량"},"geometry":{"type":"Polygon","coordinates":[[[129.18364,35.87686],[129.18322,35.87651],[129.18312,35.87619],[129.18278,35.87618],[129.18235,35.87586],[129.18181,35.87591],[129.18246,35.87604],[129.18335,35.87683],[129.18364,35.87686]]]}},{"type":"Feature","id":"TN_RIVER_BNDRY:WTR0100000001P8DS","properties":{"NF_ID":"WTR0100000001P8DS","admin_code":"47130","source_layer":"TN_RIVER_BNDRY","semantic":"zone","river_class":"소하천","river_class_source":"중심선 공간조인","survey_method":"사진측량"},"geometry":{"type":"Polygon","coordinates":[[[129.21606,35.95936],[129.21594,35.95931],[129.21588,35.95933],[129.21595,35.95938],[129.21606,35.95936]]]}},{"type":"Feature","id":"TN_RIVER_BNDRY:WTR0100000001P8ET","properties":{"NF_ID":"WTR0100000001P8ET","admin_code":"47130","source_layer":"TN_RIVER_BNDRY","semantic":"zone","river_class":"소하천","river_class_source":"중심선 공간조인","survey_method":"사진측량"},"geometry":{"type":"Polygon","coordinates":[[[129.2174,35.96143],[129.21742,35.96085],[129.21663,35.96036],[129.21606,35.95936],[129.21595,35.95938],[129.21652,35.96039],[129.21738,35.9609],[129.21728,35.96144],[129.2174,35.96143]]]}},{"type":"Feature","id":"TN_RIVER_BNDRY:WTR0100000001P8FU","properties":{"NF_ID":"WTR0100000001P8FU","admin_code":"47130","source_layer":"TN_RIVER_BNDRY","semantic":"zone","river_class":"소하천","river_class_source":"중심선 공간조인","survey_method":"사진측량"},"geometry":{"type":"Polygon","coordinates":[[[129.21474,35.80606],[129.21512,35.80574],[129.21546,35.80568],[129.21593,35.80631],[129.21546,35.80698],[129.21592,35.80721],[129.21648,35.80718],[129.21656,35.80705],[129.21586,35.806],[129.21536,35.80561],[129.21444,35.80608],[129.21432,35.80653],[129.21374,35.80695],[129.21209,35.80771],[129.21258,35.80761],[129.21404,35.80687],[129.21437,35.80656],[129.21451,35.80614],[129.21474,35.80606]]]}},{"type":"Feature","id":"TN_RIVER_BNDRY:WTR0100000001P8GV","properties":{"NF_ID":"WTR0100000001P8GV","admin_code":"47130","source_layer":"TN_RIVER_BNDRY","semantic":"zone","river_class":"소하천","river_class_source":"중심선 공간조인","survey_method":"사진측량"},"geometry":{"type":"Polygon","coordinates":[[[129.17519,35.87311],[129.17585,35.87372],[129.17649,35.87404],[129.17689,35.8753],[129.17661,35.87564],[129.17823,35.87651],[129.1801,35.87715],[129.18111,35.87771],[129.18159,35.87771],[129.1823,35.87667],[129.18212,35.87602],[129.17936,35.87594],[129.17694,35.87527],[129.17648,35.8739],[129.17591,35.87364],[129.17552,35.87317],[129.17519,35.87311]]]}},{"type":"Feature","id":"TN_RIVER_BNDRY:WTR0100000001P8HW","properties":{"NF_ID":"WTR0100000001P8HW","admin_code":"47130","source_layer":"TN_RIVER_BNDRY","semantic":"zone","river_class":"소하천","river_class_source":"중심선 공간조인","survey_method":"사진측량"},"geometry":{"type":"Polygon","coordinates":[[[129.21414,35.93613],[129.21338,35.93648],[129.21258,35.93641],[129.21215,35.93718],[129.21175,35.93733],[129.21117,35.93663],[129.2108,35.93672],[129.2106,35.93703],[129.21088,35.9373],[129.21184,35.93735],[129.21219,35.93718],[129.21252,35.9365],[129.21343,35.93651],[129.21414,35.93613]]]}},{"type":"Feature","id":"TN_RIVER_BNDRY:WTR0100000001P8IX","properties":{"NF_ID":"WTR0100000001P8IX","admin_code":"47130","source_layer":"TN_RIVER_BNDRY","semantic":"zone","river_class":"소하천","river_class_source":"중심선 공간조인","survey_method":"사진측량"},"geometry":{"type":"Polygon","coordinates":[[[129.20675,35.93533],[129.20667,35.9368],[129.20555,35.93755],[129.20499,35.93818],[129.20446,35.93842],[129.20402,35.93911],[129.20326,35.93975],[129.20249,35.94019],[129.2008,35.94017],[129.20049,35.94028],[129.20028,35.94061],[129.19913,35.94077],[129.19809,35.94149],[129.19747,35.94214],[129.19839,35.94184],[129.19857,35.9416],[129.19839,35.94136],[129.19884,35.94101],[129.19929,35.9408],[129.20027,35.94066],[129.20058,35.94028],[129.20253,35.94022],[129.20332,35.93978],[129.20413,35.93905],[129.20449,35.93845],[129.20504,35.93821],[129.20556,35.93761],[129.20683,35.93669],[129.20669,35.93623],[129.20675,35.93533]]]}},{"type":"Feature","id":"TN_RIVER_BNDRY:WTR0100000001P8JY","properties":{"NF_ID":"WTR0100000001P8JY","admin_code":"47130","source_layer":"TN_RIVER_BNDRY","semantic":"zone","river_class":"소하천","river_class_source":"중심선 공간조인","survey_method":"사진측량"},"geometry":{"type":"Polygon","coordinates":[[[129.19792,35.92848],[129.19838,35.9285],[129.19783,35.92834],[129.19668,35.9283],[129.19765,35.92915],[129.19792,35.92848]]]}},{"type":"Feature","id":"TN_RIVER_BNDRY:WTR0100000001P8KZ","properties":{"NF_ID":"WTR0100000001P8KZ","admin_code":"47130","source_layer":"TN_RIVER_BNDRY","semantic":"zone","river_class":"소하천","river_class_source":"중심선 공간조인","survey_method":"사진측량"},"geometry":{"type":"Polygon","coordinates":[[[129.21367,35.91891],[129.21322,35.91857],[129.2126,35.91844],[129.21281,35.91805],[129.21219,35.91732],[129.21207,35.91759],[129.21164,35.91776],[129.21168,35.91797],[129.21215,35.91801],[129.2126,35.91849],[129.21367,35.91891]]]}},{"type":"Feature","id":"TN_RIVER_BNDRY:WTR0100000001P8L0","properties":{"NF_ID":"WTR0100000001P8L0","admin_code":"47130","source_layer":"TN_RIVER_BNDRY","semantic":"zone","river_class":"국가하천","river_class_source":"중심선 공간조인","river_name":"형산강","river_code":"2100010","survey_method":"사진측량"},"geometry":{"type":"Polygon","coordinates":[[[129.20245,35.85829],[129.20172,35.85736],[129.20146,35.8565],[129.20168,35.85237],[129.20153,35.85018],[129.2012,35.84848],[129.19964,35.84402],[129.19968,35.8426],[129.19819,35.84189],[129.19789,35.84537],[129.19801,35.84638],[129.1986,35.848],[129.19898,35.84979],[129.19925,35.85371],[129.19923,35.85487],[129.1987,35.85558],[129.19875,35.85659],[129.19903,35.85731],[129.19883,35.85851],[129.19923,35.85978],[129.19952,35.86016],[129.20245,35.85829]]]}},{"type":"Feature","id":"TN_RIVER_BNDRY:WTR0100000001P8M1","properties":{"NF_ID":"WTR0100000001P8M1","admin_code":"47130","source_layer":"TN_RIVER_BNDRY","semantic":"zone","river_class":"소하천","river_class_source":"중심선 공간조인","survey_method":"사진측량"},"geometry":{"type":"Polygon","coordinates":[[[129.24237,35.92686],[129.24244,35.92736],[129.24511,35.92545],[129.24546,35.92497],[129.24634,35.92498],[129.24544,35.9249],[129.24502,35.92542],[129.24254,35.92694],[129.24237,35.92686]]]}},{"type":"Feature","id":"TN_RIVER_BNDRY:WTR0100000001P8N2","properties":{"NF_ID":"WTR0100000001P8N2","admin_code":"47130","source_layer":"TN_RIVER_BNDRY","semantic":"zone","river_class":"국가하천","river_class_source":"중심선 공간조인","river_name":"형산강","river_code":"2100010","survey_method":"사진측량"},"geometry":{"type":"Polygon","coordinates":[[[129.20058,35.82993],[129.19815,35.83202],[129.19953,35.83509],[129.20033,35.83599],[129.20035,35.83712],[129.2,35.83858],[129.19858,35.84139],[129.19835,35.84149],[129.19773,35.84129],[129.19982,35.84217],[129.20207,35.83708],[129.20219,35.83614],[129.20203,35.83539],[129.20283,35.83521],[129.20201,35.83534],[129.2013,35.83374],[129.20226,35.83297],[129.20128,35.83366],[129.20043,35.83139],[129.20058,35.82993]]]}},{"type":"Feature","id":"TN_RIVER_BNDRY:WTR0100000001P8O3","properties":{"NF_ID":"WTR0100000001P8O3","admin_code":"47130","source_layer":"TN_RIVER_BNDRY","semantic":"zone","river_class":"국가하천","river_class_source":"중심선 공간조인","river_name":"형산강","river_code":"2100010","survey_method":"사진측량"},"geometry":{"type":"Polygon","coordinates":[[[129.20053,35.81698],[129.19839,35.81584],[129.19743,35.81766],[129.19987,35.81876],[129.20053,35.81698]]]}},{"type":"Feature","id":"TN_RIVER_BNDRY:WTR0100000001P8P4","properties":{"NF_ID":"WTR0100000001P8P4","admin_code":"47130","source_layer":"TN_RIVER_BNDRY","semantic":"zone","river_class":"지방하천","river_class_source":"중심선 공간조인","river_name":"형산강","river_code":"2120010","survey_method":"사진측량"},"geometry":{"type":"Polygon","coordinates":[[[129.20156,35.8146],[129.19992,35.81416],[129.19889,35.81562],[129.19839,35.81584],[129.20053,35.81698],[129.20096,35.81584],[129.20076,35.8157],[129.20156,35.8146]]]}},{"type":"Feature","id":"TN_RIVER_BNDRY:WTR0100000001P8Q5","properties":{"NF_ID":"WTR0100000001P8Q5","admin_code":"47130","source_layer":"TN_RIVER_BNDRY","semantic":"zone","river_class":"지방하천","river_class_source":"중심선 공간조인","river_name":"형산강","river_code":"2120010","survey_method":"사진측량"},"geometry":{"type":"Polygon","coordinates":[[[129.20192,35.81451],[129.20004,35.81387],[129.19992,35.81416],[129.20181,35.81465],[129.20192,35.81451]]]}},{"type":"Feature","id":"TN_RIVER_BNDRY:WTR0100000001P8R6","properties":{"NF_ID":"WTR0100000001P8R6","admin_code":"47130","source_layer":"TN_RIVER_BNDRY","semantic":"zone","river_class":"국가하천","river_class_source":"중심선 공간조인","river_name":"형산강","river_code":"2100010","survey_method":"사진측량"},"geometry":{"type":"Polygon","coordinates":[[[129.19977,35.82928],[129.19943,35.82908],[129.19898,35.82786],[129.19868,35.82348],[129.199,35.82129],[129.19987,35.81876],[129.19743,35.81766],[129.19774,35.81908],[129.19751,35.8197],[129.19765,35.82027],[129.19756,35.82062],[129.19733,35.82048],[129.19734,35.82031],[129.19719,35.8208],[129.19759,35.8208],[129.19755,35.82109],[129.19731,35.82114],[129.19744,35.82214],[129.19665,35.82486],[129.19731,35.82955],[129.19783,35.83108],[129.19977,35.82928]]]}},{"type":"Feature","id":"TN_RIVER_BNDRY:WTR0100000001P8S7","properties":{"NF_ID":"WTR0100000001P8S7","admin_code":"47130","source_layer":"TN_RIVER_BNDRY","semantic":"zone","river_class":"국가하천","river_class_source":"중심선 공간조인","river_name":"형산강","river_code":"2100010","survey_method":"사진측량"},"geometry":{"type":"Polygon","coordinates":[[[129.20058,35.82993],[129.2002,35.82923],[129.19977,35.82928],[129.19783,35.83108],[129.19815,35.83202],[129.20058,35.82993]]]}},{"type":"Feature","id":"TN_RIVER_BNDRY:WTR0100000001P8T8","properties":{"NF_ID":"WTR0100000001P8T8","admin_code":"47130","source_layer":"TN_RIVER_BNDRY","semantic":"zone","river_class":"소하천","river_class_source":"중심선 공간조인","survey_method":"사진측량"},"geometry":{"type":"Polygon","coordinates":[[[129.23555,35.8498],[129.23561,35.84985],[129.23604,35.85],[129.23627,35.85007],[129.23629,35.85005],[129.23628,35.85005],[129.23625,35.85002],[129.2362,35.85],[129.23617,35.84999],[129.23613,35.84998],[129.23605,35.84995],[129.23584,35.84989],[129.23555,35.8498]]]}},{"type":"Feature","id":"TN_RIVER_BNDRY:WTR0100000001P8U9","properties":{"NF_ID":"WTR0100000001P8U9","admin_code":"47130","source_layer":"TN_RIVER_BNDRY","semantic":"zone","river_class":"소하천","river_class_source":"중심선 공간조인","survey_method":"사진측량"},"geometry":{"type":"Polygon","coordinates":[[[129.23561,35.84985],[129.23689,35.85031],[129.23741,35.85106],[129.23737,35.85072],[129.23691,35.85025],[129.23561,35.84985]]]}},{"type":"Feature","id":"TN_RIVER_BNDRY:WTR0100000001P8VA","properties":{"NF_ID":"WTR0100000001P8VA","admin_code":"47130","source_layer":"TN_RIVER_BNDRY","semantic":"zone","river_class":"국가하천","river_class_source":"중심선 공간조인","river_name":"형산강","river_code":"2100010","survey_method":"사진측량"},"geometry":{"type":"Polygon","coordinates":[[[129.20392,35.85951],[129.20332,35.85929],[129.20265,35.85853],[129.19974,35.86027],[129.20083,35.86026],[129.20168,35.86102],[129.20392,35.85951]]]}},{"type":"Feature","id":"TN_RIVER_BNDRY:WTR0100000001P8WB","properties":{"NF_ID":"WTR0100000001P8WB","admin_code":"47130","source_layer":"TN_RIVER_BNDRY","semantic":"zone","river_class":"국가하천","river_class_source":"중심선 공간조인","river_name":"형산강","river_code":"2100010","survey_method":"사진측량"},"geometry":{"type":"Polygon","coordinates":[[[129.20265,35.85853],[129.20245,35.85829],[129.19952,35.86016],[129.19974,35.86027],[129.2,35.86014],[129.20265,35.85853]]]}},{"type":"Feature","id":"TN_RIVER_BNDRY:WTR0100000001P8XC","properties":{"NF_ID":"WTR0100000001P8XC","admin_code":"47130","source_layer":"TN_RIVER_BNDRY","semantic":"zone","river_class":"소하천","river_class_source":"중심선 공간조인","survey_method":"사진측량"},"geometry":{"type":"Polygon","coordinates":[[[129.18484,35.88874],[129.18337,35.89045],[129.18294,35.89061],[129.18245,35.89116],[129.18224,35.8919],[129.18143,35.89256],[129.18122,35.89311],[129.18074,35.89356],[129.18013,35.89384],[129.17927,35.89613],[129.17958,35.89702],[129.17926,35.8978],[129.17963,35.89805],[129.17976,35.89842],[129.17963,35.89909],[129.17978,35.8997],[129.1796,35.90044],[129.17917,35.90066],[129.17896,35.90152],[129.18009,35.90285],[129.18007,35.90323],[129.18056,35.90348],[129.1804,35.90449],[129.18055,35.90465],[129.18171,35.90493],[129.18213,35.90543],[129.18289,35.90573],[129.18336,35.90626],[129.18449,35.90618],[129.18633,35.90776],[129.18451,35.90614],[129.18345,35.90625],[129.18293,35.9057],[129.18226,35.90544],[129.18179,35.9049],[129.18063,35.90461],[129.1805,35.90415],[129.18062,35.90348],[129.18013,35.90319],[129.18021,35.9028],[129.17903,35.90151],[129.17924,35.90069],[129.17965,35.90052],[129.17985,35.89976],[129.17969,35.8991],[129.17981,35.89827],[129.1797,35.89799],[129.17933,35.89779],[129.17964,35.89705],[129.17936,35.89621],[129.17945,35.89559],[129.18018,35.89388],[129.18079,35.89361],[129.18128,35.89312],[129.18149,35.8926],[129.18226,35.89197],[129.18258,35.89109],[129.18343,35.89047],[129.18484,35.88874]]]}},{"type":"Feature","id":"TN_RIVER_BNDRY:WTR0100000001P8YD","properties":{"NF_ID":"WTR0100000001P8YD","admin_code":"47130","source_layer":"TN_RIVER_BNDRY","semantic":"zone","river_class":"국가하천","river_class_source":"중심선 공간조인","river_name":"형산강","river_code":"2100010","survey_method":"사진측량"},"geometry":{"type":"Polygon","coordinates":[[[129.2395,35.90786],[129.23909,35.90529],[129.23884,35.90188],[129.23803,35.89835],[129.23376,35.89978],[129.23664,35.90677],[129.23678,35.90798],[129.2395,35.90786]]]}},{"type":"Feature","id":"TN_RIVER_BNDRY:WTR0100000001P8ZE","properties":{"NF_ID":"WTR0100000001P8ZE","admin_code":"47130","source_layer":"TN_RIVER_BNDRY","semantic":"zone","river_class":"국가하천","river_class_source":"중심선 공간조인","river_name":"형산강","river_code":"2100010","survey_method":"사진측량"},"geometry":{"type":"Polygon","coordinates":[[[129.24084,35.92234],[129.23745,35.92317],[129.23879,35.92684],[129.24237,35.92686],[129.24084,35.92234]]]}},{"type":"Feature","id":"TN_RIVER_BNDRY:WTR0100000001P90G","properties":{"NF_ID":"WTR0100000001P90G","admin_code":"47130","source_layer":"TN_RIVER_BNDRY","semantic":"zone","river_class":"소하천","river_class_source":"중심선 공간조인","survey_method":"사진측량"},"geometry":{"type":"Polygon","coordinates":[[[129.23585,35.91709],[129.23615,35.91747],[129.23641,35.91932],[129.23604,35.92135],[129.23499,35.92307],[129.23432,35.92514],[129.23318,35.92612],[129.23173,35.9281],[129.23177,35.92938],[129.23141,35.93055],[129.23178,35.93192],[129.23285,35.93308],[129.23312,35.933],[129.23428,35.93357],[129.23577,35.93391],[129.23659,35.93393],[129.23761,35.93463],[129.23681,35.93381],[129.23446,35.93345],[129.23297,35.93272],[129.23202,35.93191],[129.23176,35.93071],[129.23158,35.93062],[129.23201,35.92945],[129.2318,35.92858],[129.23191,35.92809],[129.23311,35.9264],[129.23448,35.92514],[129.23516,35.92296],[129.23615,35.92138],[129.23652,35.91924],[129.23624,35.91746],[129.23585,35.91709]]]}},{"type":"Feature","id":"TN_RIVER_BNDRY:WTR0100000001P91H","properties":{"NF_ID":"WTR0100000001P91H","admin_code":"47130","source_layer":"TN_RIVER_BNDRY","semantic":"zone","river_class":"지방하천","river_class_source":"중심선 공간조인","river_name":"사방천","river_code":"2120190","survey_method":"사진측량"},"geometry":{"type":"Polygon","coordinates":[[[129.20607,35.93034],[129.20582,35.93028],[129.20516,35.93047],[129.2045,35.93031],[129.20386,35.93055],[129.20322,35.93021],[129.20291,35.93034],[129.20271,35.93067],[129.20043,35.93045],[129.19933,35.93091],[129.19891,35.93071],[129.19805,35.93073],[129.19664,35.93025],[129.19545,35.93029],[129.19559,35.93044],[129.19663,35.9303],[129.19796,35.93079],[129.19849,35.93088],[129.19897,35.93078],[129.19929,35.93096],[129.20045,35.93049],[129.20255,35.93075],[129.20284,35.93067],[129.20311,35.93029],[129.20335,35.93027],[129.20389,35.93059],[129.20452,35.93036],[129.20514,35.93052],[129.20607,35.93034]]]}},{"type":"Feature","id":"TN_RIVER_BNDRY:WTR0100000001P92I","properties":{"NF_ID":"WTR0100000001P92I","admin_code":"47130","source_layer":"TN_RIVER_BNDRY","semantic":"zone","river_class":"국가하천","river_class_source":"중심선 공간조인","river_name":"형산강","river_code":"2100010","survey_method":"사진측량"},"geometry":{"type":"Polygon","coordinates":[[[129.23832,35.96238],[129.23693,35.95887],[129.23679,35.95719],[129.23685,35.95276],[129.2373,35.95138],[129.24057,35.94531],[129.24181,35.94247],[129.24211,35.93947],[129.23859,35.93916],[129.23823,35.942],[129.23288,35.95374],[129.23354,35.95496],[129.23384,35.96036],[129.23438,35.96254],[129.23832,35.96238]]]}},{"type":"Feature","id":"TN_RIVER_BNDRY:WTR0100000001P93J","properties":{"NF_ID":"WTR0100000001P93J","admin_code":"47130","source_layer":"TN_RIVER_BNDRY","semantic":"zone","river_class":"소하천","river_class_source":"중심선 공간조인","survey_method":"사진측량"},"geometry":{"type":"Polygon","coordinates":[[[129.24773,35.95064],[129.24785,35.95068],[129.24863,35.94903],[129.24856,35.94779],[129.24876,35.94746],[129.24852,35.94774],[129.24853,35.94912],[129.24773,35.95064]]]}},{"type":"Feature","id":"TN_RIVER_BNDRY:WTR0100000001P94K","properties":{"NF_ID":"WTR0100000001P94K","admin_code":"47130","source_layer":"TN_RIVER_BNDRY","semantic":"zone","river_class":"소하천","river_class_source":"중심선 공간조인","survey_method":"사진측량"},"geometry":{"type":"Polygon","coordinates":[[[129.24227,35.97542],[129.24236,35.9755],[129.24266,35.97526],[129.24189,35.97407],[129.24166,35.97447],[129.24247,35.97522],[129.24227,35.97542]]]}},{"type":"Feature","id":"TN_RIVER_BNDRY:WTR0100000001P95L","properties":{"NF_ID":"WTR0100000001P95L","admin_code":"47130","source_layer":"TN_RIVER_BNDRY","semantic":"zone","river_class":"지방하천","river_class_source":"중심선 공간조인","river_name":"칠평천","river_code":"2120200","survey_method":"사진측량"},"geometry":{"type":"Polygon","coordinates":[[[129.24305,35.97997],[129.24042,35.97804],[129.24026,35.97908],[129.23977,35.97969],[129.23293,35.98136],[129.23221,35.98171],[129.23078,35.98274],[129.23077,35.98326],[129.22913,35.98353],[129.22765,35.98449],[129.22756,35.98475],[129.22733,35.98475],[129.22524,35.98578],[129.22376,35.9861],[129.22081,35.98641],[129.21914,35.98643],[129.21959,35.98767],[129.2239,35.98733],[129.22563,35.98694],[129.22721,35.98638],[129.22791,35.98602],[129.22796,35.98583],[129.22838,35.98575],[129.22991,35.98481],[129.23105,35.98377],[129.2311,35.98338],[129.23218,35.98237],[129.23321,35.98185],[129.24224,35.97993],[129.24305,35.97997]]]}},{"type":"Feature","id":"TN_RIVER_BNDRY:WTR0100000001P96M","properties":{"NF_ID":"WTR0100000001P96M","admin_code":"47130","source_layer":"TN_RIVER_BNDRY","semantic":"zone","river_class":"국가하천","river_class_source":"중심선 공간조인","river_name":"형산강","river_code":"2100010","survey_method":"사진측량"},"geometry":{"type":"Polygon","coordinates":[[[129.20406,35.86098],[129.20392,35.85951],[129.20168,35.86102],[129.202,35.86208],[129.20406,35.86098]]]}},{"type":"Feature","id":"TN_RIVER_BNDRY:WTR0100000001P97N","properties":{"NF_ID":"WTR0100000001P97N","admin_code":"47130","source_layer":"TN_RIVER_BNDRY","semantic":"zone","river_class":"국가하천","river_class_source":"중심선 공간조인","river_name":"형산강","river_code":"2100010","survey_method":"사진측량"},"geometry":{"type":"Polygon","coordinates":[[[129.21104,35.87215],[129.20983,35.87026],[129.20935,35.86983],[129.20972,35.87012],[129.20961,35.86992],[129.20838,35.86802],[129.20815,35.86799],[129.20711,35.86716],[129.20619,35.86587],[129.20473,35.86337],[129.20422,35.86197],[129.20406,35.86098],[129.202,35.86208],[129.20251,35.86307],[129.20261,35.86364],[129.2033,35.86433],[129.20492,35.86777],[129.20625,35.86948],[129.20612,35.8699],[129.20687,35.87034],[129.20782,35.87118],[129.20859,35.87197],[129.20894,35.87273],[129.21104,35.87215]]]}},{"type":"Feature","id":"TN_RIVER_BNDRY:WTR0100000001P98O","properties":{"NF_ID":"WTR0100000001P98O","admin_code":"47130","source_layer":"TN_RIVER_BNDRY","semantic":"zone","river_class":"소하천","river_class_source":"중심선 공간조인","survey_method":"사진측량"},"geometry":{"type":"Polygon","coordinates":[[[129.17579,35.94149],[129.17557,35.94099],[129.17507,35.94089],[129.17547,35.94105],[129.17566,35.94153],[129.17579,35.94149]]]}},{"type":"Feature","id":"TN_RIVER_BNDRY:WTR0100000001P99P","properties":{"NF_ID":"WTR0100000001P99P","admin_code":"47130","source_layer":"TN_RIVER_BNDRY","semantic":"zone","river_class":"소하천","river_class_source":"중심선 공간조인","survey_method":"사진측량"},"geometry":{"type":"Polygon","coordinates":[[[129.17588,35.94183],[129.17579,35.94149],[129.17566,35.94153],[129.17576,35.94185],[129.17588,35.94183]]]}},{"type":"Feature","id":"TN_RIVER_BNDRY:WTR0100000001P9AQ","properties":{"NF_ID":"WTR0100000001P9AQ","admin_code":"47130","source_layer":"TN_RIVER_BNDRY","semantic":"zone","river_class":"소하천","river_class_source":"중심선 공간조인","survey_method":"사진측량"},"geometry":{"type":"Polygon","coordinates":[[[129.17579,35.94149],[129.17588,35.94183],[129.17622,35.94131],[129.17579,35.94149]]]}},{"type":"Feature","id":"TN_RIVER_BNDRY:WTR0100000001P9BR","properties":{"NF_ID":"WTR0100000001P9BR","admin_code":"47130","source_layer":"TN_RIVER_BNDRY","semantic":"zone","river_class":"지방하천","river_class_source":"중심선 공간조인","river_name":"남천","river_code":"1020500","survey_method":"사진측량"},"geometry":{"type":"Polygon","coordinates":[[[129.24086,35.81554],[129.24062,35.81486],[129.24037,35.81491],[129.23876,35.81578],[129.2371,35.8171],[129.23786,35.81735],[129.24009,35.81584],[129.24086,35.81554]]]}},{"type":"Feature","id":"TN_RIVER_BNDRY:WTR0100000001P9CS","properties":{"NF_ID":"WTR0100000001P9CS","admin_code":"47130","source_layer":"TN_RIVER_BNDRY","semantic":"zone","river_class":"지방하천","river_class_source":"중심선 공간조인","river_name":"남천","river_code":"1020500","survey_method":"사진측량"},"geometry":{"type":"Polygon","coordinates":[[[129.24096,35.81553],[129.24078,35.81487],[129.24062,35.81486],[129.24096,35.81553]]]}},{"type":"Feature","id":"TN_RIVER_BNDRY:WTR0100000001P9DT","properties":{"NF_ID":"WTR0100000001P9DT","admin_code":"47130","source_layer":"TN_RIVER_BNDRY","semantic":"zone","river_class":"지방하천","river_class_source":"중심선 공간조인","river_name":"남천","river_code":"1020500","survey_method":"사진측량"},"geometry":{"type":"Polygon","coordinates":[[[129.24195,35.81547],[129.24208,35.81489],[129.24165,35.81489],[129.2415,35.81549],[129.24195,35.81547]]]}},{"type":"Feature","id":"TN_RIVER_BNDRY:WTR0100000001P9EU","properties":{"NF_ID":"WTR0100000001P9EU","admin_code":"47130","source_layer":"TN_RIVER_BNDRY","semantic":"zone","river_class":"지방하천","river_class_source":"중심선 공간조인","river_name":"남천","river_code":"1020500","survey_method":"사진측량"},"geometry":{"type":"Polygon","coordinates":[[[129.2415,35.81549],[129.24165,35.81489],[129.24078,35.81487],[129.24096,35.81553],[129.2415,35.81549]]]}},{"type":"Feature","id":"TN_RIVER_BNDRY:WTR0100000001P9FV","properties":{"NF_ID":"WTR0100000001P9FV","admin_code":"47130","source_layer":"TN_RIVER_BNDRY","semantic":"zone","river_class":"소하천","river_class_source":"중심선 공간조인","survey_method":"사진측량"},"geometry":{"type":"Polygon","coordinates":[[[129.24165,35.81489],[129.24208,35.81489],[129.24311,35.81025],[129.24334,35.8098],[129.24273,35.81031],[129.24165,35.81489]]]}},{"type":"Feature","id":"TN_RIVER_BNDRY:WTR0100000001P9GW","properties":{"NF_ID":"WTR0100000001P9GW","admin_code":"47130","source_layer":"TN_RIVER_BNDRY","semantic":"zone","river_class":"지방하천","river_class_source":"중심선 공간조인","river_name":"남천","river_code":"1020500","survey_method":"사진측량"},"geometry":{"type":"Polygon","coordinates":[[[129.23786,35.81735],[129.2371,35.8171],[129.23703,35.81714],[129.23779,35.81739],[129.23786,35.81735]]]}},{"type":"Feature","id":"TN_RIVER_BNDRY:WTR0100000001P9HX","properties":{"NF_ID":"WTR0100000001P9HX","admin_code":"47130","source_layer":"TN_RIVER_BNDRY","semantic":"zone","river_class":"소하천","river_class_source":"중심선 공간조인","survey_method":"사진측량"},"geometry":{"type":"Polygon","coordinates":[[[129.20375,35.80667],[129.20386,35.80689],[129.20438,35.80678],[129.20566,35.80692],[129.20635,35.80678],[129.20709,35.80699],[129.20795,35.80688],[129.20856,35.80719],[129.20898,35.80723],[129.21054,35.80707],[129.2112,35.80755],[129.21075,35.80706],[129.21048,35.80698],[129.20869,35.80716],[129.20791,35.8068],[129.20723,35.80689],[129.2063,35.80667],[129.2057,35.80681],[129.20375,35.80667]]]}},{"type":"Feature","id":"TN_RIVER_BNDRY:WTR0100000001P9IY","properties":{"NF_ID":"WTR0100000001P9IY","admin_code":"47130","source_layer":"TN_RIVER_BNDRY","semantic":"zone","river_class":"소하천","river_class_source":"중심선 공간조인","survey_method":"사진측량"},"geometry":{"type":"Polygon","coordinates":[[[129.20192,35.81451],[129.20181,35.81465],[129.2037,35.81484],[129.20971,35.81519],[129.21099,35.81485],[129.2135,35.81484],[129.21401,35.81403],[129.21526,35.81319],[129.21591,35.81317],[129.21654,35.81342],[129.21702,35.81344],[129.21589,35.81311],[129.21516,35.81316],[129.21395,35.81393],[129.21349,35.81472],[129.2133,35.81477],[129.21166,35.81464],[129.20947,35.81502],[129.20376,35.81473],[129.20192,35.81451]]]}},{"type":"Feature","id":"TN_RIVER_BNDRY:WTR0100000001P9JZ","properties":{"NF_ID":"WTR0100000001P9JZ","admin_code":"47130","source_layer":"TN_RIVER_BNDRY","semantic":"zone","river_class":"지방하천","river_class_source":"중심선 공간조인","river_name":"형산강","river_code":"2120010","survey_method":"사진측량"},"geometry":{"type":"Polygon","coordinates":[[[129.20394,35.80702],[129.20204,35.80764],[129.20256,35.8096],[129.2025,35.81074],[129.20202,35.81158],[129.20004,35.81387],[129.20192,35.81451],[129.20428,35.81194],[129.20472,35.81096],[129.20477,35.80978],[129.20394,35.80702]]]}},{"type":"Feature","id":"TN_RIVER_BNDRY:WTR0100000001P9K0","properties":{"NF_ID":"WTR0100000001P9K0","admin_code":"47130","source_layer":"TN_RIVER_BNDRY","semantic":"zone","river_class":"지방하천","river_class_source":"중심선 공간조인","river_name":"형산강","river_code":"2120010","survey_method":"사진측량"},"geometry":{"type":"Polygon","coordinates":[[[129.20394,35.80702],[129.20362,35.80697],[129.20386,35.80689],[129.20375,35.80667],[129.20176,35.80673],[129.20204,35.80764],[129.20394,35.80702]]]}},{"type":"Feature","id":"TN_RIVER_BNDRY:WTR0100000001P9L1","properties":{"NF_ID":"WTR0100000001P9L1","admin_code":"47130","source_layer":"TN_RIVER_BNDRY","semantic":"zone","river_class":"소하천","river_class_source":"중심선 공간조인","survey_method":"사진측량"},"geometry":{"type":"Polygon","coordinates":[[[129.19889,35.81562],[129.19823,35.81551],[129.19702,35.8149],[129.1972,35.81357],[129.19696,35.81494],[129.19823,35.81558],[129.19865,35.81557],[129.19879,35.81571],[129.19889,35.81562]]]}},{"type":"Feature","id":"TN_RIVER_BNDRY:WTR0100000001P9M2","properties":{"NF_ID":"WTR0100000001P9M2","admin_code":"47130","source_layer":"TN_RIVER_BNDRY","semantic":"zone","river_class":"지방하천","river_class_source":"중심선 공간조인","river_name":"대천","river_code":"2021690","survey_method":"사진측량"},"geometry":{"type":"Polygon","coordinates":[[[129.19839,35.81584],[129.1916,35.81204],[129.18998,35.81136],[129.18872,35.81123],[129.18875,35.81224],[129.19017,35.81243],[129.19093,35.81276],[129.19236,35.81357],[129.19281,35.81424],[129.19576,35.81563],[129.19671,35.81649],[129.19743,35.81766],[129.19839,35.81584]]]}},{"type":"Feature","id":"TN_RIVER_BNDRY:WTR0100000001P9N3","properties":{"NF_ID":"WTR0100000001P9N3","admin_code":"47130","source_layer":"TN_RIVER_BNDRY","semantic":"zone","river_class":"지방하천","river_class_source":"중심선 공간조인","river_name":"대천","river_code":"2021690","survey_method":"사진측량"},"geometry":{"type":"Polygon","coordinates":[[[129.18875,35.81224],[129.18872,35.81123],[129.18725,35.81157],[129.18756,35.81249],[129.18875,35.81224]]]}},{"type":"Feature","id":"TN_RIVER_BNDRY:WTR0100000001P9O4","properties":{"NF_ID":"WTR0100000001P9O4","admin_code":"47130","source_layer":"TN_RIVER_BNDRY","semantic":"zone","river_class":"소하천","river_class_source":"중심선 공간조인","survey_method":"사진측량"},"geometry":{"type":"Polygon","coordinates":[[[129.18872,35.81123],[129.18817,35.81113],[129.18793,35.81088],[129.18787,35.81059],[129.18827,35.80985],[129.18798,35.80959],[129.1876,35.81123],[129.18725,35.81157],[129.18872,35.81123]]]}},{"type":"Feature","id":"TN_RIVER_BNDRY:WTR0100000001P9P5","properties":{"NF_ID":"WTR0100000001P9P5","admin_code":"47130","source_layer":"TN_RIVER_BNDRY","semantic":"zone","river_class":"소하천","river_class_source":"중심선 공간조인","survey_method":"사진측량"},"geometry":{"type":"Polygon","coordinates":[[[129.23561,35.84985],[129.23555,35.8498],[129.23552,35.84979],[129.23546,35.84982],[129.23551,35.84985],[129.23557,35.84988],[129.23561,35.84985]]]}},{"type":"Feature","id":"TN_RIVER_BNDRY:WTR0100000001P9Q6","properties":{"NF_ID":"WTR0100000001P9Q6","admin_code":"47130","source_layer":"TN_RIVER_BNDRY","semantic":"zone","river_class":"국가하천","river_class_source":"중심선 공간조인","river_name":"형산강","river_code":"2100010","survey_method":"사진측량"},"geometry":{"type":"Polygon","coordinates":[[[129.19982,35.84217],[129.19773,35.84129],[129.19819,35.84189],[129.19968,35.8426],[129.19982,35.84217]]]}},{"type":"Feature","id":"TN_RIVER_BNDRY:WTR0100000001P9R7","properties":{"NF_ID":"WTR0100000001P9R7","admin_code":"47130","source_layer":"TN_RIVER_BNDRY","semantic":"zone","river_class":"소하천","river_class_source":"중심선 공간조인","survey_method":"사진측량"},"geometry":{"type":"Polygon","coordinates":[[[129.24655,35.87043],[129.24746,35.87002],[129.24914,35.86884],[129.24992,35.86856],[129.24912,35.86882],[129.24747,35.86999],[129.24692,35.8703],[129.24634,35.8704],[129.24655,35.87043]]]}},{"type":"Feature","id":"TN_RIVER_BNDRY:WTR0100000001P9S8","properties":{"NF_ID":"WTR0100000001P9S8","admin_code":"47130","source_layer":"TN_RIVER_BNDRY","semantic":"zone","river_class":"국가하천","river_class_source":"중심선 공간조인","river_name":"형산강","river_code":"2100010","survey_method":"사진측량"},"geometry":{"type":"Polygon","coordinates":[[[129.21225,35.87301],[129.21104,35.87215],[129.20894,35.87273],[129.20964,35.87425],[129.21225,35.87301]]]}},{"type":"Feature","id":"TN_RIVER_BNDRY:WTR0100000001P9T9","properties":{"NF_ID":"WTR0100000001P9T9","admin_code":"47130","source_layer":"TN_RIVER_BNDRY","semantic":"zone","river_class":"소하천","river_class_source":"중심선 공간조인","survey_method":"사진측량"},"geometry":{"type":"Polygon","coordinates":[[[129.18506,35.86156],[129.18574,35.86118],[129.18617,35.86118],[129.18658,35.86098],[129.18708,35.86118],[129.18751,35.86108],[129.18799,35.86064],[129.18843,35.86046],[129.19098,35.86015],[129.19244,35.85974],[129.1934,35.85995],[129.19452,35.85986],[129.19558,35.86028],[129.1946,35.85976],[129.1932,35.85988],[129.19262,35.85962],[129.19098,35.8601],[129.18847,35.8604],[129.18802,35.86055],[129.18732,35.8611],[129.1866,35.86092],[129.18611,35.86115],[129.18575,35.86113],[129.18518,35.86149],[129.18487,35.86154],[129.1845,35.86138],[129.18506,35.86156]]]}},{"type":"Feature","id":"TN_RIVER_BNDRY:WTR0100000001P9UA","properties":{"NF_ID":"WTR0100000001P9UA","admin_code":"47130","source_layer":"TN_RIVER_BNDRY","semantic":"zone","river_class":"소하천","river_class_source":"중심선 공간조인","survey_method":"사진측량"},"geometry":{"type":"Polygon","coordinates":[[[129.18941,35.86405],[129.18959,35.86439],[129.18918,35.86485],[129.18962,35.86439],[129.18941,35.86405]]]}},{"type":"Feature","id":"TN_RIVER_BNDRY:WTR0100000001P9VB","properties":{"NF_ID":"WTR0100000001P9VB","admin_code":"47130","source_layer":"TN_RIVER_BNDRY","semantic":"zone","river_class":"소하천","river_class_source":"중심선 공간조인","survey_method":"사진측량"},"geometry":{"type":"Polygon","coordinates":[[[129.19974,35.86027],[129.19952,35.86016],[129.199,35.86046],[129.19777,35.86085],[129.19974,35.86027]]]}},{"type":"Feature","id":"TN_RIVER_BNDRY:WTR0100000001P9WC","properties":{"NF_ID":"WTR0100000001P9WC","admin_code":"47130","source_layer":"TN_RIVER_BNDRY","semantic":"zone","river_class":"소하천","river_class_source":"중심선 공간조인","survey_method":"사진측량"},"geometry":{"type":"Polygon","coordinates":[[[129.17519,35.87311],[129.17508,35.87311],[129.17505,35.87318],[129.17515,35.87321],[129.17519,35.87311]]]}},{"type":"Feature","id":"TN_RIVER_BNDRY:WTR0100000001P9XD","properties":{"NF_ID":"WTR0100000001P9XD","admin_code":"47130","source_layer":"TN_RIVER_BNDRY","semantic":"zone","river_class":"소하천","river_class_source":"중심선 공간조인","survey_method":"사진측량"},"geometry":{"type":"Polygon","coordinates":[[[129.24294,35.88787],[129.24298,35.88905],[129.24281,35.88941],[129.24303,35.88905],[129.24294,35.88787]]]}},{"type":"Feature","id":"TN_RIVER_BNDRY:WTR0100000001P9YE","properties":{"NF_ID":"WTR0100000001P9YE","admin_code":"47130","source_layer":"TN_RIVER_BNDRY","semantic":"zone","river_class":"소하천","river_class_source":"중심선 공간조인","survey_method":"사진측량"},"geometry":{"type":"Polygon","coordinates":[[[129.2427,35.88973],[129.24266,35.88972],[129.24253,35.88999],[129.24254,35.89],[129.24256,35.89002],[129.24258,35.89001],[129.2427,35.88973]]]}},{"type":"Feature","id":"TN_RIVER_BNDRY:WTR0100000001P9ZF","properties":{"NF_ID":"WTR0100000001P9ZF","admin_code":"47130","source_layer":"TN_RIVER_BNDRY","semantic":"zone","river_class":"국가하천","river_class_source":"중심선 공간조인","river_name":"형산강","river_code":"2100010","survey_method":"사진측량"},"geometry":{"type":"Polygon","coordinates":[[[129.23803,35.89835],[129.2372,35.89714],[129.23335,35.89905],[129.23376,35.89978],[129.23803,35.89835]]]}},{"type":"Feature","id":"TN_RIVER_BNDRY:WTR0100000001PA0H","properties":{"NF_ID":"WTR0100000001PA0H","admin_code":"47130","source_layer":"TN_RIVER_BNDRY","semantic":"zone","river_class":"소하천","river_class_source":"중심선 공간조인","survey_method":"사진측량"},"geometry":{"type":"Polygon","coordinates":[[[129.22848,35.88848],[129.22886,35.88894],[129.22883,35.88822],[129.22721,35.88668],[129.22708,35.88682],[129.22838,35.88808],[129.22848,35.88848]]]}},{"type":"Feature","id":"TN_RIVER_BNDRY:WTR0100000001PA1I","properties":{"NF_ID":"WTR0100000001PA1I","admin_code":"47130","source_layer":"TN_RIVER_BNDRY","semantic":"zone","river_class":"국가하천","river_class_source":"중심선 공간조인","river_name":"형산강","river_code":"2100010","survey_method":"사진측량"},"geometry":{"type":"Polygon","coordinates":[[[129.22886,35.88894],[129.22848,35.88848],[129.22636,35.89099],[129.22701,35.89139],[129.22886,35.88894]]]}},{"type":"Feature","id":"TN_RIVER_BNDRY:WTR0100000001PA2J","properties":{"NF_ID":"WTR0100000001PA2J","admin_code":"47130","source_layer":"TN_RIVER_BNDRY","semantic":"zone","river_class":"지방하천","river_class_source":"중심선 공간조인","river_name":"소현천","river_code":"2120160","survey_method":"사진측량"},"geometry":{"type":"Polygon","coordinates":[[[129.18474,35.88879],[129.1844,35.88832],[129.17862,35.89023],[129.17907,35.89061],[129.17922,35.89058],[129.18205,35.88955],[129.18474,35.88879]]]}},{"type":"Feature","id":"TN_RIVER_BNDRY:WTR0100000001PA3K","properties":{"NF_ID":"WTR0100000001PA3K","admin_code":"47130","source_layer":"TN_RIVER_BNDRY","semantic":"zone","river_class":"지방하천","river_class_source":"중심선 공간조인","river_name":"소현천","river_code":"2120160","survey_method":"사진측량"},"geometry":{"type":"Polygon","coordinates":[[[129.17907,35.89061],[129.17862,35.89023],[129.17836,35.89047],[129.17867,35.89082],[129.17907,35.89061]]]}},{"type":"Feature","id":"TN_RIVER_BNDRY:WTR0100000001PA4L","properties":{"NF_ID":"WTR0100000001PA4L","admin_code":"47130","source_layer":"TN_RIVER_BNDRY","semantic":"zone","river_class":"지방하천","river_class_source":"중심선 공간조인","river_name":"소현천","river_code":"2120160","survey_method":"사진측량"},"geometry":{"type":"Polygon","coordinates":[[[129.18484,35.88874],[129.1845,35.88827],[129.1844,35.88832],[129.18474,35.88879],[129.18484,35.88874]]]}},{"type":"Feature","id":"TN_RIVER_BNDRY:WTR0100000001PA5M","properties":{"NF_ID":"WTR0100000001PA5M","admin_code":"47130","source_layer":"TN_RIVER_BNDRY","semantic":"zone","river_class":"소하천","river_class_source":"중심선 공간조인","survey_method":"사진측량"},"geometry":{"type":"Polygon","coordinates":[[[129.19068,35.88258],[129.18593,35.87873],[129.18398,35.87733],[129.18388,35.87699],[129.18364,35.87685],[129.18395,35.87736],[129.19068,35.88258]]]}},{"type":"Feature","id":"TN_RIVER_BNDRY:WTR0100000001PA6N","properties":{"NF_ID":"WTR0100000001PA6N","admin_code":"47130","source_layer":"TN_RIVER_BNDRY","semantic":"zone","river_class":"소하천","river_class_source":"중심선 공간조인","survey_method":"사진측량"},"geometry":{"type":"Polygon","coordinates":[[[129.22982,35.90729],[129.22977,35.90725],[129.22976,35.90725],[129.22976,35.90725],[129.22962,35.90733],[129.22967,35.90736],[129.22982,35.90729]]]}},{"type":"Feature","id":"TN_RIVER_BNDRY:WTR0100000001PA7O","properties":{"NF_ID":"WTR0100000001PA7O","admin_code":"47130","source_layer":"TN_RIVER_BNDRY","semantic":"zone","river_class":"소하천","river_class_source":"중심선 공간조인","survey_method":"사진측량"},"geometry":{"type":"Polygon","coordinates":[[[129.23034,35.90768],[129.22982,35.90729],[129.22967,35.90736],[129.2302,35.90796],[129.2304,35.90799],[129.23034,35.90768]]]}},{"type":"Feature","id":"TN_RIVER_BNDRY:WTR0100000001PA8P","properties":{"NF_ID":"WTR0100000001PA8P","admin_code":"47130","source_layer":"TN_RIVER_BNDRY","semantic":"zone","river_class":"소하천","river_class_source":"중심선 공간조인","survey_method":"사진측량"},"geometry":{"type":"Polygon","coordinates":[[[129.22967,35.90736],[129.22962,35.90733],[129.22962,35.90733],[129.22962,35.90734],[129.2296,35.90736],[129.22956,35.90738],[129.22951,35.90741],[129.22952,35.90743],[129.22965,35.90736],[129.22967,35.90736]]]}},{"type":"Feature","id":"TN_RIVER_BNDRY:WTR0100000001PA9Q","properties":{"NF_ID":"WTR0100000001PA9Q","admin_code":"47130","source_layer":"TN_RIVER_BNDRY","semantic":"zone","river_class":"소하천","river_class_source":"중심선 공간조인","survey_method":"사진측량"},"geometry":{"type":"Polygon","coordinates":[[[129.2305,35.90799],[129.23048,35.90778],[129.23042,35.90774],[129.23038,35.90772],[129.23034,35.90768],[129.2304,35.90799],[129.2305,35.90799]]]}},{"type":"Feature","id":"TN_RIVER_BNDRY:WTR0100000001PAAR","properties":{"NF_ID":"WTR0100000001PAAR","admin_code":"47130","source_layer":"TN_RIVER_BNDRY","semantic":"zone","river_class":"소하천","river_class_source":"중심선 공간조인","survey_method":"사진측량"},"geometry":{"type":"Polygon","coordinates":[[[129.23723,35.91351],[129.2365,35.91323],[129.23634,35.91079],[129.23604,35.91052],[129.2357,35.90922],[129.23516,35.90862],[129.23307,35.9079],[129.23143,35.90765],[129.23095,35.90784],[129.23048,35.90778],[129.2305,35.90799],[129.23129,35.90783],[129.23308,35.90811],[129.23503,35.9088],[129.23548,35.90931],[129.23583,35.91062],[129.23612,35.91097],[129.23648,35.9136],[129.23709,35.91401],[129.23723,35.91351]]]}},{"type":"Feature","id":"TN_RIVER_BNDRY:WTR0100000001PABS","properties":{"NF_ID":"WTR0100000001PABS","admin_code":"47130","source_layer":"TN_RIVER_BNDRY","semantic":"zone","river_class":"소하천","river_class_source":"중심선 공간조인","survey_method":"사진측량"},"geometry":{"type":"Polygon","coordinates":[[[129.2305,35.90799],[129.2304,35.90799],[129.23041,35.908],[129.23042,35.908],[129.23043,35.90801],[129.23046,35.90807],[129.23049,35.90812],[129.23053,35.90819],[129.23057,35.90824],[129.23063,35.9083],[129.23071,35.90834],[129.23073,35.90831],[129.23067,35.90828],[129.23063,35.90825],[129.23061,35.90822],[129.23055,35.90812],[129.23049,35.90801],[129.23049,35.908],[129.23049,35.90799],[129.23049,35.90799],[129.2305,35.90799]]]}},{"type":"Feature","id":"TN_RIVER_BNDRY:WTR0100000001PACT","properties":{"NF_ID":"WTR0100000001PACT","admin_code":"47130","source_layer":"TN_RIVER_BNDRY","semantic":"zone","river_class":"소하천","river_class_source":"중심선 공간조인","survey_method":"사진측량"},"geometry":{"type":"Polygon","coordinates":[[[129.24385,35.91971],[129.24317,35.92031],[129.24232,35.92035],[129.24187,35.92057],[129.24151,35.9212],[129.24076,35.92184],[129.24084,35.92234],[129.24093,35.92185],[129.24164,35.92121],[129.2419,35.9206],[129.24244,35.92039],[129.24309,35.92041],[129.24385,35.91971]]]}},{"type":"Feature","id":"TN_RIVER_BNDRY:WTR0100000001PADU","properties":{"NF_ID":"WTR0100000001PADU","admin_code":"47130","source_layer":"TN_RIVER_BNDRY","semantic":"zone","river_class":"소하천","river_class_source":"중심선 공간조인","survey_method":"사진측량"},"geometry":{"type":"Polygon","coordinates":[[[129.24386,35.91957],[129.2436,35.91826],[129.24304,35.9174],[129.24294,35.9164],[129.24155,35.91495],[129.24127,35.91332],[129.24111,35.9134],[129.24148,35.91498],[129.2429,35.91642],[129.24298,35.9174],[129.24358,35.91839],[129.24386,35.91957]]]}},{"type":"Feature","id":"TN_RIVER_BNDRY:WTR0100000001PAEV","properties":{"NF_ID":"WTR0100000001PAEV","admin_code":"47130","source_layer":"TN_RIVER_BNDRY","semantic":"zone","river_class":"소하천","river_class_source":"중심선 공간조인","survey_method":"사진측량"},"geometry":{"type":"Polygon","coordinates":[[[129.24389,35.91966],[129.24386,35.91957],[129.24382,35.91961],[129.24385,35.91971],[129.24389,35.91966]]]}},{"type":"Feature","id":"TN_RIVER_BNDRY:WTR0100000001PAFW","properties":{"NF_ID":"WTR0100000001PAFW","admin_code":"47130","source_layer":"TN_RIVER_BNDRY","semantic":"zone","river_class":"소하천","river_class_source":"중심선 공간조인","survey_method":"사진측량"},"geometry":{"type":"Polygon","coordinates":[[[129.24389,35.91966],[129.24411,35.92026],[129.24517,35.92144],[129.24594,35.92143],[129.24528,35.92145],[129.24422,35.9203],[129.24389,35.91966]]]}},{"type":"Feature","id":"TN_RIVER_BNDRY:WTR0100000001PAGX","properties":{"NF_ID":"WTR0100000001PAGX","admin_code":"47130","source_layer":"TN_RIVER_BNDRY","semantic":"zone","river_class":"소하천","river_class_source":"중심선 공간조인","survey_method":"사진측량"},"geometry":{"type":"Polygon","coordinates":[[[129.23585,35.91709],[129.23566,35.91706],[129.23563,35.91715],[129.23567,35.91716],[129.23576,35.91718],[129.23581,35.91719],[129.23581,35.9172],[129.23585,35.91709]]]}},{"type":"Feature","id":"TN_RIVER_BNDRY:WTR0100000001PAHY","properties":{"NF_ID":"WTR0100000001PAHY","admin_code":"47130","source_layer":"TN_RIVER_BNDRY","semantic":"zone","river_class":"국가하천","river_class_source":"중심선 공간조인","river_name":"형산강","river_code":"2100010","survey_method":"사진측량"},"geometry":{"type":"Polygon","coordinates":[[[129.24076,35.92184],[129.24051,35.92153],[129.24012,35.91804],[129.24058,35.9139],[129.23709,35.91401],[129.23748,35.91556],[129.23729,35.91822],[129.23716,35.91818],[129.237,35.91963],[129.23704,35.92107],[129.23735,35.92278],[129.24076,35.92184]]]}},{"type":"Feature","id":"TN_RIVER_BNDRY:WTR0100000001PAIZ","properties":{"NF_ID":"WTR0100000001PAIZ","admin_code":"47130","source_layer":"TN_RIVER_BNDRY","semantic":"zone","river_class":"소하천","river_class_source":"중심선 공간조인","survey_method":"사진측량"},"geometry":{"type":"Polygon","coordinates":[[[129.23566,35.91706],[129.23585,35.91709],[129.23542,35.91659],[129.23477,35.91637],[129.23269,35.91696],[129.23067,35.91656],[129.22894,35.91713],[129.22833,35.9171],[129.22873,35.91719],[129.22943,35.91706],[129.23071,35.91661],[129.23279,35.91699],[129.23473,35.91641],[129.23535,35.9166],[129.23566,35.91706]]]}},{"type":"Feature","id":"TN_RIVER_BNDRY:WTR0100000001PAJ0","properties":{"NF_ID":"WTR0100000001PAJ0","admin_code":"47130","source_layer":"TN_RIVER_BNDRY","semantic":"zone","river_class":"국가하천","river_class_source":"중심선 공간조인","river_name":"형산강","river_code":"2100010","survey_method":"사진측량"},"geometry":{"type":"Polygon","coordinates":[[[129.24084,35.92234],[129.24076,35.92184],[129.23735,35.92278],[129.23745,35.92317],[129.24084,35.92234]]]}},{"type":"Feature","id":"TN_RIVER_BNDRY:WTR0100000001PAK1","properties":{"NF_ID":"WTR0100000001PAK1","admin_code":"47130","source_layer":"TN_RIVER_BNDRY","semantic":"zone","river_class":"국가하천","river_class_source":"중심선 공간조인","river_name":"형산강","river_code":"2100010","survey_method":"사진측량"},"geometry":{"type":"Polygon","coordinates":[[[129.24058,35.9139],[129.24047,35.91336],[129.23723,35.91351],[129.23709,35.91401],[129.24058,35.9139]]]}},{"type":"Feature","id":"TN_RIVER_BNDRY:WTR0100000001PAL2","properties":{"NF_ID":"WTR0100000001PAL2","admin_code":"47130","source_layer":"TN_RIVER_BNDRY","semantic":"zone","river_class":"등급미확인","survey_method":"사진측량"},"geometry":{"type":"Polygon","coordinates":[[[129.24122,35.91319],[129.24127,35.91332],[129.24187,35.91303],[129.24122,35.91319]]]}},{"type":"Feature","id":"TN_RIVER_BNDRY:WTR0100000001PAM3","properties":{"NF_ID":"WTR0100000001PAM3","admin_code":"47130","source_layer":"TN_RIVER_BNDRY","semantic":"zone","river_class":"소하천","river_class_source":"중심선 공간조인","survey_method":"사진측량"},"geometry":{"type":"Polygon","coordinates":[[[129.24111,35.9134],[129.24103,35.91325],[129.24047,35.91336],[129.24058,35.9139],[129.24111,35.9134]]]}},{"type":"Feature","id":"TN_RIVER_BNDRY:WTR0100000001PAN4","properties":{"NF_ID":"WTR0100000001PAN4","admin_code":"47130","source_layer":"TN_RIVER_BNDRY","semantic":"zone","river_class":"소하천","river_class_source":"중심선 공간조인","survey_method":"사진측량"},"geometry":{"type":"Polygon","coordinates":[[[129.24127,35.91332],[129.24122,35.91319],[129.24103,35.91325],[129.24111,35.9134],[129.24127,35.91332]]]}},{"type":"Feature","id":"TN_RIVER_BNDRY:WTR0100000001PAO5","properties":{"NF_ID":"WTR0100000001PAO5","admin_code":"47130","source_layer":"TN_RIVER_BNDRY","semantic":"zone","river_class":"국가하천","river_class_source":"중심선 공간조인","river_name":"형산강","river_code":"2100010","survey_method":"사진측량"},"geometry":{"type":"Polygon","coordinates":[[[129.24047,35.91336],[129.23951,35.90799],[129.23679,35.90811],[129.23723,35.91351],[129.24047,35.91336]]]}},{"type":"Feature","id":"TN_RIVER_BNDRY:WTR0100000001PAP6","properties":{"NF_ID":"WTR0100000001PAP6","admin_code":"47130","source_layer":"TN_RIVER_BNDRY","semantic":"zone","river_class":"국가하천","river_class_source":"중심선 공간조인","river_name":"형산강","river_code":"2100010","survey_method":"사진측량"},"geometry":{"type":"Polygon","coordinates":[[[129.23951,35.90799],[129.2395,35.90786],[129.23678,35.90798],[129.23679,35.90811],[129.23951,35.90799]]]}},{"type":"Feature","id":"TN_RIVER_BNDRY:WTR0100000001PAQ7","properties":{"NF_ID":"WTR0100000001PAQ7","admin_code":"47130","source_layer":"TN_RIVER_BNDRY","semantic":"zone","river_class":"소하천","river_class_source":"중심선 공간조인","survey_method":"사진측량"},"geometry":{"type":"Polygon","coordinates":[[[129.2395,35.90786],[129.23951,35.90799],[129.23978,35.90804],[129.23995,35.90901],[129.24046,35.90996],[129.24072,35.91162],[129.24051,35.90999],[129.24001,35.90898],[129.23982,35.90799],[129.2395,35.90786]]]}},{"type":"Feature","id":"TN_RIVER_BNDRY:WTR0100000001PAR8","properties":{"NF_ID":"WTR0100000001PAR8","admin_code":"47130","source_layer":"TN_RIVER_BNDRY","semantic":"zone","river_class":"국가하천","river_class_source":"중심선 공간조인","river_name":"형산강","river_code":"2100010","survey_method":"사진측량"},"geometry":{"type":"Polygon","coordinates":[[[129.24244,35.92736],[129.23897,35.92775],[129.23925,35.92945],[129.23877,35.93601],[129.24214,35.93608],[129.24281,35.93156],[129.24244,35.92736]]]}},{"type":"Feature","id":"TN_RIVER_BNDRY:WTR0100000001PAS9","properties":{"NF_ID":"WTR0100000001PAS9","admin_code":"47130","source_layer":"TN_RIVER_BNDRY","semantic":"zone","river_class":"지방하천","river_class_source":"중심선 공간조인","river_name":"사방천","river_code":"2120190","survey_method":"사진측량"},"geometry":{"type":"Polygon","coordinates":[[[129.23877,35.93601],[129.23836,35.93568],[129.23761,35.93463],[129.23718,35.9349],[129.238,35.93596],[129.23876,35.93655],[129.23877,35.93601]]]}},{"type":"Feature","id":"TN_RIVER_BNDRY:WTR0100000001PATA","properties":{"NF_ID":"WTR0100000001PATA","admin_code":"47130","source_layer":"TN_RIVER_BNDRY","semantic":"zone","river_class":"국가하천","river_class_source":"중심선 공간조인","river_name":"형산강","river_code":"2100010","survey_method":"사진측량"},"geometry":{"type":"Polygon","coordinates":[[[129.24215,35.93665],[129.23879,35.93657],[129.2386,35.93903],[129.24213,35.93928],[129.24226,35.93747],[129.24215,35.93665]]]}},{"type":"Feature","id":"TN_RIVER_BNDRY:WTR0100000001PAUB","properties":{"NF_ID":"WTR0100000001PAUB","admin_code":"47130","source_layer":"TN_RIVER_BNDRY","semantic":"zone","river_class":"국가하천","river_class_source":"중심선 공간조인","river_name":"형산강","river_code":"2100010","survey_method":"사진측량"},"geometry":{"type":"Polygon","coordinates":[[[129.24213,35.93928],[129.2386,35.93903],[129.23859,35.93916],[129.24211,35.93947],[129.24213,35.93928]]]}},{"type":"Feature","id":"TN_RIVER_BNDRY:WTR0100000001PAVC","properties":{"NF_ID":"WTR0100000001PAVC","admin_code":"47130","source_layer":"TN_RIVER_BNDRY","semantic":"zone","river_class":"국가하천","river_class_source":"중심선 공간조인","river_name":"형산강","river_code":"2100010","survey_method":"사진측량"},"geometry":{"type":"Polygon","coordinates":[[[129.24214,35.93608],[129.23877,35.93601],[129.23879,35.93657],[129.24215,35.93665],[129.24214,35.93608]]]}},{"type":"Feature","id":"TN_RIVER_BNDRY:WTR0100000001PAWD","properties":{"NF_ID":"WTR0100000001PAWD","admin_code":"47130","source_layer":"TN_RIVER_BNDRY","semantic":"zone","river_class":"국가하천","river_class_source":"중심선 공간조인","river_name":"형산강","river_code":"2100010","survey_method":"사진측량"},"geometry":{"type":"Polygon","coordinates":[[[129.24244,35.92736],[129.24237,35.92686],[129.23879,35.92684],[129.23897,35.92775],[129.24244,35.92736]]]}},{"type":"Feature","id":"TN_RIVER_BNDRY:WTR0100000001PAXE","properties":{"NF_ID":"WTR0100000001PAXE","admin_code":"47130","source_layer":"TN_RIVER_BNDRY","semantic":"zone","river_class":"지방하천","river_class_source":"중심선 공간조인","river_name":"사방천","river_code":"2120190","survey_method":"사진측량"},"geometry":{"type":"Polygon","coordinates":[[[129.23761,35.93463],[129.23703,35.93432],[129.23685,35.93461],[129.23718,35.9349],[129.23761,35.93463]]]}},{"type":"Feature","id":"TN_RIVER_BNDRY:WTR0100000001PAYF","properties":{"NF_ID":"WTR0100000001PAYF","admin_code":"47130","source_layer":"TN_RIVER_BNDRY","semantic":"zone","river_class":"소하천","river_class_source":"중심선 공간조인","survey_method":"사진측량"},"geometry":{"type":"Polygon","coordinates":[[[129.20607,35.93028],[129.20621,35.93029],[129.20591,35.92945],[129.20458,35.9293],[129.20419,35.92908],[129.20304,35.92744],[129.20299,35.92677],[129.20255,35.92638],[129.20167,35.9261],[129.20259,35.92646],[129.20292,35.92677],[129.203,35.9275],[129.20371,35.92839],[129.20397,35.92899],[129.2046,35.92937],[129.20579,35.92945],[129.20607,35.93028]]]}},{"type":"Feature","id":"TN_RIVER_BNDRY:WTR0100000001PAZG","properties":{"NF_ID":"WTR0100000001PAZG","admin_code":"47130","source_layer":"TN_RIVER_BNDRY","semantic":"zone","river_class":"지방하천","river_class_source":"중심선 공간조인","river_name":"사방천","river_code":"2120190","survey_method":"사진측량"},"geometry":{"type":"Polygon","coordinates":[[[129.2144,35.93594],[129.21436,35.93592],[129.21433,35.9359],[129.21408,35.93609],[129.21414,35.93613],[129.2144,35.93594]]]}},{"type":"Feature","id":"TN_RIVER_BNDRY:WTR0100000001PB0I","properties":{"NF_ID":"WTR0100000001PB0I","admin_code":"47130","source_layer":"TN_RIVER_BNDRY","semantic":"zone","river_class":"지방하천","river_class_source":"중심선 공간조인","river_name":"사방천","river_code":"2120190","survey_method":"사진측량"},"geometry":{"type":"Polygon","coordinates":[[[129.21433,35.9359],[129.21316,35.93461],[129.21259,35.93421],[129.20976,35.93362],[129.20969,35.93378],[129.21247,35.93434],[129.21317,35.93494],[129.21406,35.93607],[129.21433,35.9359]]]}},{"type":"Feature","id":"TN_RIVER_BNDRY:WTR0100000001PB1J","properties":{"NF_ID":"WTR0100000001PB1J","admin_code":"47130","source_layer":"TN_RIVER_BNDRY","semantic":"zone","river_class":"지방하천","river_class_source":"중심선 공간조인","river_name":"사방천","river_code":"2120190","survey_method":"사진측량"},"geometry":{"type":"Polygon","coordinates":[[[129.20976,35.93362],[129.20947,35.93354],[129.20942,35.93367],[129.20969,35.93378],[129.20976,35.93362]]]}},{"type":"Feature","id":"TN_RIVER_BNDRY:WTR0100000001PB2K","properties":{"NF_ID":"WTR0100000001PB2K","admin_code":"47130","source_layer":"TN_RIVER_BNDRY","semantic":"zone","river_class":"소하천","river_class_source":"중심선 공간조인","survey_method":"사진측량"},"geometry":{"type":"Polygon","coordinates":[[[129.20969,35.93378],[129.20942,35.93367],[129.20833,35.93456],[129.20673,35.93521],[129.20675,35.93533],[129.20836,35.93471],[129.20969,35.93378]]]}},{"type":"Feature","id":"TN_RIVER_BNDRY:WTR0100000001PB3L","properties":{"NF_ID":"WTR0100000001PB3L","admin_code":"47130","source_layer":"TN_RIVER_BNDRY","semantic":"zone","river_class":"소하천","river_class_source":"중심선 공간조인","survey_method":"사진측량"},"geometry":{"type":"Polygon","coordinates":[[[129.20673,35.93521],[129.20669,35.93522],[129.20664,35.93522],[129.20665,35.93533],[129.20675,35.93533],[129.20673,35.93521]]]}},{"type":"Feature","id":"TN_RIVER_BNDRY:WTR0100000001PB4M","properties":{"NF_ID":"WTR0100000001PB4M","admin_code":"47130","source_layer":"TN_RIVER_BNDRY","semantic":"zone","river_class":"소하천","river_class_source":"중심선 공간조인","survey_method":"사진측량"},"geometry":{"type":"Polygon","coordinates":[[[129.20664,35.93522],[129.20464,35.93491],[129.20256,35.93488],[129.20473,35.93498],[129.20665,35.93533],[129.20664,35.93522]]]}},{"type":"Feature","id":"TN_RIVER_BNDRY:WTR0100000001PB5N","properties":{"NF_ID":"WTR0100000001PB5N","admin_code":"47130","source_layer":"TN_RIVER_BNDRY","semantic":"zone","river_class":"지방하천","river_class_source":"중심선 공간조인","river_name":"사방천","river_code":"2120190","survey_method":"사진측량"},"geometry":{"type":"Polygon","coordinates":[[[129.20947,35.93354],[129.20781,35.93298],[129.20756,35.93135],[129.20721,35.93086],[129.20621,35.93029],[129.20734,35.93123],[129.20751,35.93293],[129.20789,35.93318],[129.20942,35.93367],[129.20947,35.93354]]]}},{"type":"Feature","id":"TN_RIVER_BNDRY:WTR0100000001PB6O","properties":{"NF_ID":"WTR0100000001PB6O","admin_code":"47130","source_layer":"TN_RIVER_BNDRY","semantic":"zone","river_class":"지방하천","river_class_source":"중심선 공간조인","river_name":"사방천","river_code":"2120190","survey_method":"사진측량"},"geometry":{"type":"Polygon","coordinates":[[[129.20621,35.93029],[129.20607,35.93028],[129.20607,35.93034],[129.20609,35.93035],[129.20614,35.93036],[129.20618,35.93039],[129.20621,35.93029]]]}},{"type":"Feature","id":"TN_RIVER_BNDRY:WTR0100000001PB7P","properties":{"NF_ID":"WTR0100000001PB7P","admin_code":"47130","source_layer":"TN_RIVER_BNDRY","semantic":"zone","river_class":"소하천","river_class_source":"중심선 공간조인","survey_method":"사진측량"},"geometry":{"type":"Polygon","coordinates":[[[129.24448,35.95414],[129.2449,35.95382],[129.24519,35.95284],[129.24448,35.95414]]]}},{"type":"Feature","id":"TN_RIVER_BNDRY:WTR0100000001PB8Q","properties":{"NF_ID":"WTR0100000001PB8Q","admin_code":"47130","source_layer":"TN_RIVER_BNDRY","semantic":"zone","river_class":"소하천","river_class_source":"중심선 공간조인","survey_method":"사진측량"},"geometry":{"type":"Polygon","coordinates":[[[129.24442,35.95432],[129.24424,35.95425],[129.24183,35.95797],[129.23957,35.96078],[129.23905,35.96082],[129.23875,35.96102],[129.23869,35.96142],[129.23898,35.96161],[129.23836,35.96248],[129.23856,35.96242],[129.24199,35.95795],[129.24442,35.95432]]]}},{"type":"Feature","id":"TN_RIVER_BNDRY:WTR0100000001PB9R","properties":{"NF_ID":"WTR0100000001PB9R","admin_code":"47130","source_layer":"TN_RIVER_BNDRY","semantic":"zone","river_class":"소하천","river_class_source":"중심선 공간조인","survey_method":"사진측량"},"geometry":{"type":"Polygon","coordinates":[[[129.24441,35.95413],[129.24503,35.9526],[129.24536,35.95036],[129.24496,35.95274],[129.24441,35.95413]]]}},{"type":"Feature","id":"TN_RIVER_BNDRY:WTR0100000001PBAS","properties":{"NF_ID":"WTR0100000001PBAS","admin_code":"47130","source_layer":"TN_RIVER_BNDRY","semantic":"zone","river_class":"소하천","river_class_source":"중심선 공간조인","survey_method":"사진측량"},"geometry":{"type":"Polygon","coordinates":[[[129.24448,35.95423],[129.2443,35.95414],[129.24424,35.95425],[129.24448,35.95423]]]}},{"type":"Feature","id":"TN_RIVER_BNDRY:WTR0100000001PBBT","properties":{"NF_ID":"WTR0100000001PBBT","admin_code":"47130","source_layer":"TN_RIVER_BNDRY","semantic":"zone","river_class":"소하천","river_class_source":"중심선 공간조인","survey_method":"사진측량"},"geometry":{"type":"Polygon","coordinates":[[[129.24769,35.95073],[129.24773,35.95064],[129.24654,35.9506],[129.24591,35.9511],[129.24541,35.95179],[129.24442,35.95414],[129.24533,35.95213],[129.24613,35.95105],[129.24664,35.95076],[129.24769,35.95073]]]}},{"type":"Feature","id":"TN_RIVER_BNDRY:WTR0100000001PBCU","properties":{"NF_ID":"WTR0100000001PBCU","admin_code":"47130","source_layer":"TN_RIVER_BNDRY","semantic":"zone","river_class":"소하천","river_class_source":"중심선 공간조인","survey_method":"사진측량"},"geometry":{"type":"Polygon","coordinates":[[[129.24785,35.95068],[129.24773,35.95064],[129.24769,35.95073],[129.24783,35.95075],[129.24785,35.95068]]]}},{"type":"Feature","id":"TN_RIVER_BNDRY:WTR0100000001PBDV","properties":{"NF_ID":"WTR0100000001PBDV","admin_code":"47130","source_layer":"TN_RIVER_BNDRY","semantic":"zone","river_class":"소하천","river_class_source":"중심선 공간조인","survey_method":"사진측량"},"geometry":{"type":"Polygon","coordinates":[[[129.23587,35.97256],[129.23587,35.97252],[129.23553,35.9725],[129.23543,35.9725],[129.2354,35.97251],[129.23535,35.97253],[129.23526,35.97253],[129.23525,35.97253],[129.23524,35.97253],[129.23522,35.97252],[129.2352,35.97252],[129.23509,35.97252],[129.23489,35.97251],[129.23481,35.97251],[129.23471,35.97251],[129.23459,35.97251],[129.23372,35.97253],[129.23349,35.97253],[129.23315,35.97253],[129.23299,35.97253],[129.23294,35.97254],[129.23292,35.97254],[129.2329,35.97254],[129.23289,35.97255],[129.23288,35.97255],[129.23287,35.97256],[129.23286,35.97257],[129.23287,35.97258],[129.23289,35.97259],[129.2329,35.97259],[129.23292,35.97259],[129.23294,35.9726],[129.23297,35.97259],[129.23303,35.97259],[129.23326,35.97259],[129.2337,35.97259],[129.23384,35.9726],[129.23391,35.9726],[129.23449,35.97259],[129.23451,35.97259],[129.23458,35.97258],[129.23467,35.97258],[129.23473,35.97258],[129.23481,35.97258],[129.23489,35.97258],[129.23502,35.97258],[129.23519,35.97258],[129.2352,35.97258],[129.23526,35.97258],[129.23528,35.97258],[129.23538,35.97258],[129.23542,35.97259],[129.23545,35.9726],[129.23547,35.9726],[129.23554,35.9726],[129.23559,35.9726],[129.23569,35.97258],[129.23587,35.97256]]]}},{"type":"Feature","id":"TN_RIVER_BNDRY:WTR0100000001PBEW","properties":{"NF_ID":"WTR0100000001PBEW","admin_code":"47130","source_layer":"TN_RIVER_BNDRY","semantic":"zone","river_class":"국가하천","river_class_source":"중심선 공간조인","river_name":"형산강","river_code":"2100010","survey_method":"사진측량"},"geometry":{"type":"Polygon","coordinates":[[[129.23953,35.9722],[129.23944,35.972],[129.23587,35.97256],[129.23953,35.9722]]]}},{"type":"Feature","id":"TN_RIVER_BNDRY:WTR0100000001PBFX","properties":{"NF_ID":"WTR0100000001PBFX","admin_code":"47130","source_layer":"TN_RIVER_BNDRY","semantic":"zone","river_class":"국가하천","river_class_source":"중심선 공간조인","river_name":"형산강","river_code":"2100010","survey_method":"사진측량"},"geometry":{"type":"Polygon","coordinates":[[[129.23836,35.96248],[129.23832,35.96238],[129.23438,35.96254],[129.23447,35.96269],[129.23836,35.96248]]]}},{"type":"Feature","id":"TN_RIVER_BNDRY:WTR0100000001PBGY","properties":{"NF_ID":"WTR0100000001PBGY","admin_code":"47130","source_layer":"TN_RIVER_BNDRY","semantic":"zone","river_class":"국가하천","river_class_source":"중심선 공간조인","river_name":"형산강","river_code":"2100010","survey_method":"사진측량"},"geometry":{"type":"Polygon","coordinates":[[[129.23944,35.972],[129.23898,35.97014],[129.23904,35.96478],[129.23882,35.96364],[129.23836,35.96248],[129.23447,35.96269],[129.23467,35.96294],[129.23411,35.96298],[129.23501,35.96411],[129.23533,35.96497],[129.23529,35.97007],[129.23561,35.97191],[129.23607,35.97219],[129.23598,35.97245],[129.23944,35.972]]]}},{"type":"Feature","id":"TN_RIVER_BNDRY:WTR0100000001PBHZ","properties":{"NF_ID":"WTR0100000001PBHZ","admin_code":"47130","source_layer":"TN_RIVER_BNDRY","semantic":"zone","river_class":"소하천","river_class_source":"중심선 공간조인","survey_method":"사진측량"},"geometry":{"type":"Polygon","coordinates":[[[129.21733,35.96156],[129.2173,35.96151],[129.21723,35.96155],[129.21721,35.96156],[129.2172,35.96156],[129.21718,35.9616],[129.21733,35.96156]]]}},{"type":"Feature","id":"TN_RIVER_BNDRY:WTR0100000001PBI0","properties":{"NF_ID":"WTR0100000001PBI0","admin_code":"47130","source_layer":"TN_RIVER_BNDRY","semantic":"zone","river_class":"소하천","river_class_source":"중심선 공간조인","survey_method":"사진측량"},"geometry":{"type":"Polygon","coordinates":[[[129.21746,35.96152],[129.2174,35.96143],[129.2173,35.96151],[129.21733,35.96156],[129.21741,35.96154],[129.21746,35.96152]]]}},{"type":"Feature","id":"TN_RIVER_BNDRY:WTR0100000001PBJ1","properties":{"NF_ID":"WTR0100000001PBJ1","admin_code":"47130","source_layer":"TN_RIVER_BNDRY","semantic":"zone","river_class":"국가하천","river_class_source":"중심선 공간조인","river_name":"형산강","river_code":"2100010","survey_method":"사진측량"},"geometry":{"type":"Polygon","coordinates":[[[129.24472,35.97727],[129.24227,35.97542],[129.24042,35.97804],[129.24305,35.97997],[129.24472,35.97727]]]}},{"type":"Feature","id":"TN_RIVER_BNDRY:WTR0100000001PBK2","properties":{"NF_ID":"WTR0100000001PBK2","admin_code":"47130","source_layer":"TN_RIVER_BNDRY","semantic":"zone","river_class":"소하천","river_class_source":"중심선 공간조인","survey_method":"사진측량"},"geometry":{"type":"Polygon","coordinates":[[[129.24833,35.98767],[129.24813,35.98754],[129.24799,35.98761],[129.24833,35.98767]]]}},{"type":"Feature","id":"TN_RIVER_BNDRY:WTR0100000001PBL3","properties":{"NF_ID":"WTR0100000001PBL3","admin_code":"47130","source_layer":"TN_RIVER_BNDRY","semantic":"zone","river_class":"소하천","river_class_source":"중심선 공간조인","survey_method":"사진측량"},"geometry":{"type":"Polygon","coordinates":[[[129.24911,35.98754],[129.24813,35.98754],[129.2488,35.98774],[129.24911,35.98754]]]}},{"type":"Feature","id":"TN_RIVER_BNDRY:WTR0100000001PBM4","properties":{"NF_ID":"WTR0100000001PBM4","admin_code":"47130","source_layer":"TN_RIVER_BNDRY","semantic":"zone","river_class":"소하천","river_class_source":"중심선 공간조인","survey_method":"사진측량"},"geometry":{"type":"Polygon","coordinates":[[[129.24988,35.99101],[129.24965,35.99105],[129.2497,35.99129],[129.24991,35.99131],[129.24988,35.99101]]]}},{"type":"Feature","id":"TN_RIVER_BNDRY:WTR0100000001PBN5","properties":{"NF_ID":"WTR0100000001PBN5","admin_code":"47130","source_layer":"TN_RIVER_BNDRY","semantic":"zone","river_class":"소하천","river_class_source":"중심선 공간조인","survey_method":"사진측량"},"geometry":{"type":"Polygon","coordinates":[[[129.24988,35.99101],[129.24915,35.9884],[129.24833,35.98767],[129.24824,35.98774],[129.24903,35.98844],[129.24965,35.99105],[129.24988,35.99101]]]}},{"type":"Feature","id":"TN_RIVER_BNDRY:WTR0100000001PBO6","properties":{"NF_ID":"WTR0100000001PBO6","admin_code":"47130","source_layer":"TN_RIVER_BNDRY","semantic":"zone","river_class":"소하천","river_class_source":"중심선 공간조인","survey_method":"사진측량"},"geometry":{"type":"Polygon","coordinates":[[[129.23202,35.99083],[129.23234,35.99053],[129.2338,35.99061],[129.23628,35.98969],[129.23922,35.98352],[129.2392,35.98268],[129.23994,35.98231],[129.24054,35.98245],[129.2412,35.98321],[129.24289,35.98302],[129.24516,35.98333],[129.24654,35.98592],[129.24787,35.98751],[129.24813,35.98754],[129.24659,35.98579],[129.24565,35.98378],[129.24527,35.98333],[129.24293,35.98297],[129.24119,35.98316],[129.24055,35.9824],[129.23983,35.98226],[129.23912,35.98262],[129.23913,35.98345],[129.23622,35.98964],[129.2337,35.99056],[129.23224,35.99046],[129.23201,35.99061],[129.23202,35.99083]]]}},{"type":"Feature","id":"TN_RIVER_BNDRY:WTR0100000001PBP7","properties":{"NF_ID":"WTR0100000001PBP7","admin_code":"47130","source_layer":"TN_RIVER_BNDRY","semantic":"zone","river_class":"소하천","river_class_source":"중심선 공간조인","survey_method":"사진측량"},"geometry":{"type":"Polygon","coordinates":[[[129.23202,35.99083],[129.23202,35.99088],[129.23209,35.99085],[129.23215,35.99083],[129.23231,35.99081],[129.23235,35.99081],[129.23261,35.9908],[129.23262,35.99079],[129.23262,35.99079],[129.23262,35.99079],[129.23261,35.99078],[129.23261,35.99078],[129.23245,35.99078],[129.2323,35.99079],[129.2322,35.9908],[129.2321,35.99082],[129.23202,35.99083]]]}},{"type":"Feature","id":"TN_RIVER_BNDRY:WTR0100000001PBQ8","properties":{"NF_ID":"WTR0100000001PBQ8","admin_code":"47130","source_layer":"TN_RIVER_BNDRY","semantic":"zone","river_class":"소하천","river_class_source":"중심선 공간조인","survey_method":"사진측량"},"geometry":{"type":"Polygon","coordinates":[[[129.23202,35.99088],[129.23202,35.99083],[129.23194,35.99084],[129.23196,35.99092],[129.232,35.99089],[129.23202,35.99088]]]}},{"type":"Feature","id":"TN_RIVER_BNDRY:WTR0100000001PBR9","properties":{"NF_ID":"WTR0100000001PBR9","admin_code":"47130","source_layer":"TN_RIVER_BNDRY","semantic":"zone","river_class":"지방하천","river_class_source":"중심선 공간조인","river_name":"칠평천","river_code":"2120200","survey_method":"사진측량"},"geometry":{"type":"Polygon","coordinates":[[[129.21909,35.98758],[129.2189,35.98653],[129.21875,35.98643],[129.21745,35.9865],[129.21636,35.98682],[129.21449,35.98711],[129.2127,35.98776],[129.21004,35.9891],[129.20949,35.98953],[129.21026,35.98982],[129.21287,35.98848],[129.21479,35.98796],[129.21909,35.98758]]]}},{"type":"Feature","id":"TN_RIVER_BNDRY:WTR0100000001PBSA","properties":{"NF_ID":"WTR0100000001PBSA","admin_code":"47130","source_layer":"TN_RIVER_BNDRY","semantic":"zone","river_class":"소하천","river_class_source":"중심선 공간조인","survey_method":"사진측량"},"geometry":{"type":"Polygon","coordinates":[[[129.20949,35.98953],[129.20891,35.98935],[129.20936,35.98959],[129.20949,35.98953]]]}},{"type":"Feature","id":"TN_RIVER_BNDRY:WTR0100000001PBTB","properties":{"NF_ID":"WTR0100000001PBTB","admin_code":"47130","source_layer":"TN_RIVER_BNDRY","semantic":"zone","river_class":"지방하천","river_class_source":"중심선 공간조인","river_name":"칠평천","river_code":"2120200","survey_method":"사진측량"},"geometry":{"type":"Polygon","coordinates":[[[129.21026,35.98982],[129.20936,35.98959],[129.21004,35.98995],[129.21026,35.98982]]]}},{"type":"Feature","id":"TN_RIVER_BNDRY:WTR0100000001PBUC","properties":{"NF_ID":"WTR0100000001PBUC","admin_code":"47130","source_layer":"TN_RIVER_BNDRY","semantic":"zone","river_class":"지방하천","river_class_source":"중심선 공간조인","river_name":"칠평천","river_code":"2120200","survey_method":"사진측량"},"geometry":{"type":"Polygon","coordinates":[[[129.21917,35.98651],[129.2189,35.98653],[129.21909,35.98758],[129.21959,35.98767],[129.21917,35.98651]]]}},{"type":"Feature","id":"TN_RIVER_BNDRY:WTR0100000001PBVD","properties":{"NF_ID":"WTR0100000001PBVD","admin_code":"47130","source_layer":"TN_RIVER_BNDRY","semantic":"zone","river_class":"지방하천","river_class_source":"중심선 공간조인","river_name":"칠평천","river_code":"2120200","survey_method":"사진측량"},"geometry":{"type":"Polygon","coordinates":[[[129.17663,35.98918],[129.1761,35.98897],[129.17575,35.98936],[129.17628,35.9898],[129.17663,35.98918]]]}},{"type":"Feature","id":"TN_RIVER_BNDRY:WTR0100000001PBWE","properties":{"NF_ID":"WTR0100000001PBWE","admin_code":"47130","source_layer":"TN_RIVER_BNDRY","semantic":"zone","river_class":"지방하천","river_class_source":"중심선 공간조인","river_name":"칠평천","river_code":"2120200","survey_method":"사진측량"},"geometry":{"type":"Polygon","coordinates":[[[129.19341,35.9974],[129.19362,35.99678],[129.19338,35.9967],[129.19309,35.99762],[129.19341,35.9974]]]}},{"type":"Feature","id":"TN_RIVER_BNDRY:WTR0100000001PBXF","properties":{"NF_ID":"WTR0100000001PBXF","admin_code":"47130","source_layer":"TN_RIVER_BNDRY","semantic":"zone","river_class":"소하천","river_class_source":"중심선 공간조인","survey_method":"사진측량"},"geometry":{"type":"Polygon","coordinates":[[[129.21697,35.99745],[129.21732,35.99743],[129.21683,35.99737],[129.21634,35.99768],[129.21697,35.99745]]]}},{"type":"Feature","id":"TN_RIVER_BNDRY:WTR0100000001PBYG","properties":{"NF_ID":"WTR0100000001PBYG","admin_code":"47130","source_layer":"TN_RIVER_BNDRY","semantic":"zone","river_class":"지방하천","river_class_source":"중심선 공간조인","river_name":"칠평천","river_code":"2120200","survey_method":"사진측량"},"geometry":{"type":"Polygon","coordinates":[[[129.18925,35.99584],[129.18874,35.99576],[129.18806,35.99688],[129.18849,35.99689],[129.18925,35.99584]]]}},{"type":"Feature","id":"TN_RIVER_BNDRY:WTR0100000001PBZH","properties":{"NF_ID":"WTR0100000001PBZH","admin_code":"47130","source_layer":"TN_RIVER_BNDRY","semantic":"zone","river_class":"지방하천","river_class_source":"중심선 공간조인","river_name":"칠평천","river_code":"2120200","survey_method":"사진측량"},"geometry":{"type":"Polygon","coordinates":[[[129.18874,35.99576],[129.18828,35.99554],[129.18435,35.99189],[129.18096,35.99092],[129.17851,35.98954],[129.17663,35.98918],[129.17628,35.9898],[129.17816,35.99031],[129.17909,35.99067],[129.17989,35.99125],[129.18103,35.99179],[129.18333,35.99246],[129.18402,35.9928],[129.18575,35.99477],[129.18806,35.99688],[129.18874,35.99576]]]}},{"type":"Feature","id":"TN_RIVER_BNDRY:WTR0100000001PC0J","properties":{"NF_ID":"WTR0100000001PC0J","admin_code":"47130","source_layer":"TN_RIVER_BNDRY","semantic":"zone","river_class":"지방하천","river_class_source":"중심선 공간조인","river_name":"칠평천","river_code":"2120200","survey_method":"사진측량"},"geometry":{"type":"Polygon","coordinates":[[[129.19338,35.9967],[129.19224,35.99631],[129.18925,35.99584],[129.18849,35.99689],[129.18873,35.99674],[129.18926,35.99676],[129.19309,35.99762],[129.19338,35.9967]]]}},{"type":"Feature","id":"TN_RIVER_BNDRY:WTR0100000001PC1K","properties":{"NF_ID":"WTR0100000001PC1K","admin_code":"47130","source_layer":"TN_RIVER_BNDRY","semantic":"zone","river_class":"소하천","river_class_source":"중심선 공간조인","survey_method":"사진측량"},"geometry":{"type":"Polygon","coordinates":[[[129.21595,35.95938],[129.21512,35.95962],[129.21423,35.95928],[129.21515,35.95966],[129.21595,35.95938]]]}},{"type":"Feature","id":"TN_RIVER_BNDRY:WTR0100000001PC2L","properties":{"NF_ID":"WTR0100000001PC2L","admin_code":"47130","source_layer":"TN_RIVER_BNDRY","semantic":"zone","river_class":"소하천","river_class_source":"중심선 공간조인","survey_method":"사진측량"},"geometry":{"type":"Polygon","coordinates":[[[129.22976,35.90725],[129.2287,35.90625],[129.2279,35.90507],[129.22899,35.90422],[129.22919,35.90342],[129.22882,35.90149],[129.2275,35.89822],[129.22696,35.89399],[129.22537,35.89145],[129.22478,35.89085],[129.22313,35.89035],[129.22261,35.89041],[129.22201,35.8911],[129.22067,35.89089],[129.21901,35.89113],[129.21797,35.89147],[129.21736,35.89261],[129.21595,35.89352],[129.21569,35.89504],[129.21576,35.89552],[129.21535,35.89627],[129.21193,35.89829],[129.21157,35.89927],[129.21185,35.89979],[129.21166,35.90006],[129.21097,35.90033],[129.20957,35.90143],[129.20875,35.90154],[129.20758,35.90262],[129.20711,35.90284],[129.20758,35.9027],[129.20878,35.90159],[129.20961,35.90148],[129.21099,35.90041],[129.21178,35.90005],[129.21193,35.89982],[129.21165,35.89931],[129.21207,35.89823],[129.21272,35.89781],[129.21332,35.89766],[129.21556,35.89617],[129.21586,35.89554],[129.21611,35.89357],[129.21738,35.89269],[129.21806,35.89147],[129.21899,35.89119],[129.22063,35.89095],[129.22202,35.89115],[129.22264,35.89049],[129.22303,35.89042],[129.22451,35.89084],[129.22514,35.89135],[129.22683,35.89391],[129.2275,35.8985],[129.22876,35.90145],[129.22912,35.90325],[129.22895,35.90414],[129.22781,35.90506],[129.2289,35.90666],[129.22962,35.90733],[129.22976,35.90725]]]}},{"type":"Feature","id":"TN_RIVER_BNDRY:WTR0100000001PC3M","properties":{"NF_ID":"WTR0100000001PC3M","admin_code":"47130","source_layer":"TN_RIVER_BNDRY","semantic":"zone","river_class":"국가하천","river_class_source":"중심선 공간조인","river_name":"형산강","river_code":"2100010","survey_method":"사진측량"},"geometry":{"type":"Polygon","coordinates":[[[129.2372,35.89714],[129.23627,35.8961],[129.2358,35.8959],[129.23128,35.89112],[129.22886,35.88894],[129.22701,35.89139],[129.22762,35.89188],[129.22787,35.89185],[129.22878,35.89265],[129.23125,35.89529],[129.23236,35.89705],[129.23335,35.89905],[129.2372,35.89714]]]}},{"type":"Feature","id":"TN_RIVER_BNDRY:WTR0100000001PC7Q","properties":{"NF_ID":"WTR0100000001PC7Q","admin_code":"47130","source_layer":"TN_RIVER_BNDRY","semantic":"zone","river_class":"소하천","river_class_source":"중심선 공간조인","survey_method":"사진측량"},"geometry":{"type":"Polygon","coordinates":[[[129.12525,35.98574],[129.12402,35.98689],[129.12381,35.98723],[129.12381,35.98814],[129.12364,35.98849],[129.12325,35.98882],[129.12288,35.98962],[129.12192,35.99033],[129.12188,35.99079],[129.12144,35.99167],[129.12107,35.99176],[129.12081,35.99254],[129.11973,35.99359],[129.1196,35.99416],[129.11931,35.9944],[129.11898,35.99515],[129.11903,35.99578],[129.11847,35.99593],[129.11853,35.99625],[129.11901,35.99684],[129.11906,35.9977],[129.1187,35.99799],[129.11882,35.99832],[129.11917,35.99773],[129.11916,35.99717],[129.11944,35.99655],[129.11938,35.99625],[129.11913,35.99609],[129.11906,35.99519],[129.11974,35.99431],[129.11989,35.9937],[129.12094,35.9926],[129.12175,35.99105],[129.12205,35.99086],[129.12203,35.99049],[129.12297,35.98969],[129.12333,35.9889],[129.12375,35.98855],[129.12394,35.98814],[129.12396,35.98712],[129.12508,35.98614],[129.12525,35.98574]]]}},{"type":"Feature","id":"TN_RIVER_BNDRY:WTR0100000001PC8R","properties":{"NF_ID":"WTR0100000001PC8R","admin_code":"47130","source_layer":"TN_RIVER_BNDRY","semantic":"zone","river_class":"소하천","river_class_source":"중심선 공간조인","survey_method":"사진측량"},"geometry":{"type":"Polygon","coordinates":[[[129.11891,35.99832],[129.11882,35.99832],[129.11882,35.99834],[129.11879,35.99837],[129.11888,35.99841],[129.11891,35.99832]]]}},{"type":"Feature","id":"TN_RIVER_BNDRY:WTR0100000001PC9S","properties":{"NF_ID":"WTR0100000001PC9S","admin_code":"47130","source_layer":"TN_RIVER_BNDRY","semantic":"zone","river_class":"소하천","river_class_source":"중심선 공간조인","survey_method":"사진측량"},"geometry":{"type":"Polygon","coordinates":[[[129.11888,35.99841],[129.11879,35.99837],[129.11873,35.99842],[129.11869,35.99845],[129.11866,35.99847],[129.11858,35.99853],[129.11858,35.99855],[129.11858,35.99856],[129.11858,35.99856],[129.11859,35.99857],[129.11861,35.99856],[129.11884,35.99844],[129.11888,35.99841]]]}},{"type":"Feature","id":"TN_RIVER_BNDRY:WTR0100000001PCAT","properties":{"NF_ID":"WTR0100000001PCAT","admin_code":"47130","source_layer":"TN_RIVER_BNDRY","semantic":"zone","river_class":"소하천","river_class_source":"중심선 공간조인","survey_method":"사진측량"},"geometry":{"type":"Polygon","coordinates":[[[129.11891,35.99832],[129.11888,35.99841],[129.11889,35.99841],[129.11892,35.99842],[129.11901,35.99846],[129.11905,35.99848],[129.11907,35.99847],[129.11907,35.99846],[129.11907,35.99846],[129.119,35.99841],[129.11893,35.99835],[129.11891,35.99832]]]}},{"type":"Feature","id":"TN_RIVER_BNDRY:WTR0100000001PCCV","properties":{"NF_ID":"WTR0100000001PCCV","admin_code":"47130","source_layer":"TN_RIVER_BNDRY","semantic":"zone","river_class":"지방하천","river_class_source":"중심선 공간조인","river_name":"옥산천","river_code":"1021460","survey_method":"사진측량"},"geometry":{"type":"Polygon","coordinates":[[[129.17099,35.99639],[129.17082,35.99617],[129.17062,35.9965],[129.17083,35.99666],[129.17099,35.99639]]]}},{"type":"Feature","id":"TN_RIVER_BNDRY:WTR0100000001PCDW","properties":{"NF_ID":"WTR0100000001PCDW","admin_code":"47130","source_layer":"TN_RIVER_BNDRY","semantic":"zone","river_class":"소하천","river_class_source":"중심선 공간조인","survey_method":"사진측량"},"geometry":{"type":"Polygon","coordinates":[[[129.07724,35.93106],[129.07715,35.931],[129.07707,35.93128],[129.07724,35.93106]]]}},{"type":"Feature","id":"TN_RIVER_BNDRY:WTR0100000001PCEX","properties":{"NF_ID":"WTR0100000001PCEX","admin_code":"47130","source_layer":"TN_RIVER_BNDRY","semantic":"zone","river_class":"지방하천","river_class_source":"중심선 공간조인","river_name":"건천","river_code":"2120090","survey_method":"사진측량"},"geometry":{"type":"Polygon","coordinates":[[[129.07717,35.83074],[129.07708,35.83067],[129.07694,35.83082],[129.07717,35.83074]]]}},{"type":"Feature","id":"TN_RIVER_BNDRY:WTR0100000001PCFY","properties":{"NF_ID":"WTR0100000001PCFY","admin_code":"47130","source_layer":"TN_RIVER_BNDRY","semantic":"zone","river_class":"소하천","river_class_source":"중심선 공간조인","survey_method":"사진측량"},"geometry":{"type":"Polygon","coordinates":[[[129.0778,35.88709],[129.07652,35.88746],[129.07557,35.8874],[129.07474,35.88765],[129.07314,35.88741],[129.07473,35.8877],[129.07553,35.88746],[129.07687,35.88744],[129.0778,35.88709]]]}},{"type":"Feature","id":"TN_RIVER_BNDRY:WTR0100000001PCGZ","properties":{"NF_ID":"WTR0100000001PCGZ","admin_code":"47130","source_layer":"TN_RIVER_BNDRY","semantic":"zone","river_class":"지방하천","river_class_source":"중심선 공간조인","river_name":"건천","river_code":"2120090","survey_method":"사진측량"},"geometry":{"type":"Polygon","coordinates":[[[129.07708,35.83067],[129.07633,35.82993],[129.07541,35.82848],[129.07553,35.82777],[129.0754,35.82715],[129.07611,35.82487],[129.07616,35.82231],[129.07587,35.8215],[129.07616,35.82101],[129.07738,35.82005],[129.07696,35.81985],[129.07526,35.81985],[129.07481,35.81945],[129.07451,35.81892],[129.07358,35.81824],[129.07339,35.81824],[129.07301,35.81844],[129.07341,35.81961],[129.07378,35.82011],[129.07397,35.82245],[129.07349,35.82416],[129.0736,35.82481],[129.07293,35.8262],[129.07315,35.8275],[129.07342,35.82758],[129.07531,35.8274],[129.07539,35.82699],[129.07527,35.82851],[129.07635,35.83021],[129.07694,35.83082],[129.07708,35.83067]]]}},{"type":"Feature","id":"TN_RIVER_BNDRY:WTR0100000001PCH0","properties":{"NF_ID":"WTR0100000001PCH0","admin_code":"47130","source_layer":"TN_RIVER_BNDRY","semantic":"zone","river_class":"소하천","river_class_source":"중심선 공간조인","survey_method":"사진측량"},"geometry":{"type":"Polygon","coordinates":[[[129.07703,35.83087],[129.07584,35.83127],[129.07513,35.83124],[129.07337,35.83156],[129.07267,35.83144],[129.07155,35.83175],[129.07098,35.83162],[129.0698,35.83167],[129.06864,35.83194],[129.0678,35.83158],[129.06711,35.83158],[129.0657,35.83123],[129.06352,35.83118],[129.06204,35.83154],[129.05997,35.83158],[129.06034,35.83172],[129.06086,35.83161],[129.06146,35.83173],[129.06354,35.83122],[129.06785,35.83169],[129.0683,35.83202],[129.06858,35.83205],[129.06976,35.83177],[129.07092,35.83168],[129.07161,35.83179],[129.07272,35.83147],[129.07331,35.83166],[129.07506,35.83132],[129.07592,35.83134],[129.07703,35.83087]]]}},{"type":"Feature","id":"TN_RIVER_BNDRY:WTR0100000001PCI1","properties":{"NF_ID":"WTR0100000001PCI1","admin_code":"47130","source_layer":"TN_RIVER_BNDRY","semantic":"zone","river_class":"소하천","river_class_source":"중심선 공간조인","survey_method":"사진측량"},"geometry":{"type":"Polygon","coordinates":[[[129.08166,35.83564],[129.08164,35.83553],[129.07976,35.83529],[129.0792,35.83533],[129.07855,35.83571],[129.07773,35.83651],[129.0768,35.83681],[129.07605,35.83731],[129.07466,35.8389],[129.073,35.83951],[129.07187,35.84141],[129.07239,35.84212],[129.07236,35.84242],[129.07165,35.84345],[129.0711,35.84385],[129.06879,35.8446],[129.06826,35.84465],[129.06689,35.84526],[129.06583,35.84537],[129.06551,35.84554],[129.06516,35.84605],[129.06392,35.84656],[129.06256,35.84676],[129.06419,35.8466],[129.06533,35.84608],[129.06588,35.84543],[129.06716,35.84529],[129.06923,35.84449],[129.07089,35.84409],[129.07147,35.84377],[129.0724,35.8427],[129.07248,35.84206],[129.07197,35.84151],[129.07234,35.84111],[129.07297,35.8396],[129.07481,35.83893],[129.07627,35.83724],[129.07785,35.83654],[129.07878,35.83565],[129.07957,35.83544],[129.08166,35.83564]]]}},{"type":"Feature","id":"TN_RIVER_BNDRY:WTR0100000001PCJ2","properties":{"NF_ID":"WTR0100000001PCJ2","admin_code":"47130","source_layer":"TN_RIVER_BNDRY","semantic":"zone","river_class":"지방하천","river_class_source":"중심선 공간조인","river_name":"대천","river_code":"2021690","survey_method":"사진측량"},"geometry":{"type":"Polygon","coordinates":[[[129.0882,35.86632],[129.08774,35.86582],[129.08582,35.86735],[129.0832,35.86874],[129.08309,35.86867],[129.08188,35.86914],[129.08124,35.86955],[129.0806,35.8705],[129.08036,35.87237],[129.08013,35.87297],[129.0798,35.87326],[129.07934,35.87337],[129.07591,35.87335],[129.0739,35.87482],[129.07356,35.87528],[129.07308,35.87713],[129.0721,35.8794],[129.07144,35.88145],[129.0718,35.88176],[129.07231,35.88108],[129.07264,35.87976],[129.07344,35.87779],[129.07356,35.87694],[129.0743,35.87523],[129.0752,35.87439],[129.07623,35.87384],[129.07949,35.87386],[129.08029,35.87367],[129.08084,35.87299],[129.08123,35.87094],[129.08174,35.86997],[129.08629,35.86783],[129.0882,35.86632]]]}},{"type":"Feature","id":"TN_RIVER_BNDRY:WTR0100000001PCK3","properties":{"NF_ID":"WTR0100000001PCK3","admin_code":"47130","source_layer":"TN_RIVER_BNDRY","semantic":"zone","river_class":"소하천","river_class_source":"중심선 공간조인","survey_method":"사진측량"},"geometry":{"type":"Polygon","coordinates":[[[129.08298,35.91324],[129.08284,35.91318],[129.08233,35.91358],[129.08115,35.91339],[129.08079,35.9135],[129.08082,35.91425],[129.08005,35.91532],[129.07972,35.91675],[129.07947,35.91704],[129.07869,35.91741],[129.07698,35.91768],[129.07585,35.91808],[129.0751,35.91977],[129.07419,35.92053],[129.07261,35.92092],[129.07175,35.92176],[129.06987,35.92215],[129.07022,35.92224],[129.07194,35.92189],[129.07275,35.92105],[129.07416,35.92072],[129.0751,35.92005],[129.07557,35.91936],[129.076,35.91818],[129.07707,35.9178],[129.07853,35.91759],[129.07965,35.91708],[129.07988,35.91675],[129.08001,35.91575],[129.08094,35.91431],[129.08091,35.91359],[129.08238,35.91371],[129.08269,35.9136],[129.08298,35.91324]]]}},{"type":"Feature","id":"TN_RIVER_BNDRY:WTR0100000001PCYH","properties":{"NF_ID":"WTR0100000001PCYH","admin_code":"47130","source_layer":"TN_RIVER_BNDRY","semantic":"zone","river_class":"지방하천","river_class_source":"중심선 공간조인","river_name":"대천","river_code":"2021690","survey_method":"사진측량"},"geometry":{"type":"Polygon","coordinates":[[[129.04287,35.88827],[129.04139,35.88728],[129.04098,35.88676],[129.04086,35.8861],[129.04051,35.88558],[129.03929,35.88509],[129.0387,35.88469],[129.03841,35.88422],[129.03891,35.88277],[129.03768,35.88075],[129.03788,35.87952],[129.03771,35.87755],[129.03708,35.87612],[129.03829,35.87379],[129.03923,35.87312],[129.03938,35.86988],[129.0381,35.86743],[129.03774,35.86588],[129.03697,35.86473],[129.03691,35.86395],[129.0363,35.86357],[129.03515,35.86346],[129.03496,35.86296],[129.03511,35.86221],[129.03473,35.8607],[129.03504,35.86225],[129.03485,35.86291],[129.03508,35.86346],[129.03486,35.86397],[129.03614,35.86519],[129.03637,35.86522],[129.03686,35.86489],[129.03705,35.86502],[129.03756,35.86586],[129.03828,35.8681],[129.03926,35.86995],[129.03906,35.87316],[129.03796,35.87394],[129.03758,35.875],[129.03683,35.87615],[129.03745,35.87753],[129.03764,35.87942],[129.03742,35.88069],[129.03799,35.88178],[129.03868,35.88263],[129.03823,35.8839],[129.03828,35.8842],[129.03864,35.88486],[129.04035,35.88584],[129.04101,35.88708],[129.0419,35.88802],[129.04283,35.88851],[129.04287,35.88827]]]}},{"type":"Feature","id":"TN_RIVER_BNDRY:WTR0100000001PCZI","properties":{"NF_ID":"WTR0100000001PCZI","admin_code":"47130","source_layer":"TN_RIVER_BNDRY","semantic":"zone","river_class":"소하천","river_class_source":"중심선 공간조인","survey_method":"사진측량"},"geometry":{"type":"Polygon","coordinates":[[[129.03466,35.8606],[129.03492,35.86005],[129.03506,35.85886],[129.03466,35.8606]]]}},{"type":"Feature","id":"TN_RIVER_BNDRY:WTR0100000001PD0K","properties":{"NF_ID":"WTR0100000001PD0K","admin_code":"47130","source_layer":"TN_RIVER_BNDRY","semantic":"zone","river_class":"지방하천","river_class_source":"중심선 공간조인","river_name":"대천","river_code":"2021690","survey_method":"사진측량"},"geometry":{"type":"Polygon","coordinates":[[[129.03473,35.8607],[129.03473,35.8607],[129.03475,35.86063],[129.03466,35.8606],[129.03467,35.86072],[129.03473,35.8607]]]}},{"type":"Feature","id":"TN_RIVER_BNDRY:WTR0100000001PD1L","properties":{"NF_ID":"WTR0100000001PD1L","admin_code":"47130","source_layer":"TN_RIVER_BNDRY","semantic":"zone","river_class":"지방하천","river_class_source":"중심선 공간조인","river_name":"대천","river_code":"2021690","survey_method":"사진측량"},"geometry":{"type":"Polygon","coordinates":[[[129.03466,35.8606],[129.0338,35.86001],[129.0339,35.85944],[129.03355,35.8592],[129.03337,35.85878],[129.03367,35.85795],[129.03352,35.85773],[129.03335,35.85623],[129.03279,35.85527],[129.03272,35.85483],[129.03203,35.85447],[129.03208,35.85504],[129.0327,35.85496],[129.0331,35.85613],[129.03338,35.85644],[129.03346,35.85778],[129.03363,35.858],[129.03328,35.85879],[129.03346,35.85916],[129.03383,35.85942],[129.03377,35.86005],[129.03467,35.86072],[129.03466,35.8606]]]}},{"type":"Feature","id":"TN_RIVER_BNDRY:WTR0100000001PD2M","properties":{"NF_ID":"WTR0100000001PD2M","admin_code":"47130","source_layer":"TN_RIVER_BNDRY","semantic":"zone","river_class":"지방하천","river_class_source":"중심선 공간조인","river_name":"감존천","river_code":"2026990","survey_method":"사진측량"},"geometry":{"type":"Polygon","coordinates":[[[129.03798,35.81262],[129.0379,35.81291],[129.03849,35.81319],[129.03886,35.8137],[129.03885,35.81441],[129.03922,35.81551],[129.0389,35.81425],[129.03895,35.81364],[129.03862,35.81316],[129.03795,35.8128],[129.03798,35.81262]]]}},{"type":"Feature","id":"TN_RIVER_BNDRY:WTR0100000001PD3N","properties":{"NF_ID":"WTR0100000001PD3N","admin_code":"47130","source_layer":"TN_RIVER_BNDRY","semantic":"zone","river_class":"지방하천","river_class_source":"중심선 공간조인","river_name":"감존천","river_code":"2026990","survey_method":"사진측량"},"geometry":{"type":"Polygon","coordinates":[[[129.03798,35.81262],[129.0384,35.8123],[129.03837,35.81132],[129.03772,35.81157],[129.0379,35.81232],[129.03809,35.81234],[129.03798,35.81262]]]}},{"type":"Feature","id":"TN_RIVER_BNDRY:WTR0100000001PD4O","properties":{"NF_ID":"WTR0100000001PD4O","admin_code":"47130","source_layer":"TN_RIVER_BNDRY","semantic":"zone","river_class":"지방하천","river_class_source":"중심선 공간조인","river_name":"대천","river_code":"2021690","survey_method":"사진측량"},"geometry":{"type":"Polygon","coordinates":[[[129.05611,35.89348],[129.056,35.89313],[129.05547,35.89334],[129.05378,35.8935],[129.05271,35.89422],[129.05237,35.89426],[129.05186,35.8943],[129.0514,35.89403],[129.05081,35.89396],[129.04894,35.8948],[129.04768,35.89516],[129.04837,35.89519],[129.05059,35.89422],[129.0525,35.89448],[129.05391,35.89371],[129.05507,35.89349],[129.05611,35.89348]]]}},{"type":"Feature","id":"TN_RIVER_BNDRY:WTR0100000001PD5P","properties":{"NF_ID":"WTR0100000001PD5P","admin_code":"47130","source_layer":"TN_RIVER_BNDRY","semantic":"zone","river_class":"소하천","river_class_source":"중심선 공간조인","survey_method":"사진측량"},"geometry":{"type":"Polygon","coordinates":[[[129.06336,35.89032],[129.06345,35.89019],[129.06171,35.89029],[129.06,35.88979],[129.05669,35.8897],[129.05593,35.88987],[129.05538,35.88963],[129.05405,35.89002],[129.05347,35.8894],[129.0525,35.88941],[129.05203,35.88921],[129.05108,35.88795],[129.05104,35.88713],[129.05163,35.88651],[129.05151,35.88616],[129.05264,35.88585],[129.05233,35.88506],[129.05252,35.88467],[129.05296,35.88438],[129.05328,35.88384],[129.05375,35.88377],[129.05429,35.88322],[129.05481,35.88317],[129.05513,35.88264],[129.05582,35.88219],[129.05675,35.88107],[129.05742,35.88071],[129.05775,35.87977],[129.05775,35.87908],[129.05852,35.8784],[129.05855,35.87784],[129.0582,35.87769],[129.05809,35.87745],[129.05863,35.87714],[129.05874,35.87687],[129.05876,35.87536],[129.05841,35.87483],[129.05795,35.87452],[129.05722,35.8725],[129.05787,35.87447],[129.05832,35.87488],[129.05872,35.8756],[129.05879,35.87624],[129.05864,35.87698],[129.05804,35.87743],[129.0581,35.87769],[129.0585,35.87786],[129.05845,35.87839],[129.05769,35.87904],[129.05769,35.87981],[129.05733,35.88067],[129.057,35.88077],[129.05641,35.88128],[129.05584,35.88205],[129.05501,35.88264],[129.0548,35.88309],[129.05427,35.88318],[129.05365,35.88376],[129.05318,35.88379],[129.05289,35.88433],[129.05239,35.88472],[129.05229,35.8852],[129.05257,35.88584],[129.05145,35.88613],[129.05154,35.88649],[129.05097,35.88708],[129.05102,35.88803],[129.05198,35.88925],[129.05248,35.88949],[129.0534,35.88944],[129.05411,35.8901],[129.05531,35.8897],[129.05592,35.88994],[129.05749,35.88975],[129.05835,35.88988],[129.05982,35.88983],[129.06171,35.89036],[129.06336,35.89032]]]}},{"type":"Feature","id":"TN_RIVER_BNDRY:WTR0100000001PD6Q","properties":{"NF_ID":"WTR0100000001PD6Q","admin_code":"47130","source_layer":"TN_RIVER_BNDRY","semantic":"zone","river_class":"지방하천","river_class_source":"중심선 공간조인","river_name":"대천","river_code":"2021690","survey_method":"사진측량"},"geometry":{"type":"Polygon","coordinates":[[[129.04303,35.88837],[129.04287,35.88827],[129.04283,35.88851],[129.043,35.88858],[129.04303,35.88837]]]}},{"type":"Feature","id":"TN_RIVER_BNDRY:WTR0100000001PD7R","properties":{"NF_ID":"WTR0100000001PD7R","admin_code":"47130","source_layer":"TN_RIVER_BNDRY","semantic":"zone","river_class":"소하천","river_class_source":"중심선 공간조인","survey_method":"사진측량"},"geometry":{"type":"Polygon","coordinates":[[[129.04287,35.88827],[129.04303,35.88837],[129.04304,35.88745],[129.04393,35.88668],[129.04473,35.88785],[129.04603,35.88836],[129.04621,35.88828],[129.04676,35.88764],[129.04631,35.88717],[129.04623,35.88655],[129.04574,35.88595],[129.04376,35.8866],[129.04297,35.88744],[129.04287,35.88827]]]}},{"type":"Feature","id":"TN_RIVER_BNDRY:WTR0100000001PD8S","properties":{"NF_ID":"WTR0100000001PD8S","admin_code":"47130","source_layer":"TN_RIVER_BNDRY","semantic":"zone","river_class":"지방하천","river_class_source":"중심선 공간조인","river_name":"대천","river_code":"2021690","survey_method":"사진측량"},"geometry":{"type":"Polygon","coordinates":[[[129.04768,35.89516],[129.0477,35.895],[129.04753,35.89513],[129.04768,35.89516]]]}},{"type":"Feature","id":"TN_RIVER_BNDRY:WTR0100000001PD9T","properties":{"NF_ID":"WTR0100000001PD9T","admin_code":"47130","source_layer":"TN_RIVER_BNDRY","semantic":"zone","river_class":"지방하천","river_class_source":"중심선 공간조인","river_name":"대천","river_code":"2021690","survey_method":"사진측량"},"geometry":{"type":"Polygon","coordinates":[[[129.0477,35.895],[129.04758,35.89484],[129.04784,35.89375],[129.04766,35.89291],[129.04709,35.89251],[129.04553,35.89263],[129.04474,35.89244],[129.04395,35.89085],[129.04414,35.88975],[129.04399,35.88906],[129.04303,35.88837],[129.043,35.88858],[129.04345,35.8888],[129.04384,35.88952],[129.04376,35.89084],[129.04469,35.89264],[129.04562,35.89283],[129.04716,35.89274],[129.04761,35.89337],[129.04743,35.89491],[129.04753,35.89513],[129.0477,35.895]]]}},{"type":"Feature","id":"TN_RIVER_BNDRY:WTR0100000001PDAU","properties":{"NF_ID":"WTR0100000001PDAU","admin_code":"47130","source_layer":"TN_RIVER_BNDRY","semantic":"zone","river_class":"소하천","river_class_source":"중심선 공간조인","survey_method":"사진측량"},"geometry":{"type":"Polygon","coordinates":[[[129.04758,35.89519],[129.04718,35.8954],[129.04707,35.89594],[129.04725,35.89613],[129.04675,35.89635],[129.04618,35.89699],[129.04542,35.89707],[129.04489,35.89754],[129.04547,35.89714],[129.0462,35.89709],[129.04678,35.89638],[129.04729,35.89617],[129.04713,35.89586],[129.04725,35.89542],[129.04758,35.89519]]]}},{"type":"Feature","id":"TN_RIVER_BNDRY:WTR0100000001PDBV","properties":{"NF_ID":"WTR0100000001PDBV","admin_code":"47130","source_layer":"TN_RIVER_BNDRY","semantic":"zone","river_class":"소하천","river_class_source":"중심선 공간조인","survey_method":"사진측량"},"geometry":{"type":"Polygon","coordinates":[[[129.04941,35.88774],[129.05029,35.88792],[129.04954,35.88763],[129.04783,35.88805],[129.04842,35.88806],[129.04941,35.88774]]]}},{"type":"Feature","id":"TN_RIVER_BNDRY:WTR0100000001PDDX","properties":{"NF_ID":"WTR0100000001PDDX","admin_code":"47130","source_layer":"TN_RIVER_BNDRY","semantic":"zone","river_class":"지방하천","river_class_source":"중심선 공간조인","river_name":"심곡천","river_code":"1520300","survey_method":"사진측량"},"geometry":{"type":"Polygon","coordinates":[[[129.05757,35.90636],[129.05747,35.90629],[129.05724,35.90648],[129.05734,35.90655],[129.05757,35.90636]]]}},{"type":"Feature","id":"TN_RIVER_BNDRY:WTR0100000001PDEY","properties":{"NF_ID":"WTR0100000001PDEY","admin_code":"47130","source_layer":"TN_RIVER_BNDRY","semantic":"zone","river_class":"소하천","river_class_source":"중심선 공간조인","survey_method":"사진측량"},"geometry":{"type":"Polygon","coordinates":[[[129.05764,35.90627],[129.0584,35.90609],[129.0587,35.90577],[129.05916,35.90599],[129.05944,35.90577],[129.05916,35.9059],[129.05865,35.9057],[129.05833,35.90603],[129.05792,35.90607],[129.05764,35.90627]]]}},{"type":"Feature","id":"TN_RIVER_BNDRY:WTR0100000001PDFZ","properties":{"NF_ID":"WTR0100000001PDFZ","admin_code":"47130","source_layer":"TN_RIVER_BNDRY","semantic":"zone","river_class":"지방하천","river_class_source":"중심선 공간조인","river_name":"심곡천","river_code":"1520300","survey_method":"사진측량"},"geometry":{"type":"Polygon","coordinates":[[[129.07305,35.92364],[129.07289,35.92365],[129.07291,35.92367],[129.07308,35.92368],[129.07305,35.92364]]]}},{"type":"Feature","id":"TN_RIVER_BNDRY:WTR0100000001PDG0","properties":{"NF_ID":"WTR0100000001PDG0","admin_code":"47130","source_layer":"TN_RIVER_BNDRY","semantic":"zone","river_class":"지방하천","river_class_source":"중심선 공간조인","river_name":"대천","river_code":"2021690","survey_method":"사진측량"},"geometry":{"type":"Polygon","coordinates":[[[129.0718,35.88176],[129.07144,35.88145],[129.07135,35.88158],[129.07169,35.88187],[129.0718,35.88176]]]}},{"type":"Feature","id":"TN_RIVER_BNDRY:WTR0100000001PDH1","properties":{"NF_ID":"WTR0100000001PDH1","admin_code":"47130","source_layer":"TN_RIVER_BNDRY","semantic":"zone","river_class":"소하천","river_class_source":"중심선 공간조인","survey_method":"사진측량"},"geometry":{"type":"Polygon","coordinates":[[[129.07307,35.88732],[129.07274,35.8869],[129.07286,35.88646],[129.07274,35.88514],[129.07218,35.88395],[129.07282,35.88331],[129.07305,35.88265],[129.0718,35.88176],[129.07175,35.88193],[129.07283,35.88277],[129.07265,35.88324],[129.07193,35.88375],[129.07255,35.88515],[129.07267,35.88704],[129.07307,35.88732]]]}},{"type":"Feature","id":"TN_RIVER_BNDRY:WTR0100000001PDI2","properties":{"NF_ID":"WTR0100000001PDI2","admin_code":"47130","source_layer":"TN_RIVER_BNDRY","semantic":"zone","river_class":"지방하천","river_class_source":"중심선 공간조인","river_name":"대천","river_code":"2021690","survey_method":"사진측량"},"geometry":{"type":"Polygon","coordinates":[[[129.0638,35.89047],[129.06336,35.89032],[129.06303,35.89112],[129.06217,35.89188],[129.06056,35.89218],[129.05748,35.89222],[129.057,35.89239],[129.05645,35.89287],[129.05667,35.8932],[129.05689,35.89287],[129.0584,35.89247],[129.06036,35.8924],[129.06232,35.89208],[129.06296,35.89173],[129.0638,35.89047]]]}},{"type":"Feature","id":"TN_RIVER_BNDRY:WTR0100000001PDJ3","properties":{"NF_ID":"WTR0100000001PDJ3","admin_code":"47130","source_layer":"TN_RIVER_BNDRY","semantic":"zone","river_class":"지방하천","river_class_source":"중심선 공간조인","river_name":"대천","river_code":"2021690","survey_method":"사진측량"},"geometry":{"type":"Polygon","coordinates":[[[129.06402,35.89035],[129.06345,35.89019],[129.06336,35.89032],[129.0638,35.89047],[129.06402,35.89035]]]}},{"type":"Feature","id":"TN_RIVER_BNDRY:WTR0100000001PDK4","properties":{"NF_ID":"WTR0100000001PDK4","admin_code":"47130","source_layer":"TN_RIVER_BNDRY","semantic":"zone","river_class":"지방하천","river_class_source":"중심선 공간조인","river_name":"대천","river_code":"2021690","survey_method":"사진측량"},"geometry":{"type":"Polygon","coordinates":[[[129.05667,35.8932],[129.05645,35.89287],[129.05611,35.89316],[129.05611,35.89348],[129.05667,35.8932]]]}},{"type":"Feature","id":"TN_RIVER_BNDRY:WTR0100000001PDL5","properties":{"NF_ID":"WTR0100000001PDL5","admin_code":"47130","source_layer":"TN_RIVER_BNDRY","semantic":"zone","river_class":"지방하천","river_class_source":"중심선 공간조인","river_name":"대천","river_code":"2021690","survey_method":"사진측량"},"geometry":{"type":"Polygon","coordinates":[[[129.07169,35.88187],[129.07135,35.88158],[129.06887,35.88358],[129.06694,35.88563],[129.06583,35.88637],[129.06567,35.88706],[129.06581,35.88862],[129.06345,35.89019],[129.06402,35.89035],[129.06577,35.88918],[129.06617,35.88906],[129.06635,35.88838],[129.06592,35.88719],[129.06626,35.8865],[129.06752,35.88572],[129.06838,35.88491],[129.06906,35.88393],[129.07169,35.88187]]]}},{"type":"Feature","id":"TN_RIVER_BNDRY:WTR0100000001PDM6","properties":{"NF_ID":"WTR0100000001PDM6","admin_code":"47130","source_layer":"TN_RIVER_BNDRY","semantic":"zone","river_class":"소하천","river_class_source":"중심선 공간조인","survey_method":"사진측량"},"geometry":{"type":"Polygon","coordinates":[[[129.07315,35.88737],[129.07313,35.88736],[129.07312,35.88735],[129.07307,35.88732],[129.07305,35.88737],[129.07314,35.88741],[129.07315,35.88737]]]}},{"type":"Feature","id":"TN_RIVER_BNDRY:WTR0100000001PDN7","properties":{"NF_ID":"WTR0100000001PDN7","admin_code":"47130","source_layer":"TN_RIVER_BNDRY","semantic":"zone","river_class":"지방하천","river_class_source":"중심선 공간조인","river_name":"심곡천","river_code":"1520300","survey_method":"사진측량"},"geometry":{"type":"Polygon","coordinates":[[[129.07305,35.92364],[129.07236,35.92303],[129.07022,35.92224],[129.07011,35.92241],[129.07215,35.92307],[129.07305,35.92364]]]}},{"type":"Feature","id":"TN_RIVER_BNDRY:WTR0100000001PDO8","properties":{"NF_ID":"WTR0100000001PDO8","admin_code":"47130","source_layer":"TN_RIVER_BNDRY","semantic":"zone","river_class":"지방하천","river_class_source":"중심선 공간조인","river_name":"심곡천","river_code":"1520300","survey_method":"사진측량"},"geometry":{"type":"Polygon","coordinates":[[[129.07022,35.92224],[129.06987,35.92215],[129.06982,35.92232],[129.07011,35.92241],[129.07022,35.92224]]]}},{"type":"Feature","id":"TN_RIVER_BNDRY:WTR0100000001PDP9","properties":{"NF_ID":"WTR0100000001PDP9","admin_code":"47130","source_layer":"TN_RIVER_BNDRY","semantic":"zone","river_class":"지방하천","river_class_source":"중심선 공간조인","river_name":"심곡천","river_code":"1520300","survey_method":"사진측량"},"geometry":{"type":"Polygon","coordinates":[[[129.05747,35.90629],[129.05496,35.90524],[129.05463,35.90465],[129.05495,35.90307],[129.0547,35.90197],[129.05543,35.90074],[129.05636,35.89724],[129.05625,35.89489],[129.05647,35.89336],[129.05667,35.8932],[129.05611,35.89348],[129.05591,35.89494],[129.05597,35.89717],[129.05513,35.90042],[129.05443,35.90176],[129.05466,35.90311],[129.05434,35.90454],[129.05444,35.90502],[129.05483,35.90544],[129.05724,35.90648],[129.05747,35.90629]]]}},{"type":"Feature","id":"TN_RIVER_BNDRY:WTR0100000001PDQA","properties":{"NF_ID":"WTR0100000001PDQA","admin_code":"47130","source_layer":"TN_RIVER_BNDRY","semantic":"zone","river_class":"지방하천","river_class_source":"중심선 공간조인","river_name":"심곡천","river_code":"1520300","survey_method":"사진측량"},"geometry":{"type":"Polygon","coordinates":[[[129.06982,35.92232],[129.06987,35.92215],[129.06838,35.92131],[129.06789,35.9213],[129.06689,35.9216],[129.06583,35.92069],[129.065,35.92036],[129.06248,35.91789],[129.06231,35.9174],[129.06171,35.91664],[129.0603,35.91569],[129.05963,35.91497],[129.05856,35.91219],[129.05918,35.91212],[129.05915,35.91188],[129.05874,35.91165],[129.05871,35.91119],[129.05846,35.91078],[129.05745,35.91061],[129.05717,35.91003],[129.05713,35.90916],[129.05766,35.90803],[129.05792,35.90684],[129.05764,35.90627],[129.05734,35.90655],[129.05744,35.90692],[129.0573,35.90778],[129.05673,35.90915],[129.05701,35.91039],[129.0574,35.91065],[129.05745,35.91131],[129.05676,35.91136],[129.05638,35.91122],[129.05635,35.91078],[129.05511,35.90964],[129.0546,35.90991],[129.05374,35.91105],[129.05411,35.91204],[129.05464,35.91287],[129.05486,35.91398],[129.05532,35.91445],[129.05587,35.91551],[129.05663,35.91609],[129.05784,35.91738],[129.05905,35.91777],[129.0593,35.91801],[129.06085,35.91841],[129.06127,35.91893],[129.06163,35.91996],[129.06232,35.92021],[129.06306,35.92074],[129.06299,35.92094],[129.06332,35.92108],[129.06359,35.9214],[129.06357,35.92169],[129.06395,35.92185],[129.06392,35.92201],[129.06433,35.92243],[129.06594,35.92276],[129.06565,35.92291],[129.06586,35.923],[129.06684,35.92304],[129.06655,35.92282],[129.0668,35.92271],[129.06704,35.92298],[129.0676,35.9229],[129.06867,35.9232],[129.06946,35.92302],[129.06949,35.92227],[129.06982,35.92232]]]}},{"type":"Feature","id":"TN_RIVER_BNDRY:WTR0100000001PDRB","properties":{"NF_ID":"WTR0100000001PDRB","admin_code":"47130","source_layer":"TN_RIVER_BNDRY","semantic":"zone","river_class":"소하천","river_class_source":"중심선 공간조인","survey_method":"사진측량"},"geometry":{"type":"Polygon","coordinates":[[[129.07314,35.88741],[129.07293,35.88786],[129.07239,35.88798],[129.07248,35.88838],[129.07264,35.88851],[129.07304,35.88848],[129.07315,35.88914],[129.07406,35.88907],[129.07459,35.88987],[129.07455,35.89016],[129.07406,35.89065],[129.07398,35.89124],[129.07362,35.89176],[129.07393,35.89272],[129.07428,35.89298],[129.07445,35.89335],[129.07427,35.89398],[129.07385,35.89436],[129.07402,35.89466],[129.07393,35.89537],[129.07411,35.8958],[129.07382,35.89623],[129.07432,35.89631],[129.07468,35.89663],[129.07549,35.89658],[129.07502,35.89751],[129.07496,35.89855],[129.07526,35.89908],[129.07502,35.89861],[129.07508,35.89756],[129.07555,35.89682],[129.07545,35.89547],[129.07512,35.89442],[129.07392,35.89441],[129.07434,35.89401],[129.0745,35.89325],[129.07397,35.89268],[129.07366,35.89185],[129.07405,35.89119],[129.07412,35.89066],[129.07467,35.88995],[129.07411,35.88904],[129.07317,35.88906],[129.07311,35.88841],[129.0727,35.88844],[129.07252,35.88831],[129.07249,35.88802],[129.07299,35.88789],[129.07314,35.88741]]]}},{"type":"Feature","id":"TN_RIVER_BNDRY:WTR0100000001PDSC","properties":{"NF_ID":"WTR0100000001PDSC","admin_code":"47130","source_layer":"TN_RIVER_BNDRY","semantic":"zone","river_class":"소하천","river_class_source":"중심선 공간조인","survey_method":"사진측량"},"geometry":{"type":"Polygon","coordinates":[[[129.07305,35.92364],[129.07401,35.92384],[129.07478,35.92379],[129.0749,35.92337],[129.07566,35.9232],[129.0761,35.92327],[129.0765,35.92307],[129.07488,35.9233],[129.07478,35.92374],[129.074,35.92379],[129.07305,35.92364]]]}},{"type":"Feature","id":"TN_RIVER_BNDRY:WTR0100000001PDTD","properties":{"NF_ID":"WTR0100000001PDTD","admin_code":"47130","source_layer":"TN_RIVER_BNDRY","semantic":"zone","river_class":"지방하천","river_class_source":"중심선 공간조인","river_name":"대천","river_code":"2021690","survey_method":"사진측량"},"geometry":{"type":"Polygon","coordinates":[[[129.09102,35.86526],[129.09115,35.86458],[129.08932,35.86502],[129.08927,35.86516],[129.08918,35.86507],[129.08778,35.8658],[129.08831,35.86624],[129.0895,35.86569],[129.08947,35.86557],[129.08962,35.86564],[129.09102,35.86526]]]}},{"type":"Feature","id":"TN_RIVER_BNDRY:WTR0100000001PDUE","properties":{"NF_ID":"WTR0100000001PDUE","admin_code":"47130","source_layer":"TN_RIVER_BNDRY","semantic":"zone","river_class":"지방하천","river_class_source":"중심선 공간조인","river_name":"대천","river_code":"2021690","survey_method":"사진측량"},"geometry":{"type":"Polygon","coordinates":[[[129.09109,35.86524],[129.09136,35.86454],[129.09115,35.86458],[129.09109,35.86524]]]}},{"type":"Feature","id":"TN_RIVER_BNDRY:WTR0100000001PDVF","properties":{"NF_ID":"WTR0100000001PDVF","admin_code":"47130","source_layer":"TN_RIVER_BNDRY","semantic":"zone","river_class":"지방하천","river_class_source":"중심선 공간조인","river_name":"건천","river_code":"2120090","survey_method":"사진측량"},"geometry":{"type":"Polygon","coordinates":[[[129.08191,35.83552],[129.08164,35.83553],[129.08166,35.83564],[129.08198,35.8357],[129.08191,35.83552]]]}},{"type":"Feature","id":"TN_RIVER_BNDRY:WTR0100000001PDWG","properties":{"NF_ID":"WTR0100000001PDWG","admin_code":"47130","source_layer":"TN_RIVER_BNDRY","semantic":"zone","river_class":"지방하천","river_class_source":"중심선 공간조인","river_name":"건천","river_code":"2120090","survey_method":"사진측량"},"geometry":{"type":"Polygon","coordinates":[[[129.08191,35.83552],[129.08186,35.83505],[129.08163,35.83473],[129.07941,35.83356],[129.07842,35.83273],[129.0776,35.83114],[129.07717,35.83074],[129.07703,35.83087],[129.07725,35.83102],[129.07781,35.83222],[129.07862,35.83327],[129.07934,35.83385],[129.08112,35.83468],[129.08146,35.83496],[129.08164,35.83553],[129.08191,35.83552]]]}},{"type":"Feature","id":"TN_RIVER_BNDRY:WTR0100000001PDXH","properties":{"NF_ID":"WTR0100000001PDXH","admin_code":"47130","source_layer":"TN_RIVER_BNDRY","semantic":"zone","river_class":"소하천","river_class_source":"중심선 공간조인","survey_method":"사진측량"},"geometry":{"type":"Polygon","coordinates":[[[129.08302,35.9132],[129.08287,35.91313],[129.08284,35.91318],[129.08298,35.91324],[129.083,35.91322],[129.08302,35.9132]]]}},{"type":"Feature","id":"TN_RIVER_BNDRY:WTR0100000001PDYI","properties":{"NF_ID":"WTR0100000001PDYI","admin_code":"47130","source_layer":"TN_RIVER_BNDRY","semantic":"zone","river_class":"소하천","river_class_source":"중심선 공간조인","survey_method":"사진측량"},"geometry":{"type":"Polygon","coordinates":[[[129.08302,35.9132],[129.08326,35.91339],[129.08399,35.91329],[129.08484,35.91356],[129.08573,35.91359],[129.08603,35.9134],[129.08766,35.91361],[129.0887,35.91355],[129.0894,35.91384],[129.08994,35.91377],[129.09077,35.91338],[129.09142,35.9134],[129.0928,35.91287],[129.09313,35.91327],[129.09408,35.91288],[129.0932,35.91269],[129.09142,35.91333],[129.09076,35.91332],[129.08995,35.91372],[129.08943,35.9138],[129.08872,35.9135],[129.08754,35.91356],[129.086,35.91336],[129.0856,35.91357],[129.08484,35.91352],[129.08402,35.91326],[129.08332,35.91337],[129.08302,35.9132]]]}},{"type":"Feature","id":"TN_RIVER_BNDRY:WTR0100000001PDZJ","properties":{"NF_ID":"WTR0100000001PDZJ","admin_code":"47130","source_layer":"TN_RIVER_BNDRY","semantic":"zone","river_class":"소하천","river_class_source":"중심선 공간조인","survey_method":"사진측량"},"geometry":{"type":"Polygon","coordinates":[[[129.08287,35.91313],[129.08302,35.9132],[129.08399,35.91211],[129.08469,35.91178],[129.08493,35.9114],[129.08477,35.91043],[129.08551,35.90966],[129.08576,35.9082],[129.08653,35.90709],[129.08684,35.90634],[129.08672,35.90606],[129.08767,35.90653],[129.08829,35.90578],[129.08831,35.90534],[129.08907,35.9047],[129.08905,35.90436],[129.0868,35.90583],[129.08643,35.90591],[129.08665,35.90642],[129.0865,35.90694],[129.08564,35.90823],[129.08542,35.90969],[129.08468,35.91039],[129.08477,35.91131],[129.08452,35.91172],[129.08387,35.91207],[129.08287,35.91313]]]}},{"type":"Feature","id":"TN_RIVER_BNDRY:WTR0100000001PE0L","properties":{"NF_ID":"WTR0100000001PE0L","admin_code":"47130","source_layer":"TN_RIVER_BNDRY","semantic":"zone","river_class":"소하천","river_class_source":"중심선 공간조인","survey_method":"사진측량"},"geometry":{"type":"Polygon","coordinates":[[[129.07784,35.887],[129.0779,35.88705],[129.0779,35.88704],[129.0779,35.88703],[129.0779,35.88702],[129.07792,35.88698],[129.07798,35.8869],[129.07803,35.88681],[129.07802,35.88679],[129.078,35.88679],[129.07798,35.88679],[129.07795,35.88679],[129.07794,35.88683],[129.07791,35.88688],[129.07786,35.88698],[129.07784,35.887]]]}},{"type":"Feature","id":"TN_RIVER_BNDRY:WTR0100000001PE1M","properties":{"NF_ID":"WTR0100000001PE1M","admin_code":"47130","source_layer":"TN_RIVER_BNDRY","semantic":"zone","river_class":"소하천","river_class_source":"중심선 공간조인","survey_method":"사진측량"},"geometry":{"type":"Polygon","coordinates":[[[129.0779,35.88705],[129.07784,35.887],[129.0778,35.88702],[129.07774,35.88704],[129.0778,35.88709],[129.0779,35.88705]]]}},{"type":"Feature","id":"TN_RIVER_BNDRY:WTR0100000001PE2N","properties":{"NF_ID":"WTR0100000001PE2N","admin_code":"47130","source_layer":"TN_RIVER_BNDRY","semantic":"zone","river_class":"소하천","river_class_source":"중심선 공간조인","survey_method":"사진측량"},"geometry":{"type":"Polygon","coordinates":[[[129.0779,35.88705],[129.07896,35.88757],[129.07984,35.88858],[129.07901,35.88749],[129.0779,35.88705]]]}},{"type":"Feature","id":"TN_RIVER_BNDRY:WTR0100000001PE3O","properties":{"NF_ID":"WTR0100000001PE3O","admin_code":"47130","source_layer":"TN_RIVER_BNDRY","semantic":"zone","river_class":"소하천","river_class_source":"중심선 공간조인","survey_method":"사진측량"},"geometry":{"type":"Polygon","coordinates":[[[129.09109,35.86524],[129.09082,35.8655],[129.09049,35.86755],[129.09237,35.86901],[129.09369,35.86867],[129.09371,35.86902],[129.09372,35.86862],[129.09239,35.86898],[129.09053,35.86753],[129.09087,35.86551],[129.09109,35.86524]]]}},{"type":"Feature","id":"TN_RIVER_BNDRY:WTR0100000001PE4P","properties":{"NF_ID":"WTR0100000001PE4P","admin_code":"47130","source_layer":"TN_RIVER_BNDRY","semantic":"zone","river_class":"소하천","river_class_source":"중심선 공간조인","survey_method":"사진측량"},"geometry":{"type":"Polygon","coordinates":[[[129.08436,35.86488],[129.08493,35.86526],[129.08576,35.8655],[129.08436,35.86488]]]}},{"type":"Feature","id":"TN_RIVER_BNDRY:WTR0100000001PE5Q","properties":{"NF_ID":"WTR0100000001PE5Q","admin_code":"47130","source_layer":"TN_RIVER_BNDRY","semantic":"zone","river_class":"소하천","river_class_source":"중심선 공간조인","survey_method":"사진측량"},"geometry":{"type":"Polygon","coordinates":[[[129.08778,35.8658],[129.08726,35.86535],[129.08661,35.86545],[129.08734,35.86542],[129.08778,35.8658]]]}},{"type":"Feature","id":"TN_RIVER_BNDRY:WTR0100000001PE6R","properties":{"NF_ID":"WTR0100000001PE6R","admin_code":"47130","source_layer":"TN_RIVER_BNDRY","semantic":"zone","river_class":"지방하천","river_class_source":"중심선 공간조인","river_name":"대천","river_code":"2021690","survey_method":"사진측량"},"geometry":{"type":"Polygon","coordinates":[[[129.08831,35.86624],[129.08774,35.86582],[129.0882,35.86632],[129.08831,35.86624]]]}},{"type":"Feature","id":"TN_RIVER_BNDRY:WTR0100000001PE7S","properties":{"NF_ID":"WTR0100000001PE7S","admin_code":"47130","source_layer":"TN_RIVER_BNDRY","semantic":"zone","river_class":"소하천","river_class_source":"중심선 공간조인","survey_method":"사진측량"},"geometry":{"type":"Polygon","coordinates":[[[129.09879,35.89683],[129.09879,35.89683],[129.09879,35.89683],[129.09893,35.89675],[129.09894,35.89675],[129.09912,35.8966],[129.09917,35.89656],[129.09943,35.89633],[129.09945,35.89631],[129.09954,35.89625],[129.09955,35.89625],[129.09962,35.89621],[129.09962,35.89621],[129.09962,35.8962],[129.09957,35.89614],[129.09955,35.89614],[129.09954,35.89615],[129.09948,35.8962],[129.09948,35.8962],[129.09948,35.8962],[129.09943,35.89627],[129.09942,35.89628],[129.0994,35.8963],[129.09911,35.89651],[129.09906,35.89654],[129.09887,35.8967],[129.09887,35.89671],[129.09877,35.8968],[129.09877,35.89681],[129.09876,35.89681],[129.09871,35.89681],[129.0987,35.89682],[129.09867,35.89682],[129.09864,35.89685],[129.09864,35.89686],[129.09864,35.89686],[129.09864,35.89687],[129.0987,35.89692],[129.09871,35.89692],[129.09871,35.89692],[129.09874,35.8969],[129.09877,35.89687],[129.09879,35.89683],[129.09879,35.89683]]]}},{"type":"Feature","id":"TN_RIVER_BNDRY:WTR0100000001PF5R","properties":{"NF_ID":"WTR0100000001PF5R","admin_code":"47130","source_layer":"TN_RIVER_BNDRY","semantic":"zone","river_class":"소하천","river_class_source":"중심선 공간조인","survey_method":"사진측량"},"geometry":{"type":"Polygon","coordinates":[[[129.12217,35.98458],[129.12209,35.98459],[129.1221,35.98467],[129.12218,35.98467],[129.12217,35.98458]]]}},{"type":"Feature","id":"TN_RIVER_BNDRY:WTR0100000001PF6S","properties":{"NF_ID":"WTR0100000001PF6S","admin_code":"47130","source_layer":"TN_RIVER_BNDRY","semantic":"zone","river_class":"소하천","river_class_source":"중심선 공간조인","survey_method":"사진측량"},"geometry":{"type":"Polygon","coordinates":[[[129.1221,35.98467],[129.12209,35.98459],[129.12208,35.9846],[129.12179,35.98461],[129.12151,35.98464],[129.12141,35.98466],[129.12134,35.98468],[129.12133,35.98469],[129.12133,35.98469],[129.12133,35.9847],[129.12133,35.98471],[129.12134,35.98471],[129.12134,35.98472],[129.12136,35.98472],[129.12137,35.98472],[129.1214,35.98472],[129.12176,35.98467],[129.1221,35.98467]]]}},{"type":"Feature","id":"TN_RIVER_BNDRY:WTR0100000001PF7T","properties":{"NF_ID":"WTR0100000001PF7T","admin_code":"47130","source_layer":"TN_RIVER_BNDRY","semantic":"zone","river_class":"소하천","river_class_source":"중심선 공간조인","survey_method":"사진측량"},"geometry":{"type":"Polygon","coordinates":[[[129.1253,35.98569],[129.12519,35.98566],[129.12517,35.98572],[129.12525,35.98574],[129.12527,35.98572],[129.1253,35.98569]]]}},{"type":"Feature","id":"TN_RIVER_BNDRY:WTR0100000001PF8U","properties":{"NF_ID":"WTR0100000001PF8U","admin_code":"47130","source_layer":"TN_RIVER_BNDRY","semantic":"zone","river_class":"지방하천","river_class_source":"중심선 공간조인","river_name":"야일천","river_code":"2120220","survey_method":"사진측량"},"geometry":{"type":"Polygon","coordinates":[[[129.14047,35.97748],[129.14019,35.97741],[129.1404,35.97759],[129.14047,35.97748]]]}},{"type":"Feature","id":"TN_RIVER_BNDRY:WTR0100000001PF9V","properties":{"NF_ID":"WTR0100000001PF9V","admin_code":"47130","source_layer":"TN_RIVER_BNDRY","semantic":"zone","river_class":"소하천","river_class_source":"중심선 공간조인","survey_method":"사진측량"},"geometry":{"type":"Polygon","coordinates":[[[129.12519,35.98566],[129.12268,35.98505],[129.1221,35.98467],[129.12236,35.98503],[129.12304,35.98527],[129.12519,35.98566]]]}},{"type":"Feature","id":"TN_RIVER_BNDRY:WTR0100000001PFAW","properties":{"NF_ID":"WTR0100000001PFAW","admin_code":"47130","source_layer":"TN_RIVER_BNDRY","semantic":"zone","river_class":"소하천","river_class_source":"중심선 공간조인","survey_method":"사진측량"},"geometry":{"type":"Polygon","coordinates":[[[129.1485,35.89764],[129.14751,35.89709],[129.14718,35.89651],[129.14721,35.89612],[129.14658,35.89545],[129.14661,35.89493],[129.14584,35.89453],[129.14658,35.89498],[129.14649,35.89547],[129.14713,35.8961],[129.14707,35.89649],[129.14733,35.89701],[129.14835,35.89772],[129.1485,35.89764]]]}},{"type":"Feature","id":"TN_RIVER_BNDRY:WTR0100000001PFBX","properties":{"NF_ID":"WTR0100000001PFBX","admin_code":"47130","source_layer":"TN_RIVER_BNDRY","semantic":"zone","river_class":"지방하천","river_class_source":"중심선 공간조인","river_name":"사박천","river_code":"2120210","survey_method":"사진측량"},"geometry":{"type":"Polygon","coordinates":[[[129.14408,35.97869],[129.14395,35.97856],[129.14363,35.97869],[129.14408,35.97869]]]}},{"type":"Feature","id":"TN_RIVER_BNDRY:WTR0100000001PFCY","properties":{"NF_ID":"WTR0100000001PFCY","admin_code":"47130","source_layer":"TN_RIVER_BNDRY","semantic":"zone","river_class":"지방하천","river_class_source":"중심선 공간조인","river_name":"야일천","river_code":"2120220","survey_method":"사진측량"},"geometry":{"type":"Polygon","coordinates":[[[129.14395,35.97856],[129.14047,35.97748],[129.1404,35.97759],[129.14363,35.97869],[129.14395,35.97856]]]}},{"type":"Feature","id":"TN_RIVER_BNDRY:WTR0100000001PFE0","properties":{"NF_ID":"WTR0100000001PFE0","admin_code":"47130","source_layer":"TN_RIVER_BNDRY","semantic":"zone","river_class":"소하천","river_class_source":"중심선 공간조인","survey_method":"사진측량"},"geometry":{"type":"Polygon","coordinates":[[[129.1485,35.89764],[129.14894,35.89754],[129.14915,35.89719],[129.14913,35.89702],[129.14864,35.89687],[129.14853,35.89665],[129.14806,35.89712],[129.1481,35.89733],[129.1485,35.89764]]]}},{"type":"Feature","id":"TN_RIVER_BNDRY:WTR0100000001PFF1","properties":{"NF_ID":"WTR0100000001PFF1","admin_code":"47130","source_layer":"TN_RIVER_BNDRY","semantic":"zone","river_class":"소하천","river_class_source":"중심선 공간조인","survey_method":"사진측량"},"geometry":{"type":"Polygon","coordinates":[[[129.14854,35.89768],[129.1485,35.89764],[129.14843,35.89776],[129.14847,35.89777],[129.14848,35.89777],[129.14854,35.89768]]]}},{"type":"Feature","id":"TN_RIVER_BNDRY:WTR0100000001PFG2","properties":{"NF_ID":"WTR0100000001PFG2","admin_code":"47130","source_layer":"TN_RIVER_BNDRY","semantic":"zone","river_class":"지방하천","river_class_source":"중심선 공간조인","river_name":"제내천","river_code":"2120100","survey_method":"사진측량"},"geometry":{"type":"Polygon","coordinates":[[[129.11751,35.87655],[129.11751,35.87648],[129.11717,35.87647],[129.11725,35.87652],[129.11727,35.87656],[129.11751,35.87655]]]}},{"type":"Feature","id":"TN_RIVER_BNDRY:WTR0100000001PFH3","properties":{"NF_ID":"WTR0100000001PFH3","admin_code":"47130","source_layer":"TN_RIVER_BNDRY","semantic":"zone","river_class":"지방하천","river_class_source":"중심선 공간조인","river_name":"제내천","river_code":"2120100","survey_method":"사진측량"},"geometry":{"type":"Polygon","coordinates":[[[129.11751,35.87655],[129.1158,35.87737],[129.11506,35.87799],[129.11751,35.87655]]]}},{"type":"Feature","id":"TN_RIVER_BNDRY:WTR0100000001PFI4","properties":{"NF_ID":"WTR0100000001PFI4","admin_code":"47130","source_layer":"TN_RIVER_BNDRY","semantic":"zone","river_class":"지방하천","river_class_source":"중심선 공간조인","river_name":"제내천","river_code":"2120100","survey_method":"사진측량"},"geometry":{"type":"Polygon","coordinates":[[[129.11742,35.87475],[129.11726,35.87476],[129.11727,35.87485],[129.11742,35.87485],[129.11742,35.87475]]]}},{"type":"Feature","id":"TN_RIVER_BNDRY:WTR0100000001PFJ5","properties":{"NF_ID":"WTR0100000001PFJ5","admin_code":"47130","source_layer":"TN_RIVER_BNDRY","semantic":"zone","river_class":"소하천","river_class_source":"중심선 공간조인","survey_method":"사진측량"},"geometry":{"type":"Polygon","coordinates":[[[129.11457,35.86999],[129.11424,35.8699],[129.11419,35.86989],[129.11419,35.86992],[129.11399,35.86988],[129.11398,35.8699],[129.11416,35.86994],[129.11423,35.86995],[129.11428,35.86995],[129.11432,35.86995],[129.11439,35.86998],[129.1147,35.87005],[129.11511,35.87014],[129.11558,35.87027],[129.11593,35.87035],[129.11597,35.87035],[129.11597,35.87032],[129.11592,35.87031],[129.11564,35.87025],[129.11502,35.8701],[129.11457,35.86999]]]}},{"type":"Feature","id":"TN_RIVER_BNDRY:WTR0100000001PFK6","properties":{"NF_ID":"WTR0100000001PFK6","admin_code":"47130","source_layer":"TN_RIVER_BNDRY","semantic":"zone","river_class":"지방하천","river_class_source":"중심선 공간조인","river_name":"제내천","river_code":"2120100","survey_method":"사진측량"},"geometry":{"type":"Polygon","coordinates":[[[129.11742,35.87485],[129.11727,35.87485],[129.11726,35.87587],[129.11705,35.87639],[129.11717,35.87647],[129.11751,35.87648],[129.11742,35.87485]]]}},{"type":"Feature","id":"TN_RIVER_BNDRY:WTR0100000001PFL7","properties":{"NF_ID":"WTR0100000001PFL7","admin_code":"47130","source_layer":"TN_RIVER_BNDRY","semantic":"zone","river_class":"지방하천","river_class_source":"중심선 공간조인","river_name":"대천","river_code":"2021690","survey_method":"사진측량"},"geometry":{"type":"Polygon","coordinates":[[[129.11143,35.84986],[129.11104,35.84959],[129.10989,35.85012],[129.1103,35.85043],[129.11143,35.84986]]]}},{"type":"Feature","id":"TN_RIVER_BNDRY:WTR0100000001PFM8","properties":{"NF_ID":"WTR0100000001PFM8","admin_code":"47130","source_layer":"TN_RIVER_BNDRY","semantic":"zone","river_class":"지방하천","river_class_source":"중심선 공간조인","river_name":"칠평천","river_code":"2120200","survey_method":"사진측량"},"geometry":{"type":"Polygon","coordinates":[[[129.16374,35.98502],[129.16314,35.98447],[129.16284,35.98481],[129.16355,35.98568],[129.16374,35.98502]]]}},{"type":"Feature","id":"TN_RIVER_BNDRY:WTR0100000001PFN9","properties":{"NF_ID":"WTR0100000001PFN9","admin_code":"47130","source_layer":"TN_RIVER_BNDRY","semantic":"zone","river_class":"지방하천","river_class_source":"중심선 공간조인","river_name":"야일천","river_code":"2120220","survey_method":"사진측량"},"geometry":{"type":"Polygon","coordinates":[[[129.16314,35.98447],[129.16047,35.98272],[129.16026,35.98275],[129.15832,35.98184],[129.15822,35.98191],[129.16064,35.98323],[129.16284,35.98481],[129.16314,35.98447]]]}},{"type":"Feature","id":"TN_RIVER_BNDRY:WTR0100000001PFOA","properties":{"NF_ID":"WTR0100000001PFOA","admin_code":"47130","source_layer":"TN_RIVER_BNDRY","semantic":"zone","river_class":"지방하천","river_class_source":"중심선 공간조인","river_name":"칠평천","river_code":"2120200","survey_method":"사진측량"},"geometry":{"type":"Polygon","coordinates":[[[129.17015,35.96998],[129.16969,35.96988],[129.16948,35.97019],[129.16984,35.97038],[129.17015,35.96998]]]}},{"type":"Feature","id":"TN_RIVER_BNDRY:WTR0100000001PFPB","properties":{"NF_ID":"WTR0100000001PFPB","admin_code":"47130","source_layer":"TN_RIVER_BNDRY","semantic":"zone","river_class":"소하천","river_class_source":"중심선 공간조인","survey_method":"사진측량"},"geometry":{"type":"Polygon","coordinates":[[[129.11751,35.87648],[129.11921,35.8774],[129.11949,35.87792],[129.1196,35.87861],[129.12003,35.8789],[129.11964,35.87861],[129.11952,35.87788],[129.1192,35.87732],[129.11751,35.87648]]]}},{"type":"Feature","id":"TN_RIVER_BNDRY:WTR0100000001PFQC","properties":{"NF_ID":"WTR0100000001PFQC","admin_code":"47130","source_layer":"TN_RIVER_BNDRY","semantic":"zone","river_class":"소하천","river_class_source":"중심선 공간조인","survey_method":"사진측량"},"geometry":{"type":"Polygon","coordinates":[[[129.15867,35.8779],[129.15831,35.87797],[129.15828,35.87822],[129.15786,35.87838],[129.15828,35.87827],[129.15834,35.87801],[129.15867,35.8779]]]}},{"type":"Feature","id":"TN_RIVER_BNDRY:WTR0100000001PFRD","properties":{"NF_ID":"WTR0100000001PFRD","admin_code":"47130","source_layer":"TN_RIVER_BNDRY","semantic":"zone","river_class":"소하천","river_class_source":"중심선 공간조인","survey_method":"사진측량"},"geometry":{"type":"Polygon","coordinates":[[[129.15932,35.8753],[129.1593,35.8753],[129.15926,35.87529],[129.15925,35.87528],[129.15919,35.87534],[129.15929,35.8754],[129.15932,35.8753]]]}},{"type":"Feature","id":"TN_RIVER_BNDRY:WTR0100000001PFSE","properties":{"NF_ID":"WTR0100000001PFSE","admin_code":"47130","source_layer":"TN_RIVER_BNDRY","semantic":"zone","river_class":"지방하천","river_class_source":"중심선 공간조인","river_name":"소현천","river_code":"2120160","survey_method":"사진측량"},"geometry":{"type":"Polygon","coordinates":[[[129.17269,35.89531],[129.17255,35.89512],[129.17236,35.8954],[129.17256,35.89546],[129.17269,35.89531]]]}},{"type":"Feature","id":"TN_RIVER_BNDRY:WTR0100000001PFTF","properties":{"NF_ID":"WTR0100000001PFTF","admin_code":"47130","source_layer":"TN_RIVER_BNDRY","semantic":"zone","river_class":"지방하천","river_class_source":"중심선 공간조인","river_name":"소현천","river_code":"2120160","survey_method":"사진측량"},"geometry":{"type":"Polygon","coordinates":[[[129.16713,35.89856],[129.16676,35.89861],[129.167,35.89867],[129.16713,35.89856]]]}},{"type":"Feature","id":"TN_RIVER_BNDRY:WTR0100000001PFUG","properties":{"NF_ID":"WTR0100000001PFUG","admin_code":"47130","source_layer":"TN_RIVER_BNDRY","semantic":"zone","river_class":"지방하천","river_class_source":"중심선 공간조인","river_name":"제내천","river_code":"2120100","survey_method":"사진측량"},"geometry":{"type":"Polygon","coordinates":[[[129.11815,35.86845],[129.11801,35.86842],[129.11801,35.86848],[129.11815,35.86848],[129.11815,35.86845]]]}},{"type":"Feature","id":"TN_RIVER_BNDRY:WTR0100000001PFVH","properties":{"NF_ID":"WTR0100000001PFVH","admin_code":"47130","source_layer":"TN_RIVER_BNDRY","semantic":"zone","river_class":"소하천","river_class_source":"중심선 공간조인","survey_method":"사진측량"},"geometry":{"type":"Polygon","coordinates":[[[129.11815,35.86845],[129.11854,35.86899],[129.12061,35.86963],[129.12105,35.87003],[129.12171,35.87028],[129.12247,35.87035],[129.12324,35.87081],[129.12379,35.87071],[129.12333,35.87075],[129.12245,35.87029],[129.12101,35.86998],[129.12062,35.86955],[129.11861,35.86896],[129.11815,35.86845]]]}},{"type":"Feature","id":"TN_RIVER_BNDRY:WTR0100000001PFWI","properties":{"NF_ID":"WTR0100000001PFWI","admin_code":"47130","source_layer":"TN_RIVER_BNDRY","semantic":"zone","river_class":"소하천","river_class_source":"중심선 공간조인","survey_method":"사진측량"},"geometry":{"type":"Polygon","coordinates":[[[129.15692,35.86993],[129.15513,35.86895],[129.15474,35.86851],[129.15387,35.86839],[129.15412,35.86855],[129.15469,35.86854],[129.15531,35.86914],[129.15645,35.86983],[129.15688,35.87002],[129.15692,35.86993]]]}},{"type":"Feature","id":"TN_RIVER_BNDRY:WTR0100000001PFXJ","properties":{"NF_ID":"WTR0100000001PFXJ","admin_code":"47130","source_layer":"TN_RIVER_BNDRY","semantic":"zone","river_class":"소하천","river_class_source":"중심선 공간조인","survey_method":"사진측량"},"geometry":{"type":"Polygon","coordinates":[[[129.15692,35.86993],[129.15699,35.86994],[129.15699,35.86987],[129.15699,35.86981],[129.15699,35.86979],[129.157,35.86978],[129.15701,35.86978],[129.1571,35.86972],[129.15712,35.86971],[129.15713,35.8697],[129.15713,35.86967],[129.15713,35.86963],[129.15711,35.86959],[129.15711,35.86959],[129.15709,35.86959],[129.15708,35.86959],[129.15707,35.8696],[129.15707,35.86961],[129.15707,35.86964],[129.15707,35.86966],[129.15706,35.86967],[129.15703,35.86971],[129.15699,35.86974],[129.15694,35.86978],[129.15693,35.8698],[129.15692,35.86982],[129.15691,35.86984],[129.15691,35.86985],[129.15692,35.86993]]]}},{"type":"Feature","id":"TN_RIVER_BNDRY:WTR0100000001PFYK","properties":{"NF_ID":"WTR0100000001PFYK","admin_code":"47130","source_layer":"TN_RIVER_BNDRY","semantic":"zone","river_class":"소하천","river_class_source":"중심선 공간조인","survey_method":"사진측량"},"geometry":{"type":"Polygon","coordinates":[[[129.15699,35.86994],[129.15692,35.86993],[129.15688,35.87002],[129.1569,35.87004],[129.15693,35.87008],[129.15699,35.86994]]]}},{"type":"Feature","id":"TN_RIVER_BNDRY:WTR0100000001PFZL","properties":{"NF_ID":"WTR0100000001PFZL","admin_code":"47130","source_layer":"TN_RIVER_BNDRY","semantic":"zone","river_class":"소하천","river_class_source":"중심선 공간조인","survey_method":"사진측량"},"geometry":{"type":"Polygon","coordinates":[[[129.15387,35.86839],[129.1536,35.86839],[129.15288,35.86803],[129.15289,35.86786],[129.15285,35.86803],[129.15355,35.86841],[129.15387,35.86839]]]}},{"type":"Feature","id":"TN_RIVER_BNDRY:WTR0100000001PG0N","properties":{"NF_ID":"WTR0100000001PG0N","admin_code":"47130","source_layer":"TN_RIVER_BNDRY","semantic":"zone","river_class":"소하천","river_class_source":"중심선 공간조인","survey_method":"사진측량"},"geometry":{"type":"Polygon","coordinates":[[[129.15387,35.86839],[129.15391,35.86837],[129.15389,35.86834],[129.15389,35.86833],[129.15385,35.86835],[129.15387,35.86839],[129.15387,35.86839]]]}},{"type":"Feature","id":"TN_RIVER_BNDRY:WTR0100000001PG1O","properties":{"NF_ID":"WTR0100000001PG1O","admin_code":"47130","source_layer":"TN_RIVER_BNDRY","semantic":"zone","river_class":"소하천","river_class_source":"중심선 공간조인","survey_method":"사진측량"},"geometry":{"type":"Polygon","coordinates":[[[129.16458,35.85912],[129.16452,35.85917],[129.16453,35.85917],[129.16454,35.85917],[129.16457,35.8592],[129.16462,35.85929],[129.16465,35.85933],[129.16466,35.85939],[129.16469,35.85947],[129.16471,35.85948],[129.16472,35.85948],[129.16472,35.85947],[129.16472,35.85946],[129.1647,35.85939],[129.16467,35.85932],[129.16465,35.85928],[129.16459,35.85918],[129.16458,35.85916],[129.16457,35.85914],[129.16458,35.85912]]]}},{"type":"Feature","id":"TN_RIVER_BNDRY:WTR0100000001PG2P","properties":{"NF_ID":"WTR0100000001PG2P","admin_code":"47130","source_layer":"TN_RIVER_BNDRY","semantic":"zone","river_class":"소하천","river_class_source":"중심선 공간조인","survey_method":"사진측량"},"geometry":{"type":"Polygon","coordinates":[[[129.16458,35.85912],[129.1645,35.85906],[129.1645,35.85907],[129.16447,35.85911],[129.16452,35.85917],[129.16458,35.85912]]]}},{"type":"Feature","id":"TN_RIVER_BNDRY:WTR0100000001PG3Q","properties":{"NF_ID":"WTR0100000001PG3Q","admin_code":"47130","source_layer":"TN_RIVER_BNDRY","semantic":"zone","river_class":"지방하천","river_class_source":"중심선 공간조인","river_name":"대천","river_code":"2021690","survey_method":"사진측량"},"geometry":{"type":"Polygon","coordinates":[[[129.12127,35.84208],[129.12143,35.84121],[129.12048,35.84154],[129.12049,35.84227],[129.12127,35.84208]]]}},{"type":"Feature","id":"TN_RIVER_BNDRY:WTR0100000001PG4R","properties":{"NF_ID":"WTR0100000001PG4R","admin_code":"47130","source_layer":"TN_RIVER_BNDRY","semantic":"zone","river_class":"지방하천","river_class_source":"중심선 공간조인","river_name":"대천","river_code":"2021690","survey_method":"사진측량"},"geometry":{"type":"Polygon","coordinates":[[[129.12049,35.84227],[129.12048,35.84154],[129.119,35.8418],[129.11757,35.8431],[129.11567,35.84528],[129.11384,35.84668],[129.1126,35.84826],[129.11104,35.84959],[129.11143,35.84986],[129.11244,35.84929],[129.11289,35.84878],[129.11311,35.84879],[129.11487,35.84674],[129.11703,35.84495],[129.11897,35.8427],[129.11939,35.84247],[129.12049,35.84227]]]}},{"type":"Feature","id":"TN_RIVER_BNDRY:WTR0100000001PG5S","properties":{"NF_ID":"WTR0100000001PG5S","admin_code":"47130","source_layer":"TN_RIVER_BNDRY","semantic":"zone","river_class":"소하천","river_class_source":"중심선 공간조인","survey_method":"사진측량"},"geometry":{"type":"Polygon","coordinates":[[[129.13695,35.82701],[129.13632,35.82763],[129.13668,35.82745],[129.13695,35.82701]]]}},{"type":"Feature","id":"TN_RIVER_BNDRY:WTR0100000001PG6T","properties":{"NF_ID":"WTR0100000001PG6T","admin_code":"47130","source_layer":"TN_RIVER_BNDRY","semantic":"zone","river_class":"소하천","river_class_source":"중심선 공간조인","survey_method":"사진측량"},"geometry":{"type":"Polygon","coordinates":[[[129.12816,35.83234],[129.12759,35.83253],[129.12726,35.83284],[129.12762,35.8327],[129.12802,35.83312],[129.12816,35.83234]]]}},{"type":"Feature","id":"TN_RIVER_BNDRY:WTR0100000001PG7U","properties":{"NF_ID":"WTR0100000001PG7U","admin_code":"47130","source_layer":"TN_RIVER_BNDRY","semantic":"zone","river_class":"소하천","river_class_source":"중심선 공간조인","survey_method":"사진측량"},"geometry":{"type":"Polygon","coordinates":[[[129.12759,35.83253],[129.12737,35.8325],[129.1271,35.83275],[129.12726,35.83284],[129.12759,35.83253]]]}},{"type":"Feature","id":"TN_RIVER_BNDRY:WTR0100000001PG8V","properties":{"NF_ID":"WTR0100000001PG8V","admin_code":"47130","source_layer":"TN_RIVER_BNDRY","semantic":"zone","river_class":"지방하천","river_class_source":"중심선 공간조인","river_name":"대천","river_code":"2021690","survey_method":"사진측량"},"geometry":{"type":"Polygon","coordinates":[[[129.12981,35.83275],[129.12816,35.83234],[129.12802,35.83312],[129.12933,35.83348],[129.12981,35.83275]]]}},{"type":"Feature","id":"TN_RIVER_BNDRY:WTR0100000001PG9W","properties":{"NF_ID":"WTR0100000001PG9W","admin_code":"47130","source_layer":"TN_RIVER_BNDRY","semantic":"zone","river_class":"소하천","river_class_source":"중심선 공간조인","survey_method":"사진측량"},"geometry":{"type":"Polygon","coordinates":[[[129.12787,35.81164],[129.1274,35.81163],[129.12689,35.81131],[129.1274,35.81167],[129.12787,35.81164]]]}},{"type":"Feature","id":"TN_RIVER_BNDRY:WTR0100000001PGAX","properties":{"NF_ID":"WTR0100000001PGAX","admin_code":"47130","source_layer":"TN_RIVER_BNDRY","semantic":"zone","river_class":"지방하천","river_class_source":"중심선 공간조인","river_name":"대천","river_code":"2021690","survey_method":"사진측량"},"geometry":{"type":"Polygon","coordinates":[[[129.14338,35.82163],[129.1428,35.82157],[129.14225,35.82262],[129.14294,35.82261],[129.14338,35.82163]]]}},{"type":"Feature","id":"TN_RIVER_BNDRY:WTR0100000001PGBY","properties":{"NF_ID":"WTR0100000001PGBY","admin_code":"47130","source_layer":"TN_RIVER_BNDRY","semantic":"zone","river_class":"지방하천","river_class_source":"중심선 공간조인","river_name":"대천","river_code":"2021690","survey_method":"사진측량"},"geometry":{"type":"Polygon","coordinates":[[[129.14225,35.82262],[129.1428,35.82157],[129.14048,35.82205],[129.13922,35.82247],[129.13874,35.82367],[129.14225,35.82262]]]}},{"type":"Feature","id":"TN_RIVER_BNDRY:WTR0100000001PGCZ","properties":{"NF_ID":"WTR0100000001PGCZ","admin_code":"47130","source_layer":"TN_RIVER_BNDRY","semantic":"zone","river_class":"지방하천","river_class_source":"중심선 공간조인","river_name":"대천","river_code":"2021690","survey_method":"사진측량"},"geometry":{"type":"Polygon","coordinates":[[[129.13874,35.82367],[129.13922,35.82247],[129.13832,35.82274],[129.13811,35.8237],[129.13874,35.82367]]]}},{"type":"Feature","id":"TN_RIVER_BNDRY:WTR0100000001PGD0","properties":{"NF_ID":"WTR0100000001PGD0","admin_code":"47130","source_layer":"TN_RIVER_BNDRY","semantic":"zone","river_class":"소하천","river_class_source":"중심선 공간조인","survey_method":"사진측량"},"geometry":{"type":"Polygon","coordinates":[[[129.14395,35.80613],[129.14384,35.80602],[129.14307,35.80617],[129.14173,35.80667],[129.14122,35.80669],[129.14064,35.8065],[129.13886,35.80677],[129.13705,35.80622],[129.13665,35.80585],[129.13517,35.80613],[129.13469,35.80599],[129.13427,35.80614],[129.13429,35.80556],[129.13391,35.80537],[129.13247,35.80551],[129.13186,35.80513],[129.13149,35.80544],[129.13321,35.80573],[129.1343,35.80622],[129.13469,35.80605],[129.13516,35.80618],[129.13661,35.80591],[129.13702,35.80626],[129.13887,35.80687],[129.14063,35.8066],[129.14117,35.80678],[129.14176,35.80675],[129.1429,35.80631],[129.14395,35.80613]]]}},{"type":"Feature","id":"TN_RIVER_BNDRY:WTR0100000001PGE1","properties":{"NF_ID":"WTR0100000001PGE1","admin_code":"47130","source_layer":"TN_RIVER_BNDRY","semantic":"zone","river_class":"지방하천","river_class_source":"중심선 공간조인","river_name":"고천","river_code":"2120110","survey_method":"사진측량"},"geometry":{"type":"Polygon","coordinates":[[[129.1444,35.80591],[129.14428,35.80582],[129.14384,35.80602],[129.14395,35.80613],[129.1444,35.80591]]]}},{"type":"Feature","id":"TN_RIVER_BNDRY:WTR0100000001PGF2","properties":{"NF_ID":"WTR0100000001PGF2","admin_code":"47130","source_layer":"TN_RIVER_BNDRY","semantic":"zone","river_class":"지방하천","river_class_source":"중심선 공간조인","river_name":"고천","river_code":"2120110","survey_method":"사진측량"},"geometry":{"type":"Polygon","coordinates":[[[129.14428,35.80582],[129.14403,35.8056],[129.1435,35.80343],[129.14309,35.80349],[129.14363,35.80575],[129.14384,35.80602],[129.14428,35.80582]]]}},{"type":"Feature","id":"TN_RIVER_BNDRY:WTR0100000001PGG3","properties":{"NF_ID":"WTR0100000001PGG3","admin_code":"47130","source_layer":"TN_RIVER_BNDRY","semantic":"zone","river_class":"지방하천","river_class_source":"중심선 공간조인","river_name":"고천","river_code":"2120110","survey_method":"사진측량"},"geometry":{"type":"Polygon","coordinates":[[[129.14343,35.80339],[129.14303,35.80336],[129.14309,35.80349],[129.14343,35.80339]]]}},{"type":"Feature","id":"TN_RIVER_BNDRY:WTR0100000001PGH4","properties":{"NF_ID":"WTR0100000001PGH4","admin_code":"47130","source_layer":"TN_RIVER_BNDRY","semantic":"zone","river_class":"소하천","river_class_source":"중심선 공간조인","survey_method":"사진측량"},"geometry":{"type":"Polygon","coordinates":[[[129.16199,35.87731],[129.1606,35.8765],[129.16029,35.87532],[129.15932,35.8753],[129.15929,35.8754],[129.16022,35.87542],[129.16051,35.87654],[129.16191,35.87738],[129.16199,35.87731]]]}},{"type":"Feature","id":"TN_RIVER_BNDRY:WTR0100000001PGI5","properties":{"NF_ID":"WTR0100000001PGI5","admin_code":"47130","source_layer":"TN_RIVER_BNDRY","semantic":"zone","river_class":"소하천","river_class_source":"중심선 공간조인","survey_method":"사진측량"},"geometry":{"type":"Polygon","coordinates":[[[129.16198,35.87743],[129.16155,35.87773],[129.16038,35.8777],[129.16157,35.87777],[129.16198,35.87743]]]}},{"type":"Feature","id":"TN_RIVER_BNDRY:WTR0100000001PGJ6","properties":{"NF_ID":"WTR0100000001PGJ6","admin_code":"47130","source_layer":"TN_RIVER_BNDRY","semantic":"zone","river_class":"소하천","river_class_source":"중심선 공간조인","survey_method":"사진측량"},"geometry":{"type":"Polygon","coordinates":[[[129.16205,35.87737],[129.16202,35.87734],[129.16199,35.87731],[129.16191,35.87738],[129.16198,35.87743],[129.16205,35.87737]]]}},{"type":"Feature","id":"TN_RIVER_BNDRY:WTR0100000001PGK7","properties":{"NF_ID":"WTR0100000001PGK7","admin_code":"47130","source_layer":"TN_RIVER_BNDRY","semantic":"zone","river_class":"지방하천","river_class_source":"중심선 공간조인","river_name":"태암천","river_code":"2120170","survey_method":"사진측량"},"geometry":{"type":"Polygon","coordinates":[[[129.16209,35.91423],[129.16209,35.91423],[129.16211,35.91421],[129.1621,35.91409],[129.16199,35.91409],[129.162,35.91422],[129.16202,35.91424],[129.16202,35.91424],[129.16209,35.91423]]]}},{"type":"Feature","id":"TN_RIVER_BNDRY:WTR0100000001PGL8","properties":{"NF_ID":"WTR0100000001PGL8","admin_code":"47130","source_layer":"TN_RIVER_BNDRY","semantic":"zone","river_class":"소하천","river_class_source":"중심선 공간조인","survey_method":"사진측량"},"geometry":{"type":"Polygon","coordinates":[[[129.15925,35.87528],[129.15844,35.87454],[129.15766,35.87445],[129.15731,35.87397],[129.15741,35.87289],[129.15771,35.87255],[129.15781,35.87198],[129.15692,35.87095],[129.15713,35.87009],[129.15699,35.86994],[129.15683,35.87094],[129.15771,35.87196],[129.15766,35.87252],[129.15734,35.8729],[129.15728,35.87408],[129.15765,35.87452],[129.15838,35.8746],[129.15925,35.87528]]]}},{"type":"Feature","id":"TN_RIVER_BNDRY:WTR0100000001PGM9","properties":{"NF_ID":"WTR0100000001PGM9","admin_code":"47130","source_layer":"TN_RIVER_BNDRY","semantic":"zone","river_class":"소하천","river_class_source":"중심선 공간조인","survey_method":"사진측량"},"geometry":{"type":"Polygon","coordinates":[[[129.11742,35.87475],[129.11871,35.87557],[129.1195,35.87563],[129.11875,35.87554],[129.11742,35.87475]]]}},{"type":"Feature","id":"TN_RIVER_BNDRY:WTR0100000001PGNA","properties":{"NF_ID":"WTR0100000001PGNA","admin_code":"47130","source_layer":"TN_RIVER_BNDRY","semantic":"zone","river_class":"소하천","river_class_source":"중심선 공간조인","survey_method":"사진측량"},"geometry":{"type":"Polygon","coordinates":[[[129.12726,35.83284],[129.1271,35.83275],[129.12592,35.83357],[129.1255,35.83429],[129.12384,35.83468],[129.12303,35.83562],[129.12257,35.83705],[129.12163,35.83832],[129.12036,35.83784],[129.11905,35.83766],[129.11843,35.83772],[129.11725,35.8382],[129.11664,35.8383],[129.1158,35.83744],[129.11501,35.83692],[129.1141,35.8368],[129.11359,35.83693],[129.11275,35.8376],[129.11097,35.83972],[129.10988,35.84035],[129.10923,35.84032],[129.10831,35.84003],[129.10705,35.84007],[129.10599,35.8393],[129.10533,35.83848],[129.10436,35.83796],[129.10237,35.83725],[129.10093,35.83721],[129.10183,35.83725],[129.10441,35.83814],[129.10525,35.8386],[129.10587,35.83938],[129.10699,35.84019],[129.10835,35.84017],[129.10926,35.84047],[129.10994,35.84045],[129.11092,35.83998],[129.11283,35.83772],[129.11356,35.83713],[129.11414,35.83695],[129.11481,35.83702],[129.11536,35.83733],[129.1162,35.83823],[129.11664,35.83845],[129.11745,35.8383],[129.11835,35.8379],[129.11925,35.83783],[129.12045,35.83802],[129.12135,35.83849],[129.12171,35.83846],[129.12239,35.83776],[129.12326,35.83556],[129.1239,35.83483],[129.12568,35.83437],[129.12612,35.83361],[129.12726,35.83284]]]}},{"type":"Feature","id":"TN_RIVER_BNDRY:WTR0100000001PGOB","properties":{"NF_ID":"WTR0100000001PGOB","admin_code":"47130","source_layer":"TN_RIVER_BNDRY","semantic":"zone","river_class":"지방하천","river_class_source":"중심선 공간조인","river_name":"대천","river_code":"2021690","survey_method":"사진측량"},"geometry":{"type":"Polygon","coordinates":[[[129.13408,35.82549],[129.13312,35.82505],[129.13236,35.82609],[129.13028,35.83026],[129.1295,35.83117],[129.12873,35.83165],[129.12886,35.83187],[129.12867,35.83212],[129.12816,35.83234],[129.12981,35.83275],[129.13147,35.83015],[129.13234,35.82926],[129.13362,35.82617],[129.13408,35.82549]]]}},{"type":"Feature","id":"TN_RIVER_BNDRY:WTR0100000001PGPC","properties":{"NF_ID":"WTR0100000001PGPC","admin_code":"47130","source_layer":"TN_RIVER_BNDRY","semantic":"zone","river_class":"지방하천","river_class_source":"중심선 공간조인","river_name":"대천","river_code":"2021690","survey_method":"사진측량"},"geometry":{"type":"Polygon","coordinates":[[[129.13433,35.82526],[129.13346,35.82479],[129.13319,35.82499],[129.13408,35.82549],[129.13433,35.82526]]]}},{"type":"Feature","id":"TN_RIVER_BNDRY:WTR0100000001PGQD","properties":{"NF_ID":"WTR0100000001PGQD","admin_code":"47130","source_layer":"TN_RIVER_BNDRY","semantic":"zone","river_class":"소하천","river_class_source":"중심선 공간조인","survey_method":"사진측량"},"geometry":{"type":"Polygon","coordinates":[[[129.15929,35.8754],[129.15816,35.87577],[129.15755,35.87573],[129.15671,35.8761],[129.15571,35.87587],[129.15461,35.87584],[129.15406,35.87623],[129.15359,35.87631],[129.15315,35.87616],[129.152,35.87631],[129.15148,35.87609],[129.15115,35.87639],[129.15164,35.87654],[129.15176,35.87635],[129.15234,35.87639],[129.15277,35.87622],[129.15357,35.87635],[129.15408,35.87625],[129.1546,35.87587],[129.15572,35.87589],[129.15671,35.87614],[129.15757,35.87577],[129.15817,35.87584],[129.15929,35.8754]]]}},{"type":"Feature","id":"TN_RIVER_BNDRY:WTR0100000001PGRE","properties":{"NF_ID":"WTR0100000001PGRE","admin_code":"47130","source_layer":"TN_RIVER_BNDRY","semantic":"zone","river_class":"소하천","river_class_source":"중심선 공간조인","survey_method":"사진측량"},"geometry":{"type":"Polygon","coordinates":[[[129.15389,35.86833],[129.15363,35.8678],[129.15284,35.86731],[129.15269,35.86696],[129.15187,35.86677],[129.1511,35.86548],[129.14974,35.86521],[129.14944,35.86464],[129.14918,35.86479],[129.14872,35.8648],[129.14914,35.86527],[129.14922,35.86485],[129.14939,35.86475],[129.14967,35.86527],[129.15106,35.86556],[129.15173,35.86643],[129.15182,35.8668],[129.15267,35.86699],[129.15284,35.86735],[129.15362,35.86785],[129.15389,35.86833]]]}},{"type":"Feature","id":"TN_RIVER_BNDRY:WTR0100000001PGSF","properties":{"NF_ID":"WTR0100000001PGSF","admin_code":"47130","source_layer":"TN_RIVER_BNDRY","semantic":"zone","river_class":"소하천","river_class_source":"중심선 공간조인","survey_method":"사진측량"},"geometry":{"type":"Polygon","coordinates":[[[129.16452,35.85917],[129.16377,35.85919],[129.16349,35.85958],[129.1628,35.8597],[129.1627,35.85926],[129.16115,35.85854],[129.16065,35.85883],[129.16024,35.85847],[129.16027,35.85823],[129.1597,35.85797],[129.15873,35.85766],[129.15767,35.85761],[129.15749,35.85748],[129.15701,35.85762],[129.1572,35.8572],[129.15666,35.85699],[129.15663,35.8574],[129.15702,35.85764],[129.15746,35.85749],[129.15769,35.85767],[129.15868,35.85769],[129.16019,35.85824],[129.16019,35.85838],[129.16,35.85839],[129.16062,35.85885],[129.16108,35.85858],[129.16203,35.85895],[129.16269,35.8593],[129.1627,35.8598],[129.16354,35.85964],[129.16381,35.85922],[129.16452,35.85917]]]}},{"type":"Feature","id":"TN_RIVER_BNDRY:WTR0100000001PGTG","properties":{"NF_ID":"WTR0100000001PGTG","admin_code":"47130","source_layer":"TN_RIVER_BNDRY","semantic":"zone","river_class":"소하천","river_class_source":"중심선 공간조인","survey_method":"사진측량"},"geometry":{"type":"Polygon","coordinates":[[[129.16982,35.84405],[129.17017,35.84438],[129.16976,35.84394],[129.16925,35.84401],[129.16823,35.84335],[129.16775,35.84276],[129.16731,35.84243],[129.16704,35.84244],[129.16682,35.84202],[129.16606,35.84222],[129.16496,35.84226],[129.16464,35.8427],[129.16347,35.84296],[129.16302,35.84336],[129.16225,35.8436],[129.16178,35.84345],[129.16126,35.84399],[129.16095,35.84381],[129.15866,35.84394],[129.15852,35.84365],[129.15824,35.8438],[129.15856,35.84401],[129.16074,35.84389],[129.16128,35.84402],[129.16175,35.84353],[129.16232,35.84363],[129.16313,35.84337],[129.16359,35.84303],[129.16469,35.84275],[129.16494,35.84231],[129.16649,35.84215],[129.16676,35.8422],[129.16717,35.84256],[129.16711,35.84273],[129.16748,35.84339],[129.16751,35.84375],[129.16701,35.84464],[129.16751,35.84507],[129.16798,35.84521],[129.16828,35.84512],[129.16982,35.84405]]]}},{"type":"Feature","id":"TN_RIVER_BNDRY:WTR0100000001PGUH","properties":{"NF_ID":"WTR0100000001PGUH","admin_code":"47130","source_layer":"TN_RIVER_BNDRY","semantic":"zone","river_class":"소하천","river_class_source":"중심선 공간조인","survey_method":"사진측량"},"geometry":{"type":"Polygon","coordinates":[[[129.16676,35.89861],[129.1644,35.89888],[129.16366,35.89871],[129.1631,35.89874],[129.16265,35.89925],[129.16176,35.89949],[129.16048,35.89936],[129.15966,35.89961],[129.15852,35.89949],[129.15753,35.89959],[129.15711,35.89947],[129.15673,35.89977],[129.15608,35.8996],[129.15536,35.89988],[129.15498,35.89954],[129.15386,35.89908],[129.15352,35.89913],[129.15297,35.89955],[129.15223,35.89945],[129.15158,35.89898],[129.15074,35.89883],[129.14888,35.89782],[129.14854,35.89768],[129.14848,35.89777],[129.15077,35.89891],[129.1515,35.899],[129.15216,35.89951],[129.15299,35.8996],[129.15383,35.89913],[129.15488,35.89957],[129.15529,35.89993],[129.15607,35.89966],[129.1568,35.89981],[129.15716,35.89953],[129.15755,35.89967],[129.15884,35.89955],[129.15962,35.89965],[129.16048,35.8994],[129.16183,35.89956],[129.16263,35.89932],[129.16312,35.89877],[129.16432,35.89893],[129.16676,35.89861]]]}},{"type":"Feature","id":"TN_RIVER_BNDRY:WTR0100000001PGVI","properties":{"NF_ID":"WTR0100000001PGVI","admin_code":"47130","source_layer":"TN_RIVER_BNDRY","semantic":"zone","river_class":"소하천","river_class_source":"중심선 공간조인","survey_method":"사진측량"},"geometry":{"type":"Polygon","coordinates":[[[129.13327,35.82485],[129.13271,35.82453],[129.13173,35.82456],[129.13117,35.82439],[129.12964,35.82357],[129.12881,35.8229],[129.1296,35.82362],[129.13103,35.82442],[129.13173,35.82462],[129.13269,35.8246],[129.13319,35.82499],[129.13327,35.82485]]]}},{"type":"Feature","id":"TN_RIVER_BNDRY:WTR0100000001PGWJ","properties":{"NF_ID":"WTR0100000001PGWJ","admin_code":"47130","source_layer":"TN_RIVER_BNDRY","semantic":"zone","river_class":"소하천","river_class_source":"중심선 공간조인","survey_method":"사진측량"},"geometry":{"type":"Polygon","coordinates":[[[129.12737,35.8325],[129.12627,35.83222],[129.12384,35.83113],[129.12212,35.831],[129.12127,35.8308],[129.11985,35.82987],[129.11812,35.83001],[129.11735,35.82959],[129.11649,35.82935],[129.1141,35.82927],[129.11284,35.82893],[129.1088,35.8266],[129.10656,35.82598],[129.10545,35.82543],[129.1038,35.82448],[129.10243,35.82341],[129.10208,35.82282],[129.10238,35.82185],[129.10215,35.82081],[129.10226,35.81912],[129.10121,35.81692],[129.10122,35.81658],[129.10201,35.81551],[129.10319,35.81331],[129.10381,35.81286],[129.10618,35.81188],[129.10354,35.8129],[129.10277,35.81362],[129.1026,35.81424],[129.10177,35.8157],[129.10105,35.81664],[129.10164,35.81831],[129.10215,35.81921],[129.10196,35.82064],[129.10216,35.82161],[129.10182,35.82282],[129.10192,35.82317],[129.10238,35.82366],[129.10517,35.82555],[129.10661,35.82621],[129.10896,35.827],[129.11113,35.82846],[129.11225,35.82898],[129.11413,35.82945],[129.11628,35.82958],[129.11706,35.8298],[129.11754,35.83019],[129.11961,35.83008],[129.12142,35.83112],[129.1238,35.83132],[129.1271,35.83275],[129.12737,35.8325]]]}},{"type":"Feature","id":"TN_RIVER_BNDRY:WTR0100000001PGXK","properties":{"NF_ID":"WTR0100000001PGXK","admin_code":"47130","source_layer":"TN_RIVER_BNDRY","semantic":"zone","river_class":"소하천","river_class_source":"중심선 공간조인","survey_method":"사진측량"},"geometry":{"type":"Polygon","coordinates":[[[129.13924,35.83982],[129.13915,35.83973],[129.13916,35.8399],[129.13924,35.83982]]]}},{"type":"Feature","id":"TN_RIVER_BNDRY:WTR0100000001PGYL","properties":{"NF_ID":"WTR0100000001PGYL","admin_code":"47130","source_layer":"TN_RIVER_BNDRY","semantic":"zone","river_class":"소하천","river_class_source":"중심선 공간조인","survey_method":"사진측량"},"geometry":{"type":"Polygon","coordinates":[[[129.13874,35.82367],[129.13811,35.8237],[129.13812,35.82384],[129.13687,35.825],[129.13676,35.82541],[129.13805,35.82655],[129.13931,35.82726],[129.14021,35.82891],[129.14099,35.82967],[129.14103,35.83023],[129.14077,35.83116],[129.1402,35.83182],[129.14059,35.83276],[129.1402,35.83382],[129.14018,35.8345],[129.14102,35.83495],[129.14132,35.83527],[129.14162,35.83654],[129.1415,35.83727],[129.14081,35.83826],[129.13944,35.83913],[129.13916,35.83959],[129.13925,35.83974],[129.13953,35.83916],[129.14075,35.83843],[129.14124,35.83761],[129.1416,35.83745],[129.14179,35.83665],[129.14146,35.83533],[129.1412,35.83499],[129.14036,35.8346],[129.14027,35.83444],[129.14026,35.83383],[129.14067,35.83276],[129.14033,35.83192],[129.1409,35.83112],[129.1411,35.82981],[129.14016,35.82873],[129.13922,35.82705],[129.13693,35.82548],[129.13706,35.825],[129.13874,35.82367]]]}},{"type":"Feature","id":"TN_RIVER_BNDRY:WTR0100000001PGZM","properties":{"NF_ID":"WTR0100000001PGZM","admin_code":"47130","source_layer":"TN_RIVER_BNDRY","semantic":"zone","river_class":"소하천","river_class_source":"중심선 공간조인","survey_method":"사진측량"},"geometry":{"type":"Polygon","coordinates":[[[129.1395,35.90448],[129.13939,35.90429],[129.1392,35.90431],[129.13848,35.90465],[129.13812,35.90455],[129.13791,35.90423],[129.13681,35.90422],[129.13628,35.90397],[129.13679,35.90425],[129.13789,35.90427],[129.1381,35.90457],[129.13845,35.90469],[129.13876,35.90466],[129.13921,35.90434],[129.1395,35.90448]]]}},{"type":"Feature","id":"TN_RIVER_BNDRY:WTR0100000001PH0O","properties":{"NF_ID":"WTR0100000001PH0O","admin_code":"47130","source_layer":"TN_RIVER_BNDRY","semantic":"zone","river_class":"지방하천","river_class_source":"중심선 공간조인","river_name":"태암천","river_code":"2120170","survey_method":"사진측량"},"geometry":{"type":"Polygon","coordinates":[[[129.162,35.91422],[129.16199,35.91409],[129.16104,35.91402],[129.16018,35.91412],[129.15969,35.91451],[129.15703,35.91458],[129.15658,35.91474],[129.15645,35.91497],[129.15559,35.91525],[129.15225,35.91527],[129.15173,35.91542],[129.15021,35.91661],[129.14938,35.91699],[129.1497,35.91766],[129.14842,35.91832],[129.14842,35.91876],[129.14791,35.91938],[129.14764,35.92014],[129.14732,35.92053],[129.14727,35.92108],[129.14681,35.9214],[129.14701,35.92181],[129.1465,35.92221],[129.1464,35.92275],[129.14556,35.92309],[129.14533,35.92348],[129.14583,35.92371],[129.1459,35.924],[129.14483,35.92429],[129.14442,35.92493],[129.14452,35.92508],[129.14539,35.92537],[129.14546,35.92663],[129.14444,35.9265],[129.14437,35.92685],[129.14462,35.9269],[129.1444,35.92749],[129.14479,35.92743],[129.14499,35.92767],[129.1455,35.92734],[129.14554,35.92711],[129.14545,35.92538],[129.1445,35.92492],[129.14483,35.92436],[129.14601,35.92397],[129.14587,35.92367],[129.14537,35.92351],[129.14561,35.92313],[129.14654,35.92274],[129.14661,35.92218],[129.1471,35.92178],[129.14689,35.92145],[129.1473,35.9211],[129.14738,35.92057],[129.14789,35.91951],[129.14849,35.91879],[129.14853,35.91834],[129.14952,35.91793],[129.15073,35.91696],[129.15167,35.91664],[129.15381,35.9167],[129.15407,35.91684],[129.15438,35.91734],[129.15499,35.9167],[129.15743,35.91651],[129.15695,35.9149],[129.15649,35.91495],[129.15702,35.91468],[129.15769,35.91462],[129.15785,35.91478],[129.1597,35.91458],[129.16011,35.91423],[129.16107,35.91409],[129.162,35.91422]]]}},{"type":"Feature","id":"TN_RIVER_BNDRY:WTR0100000001PH1P","properties":{"NF_ID":"WTR0100000001PH1P","admin_code":"47130","source_layer":"TN_RIVER_BNDRY","semantic":"zone","river_class":"지방하천","river_class_source":"중심선 공간조인","river_name":"사박천","river_code":"2120210","survey_method":"사진측량"},"geometry":{"type":"Polygon","coordinates":[[[129.14395,35.97856],[129.14413,35.9787],[129.14492,35.97869],[129.1451,35.97906],[129.14454,35.97914],[129.14429,35.97903],[129.14406,35.97943],[129.14618,35.97989],[129.14899,35.98124],[129.15097,35.98326],[129.15112,35.98373],[129.15225,35.98433],[129.15251,35.98481],[129.15343,35.98576],[129.15413,35.98618],[129.15403,35.98632],[129.15473,35.98661],[129.15427,35.98637],[129.15436,35.98626],[129.15546,35.98673],[129.15654,35.98669],[129.15652,35.98692],[129.15685,35.98697],[129.1593,35.98263],[129.15846,35.98228],[129.1577,35.98165],[129.15758,35.98128],[129.15779,35.98072],[129.1574,35.97905],[129.15678,35.978],[129.15666,35.97727],[129.15549,35.97524],[129.15507,35.97478],[129.15449,35.97449],[129.15376,35.97236],[129.15256,35.97115],[129.15175,35.96843],[129.15186,35.96626],[129.15161,35.96539],[129.15235,35.96286],[129.15292,35.95992],[129.15407,35.95758],[129.15474,35.95718],[129.15527,35.95658],[129.15564,35.95568],[129.15621,35.95503],[129.15622,35.95442],[129.15727,35.95298],[129.15719,35.95236],[129.1568,35.95167],[129.15684,35.95077],[129.15636,35.95011],[129.15652,35.94966],[129.15583,35.94867],[129.15587,35.9482],[129.15513,35.94787],[129.15434,35.94727],[129.15424,35.94745],[129.15497,35.94849],[129.15532,35.94868],[129.15575,35.94835],[129.15569,35.94868],[129.15636,35.94943],[129.15649,35.94983],[129.15628,35.95014],[129.15677,35.95075],[129.15676,35.95171],[129.1572,35.95297],[129.15616,35.95434],[129.1561,35.955],[129.15552,35.95566],[129.15493,35.95688],[129.15384,35.95765],[129.15373,35.95823],[129.15302,35.95941],[129.15275,35.96011],[129.15237,35.96243],[129.15149,35.96537],[129.15176,35.9662],[129.15167,35.96847],[129.15229,35.97102],[129.15356,35.97239],[129.15404,35.9737],[129.15409,35.97443],[129.15447,35.97452],[129.15456,35.97476],[129.15416,35.97476],[129.15424,35.97549],[129.15475,35.97696],[129.15464,35.97721],[129.15475,35.97775],[129.15494,35.97797],[129.1546,35.98031],[129.15423,35.98055],[129.15308,35.98061],[129.15208,35.9799],[129.15136,35.97957],[129.14926,35.9789],[129.14873,35.97887],[129.147,35.97808],[129.14395,35.97856]]]}},{"type":"Feature","id":"TN_RIVER_BNDRY:WTR0100000001PH2Q","properties":{"NF_ID":"WTR0100000001PH2Q","admin_code":"47130","source_layer":"TN_RIVER_BNDRY","semantic":"zone","river_class":"소하천","river_class_source":"중심선 공간조인","survey_method":"사진측량"},"geometry":{"type":"Polygon","coordinates":[[[129.16209,35.91423],[129.16144,35.91501],[129.16108,35.91588],[129.16107,35.91625],[129.16132,35.91651],[129.16098,35.91711],[129.16107,35.91836],[129.16098,35.91864],[129.16036,35.91916],[129.16038,35.92043],[129.15938,35.92082],[129.15942,35.92149],[129.15967,35.92208],[129.15998,35.92112],[129.15947,35.92081],[129.16041,35.92044],[129.1604,35.91925],[129.16112,35.91842],[129.16103,35.91711],[129.1614,35.91644],[129.16112,35.91617],[129.16149,35.91506],[129.16194,35.91463],[129.16209,35.91423]]]}},{"type":"Feature","id":"TN_RIVER_BNDRY:WTR0100000001PH3R","properties":{"NF_ID":"WTR0100000001PH3R","admin_code":"47130","source_layer":"TN_RIVER_BNDRY","semantic":"zone","river_class":"지방하천","river_class_source":"중심선 공간조인","river_name":"태암천","river_code":"2120170","survey_method":"사진측량"},"geometry":{"type":"Polygon","coordinates":[[[129.16819,35.90963],[129.16787,35.90958],[129.16788,35.90978],[129.16819,35.90963]]]}},{"type":"Feature","id":"TN_RIVER_BNDRY:WTR0100000001PH4S","properties":{"NF_ID":"WTR0100000001PH4S","admin_code":"47130","source_layer":"TN_RIVER_BNDRY","semantic":"zone","river_class":"지방하천","river_class_source":"중심선 공간조인","river_name":"태암천","river_code":"2120170","survey_method":"사진측량"},"geometry":{"type":"Polygon","coordinates":[[[129.17269,35.89531],[129.17256,35.89546],[129.17297,35.89565],[129.17308,35.89586],[129.17284,35.89757],[129.17291,35.89887],[129.17279,35.89955],[129.17215,35.90033],[129.17218,35.90175],[129.17197,35.9026],[129.17055,35.90597],[129.17039,35.90751],[129.16923,35.90914],[129.16884,35.90939],[129.16807,35.90954],[129.16819,35.90963],[129.16945,35.9091],[129.17053,35.90775],[129.17075,35.90626],[129.17228,35.90263],[129.17251,35.90165],[129.17248,35.90049],[129.17309,35.89962],[129.17326,35.89849],[129.17315,35.89767],[129.17339,35.89578],[129.17269,35.89531]]]}},{"type":"Feature","id":"TN_RIVER_BNDRY:WTR0100000001PH5T","properties":{"NF_ID":"WTR0100000001PH5T","admin_code":"47130","source_layer":"TN_RIVER_BNDRY","semantic":"zone","river_class":"소하천","river_class_source":"중심선 공간조인","survey_method":"사진측량"},"geometry":{"type":"Polygon","coordinates":[[[129.13916,35.8399],[129.13778,35.84065],[129.1376,35.84091],[129.13766,35.84125],[129.13721,35.84148],[129.13699,35.84193],[129.13559,35.84251],[129.13535,35.84333],[129.13481,35.84333],[129.13442,35.84365],[129.13399,35.84355],[129.13383,35.84365],[129.13405,35.84485],[129.1335,35.84521],[129.13358,35.84645],[129.13414,35.84696],[129.1341,35.84738],[129.13445,35.84766],[129.1342,35.84815],[129.13517,35.84876],[129.13586,35.85094],[129.13623,35.85133],[129.13603,35.85165],[129.13628,35.85191],[129.13641,35.8516],[129.13586,35.85079],[129.13527,35.84883],[129.13427,35.84814],[129.13453,35.84766],[129.13416,35.84736],[129.13413,35.84687],[129.13363,35.84642],[129.13356,35.84522],[129.13409,35.8449],[129.13387,35.8437],[129.13403,35.84359],[129.13445,35.84372],[129.13481,35.84339],[129.13536,35.84338],[129.13563,35.8426],[129.13703,35.84198],[129.13727,35.84154],[129.13773,35.84128],[129.13784,35.84078],[129.13882,35.84028],[129.13916,35.8399]]]}},{"type":"Feature","id":"TN_RIVER_BNDRY:WTR0100000001PH6U","properties":{"NF_ID":"WTR0100000001PH6U","admin_code":"47130","source_layer":"TN_RIVER_BNDRY","semantic":"zone","river_class":"소하천","river_class_source":"중심선 공간조인","survey_method":"사진측량"},"geometry":{"type":"Polygon","coordinates":[[[129.13924,35.83982],[129.13903,35.842],[129.13909,35.84257],[129.13933,35.84283],[129.13911,35.84308],[129.13923,35.84429],[129.13898,35.84478],[129.13903,35.84605],[129.13846,35.84597],[129.1383,35.84645],[129.13911,35.84729],[129.13987,35.84772],[129.13977,35.84899],[129.13993,35.84937],[129.13968,35.84992],[129.14025,35.85042],[129.14115,35.85209],[129.14167,35.85237],[129.14231,35.85309],[129.14248,35.85369],[129.14304,35.85407],[129.14295,35.85423],[129.14347,35.85495],[129.14303,35.85427],[129.14315,35.85411],[129.14256,35.85361],[129.14239,35.85299],[129.14124,35.85198],[129.14041,35.85064],[129.14034,35.85027],[129.1398,35.84992],[129.14002,35.84928],[129.13984,35.84899],[129.13998,35.8478],[129.13977,35.8475],[129.1391,35.84722],[129.13882,35.84674],[129.13908,35.84603],[129.13903,35.84482],[129.13929,35.84434],[129.13915,35.84311],[129.13946,35.8427],[129.13926,35.84266],[129.13913,35.84237],[129.13924,35.84164],[129.13913,35.84109],[129.13932,35.84056],[129.13924,35.83982]]]}},{"type":"Feature","id":"TN_RIVER_BNDRY:WTR0100000001PH7V","properties":{"NF_ID":"WTR0100000001PH7V","admin_code":"47130","source_layer":"TN_RIVER_BNDRY","semantic":"zone","river_class":"소하천","river_class_source":"중심선 공간조인","survey_method":"사진측량"},"geometry":{"type":"Polygon","coordinates":[[[129.1404,35.97759],[129.14019,35.97741],[129.13923,35.97826],[129.13876,35.97896],[129.13793,35.97949],[129.13678,35.97931],[129.13573,35.97972],[129.13496,35.98069],[129.134,35.98118],[129.1316,35.98304],[129.12961,35.98379],[129.12881,35.98378],[129.12775,35.9841],[129.12519,35.98566],[129.12845,35.98395],[129.12962,35.98387],[129.1305,35.9835],[129.13135,35.98335],[129.13374,35.98148],[129.1351,35.98072],[129.13591,35.9798],[129.13667,35.97944],[129.13807,35.97953],[129.13885,35.97905],[129.1394,35.97826],[129.1404,35.97759]]]}},{"type":"Feature","id":"TN_RIVER_BNDRY:WTR0100000001PH8W","properties":{"NF_ID":"WTR0100000001PH8W","admin_code":"47130","source_layer":"TN_RIVER_BNDRY","semantic":"zone","river_class":"소하천","river_class_source":"중심선 공간조인","survey_method":"사진측량"},"geometry":{"type":"Polygon","coordinates":[[[129.12217,35.98458],[129.12223,35.98369],[129.12267,35.98307],[129.12265,35.98265],[129.12348,35.98191],[129.12349,35.98146],[129.12384,35.98097],[129.12385,35.98063],[129.12355,35.98031],[129.12363,35.97981],[129.1244,35.97924],[129.1246,35.97856],[129.12436,35.97824],[129.12399,35.97837],[129.12374,35.97813],[129.12455,35.97783],[129.1244,35.97629],[129.12456,35.97512],[129.12404,35.97602],[129.12396,35.9767],[129.12356,35.97758],[129.12373,35.97825],[129.12401,35.97842],[129.12437,35.97833],[129.12449,35.97851],[129.12438,35.97912],[129.12361,35.97971],[129.12349,35.9803],[129.12378,35.98088],[129.12342,35.98145],[129.12338,35.9819],[129.12258,35.98261],[129.12259,35.98307],[129.12215,35.98357],[129.12205,35.98428],[129.12217,35.98458]]]}},{"type":"Feature","id":"TN_RIVER_BNDRY:WTR0100000001PH9X","properties":{"NF_ID":"WTR0100000001PH9X","admin_code":"47130","source_layer":"TN_RIVER_BNDRY","semantic":"zone","river_class":"지방하천","river_class_source":"중심선 공간조인","river_name":"대천","river_code":"2021690","survey_method":"사진측량"},"geometry":{"type":"Polygon","coordinates":[[[129.12933,35.83348],[129.12802,35.83312],[129.12797,35.8335],[129.12666,35.83507],[129.12484,35.83553],[129.12423,35.83595],[129.12327,35.83741],[129.1227,35.84016],[129.12241,35.84057],[129.12143,35.84121],[129.12127,35.84208],[129.12286,35.84122],[129.12353,35.84037],[129.12382,35.83986],[129.12428,35.83765],[129.12509,35.83652],[129.12681,35.83601],[129.12748,35.83561],[129.12933,35.83348]]]}},{"type":"Feature","id":"TN_RIVER_BNDRY:WTR0100000001PHAY","properties":{"NF_ID":"WTR0100000001PHAY","admin_code":"47130","source_layer":"TN_RIVER_BNDRY","semantic":"zone","river_class":"지방하천","river_class_source":"중심선 공간조인","river_name":"제내천","river_code":"2120100","survey_method":"사진측량"},"geometry":{"type":"Polygon","coordinates":[[[129.12127,35.84208],[129.12049,35.84227],[129.12074,35.84439],[129.12219,35.84727],[129.12236,35.84904],[129.12172,35.8501],[129.1221,35.85228],[129.12147,35.85361],[129.1213,35.85445],[129.1215,35.85553],[129.12144,35.85641],[129.12059,35.8578],[129.12039,35.85849],[129.12038,35.85957],[129.1209,35.8618],[129.1205,35.86498],[129.12021,35.86543],[129.11855,35.86692],[129.11802,35.86793],[129.11801,35.86842],[129.11815,35.86845],[129.11816,35.86795],[129.11873,35.86697],[129.1204,35.86553],[129.1208,35.86484],[129.12121,35.86251],[129.12061,35.85963],[129.12065,35.85856],[129.12172,35.85629],[129.12178,35.85363],[129.12247,35.85219],[129.12223,35.8505],[129.12276,35.8491],[129.12281,35.84783],[129.12268,35.8473],[129.12102,35.84411],[129.12088,35.84329],[129.12127,35.84208]]]}},{"type":"Feature","id":"TN_RIVER_BNDRY:WTR0100000001PHBZ","properties":{"NF_ID":"WTR0100000001PHBZ","admin_code":"47130","source_layer":"TN_RIVER_BNDRY","semantic":"zone","river_class":"지방하천","river_class_source":"중심선 공간조인","river_name":"제내천","river_code":"2120100","survey_method":"사진측량"},"geometry":{"type":"Polygon","coordinates":[[[129.11742,35.87475],[129.11735,35.87236],[129.11709,35.87076],[129.11803,35.86934],[129.11815,35.86848],[129.11801,35.86848],[129.11784,35.86944],[129.11721,35.87024],[129.11697,35.8708],[129.11726,35.87268],[129.11726,35.87476],[129.11742,35.87475]]]}},{"type":"Feature","id":"TN_RIVER_BNDRY:WTR0100000001PHD1","properties":{"NF_ID":"WTR0100000001PHD1","admin_code":"47130","source_layer":"TN_RIVER_BNDRY","semantic":"zone","river_class":"지방하천","river_class_source":"중심선 공간조인","river_name":"소현천","river_code":"2120160","survey_method":"사진측량"},"geometry":{"type":"Polygon","coordinates":[[[129.167,35.89867],[129.16676,35.89861],[129.16561,35.90027],[129.16433,35.90103],[129.16407,35.90309],[129.16225,35.90324],[129.16112,35.90292],[129.16048,35.90295],[129.16002,35.90319],[129.15969,35.90358],[129.15933,35.90458],[129.15895,35.90499],[129.1569,35.90568],[129.15484,35.90517],[129.15214,35.90481],[129.15104,35.90596],[129.15052,35.9058],[129.15014,35.90532],[129.14968,35.90519],[129.1494,35.90531],[129.14803,35.9067],[129.14674,35.90722],[129.14409,35.90468],[129.14352,35.90454],[129.14281,35.9045],[129.14274,35.9046],[129.1419,35.90429],[129.14063,35.90452],[129.14034,35.90475],[129.1395,35.90448],[129.13988,35.90479],[129.13966,35.90477],[129.13958,35.90496],[129.13939,35.90479],[129.13952,35.90504],[129.13988,35.90517],[129.13996,35.90563],[129.13871,35.90577],[129.13794,35.90631],[129.1372,35.9062],[129.13687,35.90635],[129.1368,35.90666],[129.13728,35.9074],[129.13686,35.90795],[129.13624,35.90822],[129.13418,35.90801],[129.13313,35.90824],[129.13276,35.9082],[129.13247,35.90794],[129.13207,35.90817],[129.13157,35.90878],[129.12956,35.90897],[129.12921,35.90896],[129.12863,35.90842],[129.1273,35.9087],[129.12555,35.90814],[129.12494,35.9084],[129.12244,35.9088],[129.12144,35.90834],[129.12042,35.90832],[129.1197,35.9077],[129.11905,35.90774],[129.11857,35.90743],[129.11873,35.9079],[129.11925,35.90823],[129.11944,35.90821],[129.11968,35.90777],[129.12044,35.90836],[129.12133,35.90838],[129.12226,35.90885],[129.125,35.90844],[129.12553,35.90818],[129.12727,35.90873],[129.12853,35.90847],[129.12918,35.90899],[129.12965,35.909],[129.13159,35.90882],[129.13222,35.90811],[129.13248,35.908],[129.13289,35.90829],[129.13366,35.90828],[129.13429,35.90809],[129.13697,35.9085],[129.14014,35.9079],[129.14116,35.90817],[129.14162,35.90801],[129.14247,35.90805],[129.14284,35.90784],[129.14376,35.90781],[129.14386,35.90771],[129.1435,35.90462],[129.14401,35.90476],[129.14388,35.90481],[129.14404,35.90479],[129.1464,35.90711],[129.14676,35.90727],[129.14803,35.90679],[129.14966,35.9053],[129.15102,35.90603],[129.1513,35.9059],[129.15186,35.90513],[129.1524,35.90491],[129.15551,35.90537],[129.15686,35.90579],[129.15906,35.90505],[129.15942,35.90464],[129.1599,35.90349],[129.16044,35.90309],[129.16104,35.90302],[129.16232,35.90338],[129.16387,35.9033],[129.16416,35.90316],[129.16452,35.90106],[129.1656,35.9005],[129.167,35.89867]]]}},{"type":"Feature","id":"TN_RIVER_BNDRY:WTR0100000001PHE2","properties":{"NF_ID":"WTR0100000001PHE2","admin_code":"47130","source_layer":"TN_RIVER_BNDRY","semantic":"zone","river_class":"지방하천","river_class_source":"중심선 공간조인","river_name":"야일천","river_code":"2120220","survey_method":"사진측량"},"geometry":{"type":"Polygon","coordinates":[[[129.14031,35.97735],[129.14006,35.97657],[129.13846,35.97525],[129.13832,35.97383],[129.13765,35.97181],[129.13636,35.96948],[129.13645,35.96683],[129.13717,35.96546],[129.13694,35.96421],[129.1382,35.96138],[129.13875,35.95917],[129.13957,35.95748],[129.14021,35.95662],[129.13958,35.95426],[129.13997,35.95166],[129.13958,35.95073],[129.13935,35.94933],[129.13882,35.94856],[129.13785,35.94801],[129.1378,35.94734],[129.13743,35.94713],[129.13734,35.94663],[129.13679,35.94613],[129.13646,35.94548],[129.13641,35.94487],[129.1359,35.94451],[129.13561,35.9445],[129.13612,35.94408],[129.13572,35.9437],[129.13572,35.94305],[129.13557,35.94295],[129.13494,35.94344],[129.13497,35.94363],[129.13566,35.94464],[129.13599,35.94464],[129.13636,35.94491],[129.13637,35.94547],[129.13671,35.94617],[129.1372,35.94657],[129.13735,35.94713],[129.13771,35.94733],[129.13771,35.94797],[129.1388,35.94865],[129.13934,35.94946],[129.13943,35.95058],[129.13986,35.95149],[129.13974,35.95325],[129.13945,35.95417],[129.14008,35.9567],[129.139,35.95822],[129.1386,35.95924],[129.13823,35.96104],[129.13682,35.96423],[129.13706,35.96557],[129.13643,35.96651],[129.13627,35.96715],[129.13637,35.9683],[129.13623,35.9695],[129.13697,35.97058],[129.13748,35.97178],[129.13817,35.97398],[129.13836,35.97538],[129.13901,35.97603],[129.1399,35.97662],[129.14019,35.97741],[129.14031,35.97735]]]}},{"type":"Feature","id":"TN_RIVER_BNDRY:WTR0100000001PHG4","properties":{"NF_ID":"WTR0100000001PHG4","admin_code":"47130","source_layer":"TN_RIVER_BNDRY","semantic":"zone","river_class":"지방하천","river_class_source":"중심선 공간조인","river_name":"칠평천","river_code":"2120200","survey_method":"사진측량"},"geometry":{"type":"Polygon","coordinates":[[[129.16984,35.97038],[129.16948,35.97019],[129.16778,35.97208],[129.16668,35.9728],[129.16617,35.97344],[129.16466,35.97784],[129.16438,35.98015],[129.1635,35.98158],[129.16343,35.9837],[129.16335,35.98439],[129.16314,35.98447],[129.16374,35.98502],[129.16387,35.98136],[129.16468,35.98031],[129.16497,35.97787],[129.16541,35.9774],[129.1665,35.97342],[129.16804,35.97223],[129.16867,35.97142],[129.16984,35.97038]]]}},{"type":"Feature","id":"TN_RIVER_BNDRY:WTR0100000001PHH5","properties":{"NF_ID":"WTR0100000001PHH5","admin_code":"47130","source_layer":"TN_RIVER_BNDRY","semantic":"zone","river_class":"지방하천","river_class_source":"중심선 공간조인","river_name":"태암천","river_code":"2120170","survey_method":"사진측량"},"geometry":{"type":"Polygon","coordinates":[[[129.16788,35.90978],[129.16787,35.90958],[129.16595,35.91054],[129.16459,35.91153],[129.16437,35.91181],[129.16405,35.91309],[129.16337,35.91362],[129.1621,35.91409],[129.16211,35.91421],[129.1633,35.91384],[129.16413,35.91328],[129.16469,35.91166],[129.16586,35.91078],[129.16788,35.90978]]]}},{"type":"Feature","id":"TN_RIVER_BNDRY:WTR0100000001PHI6","properties":{"NF_ID":"WTR0100000001PHI6","admin_code":"47130","source_layer":"TN_RIVER_BNDRY","semantic":"zone","river_class":"지방하천","river_class_source":"중심선 공간조인","river_name":"대천","river_code":"2021690","survey_method":"사진측량"},"geometry":{"type":"Polygon","coordinates":[[[129.13811,35.8237],[129.13832,35.82274],[129.13701,35.82303],[129.13542,35.82363],[129.13346,35.82479],[129.13433,35.82526],[129.13578,35.82431],[129.13773,35.8237],[129.13811,35.8237]]]}},{"type":"Feature","id":"TN_RIVER_BNDRY:WTR0100000001PHJ7","properties":{"NF_ID":"WTR0100000001PHJ7","admin_code":"47130","source_layer":"TN_RIVER_BNDRY","semantic":"zone","river_class":"지방하천","river_class_source":"중심선 공간조인","river_name":"고천","river_code":"2120110","survey_method":"사진측량"},"geometry":{"type":"Polygon","coordinates":[[[129.1444,35.80591],[129.14395,35.80613],[129.1457,35.80706],[129.14635,35.80781],[129.14649,35.8084],[129.14524,35.81064],[129.14478,35.81287],[129.14481,35.81366],[129.14536,35.81499],[129.14533,35.81627],[129.14374,35.81772],[129.1432,35.81852],[129.14302,35.82104],[129.1428,35.82157],[129.14338,35.82163],[129.14326,35.82105],[129.14369,35.81897],[129.14365,35.81864],[129.14338,35.81855],[129.14455,35.81776],[129.14584,35.8165],[129.14592,35.81495],[129.14545,35.8136],[129.1454,35.81286],[129.1457,35.81099],[129.14624,35.81015],[129.14679,35.80816],[129.14581,35.80659],[129.1444,35.80591]]]}},{"type":"Feature","id":"TN_RIVER_BNDRY:WTR0100000001PHK8","properties":{"NF_ID":"WTR0100000001PHK8","admin_code":"47130","source_layer":"TN_RIVER_BNDRY","semantic":"zone","river_class":"지방하천","river_class_source":"중심선 공간조인","river_name":"소현천","river_code":"2120160","survey_method":"사진측량"},"geometry":{"type":"Polygon","coordinates":[[[129.17256,35.89546],[129.17236,35.8954],[129.172,35.89607],[129.17116,35.89639],[129.1691,35.89628],[129.16858,35.89638],[129.16786,35.89774],[129.16693,35.89851],[129.16713,35.89856],[129.16766,35.8981],[129.1687,35.89648],[129.16915,35.89637],[129.17111,35.89651],[129.17216,35.89608],[129.17256,35.89546]]]}},{"type":"Feature","id":"TN_RIVER_BNDRY:WTR0100000001PHSG","properties":{"NF_ID":"WTR0100000001PHSG","admin_code":"47130","source_layer":"TN_RIVER_BNDRY","semantic":"zone","river_class":"지방하천","river_class_source":"중심선 공간조인","river_name":"심곡천","river_code":"1520300","survey_method":"사진측량"},"geometry":{"type":"Polygon","coordinates":[[[129.07308,35.92368],[129.07291,35.92367],[129.07318,35.92444],[129.07318,35.92553],[129.07375,35.92711],[129.07692,35.92845],[129.07871,35.92823],[129.08049,35.92869],[129.0827,35.9288],[129.08281,35.92937],[129.08312,35.92967],[129.08471,35.92963],[129.08661,35.93022],[129.08704,35.93203],[129.08933,35.93368],[129.09167,35.93376],[129.09296,35.93364],[129.0931,35.93409],[129.09462,35.93393],[129.09576,35.93399],[129.09709,35.93368],[129.09785,35.93309],[129.09887,35.93328],[129.0999,35.93302],[129.10036,35.9332],[129.10082,35.9329],[129.10151,35.93277],[129.10275,35.93298],[129.10288,35.93275],[129.10356,35.93233],[129.10466,35.93185],[129.10453,35.93166],[129.10368,35.93156],[129.10205,35.93168],[129.10223,35.93291],[129.10129,35.93276],[129.10039,35.93313],[129.09979,35.93297],[129.09887,35.93322],[129.09789,35.93304],[129.09709,35.93362],[129.09555,35.93394],[129.09448,35.9339],[129.09312,35.93407],[129.09301,35.9336],[129.08929,35.9336],[129.08868,35.93303],[129.08713,35.93205],[129.0867,35.93021],[129.08572,35.92982],[129.08507,35.9293],[129.08273,35.92866],[129.08024,35.92856],[129.07931,35.92817],[129.07817,35.92813],[129.07699,35.92837],[129.0741,35.92711],[129.07347,35.92613],[129.07308,35.92368]]]}},{"type":"Feature","id":"TN_RIVER_BNDRY:WTR0100000001PHTH","properties":{"NF_ID":"WTR0100000001PHTH","admin_code":"47130","source_layer":"TN_RIVER_BNDRY","semantic":"zone","river_class":"지방하천","river_class_source":"중심선 공간조인","river_name":"대천","river_code":"2021690","survey_method":"사진측량"},"geometry":{"type":"Polygon","coordinates":[[[129.1103,35.85043],[129.10989,35.85012],[129.10901,35.85067],[129.10684,35.85278],[129.10601,35.85371],[129.10569,35.85433],[129.10389,35.85565],[129.10128,35.85984],[129.09833,35.86237],[129.09754,35.86289],[129.09696,35.86295],[129.09663,35.86336],[129.09576,35.86379],[129.0955,35.86388],[129.09521,35.86377],[129.09531,35.86401],[129.09376,35.86436],[129.09136,35.86454],[129.09109,35.86524],[129.09221,35.86503],[129.09411,35.86495],[129.09642,35.86432],[129.09782,35.86365],[129.09882,35.86257],[129.09895,35.86261],[129.10154,35.86067],[129.10432,35.85623],[129.10608,35.85493],[129.10746,35.85317],[129.1103,35.85043]]]}},{"type":"Feature","id":"TN_RIVER_BNDRY:WTR0100000001PHUI","properties":{"NF_ID":"WTR0100000001PHUI","admin_code":"47130","source_layer":"TN_RIVER_BNDRY","semantic":"zone","river_class":"지방하천","river_class_source":"중심선 공간조인","river_name":"건천","river_code":"2120090","survey_method":"사진측량"},"geometry":{"type":"Polygon","coordinates":[[[129.11104,35.84959],[129.11011,35.84974],[129.10541,35.84756],[129.10112,35.84489],[129.09877,35.84376],[129.09507,35.84319],[129.09416,35.84292],[129.09271,35.84211],[129.0924,35.84208],[129.09045,35.84089],[129.08971,35.84033],[129.08932,35.83979],[129.08791,35.83921],[129.08733,35.83864],[129.086,35.83783],[129.08517,35.83714],[129.08322,35.83686],[129.08237,35.8364],[129.08198,35.8357],[129.08166,35.83564],[129.08185,35.83614],[129.08242,35.83675],[129.08503,35.83772],[129.0892,35.8403],[129.09083,35.84164],[129.09238,35.84223],[129.09334,35.84291],[129.09352,35.84284],[129.0953,35.8438],[129.09843,35.8442],[129.10047,35.84503],[129.10386,35.84719],[129.10953,35.84978],[129.10989,35.85012],[129.11104,35.84959]]]}},{"type":"Feature","id":"TN_RIVER_BNDRY:WTR0100000001PHVJ","properties":{"NF_ID":"WTR0100000001PHVJ","admin_code":"47130","source_layer":"TN_RIVER_BNDRY","semantic":"zone","river_class":"지방하천","river_class_source":"중심선 공간조인","river_name":"대천","river_code":"2021690","survey_method":"사진측량"},"geometry":{"type":"Polygon","coordinates":[[[129.18756,35.81249],[129.18725,35.81157],[129.18697,35.81157],[129.18473,35.81193],[129.17986,35.81325],[129.17775,35.81424],[129.17631,35.81552],[129.17534,35.81607],[129.17477,35.81623],[129.17131,35.81616],[129.16819,35.81796],[129.16145,35.8205],[129.1593,35.82076],[129.15674,35.82071],[129.15284,35.82169],[129.14876,35.82295],[129.14719,35.82308],[129.14624,35.82296],[129.14338,35.82163],[129.14294,35.82261],[129.14611,35.8237],[129.14778,35.82358],[129.14888,35.82368],[129.15002,35.82352],[129.15494,35.82177],[129.1574,35.82149],[129.15854,35.82152],[129.15848,35.82135],[129.15862,35.82151],[129.1597,35.82152],[129.16137,35.8213],[129.16308,35.82083],[129.16859,35.81876],[129.1716,35.81706],[129.17182,35.8172],[129.17534,35.81722],[129.17591,35.8171],[129.17661,35.81678],[129.17891,35.81481],[129.18408,35.81325],[129.18756,35.81249]]]}},{"type":"Feature","id":"TN_RIVER_BNDRY:WTR0100000001PHWK","properties":{"NF_ID":"WTR0100000001PHWK","admin_code":"47130","source_layer":"TN_RIVER_BNDRY","semantic":"zone","river_class":"소하천","river_class_source":"중심선 공간조인","survey_method":"사진측량"},"geometry":{"type":"Polygon","coordinates":[[[129.19819,35.84189],[129.19773,35.84129],[129.19647,35.84057],[129.1952,35.84025],[129.19258,35.84173],[129.19178,35.84284],[129.19113,35.84318],[129.18894,35.84305],[129.18642,35.84332],[129.18344,35.84492],[129.1823,35.84486],[129.18123,35.84533],[129.18016,35.84557],[129.17548,35.84633],[129.17444,35.84637],[129.17192,35.84719],[129.17098,35.84705],[129.17085,35.84741],[129.16878,35.84703],[129.16742,35.84868],[129.16672,35.85072],[129.16601,35.85132],[129.1656,35.85228],[129.16499,35.85251],[129.1649,35.85331],[129.16469,35.85367],[129.16523,35.85438],[129.16539,35.8558],[129.16584,35.85584],[129.16599,35.85603],[129.16576,35.85636],[129.16588,35.85716],[129.16564,35.85762],[129.16591,35.85803],[129.16579,35.85814],[129.16523,35.85811],[129.16495,35.8585],[129.16445,35.85846],[129.1645,35.85906],[129.16449,35.8585],[129.16494,35.85853],[129.16523,35.85816],[129.16586,35.8582],[129.16599,35.8581],[129.16569,35.85761],[129.16595,35.85715],[129.16581,35.85638],[129.16606,35.85603],[129.16583,35.85578],[129.16544,35.85579],[129.1653,35.85437],[129.16476,35.85368],[129.16504,35.85259],[129.16564,35.85231],[129.16606,35.85138],[129.16683,35.85073],[129.16712,35.85027],[129.16752,35.84873],[129.1687,35.84721],[129.16908,35.84715],[129.17122,35.84748],[129.1746,35.84642],[129.17575,35.84638],[129.1802,35.84568],[129.18128,35.84543],[129.18237,35.84496],[129.18358,35.845],[129.18445,35.84465],[129.18662,35.84342],[129.1892,35.84317],[129.19129,35.84332],[129.19184,35.84295],[129.19269,35.8419],[129.19327,35.84166],[129.19503,35.84045],[129.19621,35.84062],[129.19819,35.84189]]]}},{"type":"Feature","id":"TN_RIVER_BNDRY:WTR0100000001PHXL","properties":{"NF_ID":"WTR0100000001PHXL","admin_code":"47130","source_layer":"TN_RIVER_BNDRY","semantic":"zone","river_class":"소하천","river_class_source":"중심선 공간조인","survey_method":"사진측량"},"geometry":{"type":"Polygon","coordinates":[[[129.17508,35.87311],[129.1745,35.87277],[129.17328,35.87241],[129.17508,35.87311]]]}},{"type":"Feature","id":"TN_RIVER_BNDRY:WTR0100000001PHYM","properties":{"NF_ID":"WTR0100000001PHYM","admin_code":"47130","source_layer":"TN_RIVER_BNDRY","semantic":"zone","river_class":"소하천","river_class_source":"중심선 공간조인","survey_method":"사진측량"},"geometry":{"type":"Polygon","coordinates":[[[129.17515,35.87321],[129.17485,35.87334],[129.17442,35.87392],[129.173,35.87323],[129.17235,35.87265],[129.17175,35.87142],[129.1704,35.86966],[129.17051,35.86887],[129.16974,35.86765],[129.17046,35.86891],[129.17037,35.86973],[129.17131,35.87087],[129.17227,35.87267],[129.17299,35.87329],[129.17445,35.87403],[129.17515,35.87321]]]}},{"type":"Feature","id":"TN_RIVER_BNDRY:WTR0100000001PHZN","properties":{"NF_ID":"WTR0100000001PHZN","admin_code":"47130","source_layer":"TN_RIVER_BNDRY","semantic":"zone","river_class":"소하천","river_class_source":"중심선 공간조인","survey_method":"사진측량"},"geometry":{"type":"Polygon","coordinates":[[[129.17862,35.89023],[129.17776,35.88958],[129.17679,35.88822],[129.17533,35.88697],[129.17422,35.88651],[129.17074,35.88639],[129.16847,35.88493],[129.16755,35.88312],[129.16486,35.87939],[129.16481,35.8785],[129.1646,35.87823],[129.16391,35.87789],[129.16273,35.87784],[129.16198,35.87743],[129.16274,35.87791],[129.16384,35.878],[129.16448,35.87828],[129.16474,35.87947],[129.16657,35.88204],[129.16834,35.88516],[129.16924,35.88553],[129.17021,35.88636],[129.17083,35.88655],[129.17383,35.88658],[129.17465,35.88681],[129.17578,35.88755],[129.17836,35.89047],[129.17862,35.89023]]]}},{"type":"Feature","id":"TN_RIVER_BNDRY:WTR0100000001PI0P","properties":{"NF_ID":"WTR0100000001PI0P","admin_code":"47130","source_layer":"TN_RIVER_BNDRY","semantic":"zone","river_class":"지방하천","river_class_source":"중심선 공간조인","river_name":"소현천","river_code":"2120160","survey_method":"사진측량"},"geometry":{"type":"Polygon","coordinates":[[[129.17255,35.89512],[129.17236,35.89488],[129.17238,35.89414],[129.17339,35.89339],[129.17564,35.89268],[129.1769,35.89205],[129.17867,35.89082],[129.17836,35.89047],[129.17589,35.89216],[129.1737,35.89279],[129.17283,35.89325],[129.17199,35.894],[129.17181,35.89445],[129.17192,35.89485],[129.1722,35.89497],[129.17235,35.89532],[129.17255,35.89512]]]}},{"type":"Feature","id":"TN_RIVER_BNDRY:WTR0100000001PI1Q","properties":{"NF_ID":"WTR0100000001PI1Q","admin_code":"47130","source_layer":"TN_RIVER_BNDRY","semantic":"zone","river_class":"소하천","river_class_source":"중심선 공간조인","survey_method":"사진측량"},"geometry":{"type":"Polygon","coordinates":[[[129.16819,35.90963],[129.16788,35.90978],[129.16814,35.90977],[129.16849,35.9102],[129.16911,35.91037],[129.16923,35.91144],[129.16957,35.91194],[129.17055,35.91231],[129.17212,35.91379],[129.1728,35.91422],[129.17314,35.91401],[129.1737,35.91442],[129.17396,35.91445],[129.17405,35.91497],[129.17451,35.915],[129.17505,35.91549],[129.17555,35.9155],[129.176,35.91591],[129.17573,35.9163],[129.17583,35.91652],[129.17616,35.91645],[129.17681,35.91669],[129.17628,35.91609],[129.17605,35.9163],[129.17611,35.91643],[129.1759,35.91646],[129.17579,35.91629],[129.17604,35.91589],[129.17556,35.91544],[129.17508,35.91546],[129.17454,35.91496],[129.17404,35.91492],[129.174,35.91443],[129.17314,35.91397],[129.17285,35.9142],[129.17216,35.91376],[129.17058,35.91229],[129.16962,35.9119],[129.16933,35.91151],[129.16915,35.91033],[129.16852,35.91018],[129.16819,35.90963]]]}},{"type":"Feature","id":"TN_RIVER_BNDRY:WTR0100000001PI2R","properties":{"NF_ID":"WTR0100000001PI2R","admin_code":"47130","source_layer":"TN_RIVER_BNDRY","semantic":"zone","river_class":"지방하천","river_class_source":"중심선 공간조인","river_name":"칠평천","river_code":"2120200","survey_method":"사진측량"},"geometry":{"type":"Polygon","coordinates":[[[129.17588,35.94183],[129.17577,35.94187],[129.17613,35.94228],[129.17667,35.94379],[129.17634,35.94439],[129.17645,35.94496],[129.17604,35.94558],[129.17578,35.94678],[129.17609,35.94728],[129.17693,35.94762],[129.17687,35.94784],[129.17623,35.94837],[129.17629,35.94883],[129.17651,35.9491],[129.17737,35.94952],[129.17779,35.95025],[129.17734,35.95143],[129.17678,35.95169],[129.17654,35.95197],[129.17521,35.95179],[129.17431,35.95194],[129.17587,35.95271],[129.17574,35.95359],[129.17608,35.95447],[129.17595,35.95579],[129.17571,35.95614],[129.17583,35.95716],[129.1756,35.95745],[129.17508,35.95745],[129.17477,35.95806],[129.17465,35.95905],[129.17408,35.95964],[129.17456,35.96078],[129.17429,35.96196],[129.17447,35.96252],[129.1744,35.9629],[129.17345,35.96412],[129.172,35.96557],[129.17105,35.9674],[129.17053,35.96795],[129.16969,35.96988],[129.17015,35.96998],[129.1705,35.96863],[129.17158,35.96702],[129.17209,35.96573],[129.17389,35.96383],[129.17459,35.96286],[129.17468,35.96075],[129.1743,35.95971],[129.17482,35.95912],[129.17499,35.95778],[129.17702,35.95861],[129.17793,35.95792],[129.17896,35.95776],[129.17963,35.95786],[129.17871,35.95719],[129.17804,35.95693],[129.17829,35.95643],[129.1793,35.95622],[129.17846,35.9556],[129.1784,35.95536],[129.1787,35.95484],[129.17763,35.95302],[129.17768,35.95265],[129.17842,35.9516],[129.1785,35.9508],[129.17769,35.94958],[129.17664,35.94876],[129.17651,35.94824],[129.17695,35.94789],[129.17701,35.94755],[129.17629,35.94724],[129.17597,35.94694],[129.17605,35.946],[129.17657,35.94503],[129.1765,35.94449],[129.1768,35.94386],[129.17645,35.94262],[129.17588,35.94183]]]}},{"type":"Feature","id":"TN_RIVER_BNDRY:WTR0100000001PI3S","properties":{"NF_ID":"WTR0100000001PI3S","admin_code":"47130","source_layer":"TN_RIVER_BNDRY","semantic":"zone","river_class":"소하천","river_class_source":"중심선 공간조인","survey_method":"사진측량"},"geometry":{"type":"Polygon","coordinates":[[[129.17015,35.96998],[129.16984,35.97038],[129.17116,35.96975],[129.17254,35.96956],[129.17301,35.96968],[129.17408,35.97032],[129.17516,35.97026],[129.17551,35.97053],[129.17523,35.97021],[129.17405,35.97023],[129.17259,35.96953],[129.1716,35.96957],[129.17055,35.96997],[129.17015,35.96998]]]}},{"type":"Feature","id":"TN_RIVER_BNDRY:WTR0100000001PI4T","properties":{"NF_ID":"WTR0100000001PI4T","admin_code":"47130","source_layer":"TN_RIVER_BNDRY","semantic":"zone","river_class":"지방하천","river_class_source":"중심선 공간조인","river_name":"칠평천","river_code":"2120200","survey_method":"사진측량"},"geometry":{"type":"Polygon","coordinates":[[[129.1761,35.98897],[129.17445,35.98803],[129.17233,35.98744],[129.16835,35.98783],[129.16742,35.98758],[129.16433,35.98587],[129.16374,35.98502],[129.16355,35.98568],[129.16382,35.98594],[129.16745,35.98818],[129.16863,35.98826],[129.17251,35.98805],[129.17377,35.98837],[129.17511,35.98893],[129.17575,35.98936],[129.1761,35.98897]]]}},{"type":"Feature","id":"TN_RIVER_BNDRY:WTR0100000001PI5U","properties":{"NF_ID":"WTR0100000001PI5U","admin_code":"47130","source_layer":"TN_RIVER_BNDRY","semantic":"zone","river_class":"지방하천","river_class_source":"중심선 공간조인","river_name":"옥산천","river_code":"1021460","survey_method":"사진측량"},"geometry":{"type":"Polygon","coordinates":[[[129.17628,35.9898],[129.17575,35.98936],[129.17083,35.99617],[129.17099,35.99638],[129.17228,35.99493],[129.17296,35.99373],[129.1733,35.99373],[129.174,35.9925],[129.17628,35.9898]]]}},{"type":"Feature","id":"TN_RIVER_BNDRY:WTR0100000001PI6V","properties":{"NF_ID":"WTR0100000001PI6V","admin_code":"47130","source_layer":"TN_RIVER_BNDRY","semantic":"zone","river_class":"지방하천","river_class_source":"중심선 공간조인","river_name":"형산강","river_code":"2120010","survey_method":"사진측량"},"geometry":{"type":"Polygon","coordinates":[[[129.20375,35.80667],[129.20308,35.80374],[129.20376,35.79784],[129.20247,35.79374],[129.20266,35.79098],[129.20037,35.79148],[129.20036,35.79264],[129.20109,35.79809],[129.2012,35.79795],[129.20135,35.80011],[129.20114,35.80451],[129.20176,35.80673],[129.20375,35.80667]]]}},{"type":"Feature","id":"TN_RIVER_BNDRY:WTR0100000001PI7W","properties":{"NF_ID":"WTR0100000001PI7W","admin_code":"47130","source_layer":"TN_RIVER_BNDRY","semantic":"zone","river_class":"지방하천","river_class_source":"중심선 공간조인","river_name":"감존천","river_code":"2026990","survey_method":"사진측량"},"geometry":{"type":"Polygon","coordinates":[[[129.03827,35.81132],[129.03826,35.81112],[129.03764,35.81086],[129.03758,35.81068],[129.03828,35.80975],[129.03833,35.80941],[129.03799,35.80878],[129.03816,35.80801],[129.03759,35.80611],[129.03783,35.80551],[129.03848,35.80511],[129.03859,35.80479],[129.0385,35.80435],[129.03816,35.80392],[129.0382,35.80321],[129.03794,35.80268],[129.03806,35.80227],[129.03789,35.80157],[129.03989,35.80046],[129.04044,35.79914],[129.04091,35.79923],[129.04167,35.7991],[129.04219,35.79809],[129.04247,35.79791],[129.04309,35.7979],[129.04353,35.79762],[129.04391,35.79702],[129.04414,35.79593],[129.04511,35.79525],[129.04542,35.7942],[129.04926,35.79131],[129.0496,35.79064],[129.05064,35.78941],[129.0508,35.78847],[129.0517,35.78712],[129.05199,35.78695],[129.05233,35.78695],[129.054,35.78766],[129.0541,35.78751],[129.05247,35.78677],[129.05199,35.78678],[129.05136,35.78717],[129.05064,35.78845],[129.05035,35.78952],[129.04905,35.79135],[129.04534,35.79411],[129.04494,35.79523],[129.04402,35.79587],[129.04384,35.79686],[129.04346,35.79754],[129.04306,35.79779],[129.04228,35.7979],[129.04161,35.79898],[129.0403,35.79909],[129.03979,35.80044],[129.0378,35.80155],[129.03806,35.80387],[129.03842,35.80443],[129.03848,35.80493],[129.0378,35.80546],[129.03743,35.80615],[129.03799,35.80786],[129.0379,35.80876],[129.0382,35.80946],[129.03744,35.81043],[129.03742,35.81069],[129.03762,35.81108],[129.03809,35.81113],[129.03827,35.81132]]]}},{"type":"Feature","id":"TN_RIVER_BNDRY:WTR0100000001PI8X","properties":{"NF_ID":"WTR0100000001PI8X","admin_code":"47130","source_layer":"TN_RIVER_BNDRY","semantic":"zone","river_class":"지방하천","river_class_source":"중심선 공간조인","river_name":"건천","river_code":"2120090","survey_method":"사진측량"},"geometry":{"type":"Polygon","coordinates":[[[129.07316,35.8183],[129.07276,35.81727],[129.07194,35.816],[129.0718,35.81401],[129.071,35.81205],[129.07014,35.81061],[129.07071,35.8098],[129.0707,35.8096],[129.06969,35.8087],[129.06922,35.80723],[129.06819,35.80671],[129.06815,35.80598],[129.06774,35.80537],[129.06842,35.80436],[129.06891,35.80283],[129.06966,35.80191],[129.07061,35.80124],[129.07087,35.80043],[129.07184,35.79998],[129.07249,35.79943],[129.07367,35.79814],[129.07548,35.79675],[129.07589,35.796],[129.07681,35.79518],[129.07583,35.79591],[129.07533,35.79677],[129.07446,35.79731],[129.07302,35.79858],[129.07246,35.79936],[129.07176,35.79993],[129.07072,35.80044],[129.07056,35.80115],[129.06957,35.80181],[129.06932,35.80232],[129.0689,35.80262],[129.0683,35.80441],[129.06761,35.80533],[129.06803,35.80594],[129.0681,35.80668],[129.06911,35.80728],[129.06956,35.80869],[129.07057,35.80962],[129.07005,35.81071],[129.07097,35.81226],[129.07166,35.81414],[129.07183,35.81604],[129.07274,35.81749],[129.07299,35.81829],[129.07316,35.8183]]]}},{"type":"Feature","id":"TN_RIVER_BNDRY:WTR0100000001PI9Y","properties":{"NF_ID":"WTR0100000001PI9Y","admin_code":"47130","source_layer":"TN_RIVER_BNDRY","semantic":"zone","river_class":"지방하천","river_class_source":"중심선 공간조인","river_name":"직현천","river_code":"2027000","survey_method":"사진측량"},"geometry":{"type":"Polygon","coordinates":[[[129.02059,35.78674],[129.02043,35.78655],[129.01979,35.78723],[129.01969,35.78801],[129.01986,35.78869],[129.02102,35.78972],[129.02328,35.79071],[129.02369,35.79128],[129.02358,35.79171],[129.02275,35.79279],[129.02252,35.79341],[129.02244,35.7945],[129.02272,35.79562],[129.02251,35.79632],[129.02211,35.79709],[129.02125,35.7977],[129.0201,35.79893],[129.01986,35.79987],[129.01936,35.80071],[129.01862,35.80115],[129.0175,35.80148],[129.0168,35.80213],[129.01628,35.80355],[129.01539,35.80723],[129.01452,35.80825],[129.01338,35.80862],[129.01267,35.80921],[129.01252,35.80956],[129.01265,35.81083],[129.01229,35.81212],[129.0118,35.81263],[129.01064,35.81323],[129.01081,35.81504],[129.01042,35.81612],[129.0095,35.81689],[129.00943,35.81767],[129.00975,35.81837],[129.01069,35.81871],[129.01099,35.81914],[129.01127,35.82013],[129.01112,35.82112],[129.01133,35.82198],[129.01247,35.82307],[129.01327,35.82491],[129.0152,35.82698],[129.01585,35.82838],[129.01685,35.82946],[129.0176,35.82997],[129.01811,35.83097],[129.0191,35.83184],[129.01909,35.8324],[129.02028,35.83405],[129.02121,35.83594],[129.02225,35.83631],[129.02324,35.83724],[129.02468,35.83783],[129.025,35.83814],[129.02582,35.8382],[129.02644,35.83783],[129.02714,35.83816],[129.02831,35.83842],[129.02861,35.83832],[129.02894,35.83765],[129.02927,35.83742],[129.03051,35.8376],[129.03107,35.83697],[129.03216,35.83736],[129.03268,35.83682],[129.0321,35.83732],[129.03108,35.83693],[129.03053,35.83748],[129.02924,35.83732],[129.02884,35.83762],[129.02838,35.8383],[129.02734,35.83813],[129.02633,35.83772],[129.026,35.83804],[129.02549,35.83815],[129.02337,35.83722],[129.02281,35.83659],[129.02209,35.83608],[129.02131,35.83587],[129.01973,35.83295],[129.01934,35.83259],[129.01927,35.83177],[129.01814,35.83079],[129.0177,35.82995],[129.01599,35.82834],[129.01538,35.82696],[129.01339,35.82476],[129.01259,35.82304],[129.01158,35.82199],[129.01128,35.82129],[129.01139,35.81993],[129.01116,35.81915],[129.0107,35.81855],[129.00988,35.81827],[129.0096,35.81761],[129.00967,35.81694],[129.01049,35.81629],[129.01103,35.81502],[129.01089,35.81337],[129.01249,35.81217],[129.01294,35.81052],[129.0131,35.80913],[129.01352,35.80882],[129.01465,35.80858],[129.0157,35.80736],[129.01626,35.80521],[129.0164,35.80383],[129.01698,35.80217],[129.01751,35.80165],[129.01895,35.80116],[129.01954,35.80074],[129.02009,35.79995],[129.02051,35.7989],[129.0219,35.79761],[129.02281,35.79632],[129.02293,35.79548],[129.02269,35.79442],[129.02278,35.79347],[129.02294,35.79304],[129.02398,35.7917],[129.02404,35.79122],[129.02335,35.7903],[129.02235,35.79014],[129.02119,35.78961],[129.02008,35.78868],[129.0199,35.78756],[129.02019,35.78705],[129.02059,35.78674]]]}},{"type":"Feature","id":"TN_RIVER_BNDRY:WTR0100000001PIAZ","properties":{"NF_ID":"WTR0100000001PIAZ","admin_code":"47130","source_layer":"TN_RIVER_BNDRY","semantic":"zone","river_class":"소하천","river_class_source":"중심선 공간조인","survey_method":"사진측량"},"geometry":{"type":"Polygon","coordinates":[[[129.06007,35.8033],[129.05996,35.80323],[129.05983,35.80334],[129.05975,35.80421],[129.05918,35.80519],[129.05934,35.80595],[129.05893,35.80709],[129.05898,35.80829],[129.05775,35.8091],[129.05726,35.81014],[129.05619,35.81039],[129.05581,35.8108],[129.05543,35.81148],[129.05538,35.81211],[129.05499,35.81275],[129.05512,35.8134],[129.05469,35.814],[129.05524,35.81345],[129.05508,35.81276],[129.05548,35.81217],[129.05553,35.81149],[129.05591,35.81082],[129.05624,35.81047],[129.05732,35.81019],[129.05775,35.80921],[129.05909,35.80829],[129.05911,35.80678],[129.05941,35.80581],[129.05926,35.80523],[129.05988,35.80424],[129.06007,35.8033]]]}},{"type":"Feature","id":"TN_RIVER_BNDRY:WTR0100000001PIB0","properties":{"NF_ID":"WTR0100000001PIB0","admin_code":"47130","source_layer":"TN_RIVER_BNDRY","semantic":"zone","river_class":"소하천","river_class_source":"중심선 공간조인","survey_method":"사진측량"},"geometry":{"type":"Polygon","coordinates":[[[129.10643,35.81075],[129.10679,35.81014],[129.10672,35.80896],[129.10654,35.80854],[129.10664,35.80748],[129.107,35.807],[129.10686,35.80632],[129.10707,35.8055],[129.10618,35.80449],[129.10586,35.8037],[129.10636,35.80325],[129.10654,35.80272],[129.10649,35.8023],[129.10608,35.80182],[129.10613,35.80137],[129.10634,35.80114],[129.10643,35.79965],[129.10595,35.80183],[129.10636,35.80241],[129.1064,35.80281],[129.10628,35.80321],[129.10572,35.80375],[129.10611,35.80461],[129.10694,35.80557],[129.10672,35.80638],[129.10686,35.80698],[129.1065,35.80755],[129.10646,35.80891],[129.10633,35.80893],[129.10618,35.80864],[129.10617,35.80918],[129.10583,35.80928],[129.10576,35.80973],[129.10517,35.81006],[129.10515,35.81035],[129.10442,35.81079],[129.10422,35.81132],[129.10585,35.81187],[129.10621,35.8117],[129.10643,35.81075]]]}},{"type":"Feature","id":"TN_RIVER_BNDRY:WTR0100000001PIC1","properties":{"NF_ID":"WTR0100000001PIC1","admin_code":"47130","source_layer":"TN_RIVER_BNDRY","semantic":"zone","river_class":"지방하천","river_class_source":"중심선 공간조인","river_name":"고천","river_code":"2120110","survey_method":"사진측량"},"geometry":{"type":"Polygon","coordinates":[[[129.14332,35.8033],[129.14275,35.80239],[129.14168,35.80175],[129.13807,35.79984],[129.13771,35.80006],[129.14054,35.8016],[129.14181,35.80211],[129.14237,35.80252],[129.14303,35.80336],[129.14332,35.8033]]]}},{"type":"Feature","id":"TN_RIVER_BNDRY:WTR0100000001PID2","properties":{"NF_ID":"WTR0100000001PID2","admin_code":"47130","source_layer":"TN_RIVER_BNDRY","semantic":"zone","river_class":"소하천","river_class_source":"중심선 공간조인","survey_method":"사진측량"},"geometry":{"type":"Polygon","coordinates":[[[129.14974,35.79795],[129.14971,35.79784],[129.14913,35.79803],[129.14852,35.79856],[129.14829,35.79906],[129.14739,35.79961],[129.14648,35.80062],[129.14549,35.80088],[129.14502,35.8013],[129.14475,35.80187],[129.14394,35.80216],[129.14392,35.80291],[129.14332,35.8033],[129.14343,35.80339],[129.144,35.80303],[129.14404,35.80219],[129.14479,35.80201],[129.14564,35.80091],[129.14654,35.80071],[129.14776,35.7994],[129.14834,35.79912],[129.14874,35.79846],[129.14974,35.79795]]]}},{"type":"Feature","id":"TN_RIVER_BNDRY:WTR0100000001PIE3","properties":{"NF_ID":"WTR0100000001PIE3","admin_code":"47130","source_layer":"TN_RIVER_BNDRY","semantic":"zone","river_class":"소하천","river_class_source":"중심선 공간조인","survey_method":"사진측량"},"geometry":{"type":"Polygon","coordinates":[[[129.08688,35.75],[129.08676,35.75],[129.08676,35.75],[129.08692,35.75006],[129.08695,35.75009],[129.08698,35.75009],[129.08699,35.75009],[129.087,35.75009],[129.087,35.75008],[129.08699,35.75006],[129.08694,35.75003],[129.08689,35.75],[129.08688,35.75]]]}},{"type":"Feature","id":"TN_RIVER_BNDRY:WTR0100000001PIF4","properties":{"NF_ID":"WTR0100000001PIF4","admin_code":"47130","source_layer":"TN_RIVER_BNDRY","semantic":"zone","river_class":"소하천","river_class_source":"중심선 공간조인","survey_method":"사진측량"},"geometry":{"type":"Polygon","coordinates":[[[129.00017,35.75119],[129.00091,35.75156],[129.00091,35.75063],[129.00122,35.75],[129.00057,35.75],[129.00017,35.75119]]]}},{"type":"Feature","id":"TN_RIVER_BNDRY:WTR0100000001PIG5","properties":{"NF_ID":"WTR0100000001PIG5","admin_code":"47130","source_layer":"TN_RIVER_BNDRY","semantic":"zone","river_class":"소하천","river_class_source":"중심선 공간조인","survey_method":"사진측량"},"geometry":{"type":"Polygon","coordinates":[[[129.11509,35.75062],[129.11539,35.75026],[129.11608,35.75024],[129.11635,35.75],[129.11604,35.75021],[129.11537,35.75021],[129.11503,35.7506],[129.11441,35.75046],[129.11509,35.75062]]]}},{"type":"Feature","id":"TN_RIVER_BNDRY:WTR0100000001PIH6","properties":{"NF_ID":"WTR0100000001PIH6","admin_code":"47130","source_layer":"TN_RIVER_BNDRY","semantic":"zone","river_class":"소하천","river_class_source":"중심선 공간조인","survey_method":"사진측량"},"geometry":{"type":"Polygon","coordinates":[[[129.00017,35.75119],[129.0,35.75102],[129.0,35.75138],[129.00024,35.75224],[129.00017,35.75119]]]}},{"type":"Feature","id":"TN_RIVER_BNDRY:WTR0100000001PII7","properties":{"NF_ID":"WTR0100000001PII7","admin_code":"47130","source_layer":"TN_RIVER_BNDRY","semantic":"zone","river_class":"등급미확인","survey_method":"사진측량"},"geometry":{"type":"Polygon","coordinates":[[[129.19672,35.75009],[129.19777,35.75],[129.19586,35.75],[129.19672,35.75009]]]}},{"type":"Feature","id":"TN_RIVER_BNDRY:WTR0100000001PIJ8","properties":{"NF_ID":"WTR0100000001PIJ8","admin_code":"47130","source_layer":"TN_RIVER_BNDRY","semantic":"zone","river_class":"지방하천","river_class_source":"중심선 공간조인","river_name":"동창천","river_code":"2026960","survey_method":"사진측량"},"geometry":{"type":"Polygon","coordinates":[[[129.06803,35.75125],[129.06816,35.7511],[129.06787,35.7508],[129.06731,35.75093],[129.06732,35.75],[129.065,35.75],[129.06648,35.7525],[129.0674,35.75227],[129.06748,35.7519],[129.06813,35.7514],[129.06803,35.75125]]]}},{"type":"Feature","id":"TN_RIVER_BNDRY:WTR0100000001PIK9","properties":{"NF_ID":"WTR0100000001PIK9","admin_code":"47130","source_layer":"TN_RIVER_BNDRY","semantic":"zone","river_class":"소하천","river_class_source":"중심선 공간조인","survey_method":"사진측량"},"geometry":{"type":"Polygon","coordinates":[[[129.20396,35.75],[129.20454,35.75062],[129.20473,35.75],[129.20396,35.75]]]}},{"type":"Feature","id":"TN_RIVER_BNDRY:WTR0100000001PILA","properties":{"NF_ID":"WTR0100000001PILA","admin_code":"47130","source_layer":"TN_RIVER_BNDRY","semantic":"zone","river_class":"지방하천","river_class_source":"중심선 공간조인","river_name":"형산강","river_code":"2120010","survey_method":"사진측량"},"geometry":{"type":"Polygon","coordinates":[[[129.20372,35.75],[129.20182,35.75],[129.20256,35.75085],[129.20372,35.75]]]}},{"type":"Feature","id":"TN_RIVER_BNDRY:WTR0100000001PIMB","properties":{"NF_ID":"WTR0100000001PIMB","admin_code":"47130","source_layer":"TN_RIVER_BNDRY","semantic":"zone","river_class":"소하천","river_class_source":"중심선 공간조인","survey_method":"사진측량"},"geometry":{"type":"Polygon","coordinates":[[[129.03692,35.75282],[129.03809,35.75336],[129.03803,35.75292],[129.03953,35.75],[129.03853,35.75145],[129.03792,35.75279],[129.03692,35.75282]]]}},{"type":"Feature","id":"TN_RIVER_BNDRY:WTR0100000001PINC","properties":{"NF_ID":"WTR0100000001PINC","admin_code":"47130","source_layer":"TN_RIVER_BNDRY","semantic":"zone","river_class":"지방하천","river_class_source":"중심선 공간조인","river_name":"형산강","river_code":"2120010","survey_method":"사진측량"},"geometry":{"type":"Polygon","coordinates":[[[129.20454,35.75062],[129.20396,35.75],[129.20372,35.75],[129.20256,35.75085],[129.20299,35.7516],[129.20454,35.75062]]]}},{"type":"Feature","id":"TN_RIVER_BNDRY:WTR0100000001PIOD","properties":{"NF_ID":"WTR0100000001PIOD","admin_code":"47130","source_layer":"TN_RIVER_BNDRY","semantic":"zone","river_class":"소하천","river_class_source":"중심선 공간조인","survey_method":"사진측량"},"geometry":{"type":"Polygon","coordinates":[[[129.23745,35.75107],[129.23719,35.75082],[129.23708,35.75],[129.2369,35.75],[129.23696,35.75072],[129.23737,35.75117],[129.23745,35.75107]]]}},{"type":"Feature","id":"TN_RIVER_BNDRY:WTR0100000001PIPE","properties":{"NF_ID":"WTR0100000001PIPE","admin_code":"47130","source_layer":"TN_RIVER_BNDRY","semantic":"zone","river_class":"소하천","river_class_source":"중심선 공간조인","survey_method":"사진측량"},"geometry":{"type":"Polygon","coordinates":[[[129.00031,35.75467],[129.00003,35.75452],[129.00078,35.75265],[129.00024,35.75224],[129.0,35.75338],[129.0,35.75483],[129.00031,35.75467]]]}},{"type":"Feature","id":"TN_RIVER_BNDRY:WTR0100000001PIQF","properties":{"NF_ID":"WTR0100000001PIQF","admin_code":"47130","source_layer":"TN_RIVER_BNDRY","semantic":"zone","river_class":"지방하천","river_class_source":"중심선 공간조인","river_name":"이조천","river_code":"2120050","survey_method":"사진측량"},"geometry":{"type":"Polygon","coordinates":[[[129.15713,35.75211],[129.15769,35.75157],[129.16131,35.75],[129.15997,35.75],[129.15867,35.75044],[129.15684,35.75162],[129.15593,35.75198],[129.15394,35.75188],[129.15299,35.7516],[129.15225,35.75121],[129.1508,35.75],[129.14909,35.75],[129.15043,35.75061],[129.15305,35.75225],[129.15367,35.75243],[129.15616,35.75291],[129.15679,35.75252],[129.15713,35.75211]]]}},{"type":"Feature","id":"TN_RIVER_BNDRY:WTR0100000001PIRG","properties":{"NF_ID":"WTR0100000001PIRG","admin_code":"47130","source_layer":"TN_RIVER_BNDRY","semantic":"zone","river_class":"소하천","river_class_source":"중심선 공간조인","survey_method":"사진측량"},"geometry":{"type":"Polygon","coordinates":[[[129.23556,35.75],[129.23544,35.75035],[129.2359,35.75107],[129.23519,35.75195],[129.23515,35.75239],[129.23472,35.75262],[129.23459,35.75295],[129.23477,35.75265],[129.23526,35.75239],[129.23525,35.75197],[129.23598,35.7511],[129.23557,35.75038],[129.23556,35.75]]]}},{"type":"Feature","id":"TN_RIVER_BNDRY:WTR0100000001PISH","properties":{"NF_ID":"WTR0100000001PISH","admin_code":"47130","source_layer":"TN_RIVER_BNDRY","semantic":"zone","river_class":"지방하천","river_class_source":"중심선 공간조인","river_name":"동창천","river_code":"2026960","survey_method":"사진측량"},"geometry":{"type":"Polygon","coordinates":[[[129.00056,35.75605],[129.00031,35.75467],[129.0,35.75483],[129.0,35.75611],[129.00056,35.75605]]]}},{"type":"Feature","id":"TN_RIVER_BNDRY:WTR0100000001PITI","properties":{"NF_ID":"WTR0100000001PITI","admin_code":"47130","source_layer":"TN_RIVER_BNDRY","semantic":"zone","river_class":"지방하천","river_class_source":"중심선 공간조인","river_name":"이조천","river_code":"2120050","survey_method":"사진측량"},"geometry":{"type":"Polygon","coordinates":[[[129.11365,35.76632],[129.11574,35.76656],[129.11669,35.76635],[129.11823,35.76455],[129.1189,35.76272],[129.11971,35.76175],[129.1205,35.76018],[129.12115,35.7599],[129.12261,35.7587],[129.12283,35.75789],[129.12273,35.75748],[129.121,35.75621],[129.12031,35.75481],[129.12028,35.75436],[129.12137,35.75328],[129.12219,35.7522],[129.125,35.75119],[129.12723,35.75],[129.12665,35.75003],[129.12444,35.75119],[129.12285,35.75168],[129.12191,35.75216],[129.12011,35.75435],[129.12009,35.75463],[129.12081,35.75623],[129.12137,35.75678],[129.1225,35.75747],[129.12247,35.75868],[129.12036,35.75971],[129.1196,35.76157],[129.11846,35.76312],[129.11763,35.76527],[129.11743,35.7653],[129.11667,35.7661],[129.11619,35.76637],[129.1155,35.76641],[129.11428,35.76619],[129.11365,35.76632]]]}},{"type":"Feature","id":"TN_RIVER_BNDRY:WTR0100000001PIUJ","properties":{"NF_ID":"WTR0100000001PIUJ","admin_code":"47130","source_layer":"TN_RIVER_BNDRY","semantic":"zone","river_class":"소하천","river_class_source":"중심선 공간조인","survey_method":"사진측량"},"geometry":{"type":"Polygon","coordinates":[[[129.02043,35.78655],[129.02078,35.78638],[129.01548,35.78616],[129.01397,35.78559],[129.01322,35.78602],[129.01097,35.78606],[129.01061,35.78641],[129.00909,35.78671],[129.00805,35.78658],[129.00673,35.78691],[129.00615,35.78727],[129.00511,35.78759],[129.00462,35.78796],[129.00375,35.78807],[129.00307,35.78861],[129.00254,35.7886],[129.00207,35.78886],[129.00158,35.79071],[129.00115,35.79149],[129.0014,35.79206],[129.00119,35.79234],[129.00107,35.7931],[129.00078,35.79382],[129.0,35.79433],[129.00074,35.79398],[129.00095,35.79368],[129.00129,35.79233],[129.0015,35.79212],[129.00126,35.79155],[129.0017,35.7907],[129.00211,35.78894],[129.00248,35.78869],[129.00309,35.78869],[129.0038,35.78814],[129.00467,35.78799],[129.00673,35.78697],[129.00808,35.78665],[129.00926,35.78678],[129.01082,35.78642],[129.0112,35.78614],[129.0131,35.78614],[129.01402,35.78567],[129.01557,35.7863],[129.01591,35.78618],[129.01709,35.78639],[129.01825,35.7863],[129.02043,35.78655]]]}},{"type":"Feature","id":"TN_RIVER_BNDRY:WTR0100000001PIVK","properties":{"NF_ID":"WTR0100000001PIVK","admin_code":"47130","source_layer":"TN_RIVER_BNDRY","semantic":"zone","river_class":"소하천","river_class_source":"중심선 공간조인","survey_method":"사진측량"},"geometry":{"type":"Polygon","coordinates":[[[129.24876,35.78962],[129.24739,35.78917],[129.24723,35.78937],[129.24851,35.78976],[129.25,35.7918],[129.25,35.79128],[129.24876,35.78962]]]}},{"type":"Feature","id":"TN_RIVER_BNDRY:WTR0100000001PIWL","properties":{"NF_ID":"WTR0100000001PIWL","admin_code":"47130","source_layer":"TN_RIVER_BNDRY","semantic":"zone","river_class":"등급미확인","survey_method":"사진측량"},"geometry":{"type":"Polygon","coordinates":[[[129.25,35.79745],[129.25,35.79502],[129.2498,35.79746],[129.25,35.79745]]]}},{"type":"Feature","id":"TN_RIVER_BNDRY:WTR0100000001PIXM","properties":{"NF_ID":"WTR0100000001PIXM","admin_code":"47130","source_layer":"TN_RIVER_BNDRY","semantic":"zone","river_class":"소하천","river_class_source":"중심선 공간조인","survey_method":"사진측량"},"geometry":{"type":"Polygon","coordinates":[[[129.25,35.79745],[129.24977,35.79756],[129.25,35.79757],[129.25,35.79745]]]}},{"type":"Feature","id":"TN_RIVER_BNDRY:WTR0100000001PIYN","properties":{"NF_ID":"WTR0100000001PIYN","admin_code":"47130","source_layer":"TN_RIVER_BNDRY","semantic":"zone","river_class":"등급미확인","survey_method":"사진측량"},"geometry":{"type":"Polygon","coordinates":[[[129.25,35.79757],[129.24977,35.79756],[129.25,35.79908],[129.25,35.79757]]]}},{"type":"Feature","id":"TN_RIVER_BNDRY:WTR0100000001PIZO","properties":{"NF_ID":"WTR0100000001PIZO","admin_code":"47130","source_layer":"TN_RIVER_BNDRY","semantic":"zone","river_class":"소하천","river_class_source":"중심선 공간조인","survey_method":"사진측량"},"geometry":{"type":"Polygon","coordinates":[[[129.25,35.81111],[129.24966,35.81159],[129.25,35.81216],[129.24968,35.81157],[129.25,35.81111]]]}},{"type":"Feature","id":"TN_RIVER_BNDRY:WTR0100000001PJ0Q","properties":{"NF_ID":"WTR0100000001PJ0Q","admin_code":"47130","source_layer":"TN_RIVER_BNDRY","semantic":"zone","river_class":"지방하천","river_class_source":"중심선 공간조인","river_name":"남천","river_code":"1020500","survey_method":"사진측량"},"geometry":{"type":"Polygon","coordinates":[[[129.24208,35.81489],[129.24195,35.81547],[129.2429,35.81553],[129.24556,35.81633],[129.24708,35.81643],[129.24835,35.81629],[129.24926,35.81566],[129.25,35.81435],[129.25,35.81289],[129.24883,35.81502],[129.24779,35.81575],[129.2458,35.81571],[129.24459,35.81525],[129.24208,35.81489]]]}},{"type":"Feature","id":"TN_RIVER_BNDRY:WTR0100000001PJ2S","properties":{"NF_ID":"WTR0100000001PJ2S","admin_code":"47130","source_layer":"TN_RIVER_BNDRY","semantic":"zone","river_class":"소하천","river_class_source":"중심선 공간조인","survey_method":"사진측량"},"geometry":{"type":"Polygon","coordinates":[[[129.25,35.83723],[129.25,35.83715],[129.24998,35.83722],[129.24996,35.83728],[129.24995,35.83733],[129.24994,35.83737],[129.24994,35.83741],[129.24994,35.83746],[129.24995,35.83752],[129.24995,35.83758],[129.24998,35.83777],[129.25,35.83784],[129.25,35.83785],[129.25,35.8377],[129.24999,35.83766],[129.24998,35.83757],[129.24997,35.83751],[129.24997,35.83746],[129.24997,35.83741],[129.24997,35.83737],[129.24997,35.83733],[129.24998,35.83728],[129.25,35.83723]]]}},{"type":"Feature","id":"TN_RIVER_BNDRY:WTR0100000001PJ3T","properties":{"NF_ID":"WTR0100000001PJ3T","admin_code":"47130","source_layer":"TN_RIVER_BNDRY","semantic":"zone","river_class":"소하천","river_class_source":"중심선 공간조인","survey_method":"사진측량"},"geometry":{"type":"Polygon","coordinates":[[[129.24964,35.84157],[129.24854,35.84132],[129.24816,35.8409],[129.24738,35.84063],[129.24745,35.84079],[129.24816,35.84092],[129.24848,35.84131],[129.24965,35.8416],[129.25,35.84191],[129.24964,35.84157]]]}},{"type":"Feature","id":"TN_RIVER_BNDRY:WTR0100000001PJ6W","properties":{"NF_ID":"WTR0100000001PJ6W","admin_code":"47130","source_layer":"TN_RIVER_BNDRY","semantic":"zone","river_class":"지방하천","river_class_source":"중심선 공간조인","river_name":"북천","river_code":"1023130","survey_method":"사진측량"},"geometry":{"type":"Polygon","coordinates":[[[129.20392,35.85951],[129.20406,35.86098],[129.20542,35.85986],[129.2071,35.85882],[129.20828,35.85828],[129.20907,35.85765],[129.21041,35.85701],[129.21092,35.85662],[129.21111,35.8566],[129.21059,35.85694],[129.2151,35.85437],[129.21948,35.85153],[129.21967,35.85173],[129.21951,35.85151],[129.22504,35.84736],[129.22942,35.84514],[129.22985,35.84542],[129.22947,35.84511],[129.23035,35.84474],[129.23767,35.84278],[129.24113,35.84131],[129.24307,35.8413],[129.24402,35.84153],[129.24554,35.84195],[129.24716,35.84273],[129.24802,35.84287],[129.25,35.84353],[129.25,35.84264],[129.24483,35.84],[129.24372,35.83971],[129.24239,35.83964],[129.24066,35.83996],[129.23671,35.84144],[129.23638,35.84251],[129.23043,35.84396],[129.23034,35.8437],[129.23031,35.84405],[129.22996,35.84424],[129.22912,35.84462],[129.22839,35.84467],[129.22531,35.84613],[129.22114,35.8493],[129.21998,35.84969],[129.21782,35.85193],[129.21655,35.85252],[129.20482,35.85933],[129.20392,35.85951]]]}},{"type":"Feature","id":"TN_RIVER_BNDRY:WTR0100000001PJA0","properties":{"NF_ID":"WTR0100000001PJA0","admin_code":"47130","source_layer":"TN_RIVER_BNDRY","semantic":"zone","river_class":"지방하천","river_class_source":"중심선 공간조인","river_name":"신당천","river_code":"2023940","survey_method":"사진측량"},"geometry":{"type":"Polygon","coordinates":[[[129.2372,35.89714],[129.23803,35.89835],[129.23838,35.89752],[129.23856,35.89515],[129.23912,35.89419],[129.23959,35.89386],[129.24121,35.89187],[129.24211,35.89148],[129.24349,35.89187],[129.24519,35.89257],[129.24644,35.89356],[129.24885,35.89627],[129.24968,35.8977],[129.24984,35.89859],[129.2498,35.90016],[129.25,35.90089],[129.25,35.89691],[129.24934,35.89581],[129.24739,35.89367],[129.24603,35.89253],[129.24448,35.89158],[129.24279,35.89098],[129.24125,35.89095],[129.24004,35.89193],[129.23906,35.89341],[129.23821,35.89428],[129.23791,35.89582],[129.23758,35.89571],[129.23771,35.89566],[129.23789,35.89458],[129.23718,35.89347],[129.23675,35.89353],[129.23671,35.89369],[129.23584,35.89411],[129.23588,35.8945],[129.23573,35.89414],[129.23668,35.8936],[129.23569,35.8941],[129.23567,35.89437],[129.23625,35.89498],[129.236,35.89455],[129.23696,35.89559],[129.23752,35.89568],[129.23698,35.89567],[129.2365,35.89523],[129.23692,35.89572],[129.2379,35.89593],[129.2378,35.89635],[129.23804,35.89692],[129.23792,35.89776],[129.23778,35.89793],[129.2372,35.89714]]]}},{"type":"Feature","id":"TN_RIVER_BNDRY:WTR0100000001PJB1","properties":{"NF_ID":"WTR0100000001PJB1","admin_code":"47130","source_layer":"TN_RIVER_BNDRY","semantic":"zone","river_class":"소하천","river_class_source":"중심선 공간조인","survey_method":"사진측량"},"geometry":{"type":"Polygon","coordinates":[[[129.24386,35.91957],[129.24479,35.91898],[129.24518,35.91891],[129.24832,35.91936],[129.25,35.9194],[129.25,35.91924],[129.24787,35.91922],[129.24519,35.91885],[129.24477,35.9189],[129.24386,35.91957]]]}},{"type":"Feature","id":"TN_RIVER_BNDRY:WTR0100000001PJD3","properties":{"NF_ID":"WTR0100000001PJD3","admin_code":"47130","source_layer":"TN_RIVER_BNDRY","semantic":"zone","river_class":"소하천","river_class_source":"중심선 공간조인","survey_method":"사진측량"},"geometry":{"type":"Polygon","coordinates":[[[129.24213,35.93928],[129.24211,35.93947],[129.24377,35.93973],[129.24493,35.93973],[129.24637,35.93944],[129.2476,35.93937],[129.24839,35.93918],[129.24893,35.93833],[129.25,35.93776],[129.24888,35.93819],[129.24831,35.93909],[129.24485,35.93963],[129.2435,35.93959],[129.24213,35.93928]]]}},{"type":"Feature","id":"TN_RIVER_BNDRY:WTR0100000001PJE4","properties":{"NF_ID":"WTR0100000001PJE4","admin_code":"47130","source_layer":"TN_RIVER_BNDRY","semantic":"zone","river_class":"소하천","river_class_source":"중심선 공간조인","survey_method":"사진측량"},"geometry":{"type":"Polygon","coordinates":[[[129.24785,35.95068],[129.25,35.9512],[129.24948,35.95091],[129.24785,35.95068]]]}},{"type":"Feature","id":"TN_RIVER_BNDRY:WTR0100000001PJI8","properties":{"NF_ID":"WTR0100000001PJI8","admin_code":"47130","source_layer":"TN_RIVER_BNDRY","semantic":"zone","river_class":"소하천","river_class_source":"중심선 공간조인","survey_method":"사진측량"},"geometry":{"type":"Polygon","coordinates":[[[129.25,35.97022],[129.25,35.97016],[129.24957,35.97024],[129.24883,35.97036],[129.2488,35.97038],[129.2488,35.97043],[129.24901,35.97041],[129.24935,35.97035],[129.25,35.97022]]]}},{"type":"Feature","id":"TN_RIVER_BNDRY:WTR0100000001PJLB","properties":{"NF_ID":"WTR0100000001PJLB","admin_code":"47130","source_layer":"TN_RIVER_BNDRY","semantic":"zone","river_class":"국가하천","river_class_source":"중심선 공간조인","river_name":"형산강","river_code":"2100010","survey_method":"사진측량"},"geometry":{"type":"Polygon","coordinates":[[[129.25,35.98687],[129.25,35.98403],[129.24906,35.98232],[129.2485,35.98051],[129.24772,35.97953],[129.24695,35.97915],[129.24573,35.97782],[129.24472,35.97727],[129.24305,35.97997],[129.24343,35.98049],[129.24479,35.98092],[129.24593,35.9819],[129.24772,35.9857],[129.24903,35.98746],[129.25,35.98687]]]}},{"type":"Feature","id":"TN_RIVER_BNDRY:WTR0100000001PJMC","properties":{"NF_ID":"WTR0100000001PJMC","admin_code":"47130","source_layer":"TN_RIVER_BNDRY","semantic":"zone","river_class":"소하천","river_class_source":"중심선 공간조인","survey_method":"사진측량"},"geometry":{"type":"Polygon","coordinates":[[[129.24987,35.98719],[129.25,35.98687],[129.24903,35.98746],[129.24928,35.9875],[129.24987,35.98719]]]}},{"type":"Feature","id":"TN_RIVER_BNDRY:WTR0100000001PJND","properties":{"NF_ID":"WTR0100000001PJND","admin_code":"47130","source_layer":"TN_RIVER_BNDRY","semantic":"zone","river_class":"등급미확인","survey_method":"사진측량"},"geometry":{"type":"Polygon","coordinates":[[[129.25,35.98708],[129.24987,35.98719],[129.25,35.98729],[129.25,35.98708]]]}},{"type":"Feature","id":"TN_RIVER_BNDRY:WTR0100000001PJOE","properties":{"NF_ID":"WTR0100000001PJOE","admin_code":"47130","source_layer":"TN_RIVER_BNDRY","semantic":"zone","river_class":"소하천","river_class_source":"중심선 공간조인","survey_method":"사진측량"},"geometry":{"type":"Polygon","coordinates":[[[129.24988,35.99101],[129.25,35.99134],[129.25,35.99095],[129.24988,35.99101]]]}},{"type":"Feature","id":"TN_RIVER_BNDRY:WTR0100000001PJTJ","properties":{"NF_ID":"WTR0100000001PJTJ","admin_code":"47130","source_layer":"TN_RIVER_BNDRY","semantic":"zone","river_class":"등급미확인","survey_method":"사진측량"},"geometry":{"type":"Polygon","coordinates":[[[129.2497,35.99766],[129.25,35.99786],[129.25,35.99683],[129.2497,35.99766]]]}},{"type":"Feature","id":"TN_RIVER_BNDRY:WTR0100000001PJUK","properties":{"NF_ID":"WTR0100000001PJUK","admin_code":"47130","source_layer":"TN_RIVER_BNDRY","semantic":"zone","river_class":"등급미확인","survey_method":"사진측량"},"geometry":{"type":"Polygon","coordinates":[[[129.25,35.99786],[129.2497,35.99766],[129.24947,35.99813],[129.25,35.99837],[129.25,35.99786]]]}},{"type":"Feature","id":"TN_RIVER_BNDRY:WTR0100000001PJZP","properties":{"NF_ID":"WTR0100000001PJZP","admin_code":"47130","source_layer":"TN_RIVER_BNDRY","semantic":"zone","river_class":"소하천","river_class_source":"중심선 공간조인","survey_method":"사진측량"},"geometry":{"type":"Polygon","coordinates":[[[129.18849,35.99689],[129.18806,35.99688],[129.18813,35.99708],[129.1883,35.99702],[129.18805,35.99764],[129.18758,35.99846],[129.187,35.99882],[129.18692,36.0],[129.18711,35.99975],[129.18701,35.99898],[129.18768,35.99847],[129.18849,35.99689]]]}},{"type":"Feature","id":"TN_RIVER_BNDRY:WTR0100000001PK0R","properties":{"NF_ID":"WTR0100000001PK0R","admin_code":"47130","source_layer":"TN_RIVER_BNDRY","semantic":"zone","river_class":"소하천","river_class_source":"중심선 공간조인","survey_method":"사진측량"},"geometry":{"type":"Polygon","coordinates":[[[129.24337,35.99831],[129.24317,35.9982],[129.24066,36.0],[129.24097,36.0],[129.24337,35.99831]]]}},{"type":"Feature","id":"TN_RIVER_BNDRY:WTR0100000001PK1S","properties":{"NF_ID":"WTR0100000001PK1S","admin_code":"47130","source_layer":"TN_RIVER_BNDRY","semantic":"zone","river_class":"소하천","river_class_source":"중심선 공간조인","survey_method":"사진측량"},"geometry":{"type":"Polygon","coordinates":[[[129.17099,35.99639],[129.17083,35.99666],[129.17181,35.99792],[129.17167,35.99913],[129.17223,36.0],[129.17237,36.0],[129.17181,35.99891],[129.17193,35.99779],[129.17099,35.99639]]]}},{"type":"Feature","id":"TN_RIVER_BNDRY:WTR0100000001PK2T","properties":{"NF_ID":"WTR0100000001PK2T","admin_code":"47130","source_layer":"TN_RIVER_BNDRY","semantic":"zone","river_class":"소하천","river_class_source":"중심선 공간조인","survey_method":"사진측량"},"geometry":{"type":"Polygon","coordinates":[[[129.14408,35.97869],[129.14384,35.97878],[129.14346,35.97955],[129.14381,35.98069],[129.14381,35.98129],[129.14318,35.98248],[129.14305,35.98374],[129.14269,35.98429],[129.14172,35.98509],[129.14151,35.98555],[129.14162,35.98593],[129.14235,35.98667],[129.14237,35.98707],[129.14157,35.98834],[129.14105,35.98975],[129.13904,35.99203],[129.13878,35.99362],[129.13823,35.99432],[129.13782,35.99534],[129.13546,35.99659],[129.13513,35.99772],[129.1356,35.99858],[129.13555,35.99908],[129.13529,35.99936],[129.13455,35.99952],[129.13431,36.0],[129.13477,35.99948],[129.13572,35.99942],[129.1357,35.99856],[129.13528,35.9977],[129.13552,35.99683],[129.13592,35.99641],[129.13658,35.99622],[129.13782,35.99552],[129.13839,35.99433],[129.13886,35.99373],[129.13916,35.99207],[129.14119,35.98982],[129.14243,35.98729],[129.14244,35.9865],[129.14174,35.98583],[129.14162,35.98546],[129.14218,35.9848],[129.14277,35.98439],[129.14331,35.98353],[129.14336,35.98246],[129.14408,35.98096],[129.14361,35.97964],[129.14417,35.97891],[129.14408,35.97869]]]}},{"type":"Feature","id":"TN_RIVER_BNDRY:WTR0100000001PK4V","properties":{"NF_ID":"WTR0100000001PK4V","admin_code":"47130","source_layer":"TN_RIVER_BNDRY","semantic":"zone","river_class":"지방하천","river_class_source":"중심선 공간조인","river_name":"기계천","river_code":"2120240","survey_method":"사진측량"},"geometry":{"type":"Polygon","coordinates":[[[129.25,35.99837],[129.24947,35.99813],[129.24864,36.0],[129.24959,36.0],[129.24982,35.99971],[129.25,35.99975],[129.25,35.99837]]]}},{"type":"Feature","id":"TN_RIVER_BNDRY:WTR0100000001PK5W","properties":{"NF_ID":"WTR0100000001PK5W","admin_code":"47130","source_layer":"TN_RIVER_BNDRY","semantic":"zone","river_class":"지방하천","river_class_source":"중심선 공간조인","river_name":"옥산천","river_code":"1021460","survey_method":"사진측량"},"geometry":{"type":"Polygon","coordinates":[[[129.17083,35.99666],[129.17062,35.9965],[129.16946,35.9986],[129.16835,36.0],[129.1685,36.0],[129.16948,35.99892],[129.17083,35.99666]]]}},{"type":"Feature","id":"TN_RIVER_BNDRY:WTR0100000001XK65","properties":{"NF_ID":"WTR0100000001XK65","admin_code":"47130","source_layer":"TN_RIVER_BNDRY","semantic":"zone","river_class":"소하천","river_class_source":"중심선 공간조인","survey_method":"사진측량"},"geometry":{"type":"Polygon","coordinates":[[[128.98433,35.74736],[128.98431,35.74731],[128.98423,35.74729],[128.98419,35.74737],[128.98421,35.74739],[128.98423,35.7474],[128.98433,35.74736]]]}},{"type":"Feature","id":"TN_RIVER_BNDRY:WTR0100000001XK76","properties":{"NF_ID":"WTR0100000001XK76","admin_code":"47130","source_layer":"TN_RIVER_BNDRY","semantic":"zone","river_class":"소하천","river_class_source":"중심선 공간조인","survey_method":"사진측량"},"geometry":{"type":"Polygon","coordinates":[[[128.98423,35.74729],[128.98394,35.74725],[128.98344,35.74681],[128.98396,35.74733],[128.98423,35.74729]]]}},{"type":"Feature","id":"TN_RIVER_BNDRY:WTR0100000001XK87","properties":{"NF_ID":"WTR0100000001XK87","admin_code":"47130","source_layer":"TN_RIVER_BNDRY","semantic":"zone","river_class":"소하천","river_class_source":"중심선 공간조인","survey_method":"사진측량"},"geometry":{"type":"Polygon","coordinates":[[[128.98423,35.74729],[128.98431,35.74731],[128.98431,35.74727],[128.98436,35.74712],[128.98436,35.74706],[128.98435,35.74703],[128.98432,35.74699],[128.98432,35.74697],[128.98435,35.74689],[128.98434,35.74678],[128.98432,35.7467],[128.98431,35.74669],[128.9843,35.74669],[128.98429,35.74669],[128.98429,35.7467],[128.98428,35.74675],[128.9843,35.74682],[128.9843,35.7469],[128.98429,35.74695],[128.98428,35.74702],[128.98428,35.74706],[128.98429,35.74707],[128.98429,35.74709],[128.98429,35.7471],[128.98429,35.74712],[128.98429,35.74713],[128.98429,35.74714],[128.98429,35.74715],[128.98428,35.74717],[128.98423,35.74729]]]}},{"type":"Feature","id":"TN_RIVER_BNDRY:WTR0100000001Y17O","properties":{"NF_ID":"WTR0100000001Y17O","admin_code":"47130","source_layer":"TN_RIVER_BNDRY","semantic":"zone","river_class":"소하천","river_class_source":"중심선 공간조인","survey_method":"사진측량"},"geometry":{"type":"Polygon","coordinates":[[[128.99877,35.73126],[128.9986,35.73116],[128.99777,35.73116],[128.99687,35.7306],[128.99603,35.73034],[128.99517,35.7285],[128.9944,35.72837],[128.99295,35.72859],[128.99441,35.72842],[128.9951,35.72854],[128.99522,35.72898],[128.99567,35.72953],[128.99593,35.73037],[128.99691,35.73069],[128.99782,35.73129],[128.99859,35.73126],[128.99922,35.73168],[129.0,35.73197],[128.9999,35.73179],[128.99933,35.73164],[128.99877,35.73126]]]}},{"type":"Feature","id":"TN_RIVER_BNDRY:WTR0100000001Y1FW","properties":{"NF_ID":"WTR0100000001Y1FW","admin_code":"47130","source_layer":"TN_RIVER_BNDRY","semantic":"zone","river_class":"소하천","river_class_source":"중심선 공간조인","survey_method":"사진측량"},"geometry":{"type":"Polygon","coordinates":[[[128.98433,35.74736],[128.98438,35.74754],[128.9854,35.74797],[128.98614,35.74868],[128.98653,35.75],[128.9862,35.74867],[128.98541,35.7479],[128.98433,35.74736]]]}},{"type":"Feature","id":"TN_RIVER_BNDRY:WTR010000000205H5","properties":{"NF_ID":"WTR010000000205H5","admin_code":"47130","source_layer":"TN_RIVER_BNDRY","semantic":"zone","river_class":"소하천","river_class_source":"중심선 공간조인","survey_method":"사진측량"},"geometry":{"type":"Polygon","coordinates":[[[128.99356,35.7609],[128.99348,35.76082],[128.99025,35.76221],[128.98882,35.76215],[128.9873,35.76148],[128.98727,35.76134],[128.98691,35.76133],[128.9889,35.76221],[128.99024,35.76226],[128.99356,35.7609]]]}},{"type":"Feature","id":"TN_RIVER_BNDRY:WTR010000000205I6","properties":{"NF_ID":"WTR010000000205I6","admin_code":"47130","source_layer":"TN_RIVER_BNDRY","semantic":"zone","river_class":"소하천","river_class_source":"중심선 공간조인","survey_method":"사진측량"},"geometry":{"type":"Polygon","coordinates":[[[128.99379,35.76076],[128.99356,35.7609],[128.99426,35.76092],[128.99439,35.7613],[128.99429,35.76088],[128.99385,35.76093],[128.99379,35.76076]]]}},{"type":"Feature","id":"TN_RIVER_BNDRY:WTR010000000205J7","properties":{"NF_ID":"WTR010000000205J7","admin_code":"47130","source_layer":"TN_RIVER_BNDRY","semantic":"zone","river_class":"소하천","river_class_source":"중심선 공간조인","survey_method":"사진측량"},"geometry":{"type":"Polygon","coordinates":[[[128.99379,35.76076],[128.99348,35.76082],[128.99356,35.7609],[128.99379,35.76076]]]}},{"type":"Feature","id":"TN_RIVER_BNDRY:WTR010000000205K8","properties":{"NF_ID":"WTR010000000205K8","admin_code":"47130","source_layer":"TN_RIVER_BNDRY","semantic":"zone","river_class":"소하천","river_class_source":"중심선 공간조인","survey_method":"사진측량"},"geometry":{"type":"Polygon","coordinates":[[[128.99377,35.76071],[128.99474,35.76069],[128.99507,35.76125],[128.99476,35.76066],[128.99377,35.76071]]]}},{"type":"Feature","id":"TN_RIVER_BNDRY:WTR010000000205L9","properties":{"NF_ID":"WTR010000000205L9","admin_code":"47130","source_layer":"TN_RIVER_BNDRY","semantic":"zone","river_class":"지방하천","river_class_source":"중심선 공간조인","river_name":"동창천","river_code":"2026960","survey_method":"사진측량"},"geometry":{"type":"Polygon","coordinates":[[[128.98686,35.76016],[128.98614,35.76011],[128.98691,35.76133],[128.98727,35.76134],[128.98686,35.76016]]]}},{"type":"Feature","id":"TN_RIVER_BNDRY:WTR010000000205MA","properties":{"NF_ID":"WTR010000000205MA","admin_code":"47130","source_layer":"TN_RIVER_BNDRY","semantic":"zone","river_class":"지방하천","river_class_source":"중심선 공간조인","river_name":"동창천","river_code":"2026960","survey_method":"사진측량"},"geometry":{"type":"Polygon","coordinates":[[[128.98614,35.76011],[128.98465,35.75997],[128.98461,35.76083],[128.98691,35.76133],[128.98614,35.76011]]]}},{"type":"Feature","id":"TN_RIVER_BNDRY:WTR010000000205NB","properties":{"NF_ID":"WTR010000000205NB","admin_code":"47130","source_layer":"TN_RIVER_BNDRY","semantic":"zone","river_class":"지방하천","river_class_source":"중심선 공간조인","river_name":"동창천","river_code":"2026960","survey_method":"사진측량"},"geometry":{"type":"Polygon","coordinates":[[[128.98465,35.75997],[128.9843,35.75994],[128.984,35.76078],[128.98461,35.76083],[128.98465,35.75997]]]}},{"type":"Feature","id":"TN_RIVER_BNDRY:WTR010000000205PD","properties":{"NF_ID":"WTR010000000205PD","admin_code":"47130","source_layer":"TN_RIVER_BNDRY","semantic":"zone","river_class":"지방하천","river_class_source":"중심선 공간조인","river_name":"동창천","river_code":"2026960","survey_method":"사진측량"},"geometry":{"type":"Polygon","coordinates":[[[128.99818,35.7566],[128.99912,35.75471],[128.99616,35.75593],[128.99591,35.75637],[128.99236,35.75836],[128.99178,35.75854],[128.99075,35.75925],[128.98857,35.76002],[128.98686,35.76016],[128.98727,35.76134],[128.98924,35.76099],[128.99113,35.7603],[128.99411,35.75883],[128.99674,35.75721],[128.99818,35.7566]]]}},{"type":"Feature","id":"TN_RIVER_BNDRY:WTR01000000020N6C","properties":{"NF_ID":"WTR01000000020N6C","admin_code":"47130","source_layer":"TN_RIVER_BNDRY","semantic":"zone","river_class":"소하천","river_class_source":"중심선 공간조인","survey_method":"사진측량"},"geometry":{"type":"Polygon","coordinates":[[[129.0,35.75138],[129.0,35.75102],[128.99997,35.75106],[128.99994,35.75116],[129.0,35.75138]]]}},{"type":"Feature","id":"TN_RIVER_BNDRY:WTR01000000020N8E","properties":{"NF_ID":"WTR01000000020N8E","admin_code":"47130","source_layer":"TN_RIVER_BNDRY","semantic":"zone","river_class":"소하천","river_class_source":"중심선 공간조인","survey_method":"사진측량"},"geometry":{"type":"Polygon","coordinates":[[[128.99912,35.75471],[129.0,35.75483],[129.0,35.75338],[128.99912,35.75471]]]}},{"type":"Feature","id":"TN_RIVER_BNDRY:WTR01000000020N9F","properties":{"NF_ID":"WTR01000000020N9F","admin_code":"47130","source_layer":"TN_RIVER_BNDRY","semantic":"zone","river_class":"지방하천","river_class_source":"중심선 공간조인","river_name":"동창천","river_code":"2026960","survey_method":"사진측량"},"geometry":{"type":"Polygon","coordinates":[[[129.0,35.75483],[128.99912,35.75471],[128.99818,35.7566],[129.0,35.75611],[129.0,35.75483]]]}},{"type":"Feature","id":"TN_RIVER_BNDRY:WTR01000000020NCI","properties":{"NF_ID":"WTR01000000020NCI","admin_code":"47130","source_layer":"TN_RIVER_BNDRY","semantic":"zone","river_class":"소하천","river_class_source":"중심선 공간조인","survey_method":"사진측량"},"geometry":{"type":"Polygon","coordinates":[[[128.9843,35.75994],[128.98465,35.75997],[128.98461,35.75876],[128.98529,35.75796],[128.98527,35.75707],[128.98573,35.75638],[128.98583,35.75581],[128.98562,35.75533],[128.98589,35.75444],[128.98666,35.75317],[128.98655,35.75269],[128.98684,35.75218],[128.9869,35.75146],[128.98653,35.75],[128.98684,35.75148],[128.98677,35.75216],[128.98647,35.7527],[128.9866,35.75316],[128.98576,35.7545],[128.9855,35.75544],[128.98565,35.75639],[128.98517,35.757],[128.98522,35.75792],[128.98455,35.75866],[128.98448,35.7597],[128.9843,35.75994]]]}},{"type":"Feature","id":"TN_RIVER_BNDRY:WTR01000000020NEK","properties":{"NF_ID":"WTR01000000020NEK","admin_code":"47130","source_layer":"TN_RIVER_BNDRY","semantic":"zone","river_class":"소하천","river_class_source":"중심선 공간조인","survey_method":"사진측량"},"geometry":{"type":"Polygon","coordinates":[[[129.0,35.79433],[129.0,35.79424],[129.0,35.79424],[128.9999,35.79433],[128.99987,35.7944],[128.99988,35.79463],[128.99992,35.79466],[128.99994,35.79464],[128.99996,35.79462],[128.99996,35.79458],[128.99995,35.79452],[128.99995,35.79444],[128.99996,35.79438],[128.99998,35.79435],[129.0,35.79433],[129.0,35.79433]]]}}]}