{"type":"FeatureCollection","features":[{"type":"Feature","id":"FLD:44130:221:4757","geometry":{"type":"MultiPolygon","coordinates":[[[[127.114243,36.822822],[127.114001,36.822837],[127.113615,36.82288],[127.113224,36.822913],[127.112741,36.822948],[127.112472,36.822969],[127.112158,36.822667],[127.112262,36.822687],[127.112486,36.822672],[127.112607,36.822693],[127.113053,36.822659],[127.113249,36.822622],[127.113413,36.822611],[127.113695,36.822614],[127.114177,36.82259],[127.114552,36.822814],[127.114243,36.822822]]]]},"properties":{"id":"FLD:44130:221:4757","layer":"FLOOD_TRACE","admin_code":"44130","sido_code":"44","flood_year":"2014","occurred_at":"2014-07-18","ended_at":"2014-07-18","begin_time":"0500","end_time":"1000","disaster_name":"7.18 집중호우에 따른 침수흔적도작성","cause_detail":"집중호우에 따른 범람","flood_grade":1,"flood_depth_m":0.144,"flood_area_m2":20968.878,"source_sn":221,"data_status":"actual","official_data":true,"is_prediction":false,"source":"행정안전부 침수흔적도 · 재난안전데이터공유플랫폼 DSSP-IF-00117","collected_at":"2026-08-19T16:46:51+09:00","source_crs":"EPSG:3857","display_badges":["행안부 침수흔적도","과거 기록"]}},{"type":"Feature","id":"FLD:44130:219:4758","geometry":{"type":"MultiPolygon","coordinates":[[[[127.114552,36.822814],[127.114681,36.822879],[127.11528,36.823308],[127.114909,36.823376],[127.114834,36.82327],[127.114712,36.823063],[127.114243,36.822822],[127.114552,36.822814]]]]},"properties":{"id":"FLD:44130:219:4758","layer":"FLOOD_TRACE","admin_code":"44130","sido_code":"44","flood_year":"2014","occurred_at":"2014-07-18","ended_at":"2014-07-18","begin_time":"0500","end_time":"1000","disaster_name":"7.18 집중호우에 따른 침수흔적도작성","cause_detail":"집중호우에 따른 범람","flood_grade":2,"flood_depth_m":0.694,"flood_area_m2":20968.878,"source_sn":219,"data_status":"actual","official_data":true,"is_prediction":false,"source":"행정안전부 침수흔적도 · 재난안전데이터공유플랫폼 DSSP-IF-00117","collected_at":"2026-08-19T16:46:51+09:00","source_crs":"EPSG:3857","display_badges":["행안부 침수흔적도","과거 기록"]}},{"type":"Feature","id":"FLD:44130:220:4759","geometry":{"type":"MultiPolygon","coordinates":[[[[127.113695,36.822614],[127.113413,36.822611],[127.113249,36.822622],[127.113053,36.822659],[127.112607,36.822693],[127.112486,36.822672],[127.112262,36.822687],[127.112158,36.822667],[127.112132,36.822615],[127.112483,36.821752],[127.112681,36.821752],[127.112954,36.82175],[127.112974,36.82175],[127.113144,36.82175],[127.113391,36.821749],[127.114282,36.82252],[127.114177,36.82259],[127.113695,36.822614]]]]},"properties":{"id":"FLD:44130:220:4759","layer":"FLOOD_TRACE","admin_code":"44130","sido_code":"44","flood_year":"2014","occurred_at":"2014-07-18","ended_at":"2014-07-18","begin_time":"0500","end_time":"1000","disaster_name":"7.18 집중호우에 따른 침수흔적도작성","cause_detail":"집중호우에 따른 범람","flood_grade":2,"flood_depth_m":0.599,"flood_area_m2":20968.878,"source_sn":220,"data_status":"actual","official_data":true,"is_prediction":false,"source":"행정안전부 침수흔적도 · 재난안전데이터공유플랫폼 DSSP-IF-00117","collected_at":"2026-08-19T16:46:51+09:00","source_crs":"EPSG:3857","display_badges":["행안부 침수흔적도","과거 기록"]}},{"type":"Feature","id":"FLD:44130:222:4760","geometry":{"type":"MultiPolygon","coordinates":[[[[127.109093,36.813104],[127.109195,36.813441],[127.109335,36.813902],[127.109452,36.814289],[127.109622,36.814736],[127.109729,36.81509],[127.109816,36.815375],[127.109964,36.815864],[127.110057,36.816282],[127.11014,36.816557],[127.110244,36.816898],[127.110382,36.817355],[127.110518,36.817802],[127.110696,36.818276],[127.110849,36.818779],[127.110962,36.819266],[127.111069,36.819621],[127.111174,36.819965],[127.111021,36.819996],[127.110911,36.819636],[127.110805,36.819278],[127.110657,36.818813],[127.110508,36.818318],[127.11036,36.817833],[127.110226,36.817392],[127.110083,36.81692],[127.109982,36.816589],[127.1099,36.816312],[127.109778,36.8159],[127.109633,36.815426],[127.109545,36.815137],[127.109429,36.814761],[127.109301,36.814325],[127.109182,36.813926],[127.109048,36.813485],[127.108935,36.813129],[127.108837,36.812793],[127.10899,36.812763],[127.109093,36.813104]]]]},"properties":{"id":"FLD:44130:222:4760","layer":"FLOOD_TRACE","admin_code":"44130","sido_code":"44","flood_year":"2014","occurred_at":"2014-07-18","ended_at":"2014-07-18","begin_time":"0500","end_time":"1000","disaster_name":"7.18 집중호우에 따른 침수흔적도작성","cause_detail":"집중호우에 따른 범람","flood_grade":1,"flood_depth_m":0.202,"flood_area_m2":15735.894,"source_sn":222,"data_status":"actual","official_data":true,"is_prediction":false,"source":"행정안전부 침수흔적도 · 재난안전데이터공유플랫폼 DSSP-IF-00117","collected_at":"2026-08-19T16:46:51+09:00","source_crs":"EPSG:3857","display_badges":["행안부 침수흔적도","과거 기록"]}},{"type":"Feature","id":"FLD:44130:3386:9289","geometry":{"type":"MultiPolygon","coordinates":[[[[127.153463,36.800328],[127.153543,36.799885],[127.153557,36.799812],[127.153623,36.799446],[127.153626,36.799429],[127.153683,36.799126],[127.153692,36.799074],[127.153766,36.798675],[127.153856,36.798618],[127.154667,36.79865],[127.154737,36.798652],[127.155782,36.798695],[127.155857,36.798698],[127.15584,36.798965],[127.155837,36.799116],[127.155875,36.79915],[127.155889,36.799239],[127.155852,36.799865],[127.155884,36.799899],[127.155882,36.799971],[127.155394,36.799953],[127.155349,36.799981],[127.155321,36.800286],[127.155327,36.800297],[127.155311,36.800401],[127.155283,36.800703],[127.155319,36.800737],[127.155317,36.80079],[127.155171,36.800785],[127.15423,36.800751],[127.154202,36.800789],[127.154243,36.80084],[127.154142,36.800853],[127.154097,36.800799],[127.154054,36.800755],[127.154021,36.800729],[127.153979,36.800696],[127.153463,36.800328]]]]},"properties":{"id":"FLD:44130:3386:9289","layer":"FLOOD_TRACE","admin_code":"44130","sido_code":"44","flood_year":"2017","occurred_at":"2017-07-16","ended_at":"2017-07-16","begin_time":"0600","end_time":"1200","disaster_name":"2017년 7월 집중호우","cause_detail":"하천범람(월류)","flood_grade":1,"flood_depth_m":0.464,"flood_area_m2":42066.353,"source_sn":3386,"data_status":"actual","official_data":true,"is_prediction":false,"source":"행정안전부 침수흔적도 · 재난안전데이터공유플랫폼 DSSP-IF-00117","collected_at":"2026-08-19T16:46:51+09:00","source_crs":"EPSG:3857","display_badges":["행안부 침수흔적도","과거 기록"]}},{"type":"Feature","id":"FLD:44130:3387:9290","geometry":{"type":"MultiPolygon","coordinates":[[[[127.161829,36.800194],[127.16184,36.800091],[127.161876,36.800124],[127.162061,36.800131],[127.16222,36.800136],[127.162228,36.799803],[127.162246,36.799784],[127.162266,36.799429],[127.162231,36.799398],[127.161889,36.799384],[127.161852,36.799411],[127.161854,36.799276],[127.161862,36.798928],[127.162733,36.798961],[127.162821,36.798964],[127.163181,36.798976],[127.163171,36.799221],[127.163159,36.799221],[127.163153,36.799365],[127.163631,36.799386],[127.163668,36.799355],[127.163663,36.799488],[127.163651,36.7998],[127.163637,36.800155],[127.163631,36.80029],[127.163594,36.800258],[127.163271,36.800247],[127.163119,36.800241],[127.162753,36.800228],[127.161876,36.800195],[127.161829,36.800194]]]]},"properties":{"id":"FLD:44130:3387:9290","layer":"FLOOD_TRACE","admin_code":"44130","sido_code":"44","flood_year":"2017","occurred_at":"2017-07-16","ended_at":"2017-07-16","begin_time":"0600","end_time":"1200","disaster_name":"2017년 7월 집중호우","cause_detail":"하천범람(월류)","flood_grade":1,"flood_depth_m":0.388,"flood_area_m2":17853.13,"source_sn":3387,"data_status":"actual","official_data":true,"is_prediction":false,"source":"행정안전부 침수흔적도 · 재난안전데이터공유플랫폼 DSSP-IF-00117","collected_at":"2026-08-19T16:46:51+09:00","source_crs":"EPSG:3857","display_badges":["행안부 침수흔적도","과거 기록"]}},{"type":"Feature","id":"FLD:44130:3388:9291","geometry":{"type":"MultiPolygon","coordinates":[[[[127.160945,36.797781],[127.160802,36.797775],[127.160056,36.797747],[127.160015,36.797777],[127.159927,36.797746],[127.159735,36.797736],[127.159753,36.797494],[127.159735,36.797425],[127.160052,36.797329],[127.160188,36.797277],[127.160283,36.797234],[127.160381,36.797184],[127.160444,36.797147],[127.16054,36.797083],[127.160649,36.796997],[127.16074,36.796922],[127.1608,36.796833],[127.160905,36.796828],[127.160921,36.796874],[127.160939,36.796942],[127.160924,36.797271],[127.160921,36.797388],[127.16091,36.797693],[127.160949,36.797728],[127.160945,36.797781]]]]},"properties":{"id":"FLD:44130:3388:9291","layer":"FLOOD_TRACE","admin_code":"44130","sido_code":"44","flood_year":"2017","occurred_at":"2017-07-16","ended_at":"2017-07-16","begin_time":"0600","end_time":"1200","disaster_name":"2017년 7월 집중호우","cause_detail":"침수주택","flood_grade":1,"flood_depth_m":0.367,"flood_area_m2":6949.447,"source_sn":3388,"data_status":"actual","official_data":true,"is_prediction":false,"source":"행정안전부 침수흔적도 · 재난안전데이터공유플랫폼 DSSP-IF-00117","collected_at":"2026-08-19T16:46:51+09:00","source_crs":"EPSG:3857","display_badges":["행안부 침수흔적도","과거 기록"]}},{"type":"Feature","id":"FLD:44130:3389:9292","geometry":{"type":"MultiPolygon","coordinates":[[[[127.142248,36.804958],[127.142265,36.804946],[127.142298,36.804887],[127.142287,36.804859],[127.14231,36.804814],[127.142327,36.804798],[127.142349,36.804759],[127.142314,36.80462],[127.14231,36.804529],[127.142269,36.804347],[127.142174,36.804237],[127.142392,36.804335],[127.142621,36.804424],[127.142714,36.804455],[127.142711,36.804486],[127.142618,36.805116],[127.142248,36.804958]]]]},"properties":{"id":"FLD:44130:3389:9292","layer":"FLOOD_TRACE","admin_code":"44130","sido_code":"44","flood_year":"2017","occurred_at":"2017-07-16","ended_at":"2017-07-16","begin_time":"0600","end_time":"1200","disaster_name":"2017년 7월 집중호우","cause_detail":"주택침수","flood_grade":2,"flood_depth_m":0.804,"flood_area_m2":18084.395,"source_sn":3389,"data_status":"actual","official_data":true,"is_prediction":false,"source":"행정안전부 침수흔적도 · 재난안전데이터공유플랫폼 DSSP-IF-00117","collected_at":"2026-08-19T16:46:51+09:00","source_crs":"EPSG:3857","display_badges":["행안부 침수흔적도","과거 기록"]}},{"type":"Feature","id":"FLD:44130:3390:9293","geometry":{"type":"MultiPolygon","coordinates":[[[[127.141453,36.806616],[127.141447,36.806595],[127.14137,36.806475],[127.14127,36.806351],[127.141209,36.806267],[127.141136,36.806189],[127.141067,36.806138],[127.141053,36.805702],[127.141053,36.805694],[127.141081,36.805631],[127.141227,36.805638],[127.141235,36.805582],[127.14136,36.805577],[127.141358,36.80556],[127.141529,36.805572],[127.141522,36.805625],[127.141545,36.805627],[127.141609,36.805624],[127.141661,36.805635],[127.141742,36.805627],[127.141755,36.805614],[127.141809,36.805588],[127.141865,36.805527],[127.141899,36.805512],[127.141927,36.805519],[127.141949,36.805502],[127.142032,36.805172],[127.142075,36.805174],[127.14208,36.805159],[127.142126,36.805109],[127.142172,36.805004],[127.142212,36.804981],[127.142248,36.804958],[127.142618,36.805116],[127.142538,36.80566],[127.142485,36.805791],[127.142453,36.806005],[127.14243,36.806163],[127.142384,36.806252],[127.142368,36.806244],[127.142297,36.806307],[127.142235,36.806362],[127.142149,36.806465],[127.142165,36.806513],[127.142146,36.80656],[127.14209,36.806589],[127.141983,36.806589],[127.141922,36.806592],[127.141883,36.806727],[127.141691,36.806735],[127.141748,36.8066],[127.141453,36.806616]]]]},"properties":{"id":"FLD:44130:3390:9293","layer":"FLOOD_TRACE","admin_code":"44130","sido_code":"44","flood_year":"2017","occurred_at":"2017-07-16","ended_at":"2017-07-16","begin_time":"0600","end_time":"1200","disaster_name":"2017년 7월 집중호우","cause_detail":"주택침수","flood_grade":1,"flood_depth_m":0.409,"flood_area_m2":18084.395,"source_sn":3390,"data_status":"actual","official_data":true,"is_prediction":false,"source":"행정안전부 침수흔적도 · 재난안전데이터공유플랫폼 DSSP-IF-00117","collected_at":"2026-08-19T16:46:51+09:00","source_crs":"EPSG:3857","display_badges":["행안부 침수흔적도","과거 기록"]}},{"type":"Feature","id":"FLD:44130:3392:9294","geometry":{"type":"MultiPolygon","coordinates":[[[[127.144652,36.799633],[127.144654,36.799571],[127.144649,36.799419],[127.144644,36.799242],[127.144641,36.799179],[127.145908,36.799145],[127.145995,36.799165],[127.145704,36.799614],[127.144652,36.799633]]]]},"properties":{"id":"FLD:44130:3392:9294","layer":"FLOOD_TRACE","admin_code":"44130","sido_code":"44","flood_year":"2017","occurred_at":"2017-07-16","ended_at":"2017-07-16","begin_time":"0600","end_time":"1200","disaster_name":"2017년 7월 집중호우","cause_detail":"하천범람(월류)","flood_grade":1,"flood_depth_m":0.452,"flood_area_m2":37816.973,"source_sn":3392,"data_status":"actual","official_data":true,"is_prediction":false,"source":"행정안전부 침수흔적도 · 재난안전데이터공유플랫폼 DSSP-IF-00117","collected_at":"2026-08-19T16:46:51+09:00","source_crs":"EPSG:3857","display_badges":["행안부 침수흔적도","과거 기록"]}},{"type":"Feature","id":"FLD:44130:3395:9295","geometry":{"type":"MultiPolygon","coordinates":[[[[127.144641,36.799179],[127.144639,36.799107],[127.144706,36.799105],[127.144747,36.799136],[127.144904,36.799132],[127.144898,36.79899],[127.145223,36.79884],[127.145273,36.79884],[127.145274,36.79887],[127.145433,36.798866],[127.145428,36.798739],[127.146363,36.798697],[127.146089,36.799203],[127.145995,36.799165],[127.145908,36.799145],[127.144641,36.799179]]]]},"properties":{"id":"FLD:44130:3395:9295","layer":"FLOOD_TRACE","admin_code":"44130","sido_code":"44","flood_year":"2017","occurred_at":"2017-07-16","ended_at":"2017-07-16","begin_time":"0600","end_time":"1200","disaster_name":"2017년 7월 집중호우","cause_detail":"하천범람(월류)","flood_grade":1,"flood_depth_m":0.446,"flood_area_m2":37816.973,"source_sn":3395,"data_status":"actual","official_data":true,"is_prediction":false,"source":"행정안전부 침수흔적도 · 재난안전데이터공유플랫폼 DSSP-IF-00117","collected_at":"2026-08-19T16:46:51+09:00","source_crs":"EPSG:3857","display_badges":["행안부 침수흔적도","과거 기록"]}},{"type":"Feature","id":"FLD:44130:3394:9296","geometry":{"type":"MultiPolygon","coordinates":[[[[127.14923,36.795559],[127.149256,36.795093],[127.149175,36.795089],[127.149208,36.79506],[127.149261,36.79445],[127.149318,36.794315],[127.149959,36.794939],[127.150302,36.795231],[127.150466,36.795511],[127.150474,36.795642],[127.14923,36.795559]]]]},"properties":{"id":"FLD:44130:3394:9296","layer":"FLOOD_TRACE","admin_code":"44130","sido_code":"44","flood_year":"2017","occurred_at":"2017-07-16","ended_at":"2017-07-16","begin_time":"0600","end_time":"1200","disaster_name":"2017년 7월 집중호우","cause_detail":"하천범람(월류)","flood_grade":2,"flood_depth_m":0.784,"flood_area_m2":37070.614,"source_sn":3394,"data_status":"actual","official_data":true,"is_prediction":false,"source":"행정안전부 침수흔적도 · 재난안전데이터공유플랫폼 DSSP-IF-00117","collected_at":"2026-08-19T16:46:51+09:00","source_crs":"EPSG:3857","display_badges":["행안부 침수흔적도","과거 기록"]}},{"type":"Feature","id":"FLD:44130:3396:9297","geometry":{"type":"MultiPolygon","coordinates":[[[[127.144654,36.799571],[127.144652,36.799633],[127.145704,36.799614],[127.145995,36.799165],[127.146089,36.799203],[127.145962,36.799439],[127.145932,36.799554],[127.145916,36.799735],[127.145622,36.800189],[127.145589,36.800236],[127.145201,36.800783],[127.144981,36.800654],[127.143537,36.800663],[127.143529,36.800161],[127.143874,36.800157],[127.143877,36.800103],[127.143917,36.800071],[127.143923,36.799873],[127.143928,36.799699],[127.143919,36.799613],[127.144616,36.799603],[127.144654,36.799571]]]]},"properties":{"id":"FLD:44130:3396:9297","layer":"FLOOD_TRACE","admin_code":"44130","sido_code":"44","flood_year":"2017","occurred_at":"2017-07-16","ended_at":"2017-07-16","begin_time":"0600","end_time":"1200","disaster_name":"2017년 7월 집중호우","cause_detail":"하천범람(월류)","flood_grade":1,"flood_depth_m":0.178,"flood_area_m2":37816.973,"source_sn":3396,"data_status":"actual","official_data":true,"is_prediction":false,"source":"행정안전부 침수흔적도 · 재난안전데이터공유플랫폼 DSSP-IF-00117","collected_at":"2026-08-19T16:46:51+09:00","source_crs":"EPSG:3857","display_badges":["행안부 침수흔적도","과거 기록"]}},{"type":"Feature","id":"FLD:44130:3391:9342","geometry":{"type":"MultiPolygon","coordinates":[[[[127.147854,36.796411],[127.147925,36.795996],[127.148,36.795422],[127.147977,36.795029],[127.148011,36.79502],[127.148088,36.795027],[127.148113,36.795051],[127.149175,36.795089],[127.149256,36.795093],[127.14923,36.795559],[127.150474,36.795642],[127.150473,36.795681],[127.150466,36.795789],[127.150424,36.795975],[127.150453,36.796068],[127.150434,36.796097],[127.15018,36.796247],[127.15023,36.796491],[127.149619,36.796457],[127.14953,36.796494],[127.149205,36.796479],[127.149171,36.796502],[127.14906,36.796499],[127.148001,36.796447],[127.147924,36.796425],[127.147854,36.796411]]]]},"properties":{"id":"FLD:44130:3391:9342","layer":"FLOOD_TRACE","admin_code":"44130","sido_code":"44","flood_year":"2017","occurred_at":"2017-07-16","ended_at":"2017-07-16","begin_time":"0600","end_time":"1200","disaster_name":"2017년 7월 집중호우","cause_detail":"하천범람(월류)","flood_grade":1,"flood_depth_m":0.366,"flood_area_m2":37070.614,"source_sn":3391,"data_status":"actual","official_data":true,"is_prediction":false,"source":"행정안전부 침수흔적도 · 재난안전데이터공유플랫폼 DSSP-IF-00117","collected_at":"2026-08-19T16:46:51+09:00","source_crs":"EPSG:3857","display_badges":["행안부 침수흔적도","과거 기록"]}},{"type":"Feature","id":"FLD:44130:3393:9343","geometry":{"type":"MultiPolygon","coordinates":[[[[127.143537,36.800692],[127.143537,36.800663],[127.144981,36.800654],[127.145201,36.800783],[127.1452,36.800784],[127.144673,36.801292],[127.144377,36.801273],[127.144268,36.801263],[127.143884,36.801261],[127.143899,36.800723],[127.143854,36.800692],[127.143537,36.800692]]]]},"properties":{"id":"FLD:44130:3393:9343","layer":"FLOOD_TRACE","admin_code":"44130","sido_code":"44","flood_year":"2017","occurred_at":"2017-07-16","ended_at":"2017-07-16","begin_time":"0600","end_time":"1200","disaster_name":"2017년 7월 집중호우","cause_detail":"하천범람(월류)","flood_grade":1,"flood_depth_m":0.224,"flood_area_m2":37816.973,"source_sn":3393,"data_status":"actual","official_data":true,"is_prediction":false,"source":"행정안전부 침수흔적도 · 재난안전데이터공유플랫폼 DSSP-IF-00117","collected_at":"2026-08-19T16:46:51+09:00","source_crs":"EPSG:3857","display_badges":["행안부 침수흔적도","과거 기록"]}},{"type":"Feature","id":"FLD:44130:3399:9344","geometry":{"type":"MultiPolygon","coordinates":[[[[127.266829,36.755549],[127.266634,36.754605],[127.266952,36.754564],[127.267455,36.754688],[127.267901,36.754857],[127.268042,36.75491],[127.268616,36.755217],[127.268748,36.755316],[127.267914,36.755434],[127.266874,36.755547],[127.266829,36.755549]]]]},"properties":{"id":"FLD:44130:3399:9344","layer":"FLOOD_TRACE","admin_code":"44130","sido_code":"44","flood_year":"2017","occurred_at":"2017-07-16","ended_at":"2017-07-16","begin_time":"0600","end_time":"1200","disaster_name":"2017년 7월 집중호우","cause_detail":"하천범람(월류)","flood_grade":1,"flood_depth_m":0.236,"flood_area_m2":12178.758,"source_sn":3399,"data_status":"actual","official_data":true,"is_prediction":false,"source":"행정안전부 침수흔적도 · 재난안전데이터공유플랫폼 DSSP-IF-00117","collected_at":"2026-08-19T16:46:51+09:00","source_crs":"EPSG:3857","display_badges":["행안부 침수흔적도","과거 기록"]}},{"type":"Feature","id":"FLD:44130:3398:9345","geometry":{"type":"MultiPolygon","coordinates":[[[[127.272764,36.755124],[127.277649,36.753762],[127.278407,36.753618],[127.279294,36.753573],[127.279921,36.75365],[127.280539,36.753791],[127.280541,36.753857],[127.280383,36.753886],[127.280201,36.7539],[127.279993,36.753924],[127.279757,36.753976],[127.278688,36.75419],[127.277869,36.754413],[127.277111,36.754547],[127.275584,36.754654],[127.272764,36.755124]]]]},"properties":{"id":"FLD:44130:3398:9345","layer":"FLOOD_TRACE","admin_code":"44130","sido_code":"44","flood_year":"2017","occurred_at":"2017-07-16","ended_at":"2017-07-16","begin_time":"0600","end_time":"1200","disaster_name":"2017년 7월 집중호우","cause_detail":"하천범람(월류)","flood_grade":5,"flood_depth_m":2.505,"flood_area_m2":153890.886,"source_sn":3398,"data_status":"actual","official_data":true,"is_prediction":false,"source":"행정안전부 침수흔적도 · 재난안전데이터공유플랫폼 DSSP-IF-00117","collected_at":"2026-08-19T16:46:51+09:00","source_crs":"EPSG:3857","display_badges":["행안부 침수흔적도","과거 기록"]}},{"type":"Feature","id":"FLD:44130:3401:9346","geometry":{"type":"MultiPolygon","coordinates":[[[[127.272651,36.754682],[127.27231,36.753032],[127.272351,36.753026],[127.273316,36.7529],[127.273397,36.752862],[127.273607,36.753204],[127.273664,36.753339],[127.273758,36.753345],[127.273913,36.753531],[127.274426,36.753744],[127.275064,36.75374],[127.276692,36.753258],[127.276739,36.753163],[127.277046,36.753036],[127.277386,36.753068],[127.277606,36.753105],[127.277811,36.753148],[127.277835,36.753226],[127.277837,36.753412],[127.275048,36.754146],[127.274461,36.754296],[127.273654,36.754478],[127.272685,36.754677],[127.272651,36.754682]]]]},"properties":{"id":"FLD:44130:3401:9346","layer":"FLOOD_TRACE","admin_code":"44130","sido_code":"44","flood_year":"2017","occurred_at":"2017-07-16","ended_at":"2017-07-16","begin_time":"0600","end_time":"1200","disaster_name":"2017년 7월 집중호우","cause_detail":"하천범람(월류)","flood_grade":3,"flood_depth_m":1.013,"flood_area_m2":153890.886,"source_sn":3401,"data_status":"actual","official_data":true,"is_prediction":false,"source":"행정안전부 침수흔적도 · 재난안전데이터공유플랫폼 DSSP-IF-00117","collected_at":"2026-08-19T16:46:51+09:00","source_crs":"EPSG:3857","display_badges":["행안부 침수흔적도","과거 기록"]}},{"type":"Feature","id":"FLD:44130:3400:9347","geometry":{"type":"MultiPolygon","coordinates":[[[[127.266634,36.754605],[127.266465,36.753805],[127.268754,36.7535],[127.268816,36.753491],[127.269912,36.753344],[127.270005,36.753332],[127.270179,36.753309],[127.271099,36.75319],[127.27117,36.75318],[127.272267,36.753038],[127.27231,36.753032],[127.272651,36.754682],[127.272602,36.75469],[127.270417,36.755077],[127.268748,36.755316],[127.268616,36.755217],[127.268042,36.75491],[127.267901,36.754857],[127.267455,36.754688],[127.266952,36.754564],[127.266634,36.754605]],[[127.268872,36.753761],[127.269036,36.754566],[127.270141,36.754431],[127.269974,36.753618],[127.268872,36.753761]]]]},"properties":{"id":"FLD:44130:3400:9347","layer":"FLOOD_TRACE","admin_code":"44130","sido_code":"44","flood_year":"2017","occurred_at":"2017-07-16","ended_at":"2017-07-16","begin_time":"0600","end_time":"1200","disaster_name":"2017년 7월 집중호우","cause_detail":"하천범람(월류)","flood_grade":1,"flood_depth_m":0.462,"flood_area_m2":153890.886,"source_sn":3400,"data_status":"actual","official_data":true,"is_prediction":false,"source":"행정안전부 침수흔적도 · 재난안전데이터공유플랫폼 DSSP-IF-00117","collected_at":"2026-08-19T16:46:51+09:00","source_crs":"EPSG:3857","display_badges":["행안부 침수흔적도","과거 기록"]}},{"type":"Feature","id":"FLD:44130:3397:9348","geometry":{"type":"MultiPolygon","coordinates":[[[[127.272351,36.753026],[127.272269,36.752621],[127.272435,36.75265],[127.272665,36.75273],[127.272963,36.752722],[127.273286,36.752777],[127.273397,36.752862],[127.273316,36.7529],[127.272351,36.753026]]]]},"properties":{"id":"FLD:44130:3397:9348","layer":"FLOOD_TRACE","admin_code":"44130","sido_code":"44","flood_year":"2017","occurred_at":"2017-07-16","ended_at":"2017-07-16","begin_time":"0600","end_time":"1200","disaster_name":"2017년 7월 집중호우","cause_detail":"하천범람(월류)","flood_grade":1,"flood_depth_m":0.14,"flood_area_m2":153890.886,"source_sn":3397,"data_status":"actual","official_data":true,"is_prediction":false,"source":"행정안전부 침수흔적도 · 재난안전데이터공유플랫폼 DSSP-IF-00117","collected_at":"2026-08-19T16:46:51+09:00","source_crs":"EPSG:3857","display_badges":["행안부 침수흔적도","과거 기록"]}},{"type":"Feature","id":"FLD:44130:3403:9371","geometry":{"type":"MultiPolygon","coordinates":[[[[127.296995,36.751321],[127.297011,36.751312],[127.297877,36.751174],[127.297915,36.751181],[127.297898,36.751206],[127.297842,36.751292],[127.2978,36.751359],[127.297751,36.751435],[127.297715,36.751473],[127.297655,36.751516],[127.297574,36.751546],[127.297408,36.75159],[127.297358,36.751582],[127.297081,36.751383],[127.296995,36.751321]]]]},"properties":{"id":"FLD:44130:3403:9371","layer":"FLOOD_TRACE","admin_code":"44130","sido_code":"44","flood_year":"2017","occurred_at":"2017-07-16","ended_at":"2017-07-16","begin_time":"0600","end_time":"1200","disaster_name":"2017년 7월 집중호우","cause_detail":"하천범람(제방붕괴)","flood_grade":3,"flood_depth_m":1.118,"flood_area_m2":281620.46,"source_sn":3403,"data_status":"actual","official_data":true,"is_prediction":false,"source":"행정안전부 침수흔적도 · 재난안전데이터공유플랫폼 DSSP-IF-00117","collected_at":"2026-08-19T16:46:51+09:00","source_crs":"EPSG:3857","display_badges":["행안부 침수흔적도","과거 기록"]}},{"type":"Feature","id":"FLD:44130:3408:9372","geometry":{"type":"MultiPolygon","coordinates":[[[[127.29751,36.752488],[127.297521,36.75243],[127.297543,36.752169],[127.297497,36.751985],[127.297466,36.751809],[127.297434,36.751691],[127.2978,36.751606],[127.297982,36.751319],[127.298142,36.751006],[127.298247,36.751173],[127.298664,36.752248],[127.298979,36.752897],[127.299077,36.753165],[127.299163,36.753443],[127.299218,36.753742],[127.299247,36.754106],[127.299248,36.754133],[127.298123,36.754326],[127.297801,36.754381],[127.297138,36.754495],[127.296801,36.754557],[127.296764,36.754495],[127.296609,36.753921],[127.297095,36.753483],[127.298182,36.753288],[127.297963,36.75241],[127.29751,36.752488]]]]},"properties":{"id":"FLD:44130:3408:9372","layer":"FLOOD_TRACE","admin_code":"44130","sido_code":"44","flood_year":"2017","occurred_at":"2017-07-16","ended_at":"2017-07-16","begin_time":"0600","end_time":"1200","disaster_name":"20117년 7월 집중호우","cause_detail":"하천범람(제방붕괴)","flood_grade":3,"flood_depth_m":1.113,"flood_area_m2":63088.328,"source_sn":3408,"data_status":"actual","official_data":true,"is_prediction":false,"source":"행정안전부 침수흔적도 · 재난안전데이터공유플랫폼 DSSP-IF-00117","collected_at":"2026-08-19T16:46:51+09:00","source_crs":"EPSG:3857","display_badges":["행안부 침수흔적도","과거 기록"]}},{"type":"Feature","id":"FLD:44130:3419:9373","geometry":{"type":"MultiPolygon","coordinates":[[[[127.319041,36.808549],[127.319137,36.807327],[127.319709,36.807361],[127.319863,36.80752],[127.320275,36.808148],[127.320089,36.808241],[127.319041,36.808549]]]]},"properties":{"id":"FLD:44130:3419:9373","layer":"FLOOD_TRACE","admin_code":"44130","sido_code":"44","flood_year":"2017","occurred_at":"2017-07-16","ended_at":"2017-07-16","begin_time":"0600","end_time":"1200","disaster_name":"2017년 7월 집중호우","cause_detail":"하천범람 및 내수침수","flood_grade":3,"flood_depth_m":1.227,"flood_area_m2":9769.777,"source_sn":3419,"data_status":"actual","official_data":true,"is_prediction":false,"source":"행정안전부 침수흔적도 · 재난안전데이터공유플랫폼 DSSP-IF-00117","collected_at":"2026-08-19T16:46:51+09:00","source_crs":"EPSG:3857","display_badges":["행안부 침수흔적도","과거 기록"]}},{"type":"Feature","id":"FLD:44130:3409:9374","geometry":{"type":"MultiPolygon","coordinates":[[[[127.266355,36.759323],[127.266245,36.759105],[127.266213,36.758957],[127.267345,36.758807],[127.267325,36.758913],[127.26684,36.759137],[127.266409,36.759343],[127.266355,36.759323]]]]},"properties":{"id":"FLD:44130:3409:9374","layer":"FLOOD_TRACE","admin_code":"44130","sido_code":"44","flood_year":"2017","occurred_at":"2017-07-16","ended_at":"2017-07-16","begin_time":"0600","end_time":"1200","disaster_name":"2017년 7월 집중호우","cause_detail":"하천범람(월류)","flood_grade":2,"flood_depth_m":0.686,"flood_area_m2":2866.049,"source_sn":3409,"data_status":"actual","official_data":true,"is_prediction":false,"source":"행정안전부 침수흔적도 · 재난안전데이터공유플랫폼 DSSP-IF-00117","collected_at":"2026-08-19T16:46:51+09:00","source_crs":"EPSG:3857","display_badges":["행안부 침수흔적도","과거 기록"]}},{"type":"Feature","id":"FLD:44130:3411:9375","geometry":{"type":"MultiPolygon","coordinates":[[[[127.318847,36.809461],[127.318489,36.809442],[127.317987,36.809374],[127.31776,36.809367],[127.317743,36.809351],[127.31782,36.809308],[127.317926,36.809253],[127.318026,36.809228],[127.318308,36.809136],[127.318554,36.809038],[127.318893,36.808857],[127.318847,36.809461]]]]},"properties":{"id":"FLD:44130:3411:9375","layer":"FLOOD_TRACE","admin_code":"44130","sido_code":"44","flood_year":"2017","occurred_at":"2017-07-16","ended_at":"2017-07-16","begin_time":"0600","end_time":"1200","disaster_name":"2017년 7월 집중호우","cause_detail":"하천범람 및 내수침수","flood_grade":2,"flood_depth_m":0.832,"flood_area_m2":3264.045,"source_sn":3411,"data_status":"actual","official_data":true,"is_prediction":false,"source":"행정안전부 침수흔적도 · 재난안전데이터공유플랫폼 DSSP-IF-00117","collected_at":"2026-08-19T16:46:51+09:00","source_crs":"EPSG:3857","display_badges":["행안부 침수흔적도","과거 기록"]}},{"type":"Feature","id":"FLD:44130:3418:9376","geometry":{"type":"MultiPolygon","coordinates":[[[[127.319466,36.808624],[127.319456,36.809849],[127.318995,36.810218],[127.31891,36.810242],[127.319016,36.808814],[127.319065,36.808765],[127.319167,36.80872],[127.319402,36.808645],[127.319466,36.808624]]]]},"properties":{"id":"FLD:44130:3418:9376","layer":"FLOOD_TRACE","admin_code":"44130","sido_code":"44","flood_year":"2017","occurred_at":"2017-07-16","ended_at":"2017-07-16","begin_time":"0600","end_time":"1200","disaster_name":"2017년 7월 집중호우","cause_detail":"하청범람 및 내수침수","flood_grade":2,"flood_depth_m":0.719,"flood_area_m2":13624.285,"source_sn":3418,"data_status":"actual","official_data":true,"is_prediction":false,"source":"행정안전부 침수흔적도 · 재난안전데이터공유플랫폼 DSSP-IF-00117","collected_at":"2026-08-19T16:46:51+09:00","source_crs":"EPSG:3857","display_badges":["행안부 침수흔적도","과거 기록"]}},{"type":"Feature","id":"FLD:44130:3412:9377","geometry":{"type":"MultiPolygon","coordinates":[[[[127.270962,36.7588],[127.270263,36.758848],[127.270357,36.758708],[127.270443,36.758557],[127.270471,36.758459],[127.270359,36.758374],[127.270284,36.758464],[127.270197,36.758476],[127.270059,36.758541],[127.269049,36.758909],[127.268963,36.758901],[127.268577,36.758799],[127.268502,36.758438],[127.268478,36.758332],[127.270823,36.758046],[127.270839,36.758142],[127.270962,36.7588]]]]},"properties":{"id":"FLD:44130:3412:9377","layer":"FLOOD_TRACE","admin_code":"44130","sido_code":"44","flood_year":"2017","occurred_at":"2017-07-16","ended_at":"2017-07-16","begin_time":"0600","end_time":"1200","disaster_name":"2017년 7월 집중호우","cause_detail":"하천범람(월류)","flood_grade":2,"flood_depth_m":0.652,"flood_area_m2":240136.14,"source_sn":3412,"data_status":"actual","official_data":true,"is_prediction":false,"source":"행정안전부 침수흔적도 · 재난안전데이터공유플랫폼 DSSP-IF-00117","collected_at":"2026-08-19T16:46:51+09:00","source_crs":"EPSG:3857","display_badges":["행안부 침수흔적도","과거 기록"]}},{"type":"Feature","id":"FLD:44130:3414:9378","geometry":{"type":"MultiPolygon","coordinates":[[[[127.265479,36.758667],[127.265104,36.758494],[127.264996,36.758396],[127.264908,36.758269],[127.264852,36.758031],[127.264863,36.757985],[127.264985,36.757848],[127.265854,36.75747],[127.266209,36.757305],[127.266416,36.757254],[127.267015,36.757165],[127.267579,36.757064],[127.268244,36.757021],[127.26825,36.75712],[127.26842,36.758032],[127.267314,36.758168],[127.26736,36.758426],[127.265479,36.758667]]]]},"properties":{"id":"FLD:44130:3414:9378","layer":"FLOOD_TRACE","admin_code":"44130","sido_code":"44","flood_year":"2017","occurred_at":"2017-07-16","ended_at":"2017-07-16","begin_time":"0600","end_time":"1200","disaster_name":"2017년 7월 집중호우","cause_detail":"하천범람(월류)","flood_grade":1,"flood_depth_m":0.419,"flood_area_m2":240136.14,"source_sn":3414,"data_status":"actual","official_data":true,"is_prediction":false,"source":"행정안전부 침수흔적도 · 재난안전데이터공유플랫폼 DSSP-IF-00117","collected_at":"2026-08-19T16:46:51+09:00","source_crs":"EPSG:3857","display_badges":["행안부 침수흔적도","과거 기록"]}},{"type":"Feature","id":"FLD:44130:3413:9379","geometry":{"type":"MultiPolygon","coordinates":[[[[127.27818,36.756902],[127.277941,36.755573],[127.27791,36.755506],[127.278491,36.755415],[127.278605,36.755412],[127.278656,36.75545],[127.278851,36.755542],[127.278907,36.755591],[127.278935,36.755685],[127.278929,36.755942],[127.278895,36.755991],[127.278907,36.756075],[127.278956,36.756166],[127.27905,36.756273],[127.279101,36.756472],[127.279104,36.756511],[127.278955,36.756632],[127.278844,36.756661],[127.27879,36.756675],[127.278376,36.756817],[127.27818,36.756902]]]]},"properties":{"id":"FLD:44130:3413:9379","layer":"FLOOD_TRACE","admin_code":"44130","sido_code":"44","flood_year":"2017","occurred_at":"2017-07-16","ended_at":"2017-07-16","begin_time":"0600","end_time":"1200","disaster_name":"2017년 7월 집중호우","cause_detail":"하천범람(월류)","flood_grade":2,"flood_depth_m":1.993,"flood_area_m2":25867.912,"source_sn":3413,"data_status":"actual","official_data":true,"is_prediction":false,"source":"행정안전부 침수흔적도 · 재난안전데이터공유플랫폼 DSSP-IF-00117","collected_at":"2026-08-19T16:46:51+09:00","source_crs":"EPSG:3857","display_badges":["행안부 침수흔적도","과거 기록"]}},{"type":"Feature","id":"FLD:44130:3417:9380","geometry":{"type":"MultiPolygon","coordinates":[[[[127.31749,36.809462],[127.317377,36.809399],[127.31749,36.809232],[127.31749,36.809188],[127.317521,36.809051],[127.317569,36.80893],[127.317619,36.808871],[127.317713,36.808836],[127.317842,36.80875],[127.317933,36.808748],[127.318129,36.808623],[127.318269,36.808511],[127.31834,36.808584],[127.318408,36.808626],[127.318465,36.808626],[127.318513,36.808562],[127.318885,36.808577],[127.318904,36.808687],[127.318691,36.808882],[127.318616,36.808931],[127.318465,36.809006],[127.318144,36.809124],[127.317863,36.80923],[127.317571,36.809399],[127.31749,36.809462]]]]},"properties":{"id":"FLD:44130:3417:9380","layer":"FLOOD_TRACE","admin_code":"44130","sido_code":"44","flood_year":"2017","occurred_at":"2017-07-16","ended_at":"2017-07-16","begin_time":"0600","end_time":"1200","disaster_name":"2017년 7월 집중호우","cause_detail":"하청범람및 내수침수","flood_grade":1,"flood_depth_m":0.458,"flood_area_m2":6008.148,"source_sn":3417,"data_status":"actual","official_data":true,"is_prediction":false,"source":"행정안전부 침수흔적도 · 재난안전데이터공유플랫폼 DSSP-IF-00117","collected_at":"2026-08-19T16:46:51+09:00","source_crs":"EPSG:3857","display_badges":["행안부 침수흔적도","과거 기록"]}},{"type":"Feature","id":"FLD:44130:3415:9381","geometry":{"type":"MultiPolygon","coordinates":[[[[127.268664,36.75811],[127.268478,36.758331],[127.26842,36.758032],[127.26825,36.75712],[127.268244,36.757021],[127.269067,36.756947],[127.270577,36.756682],[127.271746,36.756446],[127.272149,36.756354],[127.272495,36.756252],[127.272902,36.75611],[127.274069,36.755846],[127.274535,36.755765],[127.274989,36.755693],[127.276385,36.755635],[127.276706,36.757314],[127.270823,36.758046],[127.268478,36.758332],[127.268664,36.75811]]]]},"properties":{"id":"FLD:44130:3415:9381","layer":"FLOOD_TRACE","admin_code":"44130","sido_code":"44","flood_year":"2017","occurred_at":"2017-07-16","ended_at":"2017-07-16","begin_time":"0600","end_time":"1200","disaster_name":"2017년 7월 집중호우","cause_detail":"하천범람(월류)","flood_grade":3,"flood_depth_m":1.016,"flood_area_m2":240136.14,"source_sn":3415,"data_status":"actual","official_data":true,"is_prediction":false,"source":"행정안전부 침수흔적도 · 재난안전데이터공유플랫폼 DSSP-IF-00117","collected_at":"2026-08-19T16:46:51+09:00","source_crs":"EPSG:3857","display_badges":["행안부 침수흔적도","과거 기록"]}},{"type":"Feature","id":"FLD:44130:3420:9382","geometry":{"type":"MultiPolygon","coordinates":[[[[127.270823,36.758046],[127.276706,36.757314],[127.276716,36.757368],[127.276761,36.757362],[127.276753,36.75747],[127.276664,36.757586],[127.276626,36.757619],[127.27639,36.757763],[127.276193,36.757848],[127.275705,36.758005],[127.275393,36.758119],[127.275287,36.75815],[127.274986,36.758197],[127.274886,36.758251],[127.274819,36.758258],[127.274816,36.758286],[127.274874,36.758514],[127.274499,36.758596],[127.274324,36.758599],[127.27419,36.758581],[127.274086,36.758579],[127.274009,36.758566],[127.273934,36.758536],[127.273873,36.758494],[127.273818,36.758474],[127.27375,36.758455],[127.273479,36.758661],[127.273402,36.758768],[127.273356,36.758852],[127.273323,36.758945],[127.273262,36.759164],[127.273276,36.759311],[127.272683,36.759544],[127.272366,36.759654],[127.272283,36.759672],[127.272236,36.759673],[127.272118,36.759659],[127.271999,36.75962],[127.271582,36.759403],[127.271341,36.759303],[127.271153,36.759242],[127.271049,36.759267],[127.270962,36.7588],[127.270839,36.758142],[127.270823,36.758046]]]]},"properties":{"id":"FLD:44130:3420:9382","layer":"FLOOD_TRACE","admin_code":"44130","sido_code":"44","flood_year":"2017","occurred_at":"2017-07-16","ended_at":"2017-07-16","begin_time":"0600","end_time":"1200","disaster_name":"2017년 7월 집중호우","cause_detail":"하천범람(월류)","flood_grade":3,"flood_depth_m":1.042,"flood_area_m2":240136.14,"source_sn":3420,"data_status":"actual","official_data":true,"is_prediction":false,"source":"행정안전부 침수흔적도 · 재난안전데이터공유플랫폼 DSSP-IF-00117","collected_at":"2026-08-19T16:46:51+09:00","source_crs":"EPSG:3857","display_badges":["행안부 침수흔적도","과거 기록"]}},{"type":"Feature","id":"FLD:44130:3410:9407","geometry":{"type":"MultiPolygon","coordinates":[[[[127.319466,36.808624],[127.320315,36.808357],[127.320127,36.809067],[127.319985,36.809286],[127.319842,36.809466],[127.319687,36.809646],[127.319493,36.809819],[127.319456,36.809849],[127.319466,36.808624]]]]},"properties":{"id":"FLD:44130:3410:9407","layer":"FLOOD_TRACE","admin_code":"44130","sido_code":"44","flood_year":"2017","occurred_at":"2017-07-16","ended_at":"2017-07-16","begin_time":"0600","end_time":"1200","disaster_name":"2017년 7월 집중호우","cause_detail":"하청범람 및 내수침수","flood_grade":3,"flood_depth_m":1.27,"flood_area_m2":13624.285,"source_sn":3410,"data_status":"actual","official_data":true,"is_prediction":false,"source":"행정안전부 침수흔적도 · 재난안전데이터공유플랫폼 DSSP-IF-00117","collected_at":"2026-08-19T16:46:51+09:00","source_crs":"EPSG:3857","display_badges":["행안부 침수흔적도","과거 기록"]}},{"type":"Feature","id":"FLD:44130:3416:9408","geometry":{"type":"MultiPolygon","coordinates":[[[[127.27803,36.756583],[127.276891,36.756725],[127.276683,36.755608],[127.277281,36.755558],[127.277843,36.75552],[127.27791,36.755506],[127.277941,36.755573],[127.27818,36.756902],[127.278091,36.756925],[127.27803,36.756583]]]]},"properties":{"id":"FLD:44130:3416:9408","layer":"FLOOD_TRACE","admin_code":"44130","sido_code":"44","flood_year":"2017","occurred_at":"2017-07-16","ended_at":"2017-07-16","begin_time":"0600","end_time":"1200","disaster_name":"2017년 7월 집중호우","cause_detail":"하천범람(월류)","flood_grade":2,"flood_depth_m":1.557,"flood_area_m2":25867.912,"source_sn":3416,"data_status":"actual","official_data":true,"is_prediction":false,"source":"행정안전부 침수흔적도 · 재난안전데이터공유플랫폼 DSSP-IF-00117","collected_at":"2026-08-19T16:46:51+09:00","source_crs":"EPSG:3857","display_badges":["행안부 침수흔적도","과거 기록"]}},{"type":"Feature","id":"FLD:44130:3421:9409","geometry":{"type":"MultiPolygon","coordinates":[[[[127.142437,36.815685],[127.142761,36.815628],[127.142795,36.815592],[127.142767,36.815488],[127.142739,36.815383],[127.142687,36.815166],[127.142659,36.815012],[127.142681,36.814971],[127.142671,36.8149],[127.142714,36.814849],[127.142816,36.814817],[127.142821,36.814749],[127.142928,36.814864],[127.143205,36.814741],[127.143218,36.814727],[127.143257,36.814669],[127.143312,36.814634],[127.143393,36.814626],[127.143442,36.814607],[127.143486,36.814539],[127.143522,36.814444],[127.143547,36.814422],[127.143627,36.814354],[127.14367,36.814521],[127.143886,36.814415],[127.143882,36.81445],[127.143941,36.814557],[127.143857,36.81459],[127.143913,36.814672],[127.143879,36.814687],[127.143928,36.81476],[127.143864,36.814794],[127.14392,36.814874],[127.143774,36.814938],[127.143796,36.815028],[127.143709,36.815217],[127.143533,36.815318],[127.143427,36.815376],[127.143361,36.815418],[127.14328,36.81546],[127.143128,36.815545],[127.14298,36.815627],[127.142937,36.815654],[127.142772,36.815704],[127.142474,36.81575],[127.142465,36.81577],[127.142437,36.815685]]]]},"properties":{"id":"FLD:44130:3421:9409","layer":"FLOOD_TRACE","admin_code":"44130","sido_code":"44","flood_year":"2017","occurred_at":"2017-07-16","ended_at":"2017-07-16","begin_time":"0600","end_time":"1200","disaster_name":"2017년 7월 집중호우","cause_detail":"주택 침수","flood_grade":1,"flood_depth_m":0.36,"flood_area_m2":9209.833,"source_sn":3421,"data_status":"actual","official_data":true,"is_prediction":false,"source":"행정안전부 침수흔적도 · 재난안전데이터공유플랫폼 DSSP-IF-00117","collected_at":"2026-08-19T16:46:51+09:00","source_crs":"EPSG:3857","display_badges":["행안부 침수흔적도","과거 기록"]}},{"type":"Feature","id":"FLD:44130:2766:12787","geometry":{"type":"MultiPolygon","coordinates":[[[[127.152846,36.860704],[127.151691,36.860577],[127.151775,36.860328],[127.151976,36.860371],[127.152347,36.86049],[127.152517,36.860539],[127.15287,36.860627],[127.152846,36.860704]]]]},"properties":{"id":"FLD:44130:2766:12787","layer":"FLOOD_TRACE","admin_code":"44130","sido_code":"44","flood_year":"2020","occurred_at":"2020-08-03","ended_at":"2020-08-03","begin_time":"1100","end_time":"1600","disaster_name":"20200803집중호우","cause_detail":"저지대 및 배수시설 부족","flood_grade":1,"flood_depth_m":0.303,"flood_area_m2":5751.4,"source_sn":2766,"data_status":"actual","official_data":true,"is_prediction":false,"source":"행정안전부 침수흔적도 · 재난안전데이터공유플랫폼 DSSP-IF-00117","collected_at":"2026-08-19T16:46:51+09:00","source_crs":"EPSG:3857","display_badges":["행안부 침수흔적도","과거 기록"]}},{"type":"Feature","id":"FLD:44130:2773:12788","geometry":{"type":"MultiPolygon","coordinates":[[[[127.122313,36.921205],[127.121893,36.921649],[127.121363,36.92189],[127.121368,36.921714],[127.121471,36.92146],[127.121625,36.92105],[127.122105,36.921165],[127.122311,36.921205],[127.122313,36.921205]]]]},"properties":{"id":"FLD:44130:2773:12788","layer":"FLOOD_TRACE","admin_code":"44130","sido_code":"44","flood_year":"2020","occurred_at":"2020-08-03","ended_at":"2020-08-03","begin_time":"1100","end_time":"1600","disaster_name":"20200803집중호우","cause_detail":"저지대 및 집중호우","flood_grade":3,"flood_depth_m":1.246,"flood_area_m2":10027.1,"source_sn":2773,"data_status":"actual","official_data":true,"is_prediction":false,"source":"행정안전부 침수흔적도 · 재난안전데이터공유플랫폼 DSSP-IF-00117","collected_at":"2026-08-19T16:46:51+09:00","source_crs":"EPSG:3857","display_badges":["행안부 침수흔적도","과거 기록"]}},{"type":"Feature","id":"FLD:44130:2772:12789","geometry":{"type":"MultiPolygon","coordinates":[[[[127.121786,36.909228],[127.121954,36.909013],[127.121991,36.908984],[127.122307,36.908736],[127.122253,36.908916],[127.122261,36.909409],[127.122153,36.909367],[127.121888,36.909282],[127.121786,36.909228]]]]},"properties":{"id":"FLD:44130:2772:12789","layer":"FLOOD_TRACE","admin_code":"44130","sido_code":"44","flood_year":"2020","occurred_at":"2020-08-03","ended_at":"2020-08-03","begin_time":"1100","end_time":"1600","disaster_name":"20200803집중호우","cause_detail":"저지대 및 집중호우","flood_grade":2,"flood_depth_m":0.544,"flood_area_m2":12666.1,"source_sn":2772,"data_status":"actual","official_data":true,"is_prediction":false,"source":"행정안전부 침수흔적도 · 재난안전데이터공유플랫폼 DSSP-IF-00117","collected_at":"2026-08-19T16:46:51+09:00","source_crs":"EPSG:3857","display_badges":["행안부 침수흔적도","과거 기록"]}},{"type":"Feature","id":"FLD:44130:2769:12790","geometry":{"type":"MultiPolygon","coordinates":[[[[127.122307,36.908736],[127.121991,36.908984],[127.12194,36.908654],[127.122016,36.908592],[127.122385,36.908291],[127.122383,36.908487],[127.122307,36.908736]]]]},"properties":{"id":"FLD:44130:2769:12790","layer":"FLOOD_TRACE","admin_code":"44130","sido_code":"44","flood_year":"2020","occurred_at":"2020-08-03","ended_at":"2020-08-03","begin_time":"1100","end_time":"1600","disaster_name":"20200803집중호우","cause_detail":"저지대 및 집중호우","flood_grade":2,"flood_depth_m":0.944,"flood_area_m2":12666.1,"source_sn":2769,"data_status":"actual","official_data":true,"is_prediction":false,"source":"행정안전부 침수흔적도 · 재난안전데이터공유플랫폼 DSSP-IF-00117","collected_at":"2026-08-19T16:46:51+09:00","source_crs":"EPSG:3857","display_badges":["행안부 침수흔적도","과거 기록"]}},{"type":"Feature","id":"FLD:44130:2771:12791","geometry":{"type":"MultiPolygon","coordinates":[[[[127.121985,36.90799],[127.122007,36.908435],[127.121288,36.908581],[127.121289,36.908447],[127.121278,36.908174],[127.121334,36.907887],[127.121883,36.907947],[127.121985,36.90799]]]]},"properties":{"id":"FLD:44130:2771:12791","layer":"FLOOD_TRACE","admin_code":"44130","sido_code":"44","flood_year":"2020","occurred_at":"2020-08-03","ended_at":"2020-08-03","begin_time":"1100","end_time":"1600","disaster_name":"20200803집중호우","cause_detail":"저지대 및 집중호우","flood_grade":1,"flood_depth_m":0.444,"flood_area_m2":12666.1,"source_sn":2771,"data_status":"actual","official_data":true,"is_prediction":false,"source":"행정안전부 침수흔적도 · 재난안전데이터공유플랫폼 DSSP-IF-00117","collected_at":"2026-08-19T16:46:51+09:00","source_crs":"EPSG:3857","display_badges":["행안부 침수흔적도","과거 기록"]}},{"type":"Feature","id":"FLD:44130:2774:12792","geometry":{"type":"MultiPolygon","coordinates":[[[[127.121367,36.9222],[127.121683,36.922039],[127.122146,36.921766],[127.122543,36.92139],[127.122616,36.921301],[127.122679,36.921348],[127.122706,36.921382],[127.122476,36.921616],[127.122289,36.921809],[127.122127,36.921956],[127.121837,36.922177],[127.121533,36.922359],[127.121404,36.922329],[127.121367,36.9222]]]]},"properties":{"id":"FLD:44130:2774:12792","layer":"FLOOD_TRACE","admin_code":"44130","sido_code":"44","flood_year":"2020","occurred_at":"2020-08-03","ended_at":"2020-08-03","begin_time":"1100","end_time":"1600","disaster_name":"20200803집중호우","cause_detail":"저지대 및 집중호우","flood_grade":3,"flood_depth_m":1.346,"flood_area_m2":10027.1,"source_sn":2774,"data_status":"actual","official_data":true,"is_prediction":false,"source":"행정안전부 침수흔적도 · 재난안전데이터공유플랫폼 DSSP-IF-00117","collected_at":"2026-08-19T16:46:51+09:00","source_crs":"EPSG:3857","display_badges":["행안부 침수흔적도","과거 기록"]}},{"type":"Feature","id":"FLD:44130:2768:12793","geometry":{"type":"MultiPolygon","coordinates":[[[[127.121363,36.92189],[127.121893,36.921649],[127.122313,36.921205],[127.122558,36.921258],[127.122616,36.921301],[127.122543,36.92139],[127.122146,36.921766],[127.121683,36.922039],[127.121367,36.9222],[127.121365,36.922195],[127.121359,36.922025],[127.121363,36.92189]]]]},"properties":{"id":"FLD:44130:2768:12793","layer":"FLOOD_TRACE","admin_code":"44130","sido_code":"44","flood_year":"2020","occurred_at":"2020-08-03","ended_at":"2020-08-03","begin_time":"1100","end_time":"1600","disaster_name":"20200803집중호우","cause_detail":"저지대 및 집중호우","flood_grade":2,"flood_depth_m":0.791,"flood_area_m2":10027.1,"source_sn":2768,"data_status":"actual","official_data":true,"is_prediction":false,"source":"행정안전부 침수흔적도 · 재난안전데이터공유플랫폼 DSSP-IF-00117","collected_at":"2026-08-19T16:46:51+09:00","source_crs":"EPSG:3857","display_badges":["행안부 침수흔적도","과거 기록"]}},{"type":"Feature","id":"FLD:44130:2775:12794","geometry":{"type":"MultiPolygon","coordinates":[[[[127.121263,36.908949],[127.121288,36.908649],[127.121288,36.908581],[127.122007,36.908435],[127.122016,36.908592],[127.12194,36.908654],[127.121991,36.908984],[127.121954,36.909013],[127.121786,36.909228],[127.121536,36.909094],[127.121263,36.908949]]]]},"properties":{"id":"FLD:44130:2775:12794","layer":"FLOOD_TRACE","admin_code":"44130","sido_code":"44","flood_year":"2020","occurred_at":"2020-08-03","ended_at":"2020-08-03","begin_time":"1100","end_time":"1600","disaster_name":"20200803집중호우","cause_detail":"저지대 및 집중호우","flood_grade":2,"flood_depth_m":1.954,"flood_area_m2":12666.1,"source_sn":2775,"data_status":"actual","official_data":true,"is_prediction":false,"source":"행정안전부 침수흔적도 · 재난안전데이터공유플랫폼 DSSP-IF-00117","collected_at":"2026-08-19T16:46:51+09:00","source_crs":"EPSG:3857","display_badges":["행안부 침수흔적도","과거 기록"]}},{"type":"Feature","id":"FLD:44130:2770:12795","geometry":{"type":"MultiPolygon","coordinates":[[[[127.122385,36.908291],[127.122016,36.908592],[127.122007,36.908435],[127.121985,36.90799],[127.122386,36.908159],[127.122385,36.908291]]]]},"properties":{"id":"FLD:44130:2770:12795","layer":"FLOOD_TRACE","admin_code":"44130","sido_code":"44","flood_year":"2020","occurred_at":"2020-08-03","ended_at":"2020-08-03","begin_time":"1100","end_time":"1600","disaster_name":"20200803집중호우","cause_detail":"저지대 및 집중호우","flood_grade":2,"flood_depth_m":0.944,"flood_area_m2":12666.1,"source_sn":2770,"data_status":"actual","official_data":true,"is_prediction":false,"source":"행정안전부 침수흔적도 · 재난안전데이터공유플랫폼 DSSP-IF-00117","collected_at":"2026-08-19T16:46:51+09:00","source_crs":"EPSG:3857","display_badges":["행안부 침수흔적도","과거 기록"]}},{"type":"Feature","id":"FLD:44130:2698:13108","geometry":{"type":"MultiPolygon","coordinates":[[[[127.119056,36.788756],[127.119025,36.788716],[127.118779,36.788227],[127.118413,36.787547],[127.118019,36.786737],[127.11807,36.786632],[127.118256,36.787168],[127.118663,36.787901],[127.119047,36.788653],[127.119056,36.788756]]]]},"properties":{"id":"FLD:44130:2698:13108","layer":"FLOOD_TRACE","admin_code":"44130","sido_code":"44","flood_year":"2020","occurred_at":"2020-08-03","ended_at":"2020-08-03","begin_time":"1100","end_time":"1600","disaster_name":"20200803집중호우","cause_detail":"저지대 및 배수시설 미비","flood_grade":2,"flood_depth_m":0.518,"flood_area_m2":6470.4,"source_sn":2698,"data_status":"actual","official_data":true,"is_prediction":false,"source":"행정안전부 침수흔적도 · 재난안전데이터공유플랫폼 DSSP-IF-00117","collected_at":"2026-08-19T16:46:51+09:00","source_crs":"EPSG:3857","display_badges":["행안부 침수흔적도","과거 기록"]}},{"type":"Feature","id":"FLD:44130:2701:13109","geometry":{"type":"MultiPolygon","coordinates":[[[[127.120739,36.779006],[127.121076,36.778958],[127.121444,36.778614],[127.121998,36.778671],[127.122013,36.778726],[127.121944,36.778763],[127.121673,36.778926],[127.121478,36.77907],[127.1212,36.779261],[127.120968,36.779411],[127.120739,36.779006]]]]},"properties":{"id":"FLD:44130:2701:13109","layer":"FLOOD_TRACE","admin_code":"44130","sido_code":"44","flood_year":"2020","occurred_at":"2020-08-03","ended_at":"2020-08-03","begin_time":"1100","end_time":"1600","disaster_name":"20200803집중호우","cause_detail":"저지대 및 집중호우","flood_grade":3,"flood_depth_m":1.072,"flood_area_m2":20427.5,"source_sn":2701,"data_status":"actual","official_data":true,"is_prediction":false,"source":"행정안전부 침수흔적도 · 재난안전데이터공유플랫폼 DSSP-IF-00117","collected_at":"2026-08-19T16:46:51+09:00","source_crs":"EPSG:3857","display_badges":["행안부 침수흔적도","과거 기록"]}},{"type":"Feature","id":"FLD:44130:2697:13110","geometry":{"type":"MultiPolygon","coordinates":[[[[127.120968,36.779411],[127.1212,36.779261],[127.121478,36.77907],[127.121673,36.778926],[127.121944,36.778763],[127.122013,36.778726],[127.12209,36.779],[127.12191,36.779058],[127.121597,36.779297],[127.121179,36.779767],[127.121152,36.779735],[127.120968,36.779411]]]]},"properties":{"id":"FLD:44130:2697:13110","layer":"FLOOD_TRACE","admin_code":"44130","sido_code":"44","flood_year":"2020","occurred_at":"2020-08-03","ended_at":"2020-08-03","begin_time":"1100","end_time":"1600","disaster_name":"20200803집중호우","cause_detail":"저지대 및 집중호우","flood_grade":2,"flood_depth_m":0.672,"flood_area_m2":20427.5,"source_sn":2697,"data_status":"actual","official_data":true,"is_prediction":false,"source":"행정안전부 침수흔적도 · 재난안전데이터공유플랫폼 DSSP-IF-00117","collected_at":"2026-08-19T16:46:51+09:00","source_crs":"EPSG:3857","display_badges":["행안부 침수흔적도","과거 기록"]}},{"type":"Feature","id":"FLD:44130:2696:13111","geometry":{"type":"MultiPolygon","coordinates":[[[[127.119091,36.789124],[127.118427,36.787857],[127.117959,36.786859],[127.118019,36.786737],[127.118413,36.787547],[127.118779,36.788227],[127.119025,36.788716],[127.119056,36.788756],[127.119086,36.789066],[127.119091,36.789124]]]]},"properties":{"id":"FLD:44130:2696:13111","layer":"FLOOD_TRACE","admin_code":"44130","sido_code":"44","flood_year":"2020","occurred_at":"2020-08-03","ended_at":"2020-08-03","begin_time":"1100","end_time":"1600","disaster_name":"20200803집중호우","cause_detail":"저지대 및 배수시설 미비","flood_grade":3,"flood_depth_m":1.298,"flood_area_m2":6470.4,"source_sn":2696,"data_status":"actual","official_data":true,"is_prediction":false,"source":"행정안전부 침수흔적도 · 재난안전데이터공유플랫폼 DSSP-IF-00117","collected_at":"2026-08-19T16:46:51+09:00","source_crs":"EPSG:3857","display_badges":["행안부 침수흔적도","과거 기록"]}},{"type":"Feature","id":"FLD:44130:2699:13112","geometry":{"type":"MultiPolygon","coordinates":[[[[127.117915,36.786948],[127.117959,36.786859],[127.118427,36.787857],[127.119091,36.789124],[127.119113,36.789357],[127.118838,36.788809],[127.118401,36.787993],[127.118178,36.787634],[127.117915,36.786948]]]]},"properties":{"id":"FLD:44130:2699:13112","layer":"FLOOD_TRACE","admin_code":"44130","sido_code":"44","flood_year":"2020","occurred_at":"2020-08-03","ended_at":"2020-08-03","begin_time":"1100","end_time":"1600","disaster_name":"20200803집중호우","cause_detail":"저지대 및 배수시설 미비","flood_grade":2,"flood_depth_m":0.598,"flood_area_m2":6470.4,"source_sn":2699,"data_status":"actual","official_data":true,"is_prediction":false,"source":"행정안전부 침수흔적도 · 재난안전데이터공유플랫폼 DSSP-IF-00117","collected_at":"2026-08-19T16:46:51+09:00","source_crs":"EPSG:3857","display_badges":["행안부 침수흔적도","과거 기록"]}},{"type":"Feature","id":"FLD:44130:2700:13113","geometry":{"type":"MultiPolygon","coordinates":[[[[127.121179,36.779767],[127.121597,36.779297],[127.12191,36.779058],[127.12209,36.779],[127.122291,36.779717],[127.122531,36.779962],[127.122733,36.780304],[127.12268,36.78031],[127.122383,36.780384],[127.122024,36.780408],[127.121644,36.78043],[127.121352,36.780423],[127.121295,36.780071],[127.121313,36.779925],[127.121179,36.779767]]]]},"properties":{"id":"FLD:44130:2700:13113","layer":"FLOOD_TRACE","admin_code":"44130","sido_code":"44","flood_year":"2020","occurred_at":"2020-08-03","ended_at":"2020-08-03","begin_time":"1100","end_time":"1600","disaster_name":"20200803집중호우","cause_detail":"저지대 및 집중호우","flood_grade":1,"flood_depth_m":0.272,"flood_area_m2":20427.5,"source_sn":2700,"data_status":"actual","official_data":true,"is_prediction":false,"source":"행정안전부 침수흔적도 · 재난안전데이터공유플랫폼 DSSP-IF-00117","collected_at":"2026-08-19T16:46:51+09:00","source_crs":"EPSG:3857","display_badges":["행안부 침수흔적도","과거 기록"]}},{"type":"Feature","id":"FLD:44130:2702:13114","geometry":{"type":"MultiPolygon","coordinates":[[[[127.170968,36.735927],[127.170789,36.735799],[127.170635,36.735704],[127.170528,36.735594],[127.170513,36.735483],[127.170806,36.73531],[127.170853,36.735162],[127.170861,36.735136],[127.171629,36.735072],[127.171897,36.735411],[127.170968,36.735927]]]]},"properties":{"id":"FLD:44130:2702:13114","layer":"FLOOD_TRACE","admin_code":"44130","sido_code":"44","flood_year":"2020","occurred_at":"2020-08-03","ended_at":"2020-08-03","begin_time":"1100","end_time":"1600","disaster_name":"20200803집중호우","cause_detail":"하천수위 상승으로 인한 압력으로 배수시설 저하","flood_grade":2,"flood_depth_m":0.614,"flood_area_m2":33006.5,"source_sn":2702,"data_status":"actual","official_data":true,"is_prediction":false,"source":"행정안전부 침수흔적도 · 재난안전데이터공유플랫폼 DSSP-IF-00117","collected_at":"2026-08-19T16:46:51+09:00","source_crs":"EPSG:3857","display_badges":["행안부 침수흔적도","과거 기록"]}},{"type":"Feature","id":"FLD:44130:2707:13115","geometry":{"type":"MultiPolygon","coordinates":[[[[127.17078,36.733991],[127.170199,36.734174],[127.170044,36.734544],[127.170151,36.734718],[127.17021,36.734792],[127.169783,36.735037],[127.169692,36.734578],[127.169523,36.733949],[127.169984,36.733785],[127.170541,36.733753],[127.17078,36.733991]]]]},"properties":{"id":"FLD:44130:2707:13115","layer":"FLOOD_TRACE","admin_code":"44130","sido_code":"44","flood_year":"2020","occurred_at":"2020-08-03","ended_at":"2020-08-03","begin_time":"1100","end_time":"1600","disaster_name":"20200803집중호우","cause_detail":"하천수위 상승으로 인한 압력으로 배수시설 저하","flood_grade":1,"flood_depth_m":0.234,"flood_area_m2":33006.5,"source_sn":2707,"data_status":"actual","official_data":true,"is_prediction":false,"source":"행정안전부 침수흔적도 · 재난안전데이터공유플랫폼 DSSP-IF-00117","collected_at":"2026-08-19T16:46:51+09:00","source_crs":"EPSG:3857","display_badges":["행안부 침수흔적도","과거 기록"]}},{"type":"Feature","id":"FLD:44130:2706:13116","geometry":{"type":"MultiPolygon","coordinates":[[[[127.169958,36.735423],[127.170512,36.735111],[127.170607,36.735151],[127.170853,36.735162],[127.170806,36.73531],[127.170513,36.735483],[127.17051,36.735463],[127.17005,36.73556],[127.170043,36.735545],[127.169958,36.735423]]]]},"properties":{"id":"FLD:44130:2706:13116","layer":"FLOOD_TRACE","admin_code":"44130","sido_code":"44","flood_year":"2020","occurred_at":"2020-08-03","ended_at":"2020-08-03","begin_time":"1100","end_time":"1600","disaster_name":"20200803집중호우","cause_detail":"하천수위 상승으로 인한 압력으로 배수시설 저하","flood_grade":1,"flood_depth_m":0.264,"flood_area_m2":33006.5,"source_sn":2706,"data_status":"actual","official_data":true,"is_prediction":false,"source":"행정안전부 침수흔적도 · 재난안전데이터공유플랫폼 DSSP-IF-00117","collected_at":"2026-08-19T16:46:51+09:00","source_crs":"EPSG:3857","display_badges":["행안부 침수흔적도","과거 기록"]}},{"type":"Feature","id":"FLD:44130:2703:13147","geometry":{"type":"MultiPolygon","coordinates":[[[[127.171629,36.735072],[127.170861,36.735136],[127.170853,36.735162],[127.170607,36.735151],[127.170512,36.735111],[127.170441,36.735081],[127.17021,36.734792],[127.170151,36.734718],[127.170044,36.734544],[127.170199,36.734174],[127.17078,36.733991],[127.170802,36.734012],[127.171547,36.734969],[127.171629,36.735072]]]]},"properties":{"id":"FLD:44130:2703:13147","layer":"FLOOD_TRACE","admin_code":"44130","sido_code":"44","flood_year":"2020","occurred_at":"2020-08-03","ended_at":"2020-08-03","begin_time":"1100","end_time":"1600","disaster_name":"20200803집중호우","cause_detail":"하천수위 상승으로 인한 압력으로 배수시설 저하","flood_grade":2,"flood_depth_m":0.654,"flood_area_m2":33006.5,"source_sn":2703,"data_status":"actual","official_data":true,"is_prediction":false,"source":"행정안전부 침수흔적도 · 재난안전데이터공유플랫폼 DSSP-IF-00117","collected_at":"2026-08-19T16:46:51+09:00","source_crs":"EPSG:3857","display_badges":["행안부 침수흔적도","과거 기록"]}},{"type":"Feature","id":"FLD:44130:2704:13148","geometry":{"type":"MultiPolygon","coordinates":[[[[127.170372,36.736258],[127.17005,36.73556],[127.17051,36.735463],[127.170513,36.735483],[127.170528,36.735594],[127.170635,36.735704],[127.170789,36.735799],[127.170968,36.735927],[127.170372,36.736258]]]]},"properties":{"id":"FLD:44130:2704:13148","layer":"FLOOD_TRACE","admin_code":"44130","sido_code":"44","flood_year":"2020","occurred_at":"2020-08-03","ended_at":"2020-08-03","begin_time":"1100","end_time":"1600","disaster_name":"20200803집중호우","cause_detail":"하천수위 상승으로 인한 압력으로 배수시설 저하","flood_grade":3,"flood_depth_m":1.254,"flood_area_m2":33006.5,"source_sn":2704,"data_status":"actual","official_data":true,"is_prediction":false,"source":"행정안전부 침수흔적도 · 재난안전데이터공유플랫폼 DSSP-IF-00117","collected_at":"2026-08-19T16:46:51+09:00","source_crs":"EPSG:3857","display_badges":["행안부 침수흔적도","과거 기록"]}},{"type":"Feature","id":"FLD:44130:2705:13149","geometry":{"type":"MultiPolygon","coordinates":[[[[127.169783,36.735037],[127.17021,36.734792],[127.170441,36.735081],[127.170512,36.735111],[127.169958,36.735423],[127.169821,36.735227],[127.169783,36.735037]]]]},"properties":{"id":"FLD:44130:2705:13149","layer":"FLOOD_TRACE","admin_code":"44130","sido_code":"44","flood_year":"2020","occurred_at":"2020-08-03","ended_at":"2020-08-03","begin_time":"1100","end_time":"1600","disaster_name":"20200803집중호우","cause_detail":"하천수위 상승으로 인한 압력으로 배수시설 저하","flood_grade":2,"flood_depth_m":0.614,"flood_area_m2":33006.5,"source_sn":2705,"data_status":"actual","official_data":true,"is_prediction":false,"source":"행정안전부 침수흔적도 · 재난안전데이터공유플랫폼 DSSP-IF-00117","collected_at":"2026-08-19T16:46:51+09:00","source_crs":"EPSG:3857","display_badges":["행안부 침수흔적도","과거 기록"]}},{"type":"Feature","id":"FLD:44130:2710:13150","geometry":{"type":"MultiPolygon","coordinates":[[[[127.251268,36.772086],[127.252435,36.772002],[127.253095,36.772548],[127.2531,36.772849],[127.253078,36.772846],[127.252923,36.772793],[127.251612,36.772298],[127.251285,36.772118],[127.251268,36.772086]]]]},"properties":{"id":"FLD:44130:2710:13150","layer":"FLOOD_TRACE","admin_code":"44130","sido_code":"44","flood_year":"2020","occurred_at":"2020-08-03","ended_at":"2020-08-03","begin_time":"1100","end_time":"1600","disaster_name":"20200803집중호우","cause_detail":"인근하천 범람으로 인한 배수 불능","flood_grade":1,"flood_depth_m":0.071,"flood_area_m2":35006.8,"source_sn":2710,"data_status":"actual","official_data":true,"is_prediction":false,"source":"행정안전부 침수흔적도 · 재난안전데이터공유플랫폼 DSSP-IF-00117","collected_at":"2026-08-19T16:46:51+09:00","source_crs":"EPSG:3857","display_badges":["행안부 침수흔적도","과거 기록"]}},{"type":"Feature","id":"FLD:44130:2709:13151","geometry":{"type":"MultiPolygon","coordinates":[[[[127.251231,36.771739],[127.251677,36.771948],[127.251878,36.771676],[127.252076,36.771478],[127.252285,36.771373],[127.252078,36.771051],[127.252044,36.770731],[127.252221,36.770505],[127.252233,36.770494],[127.252694,36.771692],[127.253161,36.772152],[127.253456,36.772886],[127.2531,36.772849],[127.253095,36.772548],[127.252435,36.772002],[127.251268,36.772086],[127.251229,36.772013],[127.251231,36.771739]]]]},"properties":{"id":"FLD:44130:2709:13151","layer":"FLOOD_TRACE","admin_code":"44130","sido_code":"44","flood_year":"2020","occurred_at":"2020-08-03","ended_at":"2020-08-03","begin_time":"1100","end_time":"1600","disaster_name":"20200803집중호우","cause_detail":"인근하천 범람으로 인한 배수 불능","flood_grade":2,"flood_depth_m":0.541,"flood_area_m2":35006.8,"source_sn":2709,"data_status":"actual","official_data":true,"is_prediction":false,"source":"행정안전부 침수흔적도 · 재난안전데이터공유플랫폼 DSSP-IF-00117","collected_at":"2026-08-19T16:46:51+09:00","source_crs":"EPSG:3857","display_badges":["행안부 침수흔적도","과거 기록"]}},{"type":"Feature","id":"FLD:44130:2708:13152","geometry":{"type":"MultiPolygon","coordinates":[[[[127.253456,36.772886],[127.253161,36.772152],[127.252694,36.771692],[127.252233,36.770494],[127.252535,36.770238],[127.252754,36.770095],[127.253239,36.771076],[127.25355,36.771891],[127.253688,36.77241],[127.253641,36.772906],[127.253456,36.772886]]]]},"properties":{"id":"FLD:44130:2708:13152","layer":"FLOOD_TRACE","admin_code":"44130","sido_code":"44","flood_year":"2020","occurred_at":"2020-08-03","ended_at":"2020-08-03","begin_time":"1100","end_time":"1600","disaster_name":"20200803집중호우","cause_detail":"인근하천 범람으로 인한 배수 불능","flood_grade":3,"flood_depth_m":1.154,"flood_area_m2":35006.8,"source_sn":2708,"data_status":"actual","official_data":true,"is_prediction":false,"source":"행정안전부 침수흔적도 · 재난안전데이터공유플랫폼 DSSP-IF-00117","collected_at":"2026-08-19T16:46:51+09:00","source_crs":"EPSG:3857","display_badges":["행안부 침수흔적도","과거 기록"]}},{"type":"Feature","id":"FLD:44130:2713:13153","geometry":{"type":"MultiPolygon","coordinates":[[[[127.296959,36.732499],[127.292424,36.734291],[127.291597,36.733666],[127.291568,36.733647],[127.292892,36.733063],[127.296951,36.731419],[127.296949,36.731474],[127.296959,36.732499]]]]},"properties":{"id":"FLD:44130:2713:13153","layer":"FLOOD_TRACE","admin_code":"44130","sido_code":"44","flood_year":"2020","occurred_at":"2020-08-03","ended_at":"2020-08-03","begin_time":"1100","end_time":"1600","disaster_name":"20200803집중호우","cause_detail":"집중호우","flood_grade":2,"flood_depth_m":0.604,"flood_area_m2":355814,"source_sn":2713,"data_status":"actual","official_data":true,"is_prediction":false,"source":"행정안전부 침수흔적도 · 재난안전데이터공유플랫폼 DSSP-IF-00117","collected_at":"2026-08-19T16:46:51+09:00","source_crs":"EPSG:3857","display_badges":["행안부 침수흔적도","과거 기록"]}},{"type":"Feature","id":"FLD:44130:2718:13154","geometry":{"type":"MultiPolygon","coordinates":[[[[127.296969,36.730841],[127.294736,36.731802],[127.291064,36.733319],[127.290127,36.73271],[127.292635,36.731601],[127.295878,36.730289],[127.296859,36.730458],[127.296969,36.730822],[127.296969,36.730841]]]]},"properties":{"id":"FLD:44130:2718:13154","layer":"FLOOD_TRACE","admin_code":"44130","sido_code":"44","flood_year":"2020","occurred_at":"2020-08-03","ended_at":"2020-08-03","begin_time":"1100","end_time":"1600","disaster_name":"20200803집중호우","cause_detail":"집중호우","flood_grade":2,"flood_depth_m":0.904,"flood_area_m2":355814,"source_sn":2718,"data_status":"actual","official_data":true,"is_prediction":false,"source":"행정안전부 침수흔적도 · 재난안전데이터공유플랫폼 DSSP-IF-00117","collected_at":"2026-08-19T16:46:51+09:00","source_crs":"EPSG:3857","display_badges":["행안부 침수흔적도","과거 기록"]}},{"type":"Feature","id":"FLD:44130:2715:13155","geometry":{"type":"MultiPolygon","coordinates":[[[[127.296587,36.734785],[127.294478,36.735539],[127.294084,36.735215],[127.293525,36.734948],[127.292828,36.734716],[127.292596,36.734421],[127.292424,36.734291],[127.296959,36.732499],[127.29696,36.73263],[127.296775,36.73388],[127.296591,36.734749],[127.296587,36.734785]]]]},"properties":{"id":"FLD:44130:2715:13155","layer":"FLOOD_TRACE","admin_code":"44130","sido_code":"44","flood_year":"2020","occurred_at":"2020-08-03","ended_at":"2020-08-03","begin_time":"1100","end_time":"1600","disaster_name":"20200803집중호우","cause_detail":"집중호우","flood_grade":2,"flood_depth_m":0.954,"flood_area_m2":355814,"source_sn":2715,"data_status":"actual","official_data":true,"is_prediction":false,"source":"행정안전부 침수흔적도 · 재난안전데이터공유플랫폼 DSSP-IF-00117","collected_at":"2026-08-19T16:46:51+09:00","source_crs":"EPSG:3857","display_badges":["행안부 침수흔적도","과거 기록"]}},{"type":"Feature","id":"FLD:44130:2714:13156","geometry":{"type":"MultiPolygon","coordinates":[[[[127.295878,36.730289],[127.292635,36.731601],[127.290127,36.73271],[127.290038,36.732653],[127.288788,36.732116],[127.290178,36.731571],[127.291058,36.731216],[127.292612,36.730589],[127.293728,36.730114],[127.295474,36.73022],[127.295878,36.730289]]]]},"properties":{"id":"FLD:44130:2714:13156","layer":"FLOOD_TRACE","admin_code":"44130","sido_code":"44","flood_year":"2020","occurred_at":"2020-08-03","ended_at":"2020-08-03","begin_time":"1100","end_time":"1600","disaster_name":"20200803집중호우","cause_detail":"집중호우","flood_grade":2,"flood_depth_m":0.604,"flood_area_m2":355814,"source_sn":2714,"data_status":"actual","official_data":true,"is_prediction":false,"source":"행정안전부 침수흔적도 · 재난안전데이터공유플랫폼 DSSP-IF-00117","collected_at":"2026-08-19T16:46:51+09:00","source_crs":"EPSG:3857","display_badges":["행안부 침수흔적도","과거 기록"]}},{"type":"Feature","id":"FLD:44130:2711:13157","geometry":{"type":"MultiPolygon","coordinates":[[[[127.296442,36.737986],[127.294944,36.738265],[127.29429,36.737807],[127.294117,36.737686],[127.294502,36.737476],[127.295084,36.737366],[127.296298,36.736857],[127.296487,36.736741],[127.296482,36.737243],[127.296442,36.737986]]]]},"properties":{"id":"FLD:44130:2711:13157","layer":"FLOOD_TRACE","admin_code":"44130","sido_code":"44","flood_year":"2020","occurred_at":"2020-08-03","ended_at":"2020-08-03","begin_time":"1100","end_time":"1600","disaster_name":"20200803집중호우","cause_detail":"집중호우","flood_grade":3,"flood_depth_m":1.404,"flood_area_m2":355814,"source_sn":2711,"data_status":"actual","official_data":true,"is_prediction":false,"source":"행정안전부 침수흔적도 · 재난안전데이터공유플랫폼 DSSP-IF-00117","collected_at":"2026-08-19T16:46:51+09:00","source_crs":"EPSG:3857","display_badges":["행안부 침수흔적도","과거 기록"]}},{"type":"Feature","id":"FLD:44130:2712:13158","geometry":{"type":"MultiPolygon","coordinates":[[[[127.295759,36.738586],[127.294269,36.738703],[127.294181,36.738092],[127.294099,36.738096],[127.29429,36.737807],[127.294944,36.738265],[127.296442,36.737986],[127.296429,36.738224],[127.296424,36.738936],[127.296326,36.739521],[127.295759,36.738586]]]]},"properties":{"id":"FLD:44130:2712:13158","layer":"FLOOD_TRACE","admin_code":"44130","sido_code":"44","flood_year":"2020","occurred_at":"2020-08-03","ended_at":"2020-08-03","begin_time":"1100","end_time":"1600","disaster_name":"20200803집중호우","cause_detail":"집중호우","flood_grade":2,"flood_depth_m":1.504,"flood_area_m2":355814,"source_sn":2712,"data_status":"actual","official_data":true,"is_prediction":false,"source":"행정안전부 침수흔적도 · 재난안전데이터공유플랫폼 DSSP-IF-00117","collected_at":"2026-08-19T16:46:51+09:00","source_crs":"EPSG:3857","display_badges":["행안부 침수흔적도","과거 기록"]}},{"type":"Feature","id":"FLD:44130:2717:13159","geometry":{"type":"MultiPolygon","coordinates":[[[[127.296487,36.736741],[127.296298,36.736857],[127.295084,36.737366],[127.294502,36.737476],[127.294117,36.737686],[127.29429,36.737807],[127.294099,36.738096],[127.293081,36.738154],[127.292465,36.738589],[127.292278,36.738104],[127.293245,36.737543],[127.293888,36.73756],[127.294583,36.736665],[127.294594,36.735903],[127.294493,36.735551],[127.294478,36.735539],[127.296587,36.734785],[127.296541,36.735171],[127.296493,36.736041],[127.296487,36.736741]]]]},"properties":{"id":"FLD:44130:2717:13159","layer":"FLOOD_TRACE","admin_code":"44130","sido_code":"44","flood_year":"2020","occurred_at":"2020-08-03","ended_at":"2020-08-03","begin_time":"1100","end_time":"1600","disaster_name":"20200803집중호우","cause_detail":"집중호우","flood_grade":2,"flood_depth_m":0.841,"flood_area_m2":355814,"source_sn":2717,"data_status":"actual","official_data":true,"is_prediction":false,"source":"행정안전부 침수흔적도 · 재난안전데이터공유플랫폼 DSSP-IF-00117","collected_at":"2026-08-19T16:46:51+09:00","source_crs":"EPSG:3857","display_badges":["행안부 침수흔적도","과거 기록"]}},{"type":"Feature","id":"FLD:44130:2716:13160","geometry":{"type":"MultiPolygon","coordinates":[[[[127.296951,36.731419],[127.292892,36.733063],[127.291568,36.733647],[127.291064,36.733319],[127.294736,36.731802],[127.296969,36.730841],[127.296951,36.731419]]]]},"properties":{"id":"FLD:44130:2716:13160","layer":"FLOOD_TRACE","admin_code":"44130","sido_code":"44","flood_year":"2020","occurred_at":"2020-08-03","ended_at":"2020-08-03","begin_time":"1100","end_time":"1600","disaster_name":"20200803집중호우","cause_detail":"집중호우","flood_grade":2,"flood_depth_m":0.604,"flood_area_m2":355814,"source_sn":2716,"data_status":"actual","official_data":true,"is_prediction":false,"source":"행정안전부 침수흔적도 · 재난안전데이터공유플랫폼 DSSP-IF-00117","collected_at":"2026-08-19T16:46:51+09:00","source_crs":"EPSG:3857","display_badges":["행안부 침수흔적도","과거 기록"]}},{"type":"Feature","id":"FLD:44130:2734:13161","geometry":{"type":"MultiPolygon","coordinates":[[[[127.317146,36.782785],[127.315959,36.78268],[127.31597,36.78205],[127.316002,36.781615],[127.316006,36.781573],[127.317534,36.781863],[127.317346,36.782031],[127.317176,36.782388],[127.317146,36.782785]]]]},"properties":{"id":"FLD:44130:2734:13161","layer":"FLOOD_TRACE","admin_code":"44130","sido_code":"44","flood_year":"2020","occurred_at":"2020-08-03","ended_at":"2020-08-03","begin_time":"1100","end_time":"1600","disaster_name":"20200803집중호우","cause_detail":null,"flood_grade":3,"flood_depth_m":1.006,"flood_area_m2":43333,"source_sn":2734,"data_status":"actual","official_data":true,"is_prediction":false,"source":"행정안전부 침수흔적도 · 재난안전데이터공유플랫폼 DSSP-IF-00117","collected_at":"2026-08-19T16:46:51+09:00","source_crs":"EPSG:3857","display_badges":["행안부 침수흔적도","과거 기록"]}},{"type":"Feature","id":"FLD:44130:2722:13162","geometry":{"type":"MultiPolygon","coordinates":[[[[127.297012,36.759082],[127.297614,36.759755],[127.298002,36.760189],[127.297077,36.760668],[127.296875,36.759067],[127.297012,36.759082]]]]},"properties":{"id":"FLD:44130:2722:13162","layer":"FLOOD_TRACE","admin_code":"44130","sido_code":"44","flood_year":"2020","occurred_at":"2020-08-03","ended_at":"2020-08-03","begin_time":"1100","end_time":"1600","disaster_name":"20200803집중호우","cause_detail":"집중호우 및 저지대","flood_grade":2,"flood_depth_m":0.928,"flood_area_m2":79195.5,"source_sn":2722,"data_status":"actual","official_data":true,"is_prediction":false,"source":"행정안전부 침수흔적도 · 재난안전데이터공유플랫폼 DSSP-IF-00117","collected_at":"2026-08-19T16:46:51+09:00","source_crs":"EPSG:3857","display_badges":["행안부 침수흔적도","과거 기록"]}},{"type":"Feature","id":"FLD:44130:2738:13163","geometry":{"type":"MultiPolygon","coordinates":[[[[127.317534,36.781863],[127.316006,36.781573],[127.316067,36.780984],[127.316104,36.780687],[127.316129,36.780577],[127.316134,36.780576],[127.316684,36.780629],[127.317051,36.780671],[127.317582,36.78182],[127.317534,36.781863]]]]},"properties":{"id":"FLD:44130:2738:13163","layer":"FLOOD_TRACE","admin_code":"44130","sido_code":"44","flood_year":"2020","occurred_at":"2020-08-03","ended_at":"2020-08-03","begin_time":"1100","end_time":"1600","disaster_name":"20200803집중호우","cause_detail":null,"flood_grade":2,"flood_depth_m":0.706,"flood_area_m2":43333,"source_sn":2738,"data_status":"actual","official_data":true,"is_prediction":false,"source":"행정안전부 침수흔적도 · 재난안전데이터공유플랫폼 DSSP-IF-00117","collected_at":"2026-08-19T16:46:51+09:00","source_crs":"EPSG:3857","display_badges":["행안부 침수흔적도","과거 기록"]}},{"type":"Feature","id":"FLD:44130:2724:13197","geometry":{"type":"MultiPolygon","coordinates":[[[[127.297687,36.761621],[127.298837,36.761122],[127.298881,36.761171],[127.29958,36.762345],[127.298423,36.762585],[127.298047,36.762144],[127.297728,36.761681],[127.297687,36.761621]]]]},"properties":{"id":"FLD:44130:2724:13197","layer":"FLOOD_TRACE","admin_code":"44130","sido_code":"44","flood_year":"2020","occurred_at":"2020-08-03","ended_at":"2020-08-03","begin_time":"1100","end_time":"1600","disaster_name":"20200803집중호우","cause_detail":"집중호우 및 저지대","flood_grade":1,"flood_depth_m":0.128,"flood_area_m2":79195.5,"source_sn":2724,"data_status":"actual","official_data":true,"is_prediction":false,"source":"행정안전부 침수흔적도 · 재난안전데이터공유플랫폼 DSSP-IF-00117","collected_at":"2026-08-19T16:46:51+09:00","source_crs":"EPSG:3857","display_badges":["행안부 침수흔적도","과거 기록"]}},{"type":"Feature","id":"FLD:44130:2744:13198","geometry":{"type":"MultiPolygon","coordinates":[[[[127.297077,36.760668],[127.298002,36.760189],[127.298661,36.760925],[127.298837,36.761122],[127.297687,36.761621],[127.297087,36.760747],[127.297077,36.760668]]]]},"properties":{"id":"FLD:44130:2744:13198","layer":"FLOOD_TRACE","admin_code":"44130","sido_code":"44","flood_year":"2020","occurred_at":"2020-08-03","ended_at":"2020-08-03","begin_time":"1100","end_time":"1600","disaster_name":"20200803집중호우","cause_detail":"집중호우 및 저지대","flood_grade":2,"flood_depth_m":0.928,"flood_area_m2":79195.5,"source_sn":2744,"data_status":"actual","official_data":true,"is_prediction":false,"source":"행정안전부 침수흔적도 · 재난안전데이터공유플랫폼 DSSP-IF-00117","collected_at":"2026-08-19T16:46:51+09:00","source_crs":"EPSG:3857","display_badges":["행안부 침수흔적도","과거 기록"]}},{"type":"Feature","id":"FLD:44130:2739:13199","geometry":{"type":"MultiPolygon","coordinates":[[[[127.285367,36.758324],[127.285907,36.757059],[127.286164,36.757146],[127.287033,36.75746],[127.286144,36.759435],[127.285794,36.759177],[127.285804,36.759183],[127.28538,36.758335],[127.285367,36.758324]]]]},"properties":{"id":"FLD:44130:2739:13199","layer":"FLOOD_TRACE","admin_code":"44130","sido_code":"44","flood_year":"2020","occurred_at":"2020-08-03","ended_at":"2020-08-03","begin_time":"1100","end_time":"1600","disaster_name":"20200803집중호우","cause_detail":"집중호우","flood_grade":2,"flood_depth_m":0.742,"flood_area_m2":124121.9,"source_sn":2739,"data_status":"actual","official_data":true,"is_prediction":false,"source":"행정안전부 침수흔적도 · 재난안전데이터공유플랫폼 DSSP-IF-00117","collected_at":"2026-08-19T16:46:51+09:00","source_crs":"EPSG:3857","display_badges":["행안부 침수흔적도","과거 기록"]}},{"type":"Feature","id":"FLD:44130:2741:13200","geometry":{"type":"MultiPolygon","coordinates":[[[[127.318226,36.728386],[127.318056,36.728213],[127.317969,36.727945],[127.317825,36.727594],[127.317874,36.726981],[127.317836,36.726883],[127.317953,36.726814],[127.318393,36.727974],[127.318583,36.728365],[127.318427,36.728406],[127.318426,36.728404],[127.318226,36.728386]]]]},"properties":{"id":"FLD:44130:2741:13200","layer":"FLOOD_TRACE","admin_code":"44130","sido_code":"44","flood_year":"2020","occurred_at":"2020-08-03","ended_at":"2020-08-03","begin_time":"1100","end_time":"1600","disaster_name":"20200803집중호우","cause_detail":"하천범람으로 인한 침수","flood_grade":1,"flood_depth_m":0.259,"flood_area_m2":29839.4,"source_sn":2741,"data_status":"actual","official_data":true,"is_prediction":false,"source":"행정안전부 침수흔적도 · 재난안전데이터공유플랫폼 DSSP-IF-00117","collected_at":"2026-08-19T16:46:51+09:00","source_crs":"EPSG:3857","display_badges":["행안부 침수흔적도","과거 기록"]}},{"type":"Feature","id":"FLD:44130:2742:13201","geometry":{"type":"MultiPolygon","coordinates":[[[[127.2724,36.759674],[127.27201,36.757924],[127.272066,36.757917],[127.273235,36.757777],[127.273475,36.758698],[127.273385,36.758814],[127.273292,36.75915],[127.273266,36.759353],[127.272517,36.759655],[127.2724,36.759674]]]]},"properties":{"id":"FLD:44130:2742:13201","layer":"FLOOD_TRACE","admin_code":"44130","sido_code":"44","flood_year":"2020","occurred_at":"2020-08-03","ended_at":"2020-08-03","begin_time":"1100","end_time":"1600","disaster_name":"20200803집중호우","cause_detail":"하천수위 상승(월류)","flood_grade":1,"flood_depth_m":0.379,"flood_area_m2":255689.6,"source_sn":2742,"data_status":"actual","official_data":true,"is_prediction":false,"source":"행정안전부 침수흔적도 · 재난안전데이터공유플랫폼 DSSP-IF-00117","collected_at":"2026-08-19T16:46:51+09:00","source_crs":"EPSG:3857","display_badges":["행안부 침수흔적도","과거 기록"]}},{"type":"Feature","id":"FLD:44130:2746:13202","geometry":{"type":"MultiPolygon","coordinates":[[[[127.267331,36.75845],[127.267081,36.757099],[127.267414,36.757037],[127.26824,36.756972],[127.268272,36.756967],[127.268368,36.757506],[127.268507,36.758293],[127.268441,36.758299],[127.267331,36.75845]]]]},"properties":{"id":"FLD:44130:2746:13202","layer":"FLOOD_TRACE","admin_code":"44130","sido_code":"44","flood_year":"2020","occurred_at":"2020-08-03","ended_at":"2020-08-03","begin_time":"1100","end_time":"1600","disaster_name":"20200803집중호우","cause_detail":"하천수위 상승(월류)","flood_grade":3,"flood_depth_m":1.289,"flood_area_m2":255689.6,"source_sn":2746,"data_status":"actual","official_data":true,"is_prediction":false,"source":"행정안전부 침수흔적도 · 재난안전데이터공유플랫폼 DSSP-IF-00117","collected_at":"2026-08-19T16:46:51+09:00","source_crs":"EPSG:3857","display_badges":["행안부 침수흔적도","과거 기록"]}},{"type":"Feature","id":"FLD:44130:2736:13203","geometry":{"type":"MultiPolygon","coordinates":[[[[127.266078,36.758597],[127.265879,36.757401],[127.266268,36.757251],[127.267081,36.757099],[127.267331,36.75845],[127.267289,36.758456],[127.266078,36.758597]]]]},"properties":{"id":"FLD:44130:2736:13203","layer":"FLOOD_TRACE","admin_code":"44130","sido_code":"44","flood_year":"2020","occurred_at":"2020-08-03","ended_at":"2020-08-03","begin_time":"1100","end_time":"1600","disaster_name":"20200803집중호우","cause_detail":"하천수위 상승(월류)","flood_grade":2,"flood_depth_m":0.699,"flood_area_m2":255689.6,"source_sn":2736,"data_status":"actual","official_data":true,"is_prediction":false,"source":"행정안전부 침수흔적도 · 재난안전데이터공유플랫폼 DSSP-IF-00117","collected_at":"2026-08-19T16:46:51+09:00","source_crs":"EPSG:3857","display_badges":["행안부 침수흔적도","과거 기록"]}},{"type":"Feature","id":"FLD:44130:2719:13204","geometry":{"type":"MultiPolygon","coordinates":[[[[127.273475,36.758698],[127.273235,36.757777],[127.27438,36.75764],[127.276763,36.757355],[127.276724,36.757561],[127.276329,36.757805],[127.275086,36.758181],[127.274514,36.758268],[127.273676,36.758355],[127.273623,36.75851],[127.273475,36.758698]]]]},"properties":{"id":"FLD:44130:2719:13204","layer":"FLOOD_TRACE","admin_code":"44130","sido_code":"44","flood_year":"2020","occurred_at":"2020-08-03","ended_at":"2020-08-03","begin_time":"1100","end_time":"1600","disaster_name":"20200803집중호우","cause_detail":"하천수위 상승(월류)","flood_grade":2,"flood_depth_m":0.699,"flood_area_m2":255689.6,"source_sn":2719,"data_status":"actual","official_data":true,"is_prediction":false,"source":"행정안전부 침수흔적도 · 재난안전데이터공유플랫폼 DSSP-IF-00117","collected_at":"2026-08-19T16:46:51+09:00","source_crs":"EPSG:3857","display_badges":["행안부 침수흔적도","과거 기록"]}},{"type":"Feature","id":"FLD:44130:2747:13205","geometry":{"type":"MultiPolygon","coordinates":[[[[127.286144,36.759435],[127.287033,36.75746],[127.287502,36.75763],[127.289344,36.757818],[127.289378,36.757821],[127.288407,36.760115],[127.287611,36.760342],[127.286819,36.760127],[127.286636,36.75971],[127.286239,36.759505],[127.286144,36.759435]]]]},"properties":{"id":"FLD:44130:2747:13205","layer":"FLOOD_TRACE","admin_code":"44130","sido_code":"44","flood_year":"2020","occurred_at":"2020-08-03","ended_at":"2020-08-03","begin_time":"1100","end_time":"1600","disaster_name":"20200803집중호우","cause_detail":"집중호우","flood_grade":2,"flood_depth_m":0.892,"flood_area_m2":124121.9,"source_sn":2747,"data_status":"actual","official_data":true,"is_prediction":false,"source":"행정안전부 침수흔적도 · 재난안전데이터공유플랫폼 DSSP-IF-00117","collected_at":"2026-08-19T16:46:51+09:00","source_crs":"EPSG:3857","display_badges":["행안부 침수흔적도","과거 기록"]}},{"type":"Feature","id":"FLD:44130:2720:13206","geometry":{"type":"MultiPolygon","coordinates":[[[[127.268507,36.758293],[127.268368,36.757506],[127.270736,36.757188],[127.270919,36.758055],[127.270883,36.758059],[127.270219,36.758139],[127.268507,36.758293]]]]},"properties":{"id":"FLD:44130:2720:13206","layer":"FLOOD_TRACE","admin_code":"44130","sido_code":"44","flood_year":"2020","occurred_at":"2020-08-03","ended_at":"2020-08-03","begin_time":"1100","end_time":"1600","disaster_name":"20200803집중호우","cause_detail":"하천수위 상승(월류)","flood_grade":2,"flood_depth_m":1.599,"flood_area_m2":255689.6,"source_sn":2720,"data_status":"actual","official_data":true,"is_prediction":false,"source":"행정안전부 침수흔적도 · 재난안전데이터공유플랫폼 DSSP-IF-00117","collected_at":"2026-08-19T16:46:51+09:00","source_crs":"EPSG:3857","display_badges":["행안부 침수흔적도","과거 기록"]}},{"type":"Feature","id":"FLD:44130:2726:13207","geometry":{"type":"MultiPolygon","coordinates":[[[[127.29958,36.762345],[127.298881,36.761171],[127.298837,36.761122],[127.298661,36.760925],[127.299692,36.76063],[127.300049,36.761379],[127.300411,36.762173],[127.29958,36.762345]]]]},"properties":{"id":"FLD:44130:2726:13207","layer":"FLOOD_TRACE","admin_code":"44130","sido_code":"44","flood_year":"2020","occurred_at":"2020-08-03","ended_at":"2020-08-03","begin_time":"1100","end_time":"1600","disaster_name":"20200803집중호우","cause_detail":"집중호우 및 저지대","flood_grade":2,"flood_depth_m":0.628,"flood_area_m2":79195.5,"source_sn":2726,"data_status":"actual","official_data":true,"is_prediction":false,"source":"행정안전부 침수흔적도 · 재난안전데이터공유플랫폼 DSSP-IF-00117","collected_at":"2026-08-19T16:46:51+09:00","source_crs":"EPSG:3857","display_badges":["행안부 침수흔적도","과거 기록"]}},{"type":"Feature","id":"FLD:44130:2745:13208","geometry":{"type":"MultiPolygon","coordinates":[[[[127.299692,36.76063],[127.298661,36.760925],[127.298002,36.760189],[127.297614,36.759755],[127.299035,36.759286],[127.299093,36.759358],[127.299644,36.760531],[127.299692,36.76063]]]]},"properties":{"id":"FLD:44130:2745:13208","layer":"FLOOD_TRACE","admin_code":"44130","sido_code":"44","flood_year":"2020","occurred_at":"2020-08-03","ended_at":"2020-08-03","begin_time":"1100","end_time":"1600","disaster_name":"20200803집중호우","cause_detail":"집중호우 및 저지대","flood_grade":1,"flood_depth_m":0.128,"flood_area_m2":79195.5,"source_sn":2745,"data_status":"actual","official_data":true,"is_prediction":false,"source":"행정안전부 침수흔적도 · 재난안전데이터공유플랫폼 DSSP-IF-00117","collected_at":"2026-08-19T16:46:51+09:00","source_crs":"EPSG:3857","display_badges":["행안부 침수흔적도","과거 기록"]}},{"type":"Feature","id":"FLD:44130:2743:13209","geometry":{"type":"MultiPolygon","coordinates":[[[[127.270736,36.757188],[127.271895,36.757032],[127.272066,36.757917],[127.27201,36.757924],[127.270919,36.758055],[127.270736,36.757188]]]]},"properties":{"id":"FLD:44130:2743:13209","layer":"FLOOD_TRACE","admin_code":"44130","sido_code":"44","flood_year":"2020","occurred_at":"2020-08-03","ended_at":"2020-08-03","begin_time":"1100","end_time":"1600","disaster_name":"20200803집중호우","cause_detail":"하천수위 상승(월류)","flood_grade":2,"flood_depth_m":0.699,"flood_area_m2":255689.6,"source_sn":2743,"data_status":"actual","official_data":true,"is_prediction":false,"source":"행정안전부 침수흔적도 · 재난안전데이터공유플랫폼 DSSP-IF-00117","collected_at":"2026-08-19T16:46:51+09:00","source_crs":"EPSG:3857","display_badges":["행안부 침수흔적도","과거 기록"]}},{"type":"Feature","id":"FLD:44130:2737:13210","geometry":{"type":"MultiPolygon","coordinates":[[[[127.319519,36.728127],[127.319065,36.728238],[127.318583,36.728365],[127.318393,36.727974],[127.317953,36.726814],[127.318238,36.726645],[127.318428,36.726491],[127.31862,36.726634],[127.318768,36.726789],[127.319189,36.727385],[127.319329,36.727642],[127.319519,36.728127]]]]},"properties":{"id":"FLD:44130:2737:13210","layer":"FLOOD_TRACE","admin_code":"44130","sido_code":"44","flood_year":"2020","occurred_at":"2020-08-03","ended_at":"2020-08-03","begin_time":"1100","end_time":"1600","disaster_name":"20200803집중호우","cause_detail":"하천범람으로 인한 침수","flood_grade":5,"flood_depth_m":2.126,"flood_area_m2":29839.4,"source_sn":2737,"data_status":"actual","official_data":true,"is_prediction":false,"source":"행정안전부 침수흔적도 · 재난안전데이터공유플랫폼 DSSP-IF-00117","collected_at":"2026-08-19T16:46:51+09:00","source_crs":"EPSG:3857","display_badges":["행안부 침수흔적도","과거 기록"]}},{"type":"Feature","id":"FLD:44130:2730:13211","geometry":{"type":"MultiPolygon","coordinates":[[[[127.318427,36.728406],[127.318583,36.728365],[127.319065,36.728238],[127.319519,36.728127],[127.319537,36.728172],[127.319654,36.728388],[127.319857,36.728792],[127.319967,36.728984],[127.319585,36.729116],[127.319317,36.729226],[127.319178,36.72928],[127.318931,36.728835],[127.318827,36.728668],[127.31856,36.728549],[127.318427,36.728406]]]]},"properties":{"id":"FLD:44130:2730:13211","layer":"FLOOD_TRACE","admin_code":"44130","sido_code":"44","flood_year":"2020","occurred_at":"2020-08-03","ended_at":"2020-08-03","begin_time":"1100","end_time":"1600","disaster_name":"20200803집중호우","cause_detail":"하천범람으로 인한 침수","flood_grade":2,"flood_depth_m":0.689,"flood_area_m2":29839.4,"source_sn":2730,"data_status":"actual","official_data":true,"is_prediction":false,"source":"행정안전부 침수흔적도 · 재난안전데이터공유플랫폼 DSSP-IF-00117","collected_at":"2026-08-19T16:46:51+09:00","source_crs":"EPSG:3857","display_badges":["행안부 침수흔적도","과거 기록"]}},{"type":"Feature","id":"FLD:44130:2723:13212","geometry":{"type":"MultiPolygon","coordinates":[[[[127.271768,36.756379],[127.271895,36.757032],[127.270736,36.757188],[127.270617,36.75662],[127.271768,36.756379]]]]},"properties":{"id":"FLD:44130:2723:13212","layer":"FLOOD_TRACE","admin_code":"44130","sido_code":"44","flood_year":"2020","occurred_at":"2020-08-03","ended_at":"2020-08-03","begin_time":"1100","end_time":"1600","disaster_name":"20200803집중호우","cause_detail":"하천수위 상승(월류)","flood_grade":3,"flood_depth_m":1.299,"flood_area_m2":255689.6,"source_sn":2723,"data_status":"actual","official_data":true,"is_prediction":false,"source":"행정안전부 침수흔적도 · 재난안전데이터공유플랫폼 DSSP-IF-00117","collected_at":"2026-08-19T16:46:51+09:00","source_crs":"EPSG:3857","display_badges":["행안부 침수흔적도","과거 기록"]}},{"type":"Feature","id":"FLD:44130:2721:13213","geometry":{"type":"MultiPolygon","coordinates":[[[[127.270617,36.75662],[127.270736,36.757188],[127.268368,36.757506],[127.268272,36.756967],[127.270541,36.756635],[127.270617,36.75662]]]]},"properties":{"id":"FLD:44130:2721:13213","layer":"FLOOD_TRACE","admin_code":"44130","sido_code":"44","flood_year":"2020","occurred_at":"2020-08-03","ended_at":"2020-08-03","begin_time":"1100","end_time":"1600","disaster_name":"20200803집중호우","cause_detail":"하천수위 상승(월류)","flood_grade":2,"flood_depth_m":1.599,"flood_area_m2":255689.6,"source_sn":2721,"data_status":"actual","official_data":true,"is_prediction":false,"source":"행정안전부 침수흔적도 · 재난안전데이터공유플랫폼 DSSP-IF-00117","collected_at":"2026-08-19T16:46:51+09:00","source_crs":"EPSG:3857","display_badges":["행안부 침수흔적도","과거 기록"]}},{"type":"Feature","id":"FLD:44130:2725:13214","geometry":{"type":"MultiPolygon","coordinates":[[[[127.288407,36.760115],[127.289378,36.757821],[127.29108,36.757986],[127.29179,36.758468],[127.291194,36.758725],[127.289934,36.759246],[127.289573,36.759404],[127.28884,36.759926],[127.288408,36.760115],[127.288407,36.760115]]]]},"properties":{"id":"FLD:44130:2725:13214","layer":"FLOOD_TRACE","admin_code":"44130","sido_code":"44","flood_year":"2020","occurred_at":"2020-08-03","ended_at":"2020-08-03","begin_time":"1100","end_time":"1600","disaster_name":"20200803집중호우","cause_detail":"집중호우","flood_grade":3,"flood_depth_m":1.242,"flood_area_m2":124121.9,"source_sn":2725,"data_status":"actual","official_data":true,"is_prediction":false,"source":"행정안전부 침수흔적도 · 재난안전데이터공유플랫폼 DSSP-IF-00117","collected_at":"2026-08-19T16:46:51+09:00","source_crs":"EPSG:3857","display_badges":["행안부 침수흔적도","과거 기록"]}},{"type":"Feature","id":"FLD:44130:2728:13230","geometry":{"type":"MultiPolygon","coordinates":[[[[127.276763,36.757355],[127.27438,36.75764],[127.27404,36.755828],[127.274388,36.755742],[127.276481,36.755564],[127.276505,36.755562],[127.276864,36.757252],[127.276854,36.757255],[127.276763,36.757355]]]]},"properties":{"id":"FLD:44130:2728:13230","layer":"FLOOD_TRACE","admin_code":"44130","sido_code":"44","flood_year":"2020","occurred_at":"2020-08-03","ended_at":"2020-08-03","begin_time":"1100","end_time":"1600","disaster_name":"20200803집중호우","cause_detail":"하천수위 상승(월류)","flood_grade":1,"flood_depth_m":0.399,"flood_area_m2":255689.6,"source_sn":2728,"data_status":"actual","official_data":true,"is_prediction":false,"source":"행정안전부 침수흔적도 · 재난안전데이터공유플랫폼 DSSP-IF-00117","collected_at":"2026-08-19T16:46:51+09:00","source_crs":"EPSG:3857","display_badges":["행안부 침수흔적도","과거 기록"]}},{"type":"Feature","id":"FLD:44130:2735:13231","geometry":{"type":"MultiPolygon","coordinates":[[[[127.299035,36.759286],[127.297614,36.759755],[127.297012,36.759082],[127.297163,36.759099],[127.297867,36.759179],[127.298747,36.75892],[127.299035,36.759286]]]]},"properties":{"id":"FLD:44130:2735:13231","layer":"FLOOD_TRACE","admin_code":"44130","sido_code":"44","flood_year":"2020","occurred_at":"2020-08-03","ended_at":"2020-08-03","begin_time":"1100","end_time":"1600","disaster_name":"20200803집중호우","cause_detail":"집중호우 및 저지대","flood_grade":2,"flood_depth_m":0.628,"flood_area_m2":79195.5,"source_sn":2735,"data_status":"actual","official_data":true,"is_prediction":false,"source":"행정안전부 침수흔적도 · 재난안전데이터공유플랫폼 DSSP-IF-00117","collected_at":"2026-08-19T16:46:51+09:00","source_crs":"EPSG:3857","display_badges":["행안부 침수흔적도","과거 기록"]}},{"type":"Feature","id":"FLD:44130:2740:13232","geometry":{"type":"MultiPolygon","coordinates":[[[[127.284599,36.757282],[127.284868,36.756705],[127.285907,36.757059],[127.285367,36.758324],[127.285029,36.75803],[127.284599,36.757282]]]]},"properties":{"id":"FLD:44130:2740:13232","layer":"FLOOD_TRACE","admin_code":"44130","sido_code":"44","flood_year":"2020","occurred_at":"2020-08-03","ended_at":"2020-08-03","begin_time":"1100","end_time":"1600","disaster_name":"20200803집중호우","cause_detail":"집중호우","flood_grade":3,"flood_depth_m":1.442,"flood_area_m2":124121.9,"source_sn":2740,"data_status":"actual","official_data":true,"is_prediction":false,"source":"행정안전부 침수흔적도 · 재난안전데이터공유플랫폼 DSSP-IF-00117","collected_at":"2026-08-19T16:46:51+09:00","source_crs":"EPSG:3857","display_badges":["행안부 침수흔적도","과거 기록"]}},{"type":"Feature","id":"FLD:44130:2732:13233","geometry":{"type":"MultiPolygon","coordinates":[[[[127.27404,36.755828],[127.27438,36.75764],[127.273235,36.757777],[127.272066,36.757917],[127.271895,36.757032],[127.271768,36.756379],[127.272032,36.756323],[127.27404,36.755828]]]]},"properties":{"id":"FLD:44130:2732:13233","layer":"FLOOD_TRACE","admin_code":"44130","sido_code":"44","flood_year":"2020","occurred_at":"2020-08-03","ended_at":"2020-08-03","begin_time":"1100","end_time":"1600","disaster_name":"20200803집중호우","cause_detail":"하천수위 상승(월류)","flood_grade":2,"flood_depth_m":0.699,"flood_area_m2":255689.6,"source_sn":2732,"data_status":"actual","official_data":true,"is_prediction":false,"source":"행정안전부 침수흔적도 · 재난안전데이터공유플랫폼 DSSP-IF-00117","collected_at":"2026-08-19T16:46:51+09:00","source_crs":"EPSG:3857","display_badges":["행안부 침수흔적도","과거 기록"]}},{"type":"Feature","id":"FLD:44130:2727:13234","geometry":{"type":"MultiPolygon","coordinates":[[[[127.270219,36.758139],[127.270883,36.758059],[127.271131,36.759322],[127.271026,36.759289],[127.270314,36.759056],[127.270079,36.758862],[127.270219,36.758139]]]]},"properties":{"id":"FLD:44130:2727:13234","layer":"FLOOD_TRACE","admin_code":"44130","sido_code":"44","flood_year":"2020","occurred_at":"2020-08-03","ended_at":"2020-08-03","begin_time":"1100","end_time":"1600","disaster_name":"20200803집중호우","cause_detail":"하천수위 상승(월류)","flood_grade":1,"flood_depth_m":0.259,"flood_area_m2":255689.6,"source_sn":2727,"data_status":"actual","official_data":true,"is_prediction":false,"source":"행정안전부 침수흔적도 · 재난안전데이터공유플랫폼 DSSP-IF-00117","collected_at":"2026-08-19T16:46:51+09:00","source_crs":"EPSG:3857","display_badges":["행안부 침수흔적도","과거 기록"]}},{"type":"Feature","id":"FLD:44130:2731:13235","geometry":{"type":"MultiPolygon","coordinates":[[[[127.276864,36.757252],[127.276505,36.755562],[127.277931,36.755452],[127.278159,36.756923],[127.276864,36.757252]]]]},"properties":{"id":"FLD:44130:2731:13235","layer":"FLOOD_TRACE","admin_code":"44130","sido_code":"44","flood_year":"2020","occurred_at":"2020-08-03","ended_at":"2020-08-03","begin_time":"1100","end_time":"1600","disaster_name":"20200803집중호우","cause_detail":"하천수위 상승(월류)","flood_grade":2,"flood_depth_m":0.699,"flood_area_m2":255689.6,"source_sn":2731,"data_status":"actual","official_data":true,"is_prediction":false,"source":"행정안전부 침수흔적도 · 재난안전데이터공유플랫폼 DSSP-IF-00117","collected_at":"2026-08-19T16:46:51+09:00","source_crs":"EPSG:3857","display_badges":["행안부 침수흔적도","과거 기록"]}},{"type":"Feature","id":"FLD:44130:2729:13236","geometry":{"type":"MultiPolygon","coordinates":[[[[127.271131,36.759322],[127.270883,36.758059],[127.270919,36.758055],[127.27201,36.757924],[127.2724,36.759674],[127.27217,36.759711],[127.271697,36.759496],[127.271131,36.759322]]]]},"properties":{"id":"FLD:44130:2729:13236","layer":"FLOOD_TRACE","admin_code":"44130","sido_code":"44","flood_year":"2020","occurred_at":"2020-08-03","ended_at":"2020-08-03","begin_time":"1100","end_time":"1600","disaster_name":"20200803집중호우","cause_detail":"하천수위 상승(월류)","flood_grade":1,"flood_depth_m":0.319,"flood_area_m2":255689.6,"source_sn":2729,"data_status":"actual","official_data":true,"is_prediction":false,"source":"행정안전부 침수흔적도 · 재난안전데이터공유플랫폼 DSSP-IF-00117","collected_at":"2026-08-19T16:46:51+09:00","source_crs":"EPSG:3857","display_badges":["행안부 침수흔적도","과거 기록"]}},{"type":"Feature","id":"FLD:44130:2733:13237","geometry":{"type":"MultiPolygon","coordinates":[[[[127.316754,36.784579],[127.316537,36.78436],[127.316208,36.783977],[127.315979,36.783604],[127.315958,36.782722],[127.315959,36.78268],[127.317146,36.782785],[127.317135,36.782934],[127.317074,36.783133],[127.317087,36.784305],[127.316943,36.784397],[127.316754,36.784579]]]]},"properties":{"id":"FLD:44130:2733:13237","layer":"FLOOD_TRACE","admin_code":"44130","sido_code":"44","flood_year":"2020","occurred_at":"2020-08-03","ended_at":"2020-08-03","begin_time":"1100","end_time":"1600","disaster_name":"20200803집중호우","cause_detail":null,"flood_grade":1,"flood_depth_m":0.406,"flood_area_m2":43333,"source_sn":2733,"data_status":"actual","official_data":true,"is_prediction":false,"source":"행정안전부 침수흔적도 · 재난안전데이터공유플랫폼 DSSP-IF-00117","collected_at":"2026-08-19T16:46:51+09:00","source_crs":"EPSG:3857","display_badges":["행안부 침수흔적도","과거 기록"]}},{"type":"Feature","id":"FLD:44130:2752:13238","geometry":{"type":"MultiPolygon","coordinates":[[[[127.144834,36.805003],[127.144966,36.804017],[127.145653,36.804092],[127.145694,36.804358],[127.145879,36.805005],[127.145712,36.805494],[127.145149,36.80521],[127.144834,36.805003]]]]},"properties":{"id":"FLD:44130:2752:13238","layer":"FLOOD_TRACE","admin_code":"44130","sido_code":"44","flood_year":"2020","occurred_at":"2020-08-03","ended_at":"2020-08-03","begin_time":"1100","end_time":"1600","disaster_name":"20200803집중호우","cause_detail":"저지대 및 집중호우","flood_grade":2,"flood_depth_m":0.832,"flood_area_m2":39254.5,"source_sn":2752,"data_status":"actual","official_data":true,"is_prediction":false,"source":"행정안전부 침수흔적도 · 재난안전데이터공유플랫폼 DSSP-IF-00117","collected_at":"2026-08-19T16:46:51+09:00","source_crs":"EPSG:3857","display_badges":["행안부 침수흔적도","과거 기록"]}},{"type":"Feature","id":"FLD:44130:2749:13239","geometry":{"type":"MultiPolygon","coordinates":[[[[127.145653,36.804092],[127.144966,36.804017],[127.145067,36.803263],[127.145418,36.803333],[127.145588,36.803667],[127.145653,36.804092]]]]},"properties":{"id":"FLD:44130:2749:13239","layer":"FLOOD_TRACE","admin_code":"44130","sido_code":"44","flood_year":"2020","occurred_at":"2020-08-03","ended_at":"2020-08-03","begin_time":"1100","end_time":"1600","disaster_name":"20200803집중호우","cause_detail":"저지대 및 집중호우","flood_grade":2,"flood_depth_m":0.732,"flood_area_m2":39254.5,"source_sn":2749,"data_status":"actual","official_data":true,"is_prediction":false,"source":"행정안전부 침수흔적도 · 재난안전데이터공유플랫폼 DSSP-IF-00117","collected_at":"2026-08-19T16:46:51+09:00","source_crs":"EPSG:3857","display_badges":["행안부 침수흔적도","과거 기록"]}},{"type":"Feature","id":"FLD:44130:2750:13240","geometry":{"type":"MultiPolygon","coordinates":[[[[127.14339,36.804398],[127.143359,36.803819],[127.14333,36.803127],[127.144201,36.803093],[127.144409,36.803134],[127.144254,36.803938],[127.144115,36.804663],[127.14339,36.804398]]]]},"properties":{"id":"FLD:44130:2750:13240","layer":"FLOOD_TRACE","admin_code":"44130","sido_code":"44","flood_year":"2020","occurred_at":"2020-08-03","ended_at":"2020-08-03","begin_time":"1100","end_time":"1600","disaster_name":"20200803집중호우","cause_detail":"저지대 및 집중호우","flood_grade":3,"flood_depth_m":1.032,"flood_area_m2":39254.5,"source_sn":2750,"data_status":"actual","official_data":true,"is_prediction":false,"source":"행정안전부 침수흔적도 · 재난안전데이터공유플랫폼 DSSP-IF-00117","collected_at":"2026-08-19T16:46:51+09:00","source_crs":"EPSG:3857","display_badges":["행안부 침수흔적도","과거 기록"]}},{"type":"Feature","id":"FLD:44130:2748:13241","geometry":{"type":"MultiPolygon","coordinates":[[[[127.144115,36.804663],[127.144254,36.803938],[127.144966,36.804017],[127.144834,36.805003],[127.144575,36.804831],[127.144115,36.804663]]]]},"properties":{"id":"FLD:44130:2748:13241","layer":"FLOOD_TRACE","admin_code":"44130","sido_code":"44","flood_year":"2020","occurred_at":"2020-08-03","ended_at":"2020-08-03","begin_time":"1100","end_time":"1600","disaster_name":"20200803집중호우","cause_detail":"저지대 및 집중호우","flood_grade":2,"flood_depth_m":0.932,"flood_area_m2":39254.5,"source_sn":2748,"data_status":"actual","official_data":true,"is_prediction":false,"source":"행정안전부 침수흔적도 · 재난안전데이터공유플랫폼 DSSP-IF-00117","collected_at":"2026-08-19T16:46:51+09:00","source_crs":"EPSG:3857","display_badges":["행안부 침수흔적도","과거 기록"]}},{"type":"Feature","id":"FLD:44130:2751:13242","geometry":{"type":"MultiPolygon","coordinates":[[[[127.145067,36.803263],[127.144966,36.804017],[127.144254,36.803938],[127.144409,36.803134],[127.145067,36.803263]]]]},"properties":{"id":"FLD:44130:2751:13242","layer":"FLOOD_TRACE","admin_code":"44130","sido_code":"44","flood_year":"2020","occurred_at":"2020-08-03","ended_at":"2020-08-03","begin_time":"1100","end_time":"1600","disaster_name":"20200803집중호우","cause_detail":"저지대 및 집중호우","flood_grade":2,"flood_depth_m":0.632,"flood_area_m2":39254.5,"source_sn":2751,"data_status":"actual","official_data":true,"is_prediction":false,"source":"행정안전부 침수흔적도 · 재난안전데이터공유플랫폼 DSSP-IF-00117","collected_at":"2026-08-19T16:46:51+09:00","source_crs":"EPSG:3857","display_badges":["행안부 침수흔적도","과거 기록"]}},{"type":"Feature","id":"FLD:44130:2762:13243","geometry":{"type":"MultiPolygon","coordinates":[[[[127.137503,36.815537],[127.135088,36.815935],[127.134971,36.815511],[127.134861,36.815075],[127.137295,36.814674],[127.137325,36.814837],[127.13747,36.815205],[127.137503,36.815537]]]]},"properties":{"id":"FLD:44130:2762:13243","layer":"FLOOD_TRACE","admin_code":"44130","sido_code":"44","flood_year":"2020","occurred_at":"2020-08-03","ended_at":"2020-08-03","begin_time":"1100","end_time":"1600","disaster_name":"200803집중호우","cause_detail":"집중호우 및 배수시설 불능","flood_grade":2,"flood_depth_m":0.775,"flood_area_m2":110517.4,"source_sn":2762,"data_status":"actual","official_data":true,"is_prediction":false,"source":"행정안전부 침수흔적도 · 재난안전데이터공유플랫폼 DSSP-IF-00117","collected_at":"2026-08-19T16:46:51+09:00","source_crs":"EPSG:3857","display_badges":["행안부 침수흔적도","과거 기록"]}},{"type":"Feature","id":"FLD:44130:2756:13244","geometry":{"type":"MultiPolygon","coordinates":[[[[127.13925,36.813773],[127.139228,36.81261],[127.139721,36.812598],[127.140583,36.812541],[127.140744,36.81294],[127.140893,36.813576],[127.139811,36.813758],[127.13925,36.813773]]]]},"properties":{"id":"FLD:44130:2756:13244","layer":"FLOOD_TRACE","admin_code":"44130","sido_code":"44","flood_year":"2020","occurred_at":"2020-08-03","ended_at":"2020-08-03","begin_time":"1100","end_time":"1600","disaster_name":"200803집중호우","cause_detail":"집중호우 및 배수시설 불능","flood_grade":2,"flood_depth_m":0.675,"flood_area_m2":110517.4,"source_sn":2756,"data_status":"actual","official_data":true,"is_prediction":false,"source":"행정안전부 침수흔적도 · 재난안전데이터공유플랫폼 DSSP-IF-00117","collected_at":"2026-08-19T16:46:51+09:00","source_crs":"EPSG:3857","display_badges":["행안부 침수흔적도","과거 기록"]}},{"type":"Feature","id":"FLD:44130:2757:13245","geometry":{"type":"MultiPolygon","coordinates":[[[[127.14106,36.811939],[127.140914,36.811219],[127.140785,36.810662],[127.14254,36.810737],[127.142516,36.810892],[127.141919,36.811939],[127.14106,36.811939]]]]},"properties":{"id":"FLD:44130:2757:13245","layer":"FLOOD_TRACE","admin_code":"44130","sido_code":"44","flood_year":"2020","occurred_at":"2020-08-03","ended_at":"2020-08-03","begin_time":"1100","end_time":"1600","disaster_name":"20200803집중호우","cause_detail":"집중호우 및 배수시설 미비","flood_grade":2,"flood_depth_m":0.657,"flood_area_m2":66236.9,"source_sn":2757,"data_status":"actual","official_data":true,"is_prediction":false,"source":"행정안전부 침수흔적도 · 재난안전데이터공유플랫폼 DSSP-IF-00117","collected_at":"2026-08-19T16:46:51+09:00","source_crs":"EPSG:3857","display_badges":["행안부 침수흔적도","과거 기록"]}},{"type":"Feature","id":"FLD:44130:2761:13246","geometry":{"type":"MultiPolygon","coordinates":[[[[127.14254,36.810737],[127.140785,36.810662],[127.140736,36.810449],[127.140597,36.809886],[127.142498,36.809908],[127.142582,36.810463],[127.14254,36.810737]]]]},"properties":{"id":"FLD:44130:2761:13246","layer":"FLOOD_TRACE","admin_code":"44130","sido_code":"44","flood_year":"2020","occurred_at":"2020-08-03","ended_at":"2020-08-03","begin_time":"1100","end_time":"1600","disaster_name":"20200803집중호우","cause_detail":"집중호우 및 배수시설 미비","flood_grade":3,"flood_depth_m":1.257,"flood_area_m2":66236.9,"source_sn":2761,"data_status":"actual","official_data":true,"is_prediction":false,"source":"행정안전부 침수흔적도 · 재난안전데이터공유플랫폼 DSSP-IF-00117","collected_at":"2026-08-19T16:46:51+09:00","source_crs":"EPSG:3857","display_badges":["행안부 침수흔적도","과거 기록"]}},{"type":"Feature","id":"FLD:44130:2759:13247","geometry":{"type":"MultiPolygon","coordinates":[[[[127.137295,36.814674],[127.134861,36.815075],[127.134717,36.814511],[127.134667,36.814022],[127.135548,36.813862],[127.136442,36.813869],[127.13651,36.813812],[127.137188,36.813872],[127.137012,36.81388],[127.137236,36.814351],[127.137295,36.814674]]]]},"properties":{"id":"FLD:44130:2759:13247","layer":"FLOOD_TRACE","admin_code":"44130","sido_code":"44","flood_year":"2020","occurred_at":"2020-08-03","ended_at":"2020-08-03","begin_time":"1100","end_time":"1600","disaster_name":"200803집중호우","cause_detail":"집중호우 및 배수시설 불능","flood_grade":1,"flood_depth_m":0.375,"flood_area_m2":110517.4,"source_sn":2759,"data_status":"actual","official_data":true,"is_prediction":false,"source":"행정안전부 침수흔적도 · 재난안전데이터공유플랫폼 DSSP-IF-00117","collected_at":"2026-08-19T16:46:51+09:00","source_crs":"EPSG:3857","display_badges":["행안부 침수흔적도","과거 기록"]}},{"type":"Feature","id":"FLD:44130:2760:13248","geometry":{"type":"MultiPolygon","coordinates":[[[[127.135338,36.816846],[127.135088,36.815935],[127.137503,36.815537],[127.137519,36.815707],[127.137669,36.816359],[127.137071,36.816492],[127.136494,36.816625],[127.13593,36.816673],[127.135338,36.816846]]]]},"properties":{"id":"FLD:44130:2760:13248","layer":"FLOOD_TRACE","admin_code":"44130","sido_code":"44","flood_year":"2020","occurred_at":"2020-08-03","ended_at":"2020-08-03","begin_time":"1100","end_time":"1600","disaster_name":"200803집중호우","cause_detail":"집중호우 및 배수시설 불능","flood_grade":1,"flood_depth_m":0.475,"flood_area_m2":110517.4,"source_sn":2760,"data_status":"actual","official_data":true,"is_prediction":false,"source":"행정안전부 침수흔적도 · 재난안전데이터공유플랫폼 DSSP-IF-00117","collected_at":"2026-08-19T16:46:51+09:00","source_crs":"EPSG:3857","display_badges":["행안부 침수흔적도","과거 기록"]}},{"type":"Feature","id":"FLD:44130:2755:13249","geometry":{"type":"MultiPolygon","coordinates":[[[[127.142428,36.809452],[127.140555,36.80929],[127.140551,36.80901],[127.140881,36.80855],[127.142322,36.808716],[127.142303,36.808891],[127.142422,36.809411],[127.142428,36.809452]]]]},"properties":{"id":"FLD:44130:2755:13249","layer":"FLOOD_TRACE","admin_code":"44130","sido_code":"44","flood_year":"2020","occurred_at":"2020-08-03","ended_at":"2020-08-03","begin_time":"1100","end_time":"1600","disaster_name":"20200803집중호우","cause_detail":"집중호우 및 배수시설 미비","flood_grade":3,"flood_depth_m":1.057,"flood_area_m2":66236.9,"source_sn":2755,"data_status":"actual","official_data":true,"is_prediction":false,"source":"행정안전부 침수흔적도 · 재난안전데이터공유플랫폼 DSSP-IF-00117","collected_at":"2026-08-19T16:46:51+09:00","source_crs":"EPSG:3857","display_badges":["행안부 침수흔적도","과거 기록"]}},{"type":"Feature","id":"FLD:44130:2753:13373","geometry":{"type":"MultiPolygon","coordinates":[[[[127.137188,36.813872],[127.13651,36.813812],[127.137119,36.813306],[127.13716,36.812713],[127.137925,36.812658],[127.138436,36.812629],[127.138765,36.812621],[127.139228,36.81261],[127.13925,36.813773],[127.138791,36.813786],[127.138553,36.813814],[127.137188,36.813872]]]]},"properties":{"id":"FLD:44130:2753:13373","layer":"FLOOD_TRACE","admin_code":"44130","sido_code":"44","flood_year":"2020","occurred_at":"2020-08-03","ended_at":"2020-08-03","begin_time":"1100","end_time":"1600","disaster_name":"200803집중호우","cause_detail":"집중호우 및 배수시설 불능","flood_grade":2,"flood_depth_m":0.775,"flood_area_m2":110517.4,"source_sn":2753,"data_status":"actual","official_data":true,"is_prediction":false,"source":"행정안전부 침수흔적도 · 재난안전데이터공유플랫폼 DSSP-IF-00117","collected_at":"2026-08-19T16:46:51+09:00","source_crs":"EPSG:3857","display_badges":["행안부 침수흔적도","과거 기록"]}},{"type":"Feature","id":"FLD:44130:2754:13374","geometry":{"type":"MultiPolygon","coordinates":[[[[127.142322,36.808716],[127.140881,36.80855],[127.141053,36.808311],[127.141562,36.807834],[127.142374,36.80709],[127.14241,36.807912],[127.142322,36.808716]]]]},"properties":{"id":"FLD:44130:2754:13374","layer":"FLOOD_TRACE","admin_code":"44130","sido_code":"44","flood_year":"2020","occurred_at":"2020-08-03","ended_at":"2020-08-03","begin_time":"1100","end_time":"1600","disaster_name":"20200803집중호우","cause_detail":"집중호우 및 배수시설 미비","flood_grade":2,"flood_depth_m":0.757,"flood_area_m2":66236.9,"source_sn":2754,"data_status":"actual","official_data":true,"is_prediction":false,"source":"행정안전부 침수흔적도 · 재난안전데이터공유플랫폼 DSSP-IF-00117","collected_at":"2026-08-19T16:46:51+09:00","source_crs":"EPSG:3857","display_badges":["행안부 침수흔적도","과거 기록"]}},{"type":"Feature","id":"FLD:44130:2758:13375","geometry":{"type":"MultiPolygon","coordinates":[[[[127.142498,36.809908],[127.140597,36.809886],[127.140562,36.809742],[127.140555,36.80929],[127.142428,36.809452],[127.142498,36.809908]]]]},"properties":{"id":"FLD:44130:2758:13375","layer":"FLOOD_TRACE","admin_code":"44130","sido_code":"44","flood_year":"2020","occurred_at":"2020-08-03","ended_at":"2020-08-03","begin_time":"1100","end_time":"1600","disaster_name":"20200803집중호우","cause_detail":"집중호우 및 배수시설 미비","flood_grade":2,"flood_depth_m":0.757,"flood_area_m2":66236.9,"source_sn":2758,"data_status":"actual","official_data":true,"is_prediction":false,"source":"행정안전부 침수흔적도 · 재난안전데이터공유플랫폼 DSSP-IF-00117","collected_at":"2026-08-19T16:46:51+09:00","source_crs":"EPSG:3857","display_badges":["행안부 침수흔적도","과거 기록"]}},{"type":"Feature","id":"FLD:44130:2764:13376","geometry":{"type":"MultiPolygon","coordinates":[[[[127.128374,36.79571],[127.128349,36.795721],[127.12809,36.795499],[127.127653,36.795121],[127.126961,36.794598],[127.126434,36.794207],[127.125217,36.793562],[127.125262,36.793463],[127.125443,36.793559],[127.125622,36.793654],[127.125846,36.793798],[127.125974,36.793839],[127.12626,36.793979],[127.126408,36.794082],[127.126606,36.794231],[127.126861,36.794402],[127.126976,36.794469],[127.127067,36.794466],[127.127142,36.794418],[127.127539,36.7946],[127.127447,36.79468],[127.127402,36.794725],[127.127404,36.794816],[127.127522,36.794931],[127.127622,36.795016],[127.127919,36.79523],[127.128011,36.795319],[127.128236,36.795486],[127.12831,36.795566],[127.128454,36.795696],[127.128374,36.79571]]]]},"properties":{"id":"FLD:44130:2764:13376","layer":"FLOOD_TRACE","admin_code":"44130","sido_code":"44","flood_year":"2020","occurred_at":"2020-08-03","ended_at":"2020-08-03","begin_time":"1100","end_time":"1600","disaster_name":"20200803집중호우","cause_detail":"집중호우","flood_grade":1,"flood_depth_m":0.42,"flood_area_m2":15657.3,"source_sn":2764,"data_status":"actual","official_data":true,"is_prediction":false,"source":"행정안전부 침수흔적도 · 재난안전데이터공유플랫폼 DSSP-IF-00117","collected_at":"2026-08-19T16:46:51+09:00","source_crs":"EPSG:3857","display_badges":["행안부 침수흔적도","과거 기록"]}},{"type":"Feature","id":"FLD:44130:2763:13377","geometry":{"type":"MultiPolygon","coordinates":[[[[127.125217,36.793562],[127.126434,36.794207],[127.126961,36.794598],[127.127653,36.795121],[127.12809,36.795499],[127.128349,36.795721],[127.1281,36.795825],[127.127769,36.795535],[127.127075,36.794882],[127.126532,36.794469],[127.12583,36.794077],[127.12514,36.793734],[127.125217,36.793562]]]]},"properties":{"id":"FLD:44130:2763:13377","layer":"FLOOD_TRACE","admin_code":"44130","sido_code":"44","flood_year":"2020","occurred_at":"2020-08-03","ended_at":"2020-08-03","begin_time":"1100","end_time":"1600","disaster_name":"20200803집중호우","cause_detail":"집중호우","flood_grade":3,"flood_depth_m":1.053,"flood_area_m2":15657.3,"source_sn":2763,"data_status":"actual","official_data":true,"is_prediction":false,"source":"행정안전부 침수흔적도 · 재난안전데이터공유플랫폼 DSSP-IF-00117","collected_at":"2026-08-19T16:46:51+09:00","source_crs":"EPSG:3857","display_badges":["행안부 침수흔적도","과거 기록"]}},{"type":"Feature","id":"FLD:44130:2765:13378","geometry":{"type":"MultiPolygon","coordinates":[[[[127.12514,36.793734],[127.12583,36.794077],[127.126532,36.794469],[127.127075,36.794882],[127.127769,36.795535],[127.1281,36.795825],[127.128013,36.795862],[127.127958,36.795807],[127.12787,36.795731],[127.12772,36.795601],[127.127584,36.795505],[127.127434,36.795367],[127.127107,36.795148],[127.127018,36.795141],[127.126578,36.794851],[127.126695,36.794694],[127.126565,36.794554],[127.126438,36.794487],[127.126208,36.794378],[127.126091,36.794305],[127.125848,36.794167],[127.125562,36.794039],[127.125382,36.793961],[127.12509,36.793843],[127.12514,36.793734]]]]},"properties":{"id":"FLD:44130:2765:13378","layer":"FLOOD_TRACE","admin_code":"44130","sido_code":"44","flood_year":"2020","occurred_at":"2020-08-03","ended_at":"2020-08-03","begin_time":"1100","end_time":"1600","disaster_name":"20200803집중호우","cause_detail":"집중호우","flood_grade":2,"flood_depth_m":0.52,"flood_area_m2":15657.3,"source_sn":2765,"data_status":"actual","official_data":true,"is_prediction":false,"source":"행정안전부 침수흔적도 · 재난안전데이터공유플랫폼 DSSP-IF-00117","collected_at":"2026-08-19T16:46:51+09:00","source_crs":"EPSG:3857","display_badges":["행안부 침수흔적도","과거 기록"]}},{"type":"Feature","id":"FLD:44130:2767:13379","geometry":{"type":"MultiPolygon","coordinates":[[[[127.151573,36.860931],[127.151617,36.860798],[127.151691,36.860577],[127.152846,36.860704],[127.15277,36.860947],[127.152323,36.860998],[127.151937,36.86095],[127.151573,36.860931]]]]},"properties":{"id":"FLD:44130:2767:13379","layer":"FLOOD_TRACE","admin_code":"44130","sido_code":"44","flood_year":"2020","occurred_at":"2020-08-03","ended_at":"2020-08-03","begin_time":"1100","end_time":"1600","disaster_name":"20200803집중호우","cause_detail":"저지대 및 배수시설 부족","flood_grade":2,"flood_depth_m":1.546,"flood_area_m2":5751.4,"source_sn":2767,"data_status":"actual","official_data":true,"is_prediction":false,"source":"행정안전부 침수흔적도 · 재난안전데이터공유플랫폼 DSSP-IF-00117","collected_at":"2026-08-19T16:46:51+09:00","source_crs":"EPSG:3857","display_badges":["행안부 침수흔적도","과거 기록"]}},{"type":"Feature","id":"FLD:44130:2776:13513","geometry":{"type":"MultiPolygon","coordinates":[[[[127.146836,36.87617],[127.146919,36.875694],[127.146933,36.875635],[127.147399,36.875718],[127.147134,36.875961],[127.147291,36.8763],[127.147221,36.876302],[127.146836,36.87617]]]]},"properties":{"id":"FLD:44130:2776:13513","layer":"FLOOD_TRACE","admin_code":"44130","sido_code":"44","flood_year":"2020","occurred_at":"2020-08-03","ended_at":"2020-08-03","begin_time":"1100","end_time":"1600","disaster_name":"20200803집중호우","cause_detail":"저지대","flood_grade":1,"flood_depth_m":0.433,"flood_area_m2":8060.1,"source_sn":2776,"data_status":"actual","official_data":true,"is_prediction":false,"source":"행정안전부 침수흔적도 · 재난안전데이터공유플랫폼 DSSP-IF-00117","collected_at":"2026-08-19T16:46:51+09:00","source_crs":"EPSG:3857","display_badges":["행안부 침수흔적도","과거 기록"]}},{"type":"Feature","id":"FLD:44130:2778:13514","geometry":{"type":"MultiPolygon","coordinates":[[[[127.147636,36.875589],[127.147073,36.875164],[127.147104,36.875069],[127.14717,36.87488],[127.147426,36.87502],[127.147722,36.875199],[127.14809,36.87543],[127.147656,36.875562],[127.147636,36.875589]]]]},"properties":{"id":"FLD:44130:2778:13514","layer":"FLOOD_TRACE","admin_code":"44130","sido_code":"44","flood_year":"2020","occurred_at":"2020-08-03","ended_at":"2020-08-03","begin_time":"1100","end_time":"1600","disaster_name":"20200803집중호우","cause_detail":"저지대","flood_grade":2,"flood_depth_m":0.963,"flood_area_m2":8060.1,"source_sn":2778,"data_status":"actual","official_data":true,"is_prediction":false,"source":"행정안전부 침수흔적도 · 재난안전데이터공유플랫폼 DSSP-IF-00117","collected_at":"2026-08-19T16:46:51+09:00","source_crs":"EPSG:3857","display_badges":["행안부 침수흔적도","과거 기록"]}},{"type":"Feature","id":"FLD:44130:2777:13515","geometry":{"type":"MultiPolygon","coordinates":[[[[127.147291,36.8763],[127.147134,36.875961],[127.147399,36.875718],[127.147525,36.87574],[127.147523,36.875744],[127.147441,36.875858],[127.147279,36.876057],[127.14734,36.876163],[127.147438,36.876298],[127.147291,36.8763]]]]},"properties":{"id":"FLD:44130:2777:13515","layer":"FLOOD_TRACE","admin_code":"44130","sido_code":"44","flood_year":"2020","occurred_at":"2020-08-03","ended_at":"2020-08-03","begin_time":"1100","end_time":"1600","disaster_name":"20200803집중호우","cause_detail":"저지대","flood_grade":2,"flood_depth_m":0.663,"flood_area_m2":8060.1,"source_sn":2777,"data_status":"actual","official_data":true,"is_prediction":false,"source":"행정안전부 침수흔적도 · 재난안전데이터공유플랫폼 DSSP-IF-00117","collected_at":"2026-08-19T16:46:51+09:00","source_crs":"EPSG:3857","display_badges":["행안부 침수흔적도","과거 기록"]}},{"type":"Feature","id":"FLD:44130:2779:13516","geometry":{"type":"MultiPolygon","coordinates":[[[[127.147525,36.87574],[127.147399,36.875718],[127.146933,36.875635],[127.146981,36.875441],[127.147073,36.875164],[127.147636,36.875589],[127.147525,36.87574]]]]},"properties":{"id":"FLD:44130:2779:13516","layer":"FLOOD_TRACE","admin_code":"44130","sido_code":"44","flood_year":"2020","occurred_at":"2020-08-03","ended_at":"2020-08-03","begin_time":"1100","end_time":"1600","disaster_name":"20200803집중호우","cause_detail":"저지대","flood_grade":1,"flood_depth_m":0.243,"flood_area_m2":8060.1,"source_sn":2779,"data_status":"actual","official_data":true,"is_prediction":false,"source":"행정안전부 침수흔적도 · 재난안전데이터공유플랫폼 DSSP-IF-00117","collected_at":"2026-08-19T16:46:51+09:00","source_crs":"EPSG:3857","display_badges":["행안부 침수흔적도","과거 기록"]}},{"type":"Feature","id":"FLD:44130:2666:13684","geometry":{"type":"MultiPolygon","coordinates":[[[[127.163673,36.79986],[127.16262,36.79971],[127.161823,36.799597],[127.161818,36.799529],[127.161841,36.799326],[127.161842,36.799248],[127.163681,36.79958],[127.163675,36.799808],[127.163673,36.79986]]]]},"properties":{"id":"FLD:44130:2666:13684","layer":"FLOOD_TRACE","admin_code":"44130","sido_code":"44","flood_year":"2020","occurred_at":"2020-08-03","ended_at":"2020-08-03","begin_time":"1100","end_time":"1600","disaster_name":"20200803집중호우","cause_detail":"집중호우 및 배수시설 미비","flood_grade":2,"flood_depth_m":0.873,"flood_area_m2":22435.6,"source_sn":2666,"data_status":"actual","official_data":true,"is_prediction":false,"source":"행정안전부 침수흔적도 · 재난안전데이터공유플랫폼 DSSP-IF-00117","collected_at":"2026-08-19T16:46:51+09:00","source_crs":"EPSG:3857","display_badges":["행안부 침수흔적도","과거 기록"]}},{"type":"Feature","id":"FLD:44130:2669:13685","geometry":{"type":"MultiPolygon","coordinates":[[[[127.161838,36.800147],[127.16182,36.79996],[127.16183,36.799701],[127.161823,36.799597],[127.16262,36.79971],[127.162621,36.800173],[127.162529,36.800171],[127.162194,36.800157],[127.161838,36.800147]]]]},"properties":{"id":"FLD:44130:2669:13685","layer":"FLOOD_TRACE","admin_code":"44130","sido_code":"44","flood_year":"2020","occurred_at":"2020-08-03","ended_at":"2020-08-03","begin_time":"1100","end_time":"1600","disaster_name":"20200803집중호우","cause_detail":"집중호우 및 배수시설 미비","flood_grade":2,"flood_depth_m":0.813,"flood_area_m2":22435.6,"source_sn":2669,"data_status":"actual","official_data":true,"is_prediction":false,"source":"행정안전부 침수흔적도 · 재난안전데이터공유플랫폼 DSSP-IF-00117","collected_at":"2026-08-19T16:46:51+09:00","source_crs":"EPSG:3857","display_badges":["행안부 침수흔적도","과거 기록"]}},{"type":"Feature","id":"FLD:44130:2668:13686","geometry":{"type":"MultiPolygon","coordinates":[[[[127.163681,36.79958],[127.161842,36.799248],[127.161849,36.798904],[127.162114,36.798921],[127.162445,36.79894],[127.162831,36.798952],[127.163186,36.798967],[127.163387,36.798975],[127.163687,36.798989],[127.163693,36.799236],[127.163684,36.799464],[127.163681,36.79958]]]]},"properties":{"id":"FLD:44130:2668:13686","layer":"FLOOD_TRACE","admin_code":"44130","sido_code":"44","flood_year":"2020","occurred_at":"2020-08-03","ended_at":"2020-08-03","begin_time":"1100","end_time":"1600","disaster_name":"20200803집중호우","cause_detail":"집중호우 및 배수시설 미비","flood_grade":1,"flood_depth_m":0.433,"flood_area_m2":22435.6,"source_sn":2668,"data_status":"actual","official_data":true,"is_prediction":false,"source":"행정안전부 침수흔적도 · 재난안전데이터공유플랫폼 DSSP-IF-00117","collected_at":"2026-08-19T16:46:51+09:00","source_crs":"EPSG:3857","display_badges":["행안부 침수흔적도","과거 기록"]}},{"type":"Feature","id":"FLD:44130:2671:13687","geometry":{"type":"MultiPolygon","coordinates":[[[[127.155362,36.799745],[127.155169,36.799951],[127.154506,36.799466],[127.154686,36.799119],[127.154956,36.79913],[127.155373,36.799149],[127.155366,36.799354],[127.155365,36.799613],[127.155362,36.799745]]]]},"properties":{"id":"FLD:44130:2671:13687","layer":"FLOOD_TRACE","admin_code":"44130","sido_code":"44","flood_year":"2020","occurred_at":"2020-08-03","ended_at":"2020-08-03","begin_time":"1100","end_time":"1600","disaster_name":"20200803집중호우","cause_detail":"저지대 및 집중호우","flood_grade":2,"flood_depth_m":0.855,"flood_area_m2":26597.1,"source_sn":2671,"data_status":"actual","official_data":true,"is_prediction":false,"source":"행정안전부 침수흔적도 · 재난안전데이터공유플랫폼 DSSP-IF-00117","collected_at":"2026-08-19T16:46:51+09:00","source_crs":"EPSG:3857","display_badges":["행안부 침수흔적도","과거 기록"]}},{"type":"Feature","id":"FLD:44130:2670:13688","geometry":{"type":"MultiPolygon","coordinates":[[[[127.154101,36.800247],[127.154506,36.799466],[127.155169,36.799951],[127.154532,36.800628],[127.154101,36.800247]]]]},"properties":{"id":"FLD:44130:2670:13688","layer":"FLOOD_TRACE","admin_code":"44130","sido_code":"44","flood_year":"2020","occurred_at":"2020-08-03","ended_at":"2020-08-03","begin_time":"1100","end_time":"1600","disaster_name":"20200803집중호우","cause_detail":"저지대 및 집중호우","flood_grade":3,"flood_depth_m":1.025,"flood_area_m2":26597.1,"source_sn":2670,"data_status":"actual","official_data":true,"is_prediction":false,"source":"행정안전부 침수흔적도 · 재난안전데이터공유플랫폼 DSSP-IF-00117","collected_at":"2026-08-19T16:46:51+09:00","source_crs":"EPSG:3857","display_badges":["행안부 침수흔적도","과거 기록"]}},{"type":"Feature","id":"FLD:44130:2672:13689","geometry":{"type":"MultiPolygon","coordinates":[[[[127.154686,36.799119],[127.154506,36.799466],[127.154006,36.799101],[127.154365,36.799109],[127.154598,36.799116],[127.154686,36.799119]]]]},"properties":{"id":"FLD:44130:2672:13689","layer":"FLOOD_TRACE","admin_code":"44130","sido_code":"44","flood_year":"2020","occurred_at":"2020-08-03","ended_at":"2020-08-03","begin_time":"1100","end_time":"1600","disaster_name":"20200803집중호우","cause_detail":"저지대 및 집중호우","flood_grade":2,"flood_depth_m":0.855,"flood_area_m2":26597.1,"source_sn":2672,"data_status":"actual","official_data":true,"is_prediction":false,"source":"행정안전부 침수흔적도 · 재난안전데이터공유플랫폼 DSSP-IF-00117","collected_at":"2026-08-19T16:46:51+09:00","source_crs":"EPSG:3857","display_badges":["행안부 침수흔적도","과거 기록"]}},{"type":"Feature","id":"FLD:44130:2675:13690","geometry":{"type":"MultiPolygon","coordinates":[[[[127.154006,36.799101],[127.154506,36.799466],[127.154101,36.800247],[127.153583,36.799788],[127.153623,36.7996],[127.153675,36.799323],[127.153704,36.799091],[127.153973,36.7991],[127.154006,36.799101]]]]},"properties":{"id":"FLD:44130:2675:13690","layer":"FLOOD_TRACE","admin_code":"44130","sido_code":"44","flood_year":"2020","occurred_at":"2020-08-03","ended_at":"2020-08-03","begin_time":"1100","end_time":"1600","disaster_name":"20200803집중호우","cause_detail":"저지대 및 집중호우","flood_grade":3,"flood_depth_m":1.095,"flood_area_m2":26597.1,"source_sn":2675,"data_status":"actual","official_data":true,"is_prediction":false,"source":"행정안전부 침수흔적도 · 재난안전데이터공유플랫폼 DSSP-IF-00117","collected_at":"2026-08-19T16:46:51+09:00","source_crs":"EPSG:3857","display_badges":["행안부 침수흔적도","과거 기록"]}},{"type":"Feature","id":"FLD:44130:2673:13691","geometry":{"type":"MultiPolygon","coordinates":[[[[127.154645,36.800728],[127.154532,36.800628],[127.155169,36.799951],[127.155343,36.800078],[127.155319,36.800334],[127.155296,36.800521],[127.155266,36.800748],[127.154737,36.800731],[127.154645,36.800728]]]]},"properties":{"id":"FLD:44130:2673:13691","layer":"FLOOD_TRACE","admin_code":"44130","sido_code":"44","flood_year":"2020","occurred_at":"2020-08-03","ended_at":"2020-08-03","begin_time":"1100","end_time":"1600","disaster_name":"20200803집중호우","cause_detail":"저지대 및 집중호우","flood_grade":1,"flood_depth_m":0.425,"flood_area_m2":26597.1,"source_sn":2673,"data_status":"actual","official_data":true,"is_prediction":false,"source":"행정안전부 침수흔적도 · 재난안전데이터공유플랫폼 DSSP-IF-00117","collected_at":"2026-08-19T16:46:51+09:00","source_crs":"EPSG:3857","display_badges":["행안부 침수흔적도","과거 기록"]}},{"type":"Feature","id":"FLD:44130:2664:13692","geometry":{"type":"MultiPolygon","coordinates":[[[[127.154445,36.800721],[127.154532,36.800628],[127.154645,36.800728],[127.154445,36.800721]]]]},"properties":{"id":"FLD:44130:2664:13692","layer":"FLOOD_TRACE","admin_code":"44130","sido_code":"44","flood_year":"2020","occurred_at":"2020-08-03","ended_at":"2020-08-03","begin_time":"1100","end_time":"1600","disaster_name":"20200803집중호우","cause_detail":"저지대 및 집중호우","flood_grade":1,"flood_depth_m":0.425,"flood_area_m2":26597.1,"source_sn":2664,"data_status":"actual","official_data":true,"is_prediction":false,"source":"행정안전부 침수흔적도 · 재난안전데이터공유플랫폼 DSSP-IF-00117","collected_at":"2026-08-19T16:46:51+09:00","source_crs":"EPSG:3857","display_badges":["행안부 침수흔적도","과거 기록"]}},{"type":"Feature","id":"FLD:44130:2665:13693","geometry":{"type":"MultiPolygon","coordinates":[[[[127.155343,36.800078],[127.155169,36.799951],[127.155362,36.799745],[127.155358,36.799898],[127.155345,36.80006],[127.155343,36.800078]]]]},"properties":{"id":"FLD:44130:2665:13693","layer":"FLOOD_TRACE","admin_code":"44130","sido_code":"44","flood_year":"2020","occurred_at":"2020-08-03","ended_at":"2020-08-03","begin_time":"1100","end_time":"1600","disaster_name":"20200803집중호우","cause_detail":"저지대 및 집중호우","flood_grade":2,"flood_depth_m":0.855,"flood_area_m2":26597.1,"source_sn":2665,"data_status":"actual","official_data":true,"is_prediction":false,"source":"행정안전부 침수흔적도 · 재난안전데이터공유플랫폼 DSSP-IF-00117","collected_at":"2026-08-19T16:46:51+09:00","source_crs":"EPSG:3857","display_badges":["행안부 침수흔적도","과거 기록"]}},{"type":"Feature","id":"FLD:44130:2674:13720","geometry":{"type":"MultiPolygon","coordinates":[[[[127.153503,36.800256],[127.153524,36.800139],[127.153552,36.799923],[127.153581,36.799798],[127.153583,36.799788],[127.154101,36.800247],[127.154532,36.800628],[127.154445,36.800721],[127.154291,36.800716],[127.154083,36.800683],[127.15399,36.800575],[127.153889,36.800513],[127.153694,36.80039],[127.153503,36.800256]]]]},"properties":{"id":"FLD:44130:2674:13720","layer":"FLOOD_TRACE","admin_code":"44130","sido_code":"44","flood_year":"2020","occurred_at":"2020-08-03","ended_at":"2020-08-03","begin_time":"1100","end_time":"1600","disaster_name":"20200803집중호우","cause_detail":"저지대 및 집중호우","flood_grade":2,"flood_depth_m":0.595,"flood_area_m2":26597.1,"source_sn":2674,"data_status":"actual","official_data":true,"is_prediction":false,"source":"행정안전부 침수흔적도 · 재난안전데이터공유플랫폼 DSSP-IF-00117","collected_at":"2026-08-19T16:46:51+09:00","source_crs":"EPSG:3857","display_badges":["행안부 침수흔적도","과거 기록"]}},{"type":"Feature","id":"FLD:44130:2667:13721","geometry":{"type":"MultiPolygon","coordinates":[[[[127.162621,36.800173],[127.16262,36.79971],[127.163673,36.79986],[127.163658,36.800197],[127.163284,36.800191],[127.162936,36.800188],[127.162709,36.800175],[127.162621,36.800173]]]]},"properties":{"id":"FLD:44130:2667:13721","layer":"FLOOD_TRACE","admin_code":"44130","sido_code":"44","flood_year":"2020","occurred_at":"2020-08-03","ended_at":"2020-08-03","begin_time":"1100","end_time":"1600","disaster_name":"20200803집중호우","cause_detail":"집중호우 및 배수시설 미비","flood_grade":3,"flood_depth_m":1.033,"flood_area_m2":22435.6,"source_sn":2667,"data_status":"actual","official_data":true,"is_prediction":false,"source":"행정안전부 침수흔적도 · 재난안전데이터공유플랫폼 DSSP-IF-00117","collected_at":"2026-08-19T16:46:51+09:00","source_crs":"EPSG:3857","display_badges":["행안부 침수흔적도","과거 기록"]}},{"type":"Feature","id":"FLD:44130:2676:13722","geometry":{"type":"MultiPolygon","coordinates":[[[[127.161848,36.798577],[127.161409,36.798257],[127.161075,36.797997],[127.161042,36.797972],[127.161034,36.797346],[127.161166,36.796891],[127.161229,36.796892],[127.161552,36.796904],[127.161909,36.79694],[127.161893,36.797337],[127.161908,36.797785],[127.161854,36.798219],[127.161848,36.798577]]]]},"properties":{"id":"FLD:44130:2676:13722","layer":"FLOOD_TRACE","admin_code":"44130","sido_code":"44","flood_year":"2020","occurred_at":"2020-08-03","ended_at":"2020-08-03","begin_time":"1100","end_time":"1600","disaster_name":"20200803집중호우","cause_detail":"하천수위 상승으로 배수시설 마비","flood_grade":2,"flood_depth_m":0.838,"flood_area_m2":36694.8,"source_sn":2676,"data_status":"actual","official_data":true,"is_prediction":false,"source":"행정안전부 침수흔적도 · 재난안전데이터공유플랫폼 DSSP-IF-00117","collected_at":"2026-08-19T16:46:51+09:00","source_crs":"EPSG:3857","display_badges":["행안부 침수흔적도","과거 기록"]}},{"type":"Feature","id":"FLD:44130:2677:13723","geometry":{"type":"MultiPolygon","coordinates":[[[[127.160035,36.798599],[127.16036,36.798184],[127.160504,36.798001],[127.161075,36.797997],[127.161409,36.798257],[127.161848,36.798577],[127.161847,36.798663],[127.161349,36.798646],[127.160803,36.798627],[127.16026,36.79861],[127.160035,36.798599]]]]},"properties":{"id":"FLD:44130:2677:13723","layer":"FLOOD_TRACE","admin_code":"44130","sido_code":"44","flood_year":"2020","occurred_at":"2020-08-03","ended_at":"2020-08-03","begin_time":"1100","end_time":"1600","disaster_name":"20200803집중호우","cause_detail":"하천수위 상승으로 배수시설 마비","flood_grade":1,"flood_depth_m":0.178,"flood_area_m2":36694.8,"source_sn":2677,"data_status":"actual","official_data":true,"is_prediction":false,"source":"행정안전부 침수흔적도 · 재난안전데이터공유플랫폼 DSSP-IF-00117","collected_at":"2026-08-19T16:46:51+09:00","source_crs":"EPSG:3857","display_badges":["행안부 침수흔적도","과거 기록"]}},{"type":"Feature","id":"FLD:44130:2679:13724","geometry":{"type":"MultiPolygon","coordinates":[[[[127.159448,36.798529],[127.159391,36.79816],[127.159406,36.797938],[127.159442,36.797518],[127.159648,36.79746],[127.159785,36.797436],[127.159997,36.797368],[127.160182,36.797298],[127.16024,36.797271],[127.16036,36.798184],[127.160035,36.798599],[127.159936,36.798594],[127.159533,36.798573],[127.159448,36.798529]]]]},"properties":{"id":"FLD:44130:2679:13724","layer":"FLOOD_TRACE","admin_code":"44130","sido_code":"44","flood_year":"2020","occurred_at":"2020-08-03","ended_at":"2020-08-03","begin_time":"1100","end_time":"1600","disaster_name":"20200803집중호우","cause_detail":"하천수위 상승으로 배수시설 마비","flood_grade":2,"flood_depth_m":0.588,"flood_area_m2":36694.8,"source_sn":2679,"data_status":"actual","official_data":true,"is_prediction":false,"source":"행정안전부 침수흔적도 · 재난안전데이터공유플랫폼 DSSP-IF-00117","collected_at":"2026-08-19T16:46:51+09:00","source_crs":"EPSG:3857","display_badges":["행안부 침수흔적도","과거 기록"]}},{"type":"Feature","id":"FLD:44130:2678:13725","geometry":{"type":"MultiPolygon","coordinates":[[[[127.161166,36.796891],[127.161034,36.797346],[127.161042,36.797972],[127.161075,36.797997],[127.160504,36.798001],[127.16036,36.798184],[127.16024,36.797271],[127.160415,36.797189],[127.160722,36.79696],[127.160813,36.796871],[127.160953,36.796886],[127.161166,36.796891]]]]},"properties":{"id":"FLD:44130:2678:13725","layer":"FLOOD_TRACE","admin_code":"44130","sido_code":"44","flood_year":"2020","occurred_at":"2020-08-03","ended_at":"2020-08-03","begin_time":"1100","end_time":"1600","disaster_name":"20200803집중호우","cause_detail":"하천수위 상승으로 배수시설 마비","flood_grade":2,"flood_depth_m":0.838,"flood_area_m2":36694.8,"source_sn":2678,"data_status":"actual","official_data":true,"is_prediction":false,"source":"행정안전부 침수흔적도 · 재난안전데이터공유플랫폼 DSSP-IF-00117","collected_at":"2026-08-19T16:46:51+09:00","source_crs":"EPSG:3857","display_badges":["행안부 침수흔적도","과거 기록"]}},{"type":"Feature","id":"FLD:44130:2686:13726","geometry":{"type":"MultiPolygon","coordinates":[[[[127.142748,36.804502],[127.141601,36.804051],[127.141613,36.804011],[127.141908,36.803815],[127.141999,36.803574],[127.142008,36.803406],[127.142098,36.802774],[127.142516,36.802822],[127.142804,36.802903],[127.142789,36.803493],[127.142774,36.803958],[127.142763,36.804143],[127.142754,36.804446],[127.142748,36.804502]]]]},"properties":{"id":"FLD:44130:2686:13726","layer":"FLOOD_TRACE","admin_code":"44130","sido_code":"44","flood_year":"2020","occurred_at":"2020-08-03","ended_at":"2020-08-03","begin_time":"1100","end_time":"1600","disaster_name":"20200803집중호우","cause_detail":"집중호우 및 하천유량 상승으로 인한 배수기능 저하","flood_grade":1,"flood_depth_m":0.386,"flood_area_m2":65501.1,"source_sn":2686,"data_status":"actual","official_data":true,"is_prediction":false,"source":"행정안전부 침수흔적도 · 재난안전데이터공유플랫폼 DSSP-IF-00117","collected_at":"2026-08-19T16:46:51+09:00","source_crs":"EPSG:3857","display_badges":["행안부 침수흔적도","과거 기록"]}},{"type":"Feature","id":"FLD:44130:2685:13727","geometry":{"type":"MultiPolygon","coordinates":[[[[127.140092,36.806981],[127.140089,36.806924],[127.142384,36.806772],[127.142389,36.806807],[127.142397,36.806939],[127.142316,36.807143],[127.142117,36.807383],[127.141779,36.807636],[127.141754,36.807332],[127.141394,36.807341],[127.141136,36.807361],[127.140834,36.807391],[127.140788,36.807235],[127.140741,36.807046],[127.140668,36.806924],[127.140699,36.806914],[127.140411,36.806933],[127.140189,36.80695],[127.140092,36.806981]]]]},"properties":{"id":"FLD:44130:2685:13727","layer":"FLOOD_TRACE","admin_code":"44130","sido_code":"44","flood_year":"2020","occurred_at":"2020-08-03","ended_at":"2020-08-03","begin_time":"1100","end_time":"1600","disaster_name":"20200803집중호우","cause_detail":"집중호우 및 하천유량 상승으로 인한 배수기능 저하","flood_grade":2,"flood_depth_m":0.899,"flood_area_m2":65501.1,"source_sn":2685,"data_status":"actual","official_data":true,"is_prediction":false,"source":"행정안전부 침수흔적도 · 재난안전데이터공유플랫폼 DSSP-IF-00117","collected_at":"2026-08-19T16:46:51+09:00","source_crs":"EPSG:3857","display_badges":["행안부 침수흔적도","과거 기록"]}},{"type":"Feature","id":"FLD:44130:2683:13728","geometry":{"type":"MultiPolygon","coordinates":[[[[127.134574,36.814852],[127.134367,36.81402],[127.134302,36.81398],[127.134212,36.813976],[127.133904,36.814007],[127.133578,36.814063],[127.133292,36.814118],[127.133286,36.814068],[127.134151,36.813936],[127.134305,36.813887],[127.134329,36.813807],[127.134148,36.813231],[127.134306,36.813133],[127.134433,36.813542],[127.13462,36.81414],[127.134735,36.814629],[127.13479,36.814836],[127.134574,36.814852]]]]},"properties":{"id":"FLD:44130:2683:13728","layer":"FLOOD_TRACE","admin_code":"44130","sido_code":"44","flood_year":"2020","occurred_at":"2020-08-03","ended_at":"2020-08-03","begin_time":"1100","end_time":"1600","disaster_name":"20200803집중호우","cause_detail":"저지대 및 집중호우","flood_grade":2,"flood_depth_m":0.727,"flood_area_m2":5840.7,"source_sn":2683,"data_status":"actual","official_data":true,"is_prediction":false,"source":"행정안전부 침수흔적도 · 재난안전데이터공유플랫폼 DSSP-IF-00117","collected_at":"2026-08-19T16:46:51+09:00","source_crs":"EPSG:3857","display_badges":["행안부 침수흔적도","과거 기록"]}},{"type":"Feature","id":"FLD:44130:2680:13729","geometry":{"type":"MultiPolygon","coordinates":[[[[127.134148,36.813231],[127.134329,36.813807],[127.134305,36.813887],[127.134151,36.813936],[127.133286,36.814068],[127.133284,36.814054],[127.133514,36.814017],[127.133854,36.813964],[127.134085,36.813926],[127.134228,36.813882],[127.134266,36.813808],[127.134194,36.813577],[127.13409,36.813267],[127.134148,36.813231]]]]},"properties":{"id":"FLD:44130:2680:13729","layer":"FLOOD_TRACE","admin_code":"44130","sido_code":"44","flood_year":"2020","occurred_at":"2020-08-03","ended_at":"2020-08-03","begin_time":"1100","end_time":"1600","disaster_name":"20200803집중호우","cause_detail":"저지대 및 집중호우","flood_grade":1,"flood_depth_m":0.127,"flood_area_m2":5840.7,"source_sn":2680,"data_status":"actual","official_data":true,"is_prediction":false,"source":"행정안전부 침수흔적도 · 재난안전데이터공유플랫폼 DSSP-IF-00117","collected_at":"2026-08-19T16:46:51+09:00","source_crs":"EPSG:3857","display_badges":["행안부 침수흔적도","과거 기록"]}},{"type":"Feature","id":"FLD:44130:2688:13730","geometry":{"type":"MultiPolygon","coordinates":[[[[127.142489,36.806079],[127.140536,36.806176],[127.140525,36.806129],[127.140441,36.805795],[127.140687,36.805692],[127.140723,36.805615],[127.14256,36.805722],[127.142529,36.805795],[127.142489,36.806079]]]]},"properties":{"id":"FLD:44130:2688:13730","layer":"FLOOD_TRACE","admin_code":"44130","sido_code":"44","flood_year":"2020","occurred_at":"2020-08-03","ended_at":"2020-08-03","begin_time":"1100","end_time":"1600","disaster_name":"20200803집중호우","cause_detail":"집중호우 및 하천유량 상승으로 인한 배수기능 저하","flood_grade":3,"flood_depth_m":1.119,"flood_area_m2":65501.1,"source_sn":2688,"data_status":"actual","official_data":true,"is_prediction":false,"source":"행정안전부 침수흔적도 · 재난안전데이터공유플랫폼 DSSP-IF-00117","collected_at":"2026-08-19T16:46:51+09:00","source_crs":"EPSG:3857","display_badges":["행안부 침수흔적도","과거 기록"]}},{"type":"Feature","id":"FLD:44130:2682:13731","geometry":{"type":"MultiPolygon","coordinates":[[[[127.14256,36.805722],[127.140723,36.805615],[127.140794,36.805465],[127.141026,36.805118],[127.141155,36.804913],[127.141323,36.804611],[127.141558,36.8042],[127.141601,36.804051],[127.142748,36.804502],[127.142708,36.804829],[127.14269,36.804971],[127.142629,36.805364],[127.142585,36.805666],[127.14256,36.805722]]]]},"properties":{"id":"FLD:44130:2682:13731","layer":"FLOOD_TRACE","admin_code":"44130","sido_code":"44","flood_year":"2020","occurred_at":"2020-08-03","ended_at":"2020-08-03","begin_time":"1100","end_time":"1600","disaster_name":"20200803집중호우","cause_detail":"집중호우 및 하천유량 상승으로 인한 배수기능 저하","flood_grade":2,"flood_depth_m":0.619,"flood_area_m2":65501.1,"source_sn":2682,"data_status":"actual","official_data":true,"is_prediction":false,"source":"행정안전부 침수흔적도 · 재난안전데이터공유플랫폼 DSSP-IF-00117","collected_at":"2026-08-19T16:46:51+09:00","source_crs":"EPSG:3857","display_badges":["행안부 침수흔적도","과거 기록"]}},{"type":"Feature","id":"FLD:44130:2684:13732","geometry":{"type":"MultiPolygon","coordinates":[[[[127.13479,36.814836],[127.134735,36.814629],[127.13462,36.81414],[127.134433,36.813542],[127.134306,36.813133],[127.134342,36.813111],[127.134418,36.813341],[127.134451,36.813467],[127.1345,36.813641],[127.134526,36.813723],[127.134577,36.813793],[127.134645,36.81404],[127.134738,36.814431],[127.134758,36.814634],[127.134837,36.814832],[127.13479,36.814836]]]]},"properties":{"id":"FLD:44130:2684:13732","layer":"FLOOD_TRACE","admin_code":"44130","sido_code":"44","flood_year":"2020","occurred_at":"2020-08-03","ended_at":"2020-08-03","begin_time":"1100","end_time":"1600","disaster_name":"20200803집중호우","cause_detail":"저지대 및 집중호우","flood_grade":1,"flood_depth_m":0.227,"flood_area_m2":5840.7,"source_sn":2684,"data_status":"actual","official_data":true,"is_prediction":false,"source":"행정안전부 침수흔적도 · 재난안전데이터공유플랫폼 DSSP-IF-00117","collected_at":"2026-08-19T16:46:51+09:00","source_crs":"EPSG:3857","display_badges":["행안부 침수흔적도","과거 기록"]}},{"type":"Feature","id":"FLD:44130:2681:13733","geometry":{"type":"MultiPolygon","coordinates":[[[[127.133293,36.814126],[127.133292,36.814118],[127.133578,36.814063],[127.133904,36.814007],[127.134212,36.813976],[127.134302,36.81398],[127.134367,36.81402],[127.134574,36.814852],[127.134533,36.814855],[127.134448,36.814519],[127.134303,36.814003],[127.134226,36.813993],[127.133926,36.814021],[127.133725,36.814061],[127.133493,36.814095],[127.133293,36.814126]]]]},"properties":{"id":"FLD:44130:2681:13733","layer":"FLOOD_TRACE","admin_code":"44130","sido_code":"44","flood_year":"2020","occurred_at":"2020-08-03","ended_at":"2020-08-03","begin_time":"1100","end_time":"1600","disaster_name":"20200803집중호우","cause_detail":"저지대 및 집중호우","flood_grade":1,"flood_depth_m":0.227,"flood_area_m2":5840.7,"source_sn":2681,"data_status":"actual","official_data":true,"is_prediction":false,"source":"행정안전부 침수흔적도 · 재난안전데이터공유플랫폼 DSSP-IF-00117","collected_at":"2026-08-19T16:46:51+09:00","source_crs":"EPSG:3857","display_badges":["행안부 침수흔적도","과거 기록"]}},{"type":"Feature","id":"FLD:44130:2687:13757","geometry":{"type":"MultiPolygon","coordinates":[[[[127.142384,36.806772],[127.140089,36.806924],[127.140084,36.806843],[127.140211,36.806842],[127.140359,36.806832],[127.140553,36.806821],[127.140693,36.806802],[127.140641,36.806566],[127.140575,36.806351],[127.140536,36.806176],[127.142489,36.806079],[127.142482,36.806128],[127.142429,36.806483],[127.142371,36.80667],[127.142384,36.806772]]]]},"properties":{"id":"FLD:44130:2687:13757","layer":"FLOOD_TRACE","admin_code":"44130","sido_code":"44","flood_year":"2020","occurred_at":"2020-08-03","ended_at":"2020-08-03","begin_time":"1100","end_time":"1600","disaster_name":"20200803집중호우","cause_detail":"집중호우 및 하천유량 상승으로 인한 배수기능 저하","flood_grade":1,"flood_depth_m":0.419,"flood_area_m2":65501.1,"source_sn":2687,"data_status":"actual","official_data":true,"is_prediction":false,"source":"행정안전부 침수흔적도 · 재난안전데이터공유플랫폼 DSSP-IF-00117","collected_at":"2026-08-19T16:46:51+09:00","source_crs":"EPSG:3857","display_badges":["행안부 침수흔적도","과거 기록"]}},{"type":"Feature","id":"FLD:44130:2690:13758","geometry":{"type":"MultiPolygon","coordinates":[[[[127.149559,36.796493],[127.149181,36.796473],[127.149229,36.796017],[127.149646,36.796041],[127.149637,36.796089],[127.149582,36.796398],[127.149559,36.796493]]]]},"properties":{"id":"FLD:44130:2690:13758","layer":"FLOOD_TRACE","admin_code":"44130","sido_code":"44","flood_year":"2020","occurred_at":"2020-08-03","ended_at":"2020-08-03","begin_time":"1100","end_time":"1600","disaster_name":"20200803집중호우","cause_detail":"저지대","flood_grade":2,"flood_depth_m":0.833,"flood_area_m2":39304.3,"source_sn":2690,"data_status":"actual","official_data":true,"is_prediction":false,"source":"행정안전부 침수흔적도 · 재난안전데이터공유플랫폼 DSSP-IF-00117","collected_at":"2026-08-19T16:46:51+09:00","source_crs":"EPSG:3857","display_badges":["행안부 침수흔적도","과거 기록"]}},{"type":"Feature","id":"FLD:44130:2692:13759","geometry":{"type":"MultiPolygon","coordinates":[[[[127.149646,36.796041],[127.149229,36.796017],[127.149232,36.795984],[127.149254,36.795507],[127.149269,36.795008],[127.149301,36.795009],[127.149627,36.794989],[127.149648,36.795513],[127.149665,36.795935],[127.149646,36.796041]]]]},"properties":{"id":"FLD:44130:2692:13759","layer":"FLOOD_TRACE","admin_code":"44130","sido_code":"44","flood_year":"2020","occurred_at":"2020-08-03","ended_at":"2020-08-03","begin_time":"1100","end_time":"1600","disaster_name":"20200803집중호우","cause_detail":"저지대","flood_grade":1,"flood_depth_m":0.203,"flood_area_m2":39304.3,"source_sn":2692,"data_status":"actual","official_data":true,"is_prediction":false,"source":"행정안전부 침수흔적도 · 재난안전데이터공유플랫폼 DSSP-IF-00117","collected_at":"2026-08-19T16:46:51+09:00","source_crs":"EPSG:3857","display_badges":["행안부 침수흔적도","과거 기록"]}},{"type":"Feature","id":"FLD:44130:2691:13760","geometry":{"type":"MultiPolygon","coordinates":[[[[127.148043,36.795947],[127.149229,36.796017],[127.149181,36.796473],[127.147975,36.796411],[127.147995,36.796318],[127.148043,36.795947]]]]},"properties":{"id":"FLD:44130:2691:13760","layer":"FLOOD_TRACE","admin_code":"44130","sido_code":"44","flood_year":"2020","occurred_at":"2020-08-03","ended_at":"2020-08-03","begin_time":"1100","end_time":"1600","disaster_name":"20200803집중호우","cause_detail":"저지대","flood_grade":1,"flood_depth_m":0.403,"flood_area_m2":39304.3,"source_sn":2691,"data_status":"actual","official_data":true,"is_prediction":false,"source":"행정안전부 침수흔적도 · 재난안전데이터공유플랫폼 DSSP-IF-00117","collected_at":"2026-08-19T16:46:51+09:00","source_crs":"EPSG:3857","display_badges":["행안부 침수흔적도","과거 기록"]}},{"type":"Feature","id":"FLD:44130:2693:13761","geometry":{"type":"MultiPolygon","coordinates":[[[[127.147595,36.798056],[127.14771,36.797513],[127.147893,36.796792],[127.148593,36.79694],[127.149162,36.796982],[127.149107,36.797014],[127.148837,36.797227],[127.148547,36.797448],[127.148372,36.797597],[127.148163,36.79779],[127.148016,36.798021],[127.147903,36.798054],[127.147595,36.798056]]]]},"properties":{"id":"FLD:44130:2693:13761","layer":"FLOOD_TRACE","admin_code":"44130","sido_code":"44","flood_year":"2020","occurred_at":"2020-08-03","ended_at":"2020-08-03","begin_time":"1100","end_time":"1600","disaster_name":"20200803집중호우","cause_detail":"저지대","flood_grade":2,"flood_depth_m":0.603,"flood_area_m2":39304.3,"source_sn":2693,"data_status":"actual","official_data":true,"is_prediction":false,"source":"행정안전부 침수흔적도 · 재난안전데이터공유플랫폼 DSSP-IF-00117","collected_at":"2026-08-19T16:46:51+09:00","source_crs":"EPSG:3857","display_badges":["행안부 침수흔적도","과거 기록"]}},{"type":"Feature","id":"FLD:44130:2694:13762","geometry":{"type":"MultiPolygon","coordinates":[[[[127.147975,36.796411],[127.149181,36.796473],[127.14918,36.796482],[127.149162,36.796982],[127.148593,36.79694],[127.147893,36.796792],[127.147896,36.796782],[127.147975,36.796411]]]]},"properties":{"id":"FLD:44130:2694:13762","layer":"FLOOD_TRACE","admin_code":"44130","sido_code":"44","flood_year":"2020","occurred_at":"2020-08-03","ended_at":"2020-08-03","begin_time":"1100","end_time":"1600","disaster_name":"20200803집중호우","cause_detail":"저지대","flood_grade":2,"flood_depth_m":0.603,"flood_area_m2":39304.3,"source_sn":2694,"data_status":"actual","official_data":true,"is_prediction":false,"source":"행정안전부 침수흔적도 · 재난안전데이터공유플랫폼 DSSP-IF-00117","collected_at":"2026-08-19T16:46:51+09:00","source_crs":"EPSG:3857","display_badges":["행안부 침수흔적도","과거 기록"]}},{"type":"Feature","id":"FLD:44130:2689:13763","geometry":{"type":"MultiPolygon","coordinates":[[[[127.149162,36.796982],[127.14918,36.796482],[127.149181,36.796473],[127.149559,36.796493],[127.149537,36.796581],[127.149357,36.796869],[127.149162,36.796982]]]]},"properties":{"id":"FLD:44130:2689:13763","layer":"FLOOD_TRACE","admin_code":"44130","sido_code":"44","flood_year":"2020","occurred_at":"2020-08-03","ended_at":"2020-08-03","begin_time":"1100","end_time":"1600","disaster_name":"20200803집중호우","cause_detail":"저지대","flood_grade":1,"flood_depth_m":0.203,"flood_area_m2":39304.3,"source_sn":2689,"data_status":"actual","official_data":true,"is_prediction":false,"source":"행정안전부 침수흔적도 · 재난안전데이터공유플랫폼 DSSP-IF-00117","collected_at":"2026-08-19T16:46:51+09:00","source_crs":"EPSG:3857","display_badges":["행안부 침수흔적도","과거 기록"]}},{"type":"Feature","id":"FLD:44130:2695:13764","geometry":{"type":"MultiPolygon","coordinates":[[[[127.149269,36.795008],[127.149254,36.795507],[127.149232,36.795984],[127.149229,36.796017],[127.148043,36.795947],[127.148047,36.795923],[127.148081,36.795481],[127.14809,36.794959],[127.148805,36.794993],[127.149269,36.795008]]]]},"properties":{"id":"FLD:44130:2695:13764","layer":"FLOOD_TRACE","admin_code":"44130","sido_code":"44","flood_year":"2020","occurred_at":"2020-08-03","ended_at":"2020-08-03","begin_time":"1100","end_time":"1600","disaster_name":"20200803집중호우","cause_detail":"저지대","flood_grade":1,"flood_depth_m":0.383,"flood_area_m2":39304.3,"source_sn":2695,"data_status":"actual","official_data":true,"is_prediction":false,"source":"행정안전부 침수흔적도 · 재난안전데이터공유플랫폼 DSSP-IF-00117","collected_at":"2026-08-19T16:46:51+09:00","source_crs":"EPSG:3857","display_badges":["행안부 침수흔적도","과거 기록"]}},{"type":"Feature","id":"FLD:44130:3407:21683","geometry":{"type":"MultiPolygon","coordinates":[[[[127.297801,36.754381],[127.299248,36.754133],[127.299259,36.754456],[127.299206,36.755175],[127.299136,36.755393],[127.299076,36.755404],[127.29901,36.755376],[127.298957,36.755338],[127.298894,36.755317],[127.298804,36.755304],[127.298074,36.755427],[127.298036,36.755262],[127.297801,36.754381]]]]},"properties":{"id":"FLD:44130:3407:21683","layer":"FLOOD_TRACE","admin_code":"44130","sido_code":"44","flood_year":"2017","occurred_at":"2017-07-16","ended_at":"2017-07-16","begin_time":"0600","end_time":"1200","disaster_name":"20117년 7월 집중호우","cause_detail":"하천범람(제방붕괴)","flood_grade":3,"flood_depth_m":1.076,"flood_area_m2":63088.328,"source_sn":3407,"data_status":"actual","official_data":true,"is_prediction":false,"source":"행정안전부 침수흔적도 · 재난안전데이터공유플랫폼 DSSP-IF-00117","collected_at":"2026-08-19T16:46:51+09:00","source_crs":"EPSG:3857","display_badges":["행안부 침수흔적도","과거 기록"]}},{"type":"Feature","id":"FLD:44130:3404:21684","geometry":{"type":"MultiPolygon","coordinates":[[[[127.295089,36.747937],[127.294945,36.743173],[127.294965,36.743141],[127.296521,36.743114],[127.296427,36.744084],[127.296431,36.744472],[127.296439,36.744868],[127.29645,36.745209],[127.296495,36.745587],[127.296608,36.746118],[127.296756,36.746648],[127.29699,36.747502],[127.296922,36.747543],[127.296495,36.747557],[127.296509,36.747865],[127.297142,36.747849],[127.297047,36.747893],[127.295118,36.747938],[127.295089,36.747937]]]]},"properties":{"id":"FLD:44130:3404:21684","layer":"FLOOD_TRACE","admin_code":"44130","sido_code":"44","flood_year":"2017","occurred_at":"2017-07-16","ended_at":"2017-07-16","begin_time":"0600","end_time":"1200","disaster_name":"2017년 7월 집중호우","cause_detail":"하천범람(제방붕괴)","flood_grade":5,"flood_depth_m":2.431,"flood_area_m2":281620.46,"source_sn":3404,"data_status":"actual","official_data":true,"is_prediction":false,"source":"행정안전부 침수흔적도 · 재난안전데이터공유플랫폼 DSSP-IF-00117","collected_at":"2026-08-19T16:46:51+09:00","source_crs":"EPSG:3857","display_badges":["행안부 침수흔적도","과거 기록"]}},{"type":"Feature","id":"FLD:44130:3402:21685","geometry":{"type":"MultiPolygon","coordinates":[[[[127.298036,36.755262],[127.298074,36.755427],[127.297571,36.755511],[127.296308,36.755821],[127.296224,36.755639],[127.296225,36.755573],[127.297056,36.75543],[127.296801,36.754557],[127.297138,36.754495],[127.297381,36.755374],[127.298036,36.755262]]]]},"properties":{"id":"FLD:44130:3402:21685","layer":"FLOOD_TRACE","admin_code":"44130","sido_code":"44","flood_year":"2017","occurred_at":"2017-07-16","ended_at":"2017-07-16","begin_time":"0600","end_time":"1200","disaster_name":"20117년 7월 집중호우","cause_detail":"하천범람(제방붕괴)","flood_grade":2,"flood_depth_m":0.638,"flood_area_m2":63088.328,"source_sn":3402,"data_status":"actual","official_data":true,"is_prediction":false,"source":"행정안전부 침수흔적도 · 재난안전데이터공유플랫폼 DSSP-IF-00117","collected_at":"2026-08-19T16:46:51+09:00","source_crs":"EPSG:3857","display_badges":["행안부 침수흔적도","과거 기록"]}},{"type":"Feature","id":"FLD:44130:3406:21686","geometry":{"type":"MultiPolygon","coordinates":[[[[127.295089,36.747937],[127.295118,36.747938],[127.297047,36.747893],[127.297142,36.747849],[127.29768,36.749107],[127.297757,36.749317],[127.297871,36.749698],[127.298005,36.750246],[127.298059,36.750474],[127.298095,36.750688],[127.298107,36.750845],[127.298085,36.750938],[127.297915,36.751181],[127.297877,36.751174],[127.297011,36.751312],[127.296995,36.751321],[127.29656,36.751008],[127.296503,36.750938],[127.296459,36.750746],[127.296452,36.750647],[127.296438,36.750351],[127.296156,36.749507],[127.295678,36.74866],[127.295538,36.748416],[127.295467,36.748381],[127.29545,36.747973],[127.295149,36.747978],[127.295089,36.747937]]]]},"properties":{"id":"FLD:44130:3406:21686","layer":"FLOOD_TRACE","admin_code":"44130","sido_code":"44","flood_year":"2017","occurred_at":"2017-07-16","ended_at":"2017-07-16","begin_time":"0600","end_time":"1200","disaster_name":"2017년 7월 집중호우","cause_detail":"하천범람(제방붕괴)","flood_grade":2,"flood_depth_m":1.756,"flood_area_m2":281620.46,"source_sn":3406,"data_status":"actual","official_data":true,"is_prediction":false,"source":"행정안전부 침수흔적도 · 재난안전데이터공유플랫폼 DSSP-IF-00117","collected_at":"2026-08-19T16:46:51+09:00","source_crs":"EPSG:3857","display_badges":["행안부 침수흔적도","과거 기록"]}},{"type":"Feature","id":"FLD:44130:3405:22234","geometry":{"type":"MultiPolygon","coordinates":[[[[127.295149,36.747978],[127.295132,36.748009],[127.295133,36.748244],[127.295065,36.748227],[127.295075,36.748197],[127.295063,36.74798],[127.294493,36.747994],[127.294446,36.748009],[127.294305,36.747956],[127.293649,36.747708],[127.293512,36.747643],[127.293457,36.747582],[127.293122,36.747054],[127.292724,36.746472],[127.29265,36.746393],[127.292148,36.746119],[127.291705,36.74588],[127.291663,36.745853],[127.291643,36.745825],[127.291639,36.745797],[127.291626,36.745116],[127.291721,36.745111],[127.291726,36.744212],[127.29161,36.744214],[127.291592,36.743283],[127.294879,36.742043],[127.294943,36.742049],[127.294945,36.742208],[127.294965,36.743141],[127.294945,36.743173],[127.295089,36.747937],[127.295149,36.747978]]]]},"properties":{"id":"FLD:44130:3405:22234","layer":"FLOOD_TRACE","admin_code":"44130","sido_code":"44","flood_year":"2017","occurred_at":"2017-07-16","ended_at":"2017-07-16","begin_time":"0600","end_time":"1200","disaster_name":"2017년 7월 집중호우","cause_detail":"하천범람(제방붕괴)","flood_grade":2,"flood_depth_m":1.863,"flood_area_m2":281620.46,"source_sn":3405,"data_status":"actual","official_data":true,"is_prediction":false,"source":"행정안전부 침수흔적도 · 재난안전데이터공유플랫폼 DSSP-IF-00117","collected_at":"2026-08-19T16:46:51+09:00","source_crs":"EPSG:3857","display_badges":["행안부 침수흔적도","과거 기록"]}}]}